customer_id,contract_type,tenure_months,monthly_charge,support_tickets,internet_type,paperless_billing,auto_payment,churned
CU-10000,รายเดือน,28,1045.40,2,ADSL,ไม่,ใช่,1
CU-10001,1 ปี,57,401.05,1,ไฟเบอร์,ใช่,ใช่,0
CU-10002,2 ปี,50,961.51,0,ไฟเบอร์,ใช่,ไม่,0
CU-10003,1 ปี,15,670.11,0,ไฟเบอร์,ใช่,ใช่,0
CU-10004,2 ปี,4,877.22,2,ไฟเบอร์,ไม่,ไม่,0
CU-10005,2 ปี,63,1371.84,0,ADSL,ใช่,ไม่,0
CU-10006,รายเดือน,20,856.54,0,ADSL,ใช่,ไม่,0
CU-10007,รายเดือน,48,726.53,5,ไฟเบอร์,ไม่,ใช่,1
CU-10008,รายเดือน,63,571.01,1,ไฟเบอร์,ไม่,ใช่,0
CU-10009,2 ปี,5,1064.53,1,ADSL,ใช่,ใช่,0
CU-10010,รายเดือน,41,678.40,0,ADSL,ไม่,ใช่,0
CU-10011,2 ปี,13,1276.71,2,ADSL,ใช่,ไม่,0
CU-10012,รายเดือน,13,787.31,3,ไฟเบอร์,ไม่,ไม่,1
CU-10013,รายเดือน,13,1273.59,3,ADSL,ไม่,ใช่,1
CU-10014,รายเดือน,26,424.87,0,ADSL,ใช่,ไม่,0
CU-10015,รายเดือน,12,616.02,3,ไฟเบอร์,ไม่,ใช่,0
CU-10016,1 ปี,33,1158.49,2,ไฟเบอร์,ใช่,ใช่,0
CU-10017,รายเดือน,3,305.97,0,ไฟเบอร์,ใช่,ใช่,0
CU-10018,รายเดือน,21,1122.72,0,ไฟเบอร์,ไม่,ไม่,1
CU-10019,1 ปี,19,1200.44,0,ADSL,ใช่,ไม่,0
CU-10020,รายเดือน,34,836.05,2,ไฟเบอร์,ใช่,ใช่,1
CU-10021,รายเดือน,35,515.28,2,ADSL,ไม่,ไม่,0
CU-10022,1 ปี,35,1128.02,0,ADSL,ไม่,ไม่,0
CU-10023,2 ปี,20,1499.66,0,ADSL,ไม่,ไม่,0
CU-10024,2 ปี,17,1370.07,4,ADSL,ใช่,ไม่,1
CU-10025,รายเดือน,4,358.61,0,ADSL,ใช่,ไม่,1
CU-10026,1 ปี,4,1471.19,3,ADSL,ไม่,ไม่,1
CU-10027,รายเดือน,11,737.63,5,ADSL,ใช่,ใช่,0
CU-10028,1 ปี,19,573.74,0,ไฟเบอร์,ใช่,ไม่,0
CU-10029,1 ปี,6,1029.59,0,ADSL,ไม่,ไม่,0
CU-10030,รายเดือน,20,983.35,2,ADSL,ใช่,ไม่,1
CU-10031,รายเดือน,49,1573.40,0,ADSL,ใช่,ใช่,0
CU-10032,1 ปี,32,789.97,1,ADSL,ไม่,ไม่,0
CU-10033,รายเดือน,2,1423.86,0,ADSL,ใช่,ใช่,1
CU-10034,รายเดือน,5,572.41,1,ADSL,ใช่,ไม่,1
CU-10035,2 ปี,71,933.61,0,ไฟเบอร์,ไม่,ใช่,0
CU-10036,รายเดือน,16,549.98,0,ADSL,ไม่,ใช่,1
CU-10037,2 ปี,22,1544.13,1,ไฟเบอร์,ใช่,ไม่,0
CU-10038,1 ปี,61,516.89,5,ADSL,ใช่,ใช่,0
CU-10039,รายเดือน,62,1033.83,1,ADSL,ใช่,ใช่,0
CU-10040,2 ปี,31,515.53,0,ADSL,ไม่,ไม่,0
CU-10041,2 ปี,18,1400.26,0,ไฟเบอร์,ใช่,ใช่,0
CU-10042,2 ปี,8,912.60,1,ไฟเบอร์,ไม่,ไม่,0
CU-10043,1 ปี,65,843.48,4,ADSL,ไม่,ไม่,0
CU-10044,รายเดือน,19,978.71,0,ADSL,ใช่,ใช่,1
CU-10045,รายเดือน,37,1164.36,3,ADSL,ไม่,ใช่,1
CU-10046,1 ปี,65,1130.17,0,ไฟเบอร์,ใช่,ไม่,0
CU-10047,1 ปี,67,1146.87,0,ADSL,ไม่,ใช่,0
CU-10048,1 ปี,44,588.16,1,ADSL,ใช่,ใช่,0
CU-10049,1 ปี,63,1085.21,1,ไฟเบอร์,ใช่,ใช่,0
CU-10050,รายเดือน,61,700.66,1,ADSL,ใช่,ใช่,0
CU-10051,2 ปี,32,968.10,2,ไฟเบอร์,ใช่,ใช่,0
CU-10052,1 ปี,68,329.28,0,ไฟเบอร์,ใช่,ใช่,0
CU-10053,2 ปี,64,1179.88,4,ADSL,ไม่,ไม่,0
CU-10054,รายเดือน,29,953.86,4,ไฟเบอร์,ไม่,ไม่,1
CU-10055,1 ปี,31,1235.23,2,ADSL,ไม่,ไม่,0
CU-10056,รายเดือน,36,751.24,0,ADSL,ใช่,ไม่,1
CU-10057,1 ปี,14,415.77,1,ADSL,ใช่,ใช่,0
CU-10058,รายเดือน,16,1562.05,1,ไฟเบอร์,ใช่,ใช่,1
CU-10059,รายเดือน,50,1025.56,2,ไฟเบอร์,ไม่,ใช่,1
CU-10060,2 ปี,2,476.46,5,ไฟเบอร์,ใช่,ใช่,0
CU-10061,1 ปี,3,797.44,0,ADSL,ใช่,ไม่,0
CU-10062,1 ปี,69,1129.80,1,ไฟเบอร์,ไม่,ใช่,0
CU-10063,รายเดือน,20,1351.09,3,ไฟเบอร์,ใช่,ไม่,1
CU-10064,1 ปี,27,369.14,1,ADSL,ใช่,ไม่,0
CU-10065,2 ปี,72,830.00,1,ไฟเบอร์,ไม่,ไม่,0
CU-10066,รายเดือน,36,905.33,0,ไฟเบอร์,ใช่,ไม่,1
CU-10067,รายเดือน,51,1521.73,0,ADSL,ใช่,ไม่,1
CU-10068,รายเดือน,15,1052.91,1,ADSL,ไม่,ใช่,1
CU-10069,2 ปี,60,1571.13,1,ADSL,ใช่,ใช่,0
CU-10070,รายเดือน,40,1271.29,1,ADSL,ไม่,ใช่,0
CU-10071,1 ปี,63,1244.01,3,ADSL,ใช่,ใช่,0
CU-10072,2 ปี,27,592.75,0,ADSL,ไม่,ไม่,0
CU-10073,รายเดือน,68,412.45,0,ADSL,ใช่,ใช่,0
CU-10074,2 ปี,4,814.29,1,ไฟเบอร์,ใช่,ไม่,0
CU-10075,2 ปี,5,714.34,0,ADSL,ใช่,ใช่,1
CU-10076,2 ปี,1,1088.35,0,ADSL,ไม่,ใช่,0
CU-10077,รายเดือน,19,1038.50,3,ADSL,ไม่,ใช่,1
CU-10078,2 ปี,36,1517.21,3,ไฟเบอร์,ใช่,ใช่,1
CU-10079,รายเดือน,62,542.96,0,ADSL,ใช่,ใช่,0
CU-10080,2 ปี,42,821.98,1,ADSL,ใช่,ใช่,0
CU-10081,รายเดือน,26,1109.30,0,ADSL,ไม่,ไม่,1
CU-10082,รายเดือน,63,1271.54,0,ADSL,ใช่,ไม่,1
CU-10083,รายเดือน,32,1106.28,0,ADSL,ใช่,ใช่,0
CU-10084,2 ปี,12,1149.95,3,ไฟเบอร์,ใช่,ไม่,0
CU-10085,รายเดือน,62,1071.30,5,ADSL,ไม่,ใช่,1
CU-10086,2 ปี,30,806.85,0,ADSL,ใช่,ไม่,0
CU-10087,รายเดือน,22,616.00,0,ไฟเบอร์,ไม่,ใช่,1
CU-10088,รายเดือน,72,1022.70,0,ADSL,ใช่,ไม่,0
CU-10089,รายเดือน,39,1217.57,2,ADSL,ใช่,ใช่,0
CU-10090,รายเดือน,54,779.50,5,ไฟเบอร์,ไม่,ใช่,1
CU-10091,2 ปี,22,514.47,2,ไฟเบอร์,ใช่,ใช่,0
CU-10092,1 ปี,32,625.95,3,ADSL,ไม่,ใช่,0
CU-10093,2 ปี,69,1113.51,1,ไฟเบอร์,ใช่,ใช่,0
CU-10094,1 ปี,5,346.04,0,ADSL,ใช่,ไม่,1
CU-10095,รายเดือน,18,375.97,2,ADSL,ใช่,ไม่,1
CU-10096,รายเดือน,69,864.90,3,ไฟเบอร์,ใช่,ใช่,1
CU-10097,รายเดือน,24,1389.07,2,ไฟเบอร์,ใช่,ไม่,1
CU-10098,รายเดือน,46,983.70,0,ADSL,ใช่,ไม่,0
CU-10099,รายเดือน,36,1075.19,1,ไฟเบอร์,ใช่,ไม่,1
CU-10100,รายเดือน,37,1525.25,2,ไฟเบอร์,ไม่,ใช่,1
CU-10101,รายเดือน,20,1198.43,0,ADSL,ใช่,ไม่,1
CU-10102,รายเดือน,21,1182.01,0,ADSL,ใช่,ไม่,1
CU-10103,รายเดือน,7,1324.96,2,ไฟเบอร์,ใช่,ใช่,0
CU-10104,1 ปี,60,501.62,2,ADSL,ไม่,ไม่,0
CU-10105,รายเดือน,38,1518.27,0,ADSL,ใช่,ไม่,1
CU-10106,2 ปี,12,921.53,0,ADSL,ใช่,ใช่,0
CU-10107,รายเดือน,39,620.33,2,ไฟเบอร์,ไม่,ใช่,0
CU-10108,2 ปี,16,824.44,0,ไฟเบอร์,ใช่,ใช่,0
CU-10109,1 ปี,65,1320.19,1,ADSL,ใช่,ไม่,0
CU-10110,1 ปี,32,1197.88,1,ไฟเบอร์,ไม่,ไม่,0
CU-10111,รายเดือน,60,936.25,1,ADSL,ใช่,ใช่,0
CU-10112,รายเดือน,61,1360.81,1,ไฟเบอร์,ใช่,ไม่,0
CU-10113,รายเดือน,66,1172.98,1,ADSL,ไม่,ไม่,0
CU-10114,รายเดือน,16,1176.27,2,ADSL,ใช่,ใช่,1
CU-10115,รายเดือน,14,803.59,1,ADSL,ใช่,ไม่,0
CU-10116,รายเดือน,55,1480.91,1,ADSL,ไม่,ใช่,1
CU-10117,รายเดือน,59,787.41,1,ไฟเบอร์,ใช่,ใช่,1
CU-10118,รายเดือน,42,907.37,0,ไฟเบอร์,ใช่,ไม่,0
CU-10119,รายเดือน,6,644.75,1,ไฟเบอร์,ไม่,ไม่,1
CU-10120,2 ปี,11,607.97,0,ADSL,ใช่,ใช่,0
CU-10121,1 ปี,43,904.23,0,ไฟเบอร์,ไม่,ใช่,0
CU-10122,1 ปี,65,977.27,3,ไฟเบอร์,ไม่,ใช่,0
CU-10123,รายเดือน,32,404.18,0,ADSL,ไม่,ไม่,0
CU-10124,รายเดือน,71,1059.97,3,ADSL,ไม่,ใช่,0
CU-10125,2 ปี,43,469.73,1,ADSL,ไม่,ไม่,0
CU-10126,2 ปี,48,909.71,1,ไฟเบอร์,ไม่,ใช่,0
CU-10127,รายเดือน,54,947.72,1,ไฟเบอร์,ไม่,ใช่,1
CU-10128,รายเดือน,31,309.67,3,ADSL,ใช่,ไม่,1
CU-10129,รายเดือน,58,466.25,3,ADSL,ใช่,ใช่,0
CU-10130,2 ปี,47,1445.16,3,ไฟเบอร์,ใช่,ไม่,0
CU-10131,1 ปี,47,1492.66,1,ไฟเบอร์,ใช่,ใช่,1
CU-10132,1 ปี,71,955.67,0,ADSL,ใช่,ใช่,0
CU-10133,2 ปี,15,1481.95,1,ไฟเบอร์,ใช่,ไม่,0
CU-10134,รายเดือน,40,1446.74,1,ADSL,ใช่,ใช่,0
CU-10135,รายเดือน,70,701.38,0,ADSL,ใช่,ใช่,0
CU-10136,รายเดือน,54,333.50,0,ไฟเบอร์,ไม่,ไม่,1
CU-10137,2 ปี,4,1345.60,2,ADSL,ไม่,ไม่,1
CU-10138,รายเดือน,44,480.03,2,ไฟเบอร์,ใช่,ใช่,0
CU-10139,รายเดือน,43,643.35,1,ADSL,ใช่,ใช่,1
CU-10140,2 ปี,64,1424.70,0,ADSL,ใช่,ไม่,0
CU-10141,รายเดือน,48,1223.32,0,ไฟเบอร์,ไม่,ไม่,0
CU-10142,1 ปี,32,865.94,4,ไฟเบอร์,ไม่,ใช่,0
CU-10143,รายเดือน,40,951.02,3,ไฟเบอร์,ใช่,ใช่,1
CU-10144,1 ปี,18,523.77,1,ADSL,ใช่,ไม่,0
CU-10145,2 ปี,33,1468.23,4,ไฟเบอร์,ใช่,ใช่,0
CU-10146,1 ปี,15,1002.19,2,ไฟเบอร์,ใช่,ไม่,1
CU-10147,1 ปี,36,317.78,1,ADSL,ใช่,ใช่,0
CU-10148,2 ปี,57,731.12,0,ไฟเบอร์,ใช่,ใช่,0
CU-10149,รายเดือน,50,958.71,1,ADSL,ใช่,ใช่,0
CU-10150,รายเดือน,7,1323.30,2,ไฟเบอร์,ใช่,ใช่,1
CU-10151,2 ปี,55,1100.33,2,ไฟเบอร์,ไม่,ใช่,0
CU-10152,รายเดือน,1,804.74,3,ADSL,ไม่,ไม่,1
CU-10153,รายเดือน,50,1152.40,0,ไฟเบอร์,ใช่,ไม่,1
CU-10154,1 ปี,50,1151.86,2,ADSL,ใช่,ไม่,0
CU-10155,รายเดือน,19,447.38,0,ADSL,ใช่,ใช่,0
CU-10156,2 ปี,17,1495.87,5,ไฟเบอร์,ใช่,ไม่,0
CU-10157,2 ปี,30,698.93,0,ไฟเบอร์,ใช่,ใช่,0
CU-10158,2 ปี,5,617.63,0,ไฟเบอร์,ใช่,ใช่,0
CU-10159,1 ปี,23,1108.31,0,ADSL,ใช่,ใช่,0
CU-10160,2 ปี,62,1451.99,1,ADSL,ใช่,ไม่,0
CU-10161,1 ปี,56,1109.68,5,ADSL,ใช่,ใช่,0
CU-10162,2 ปี,60,778.36,0,ไฟเบอร์,ไม่,ใช่,0
CU-10163,รายเดือน,60,594.37,3,ไฟเบอร์,ไม่,ใช่,0
CU-10164,รายเดือน,61,482.12,1,ADSL,ไม่,ไม่,0
CU-10165,รายเดือน,19,1493.45,1,ADSL,ใช่,ใช่,0
CU-10166,2 ปี,34,1040.38,3,ADSL,ใช่,ไม่,0
CU-10167,รายเดือน,42,1169.14,0,ADSL,ไม่,ใช่,0
CU-10168,1 ปี,34,1118.70,3,ไฟเบอร์,ใช่,ใช่,0
CU-10169,รายเดือน,19,1355.15,3,ADSL,ใช่,ใช่,1
CU-10170,2 ปี,2,1261.47,0,ADSL,ไม่,ใช่,0
CU-10171,1 ปี,52,1209.19,2,ไฟเบอร์,ใช่,ใช่,1
CU-10172,รายเดือน,57,1136.19,1,ADSL,ไม่,ไม่,0
CU-10173,รายเดือน,18,717.22,0,ไฟเบอร์,ใช่,ไม่,1
CU-10174,รายเดือน,6,983.24,3,ADSL,ใช่,ใช่,1
CU-10175,รายเดือน,37,306.64,1,ไฟเบอร์,ไม่,ใช่,0
CU-10176,รายเดือน,43,969.59,0,ไฟเบอร์,ไม่,ใช่,1
CU-10177,1 ปี,68,798.65,0,ไฟเบอร์,ไม่,ใช่,0
CU-10178,รายเดือน,53,933.63,3,ADSL,ไม่,ใช่,0
CU-10179,รายเดือน,5,1495.30,0,ไฟเบอร์,ใช่,ไม่,1
CU-10180,รายเดือน,34,545.28,0,ADSL,ใช่,ไม่,0
CU-10181,รายเดือน,12,1004.29,0,ADSL,ไม่,ใช่,0
CU-10182,2 ปี,22,670.68,3,ADSL,ใช่,ไม่,0
CU-10183,รายเดือน,51,787.92,1,ไฟเบอร์,ใช่,ไม่,1
CU-10184,2 ปี,19,1399.96,1,ไฟเบอร์,ใช่,ใช่,0
CU-10185,รายเดือน,37,1568.28,2,ADSL,ไม่,ใช่,0
CU-10186,1 ปี,43,1152.12,0,ADSL,ไม่,ไม่,0
CU-10187,1 ปี,2,744.50,1,ADSL,ใช่,ใช่,0
CU-10188,รายเดือน,28,1091.56,2,ไฟเบอร์,ไม่,ใช่,1
CU-10189,รายเดือน,9,1185.10,3,ADSL,ไม่,ใช่,0
CU-10190,1 ปี,31,398.39,0,ไฟเบอร์,ไม่,ใช่,0
CU-10191,2 ปี,21,487.78,0,ไฟเบอร์,ใช่,ไม่,0
CU-10192,รายเดือน,44,1275.43,0,ADSL,ใช่,ไม่,0
CU-10193,1 ปี,39,432.30,1,ไฟเบอร์,ใช่,ไม่,0
CU-10194,รายเดือน,57,1162.15,2,ไฟเบอร์,ใช่,ไม่,1
CU-10195,รายเดือน,63,307.87,2,ADSL,ใช่,ใช่,0
CU-10196,1 ปี,35,994.79,4,ADSL,ใช่,ใช่,0
CU-10197,1 ปี,29,1577.66,1,ADSL,ไม่,ใช่,0
CU-10198,1 ปี,11,1337.41,3,ไฟเบอร์,ใช่,ไม่,1
CU-10199,รายเดือน,44,661.04,1,ไฟเบอร์,ไม่,ไม่,0
CU-10200,1 ปี,26,1342.57,1,ADSL,ไม่,ไม่,1
CU-10201,รายเดือน,44,1395.70,4,ADSL,ใช่,ไม่,1
CU-10202,รายเดือน,40,1249.71,0,ไฟเบอร์,ไม่,ใช่,1
CU-10203,รายเดือน,55,1083.34,3,ADSL,ไม่,ใช่,0
CU-10204,1 ปี,62,812.81,0,ADSL,ใช่,ใช่,0
CU-10205,2 ปี,32,1418.07,0,ADSL,ไม่,ไม่,0
CU-10206,รายเดือน,6,329.55,4,ADSL,ไม่,ใช่,0
CU-10207,1 ปี,17,1307.95,0,ไฟเบอร์,ใช่,ใช่,0
CU-10208,1 ปี,47,376.48,0,ไฟเบอร์,ใช่,ใช่,0
CU-10209,รายเดือน,59,804.39,0,ADSL,ไม่,ไม่,0
CU-10210,รายเดือน,51,379.52,1,ไฟเบอร์,ใช่,ใช่,0
CU-10211,รายเดือน,7,1066.80,0,ADSL,ใช่,ไม่,1
CU-10212,2 ปี,20,1437.68,5,ADSL,ใช่,ใช่,0
CU-10213,1 ปี,70,1048.08,1,ไฟเบอร์,ไม่,ไม่,0
CU-10214,รายเดือน,28,947.65,1,ไฟเบอร์,ไม่,ใช่,1
CU-10215,1 ปี,65,840.88,0,ADSL,ไม่,ใช่,0
CU-10216,1 ปี,48,1511.33,1,ไฟเบอร์,ใช่,ใช่,0
CU-10217,2 ปี,5,661.54,3,ไฟเบอร์,ใช่,ใช่,0
CU-10218,1 ปี,21,786.14,0,ไฟเบอร์,ไม่,ไม่,1
CU-10219,รายเดือน,2,697.66,0,ไฟเบอร์,ใช่,ใช่,0
CU-10220,1 ปี,11,1398.16,2,ไฟเบอร์,ใช่,ไม่,0
CU-10221,รายเดือน,39,849.41,1,ไฟเบอร์,ใช่,ใช่,0
CU-10222,2 ปี,33,649.74,0,ADSL,ไม่,ใช่,0
CU-10223,รายเดือน,30,679.49,5,ADSL,ใช่,ใช่,1
CU-10224,รายเดือน,49,1588.25,3,ADSL,ไม่,ไม่,0
CU-10225,รายเดือน,23,1300.78,2,ไฟเบอร์,ไม่,ไม่,0
CU-10226,1 ปี,55,1260.10,1,ไฟเบอร์,ไม่,ไม่,0
CU-10227,2 ปี,31,810.59,3,ไฟเบอร์,ใช่,ไม่,1
CU-10228,รายเดือน,37,918.90,5,ADSL,ไม่,ใช่,0
CU-10229,2 ปี,53,470.60,1,ไฟเบอร์,ไม่,ไม่,0
CU-10230,1 ปี,6,1405.08,1,ADSL,ใช่,ใช่,1
CU-10231,รายเดือน,58,749.68,0,ไฟเบอร์,ใช่,ใช่,0
CU-10232,รายเดือน,25,1435.92,0,ไฟเบอร์,ใช่,ไม่,1
CU-10233,รายเดือน,36,1442.97,0,ADSL,ใช่,ไม่,1
CU-10234,รายเดือน,58,891.01,0,ADSL,ไม่,ไม่,1
CU-10235,รายเดือน,35,598.88,0,ไฟเบอร์,ไม่,ไม่,0
CU-10236,2 ปี,38,1160.35,0,ADSL,ใช่,ไม่,0
CU-10237,1 ปี,23,1487.57,0,ไฟเบอร์,ไม่,ไม่,0
CU-10238,2 ปี,22,934.06,4,ไฟเบอร์,ไม่,ไม่,0
CU-10239,1 ปี,48,913.27,3,ADSL,ใช่,ใช่,0
CU-10240,รายเดือน,38,1515.99,3,ไฟเบอร์,ใช่,ใช่,0
CU-10241,รายเดือน,6,974.00,1,ADSL,ใช่,ใช่,1
CU-10242,1 ปี,50,1278.97,4,ADSL,ใช่,ไม่,0
CU-10243,รายเดือน,67,473.19,1,ไฟเบอร์,ใช่,ใช่,0
CU-10244,2 ปี,66,1094.78,0,ADSL,ใช่,ใช่,0
CU-10245,รายเดือน,54,307.33,1,ไฟเบอร์,ใช่,ใช่,1
CU-10246,รายเดือน,71,1348.46,1,ไฟเบอร์,ไม่,ใช่,0
CU-10247,รายเดือน,54,1256.41,2,ไฟเบอร์,ใช่,ไม่,1
CU-10248,รายเดือน,57,1531.51,0,ADSL,ไม่,ใช่,0
CU-10249,1 ปี,62,302.50,4,ADSL,ใช่,ใช่,0
CU-10250,1 ปี,67,1312.77,1,ไฟเบอร์,ใช่,ไม่,0
CU-10251,1 ปี,18,573.99,0,ADSL,ใช่,ใช่,0
CU-10252,รายเดือน,1,386.15,0,ไฟเบอร์,ใช่,ใช่,1
CU-10253,1 ปี,3,878.74,0,ADSL,ใช่,ไม่,0
CU-10254,รายเดือน,34,515.80,1,ไฟเบอร์,ใช่,ใช่,0
CU-10255,1 ปี,43,1403.65,1,ADSL,ใช่,ใช่,0
CU-10256,2 ปี,18,1185.10,3,ไฟเบอร์,ไม่,ไม่,0
CU-10257,รายเดือน,39,584.28,0,ADSL,ใช่,ใช่,0
CU-10258,1 ปี,71,1313.84,2,ไฟเบอร์,ใช่,ไม่,0
CU-10259,1 ปี,69,833.78,0,ไฟเบอร์,ไม่,ไม่,0
CU-10260,รายเดือน,69,857.78,0,ไฟเบอร์,ไม่,ไม่,1
CU-10261,1 ปี,67,936.82,1,ADSL,ใช่,ใช่,0
CU-10262,รายเดือน,5,858.88,0,ไฟเบอร์,ใช่,ใช่,0
CU-10263,รายเดือน,47,302.92,0,ADSL,ใช่,ใช่,0
CU-10264,1 ปี,36,901.37,0,ADSL,ไม่,ไม่,0
CU-10265,1 ปี,18,1178.04,2,ไฟเบอร์,ไม่,ไม่,0
CU-10266,1 ปี,52,758.09,0,ADSL,ไม่,ใช่,0
CU-10267,1 ปี,57,738.68,0,ADSL,ไม่,ใช่,0
CU-10268,รายเดือน,29,684.50,4,ADSL,ไม่,ไม่,1
CU-10269,1 ปี,1,327.23,0,ไฟเบอร์,ไม่,ใช่,0
CU-10270,2 ปี,26,497.73,0,ไฟเบอร์,ไม่,ไม่,0
CU-10271,1 ปี,63,1465.82,2,ADSL,ไม่,ใช่,0
CU-10272,รายเดือน,61,1252.15,0,ADSL,ใช่,ใช่,1
CU-10273,1 ปี,43,600.76,4,ไฟเบอร์,ไม่,ไม่,0
CU-10274,รายเดือน,1,531.46,4,ไฟเบอร์,ใช่,ใช่,1
CU-10275,รายเดือน,72,1514.33,0,ADSL,ไม่,ใช่,0
CU-10276,รายเดือน,17,1569.69,4,ไฟเบอร์,ไม่,ไม่,1
CU-10277,2 ปี,6,493.55,1,ไฟเบอร์,ใช่,ไม่,0
CU-10278,รายเดือน,60,578.12,4,ไฟเบอร์,ไม่,ใช่,1
CU-10279,1 ปี,51,429.69,0,ADSL,ไม่,ใช่,0
CU-10280,รายเดือน,38,785.53,0,ไฟเบอร์,ไม่,ใช่,1
CU-10281,รายเดือน,2,833.00,2,ไฟเบอร์,ใช่,ไม่,1
CU-10282,รายเดือน,9,653.64,1,ไฟเบอร์,ใช่,ใช่,0
CU-10283,รายเดือน,65,594.47,0,ADSL,ใช่,ไม่,1
CU-10284,2 ปี,55,308.86,2,ไฟเบอร์,ไม่,ไม่,0
CU-10285,1 ปี,43,951.36,0,ADSL,ใช่,ใช่,0
CU-10286,รายเดือน,4,967.76,1,ADSL,ไม่,ไม่,0
CU-10287,รายเดือน,11,1295.94,3,ไฟเบอร์,ไม่,ไม่,1
CU-10288,2 ปี,26,1493.19,2,ไฟเบอร์,ใช่,ไม่,1
CU-10289,2 ปี,38,553.07,1,ไฟเบอร์,ไม่,ใช่,1
CU-10290,รายเดือน,54,1510.32,1,ไฟเบอร์,ใช่,ใช่,1
CU-10291,รายเดือน,1,312.43,3,ADSL,ไม่,ไม่,0
CU-10292,รายเดือน,21,602.81,2,ADSL,ใช่,ไม่,1
CU-10293,1 ปี,5,451.17,0,ไฟเบอร์,ใช่,ไม่,0
CU-10294,1 ปี,17,958.81,5,ไฟเบอร์,ไม่,ไม่,1
CU-10295,1 ปี,55,805.06,1,ADSL,ใช่,ใช่,0
CU-10296,รายเดือน,42,914.54,2,ไฟเบอร์,ไม่,ไม่,0
CU-10297,1 ปี,15,565.83,0,ไฟเบอร์,ไม่,ใช่,0
CU-10298,รายเดือน,71,710.79,1,ADSL,ใช่,ไม่,1
CU-10299,2 ปี,27,1419.87,3,ไฟเบอร์,ไม่,ใช่,0
CU-10300,2 ปี,44,363.89,0,ไฟเบอร์,ใช่,ใช่,0
CU-10301,2 ปี,55,958.44,0,ไฟเบอร์,ใช่,ใช่,0
CU-10302,รายเดือน,71,563.59,2,ADSL,ไม่,ใช่,0
CU-10303,รายเดือน,32,964.63,2,ADSL,ใช่,ใช่,1
CU-10304,1 ปี,38,355.76,1,ADSL,ไม่,ไม่,0
CU-10305,1 ปี,60,424.84,0,ADSL,ใช่,ใช่,0
CU-10306,2 ปี,61,1255.12,1,ไฟเบอร์,ไม่,ใช่,0
CU-10307,2 ปี,8,1090.93,0,ADSL,ใช่,ใช่,1
CU-10308,รายเดือน,56,1422.58,2,ไฟเบอร์,ไม่,ไม่,0
CU-10309,2 ปี,47,1074.83,2,ADSL,ไม่,ไม่,0
CU-10310,1 ปี,36,1588.20,2,ADSL,ใช่,ใช่,0
CU-10311,2 ปี,36,1111.47,2,ไฟเบอร์,ใช่,ใช่,0
CU-10312,1 ปี,41,1086.01,1,ไฟเบอร์,ไม่,ใช่,0
CU-10313,รายเดือน,62,691.74,1,ADSL,ใช่,ใช่,0
CU-10314,รายเดือน,43,1453.94,0,ไฟเบอร์,ใช่,ไม่,0
CU-10315,2 ปี,59,466.75,1,ADSL,ใช่,ใช่,0
CU-10316,รายเดือน,26,664.74,3,ไฟเบอร์,ใช่,ใช่,1
CU-10317,รายเดือน,20,1573.15,1,ADSL,ใช่,ไม่,0
CU-10318,รายเดือน,15,1462.24,5,ADSL,ใช่,ใช่,1
CU-10319,2 ปี,64,1284.54,1,ADSL,ใช่,ไม่,0
CU-10320,รายเดือน,1,735.29,2,ADSL,ไม่,ใช่,1
CU-10321,รายเดือน,5,946.01,0,ไฟเบอร์,ใช่,ไม่,1
CU-10322,รายเดือน,38,696.96,1,ไฟเบอร์,ไม่,ไม่,1
CU-10323,รายเดือน,32,374.23,2,ADSL,ใช่,ไม่,0
CU-10324,รายเดือน,59,1131.61,0,ADSL,ไม่,ไม่,1
CU-10325,รายเดือน,27,1578.58,3,ADSL,ไม่,ไม่,0
CU-10326,รายเดือน,12,556.62,0,ADSL,ใช่,ใช่,1
CU-10327,รายเดือน,19,310.26,3,ADSL,ใช่,ใช่,0
CU-10328,รายเดือน,6,1226.86,2,ไฟเบอร์,ไม่,ใช่,1
CU-10329,รายเดือน,68,1496.65,0,ไฟเบอร์,ไม่,ไม่,1
CU-10330,รายเดือน,63,1444.36,1,ADSL,ไม่,ใช่,0
CU-10331,2 ปี,64,1269.24,0,ไฟเบอร์,ไม่,ใช่,0
CU-10332,2 ปี,54,1075.09,2,ADSL,ไม่,ไม่,0
CU-10333,รายเดือน,52,1538.22,2,ADSL,ไม่,ไม่,0
CU-10334,รายเดือน,15,617.56,0,ADSL,ไม่,ไม่,1
CU-10335,2 ปี,29,622.76,2,ไฟเบอร์,ใช่,ใช่,0
CU-10336,รายเดือน,24,515.46,1,ไฟเบอร์,ไม่,ไม่,1
CU-10337,รายเดือน,6,1226.59,1,ไฟเบอร์,ใช่,ใช่,0
CU-10338,1 ปี,24,1455.77,0,ADSL,ใช่,ใช่,0
CU-10339,รายเดือน,47,916.47,5,ไฟเบอร์,ใช่,ไม่,1
CU-10340,รายเดือน,68,557.40,1,ไฟเบอร์,ไม่,ใช่,0
CU-10341,2 ปี,53,1502.57,2,ADSL,ไม่,ไม่,0
CU-10342,2 ปี,14,361.56,0,ADSL,ใช่,ไม่,0
CU-10343,รายเดือน,28,563.15,2,ไฟเบอร์,ใช่,ใช่,1
CU-10344,รายเดือน,64,464.19,0,ไฟเบอร์,ไม่,ใช่,1
CU-10345,2 ปี,10,962.45,3,ไฟเบอร์,ไม่,ไม่,1
CU-10346,รายเดือน,23,627.39,1,ไฟเบอร์,ไม่,ไม่,1
CU-10347,รายเดือน,57,644.25,0,ADSL,ไม่,ใช่,0
CU-10348,2 ปี,50,387.86,2,ADSL,ใช่,ใช่,0
CU-10349,1 ปี,16,1125.23,1,ADSL,ไม่,ใช่,0
CU-10350,1 ปี,32,1357.06,3,ไฟเบอร์,ใช่,ไม่,0
CU-10351,รายเดือน,12,359.18,3,ADSL,ไม่,ไม่,0
CU-10352,1 ปี,7,548.76,1,ไฟเบอร์,ใช่,ใช่,0
CU-10353,1 ปี,23,979.16,0,ไฟเบอร์,ใช่,ใช่,0
CU-10354,รายเดือน,43,904.58,5,ไฟเบอร์,ใช่,ใช่,1
CU-10355,รายเดือน,3,1480.79,1,ไฟเบอร์,ใช่,ไม่,1
CU-10356,รายเดือน,53,820.61,2,ไฟเบอร์,ใช่,ใช่,1
CU-10357,1 ปี,5,433.43,3,ADSL,ใช่,ไม่,1
CU-10358,1 ปี,21,1490.72,1,ไฟเบอร์,ไม่,ไม่,1
CU-10359,2 ปี,50,343.94,0,ADSL,ใช่,ใช่,0
CU-10360,รายเดือน,58,719.06,2,ไฟเบอร์,ไม่,ไม่,1
CU-10361,รายเดือน,37,795.99,0,ADSL,ไม่,ใช่,0
CU-10362,รายเดือน,55,546.83,0,ADSL,ใช่,ไม่,0
CU-10363,2 ปี,15,370.50,2,ไฟเบอร์,ใช่,ใช่,0
CU-10364,1 ปี,68,357.41,0,ไฟเบอร์,ไม่,ใช่,0
CU-10365,รายเดือน,41,956.39,3,ADSL,ไม่,ไม่,1
CU-10366,รายเดือน,59,1485.73,0,ADSL,ใช่,ใช่,1
CU-10367,2 ปี,36,960.08,2,ไฟเบอร์,ใช่,ใช่,0
CU-10368,2 ปี,38,839.60,1,ไฟเบอร์,ไม่,ใช่,0
CU-10369,1 ปี,38,703.94,3,ADSL,ไม่,ไม่,0
CU-10370,1 ปี,15,1045.00,4,ไฟเบอร์,ใช่,ใช่,1
CU-10371,2 ปี,51,743.46,1,ADSL,ใช่,ใช่,0
CU-10372,1 ปี,31,1549.82,0,ADSL,ไม่,ใช่,0
CU-10373,2 ปี,7,1324.99,1,ไฟเบอร์,ไม่,ไม่,0
CU-10374,รายเดือน,17,1283.03,5,ไฟเบอร์,ไม่,ไม่,1
CU-10375,2 ปี,51,301.25,3,ไฟเบอร์,ไม่,ไม่,0
CU-10376,1 ปี,36,964.61,1,ไฟเบอร์,ไม่,ไม่,0
CU-10377,รายเดือน,10,1306.49,0,ไฟเบอร์,ใช่,ใช่,1
CU-10378,2 ปี,20,349.41,3,ไฟเบอร์,ไม่,ใช่,0
CU-10379,2 ปี,34,381.56,0,ADSL,ใช่,ใช่,0
CU-10380,รายเดือน,22,1230.95,2,ไฟเบอร์,ใช่,ไม่,1
CU-10381,รายเดือน,26,444.60,0,ADSL,ใช่,ใช่,0
CU-10382,รายเดือน,34,1445.85,1,ไฟเบอร์,ไม่,ไม่,1
CU-10383,รายเดือน,25,1563.63,0,ADSL,ใช่,ใช่,0
CU-10384,2 ปี,57,1563.59,5,ไฟเบอร์,ไม่,ใช่,0
CU-10385,2 ปี,21,813.76,2,ไฟเบอร์,ใช่,ไม่,0
CU-10386,รายเดือน,53,1454.97,4,ADSL,ใช่,ใช่,0
CU-10387,รายเดือน,26,842.27,2,ADSL,ไม่,ใช่,1
CU-10388,2 ปี,25,1514.37,3,ADSL,ไม่,ใช่,0
CU-10389,1 ปี,10,917.58,2,ADSL,ใช่,ไม่,0
CU-10390,1 ปี,10,1038.74,1,ADSL,ใช่,ไม่,0
CU-10391,2 ปี,32,317.66,1,ADSL,ใช่,ไม่,0
CU-10392,รายเดือน,63,1267.11,2,ไฟเบอร์,ไม่,ไม่,0
CU-10393,รายเดือน,27,1138.96,5,ADSL,ไม่,ไม่,1
CU-10394,รายเดือน,46,1536.63,0,ADSL,ใช่,ใช่,0
CU-10395,รายเดือน,30,1070.20,5,ADSL,ใช่,ไม่,1
CU-10396,2 ปี,72,1588.44,0,ADSL,ไม่,ไม่,0
CU-10397,2 ปี,37,1098.31,0,ADSL,ใช่,ใช่,0
CU-10398,รายเดือน,32,1534.05,0,ไฟเบอร์,ไม่,ใช่,0
CU-10399,1 ปี,64,1020.60,1,ไฟเบอร์,ใช่,ไม่,0
CU-10400,1 ปี,21,412.28,1,ไฟเบอร์,ไม่,ไม่,0
CU-10401,รายเดือน,63,1228.41,0,ADSL,ไม่,ไม่,0
CU-10402,รายเดือน,49,408.47,0,ไฟเบอร์,ใช่,ใช่,1
CU-10403,รายเดือน,72,977.27,0,ADSL,ใช่,ใช่,0
CU-10404,รายเดือน,23,935.02,1,ไฟเบอร์,ใช่,ไม่,0
CU-10405,2 ปี,52,723.31,0,ADSL,ใช่,ใช่,0
CU-10406,1 ปี,51,372.15,1,ADSL,ใช่,ใช่,0
CU-10407,1 ปี,72,1100.62,1,ไฟเบอร์,ไม่,ใช่,0
CU-10408,รายเดือน,66,744.09,0,ไฟเบอร์,ไม่,ใช่,0
CU-10409,รายเดือน,22,1427.34,3,ไฟเบอร์,ใช่,ไม่,1
CU-10410,รายเดือน,50,1020.53,0,ไฟเบอร์,ใช่,ใช่,0
CU-10411,รายเดือน,36,1160.09,0,ไฟเบอร์,ไม่,ใช่,0
CU-10412,2 ปี,67,756.01,1,ADSL,ไม่,ไม่,0
CU-10413,รายเดือน,6,895.65,2,ไฟเบอร์,ใช่,ใช่,1
CU-10414,1 ปี,63,1366.37,1,ADSL,ใช่,ใช่,0
CU-10415,1 ปี,19,1041.31,1,ไฟเบอร์,ใช่,ใช่,0
CU-10416,2 ปี,50,1159.85,0,ไฟเบอร์,ใช่,ใช่,0
CU-10417,1 ปี,41,598.72,0,ไฟเบอร์,ใช่,ใช่,0
CU-10418,2 ปี,36,904.13,0,ไฟเบอร์,ไม่,ไม่,0
CU-10419,รายเดือน,69,1306.67,3,ADSL,ไม่,ใช่,1
CU-10420,รายเดือน,69,624.54,4,ไฟเบอร์,ไม่,ไม่,1
CU-10421,รายเดือน,40,675.76,1,ไฟเบอร์,ใช่,ไม่,1
CU-10422,รายเดือน,50,461.12,3,ไฟเบอร์,ใช่,ใช่,1
CU-10423,รายเดือน,67,417.91,3,ไฟเบอร์,ไม่,ไม่,1
CU-10424,รายเดือน,35,1173.93,1,ADSL,ใช่,ใช่,0
CU-10425,รายเดือน,40,1324.59,0,ไฟเบอร์,ใช่,ใช่,0
CU-10426,2 ปี,40,1394.89,3,ADSL,ใช่,ใช่,0
CU-10427,1 ปี,13,660.83,2,ADSL,ใช่,ไม่,0
CU-10428,รายเดือน,58,1571.94,1,ไฟเบอร์,ไม่,ไม่,1
CU-10429,2 ปี,22,1002.96,0,ADSL,ใช่,ไม่,0
CU-10430,รายเดือน,71,980.84,0,ไฟเบอร์,ใช่,ไม่,0
CU-10431,1 ปี,50,736.85,3,ไฟเบอร์,ไม่,ใช่,0
CU-10432,รายเดือน,8,1393.25,4,ไฟเบอร์,ใช่,ไม่,1
CU-10433,รายเดือน,13,1524.27,1,ไฟเบอร์,ใช่,ใช่,1
CU-10434,รายเดือน,10,659.38,0,ไฟเบอร์,ไม่,ไม่,0
CU-10435,1 ปี,70,700.13,0,ไฟเบอร์,ใช่,ไม่,0
CU-10436,รายเดือน,4,1342.70,2,ไฟเบอร์,ใช่,ใช่,1
CU-10437,รายเดือน,24,638.25,2,ไฟเบอร์,ใช่,ใช่,0
CU-10438,2 ปี,10,447.87,2,ADSL,ไม่,ใช่,0
CU-10439,รายเดือน,20,874.90,1,ไฟเบอร์,ไม่,ใช่,0
CU-10440,รายเดือน,30,829.28,0,ไฟเบอร์,ไม่,ไม่,0
CU-10441,รายเดือน,7,1018.43,1,ไฟเบอร์,ใช่,ใช่,1
CU-10442,รายเดือน,50,862.65,0,ADSL,ใช่,ใช่,0
CU-10443,รายเดือน,30,544.31,0,ไฟเบอร์,ใช่,ใช่,0
CU-10444,รายเดือน,62,1190.50,0,ADSL,ใช่,ไม่,0
CU-10445,รายเดือน,12,1259.58,3,ไฟเบอร์,ใช่,ไม่,1
CU-10446,รายเดือน,13,1577.79,1,ADSL,ใช่,ใช่,1
CU-10447,1 ปี,71,702.34,3,ADSL,ใช่,ใช่,0
CU-10448,1 ปี,46,1257.61,0,ADSL,ไม่,ไม่,0
CU-10449,2 ปี,26,1066.05,0,ไฟเบอร์,ไม่,ไม่,0
CU-10450,2 ปี,46,1246.79,3,ADSL,ใช่,ไม่,1
CU-10451,2 ปี,7,1068.83,2,ADSL,ใช่,ไม่,0
CU-10452,2 ปี,69,1413.58,0,ADSL,ใช่,ไม่,0
CU-10453,2 ปี,9,888.59,0,ไฟเบอร์,ใช่,ใช่,0
CU-10454,รายเดือน,20,377.28,0,ไฟเบอร์,ใช่,ใช่,0
CU-10455,1 ปี,20,950.70,1,ADSL,ไม่,ใช่,1
CU-10456,รายเดือน,44,969.92,0,ADSL,ใช่,ไม่,0
CU-10457,2 ปี,37,1062.47,1,ไฟเบอร์,ใช่,ใช่,0
CU-10458,รายเดือน,42,1012.13,4,ไฟเบอร์,ใช่,ใช่,1
CU-10459,1 ปี,50,1151.59,2,ADSL,ไม่,ไม่,0
CU-10460,1 ปี,20,1264.28,1,ไฟเบอร์,ใช่,ใช่,0
CU-10461,รายเดือน,15,430.11,2,ไฟเบอร์,ใช่,ไม่,0
CU-10462,รายเดือน,60,1581.99,0,ไฟเบอร์,ไม่,ใช่,1
CU-10463,รายเดือน,11,1124.75,2,ADSL,ไม่,ไม่,1
CU-10464,2 ปี,37,1075.92,4,ไฟเบอร์,ใช่,ไม่,0
CU-10465,รายเดือน,43,900.41,0,ADSL,ใช่,ไม่,1
CU-10466,รายเดือน,9,923.91,0,ADSL,ไม่,ไม่,1
CU-10467,รายเดือน,62,1250.88,0,ไฟเบอร์,ไม่,ใช่,1
CU-10468,รายเดือน,53,1428.22,1,ADSL,ใช่,ใช่,0
CU-10469,รายเดือน,66,1552.47,0,ไฟเบอร์,ใช่,ใช่,0
CU-10470,รายเดือน,27,863.92,0,ADSL,ใช่,ไม่,1
CU-10471,รายเดือน,64,761.04,1,ADSL,ไม่,ใช่,0
CU-10472,1 ปี,60,1570.39,1,ADSL,ไม่,ไม่,0
CU-10473,1 ปี,70,1446.20,4,ไฟเบอร์,ใช่,ไม่,0
CU-10474,รายเดือน,16,1106.29,2,ADSL,ใช่,ไม่,1
CU-10475,รายเดือน,64,1358.64,0,ไฟเบอร์,ไม่,ไม่,0
CU-10476,รายเดือน,12,1134.37,3,ไฟเบอร์,ไม่,ใช่,1
CU-10477,รายเดือน,1,1397.60,0,ADSL,ใช่,ใช่,1
CU-10478,รายเดือน,40,858.52,1,ไฟเบอร์,ไม่,ไม่,1
CU-10479,1 ปี,54,593.47,3,ไฟเบอร์,ไม่,ใช่,0
CU-10480,1 ปี,70,1023.57,0,ไฟเบอร์,ใช่,ใช่,0
CU-10481,2 ปี,6,1386.33,1,ไฟเบอร์,ใช่,ใช่,0
CU-10482,รายเดือน,39,727.03,2,ไฟเบอร์,ใช่,ใช่,0
CU-10483,รายเดือน,1,528.72,4,ADSL,ใช่,ใช่,1
CU-10484,รายเดือน,65,531.04,4,ไฟเบอร์,ไม่,ใช่,0
CU-10485,รายเดือน,45,1342.84,0,ADSL,ไม่,ใช่,0
CU-10486,รายเดือน,34,725.65,0,ADSL,ใช่,ใช่,0
CU-10487,รายเดือน,7,1193.57,2,ADSL,ใช่,ใช่,1
CU-10488,2 ปี,43,790.05,1,ADSL,ไม่,ใช่,0
CU-10489,2 ปี,72,429.34,0,ADSL,ใช่,ใช่,0
CU-10490,2 ปี,4,1141.03,0,ADSL,ใช่,ใช่,0
CU-10491,2 ปี,28,870.85,0,ADSL,ไม่,ไม่,0
CU-10492,2 ปี,31,369.19,1,ไฟเบอร์,ไม่,ใช่,0
CU-10493,2 ปี,26,1140.56,2,ADSL,ใช่,ไม่,0
CU-10494,รายเดือน,58,749.74,0,ADSL,ไม่,ใช่,0
CU-10495,1 ปี,39,1222.00,0,ไฟเบอร์,ใช่,ไม่,0
CU-10496,2 ปี,39,589.20,4,ไฟเบอร์,ใช่,ไม่,0
CU-10497,1 ปี,35,538.75,3,ไฟเบอร์,ใช่,ใช่,0
CU-10498,รายเดือน,37,1340.85,2,ไฟเบอร์,ใช่,ไม่,0
CU-10499,2 ปี,42,1018.19,4,ADSL,ใช่,ใช่,0
CU-10500,1 ปี,36,1550.41,2,ADSL,ใช่,ไม่,0
CU-10501,รายเดือน,52,939.04,3,ADSL,ใช่,ใช่,0
CU-10502,รายเดือน,1,367.10,0,ADSL,ไม่,ใช่,1
CU-10503,1 ปี,24,1317.40,2,ไฟเบอร์,ใช่,ใช่,0
CU-10504,1 ปี,40,1515.66,0,ADSL,ใช่,ใช่,0
CU-10505,2 ปี,63,952.25,0,ADSL,ไม่,ใช่,0
CU-10506,1 ปี,26,853.73,0,ADSL,ไม่,ไม่,0
CU-10507,2 ปี,40,695.31,0,ไฟเบอร์,ไม่,ไม่,0
CU-10508,2 ปี,71,1179.86,0,ADSL,ใช่,ไม่,0
CU-10509,1 ปี,32,959.32,0,ADSL,ใช่,ใช่,0
CU-10510,รายเดือน,70,1084.19,1,ไฟเบอร์,ไม่,ไม่,1
CU-10511,1 ปี,68,853.30,1,ไฟเบอร์,ใช่,ไม่,0
CU-10512,รายเดือน,2,796.81,3,ไฟเบอร์,ไม่,ใช่,1
CU-10513,รายเดือน,37,1038.85,1,ADSL,ไม่,ไม่,0
CU-10514,1 ปี,24,401.02,3,ADSL,ใช่,ใช่,0
CU-10515,2 ปี,42,1330.86,2,ADSL,ไม่,ใช่,0
CU-10516,รายเดือน,14,556.81,2,ADSL,ไม่,ไม่,1
CU-10517,2 ปี,66,1225.50,1,ไฟเบอร์,ใช่,ใช่,0
CU-10518,รายเดือน,37,817.31,0,ไฟเบอร์,ใช่,ใช่,1
CU-10519,1 ปี,66,971.00,1,ADSL,ใช่,ไม่,0
CU-10520,2 ปี,57,1048.49,3,ADSL,ไม่,ไม่,0
CU-10521,รายเดือน,60,1218.35,0,ADSL,ใช่,ใช่,0
CU-10522,1 ปี,1,1406.14,3,ไฟเบอร์,ใช่,ใช่,1
CU-10523,2 ปี,55,411.48,0,ADSL,ใช่,ไม่,0
CU-10524,1 ปี,22,1576.20,0,ไฟเบอร์,ไม่,ไม่,0
CU-10525,รายเดือน,14,1048.69,0,ไฟเบอร์,ใช่,ใช่,1
CU-10526,รายเดือน,46,781.63,0,ไฟเบอร์,ใช่,ใช่,1
CU-10527,1 ปี,5,1223.90,0,ไฟเบอร์,ใช่,ใช่,1
CU-10528,รายเดือน,36,1566.48,0,ADSL,ใช่,ใช่,0
CU-10529,รายเดือน,10,1083.60,0,ไฟเบอร์,ไม่,ใช่,1
CU-10530,รายเดือน,52,1097.98,0,ADSL,ใช่,ไม่,1
CU-10531,1 ปี,25,878.45,1,ADSL,ใช่,ใช่,0
CU-10532,รายเดือน,25,1250.16,0,ไฟเบอร์,ไม่,ไม่,0
CU-10533,รายเดือน,17,462.35,1,ไฟเบอร์,ใช่,ใช่,1
CU-10534,รายเดือน,40,965.39,0,ไฟเบอร์,ใช่,ใช่,0
CU-10535,รายเดือน,12,1574.23,1,ไฟเบอร์,ใช่,ไม่,1
CU-10536,รายเดือน,50,424.75,0,ADSL,ไม่,ใช่,0
CU-10537,รายเดือน,12,300.63,1,ไฟเบอร์,ไม่,ใช่,0
CU-10538,1 ปี,38,746.27,0,ADSL,ไม่,ไม่,1
CU-10539,1 ปี,21,1404.78,0,ADSL,ใช่,ไม่,0
CU-10540,รายเดือน,30,756.40,4,ADSL,ใช่,ไม่,1
CU-10541,1 ปี,2,732.92,1,ADSL,ไม่,ไม่,0
CU-10542,1 ปี,50,301.06,1,ไฟเบอร์,ใช่,ใช่,0
CU-10543,รายเดือน,2,1442.45,1,ADSL,ไม่,ไม่,1
CU-10544,1 ปี,47,517.45,0,ADSL,ใช่,ใช่,0
CU-10545,รายเดือน,61,1273.63,0,ไฟเบอร์,ไม่,ไม่,1
CU-10546,รายเดือน,67,1095.54,2,ไฟเบอร์,ใช่,ใช่,1
CU-10547,1 ปี,64,466.47,1,ไฟเบอร์,ไม่,ไม่,0
CU-10548,รายเดือน,3,599.46,3,ADSL,ไม่,ไม่,1
CU-10549,1 ปี,62,1266.31,0,ADSL,ไม่,ไม่,0
CU-10550,1 ปี,28,1034.22,3,ไฟเบอร์,ใช่,ใช่,0
CU-10551,2 ปี,58,1078.09,2,ADSL,ไม่,ใช่,0
CU-10552,1 ปี,45,396.04,4,ADSL,ใช่,ใช่,0
CU-10553,รายเดือน,3,961.08,1,ไฟเบอร์,ไม่,ไม่,1
CU-10554,รายเดือน,52,930.02,2,ADSL,ไม่,ไม่,1
CU-10555,รายเดือน,40,483.27,2,ADSL,ใช่,ใช่,0
CU-10556,รายเดือน,40,481.50,1,ไฟเบอร์,ใช่,ใช่,1
CU-10557,2 ปี,65,1338.35,3,ไฟเบอร์,ใช่,ใช่,0
CU-10558,2 ปี,54,1251.48,1,ไฟเบอร์,ใช่,ใช่,0
CU-10559,รายเดือน,33,931.38,0,ADSL,ใช่,ไม่,0
CU-10560,1 ปี,35,662.45,3,ADSL,ไม่,ไม่,0
CU-10561,รายเดือน,54,1071.72,1,ADSL,ไม่,ไม่,0
CU-10562,1 ปี,48,1118.07,0,ADSL,ใช่,ไม่,0
CU-10563,รายเดือน,32,902.11,5,ไฟเบอร์,ไม่,ใช่,1
CU-10564,1 ปี,7,1258.72,0,ไฟเบอร์,ไม่,ไม่,0
CU-10565,2 ปี,36,471.10,1,ADSL,ใช่,ใช่,0
CU-10566,1 ปี,6,1548.52,0,ADSL,ใช่,ใช่,1
CU-10567,1 ปี,43,1293.58,5,ไฟเบอร์,ใช่,ใช่,0
CU-10568,2 ปี,45,564.31,1,ADSL,ไม่,ไม่,0
CU-10569,รายเดือน,66,755.10,4,ADSL,ใช่,ไม่,0
CU-10570,รายเดือน,68,1116.41,1,ADSL,ไม่,ไม่,0
CU-10571,2 ปี,48,1180.63,0,ไฟเบอร์,ใช่,ไม่,0
CU-10572,รายเดือน,38,1273.08,0,ADSL,ใช่,ใช่,0
CU-10573,รายเดือน,17,1428.74,0,ADSL,ไม่,ไม่,1
CU-10574,รายเดือน,27,588.56,3,ADSL,ไม่,ไม่,1
CU-10575,รายเดือน,30,1517.24,0,ADSL,ไม่,ใช่,1
CU-10576,2 ปี,9,1281.40,1,ADSL,ไม่,ใช่,0
CU-10577,รายเดือน,57,594.36,1,ไฟเบอร์,ไม่,ใช่,0
CU-10578,2 ปี,11,506.91,0,ADSL,ใช่,ใช่,0
CU-10579,1 ปี,32,1528.62,2,ไฟเบอร์,ใช่,ไม่,0
CU-10580,รายเดือน,40,640.46,0,ADSL,ใช่,ใช่,0
CU-10581,1 ปี,28,783.86,4,ไฟเบอร์,ไม่,ไม่,0
CU-10582,2 ปี,59,1234.82,1,ไฟเบอร์,ใช่,ใช่,0
CU-10583,รายเดือน,68,609.14,1,ไฟเบอร์,ใช่,ใช่,0
CU-10584,รายเดือน,37,831.54,0,ไฟเบอร์,ใช่,ใช่,1
CU-10585,รายเดือน,48,639.90,1,ADSL,ใช่,ใช่,0
CU-10586,1 ปี,21,726.84,0,ADSL,ใช่,ไม่,0
CU-10587,1 ปี,61,1146.49,0,ไฟเบอร์,ไม่,ไม่,0
CU-10588,2 ปี,54,1262.76,1,ไฟเบอร์,ใช่,ใช่,0
CU-10589,1 ปี,52,597.55,0,ADSL,ใช่,ใช่,0
CU-10590,2 ปี,5,1351.25,1,ADSL,ไม่,ใช่,0
CU-10591,รายเดือน,7,1376.26,2,ADSL,ใช่,ไม่,1
CU-10592,2 ปี,31,847.34,2,ไฟเบอร์,ใช่,ไม่,0
CU-10593,2 ปี,71,794.35,1,ไฟเบอร์,ใช่,ใช่,0
CU-10594,1 ปี,45,711.86,0,ADSL,ไม่,ไม่,0
CU-10595,2 ปี,8,857.84,3,ไฟเบอร์,ใช่,ใช่,0
CU-10596,รายเดือน,40,505.78,1,ไฟเบอร์,ใช่,ไม่,0
CU-10597,1 ปี,4,1031.46,2,ADSL,ใช่,ใช่,0
CU-10598,รายเดือน,21,869.91,2,ADSL,ใช่,ไม่,1
CU-10599,รายเดือน,17,1191.37,0,ไฟเบอร์,ใช่,ใช่,0
CU-10600,1 ปี,19,310.84,4,ไฟเบอร์,ใช่,ใช่,0
CU-10601,รายเดือน,57,335.75,2,ADSL,ไม่,ใช่,0
CU-10602,รายเดือน,22,450.46,0,ADSL,ใช่,ใช่,0
CU-10603,รายเดือน,30,429.31,4,ADSL,ใช่,ไม่,0
CU-10604,2 ปี,12,1511.27,4,ADSL,ใช่,ใช่,0
CU-10605,1 ปี,29,1322.75,1,ADSL,ไม่,ไม่,0
CU-10606,1 ปี,44,1518.65,4,ADSL,ใช่,ใช่,0
CU-10607,2 ปี,3,575.63,0,ADSL,ไม่,ไม่,0
CU-10608,2 ปี,25,891.52,3,ไฟเบอร์,ใช่,ไม่,0
CU-10609,1 ปี,3,774.20,5,ไฟเบอร์,ไม่,ใช่,0
CU-10610,รายเดือน,49,1011.35,0,ไฟเบอร์,ไม่,ใช่,0
CU-10611,รายเดือน,30,492.09,0,ไฟเบอร์,ไม่,ใช่,0
CU-10612,1 ปี,14,702.93,5,ADSL,ไม่,ใช่,0
CU-10613,2 ปี,18,556.90,4,ไฟเบอร์,ไม่,ใช่,0
CU-10614,รายเดือน,46,531.25,2,ADSL,ใช่,ใช่,0
CU-10615,รายเดือน,41,463.08,2,ADSL,ใช่,ใช่,1
CU-10616,1 ปี,24,806.26,2,ADSL,ไม่,ไม่,0
CU-10617,1 ปี,25,775.35,1,ไฟเบอร์,ไม่,ใช่,0
CU-10618,รายเดือน,18,616.44,0,ไฟเบอร์,ไม่,ใช่,0
CU-10619,รายเดือน,14,723.82,0,ADSL,ไม่,ใช่,0
CU-10620,2 ปี,59,1418.51,2,ไฟเบอร์,ไม่,ไม่,0
CU-10621,2 ปี,64,488.17,2,ไฟเบอร์,ใช่,ใช่,0
CU-10622,รายเดือน,6,1153.64,4,ไฟเบอร์,ไม่,ใช่,1
CU-10623,รายเดือน,42,763.26,3,ADSL,ใช่,ไม่,0
CU-10624,รายเดือน,15,625.69,5,ไฟเบอร์,ไม่,ใช่,0
CU-10625,2 ปี,37,643.19,4,ADSL,ใช่,ใช่,0
CU-10626,2 ปี,33,574.03,1,ไฟเบอร์,ไม่,ใช่,0
CU-10627,2 ปี,43,1223.94,5,ADSL,ใช่,ใช่,0
CU-10628,รายเดือน,5,675.82,2,ADSL,ใช่,ใช่,0
CU-10629,รายเดือน,38,1563.57,0,ไฟเบอร์,ไม่,ไม่,1
CU-10630,2 ปี,32,340.82,5,ADSL,ใช่,ไม่,0
CU-10631,รายเดือน,13,800.15,0,ไฟเบอร์,ใช่,ใช่,0
CU-10632,1 ปี,2,688.15,0,ADSL,ใช่,ไม่,0
CU-10633,รายเดือน,12,666.13,5,ไฟเบอร์,ใช่,ใช่,1
CU-10634,รายเดือน,55,1132.53,4,ไฟเบอร์,ใช่,ใช่,0
CU-10635,รายเดือน,54,874.48,0,ไฟเบอร์,ใช่,ไม่,0
CU-10636,รายเดือน,29,1333.82,0,ไฟเบอร์,ใช่,ไม่,0
CU-10637,2 ปี,58,354.27,3,ADSL,ใช่,ใช่,0
CU-10638,2 ปี,17,663.50,0,ADSL,ไม่,ไม่,0
CU-10639,รายเดือน,35,856.90,2,ไฟเบอร์,ไม่,ไม่,1
CU-10640,1 ปี,1,1433.57,0,ADSL,ใช่,ใช่,0
CU-10641,1 ปี,12,976.26,1,ADSL,ไม่,ไม่,0
CU-10642,รายเดือน,25,360.55,1,ไฟเบอร์,ไม่,ไม่,1
CU-10643,รายเดือน,59,443.82,1,ไฟเบอร์,ใช่,ใช่,0
CU-10644,2 ปี,14,842.46,0,ADSL,ไม่,ไม่,0
CU-10645,2 ปี,21,890.78,0,ADSL,ไม่,ไม่,0
CU-10646,รายเดือน,43,1075.87,1,ไฟเบอร์,ใช่,ไม่,1
CU-10647,2 ปี,47,652.00,2,ADSL,ใช่,ใช่,0
CU-10648,1 ปี,22,704.89,0,ไฟเบอร์,ใช่,ใช่,0
CU-10649,รายเดือน,6,570.18,0,ADSL,ใช่,ใช่,0
CU-10650,รายเดือน,69,1297.50,1,ADSL,ใช่,ไม่,0
CU-10651,1 ปี,25,629.44,3,ไฟเบอร์,ใช่,ไม่,0
CU-10652,รายเดือน,14,1309.83,1,ไฟเบอร์,ใช่,ใช่,1
CU-10653,1 ปี,64,1082.88,0,ไฟเบอร์,ไม่,ไม่,0
CU-10654,1 ปี,29,1360.81,0,ไฟเบอร์,ไม่,ใช่,0
CU-10655,2 ปี,10,696.33,0,ADSL,ใช่,ใช่,0
CU-10656,รายเดือน,8,1150.99,3,ADSL,ไม่,ใช่,1
CU-10657,รายเดือน,58,974.41,2,ADSL,ใช่,ไม่,0
CU-10658,1 ปี,42,305.05,1,ไฟเบอร์,ใช่,ไม่,1
CU-10659,รายเดือน,46,791.67,0,ADSL,ใช่,ใช่,0
CU-10660,รายเดือน,10,629.68,0,ไฟเบอร์,ใช่,ใช่,0
CU-10661,รายเดือน,32,477.35,3,ไฟเบอร์,ใช่,ไม่,1
CU-10662,รายเดือน,52,698.75,2,ADSL,ไม่,ไม่,0
CU-10663,รายเดือน,43,427.29,1,ADSL,ไม่,ไม่,0
CU-10664,รายเดือน,28,999.68,5,ADSL,ไม่,ไม่,1
CU-10665,รายเดือน,20,1117.68,2,ไฟเบอร์,ใช่,ใช่,1
CU-10666,รายเดือน,7,1336.06,1,ADSL,ใช่,ไม่,1
CU-10667,1 ปี,45,700.11,1,ไฟเบอร์,ใช่,ไม่,0
CU-10668,รายเดือน,58,401.64,0,ADSL,ใช่,ไม่,1
CU-10669,รายเดือน,11,1491.63,5,ไฟเบอร์,ไม่,ไม่,0
CU-10670,1 ปี,33,943.93,2,ADSL,ใช่,ไม่,0
CU-10671,1 ปี,7,1455.30,0,ADSL,ใช่,ไม่,0
CU-10672,2 ปี,40,1087.22,1,ADSL,ใช่,ใช่,0
CU-10673,รายเดือน,10,1335.96,2,ADSL,ใช่,ไม่,1
CU-10674,1 ปี,54,568.93,0,ไฟเบอร์,ไม่,ไม่,0
CU-10675,2 ปี,26,969.23,2,ADSL,ใช่,ใช่,0
CU-10676,2 ปี,14,1510.22,1,ไฟเบอร์,ใช่,ไม่,0
CU-10677,รายเดือน,65,593.74,0,ADSL,ไม่,ใช่,0
CU-10678,รายเดือน,21,426.31,0,ADSL,ไม่,ไม่,0
CU-10679,รายเดือน,61,664.02,1,ADSL,ใช่,ใช่,0
CU-10680,รายเดือน,7,336.86,2,ADSL,ไม่,ไม่,1
CU-10681,1 ปี,46,1123.40,2,ไฟเบอร์,ไม่,ใช่,0
CU-10682,1 ปี,41,690.68,3,ADSL,ไม่,ใช่,0
CU-10683,1 ปี,70,1067.33,0,ADSL,ไม่,ใช่,0
CU-10684,รายเดือน,66,1051.40,0,ADSL,ไม่,ไม่,0
CU-10685,1 ปี,8,1190.97,0,ADSL,ไม่,ไม่,0
CU-10686,รายเดือน,34,1218.50,0,ADSL,ใช่,ไม่,1
CU-10687,รายเดือน,51,552.22,4,ไฟเบอร์,ใช่,ไม่,1
CU-10688,รายเดือน,62,1388.58,3,ไฟเบอร์,ใช่,ใช่,0
CU-10689,รายเดือน,47,537.74,0,ADSL,ไม่,ไม่,1
CU-10690,2 ปี,21,789.99,1,ไฟเบอร์,ใช่,ไม่,0
CU-10691,รายเดือน,37,714.97,2,ADSL,ใช่,ใช่,0
CU-10692,รายเดือน,12,1579.91,1,ADSL,ไม่,ไม่,1
CU-10693,1 ปี,42,926.97,0,ไฟเบอร์,ใช่,ใช่,0
CU-10694,รายเดือน,53,595.37,2,ADSL,ไม่,ใช่,0
CU-10695,2 ปี,57,1204.30,5,ADSL,ใช่,ใช่,0
CU-10696,1 ปี,45,1283.55,1,ไฟเบอร์,ใช่,ใช่,0
CU-10697,รายเดือน,3,556.29,0,ไฟเบอร์,ใช่,ใช่,0
CU-10698,1 ปี,72,579.49,3,ADSL,ไม่,ใช่,0
CU-10699,รายเดือน,7,752.35,0,ไฟเบอร์,ไม่,ใช่,1
CU-10700,รายเดือน,21,1158.37,5,ไฟเบอร์,ใช่,ไม่,1
CU-10701,รายเดือน,48,502.61,0,ADSL,ใช่,ใช่,0
CU-10702,รายเดือน,58,1524.85,0,ไฟเบอร์,ใช่,ใช่,1
CU-10703,รายเดือน,62,311.36,0,ไฟเบอร์,ไม่,ใช่,0
CU-10704,รายเดือน,67,1230.06,0,ไฟเบอร์,ใช่,ใช่,0
CU-10705,2 ปี,30,1528.87,0,ADSL,ใช่,ไม่,0
CU-10706,2 ปี,61,413.55,0,ADSL,ใช่,ใช่,0
CU-10707,1 ปี,42,1004.37,5,ADSL,ใช่,ใช่,0
CU-10708,รายเดือน,31,1376.46,0,ADSL,ใช่,ใช่,0
CU-10709,1 ปี,31,359.35,1,ไฟเบอร์,ไม่,ไม่,0
CU-10710,รายเดือน,9,498.43,1,ไฟเบอร์,ใช่,ใช่,1
CU-10711,2 ปี,66,782.95,0,ไฟเบอร์,ใช่,ใช่,0
CU-10712,รายเดือน,59,605.32,5,ไฟเบอร์,ใช่,ไม่,1
CU-10713,รายเดือน,13,1438.65,1,ADSL,ใช่,ใช่,1
CU-10714,1 ปี,65,1369.99,1,ไฟเบอร์,ใช่,ใช่,0
CU-10715,รายเดือน,33,958.47,2,ไฟเบอร์,ไม่,ไม่,1
CU-10716,รายเดือน,21,432.37,2,ADSL,ใช่,ใช่,1
CU-10717,รายเดือน,70,537.99,0,ADSL,ใช่,ใช่,0
CU-10718,รายเดือน,61,1473.35,2,ไฟเบอร์,ไม่,ใช่,0
CU-10719,รายเดือน,49,442.73,3,ADSL,ใช่,ใช่,0
CU-10720,2 ปี,5,1425.09,1,ไฟเบอร์,ไม่,ไม่,0
CU-10721,รายเดือน,51,1046.13,5,ไฟเบอร์,ใช่,ไม่,1
CU-10722,รายเดือน,62,1001.45,4,ADSL,ใช่,ไม่,1
CU-10723,รายเดือน,72,805.95,3,ไฟเบอร์,ใช่,ไม่,0
CU-10724,1 ปี,9,1334.85,2,ADSL,ใช่,ไม่,1
CU-10725,รายเดือน,60,1492.87,1,ไฟเบอร์,ไม่,ไม่,0
CU-10726,รายเดือน,19,665.85,1,ไฟเบอร์,ไม่,ใช่,1
CU-10727,1 ปี,45,770.84,2,ไฟเบอร์,ไม่,ไม่,0
CU-10728,รายเดือน,26,700.24,0,ADSL,ใช่,ไม่,1
CU-10729,1 ปี,60,908.65,2,ADSL,ไม่,ใช่,0
CU-10730,1 ปี,24,695.96,0,ADSL,ใช่,ไม่,0
CU-10731,1 ปี,10,1243.74,4,ADSL,ใช่,ไม่,0
CU-10732,1 ปี,33,835.43,4,ADSL,ไม่,ไม่,1
CU-10733,1 ปี,53,1475.33,0,ADSL,ไม่,ใช่,0
CU-10734,รายเดือน,11,1014.97,0,ไฟเบอร์,ไม่,ไม่,1
CU-10735,1 ปี,36,1357.60,5,ADSL,ใช่,ใช่,0
CU-10736,1 ปี,24,502.29,0,ADSL,ไม่,ใช่,0
CU-10737,1 ปี,56,1170.01,0,ADSL,ไม่,ใช่,0
CU-10738,1 ปี,30,1003.53,0,ไฟเบอร์,ใช่,ใช่,0
CU-10739,1 ปี,24,1105.37,0,ADSL,ใช่,ใช่,0
CU-10740,1 ปี,65,648.56,5,ไฟเบอร์,ใช่,ไม่,1
CU-10741,รายเดือน,39,616.36,1,ADSL,ใช่,ใช่,1
CU-10742,2 ปี,16,691.83,0,ADSL,ไม่,ใช่,0
CU-10743,รายเดือน,38,1141.23,3,ADSL,ใช่,ไม่,1
CU-10744,รายเดือน,6,422.36,0,ADSL,ไม่,ไม่,0
CU-10745,รายเดือน,28,1010.10,1,ไฟเบอร์,ใช่,ไม่,1
CU-10746,รายเดือน,33,690.34,3,ADSL,ใช่,ไม่,1
CU-10747,2 ปี,3,348.17,5,ไฟเบอร์,ไม่,ใช่,0
CU-10748,2 ปี,43,1217.22,0,ADSL,ใช่,ไม่,1
CU-10749,รายเดือน,60,1519.63,2,ADSL,ใช่,ใช่,1
CU-10750,รายเดือน,65,1110.73,2,ADSL,ใช่,ไม่,0
CU-10751,รายเดือน,6,1282.76,0,ADSL,ใช่,ใช่,1
CU-10752,รายเดือน,32,1225.97,1,ADSL,ใช่,ใช่,0
CU-10753,รายเดือน,33,1153.65,1,ADSL,ใช่,ใช่,0
CU-10754,2 ปี,28,1484.89,3,ADSL,ไม่,ไม่,0
CU-10755,รายเดือน,43,455.19,2,ไฟเบอร์,ใช่,ใช่,0
CU-10756,2 ปี,61,525.27,0,ไฟเบอร์,ไม่,ไม่,0
CU-10757,2 ปี,52,1374.81,1,ADSL,ใช่,ไม่,0
CU-10758,2 ปี,22,410.19,1,ADSL,ใช่,ใช่,0
CU-10759,รายเดือน,5,457.64,0,ไฟเบอร์,ไม่,ไม่,1
CU-10760,รายเดือน,72,831.48,3,ไฟเบอร์,ไม่,ไม่,0
CU-10761,2 ปี,30,1323.75,1,ADSL,ใช่,ใช่,0
CU-10762,รายเดือน,6,681.51,1,ADSL,ใช่,ใช่,1
CU-10763,2 ปี,25,1016.85,1,ไฟเบอร์,ไม่,ใช่,0
CU-10764,รายเดือน,33,751.18,3,ไฟเบอร์,ไม่,ใช่,1
CU-10765,รายเดือน,36,952.19,0,ไฟเบอร์,ไม่,ใช่,0
CU-10766,รายเดือน,69,1495.57,1,ADSL,ไม่,ใช่,0
CU-10767,รายเดือน,72,527.85,0,ADSL,ใช่,ไม่,0
CU-10768,1 ปี,50,522.53,0,ไฟเบอร์,ใช่,ใช่,0
CU-10769,1 ปี,34,1042.91,1,ADSL,ใช่,ใช่,0
CU-10770,2 ปี,60,1410.89,1,ไฟเบอร์,ใช่,ใช่,0
CU-10771,รายเดือน,63,304.40,2,ADSL,ใช่,ใช่,0
CU-10772,1 ปี,2,921.45,0,ADSL,ไม่,ใช่,0
CU-10773,1 ปี,59,1464.48,1,ADSL,ใช่,ไม่,0
CU-10774,รายเดือน,9,1132.53,0,ADSL,ใช่,ใช่,0
CU-10775,รายเดือน,39,906.34,3,ADSL,ใช่,ไม่,0
CU-10776,รายเดือน,34,567.23,2,ADSL,ใช่,ไม่,0
CU-10777,รายเดือน,37,802.46,2,ไฟเบอร์,ใช่,ไม่,0
CU-10778,รายเดือน,12,1524.36,0,ไฟเบอร์,ไม่,ใช่,1
CU-10779,รายเดือน,33,1097.39,2,ADSL,ไม่,ใช่,0
CU-10780,1 ปี,10,806.84,4,ADSL,ใช่,ใช่,0
CU-10781,1 ปี,15,494.91,0,ADSL,ใช่,ใช่,0
CU-10782,รายเดือน,7,1202.52,2,ADSL,ใช่,ไม่,1
CU-10783,รายเดือน,15,1381.26,3,ADSL,ใช่,ใช่,1
CU-10784,1 ปี,59,460.06,1,ไฟเบอร์,ไม่,ใช่,0
CU-10785,รายเดือน,2,819.37,5,ADSL,ใช่,ไม่,1
CU-10786,2 ปี,36,973.19,1,ADSL,ไม่,ไม่,0
CU-10787,1 ปี,27,790.98,0,ADSL,ใช่,ไม่,0
CU-10788,2 ปี,8,715.72,0,ไฟเบอร์,ไม่,ไม่,0
CU-10789,รายเดือน,72,1066.57,4,ADSL,ใช่,ไม่,1
CU-10790,1 ปี,7,997.46,0,ADSL,ไม่,ใช่,0
CU-10791,รายเดือน,62,351.76,2,ADSL,ใช่,ใช่,0
CU-10792,รายเดือน,36,1193.45,1,ไฟเบอร์,ใช่,ไม่,0
CU-10793,1 ปี,16,491.34,1,ไฟเบอร์,ไม่,ไม่,0
CU-10794,รายเดือน,21,413.19,1,ไฟเบอร์,ใช่,ไม่,1
CU-10795,รายเดือน,28,787.13,0,ไฟเบอร์,ใช่,ใช่,1
CU-10796,2 ปี,13,372.11,5,ไฟเบอร์,ใช่,ไม่,0
CU-10797,1 ปี,54,1022.08,0,ไฟเบอร์,ใช่,ไม่,0
CU-10798,1 ปี,71,904.20,5,ADSL,ใช่,ไม่,0
CU-10799,รายเดือน,49,1248.22,4,ไฟเบอร์,ใช่,ใช่,1
CU-10800,1 ปี,53,415.17,1,ADSL,ไม่,ใช่,0
CU-10801,1 ปี,68,1500.91,2,ไฟเบอร์,ใช่,ไม่,0
CU-10802,1 ปี,7,1545.06,1,ADSL,ใช่,ใช่,1
CU-10803,1 ปี,17,1299.27,1,ADSL,ไม่,ไม่,0
CU-10804,รายเดือน,32,315.27,4,ไฟเบอร์,ใช่,ใช่,0
CU-10805,รายเดือน,59,1375.59,0,ADSL,ใช่,ใช่,1
CU-10806,1 ปี,57,1496.06,0,ไฟเบอร์,ใช่,ใช่,0
CU-10807,รายเดือน,12,1454.24,0,ADSL,ใช่,ไม่,1
CU-10808,รายเดือน,27,794.63,1,ADSL,ใช่,ไม่,1
CU-10809,1 ปี,23,1160.17,0,ไฟเบอร์,ใช่,ไม่,0
CU-10810,1 ปี,57,569.47,0,ADSL,ใช่,ไม่,0
CU-10811,รายเดือน,11,873.57,1,ADSL,ใช่,ไม่,1
CU-10812,2 ปี,26,1396.51,0,ไฟเบอร์,ใช่,ไม่,0
CU-10813,รายเดือน,6,1218.54,2,ADSL,ใช่,ใช่,0
CU-10814,รายเดือน,60,646.52,0,ไฟเบอร์,ใช่,ใช่,0
CU-10815,2 ปี,41,1049.74,2,ADSL,ใช่,ใช่,0
CU-10816,2 ปี,19,659.29,1,ADSL,ไม่,ใช่,0
CU-10817,2 ปี,64,802.44,1,ไฟเบอร์,ใช่,ใช่,0
CU-10818,รายเดือน,9,981.04,3,ไฟเบอร์,ใช่,ไม่,0
CU-10819,2 ปี,40,1467.93,5,ไฟเบอร์,ใช่,ไม่,0
CU-10820,2 ปี,48,1104.26,0,ไฟเบอร์,ใช่,ใช่,0
CU-10821,รายเดือน,30,1079.35,0,ADSL,ใช่,ใช่,0
CU-10822,รายเดือน,34,595.67,0,ADSL,ไม่,ไม่,0
CU-10823,รายเดือน,59,890.18,0,ไฟเบอร์,ใช่,ใช่,0
CU-10824,2 ปี,25,1184.72,1,ไฟเบอร์,ใช่,ใช่,0
CU-10825,รายเดือน,49,905.03,4,ไฟเบอร์,ใช่,ใช่,0
CU-10826,1 ปี,40,1173.78,0,ADSL,ไม่,ใช่,0
CU-10827,รายเดือน,69,496.75,3,ADSL,ใช่,ไม่,0
CU-10828,1 ปี,14,863.32,1,ADSL,ใช่,ไม่,0
CU-10829,รายเดือน,38,1200.63,1,ADSL,ใช่,ไม่,1
CU-10830,1 ปี,59,374.32,1,ADSL,ใช่,ใช่,0
CU-10831,รายเดือน,22,337.41,1,ไฟเบอร์,ใช่,ใช่,1
CU-10832,รายเดือน,59,908.32,5,ADSL,ใช่,ใช่,1
CU-10833,1 ปี,36,1435.02,0,ADSL,ไม่,ใช่,0
CU-10834,รายเดือน,3,1369.10,0,ไฟเบอร์,ใช่,ใช่,1
CU-10835,2 ปี,62,1240.30,0,ADSL,ใช่,ใช่,0
CU-10836,2 ปี,54,1534.43,5,ADSL,ไม่,ใช่,0
CU-10837,1 ปี,14,1444.49,4,ไฟเบอร์,ไม่,ไม่,1
CU-10838,รายเดือน,21,1448.22,2,ไฟเบอร์,ใช่,ใช่,0
CU-10839,รายเดือน,64,577.81,2,ไฟเบอร์,ไม่,ใช่,0
CU-10840,2 ปี,49,1053.71,4,ADSL,ใช่,ไม่,0
CU-10841,2 ปี,30,1254.85,4,ไฟเบอร์,ไม่,ใช่,0
CU-10842,1 ปี,51,1205.10,1,ADSL,ใช่,ใช่,0
CU-10843,1 ปี,6,1491.13,0,ADSL,ใช่,ไม่,0
CU-10844,2 ปี,21,1532.70,0,ADSL,ใช่,ใช่,0
CU-10845,1 ปี,6,508.56,2,ไฟเบอร์,ใช่,ไม่,0
CU-10846,รายเดือน,63,422.71,2,ไฟเบอร์,ใช่,ไม่,0
CU-10847,1 ปี,12,908.49,2,ไฟเบอร์,ใช่,ใช่,0
CU-10848,รายเดือน,41,1407.29,1,ADSL,ใช่,ใช่,1
CU-10849,รายเดือน,21,1200.19,1,ADSL,ใช่,ไม่,1
CU-10850,รายเดือน,11,832.14,1,ไฟเบอร์,ไม่,ใช่,1
CU-10851,รายเดือน,31,1263.32,0,ADSL,ใช่,ไม่,1
CU-10852,รายเดือน,48,1549.44,4,ADSL,ไม่,ไม่,1
CU-10853,รายเดือน,53,1378.99,0,ADSL,ใช่,ใช่,0
CU-10854,2 ปี,62,1133.60,0,ADSL,ไม่,ใช่,0
CU-10855,รายเดือน,64,1273.90,0,ADSL,ไม่,ไม่,1
CU-10856,รายเดือน,13,712.58,5,ADSL,ไม่,ใช่,1
CU-10857,2 ปี,53,939.42,2,ADSL,ไม่,ไม่,0
CU-10858,2 ปี,28,866.51,1,ADSL,ใช่,ไม่,0
CU-10859,1 ปี,71,808.64,1,ADSL,ไม่,ไม่,0
CU-10860,รายเดือน,14,599.91,3,ไฟเบอร์,ไม่,ใช่,1
CU-10861,1 ปี,14,1141.17,3,ADSL,ไม่,ใช่,1
CU-10862,1 ปี,21,511.95,1,ADSL,ใช่,ใช่,0
CU-10863,รายเดือน,26,436.20,1,ไฟเบอร์,ใช่,ไม่,0
CU-10864,รายเดือน,52,816.50,3,ไฟเบอร์,ใช่,ใช่,0
CU-10865,รายเดือน,31,499.86,1,ADSL,ใช่,ไม่,0
CU-10866,รายเดือน,2,1437.84,4,ADSL,ไม่,ใช่,1
CU-10867,1 ปี,41,1036.18,0,ADSL,ใช่,ใช่,0
CU-10868,1 ปี,52,1318.92,1,ไฟเบอร์,ไม่,ไม่,0
CU-10869,รายเดือน,38,1103.21,2,ADSL,ไม่,ไม่,0
CU-10870,รายเดือน,63,778.28,0,ไฟเบอร์,ใช่,ใช่,0
CU-10871,1 ปี,65,836.24,0,ADSL,ใช่,ใช่,0
CU-10872,รายเดือน,26,959.49,0,ADSL,ใช่,ไม่,0
CU-10873,2 ปี,30,1072.94,0,ไฟเบอร์,ใช่,ใช่,0
CU-10874,รายเดือน,30,1064.59,2,ADSL,ใช่,ไม่,1
CU-10875,1 ปี,19,767.68,1,ADSL,ใช่,ไม่,0
CU-10876,รายเดือน,48,930.24,0,ADSL,ใช่,ไม่,0
CU-10877,1 ปี,23,404.29,0,ไฟเบอร์,ไม่,ใช่,0
CU-10878,รายเดือน,58,1586.66,0,ADSL,ใช่,ใช่,0
CU-10879,รายเดือน,45,1317.67,3,ADSL,ไม่,ไม่,1
CU-10880,1 ปี,50,1589.49,3,ไฟเบอร์,ไม่,ใช่,0
CU-10881,รายเดือน,45,896.36,1,ADSL,ไม่,ไม่,0
CU-10882,1 ปี,24,794.02,0,ADSL,ใช่,ไม่,1
CU-10883,รายเดือน,51,631.30,1,ADSL,ใช่,ใช่,0
CU-10884,รายเดือน,10,1151.66,0,ADSL,ไม่,ใช่,0
CU-10885,รายเดือน,30,995.69,0,ไฟเบอร์,ใช่,ไม่,1
CU-10886,1 ปี,12,976.20,0,ADSL,ไม่,ไม่,0
CU-10887,1 ปี,41,357.55,3,ไฟเบอร์,ไม่,ใช่,0
CU-10888,1 ปี,6,442.55,0,ADSL,ใช่,ไม่,0
CU-10889,รายเดือน,67,1398.77,3,ไฟเบอร์,ไม่,ไม่,1
CU-10890,1 ปี,12,1117.39,0,ADSL,ไม่,ใช่,0
CU-10891,2 ปี,58,798.37,0,ไฟเบอร์,ไม่,ใช่,0
CU-10892,2 ปี,40,1417.72,1,ไฟเบอร์,ไม่,ไม่,1
CU-10893,รายเดือน,13,1216.98,4,ADSL,ใช่,ใช่,1
CU-10894,1 ปี,47,895.50,4,ADSL,ใช่,ใช่,0
CU-10895,2 ปี,57,1335.29,3,ADSL,ใช่,ใช่,0
CU-10896,1 ปี,20,1120.98,4,ADSL,ใช่,ไม่,1
CU-10897,รายเดือน,58,1240.77,1,ไฟเบอร์,ไม่,ไม่,0
CU-10898,1 ปี,59,1124.53,2,ไฟเบอร์,ไม่,ไม่,0
CU-10899,รายเดือน,49,1229.07,3,ไฟเบอร์,ไม่,ใช่,0
CU-10900,2 ปี,68,1465.89,1,ADSL,ไม่,ไม่,0
CU-10901,รายเดือน,1,1456.85,1,ไฟเบอร์,ใช่,ไม่,0
CU-10902,1 ปี,28,1350.79,2,ไฟเบอร์,ใช่,ใช่,0
CU-10903,1 ปี,55,636.46,0,ไฟเบอร์,ใช่,ใช่,0
CU-10904,รายเดือน,27,897.16,1,ADSL,ไม่,ใช่,1
CU-10905,รายเดือน,54,367.65,0,ADSL,ใช่,ใช่,0
CU-10906,รายเดือน,5,1257.76,1,ADSL,ไม่,ใช่,0
CU-10907,รายเดือน,42,872.18,3,ADSL,ไม่,ใช่,0
CU-10908,1 ปี,71,1345.91,2,ADSL,ไม่,ไม่,0
CU-10909,1 ปี,72,1534.05,0,ADSL,ไม่,ไม่,0
CU-10910,รายเดือน,43,1174.58,0,ADSL,ใช่,ไม่,1
CU-10911,รายเดือน,28,1502.38,0,ไฟเบอร์,ไม่,ไม่,0
CU-10912,รายเดือน,62,465.48,3,ADSL,ใช่,ใช่,0
CU-10913,1 ปี,67,1021.74,0,ไฟเบอร์,ใช่,ใช่,0
CU-10914,2 ปี,41,1329.64,0,ไฟเบอร์,ใช่,ใช่,0
CU-10915,2 ปี,39,838.39,5,ADSL,ไม่,ไม่,0
CU-10916,2 ปี,38,1316.12,1,ADSL,ไม่,ใช่,0
CU-10917,รายเดือน,8,1072.33,0,ADSL,ใช่,ใช่,0
CU-10918,2 ปี,39,1494.51,3,ไฟเบอร์,ใช่,ใช่,1
CU-10919,1 ปี,3,437.63,0,ไฟเบอร์,ไม่,ใช่,0
CU-10920,รายเดือน,2,1493.02,1,ไฟเบอร์,ใช่,ใช่,0
CU-10921,รายเดือน,18,892.92,0,ADSL,ใช่,ใช่,0
CU-10922,รายเดือน,14,848.75,3,ADSL,ใช่,ไม่,1
CU-10923,รายเดือน,47,831.45,1,ADSL,ไม่,ไม่,0
CU-10924,รายเดือน,41,1462.52,1,ADSL,ใช่,ไม่,1
CU-10925,2 ปี,65,952.11,0,ไฟเบอร์,ใช่,ใช่,0
CU-10926,รายเดือน,3,584.23,2,ไฟเบอร์,ใช่,ไม่,1
CU-10927,รายเดือน,23,675.54,0,ไฟเบอร์,ไม่,ใช่,0
CU-10928,รายเดือน,21,911.34,1,ไฟเบอร์,ใช่,ไม่,1
CU-10929,2 ปี,17,1028.37,3,ไฟเบอร์,ไม่,ใช่,0
CU-10930,1 ปี,3,383.87,2,ไฟเบอร์,ใช่,ไม่,1
CU-10931,รายเดือน,6,823.54,3,ADSL,ใช่,ใช่,1
CU-10932,2 ปี,31,923.02,0,ADSL,ใช่,ไม่,0
CU-10933,1 ปี,64,902.39,0,ADSL,ใช่,ใช่,0
CU-10934,รายเดือน,27,469.83,1,ADSL,ไม่,ไม่,1
CU-10935,2 ปี,67,534.71,0,ADSL,ใช่,ใช่,0
CU-10936,1 ปี,61,1237.10,3,ADSL,ใช่,ไม่,1
CU-10937,รายเดือน,2,1491.37,2,ADSL,ใช่,ใช่,0
CU-10938,1 ปี,33,674.86,0,ไฟเบอร์,ใช่,ไม่,0
CU-10939,รายเดือน,14,1534.10,0,ไฟเบอร์,ใช่,ใช่,0
CU-10940,1 ปี,62,1191.14,0,ADSL,ใช่,ใช่,0
CU-10941,1 ปี,30,1114.10,1,ADSL,ใช่,ไม่,0
CU-10942,รายเดือน,53,1392.47,0,ไฟเบอร์,ไม่,ไม่,1
CU-10943,รายเดือน,38,741.70,0,ADSL,ใช่,ไม่,1
CU-10944,รายเดือน,70,1398.89,1,ADSL,ใช่,ไม่,0
CU-10945,1 ปี,3,709.26,1,ADSL,ใช่,ไม่,0
CU-10946,1 ปี,21,906.50,1,ADSL,ใช่,ใช่,0
CU-10947,1 ปี,14,367.57,0,ไฟเบอร์,ใช่,ใช่,1
CU-10948,1 ปี,16,548.79,0,ไฟเบอร์,ไม่,ไม่,0
CU-10949,2 ปี,36,1368.56,2,ADSL,ไม่,ไม่,0
CU-10950,รายเดือน,68,1075.59,5,ADSL,ใช่,ใช่,1
CU-10951,รายเดือน,8,415.79,2,ADSL,ไม่,ใช่,0
CU-10952,2 ปี,18,1276.40,0,ไฟเบอร์,ใช่,ใช่,0
CU-10953,1 ปี,36,806.06,0,ADSL,ใช่,ใช่,0
CU-10954,รายเดือน,36,583.25,2,ADSL,ใช่,ใช่,0
CU-10955,รายเดือน,38,851.73,0,ADSL,ไม่,ใช่,0
CU-10956,รายเดือน,49,588.62,1,ADSL,ใช่,ไม่,0
CU-10957,รายเดือน,65,1181.85,1,ADSL,ใช่,ใช่,0
CU-10958,รายเดือน,37,356.90,1,ADSL,ใช่,ไม่,0
CU-10959,1 ปี,21,1033.70,0,ADSL,ใช่,ไม่,0
CU-10960,รายเดือน,5,962.32,2,ADSL,ใช่,ใช่,0
CU-10961,2 ปี,22,841.93,1,ADSL,ใช่,ไม่,0
CU-10962,1 ปี,41,1522.67,1,ADSL,ใช่,ใช่,1
CU-10963,รายเดือน,43,695.54,1,ไฟเบอร์,ใช่,ไม่,1
CU-10964,2 ปี,33,543.55,0,ADSL,ใช่,ไม่,0
CU-10965,1 ปี,31,908.51,0,ADSL,ใช่,ใช่,0
CU-10966,รายเดือน,29,373.36,0,ADSL,ไม่,ไม่,0
CU-10967,2 ปี,11,948.90,1,ไฟเบอร์,ไม่,ใช่,0
CU-10968,รายเดือน,62,1326.83,0,ไฟเบอร์,ไม่,ไม่,0
CU-10969,รายเดือน,16,941.82,4,ไฟเบอร์,ใช่,ไม่,1
CU-10970,รายเดือน,4,742.64,5,ไฟเบอร์,ไม่,ไม่,1
CU-10971,รายเดือน,44,1122.47,1,ไฟเบอร์,ไม่,ใช่,0
CU-10972,2 ปี,51,986.57,1,ไฟเบอร์,ไม่,ใช่,0
CU-10973,รายเดือน,26,1246.96,2,ไฟเบอร์,ใช่,ไม่,1
CU-10974,2 ปี,18,468.41,0,ADSL,ใช่,ไม่,0
CU-10975,2 ปี,36,386.34,5,ไฟเบอร์,ใช่,ใช่,0
CU-10976,2 ปี,9,409.27,0,ไฟเบอร์,ใช่,ใช่,0
CU-10977,รายเดือน,63,833.05,1,ADSL,ใช่,ใช่,1
CU-10978,1 ปี,40,1203.62,0,ADSL,ใช่,ไม่,0
CU-10979,รายเดือน,47,1029.97,0,ADSL,ใช่,ใช่,0
CU-10980,1 ปี,16,980.95,0,ไฟเบอร์,ใช่,ใช่,0
CU-10981,รายเดือน,52,880.15,1,ADSL,ใช่,ใช่,1
CU-10982,1 ปี,56,867.62,0,ไฟเบอร์,ใช่,ไม่,0
CU-10983,รายเดือน,8,1449.94,1,ADSL,ใช่,ใช่,1
CU-10984,รายเดือน,34,1531.66,2,ไฟเบอร์,ไม่,ใช่,1
CU-10985,1 ปี,23,1092.37,1,ADSL,ใช่,ใช่,0
CU-10986,รายเดือน,13,973.67,2,ไฟเบอร์,ใช่,ไม่,1
CU-10987,1 ปี,55,1474.44,1,ไฟเบอร์,ใช่,ไม่,0
CU-10988,1 ปี,67,914.77,3,ADSL,ใช่,ใช่,0
CU-10989,รายเดือน,40,414.78,0,ADSL,ไม่,ใช่,0
CU-10990,1 ปี,16,1448.67,2,ไฟเบอร์,ใช่,ใช่,0
CU-10991,2 ปี,64,1438.96,4,ไฟเบอร์,ไม่,ใช่,0
CU-10992,รายเดือน,23,1259.19,4,ไฟเบอร์,ใช่,ใช่,1
CU-10993,รายเดือน,24,1061.52,0,ไฟเบอร์,ไม่,ใช่,1
CU-10994,รายเดือน,51,1500.70,1,ADSL,ไม่,ไม่,1
CU-10995,2 ปี,3,949.80,2,ADSL,ใช่,ใช่,0
CU-10996,1 ปี,4,1451.95,0,ADSL,ใช่,ไม่,0
CU-10997,รายเดือน,41,933.83,2,ไฟเบอร์,ใช่,ใช่,1
CU-10998,รายเดือน,44,1387.64,2,ADSL,ใช่,ใช่,1
CU-10999,2 ปี,6,861.58,0,ไฟเบอร์,ไม่,ไม่,0
CU-11000,รายเดือน,20,946.27,2,ADSL,ไม่,ใช่,1
CU-11001,รายเดือน,7,505.73,1,ADSL,ใช่,ใช่,1
CU-11002,2 ปี,58,1203.72,1,ADSL,ไม่,ไม่,0
CU-11003,1 ปี,13,477.60,2,ADSL,ไม่,ใช่,0
CU-11004,รายเดือน,72,549.90,1,ADSL,ไม่,ใช่,0
CU-11005,1 ปี,36,1471.38,3,ADSL,ใช่,ไม่,0
CU-11006,1 ปี,58,1248.13,0,ไฟเบอร์,ไม่,ใช่,0
CU-11007,รายเดือน,66,1024.29,1,ไฟเบอร์,ใช่,ใช่,1
CU-11008,รายเดือน,72,1231.65,4,ADSL,ไม่,ใช่,0
CU-11009,2 ปี,45,402.74,2,ไฟเบอร์,ใช่,ไม่,0
CU-11010,รายเดือน,17,1056.81,1,ADSL,ไม่,ไม่,0
CU-11011,2 ปี,32,1470.19,3,ADSL,ใช่,ใช่,0
CU-11012,2 ปี,36,1542.81,2,ADSL,ใช่,ใช่,0
CU-11013,รายเดือน,37,613.05,0,ไฟเบอร์,ไม่,ใช่,1
CU-11014,รายเดือน,40,309.71,3,ไฟเบอร์,ใช่,ใช่,1
CU-11015,2 ปี,31,659.09,3,ไฟเบอร์,ไม่,ใช่,0
CU-11016,รายเดือน,1,372.89,2,ไฟเบอร์,ใช่,ใช่,1
CU-11017,รายเดือน,14,668.02,0,ADSL,ใช่,ไม่,0
CU-11018,รายเดือน,12,967.70,5,ADSL,ไม่,ไม่,0
CU-11019,รายเดือน,55,583.48,1,ไฟเบอร์,ใช่,ไม่,0
CU-11020,2 ปี,35,1454.27,0,ไฟเบอร์,ไม่,ใช่,0
CU-11021,รายเดือน,30,1279.22,0,ไฟเบอร์,ใช่,ไม่,1
CU-11022,รายเดือน,31,309.16,0,ไฟเบอร์,ไม่,ไม่,1
CU-11023,รายเดือน,70,484.25,1,ไฟเบอร์,ใช่,ไม่,1
CU-11024,1 ปี,42,1288.70,0,ไฟเบอร์,ใช่,ไม่,0
CU-11025,1 ปี,37,1157.79,4,ADSL,ใช่,ไม่,0
CU-11026,1 ปี,2,917.68,2,ไฟเบอร์,ใช่,ไม่,0
CU-11027,รายเดือน,23,1495.75,0,ADSL,ไม่,ไม่,1
CU-11028,1 ปี,59,410.99,0,ไฟเบอร์,ไม่,ไม่,0
CU-11029,1 ปี,42,1089.31,2,ADSL,ไม่,ใช่,1
CU-11030,รายเดือน,45,761.75,0,ไฟเบอร์,ใช่,ไม่,1
CU-11031,1 ปี,41,1558.30,2,ADSL,ใช่,ไม่,0
CU-11032,รายเดือน,56,1020.94,2,ADSL,ไม่,ไม่,0
CU-11033,รายเดือน,3,804.55,0,ไฟเบอร์,ไม่,ใช่,0
CU-11034,รายเดือน,12,1031.59,2,ไฟเบอร์,ใช่,ใช่,1
CU-11035,1 ปี,59,812.24,1,ไฟเบอร์,ไม่,ใช่,0
CU-11036,รายเดือน,4,301.50,0,ADSL,ไม่,ไม่,1
CU-11037,รายเดือน,11,1571.23,1,ADSL,ใช่,ใช่,1
CU-11038,1 ปี,21,505.25,3,ไฟเบอร์,ใช่,ใช่,0
CU-11039,รายเดือน,28,839.25,0,ไฟเบอร์,ใช่,ไม่,1
CU-11040,รายเดือน,49,904.45,1,ไฟเบอร์,ใช่,ใช่,0
CU-11041,รายเดือน,60,1482.25,0,ADSL,ไม่,ใช่,0
CU-11042,รายเดือน,52,768.90,0,ไฟเบอร์,ไม่,ใช่,0
CU-11043,รายเดือน,3,1217.35,4,ADSL,ใช่,ใช่,1
CU-11044,รายเดือน,33,1425.65,1,ไฟเบอร์,ใช่,ใช่,0
CU-11045,รายเดือน,5,968.12,2,ADSL,ใช่,ใช่,1
CU-11046,2 ปี,70,1178.01,3,ADSL,ใช่,ใช่,0
CU-11047,2 ปี,26,493.87,1,ADSL,ไม่,ใช่,0
CU-11048,2 ปี,4,801.42,2,ไฟเบอร์,ไม่,ไม่,1
CU-11049,รายเดือน,35,754.05,1,ADSL,ใช่,ใช่,0
CU-11050,รายเดือน,43,1219.14,0,ไฟเบอร์,ใช่,ใช่,0
CU-11051,รายเดือน,43,560.04,4,ไฟเบอร์,ใช่,ไม่,1
CU-11052,รายเดือน,59,927.04,5,ADSL,ใช่,ใช่,0
CU-11053,รายเดือน,22,1031.05,1,ADSL,ไม่,ใช่,0
CU-11054,รายเดือน,16,1321.62,5,ไฟเบอร์,ไม่,ไม่,1
CU-11055,รายเดือน,64,663.64,0,ไฟเบอร์,ใช่,ไม่,0
CU-11056,รายเดือน,23,1194.77,2,ADSL,ใช่,ใช่,0
CU-11057,1 ปี,29,867.78,1,ไฟเบอร์,ใช่,ใช่,1
CU-11058,รายเดือน,11,457.68,0,ADSL,ใช่,ใช่,1
CU-11059,รายเดือน,70,748.85,0,ไฟเบอร์,ใช่,ไม่,0
CU-11060,รายเดือน,54,1334.43,3,ไฟเบอร์,ไม่,ใช่,0
CU-11061,2 ปี,52,502.91,1,ADSL,ไม่,ไม่,0
CU-11062,2 ปี,36,1577.17,3,ADSL,ไม่,ใช่,0
CU-11063,รายเดือน,43,987.45,5,ADSL,ไม่,ไม่,0
CU-11064,1 ปี,65,951.23,0,ไฟเบอร์,ใช่,ใช่,0
CU-11065,1 ปี,40,367.94,0,ไฟเบอร์,ไม่,ใช่,0
CU-11066,2 ปี,20,551.35,0,ไฟเบอร์,ใช่,ใช่,0
CU-11067,รายเดือน,44,1478.92,0,ADSL,ใช่,ใช่,1
CU-11068,รายเดือน,63,1554.16,0,ADSL,ใช่,ใช่,0
CU-11069,2 ปี,18,690.70,3,ไฟเบอร์,ใช่,ใช่,0
CU-11070,1 ปี,38,875.78,2,ไฟเบอร์,ไม่,ไม่,0
CU-11071,รายเดือน,52,337.73,2,ไฟเบอร์,ใช่,ใช่,1
CU-11072,รายเดือน,68,1407.44,3,ไฟเบอร์,ไม่,ไม่,1
CU-11073,รายเดือน,24,859.61,3,ไฟเบอร์,ใช่,ไม่,1
CU-11074,รายเดือน,44,626.18,2,ไฟเบอร์,ใช่,ไม่,1
CU-11075,รายเดือน,13,1381.63,2,ไฟเบอร์,ไม่,ใช่,1
CU-11076,รายเดือน,48,1390.99,1,ไฟเบอร์,ใช่,ไม่,1
CU-11077,รายเดือน,43,1327.15,0,ไฟเบอร์,ไม่,ไม่,0
CU-11078,รายเดือน,30,1290.58,1,ไฟเบอร์,ไม่,ใช่,1
CU-11079,รายเดือน,13,1018.19,5,ไฟเบอร์,ใช่,ใช่,1
CU-11080,2 ปี,28,655.92,5,ไฟเบอร์,ไม่,ใช่,0
CU-11081,รายเดือน,63,560.47,1,ADSL,ใช่,ไม่,0
CU-11082,1 ปี,23,919.81,1,ADSL,ใช่,ใช่,1
CU-11083,2 ปี,56,1417.30,1,ADSL,ใช่,ไม่,0
CU-11084,รายเดือน,32,1230.09,2,ADSL,ใช่,ใช่,0
CU-11085,รายเดือน,32,1028.37,2,ADSL,ใช่,ไม่,0
CU-11086,1 ปี,68,970.83,2,ADSL,ใช่,ไม่,0
CU-11087,1 ปี,35,745.90,2,ไฟเบอร์,ใช่,ใช่,0
CU-11088,1 ปี,23,1084.72,0,ไฟเบอร์,ใช่,ใช่,0
CU-11089,รายเดือน,46,393.36,0,ADSL,ใช่,ใช่,0
CU-11090,รายเดือน,48,1407.55,4,ADSL,ใช่,ใช่,0
CU-11091,รายเดือน,36,1342.98,0,ADSL,ไม่,ใช่,0
CU-11092,รายเดือน,30,1159.54,3,ไฟเบอร์,ใช่,ไม่,1
CU-11093,1 ปี,12,1226.82,1,ไฟเบอร์,ไม่,ไม่,1
CU-11094,1 ปี,55,1362.36,0,ADSL,ไม่,ใช่,0
CU-11095,รายเดือน,52,797.11,1,ADSL,ใช่,ใช่,0
CU-11096,รายเดือน,33,1171.55,4,ADSL,ใช่,ใช่,1
CU-11097,รายเดือน,7,667.49,5,ไฟเบอร์,ใช่,ใช่,1
CU-11098,รายเดือน,45,608.64,0,ไฟเบอร์,ใช่,ไม่,0
CU-11099,2 ปี,32,983.15,0,ADSL,ใช่,ใช่,0
CU-11100,2 ปี,55,1525.28,1,ไฟเบอร์,ไม่,ใช่,0
CU-11101,2 ปี,72,1032.69,0,ไฟเบอร์,ใช่,ไม่,0
CU-11102,รายเดือน,60,1489.08,0,ไฟเบอร์,ไม่,ใช่,0
CU-11103,รายเดือน,54,649.00,1,ไฟเบอร์,ใช่,ไม่,1
CU-11104,รายเดือน,70,751.00,2,ADSL,ใช่,ใช่,1
CU-11105,2 ปี,49,350.30,4,ADSL,ใช่,ใช่,0
CU-11106,2 ปี,21,1015.17,0,ADSL,ไม่,ใช่,0
CU-11107,รายเดือน,13,718.42,2,ไฟเบอร์,ใช่,ใช่,1
CU-11108,2 ปี,50,330.56,0,ไฟเบอร์,ใช่,ไม่,0
CU-11109,รายเดือน,25,1446.27,4,ADSL,ใช่,ใช่,1
CU-11110,รายเดือน,65,849.62,4,ไฟเบอร์,ใช่,ไม่,0
CU-11111,1 ปี,66,1040.76,0,ไฟเบอร์,ใช่,ใช่,0
CU-11112,รายเดือน,4,1301.76,0,ADSL,ใช่,ใช่,1
CU-11113,รายเดือน,68,683.73,0,ADSL,ไม่,ใช่,0
CU-11114,2 ปี,48,787.37,0,ไฟเบอร์,ไม่,ไม่,0
CU-11115,รายเดือน,34,1154.18,1,ไฟเบอร์,ใช่,ใช่,1
CU-11116,1 ปี,44,1034.48,3,ADSL,ไม่,ใช่,0
CU-11117,1 ปี,27,837.65,0,ADSL,ใช่,ใช่,0
CU-11118,รายเดือน,24,1322.11,2,ADSL,ไม่,ไม่,1
CU-11119,1 ปี,9,1489.30,1,ADSL,ใช่,ใช่,0
CU-11120,รายเดือน,44,841.08,1,ADSL,ไม่,ไม่,1
CU-11121,1 ปี,45,1528.96,2,ไฟเบอร์,ใช่,ใช่,0
CU-11122,รายเดือน,6,633.31,3,ไฟเบอร์,ใช่,ใช่,1
CU-11123,รายเดือน,15,1342.32,2,ADSL,ไม่,ไม่,1
CU-11124,2 ปี,72,1259.42,0,ไฟเบอร์,ใช่,ไม่,0
CU-11125,รายเดือน,35,1088.60,2,ไฟเบอร์,ใช่,ใช่,1
CU-11126,1 ปี,27,1374.80,2,ADSL,ไม่,ใช่,0
CU-11127,รายเดือน,53,1058.83,2,ADSL,ไม่,ใช่,0
CU-11128,รายเดือน,32,320.06,1,ไฟเบอร์,ใช่,ไม่,1
CU-11129,1 ปี,8,363.56,5,ADSL,ใช่,ใช่,0
CU-11130,1 ปี,61,357.69,0,ADSL,ใช่,ใช่,0
CU-11131,รายเดือน,26,1292.37,2,ไฟเบอร์,ใช่,ใช่,1
CU-11132,2 ปี,56,1468.34,1,ADSL,ใช่,ใช่,0
CU-11133,รายเดือน,53,455.91,4,ADSL,ไม่,ใช่,0
CU-11134,1 ปี,41,1073.80,1,ADSL,ใช่,ใช่,0
CU-11135,รายเดือน,18,579.14,0,ไฟเบอร์,ใช่,ใช่,0
CU-11136,1 ปี,66,818.86,0,ไฟเบอร์,ใช่,ไม่,0
CU-11137,2 ปี,7,841.03,3,ADSL,ไม่,ใช่,0
CU-11138,รายเดือน,4,595.35,5,ADSL,ไม่,ใช่,1
CU-11139,รายเดือน,3,580.76,1,ไฟเบอร์,ไม่,ใช่,0
CU-11140,2 ปี,34,500.55,1,ไฟเบอร์,ไม่,ใช่,0
CU-11141,2 ปี,63,1162.70,1,ไฟเบอร์,ใช่,ใช่,1
CU-11142,รายเดือน,34,702.09,2,ADSL,ใช่,ใช่,1
CU-11143,รายเดือน,31,299.13,3,ADSL,ใช่,ไม่,1
CU-11144,รายเดือน,56,1424.83,0,ไฟเบอร์,ใช่,ไม่,1
CU-11145,รายเดือน,1,1008.13,0,ไฟเบอร์,ใช่,ไม่,1
CU-11146,1 ปี,29,356.98,5,ไฟเบอร์,ใช่,ไม่,0
CU-11147,1 ปี,59,1210.84,2,ADSL,ใช่,ไม่,0
CU-11148,รายเดือน,24,1372.08,1,ADSL,ใช่,ไม่,1
CU-11149,รายเดือน,62,1562.23,1,ไฟเบอร์,ใช่,ใช่,1
CU-11150,1 ปี,17,318.01,0,ADSL,ไม่,ไม่,0
CU-11151,2 ปี,33,1163.55,0,ไฟเบอร์,ไม่,ไม่,0
CU-11152,1 ปี,72,352.48,0,ไฟเบอร์,ไม่,ไม่,0
CU-11153,2 ปี,69,965.57,0,ADSL,ใช่,ใช่,0
CU-11154,2 ปี,39,1210.84,0,ADSL,ใช่,ไม่,0
CU-11155,รายเดือน,34,745.44,1,ADSL,ไม่,ไม่,0
CU-11156,รายเดือน,58,684.85,0,ADSL,ใช่,ใช่,0
CU-11157,1 ปี,27,418.83,0,ไฟเบอร์,ใช่,ไม่,1
CU-11158,รายเดือน,68,413.52,0,ADSL,ไม่,ใช่,1
CU-11159,รายเดือน,14,1461.84,0,ADSL,ใช่,ไม่,1
CU-11160,รายเดือน,51,938.25,3,ADSL,ใช่,ใช่,0
CU-11161,1 ปี,72,633.46,2,ADSL,ไม่,ใช่,0
CU-11162,1 ปี,31,651.00,1,ADSL,ใช่,ใช่,0
CU-11163,รายเดือน,39,405.39,0,ADSL,ไม่,ไม่,0
CU-11164,รายเดือน,14,911.64,1,ไฟเบอร์,ไม่,ใช่,1
CU-11165,1 ปี,67,892.39,5,ADSL,ใช่,ใช่,0
CU-11166,รายเดือน,49,667.98,2,ไฟเบอร์,ใช่,ไม่,1
CU-11167,2 ปี,8,1049.64,2,ไฟเบอร์,ใช่,ไม่,1
CU-11168,1 ปี,71,417.20,0,ADSL,ใช่,ไม่,0
CU-11169,2 ปี,40,681.25,0,ADSL,ไม่,ไม่,0
CU-11170,รายเดือน,29,705.19,1,ADSL,ใช่,ใช่,0
CU-11171,รายเดือน,39,860.51,2,ADSL,ใช่,ไม่,1
CU-11172,2 ปี,40,1497.75,5,ไฟเบอร์,ไม่,ไม่,0
CU-11173,1 ปี,66,881.45,1,ADSL,ใช่,ไม่,0
CU-11174,2 ปี,43,381.34,2,ไฟเบอร์,ใช่,ใช่,0
CU-11175,2 ปี,30,920.42,3,ADSL,ใช่,ไม่,0
CU-11176,1 ปี,6,1204.47,1,ADSL,ไม่,ใช่,0
CU-11177,รายเดือน,45,351.87,1,ไฟเบอร์,ไม่,ใช่,0
CU-11178,รายเดือน,36,1580.56,2,ADSL,ใช่,ไม่,0
CU-11179,2 ปี,43,1204.40,2,ADSL,ใช่,ไม่,0
CU-11180,รายเดือน,2,341.45,0,ADSL,ใช่,ไม่,1
CU-11181,2 ปี,35,1389.35,1,ADSL,ใช่,ใช่,0
CU-11182,2 ปี,56,988.29,2,ADSL,ไม่,ใช่,0
CU-11183,รายเดือน,43,872.13,0,ADSL,ใช่,ไม่,0
CU-11184,1 ปี,50,755.85,3,ไฟเบอร์,ใช่,ใช่,0
CU-11185,รายเดือน,35,1097.24,4,ADSL,ไม่,ไม่,1
CU-11186,รายเดือน,56,389.86,4,ไฟเบอร์,ใช่,ใช่,1
CU-11187,รายเดือน,59,854.90,4,ไฟเบอร์,ไม่,ไม่,1
CU-11188,รายเดือน,35,1139.64,2,ADSL,ใช่,ไม่,1
CU-11189,รายเดือน,12,734.33,0,ADSL,ใช่,ใช่,1
CU-11190,1 ปี,2,1379.50,0,ADSL,ใช่,ไม่,0
CU-11191,2 ปี,4,1212.31,0,ADSL,ใช่,ใช่,0
CU-11192,รายเดือน,58,693.79,2,ADSL,ไม่,ใช่,0
CU-11193,รายเดือน,30,1578.47,0,ADSL,ใช่,ไม่,1
CU-11194,1 ปี,58,1296.94,0,ไฟเบอร์,ใช่,ใช่,0
CU-11195,รายเดือน,10,1551.93,0,ไฟเบอร์,ใช่,ใช่,1
CU-11196,2 ปี,2,1153.69,0,ไฟเบอร์,ไม่,ใช่,0
CU-11197,2 ปี,2,471.91,3,ADSL,ไม่,ไม่,0
CU-11198,รายเดือน,40,800.54,3,ADSL,ไม่,ใช่,1
CU-11199,1 ปี,1,532.23,4,ADSL,ใช่,ไม่,1
CU-11200,รายเดือน,23,449.11,1,ADSL,ใช่,ใช่,0
CU-11201,1 ปี,30,744.95,1,ADSL,ใช่,ใช่,0
CU-11202,รายเดือน,9,1585.54,0,ไฟเบอร์,ไม่,ไม่,1
CU-11203,1 ปี,65,728.83,4,ADSL,ใช่,ใช่,0
CU-11204,รายเดือน,72,445.38,2,ADSL,ใช่,ไม่,0
CU-11205,2 ปี,30,1225.66,5,ไฟเบอร์,ใช่,ไม่,0
CU-11206,รายเดือน,12,316.16,0,ADSL,ไม่,ใช่,0
CU-11207,รายเดือน,6,676.75,0,ไฟเบอร์,ใช่,ไม่,1
CU-11208,1 ปี,12,613.16,1,ไฟเบอร์,ไม่,ไม่,0
CU-11209,2 ปี,42,1482.17,4,ไฟเบอร์,ใช่,ไม่,0
CU-11210,1 ปี,32,581.82,4,ADSL,ใช่,ใช่,0
CU-11211,2 ปี,51,1393.93,1,ADSL,ไม่,ใช่,0
CU-11212,รายเดือน,24,871.11,3,ADSL,ใช่,ไม่,1
CU-11213,2 ปี,28,481.67,0,ADSL,ใช่,ไม่,0
CU-11214,2 ปี,13,1503.32,0,ADSL,ใช่,ไม่,1
CU-11215,รายเดือน,55,1466.22,0,ไฟเบอร์,ไม่,ไม่,0
CU-11216,รายเดือน,37,1311.83,0,ไฟเบอร์,ไม่,ไม่,1
CU-11217,รายเดือน,14,1124.72,1,ไฟเบอร์,ใช่,ใช่,1
CU-11218,2 ปี,69,1082.73,0,ADSL,ใช่,ไม่,0
CU-11219,1 ปี,46,676.99,2,ไฟเบอร์,ใช่,ไม่,0
CU-11220,รายเดือน,37,1508.77,0,ไฟเบอร์,ไม่,ใช่,0
CU-11221,2 ปี,43,1129.76,0,ADSL,ใช่,ไม่,0
CU-11222,1 ปี,32,931.71,4,ไฟเบอร์,ใช่,ใช่,0
CU-11223,รายเดือน,54,1511.76,1,ไฟเบอร์,ไม่,ใช่,1
CU-11224,1 ปี,7,1446.27,0,ADSL,ไม่,ไม่,0
CU-11225,2 ปี,30,1011.01,0,ADSL,ไม่,ใช่,0
CU-11226,รายเดือน,14,1030.88,0,ไฟเบอร์,ใช่,ไม่,1
CU-11227,1 ปี,19,1489.35,4,ไฟเบอร์,ใช่,ใช่,1
CU-11228,รายเดือน,39,367.78,0,ไฟเบอร์,ใช่,ใช่,0
CU-11229,รายเดือน,22,1382.78,4,ADSL,ไม่,ไม่,1
CU-11230,รายเดือน,26,733.81,3,ไฟเบอร์,ใช่,ใช่,1
CU-11231,2 ปี,30,652.97,1,ADSL,ใช่,ใช่,0
CU-11232,1 ปี,71,865.80,4,ADSL,ใช่,ใช่,1
CU-11233,รายเดือน,40,1240.54,3,ไฟเบอร์,ไม่,ไม่,1
CU-11234,รายเดือน,45,1300.32,0,ไฟเบอร์,ใช่,ใช่,0
CU-11235,รายเดือน,27,656.41,0,ADSL,ใช่,ใช่,0
CU-11236,1 ปี,50,1062.26,0,ADSL,ไม่,ใช่,0
CU-11237,รายเดือน,54,333.57,3,ไฟเบอร์,ไม่,ไม่,0
CU-11238,1 ปี,33,338.03,0,ADSL,ไม่,ใช่,0
CU-11239,1 ปี,37,363.35,1,ไฟเบอร์,ไม่,ไม่,1
CU-11240,2 ปี,12,595.90,3,ADSL,ใช่,ใช่,0
CU-11241,1 ปี,48,342.22,1,ADSL,ไม่,ไม่,0
CU-11242,รายเดือน,47,362.43,0,ADSL,ใช่,ใช่,0
CU-11243,2 ปี,19,587.25,0,ไฟเบอร์,ใช่,ไม่,0
CU-11244,1 ปี,16,392.88,2,ไฟเบอร์,ใช่,ไม่,0
CU-11245,รายเดือน,24,1454.55,4,ไฟเบอร์,ใช่,ใช่,0
CU-11246,2 ปี,52,991.98,1,ADSL,ใช่,ใช่,0
CU-11247,1 ปี,13,935.80,4,ไฟเบอร์,ไม่,ใช่,1
CU-11248,รายเดือน,57,888.26,0,ไฟเบอร์,ไม่,ใช่,0
CU-11249,รายเดือน,19,408.01,0,ไฟเบอร์,ใช่,ใช่,1
CU-11250,รายเดือน,5,1245.23,1,ADSL,ใช่,ใช่,1
CU-11251,1 ปี,48,961.96,0,ADSL,ใช่,ไม่,0
CU-11252,รายเดือน,37,1217.79,1,ไฟเบอร์,ไม่,ไม่,0
CU-11253,รายเดือน,46,838.07,4,ADSL,ใช่,ใช่,0
CU-11254,รายเดือน,6,1075.63,0,ADSL,ใช่,ใช่,1
CU-11255,รายเดือน,20,1044.79,0,ADSL,ไม่,ใช่,0
CU-11256,รายเดือน,26,466.06,0,ไฟเบอร์,ไม่,ใช่,1
CU-11257,รายเดือน,10,1447.76,0,ไฟเบอร์,ไม่,ไม่,1
CU-11258,รายเดือน,58,1518.56,3,ADSL,ใช่,ใช่,0
CU-11259,1 ปี,37,631.56,3,ADSL,ไม่,ไม่,0
CU-11260,2 ปี,9,1007.01,0,ADSL,ใช่,ใช่,0
CU-11261,1 ปี,7,912.15,3,ADSL,ไม่,ไม่,0
CU-11262,2 ปี,35,1211.34,0,ADSL,ไม่,ใช่,0
CU-11263,รายเดือน,62,1071.63,5,ไฟเบอร์,ใช่,ไม่,1
CU-11264,2 ปี,49,1464.71,0,ไฟเบอร์,ใช่,ไม่,0
CU-11265,รายเดือน,12,1103.77,1,ADSL,ไม่,ใช่,1
CU-11266,รายเดือน,47,1076.35,0,ไฟเบอร์,ใช่,ไม่,0
CU-11267,รายเดือน,49,847.24,1,ไฟเบอร์,ใช่,ไม่,0
CU-11268,รายเดือน,57,802.72,1,ADSL,ใช่,ใช่,0
CU-11269,รายเดือน,49,1051.74,3,ADSL,ใช่,ใช่,0
CU-11270,2 ปี,21,767.75,0,ไฟเบอร์,ใช่,ใช่,0
CU-11271,รายเดือน,15,1204.98,0,ไฟเบอร์,ไม่,ใช่,1
CU-11272,2 ปี,27,514.45,0,ไฟเบอร์,ไม่,ไม่,0
CU-11273,2 ปี,3,1369.05,1,ADSL,ใช่,ไม่,0
CU-11274,รายเดือน,12,384.67,5,ADSL,ใช่,ไม่,1
CU-11275,รายเดือน,45,1286.08,0,ADSL,ใช่,ใช่,1
CU-11276,รายเดือน,45,637.01,1,ไฟเบอร์,ไม่,ไม่,0
CU-11277,รายเดือน,4,1249.67,0,ไฟเบอร์,ใช่,ใช่,1
CU-11278,รายเดือน,30,342.29,0,ADSL,ใช่,ไม่,0
CU-11279,2 ปี,51,802.00,3,ADSL,ใช่,ไม่,0
CU-11280,รายเดือน,17,854.55,4,ADSL,ไม่,ไม่,0
CU-11281,รายเดือน,50,1178.22,2,ไฟเบอร์,ใช่,ไม่,1
CU-11282,รายเดือน,18,1045.96,0,ADSL,ใช่,ไม่,1
CU-11283,1 ปี,15,1575.38,1,ADSL,ไม่,ไม่,0
CU-11284,2 ปี,25,823.99,1,ไฟเบอร์,ไม่,ใช่,0
CU-11285,รายเดือน,44,306.95,1,ไฟเบอร์,ไม่,ใช่,0
CU-11286,1 ปี,4,1365.20,2,ไฟเบอร์,ใช่,ไม่,0
CU-11287,1 ปี,38,695.15,0,ไฟเบอร์,ใช่,ไม่,0
CU-11288,1 ปี,48,946.43,1,ไฟเบอร์,ใช่,ไม่,0
CU-11289,1 ปี,2,1220.11,1,ไฟเบอร์,ไม่,ใช่,0
CU-11290,รายเดือน,6,1433.96,1,ADSL,ใช่,ไม่,1
CU-11291,รายเดือน,65,529.58,0,ADSL,ไม่,ไม่,0
CU-11292,1 ปี,51,1394.41,2,ไฟเบอร์,ไม่,ไม่,0
CU-11293,1 ปี,3,1502.79,0,ไฟเบอร์,ไม่,ใช่,1
CU-11294,1 ปี,16,1503.14,1,ADSL,ใช่,ไม่,0
CU-11295,1 ปี,28,1359.49,0,ADSL,ไม่,ใช่,0
CU-11296,รายเดือน,62,904.43,3,ADSL,ใช่,ไม่,0
CU-11297,2 ปี,1,1248.19,1,ADSL,ไม่,ใช่,0
CU-11298,รายเดือน,35,1277.90,4,ADSL,ใช่,ใช่,1
CU-11299,1 ปี,43,379.26,1,ไฟเบอร์,ใช่,ใช่,0
CU-11300,1 ปี,39,1475.46,1,ADSL,ใช่,ใช่,0
CU-11301,1 ปี,2,1504.74,2,ไฟเบอร์,ไม่,ไม่,1
CU-11302,รายเดือน,13,1096.28,0,ไฟเบอร์,ใช่,ใช่,1
CU-11303,1 ปี,53,1348.82,3,ไฟเบอร์,ใช่,ไม่,0
CU-11304,รายเดือน,15,1330.73,0,ไฟเบอร์,ใช่,ไม่,1
CU-11305,รายเดือน,11,851.25,0,ADSL,ไม่,ไม่,0
CU-11306,รายเดือน,28,990.16,0,ไฟเบอร์,ใช่,ใช่,0
CU-11307,1 ปี,22,1291.96,0,ไฟเบอร์,ไม่,ใช่,0
CU-11308,รายเดือน,65,1455.47,0,ไฟเบอร์,ใช่,ใช่,0
CU-11309,รายเดือน,28,1113.04,1,ไฟเบอร์,ใช่,ใช่,0
CU-11310,2 ปี,50,440.81,3,ADSL,ใช่,ไม่,0
CU-11311,2 ปี,34,811.87,0,ไฟเบอร์,ใช่,ใช่,0
CU-11312,1 ปี,6,415.32,2,ไฟเบอร์,ใช่,ไม่,0
CU-11313,1 ปี,27,1126.97,3,ไฟเบอร์,ใช่,ใช่,0
CU-11314,รายเดือน,63,933.29,0,ไฟเบอร์,ไม่,ใช่,0
CU-11315,รายเดือน,31,1282.48,2,ADSL,ไม่,ใช่,1
CU-11316,รายเดือน,10,1118.09,3,ไฟเบอร์,ใช่,ใช่,1
CU-11317,2 ปี,65,1547.44,0,ADSL,ใช่,ไม่,0
CU-11318,รายเดือน,23,1222.37,4,ไฟเบอร์,ไม่,ใช่,1
CU-11319,รายเดือน,18,1217.03,1,ไฟเบอร์,ใช่,ไม่,1
CU-11320,รายเดือน,26,1089.22,2,ไฟเบอร์,ใช่,ใช่,0
CU-11321,1 ปี,50,419.55,1,ADSL,ไม่,ไม่,0
CU-11322,2 ปี,25,1270.84,0,ADSL,ไม่,ไม่,0
CU-11323,2 ปี,34,1438.87,5,ADSL,ใช่,ไม่,0
CU-11324,2 ปี,17,889.99,1,ADSL,ไม่,ไม่,0
CU-11325,2 ปี,55,1291.70,1,ไฟเบอร์,ใช่,ใช่,0
CU-11326,2 ปี,62,404.92,1,ไฟเบอร์,ใช่,ใช่,0
CU-11327,รายเดือน,6,1188.85,0,ไฟเบอร์,ใช่,ใช่,1
CU-11328,รายเดือน,27,848.74,0,ไฟเบอร์,ไม่,ใช่,0
CU-11329,รายเดือน,55,401.83,0,ADSL,ใช่,ไม่,0
CU-11330,รายเดือน,12,636.03,1,ADSL,ไม่,ไม่,0
CU-11331,รายเดือน,31,442.87,0,ADSL,ไม่,ใช่,1
CU-11332,รายเดือน,22,1107.56,0,ADSL,ไม่,ไม่,1
CU-11333,รายเดือน,15,407.82,3,ADSL,ไม่,ใช่,1
CU-11334,รายเดือน,72,1295.16,1,ADSL,ไม่,ใช่,0
CU-11335,1 ปี,28,1467.71,2,ไฟเบอร์,ใช่,ใช่,0
CU-11336,2 ปี,29,1198.43,1,ไฟเบอร์,ใช่,ใช่,0
CU-11337,รายเดือน,47,1035.84,0,ไฟเบอร์,ไม่,ใช่,0
CU-11338,รายเดือน,45,365.57,4,ไฟเบอร์,ใช่,ไม่,1
CU-11339,1 ปี,37,1140.44,0,ADSL,ใช่,ใช่,0
CU-11340,2 ปี,54,867.98,1,ADSL,ใช่,ใช่,0
CU-11341,2 ปี,13,1395.35,0,ไฟเบอร์,ใช่,ไม่,0
CU-11342,รายเดือน,3,646.91,1,ADSL,ใช่,ใช่,1
CU-11343,1 ปี,2,1005.71,0,ADSL,ไม่,ใช่,0
CU-11344,1 ปี,48,540.47,0,ADSL,ใช่,ใช่,0
CU-11345,รายเดือน,42,799.87,0,ไฟเบอร์,ใช่,ใช่,1
CU-11346,2 ปี,28,1107.72,5,ADSL,ไม่,ไม่,0
CU-11347,รายเดือน,33,1248.13,0,ADSL,ไม่,ใช่,1
CU-11348,1 ปี,47,796.60,1,ไฟเบอร์,ใช่,ไม่,0
CU-11349,1 ปี,29,313.01,2,ไฟเบอร์,ไม่,ไม่,0
CU-11350,1 ปี,14,845.93,1,ไฟเบอร์,ใช่,ใช่,0
CU-11351,รายเดือน,36,767.58,0,ไฟเบอร์,ใช่,ไม่,1
CU-11352,รายเดือน,40,759.37,1,ADSL,ใช่,ใช่,0
CU-11353,รายเดือน,29,912.40,0,ADSL,ใช่,ไม่,1
CU-11354,รายเดือน,64,1209.06,1,ไฟเบอร์,ไม่,ใช่,0
CU-11355,รายเดือน,11,595.17,4,ADSL,ไม่,ไม่,1
CU-11356,2 ปี,4,1330.87,0,ADSL,ไม่,ไม่,0
CU-11357,2 ปี,47,635.19,0,ADSL,ไม่,ใช่,0
CU-11358,รายเดือน,40,1586.95,2,ไฟเบอร์,ใช่,ใช่,0
CU-11359,รายเดือน,50,614.53,2,ไฟเบอร์,ใช่,ไม่,1
CU-11360,2 ปี,45,494.46,3,ไฟเบอร์,ใช่,ใช่,0
CU-11361,1 ปี,67,1384.63,4,ADSL,ไม่,ใช่,0
CU-11362,รายเดือน,34,1406.35,0,ADSL,ใช่,ไม่,1
CU-11363,รายเดือน,23,764.85,0,ADSL,ใช่,ใช่,0
CU-11364,รายเดือน,47,710.77,2,ไฟเบอร์,ไม่,ใช่,0
CU-11365,2 ปี,66,1065.58,0,ADSL,ไม่,ใช่,0
CU-11366,รายเดือน,29,1007.08,0,ADSL,ใช่,ใช่,1
CU-11367,รายเดือน,69,722.18,3,ไฟเบอร์,ใช่,ใช่,1
CU-11368,รายเดือน,36,1039.42,0,ADSL,ไม่,ไม่,0
CU-11369,รายเดือน,22,782.00,0,ADSL,ไม่,ไม่,0
CU-11370,1 ปี,50,1064.28,4,ไฟเบอร์,ไม่,ไม่,1
CU-11371,รายเดือน,29,1015.90,3,ไฟเบอร์,ไม่,ใช่,0
CU-11372,1 ปี,20,1084.33,1,ADSL,ไม่,ใช่,0
CU-11373,รายเดือน,59,1412.24,0,ADSL,ใช่,ไม่,1
CU-11374,รายเดือน,50,1526.33,3,ไฟเบอร์,ใช่,ไม่,1
CU-11375,รายเดือน,23,1073.79,1,ADSL,ใช่,ใช่,0
CU-11376,2 ปี,37,1038.56,0,ไฟเบอร์,ใช่,ใช่,0
CU-11377,รายเดือน,36,546.10,5,ไฟเบอร์,ไม่,ใช่,1
CU-11378,1 ปี,32,1336.44,5,ADSL,ใช่,ใช่,1
CU-11379,รายเดือน,10,1204.75,3,ADSL,ใช่,ใช่,1
CU-11380,รายเดือน,51,814.29,3,ADSL,ไม่,ใช่,0
CU-11381,รายเดือน,13,1046.52,0,ADSL,ไม่,ใช่,1
CU-11382,2 ปี,36,729.14,4,ไฟเบอร์,ใช่,ไม่,0
CU-11383,รายเดือน,66,990.29,0,ADSL,ไม่,ไม่,0
CU-11384,2 ปี,46,821.90,5,ไฟเบอร์,ใช่,ไม่,1
CU-11385,รายเดือน,46,1192.05,3,ADSL,ใช่,ใช่,1
CU-11386,1 ปี,31,1071.65,0,ไฟเบอร์,ใช่,ใช่,0
CU-11387,รายเดือน,52,1439.50,0,ไฟเบอร์,ไม่,ใช่,1
CU-11388,รายเดือน,45,578.65,0,ADSL,ใช่,ใช่,1
CU-11389,1 ปี,51,614.58,1,ADSL,ไม่,ใช่,0
CU-11390,1 ปี,44,590.26,0,ADSL,ใช่,ไม่,0
CU-11391,รายเดือน,27,566.75,3,ไฟเบอร์,ไม่,ใช่,0
CU-11392,รายเดือน,9,334.24,2,ไฟเบอร์,ใช่,ใช่,0
CU-11393,รายเดือน,3,560.63,0,ไฟเบอร์,ใช่,ไม่,0
CU-11394,1 ปี,64,968.33,3,ไฟเบอร์,ใช่,ใช่,0
CU-11395,2 ปี,24,834.09,4,ADSL,ใช่,ใช่,0
CU-11396,1 ปี,5,733.26,3,ADSL,ไม่,ไม่,1
CU-11397,รายเดือน,4,388.25,1,ไฟเบอร์,ใช่,ใช่,0
CU-11398,รายเดือน,34,820.66,4,ไฟเบอร์,ใช่,ใช่,1
CU-11399,รายเดือน,20,1104.70,1,ADSL,ใช่,ใช่,1
CU-11400,2 ปี,6,1097.18,0,ไฟเบอร์,ไม่,ใช่,0
CU-11401,รายเดือน,61,1215.18,0,ไฟเบอร์,ใช่,ไม่,1
CU-11402,2 ปี,14,1452.38,2,ไฟเบอร์,ไม่,ใช่,0
CU-11403,1 ปี,46,602.46,1,ADSL,ไม่,ใช่,0
CU-11404,1 ปี,61,538.55,1,ADSL,ไม่,ใช่,0
CU-11405,รายเดือน,20,348.68,1,ไฟเบอร์,ใช่,ไม่,1
CU-11406,1 ปี,25,1302.82,0,ไฟเบอร์,ใช่,ใช่,0
CU-11407,รายเดือน,31,1363.39,2,ADSL,ใช่,ไม่,0
CU-11408,รายเดือน,18,925.77,0,ADSL,ไม่,ไม่,1
CU-11409,1 ปี,33,873.42,1,ADSL,ใช่,ไม่,0
CU-11410,1 ปี,1,969.79,2,ไฟเบอร์,ไม่,ใช่,1
CU-11411,1 ปี,8,528.05,2,ADSL,ไม่,ไม่,0
CU-11412,รายเดือน,16,728.58,3,ADSL,ไม่,ไม่,1
CU-11413,1 ปี,1,621.19,0,ADSL,ใช่,ใช่,0
CU-11414,2 ปี,56,1389.87,1,ไฟเบอร์,ไม่,ใช่,0
CU-11415,รายเดือน,35,692.01,0,ADSL,ไม่,ใช่,0
CU-11416,2 ปี,47,610.52,1,ไฟเบอร์,ไม่,ใช่,0
CU-11417,รายเดือน,38,848.60,0,ไฟเบอร์,ไม่,ใช่,0
CU-11418,รายเดือน,70,446.87,0,ADSL,ไม่,ใช่,0
CU-11419,1 ปี,6,411.14,2,ไฟเบอร์,ใช่,ใช่,0
CU-11420,รายเดือน,25,1183.48,1,ADSL,ใช่,ไม่,1
CU-11421,รายเดือน,38,734.52,2,ADSL,ใช่,ไม่,0
CU-11422,รายเดือน,48,702.47,0,ไฟเบอร์,ใช่,ไม่,0
CU-11423,2 ปี,23,385.35,0,ไฟเบอร์,ใช่,ใช่,0
CU-11424,รายเดือน,47,1435.44,0,ไฟเบอร์,ไม่,ใช่,0
CU-11425,รายเดือน,67,1233.85,5,ไฟเบอร์,ไม่,ไม่,1
CU-11426,1 ปี,58,779.53,0,ADSL,ไม่,ไม่,0
CU-11427,2 ปี,36,614.23,5,ADSL,ไม่,ใช่,0
CU-11428,รายเดือน,67,1211.15,3,ADSL,ใช่,ใช่,0
CU-11429,1 ปี,3,1358.56,2,ADSL,ไม่,ไม่,0
CU-11430,2 ปี,18,1468.37,2,ไฟเบอร์,ไม่,ไม่,1
CU-11431,2 ปี,68,1460.36,5,ไฟเบอร์,ใช่,ใช่,0
CU-11432,1 ปี,47,1090.43,2,ไฟเบอร์,ไม่,ใช่,1
CU-11433,รายเดือน,64,720.90,0,ADSL,ใช่,ไม่,0
CU-11434,1 ปี,38,406.55,1,ไฟเบอร์,ใช่,ไม่,0
CU-11435,รายเดือน,11,754.16,5,ไฟเบอร์,ไม่,ใช่,1
CU-11436,1 ปี,63,1396.65,0,ไฟเบอร์,ใช่,ใช่,0
CU-11437,รายเดือน,46,1492.00,3,ADSL,ใช่,ไม่,1
CU-11438,1 ปี,23,1045.10,0,ADSL,ใช่,ไม่,0
CU-11439,รายเดือน,60,887.90,3,ไฟเบอร์,ไม่,ใช่,0
CU-11440,รายเดือน,38,413.32,1,ADSL,ใช่,ไม่,1
CU-11441,รายเดือน,38,1247.31,1,ADSL,ใช่,ไม่,0
CU-11442,รายเดือน,27,630.70,2,ไฟเบอร์,ใช่,ใช่,0
CU-11443,2 ปี,5,1469.60,1,ADSL,ใช่,ใช่,0
CU-11444,2 ปี,36,543.43,1,ADSL,ไม่,ใช่,0
CU-11445,1 ปี,33,1103.46,4,ADSL,ใช่,ไม่,0
CU-11446,1 ปี,6,392.43,0,ไฟเบอร์,ใช่,ไม่,0
CU-11447,1 ปี,55,1038.83,1,ADSL,ใช่,ไม่,0
CU-11448,1 ปี,36,1508.44,1,ไฟเบอร์,ใช่,ใช่,0
CU-11449,1 ปี,54,741.25,2,ADSL,ไม่,ไม่,0
CU-11450,รายเดือน,19,1494.03,1,ไฟเบอร์,ไม่,ใช่,1
CU-11451,2 ปี,56,1500.57,1,ไฟเบอร์,ไม่,ไม่,0
CU-11452,รายเดือน,3,1402.70,1,ไฟเบอร์,ใช่,ใช่,1
CU-11453,1 ปี,30,551.51,2,ADSL,ไม่,ไม่,0
CU-11454,รายเดือน,5,357.75,2,ADSL,ไม่,ไม่,1
CU-11455,รายเดือน,25,629.78,5,ADSL,ใช่,ไม่,1
CU-11456,1 ปี,46,772.32,3,ADSL,ใช่,ใช่,0
CU-11457,รายเดือน,67,1013.99,1,ไฟเบอร์,ไม่,ใช่,0
CU-11458,รายเดือน,30,759.71,3,ADSL,ไม่,ไม่,0
CU-11459,รายเดือน,25,547.22,5,ไฟเบอร์,ใช่,ใช่,1
CU-11460,2 ปี,56,1245.00,1,ADSL,ไม่,ใช่,0
CU-11461,1 ปี,50,669.29,0,ADSL,ใช่,ใช่,0
CU-11462,รายเดือน,40,1380.27,1,ไฟเบอร์,ใช่,ใช่,0
CU-11463,2 ปี,64,487.26,2,ADSL,ใช่,ไม่,0
CU-11464,รายเดือน,55,829.62,3,ADSL,ใช่,ใช่,0
CU-11465,รายเดือน,11,611.73,2,ADSL,ไม่,ไม่,1
CU-11466,รายเดือน,59,1378.70,3,ADSL,ไม่,ไม่,1
CU-11467,รายเดือน,66,805.45,0,ADSL,ไม่,ไม่,0
CU-11468,1 ปี,39,1303.75,0,ADSL,ใช่,ใช่,0
CU-11469,1 ปี,4,413.35,0,ADSL,ใช่,ไม่,1
CU-11470,รายเดือน,28,821.07,1,ADSL,ใช่,ใช่,0
CU-11471,2 ปี,52,1386.47,3,ไฟเบอร์,ไม่,ไม่,1
CU-11472,รายเดือน,10,1568.95,3,ไฟเบอร์,ไม่,ไม่,1
CU-11473,2 ปี,51,304.72,1,ไฟเบอร์,ไม่,ใช่,0
CU-11474,2 ปี,38,1169.39,0,ADSL,ใช่,ไม่,0
CU-11475,รายเดือน,67,1281.29,4,ADSL,ใช่,ใช่,0
CU-11476,2 ปี,7,408.51,1,ไฟเบอร์,ไม่,ใช่,0
CU-11477,1 ปี,71,519.53,0,ไฟเบอร์,ใช่,ไม่,0
CU-11478,รายเดือน,41,635.90,1,ADSL,ใช่,ไม่,0
CU-11479,2 ปี,18,654.07,3,ADSL,ไม่,ไม่,0
CU-11480,1 ปี,26,506.82,0,ไฟเบอร์,ใช่,ใช่,0
CU-11481,รายเดือน,41,1435.30,2,ไฟเบอร์,ไม่,ใช่,1
CU-11482,2 ปี,37,831.29,1,ADSL,ใช่,ไม่,0
CU-11483,รายเดือน,58,1372.49,5,ADSL,ไม่,ไม่,0
CU-11484,รายเดือน,1,646.36,4,ไฟเบอร์,ใช่,ใช่,1
CU-11485,2 ปี,53,628.55,1,ไฟเบอร์,ใช่,ใช่,0
CU-11486,รายเดือน,69,1238.70,0,ADSL,ไม่,ไม่,0
CU-11487,2 ปี,49,1307.40,0,ADSL,ใช่,ไม่,0
CU-11488,2 ปี,56,319.76,1,ADSL,ใช่,ไม่,0
CU-11489,รายเดือน,39,1491.03,0,ADSL,ใช่,ใช่,0
CU-11490,รายเดือน,10,664.77,0,ADSL,ไม่,ไม่,1
CU-11491,รายเดือน,52,402.46,1,ADSL,ใช่,ใช่,0
CU-11492,2 ปี,48,1134.61,1,ADSL,ใช่,ไม่,0
CU-11493,1 ปี,17,480.66,0,ADSL,ใช่,ใช่,0
CU-11494,1 ปี,6,373.53,3,ADSL,ใช่,ไม่,0
CU-11495,1 ปี,43,1116.30,1,ไฟเบอร์,ใช่,ใช่,0
CU-11496,2 ปี,69,1063.57,3,ADSL,ใช่,ใช่,0
CU-11497,1 ปี,56,1273.48,0,ADSL,ใช่,ใช่,0
CU-11498,2 ปี,32,534.15,0,ไฟเบอร์,ใช่,ใช่,0
CU-11499,2 ปี,47,473.34,0,ไฟเบอร์,ใช่,ใช่,0
CU-11500,รายเดือน,8,325.94,1,ไฟเบอร์,ใช่,ใช่,0
CU-11501,รายเดือน,2,1440.16,0,ADSL,ไม่,ไม่,1
CU-11502,1 ปี,4,994.62,1,ADSL,ไม่,ไม่,0
CU-11503,1 ปี,5,601.98,0,ADSL,ไม่,ไม่,0
CU-11504,รายเดือน,15,1564.47,2,ADSL,ไม่,ใช่,1
CU-11505,รายเดือน,71,988.22,3,ไฟเบอร์,ใช่,ใช่,0
CU-11506,รายเดือน,53,321.36,2,ADSL,ไม่,ไม่,1
CU-11507,รายเดือน,36,1505.88,0,ไฟเบอร์,ไม่,ใช่,1
CU-11508,1 ปี,29,1271.49,1,ไฟเบอร์,ไม่,ไม่,1
CU-11509,รายเดือน,37,1066.55,0,ADSL,ไม่,ใช่,0
CU-11510,รายเดือน,8,1473.28,0,ไฟเบอร์,ไม่,ใช่,1
CU-11511,1 ปี,29,715.38,1,ADSL,ไม่,ไม่,0
CU-11512,1 ปี,36,749.78,0,ไฟเบอร์,ใช่,ใช่,1
CU-11513,รายเดือน,45,334.85,4,ADSL,ไม่,ใช่,1
CU-11514,2 ปี,71,1306.49,1,ไฟเบอร์,ไม่,ใช่,0
CU-11515,รายเดือน,46,542.11,5,ADSL,ไม่,ใช่,0
CU-11516,2 ปี,67,475.77,1,ADSL,ไม่,ไม่,0
CU-11517,2 ปี,1,1044.13,0,ADSL,ใช่,ใช่,0
CU-11518,1 ปี,66,483.56,0,ไฟเบอร์,ไม่,ใช่,0
CU-11519,1 ปี,39,1213.12,1,ไฟเบอร์,ไม่,ไม่,0
CU-11520,รายเดือน,21,1541.70,1,ไฟเบอร์,ใช่,ไม่,1
CU-11521,รายเดือน,63,811.80,1,ไฟเบอร์,ใช่,ใช่,1
CU-11522,รายเดือน,29,434.05,2,ไฟเบอร์,ไม่,ใช่,1
CU-11523,รายเดือน,37,1589.56,3,ไฟเบอร์,ใช่,ไม่,1
CU-11524,1 ปี,22,607.51,1,ADSL,ไม่,ใช่,0
CU-11525,รายเดือน,21,1259.21,1,ADSL,ไม่,ไม่,1
CU-11526,รายเดือน,49,763.52,0,ADSL,ใช่,ใช่,0
CU-11527,1 ปี,13,1500.93,1,ADSL,ไม่,ใช่,0
CU-11528,รายเดือน,72,366.59,2,ไฟเบอร์,ใช่,ใช่,0
CU-11529,รายเดือน,15,785.44,2,ADSL,ใช่,ใช่,1
CU-11530,2 ปี,46,1562.78,0,ADSL,ใช่,ไม่,0
CU-11531,รายเดือน,10,1325.23,3,ADSL,ไม่,ไม่,1
CU-11532,รายเดือน,31,1407.76,0,ADSL,ไม่,ใช่,1
CU-11533,รายเดือน,16,1435.04,0,ADSL,ใช่,ไม่,1
CU-11534,2 ปี,67,353.33,1,ADSL,ใช่,ไม่,0
CU-11535,รายเดือน,50,648.25,0,ไฟเบอร์,ไม่,ใช่,1
CU-11536,2 ปี,53,1370.56,2,ADSL,ใช่,ใช่,0
CU-11537,1 ปี,40,899.35,1,ไฟเบอร์,ไม่,ใช่,0
CU-11538,1 ปี,22,1035.15,0,ADSL,ใช่,ไม่,0
CU-11539,1 ปี,48,1092.67,0,ADSL,ไม่,ใช่,0
CU-11540,รายเดือน,32,1025.44,0,ไฟเบอร์,ไม่,ใช่,1
CU-11541,รายเดือน,17,1577.78,2,ไฟเบอร์,ไม่,ไม่,1
CU-11542,1 ปี,65,403.15,0,ADSL,ไม่,ใช่,0
CU-11543,รายเดือน,45,1301.03,0,ADSL,ใช่,ใช่,0
CU-11544,รายเดือน,5,1405.60,2,ADSL,ใช่,ไม่,1
CU-11545,รายเดือน,24,610.70,2,ADSL,ไม่,ไม่,1
CU-11546,2 ปี,64,1512.13,1,ไฟเบอร์,ไม่,ไม่,0
CU-11547,2 ปี,47,394.34,2,ไฟเบอร์,ไม่,ใช่,0
CU-11548,1 ปี,10,1191.83,0,ไฟเบอร์,ใช่,ไม่,0
CU-11549,รายเดือน,5,512.81,1,ADSL,ไม่,ไม่,1
CU-11550,รายเดือน,26,505.11,3,ไฟเบอร์,ไม่,ใช่,1
CU-11551,รายเดือน,28,610.54,2,ADSL,ไม่,ใช่,0
CU-11552,1 ปี,24,564.58,3,ADSL,ใช่,ใช่,0
CU-11553,รายเดือน,70,1400.92,1,ADSL,ไม่,ไม่,1
CU-11554,รายเดือน,20,1521.77,3,ADSL,ใช่,ไม่,1
CU-11555,รายเดือน,57,591.23,1,ADSL,ใช่,ไม่,1
CU-11556,รายเดือน,28,1458.89,1,ไฟเบอร์,ใช่,ไม่,0
CU-11557,รายเดือน,14,438.46,3,ไฟเบอร์,ไม่,ใช่,0
CU-11558,รายเดือน,48,1096.91,1,ADSL,ไม่,ใช่,1
CU-11559,1 ปี,51,1450.08,3,ไฟเบอร์,ใช่,ไม่,0
CU-11560,2 ปี,22,601.36,1,ADSL,ใช่,ใช่,0
CU-11561,2 ปี,41,1160.91,1,ไฟเบอร์,ใช่,ใช่,0
CU-11562,รายเดือน,7,1202.31,4,ADSL,ใช่,ไม่,1
CU-11563,2 ปี,31,347.85,4,ไฟเบอร์,ใช่,ใช่,1
CU-11564,รายเดือน,12,956.74,1,ไฟเบอร์,ไม่,ไม่,1
CU-11565,1 ปี,38,652.32,0,ไฟเบอร์,ใช่,ใช่,0
CU-11566,1 ปี,1,310.82,3,ไฟเบอร์,ไม่,ไม่,0
CU-11567,1 ปี,40,1010.93,0,ไฟเบอร์,ใช่,ใช่,0
CU-11568,2 ปี,18,1093.87,0,ADSL,ไม่,ไม่,0
CU-11569,รายเดือน,11,608.49,2,ไฟเบอร์,ไม่,ใช่,0
CU-11570,2 ปี,13,976.85,3,ADSL,ใช่,ใช่,0
CU-11571,1 ปี,62,577.83,0,ไฟเบอร์,ใช่,ไม่,0
CU-11572,รายเดือน,60,1198.94,3,ไฟเบอร์,ไม่,ใช่,0
CU-11573,2 ปี,55,1186.44,0,ไฟเบอร์,ไม่,ใช่,0
CU-11574,2 ปี,52,659.67,0,ADSL,ไม่,ใช่,0
CU-11575,1 ปี,11,918.06,0,ADSL,ใช่,ใช่,0
CU-11576,2 ปี,8,770.58,1,ADSL,ใช่,ใช่,0
CU-11577,1 ปี,51,512.90,0,ADSL,ใช่,ใช่,0
CU-11578,1 ปี,48,1216.96,1,ADSL,ไม่,ใช่,0
CU-11579,1 ปี,44,776.09,2,ADSL,ใช่,ใช่,0
CU-11580,รายเดือน,47,575.57,2,ADSL,ไม่,ใช่,0
CU-11581,1 ปี,67,825.47,1,ADSL,ไม่,ใช่,0
CU-11582,รายเดือน,29,444.11,0,ไฟเบอร์,ใช่,ใช่,0
CU-11583,รายเดือน,48,1575.26,0,ADSL,ใช่,ไม่,1
CU-11584,2 ปี,19,347.02,0,ADSL,ใช่,ใช่,0
CU-11585,1 ปี,4,1291.03,2,ไฟเบอร์,ไม่,ไม่,0
CU-11586,รายเดือน,39,978.79,0,ADSL,ไม่,ไม่,0
CU-11587,รายเดือน,57,1498.37,0,ไฟเบอร์,ใช่,ไม่,1
CU-11588,2 ปี,10,308.73,1,ADSL,ไม่,ใช่,0
CU-11589,รายเดือน,16,1231.58,1,ADSL,ไม่,ใช่,1
CU-11590,รายเดือน,21,525.27,2,ไฟเบอร์,ใช่,ไม่,1
CU-11591,รายเดือน,58,611.76,0,ไฟเบอร์,ใช่,ไม่,0
CU-11592,รายเดือน,43,517.63,0,ไฟเบอร์,ไม่,ไม่,0
CU-11593,รายเดือน,56,552.50,0,ADSL,ไม่,ใช่,0
CU-11594,1 ปี,20,1234.63,3,ไฟเบอร์,ใช่,ไม่,0
CU-11595,รายเดือน,42,417.08,1,ไฟเบอร์,ไม่,ไม่,0
CU-11596,รายเดือน,1,1558.74,2,ไฟเบอร์,ใช่,ไม่,1
CU-11597,2 ปี,66,1265.44,1,ไฟเบอร์,ใช่,ไม่,0
CU-11598,1 ปี,64,700.69,0,ADSL,ใช่,ไม่,0
CU-11599,1 ปี,43,366.61,2,ไฟเบอร์,ใช่,ใช่,0
CU-11600,รายเดือน,35,1301.56,1,ไฟเบอร์,ใช่,ไม่,1
CU-11601,รายเดือน,46,396.64,0,ADSL,ใช่,ไม่,0
CU-11602,รายเดือน,67,465.25,0,ไฟเบอร์,ไม่,ใช่,1
CU-11603,รายเดือน,10,1395.20,0,ไฟเบอร์,ใช่,ใช่,0
CU-11604,รายเดือน,2,1076.45,0,ไฟเบอร์,ใช่,ใช่,1
CU-11605,รายเดือน,53,1372.62,1,ไฟเบอร์,ใช่,ใช่,0
CU-11606,1 ปี,26,756.71,0,ไฟเบอร์,ใช่,ใช่,0
CU-11607,2 ปี,15,602.17,0,ADSL,ไม่,ใช่,0
CU-11608,1 ปี,50,605.37,5,ADSL,ใช่,ใช่,0
CU-11609,รายเดือน,23,760.67,3,ADSL,ใช่,ไม่,0
CU-11610,รายเดือน,50,1107.48,2,ไฟเบอร์,ใช่,ใช่,0
CU-11611,รายเดือน,55,333.84,0,ADSL,ใช่,ไม่,0
CU-11612,รายเดือน,53,633.86,4,ADSL,ไม่,ใช่,0
CU-11613,รายเดือน,21,1304.51,3,ADSL,ไม่,ใช่,1
CU-11614,รายเดือน,55,957.00,1,ADSL,ใช่,ไม่,1
CU-11615,รายเดือน,17,1303.12,2,ไฟเบอร์,ใช่,ไม่,1
CU-11616,2 ปี,51,698.19,0,ADSL,ใช่,ใช่,0
CU-11617,รายเดือน,59,1099.42,2,ADSL,ไม่,ไม่,0
CU-11618,รายเดือน,29,561.15,4,ไฟเบอร์,ใช่,ใช่,1
CU-11619,2 ปี,55,563.71,3,ไฟเบอร์,ไม่,ไม่,0
CU-11620,รายเดือน,51,1485.45,0,ADSL,ไม่,ใช่,1
CU-11621,1 ปี,25,577.02,0,ADSL,ไม่,ไม่,0
CU-11622,1 ปี,33,852.67,1,ADSL,ใช่,ใช่,1
CU-11623,2 ปี,63,1018.93,2,ไฟเบอร์,ไม่,ไม่,0
CU-11624,รายเดือน,60,369.60,1,ADSL,ใช่,ใช่,0
CU-11625,1 ปี,32,617.06,4,ไฟเบอร์,ใช่,ไม่,1
CU-11626,รายเดือน,55,793.69,0,ADSL,ใช่,ไม่,1
CU-11627,รายเดือน,36,1286.92,0,ไฟเบอร์,ไม่,ไม่,1
CU-11628,รายเดือน,34,1518.95,0,ไฟเบอร์,ไม่,ไม่,1
CU-11629,รายเดือน,12,490.14,0,ADSL,ไม่,ไม่,1
CU-11630,2 ปี,36,961.52,2,ADSL,ใช่,ใช่,0
CU-11631,2 ปี,10,465.22,1,ADSL,ไม่,ใช่,0
CU-11632,1 ปี,6,884.04,0,ADSL,ใช่,ใช่,1
CU-11633,รายเดือน,20,1410.36,1,ADSL,ไม่,ใช่,0
CU-11634,รายเดือน,47,563.51,2,ไฟเบอร์,ไม่,ไม่,1
CU-11635,รายเดือน,9,990.16,1,ADSL,ไม่,ใช่,1
CU-11636,รายเดือน,37,1189.50,1,ไฟเบอร์,ใช่,ใช่,0
CU-11637,1 ปี,5,819.37,2,ADSL,ไม่,ใช่,0
CU-11638,รายเดือน,15,1322.24,0,ไฟเบอร์,ไม่,ไม่,1
CU-11639,2 ปี,53,489.13,0,ADSL,ไม่,ไม่,0
CU-11640,2 ปี,22,621.02,5,ไฟเบอร์,ใช่,ไม่,0
CU-11641,รายเดือน,58,898.40,1,ADSL,ใช่,ไม่,0
CU-11642,1 ปี,43,746.76,3,ไฟเบอร์,ใช่,ใช่,0
CU-11643,2 ปี,70,548.86,5,ADSL,ไม่,ใช่,0
CU-11644,1 ปี,59,711.93,4,ADSL,ไม่,ใช่,0
CU-11645,รายเดือน,15,1180.85,2,ไฟเบอร์,ใช่,ใช่,0
CU-11646,1 ปี,25,1298.44,1,ADSL,ใช่,ไม่,0
CU-11647,รายเดือน,4,1262.81,0,ไฟเบอร์,ใช่,ใช่,0
CU-11648,1 ปี,40,1527.66,3,ADSL,ไม่,ไม่,0
CU-11649,รายเดือน,5,1508.75,1,ADSL,ไม่,ใช่,1
CU-11650,2 ปี,24,303.16,0,ADSL,ใช่,ใช่,0
CU-11651,2 ปี,60,319.96,4,ADSL,ใช่,ใช่,0
CU-11652,1 ปี,20,374.74,1,ไฟเบอร์,ใช่,ใช่,0
CU-11653,รายเดือน,50,947.66,2,ADSL,ใช่,ใช่,1
CU-11654,รายเดือน,55,1313.55,4,ADSL,ใช่,ไม่,1
CU-11655,1 ปี,71,781.44,2,ADSL,ไม่,ใช่,0
CU-11656,1 ปี,50,417.41,0,ADSL,ไม่,ใช่,0
CU-11657,รายเดือน,17,675.03,0,ไฟเบอร์,ใช่,ไม่,0
CU-11658,รายเดือน,14,1187.58,1,ADSL,ไม่,ไม่,1
CU-11659,รายเดือน,18,365.45,3,ADSL,ใช่,ใช่,1
CU-11660,1 ปี,7,1236.25,1,ADSL,ใช่,ไม่,0
CU-11661,2 ปี,35,614.28,3,ADSL,ใช่,ไม่,0
CU-11662,รายเดือน,52,596.21,0,ไฟเบอร์,ใช่,ใช่,0
CU-11663,รายเดือน,69,514.63,0,ไฟเบอร์,ใช่,ใช่,0
CU-11664,1 ปี,22,849.16,1,ไฟเบอร์,ใช่,ใช่,0
CU-11665,รายเดือน,23,479.37,3,ADSL,ไม่,ไม่,1
CU-11666,1 ปี,12,1379.37,1,ไฟเบอร์,ใช่,ไม่,0
CU-11667,รายเดือน,34,1449.70,0,ADSL,ไม่,ไม่,1
CU-11668,รายเดือน,40,1028.70,0,ADSL,ไม่,ใช่,0
CU-11669,1 ปี,44,989.44,3,ADSL,ไม่,ไม่,0
CU-11670,รายเดือน,1,983.62,0,ไฟเบอร์,ไม่,ใช่,1
CU-11671,2 ปี,50,1410.91,3,ไฟเบอร์,ใช่,ใช่,0
CU-11672,รายเดือน,33,1121.45,1,ไฟเบอร์,ไม่,ไม่,0
CU-11673,รายเดือน,26,1120.94,4,ADSL,ใช่,ใช่,1
CU-11674,รายเดือน,56,509.29,1,ไฟเบอร์,ไม่,ใช่,0
CU-11675,รายเดือน,21,388.17,0,ADSL,ไม่,ไม่,1
CU-11676,รายเดือน,35,301.80,5,ไฟเบอร์,ใช่,ไม่,1
CU-11677,1 ปี,38,579.01,1,ไฟเบอร์,ใช่,ใช่,0
CU-11678,1 ปี,50,1356.08,1,ADSL,ใช่,ไม่,1
CU-11679,รายเดือน,68,462.25,0,ADSL,ไม่,ใช่,0
CU-11680,2 ปี,36,1502.12,0,ADSL,ไม่,ใช่,0
CU-11681,1 ปี,20,1558.24,0,ไฟเบอร์,ใช่,ไม่,0
CU-11682,1 ปี,22,693.33,0,ไฟเบอร์,ใช่,ไม่,0
CU-11683,2 ปี,53,941.71,0,ADSL,ใช่,ใช่,0
CU-11684,2 ปี,23,742.09,3,ไฟเบอร์,ใช่,ใช่,0
CU-11685,รายเดือน,25,1307.12,0,ADSL,ใช่,ใช่,1
CU-11686,รายเดือน,56,1467.85,0,ADSL,ไม่,ไม่,0
CU-11687,รายเดือน,40,329.67,2,ไฟเบอร์,ใช่,ใช่,1
CU-11688,รายเดือน,42,1204.43,1,ADSL,ไม่,ไม่,1
CU-11689,รายเดือน,16,1145.30,0,ADSL,ไม่,ไม่,1
CU-11690,รายเดือน,55,1215.44,0,ไฟเบอร์,ใช่,ใช่,0
CU-11691,รายเดือน,26,1248.98,3,ไฟเบอร์,ไม่,ไม่,1
CU-11692,รายเดือน,63,365.61,2,ADSL,ใช่,ไม่,1
CU-11693,รายเดือน,70,559.38,1,ADSL,ไม่,ใช่,0
CU-11694,2 ปี,7,513.86,0,ADSL,ใช่,ใช่,0
CU-11695,รายเดือน,23,882.85,1,ADSL,ไม่,ใช่,0
CU-11696,2 ปี,65,759.61,3,ADSL,ไม่,ใช่,0
CU-11697,2 ปี,9,844.42,3,ไฟเบอร์,ใช่,ไม่,0
CU-11698,รายเดือน,58,776.00,1,ไฟเบอร์,ใช่,ไม่,1
CU-11699,1 ปี,3,1269.28,5,ไฟเบอร์,ไม่,ใช่,1
CU-11700,2 ปี,66,1123.23,0,ไฟเบอร์,ใช่,ไม่,0
CU-11701,รายเดือน,47,368.62,2,ไฟเบอร์,ไม่,ใช่,1
CU-11702,1 ปี,65,502.19,1,ADSL,ใช่,ใช่,0
CU-11703,รายเดือน,33,1308.41,0,ADSL,ไม่,ใช่,0
CU-11704,1 ปี,30,603.67,4,ไฟเบอร์,ใช่,ไม่,0
CU-11705,1 ปี,24,1027.54,3,ไฟเบอร์,ไม่,ใช่,0
CU-11706,รายเดือน,35,1507.84,2,ไฟเบอร์,ใช่,ไม่,0
CU-11707,รายเดือน,19,1187.87,0,ไฟเบอร์,ใช่,ไม่,0
CU-11708,2 ปี,68,515.16,2,ADSL,ไม่,ไม่,0
CU-11709,รายเดือน,41,1586.47,0,ADSL,ใช่,ไม่,1
CU-11710,รายเดือน,13,958.68,0,ADSL,ไม่,ไม่,1
CU-11711,รายเดือน,53,623.53,1,ไฟเบอร์,ไม่,ใช่,0
CU-11712,รายเดือน,46,1442.80,2,ADSL,ใช่,ไม่,1
CU-11713,รายเดือน,46,459.06,4,ADSL,ใช่,ไม่,0
CU-11714,2 ปี,13,1134.01,4,ADSL,ใช่,ใช่,0
CU-11715,รายเดือน,16,990.05,2,ไฟเบอร์,ไม่,ใช่,0
CU-11716,รายเดือน,13,445.69,1,ADSL,ใช่,ไม่,0
CU-11717,1 ปี,61,707.16,4,ADSL,ใช่,ใช่,0
CU-11718,รายเดือน,12,782.03,0,ADSL,ไม่,ไม่,0
CU-11719,1 ปี,37,1064.09,5,ADSL,ใช่,ใช่,0
CU-11720,รายเดือน,8,742.97,0,ADSL,ใช่,ใช่,1
CU-11721,รายเดือน,44,1532.82,0,ADSL,ใช่,ใช่,0
CU-11722,2 ปี,65,311.21,3,ADSL,ไม่,ไม่,0
CU-11723,2 ปี,71,338.38,1,ไฟเบอร์,ไม่,ไม่,0
CU-11724,รายเดือน,16,1079.49,3,ADSL,ใช่,ใช่,1
CU-11725,1 ปี,63,1001.96,3,ADSL,ใช่,ไม่,0
CU-11726,2 ปี,72,806.00,3,ไฟเบอร์,ใช่,ไม่,0
CU-11727,1 ปี,69,1505.35,3,ADSL,ใช่,ไม่,0
CU-11728,1 ปี,8,976.76,1,ไฟเบอร์,ใช่,ใช่,1
CU-11729,1 ปี,14,868.21,2,ADSL,ใช่,ไม่,0
CU-11730,รายเดือน,39,676.89,0,ADSL,ใช่,ไม่,0
CU-11731,2 ปี,64,943.27,0,ADSL,ใช่,ใช่,0
CU-11732,รายเดือน,19,1488.76,0,ไฟเบอร์,ใช่,ใช่,0
CU-11733,รายเดือน,45,657.23,3,ไฟเบอร์,ไม่,ใช่,0
CU-11734,รายเดือน,56,1042.11,3,ADSL,ไม่,ไม่,0
CU-11735,รายเดือน,13,516.88,0,ADSL,ไม่,ไม่,0
CU-11736,2 ปี,30,1392.76,1,ไฟเบอร์,ใช่,ใช่,0
CU-11737,1 ปี,33,578.79,2,ไฟเบอร์,ไม่,ใช่,0
CU-11738,รายเดือน,46,738.57,0,ADSL,ไม่,ไม่,0
CU-11739,2 ปี,56,747.78,0,ADSL,ใช่,ใช่,0
CU-11740,รายเดือน,22,690.85,0,ADSL,ไม่,ใช่,0
CU-11741,รายเดือน,71,1414.06,5,ADSL,ไม่,ใช่,0
CU-11742,1 ปี,1,727.47,1,ADSL,ใช่,ใช่,0
CU-11743,1 ปี,44,1008.79,0,ไฟเบอร์,ใช่,ใช่,0
CU-11744,1 ปี,61,1173.16,1,ADSL,ไม่,ใช่,0
CU-11745,1 ปี,6,501.95,0,ADSL,ใช่,ไม่,0
CU-11746,2 ปี,66,1346.03,3,ไฟเบอร์,ใช่,ไม่,0
CU-11747,2 ปี,67,882.13,5,ไฟเบอร์,ใช่,ไม่,0
CU-11748,รายเดือน,70,1369.66,0,ADSL,ใช่,ใช่,1
CU-11749,2 ปี,37,563.68,3,ADSL,ใช่,ใช่,0
CU-11750,รายเดือน,57,813.91,0,ไฟเบอร์,ไม่,ไม่,0
CU-11751,2 ปี,65,1184.57,5,ไฟเบอร์,ใช่,ไม่,0
CU-11752,รายเดือน,64,1260.84,5,ADSL,ไม่,ไม่,1
CU-11753,1 ปี,65,323.67,0,ADSL,ใช่,ไม่,0
CU-11754,รายเดือน,31,1074.12,4,ไฟเบอร์,ใช่,ไม่,0
CU-11755,รายเดือน,63,1034.37,2,ไฟเบอร์,ใช่,ไม่,1
CU-11756,รายเดือน,9,797.23,4,ไฟเบอร์,ใช่,ไม่,1
CU-11757,1 ปี,4,1048.49,0,ADSL,ไม่,ใช่,0
CU-11758,1 ปี,45,779.66,1,ไฟเบอร์,ไม่,ใช่,0
CU-11759,รายเดือน,62,1512.67,0,ADSL,ไม่,ไม่,0
CU-11760,2 ปี,20,1483.27,5,ไฟเบอร์,ใช่,ไม่,1
CU-11761,รายเดือน,45,352.09,1,ไฟเบอร์,ใช่,ใช่,0
CU-11762,2 ปี,38,1107.45,3,ADSL,ใช่,ไม่,0
CU-11763,2 ปี,37,329.14,1,ADSL,ใช่,ใช่,0
CU-11764,รายเดือน,24,413.81,1,ADSL,ไม่,ใช่,1
CU-11765,รายเดือน,43,1540.77,0,ADSL,ไม่,ไม่,0
CU-11766,รายเดือน,37,1478.45,0,ไฟเบอร์,ใช่,ใช่,1
CU-11767,1 ปี,26,355.14,2,ไฟเบอร์,ใช่,ใช่,0
CU-11768,รายเดือน,68,1104.04,3,ADSL,ใช่,ไม่,0
CU-11769,1 ปี,42,1426.50,4,ไฟเบอร์,ใช่,ใช่,0
CU-11770,รายเดือน,17,700.79,0,ไฟเบอร์,ใช่,ไม่,1
CU-11771,1 ปี,18,1048.79,3,ADSL,ใช่,ไม่,0
CU-11772,1 ปี,32,349.44,0,ADSL,ใช่,ไม่,0
CU-11773,2 ปี,17,821.78,0,ADSL,ใช่,ไม่,1
CU-11774,2 ปี,41,361.80,2,ADSL,ไม่,ใช่,0
CU-11775,1 ปี,44,1430.55,0,ADSL,ไม่,ใช่,0
CU-11776,2 ปี,66,712.41,0,ADSL,ใช่,ใช่,0
CU-11777,รายเดือน,47,1439.31,0,ADSL,ไม่,ใช่,1
CU-11778,รายเดือน,59,1517.51,3,ADSL,ไม่,ไม่,1
CU-11779,รายเดือน,56,1399.66,1,ADSL,ใช่,ใช่,1
CU-11780,1 ปี,67,1009.67,0,ADSL,ใช่,ไม่,0
CU-11781,1 ปี,8,1115.78,0,ไฟเบอร์,ใช่,ไม่,0
CU-11782,1 ปี,66,854.05,0,ADSL,ใช่,ไม่,0
CU-11783,รายเดือน,19,1139.13,1,ADSL,ใช่,ไม่,1
CU-11784,รายเดือน,10,1567.51,0,ADSL,ใช่,ไม่,1
CU-11785,1 ปี,47,965.01,0,ADSL,ไม่,ไม่,0
CU-11786,รายเดือน,66,330.62,4,ADSL,ไม่,ไม่,0
CU-11787,2 ปี,19,1297.06,0,ไฟเบอร์,ใช่,ไม่,0
CU-11788,รายเดือน,32,1537.85,1,ไฟเบอร์,ไม่,ใช่,1
CU-11789,1 ปี,47,742.29,2,ADSL,ไม่,ไม่,0
CU-11790,รายเดือน,63,720.99,4,ไฟเบอร์,ใช่,ใช่,0
CU-11791,รายเดือน,51,844.17,4,ไฟเบอร์,ไม่,ไม่,1
CU-11792,รายเดือน,14,1269.93,0,ADSL,ไม่,ไม่,1
CU-11793,1 ปี,30,481.10,2,ไฟเบอร์,ใช่,ใช่,0
CU-11794,รายเดือน,61,685.76,1,ไฟเบอร์,ไม่,ไม่,1
CU-11795,รายเดือน,60,911.07,4,ADSL,ไม่,ใช่,0
CU-11796,1 ปี,60,1084.98,2,ไฟเบอร์,ใช่,ไม่,0
CU-11797,รายเดือน,16,1044.85,0,ไฟเบอร์,ใช่,ไม่,1
CU-11798,2 ปี,48,1097.46,0,ADSL,ใช่,ไม่,0
CU-11799,2 ปี,47,1338.23,1,ไฟเบอร์,ใช่,ไม่,0
CU-11800,รายเดือน,53,839.70,0,ADSL,ใช่,ใช่,0
CU-11801,รายเดือน,46,1224.22,0,ADSL,ใช่,ใช่,0
CU-11802,รายเดือน,28,792.82,0,ไฟเบอร์,ไม่,ใช่,1
CU-11803,1 ปี,51,582.99,0,ADSL,ใช่,ใช่,0
CU-11804,รายเดือน,59,1271.87,0,ADSL,ใช่,ไม่,0
CU-11805,1 ปี,9,705.89,1,ไฟเบอร์,ใช่,ไม่,0
CU-11806,รายเดือน,23,589.95,3,ADSL,ใช่,ไม่,1
CU-11807,2 ปี,34,1233.07,0,ADSL,ใช่,ไม่,0
CU-11808,2 ปี,18,1345.12,2,ADSL,ไม่,ไม่,0
CU-11809,รายเดือน,22,1324.03,0,ADSL,ไม่,ไม่,0
CU-11810,รายเดือน,65,1085.99,3,ADSL,ใช่,ใช่,0
CU-11811,1 ปี,58,434.47,4,ไฟเบอร์,ใช่,ใช่,0
CU-11812,2 ปี,52,665.62,0,ADSL,ใช่,ไม่,0
CU-11813,2 ปี,23,581.50,5,ไฟเบอร์,ใช่,ใช่,0
CU-11814,1 ปี,33,795.28,2,ไฟเบอร์,ใช่,ไม่,0
CU-11815,รายเดือน,72,1417.88,4,ไฟเบอร์,ใช่,ไม่,1
CU-11816,รายเดือน,41,1333.29,1,ADSL,ไม่,ไม่,0
CU-11817,รายเดือน,15,785.52,1,ADSL,ไม่,ไม่,1
CU-11818,รายเดือน,48,428.99,1,ADSL,ใช่,ใช่,0
CU-11819,1 ปี,42,1262.49,1,ADSL,ใช่,ใช่,0
CU-11820,2 ปี,39,355.17,0,ADSL,ไม่,ไม่,0
CU-11821,รายเดือน,64,1305.37,1,ADSL,ใช่,ใช่,0
CU-11822,รายเดือน,48,1214.95,1,ไฟเบอร์,ใช่,ไม่,1
CU-11823,2 ปี,24,385.46,0,ADSL,ใช่,ใช่,0
CU-11824,2 ปี,16,1078.32,0,ไฟเบอร์,ไม่,ไม่,0
CU-11825,1 ปี,10,1554.06,0,ADSL,ใช่,ใช่,0
CU-11826,2 ปี,20,912.00,0,ไฟเบอร์,ใช่,ใช่,0
CU-11827,รายเดือน,8,418.46,1,ADSL,ใช่,ใช่,1
CU-11828,1 ปี,17,1411.34,0,ADSL,ใช่,ใช่,1
CU-11829,2 ปี,11,379.67,0,ไฟเบอร์,ไม่,ไม่,0
CU-11830,รายเดือน,20,584.77,2,ADSL,ใช่,ไม่,1
CU-11831,2 ปี,42,1336.22,0,ADSL,ใช่,ใช่,0
CU-11832,รายเดือน,17,900.80,3,ADSL,ไม่,ไม่,1
CU-11833,รายเดือน,36,900.21,0,ไฟเบอร์,ไม่,ไม่,0
CU-11834,1 ปี,38,864.47,0,ไฟเบอร์,ใช่,ใช่,0
CU-11835,รายเดือน,39,1336.54,0,ADSL,ใช่,ใช่,0
CU-11836,รายเดือน,36,323.40,0,ไฟเบอร์,ไม่,ไม่,0
CU-11837,1 ปี,28,1127.45,1,ADSL,ไม่,ไม่,0
CU-11838,รายเดือน,6,1254.67,3,ไฟเบอร์,ไม่,ไม่,0
CU-11839,รายเดือน,2,713.55,1,ไฟเบอร์,ใช่,ไม่,1
CU-11840,รายเดือน,44,1310.21,1,ADSL,ใช่,ไม่,0
CU-11841,1 ปี,23,356.09,0,ADSL,ใช่,ใช่,0
CU-11842,รายเดือน,5,555.42,2,ADSL,ใช่,ใช่,1
CU-11843,รายเดือน,14,916.85,1,ไฟเบอร์,ใช่,ใช่,1
CU-11844,2 ปี,11,1527.22,1,ไฟเบอร์,ใช่,ใช่,0
CU-11845,รายเดือน,52,681.40,0,ADSL,ใช่,ใช่,0
CU-11846,1 ปี,6,1096.94,4,ไฟเบอร์,ใช่,ใช่,1
CU-11847,รายเดือน,9,528.27,4,ไฟเบอร์,ใช่,ไม่,1
CU-11848,2 ปี,42,870.64,1,ไฟเบอร์,ใช่,ไม่,0
CU-11849,รายเดือน,63,792.12,2,ไฟเบอร์,ไม่,ไม่,0
CU-11850,รายเดือน,62,414.42,1,ADSL,ไม่,ไม่,1
CU-11851,1 ปี,57,620.48,1,ไฟเบอร์,ใช่,ไม่,0
CU-11852,1 ปี,71,1192.83,0,ADSL,ใช่,ใช่,0
CU-11853,รายเดือน,62,1556.77,1,ไฟเบอร์,ใช่,ใช่,0
CU-11854,รายเดือน,71,516.73,2,ไฟเบอร์,ใช่,ใช่,0
CU-11855,รายเดือน,66,503.60,4,ไฟเบอร์,ใช่,ใช่,1
CU-11856,รายเดือน,43,348.54,1,ไฟเบอร์,ไม่,ใช่,0
CU-11857,รายเดือน,53,540.56,0,ไฟเบอร์,ใช่,ไม่,0
CU-11858,1 ปี,20,531.53,0,ADSL,ไม่,ใช่,0
CU-11859,รายเดือน,19,896.28,0,ADSL,ใช่,ไม่,0
CU-11860,รายเดือน,36,1544.39,3,ไฟเบอร์,ไม่,ใช่,0
CU-11861,รายเดือน,62,464.36,0,ADSL,ไม่,ใช่,0
CU-11862,รายเดือน,36,1155.43,3,ADSL,ไม่,ใช่,1
CU-11863,1 ปี,71,992.00,1,ไฟเบอร์,ไม่,ใช่,0
CU-11864,รายเดือน,67,684.82,1,ADSL,ใช่,ใช่,0
CU-11865,รายเดือน,7,690.36,0,ADSL,ไม่,ใช่,0
CU-11866,รายเดือน,25,1014.41,0,ADSL,ใช่,ไม่,1
CU-11867,รายเดือน,30,1013.81,1,ไฟเบอร์,ใช่,ใช่,1
CU-11868,รายเดือน,14,362.03,0,ไฟเบอร์,ใช่,ไม่,1
CU-11869,รายเดือน,59,700.47,0,ADSL,ใช่,ใช่,1
CU-11870,1 ปี,45,696.14,0,ไฟเบอร์,ใช่,ไม่,0
CU-11871,รายเดือน,58,530.18,0,ไฟเบอร์,ใช่,ใช่,0
CU-11872,รายเดือน,39,921.41,1,ADSL,ไม่,ไม่,0
CU-11873,รายเดือน,21,378.21,1,ADSL,ไม่,ใช่,0
CU-11874,2 ปี,49,376.35,1,ADSL,ใช่,ใช่,0
CU-11875,รายเดือน,39,916.30,0,ADSL,ไม่,ใช่,0
CU-11876,2 ปี,63,784.49,2,ไฟเบอร์,ไม่,ไม่,0
CU-11877,2 ปี,10,1115.90,0,ADSL,ใช่,ไม่,0
CU-11878,1 ปี,60,1517.81,4,ADSL,ใช่,ไม่,0
CU-11879,1 ปี,46,393.63,5,ไฟเบอร์,ใช่,ไม่,0
CU-11880,รายเดือน,21,1237.59,0,ไฟเบอร์,ใช่,ใช่,1
CU-11881,2 ปี,4,894.11,0,ไฟเบอร์,ใช่,ไม่,0
CU-11882,2 ปี,16,1289.40,0,ADSL,ไม่,ใช่,0
CU-11883,1 ปี,36,857.64,1,ADSL,ไม่,ใช่,0
CU-11884,2 ปี,51,981.85,0,ไฟเบอร์,ใช่,ใช่,0
CU-11885,1 ปี,68,893.24,1,ไฟเบอร์,ใช่,ไม่,0
CU-11886,1 ปี,37,1026.93,0,ไฟเบอร์,ไม่,ไม่,0
CU-11887,1 ปี,57,1472.37,0,ADSL,ใช่,ไม่,0
CU-11888,1 ปี,41,786.11,3,ไฟเบอร์,ใช่,ใช่,0
CU-11889,2 ปี,47,559.33,0,ADSL,ใช่,ไม่,0
CU-11890,2 ปี,45,1038.90,3,ADSL,ไม่,ไม่,0
CU-11891,1 ปี,19,644.01,0,ไฟเบอร์,ใช่,ใช่,0
CU-11892,รายเดือน,37,311.38,1,ADSL,ใช่,ใช่,1
CU-11893,1 ปี,28,1376.17,0,ไฟเบอร์,ใช่,ใช่,0
CU-11894,รายเดือน,64,533.06,0,ADSL,ใช่,ไม่,0
CU-11895,1 ปี,57,907.46,2,ไฟเบอร์,ใช่,ไม่,0
CU-11896,รายเดือน,27,1268.06,1,ADSL,ใช่,ใช่,0
CU-11897,1 ปี,26,388.21,0,ADSL,ไม่,ไม่,0
CU-11898,รายเดือน,25,358.86,1,ไฟเบอร์,ใช่,ใช่,1
CU-11899,2 ปี,31,440.79,5,ADSL,ไม่,ไม่,0
CU-11900,1 ปี,71,1586.72,2,ไฟเบอร์,ไม่,ใช่,0
CU-11901,รายเดือน,69,355.44,2,ADSL,ไม่,ใช่,0
CU-11902,รายเดือน,30,1097.40,4,ADSL,ใช่,ไม่,1
CU-11903,2 ปี,48,1328.41,1,ADSL,ใช่,ใช่,0
CU-11904,1 ปี,46,928.00,0,ADSL,ไม่,ใช่,0
CU-11905,รายเดือน,64,1025.19,5,ไฟเบอร์,ใช่,ใช่,0
CU-11906,รายเดือน,15,720.22,1,ADSL,ไม่,ใช่,1
CU-11907,รายเดือน,42,1354.45,0,ADSL,ใช่,ใช่,1
CU-11908,1 ปี,11,834.41,0,ADSL,ไม่,ใช่,0
CU-11909,รายเดือน,25,417.71,3,ไฟเบอร์,ใช่,ไม่,1
CU-11910,1 ปี,59,571.77,0,ไฟเบอร์,ใช่,ใช่,0
CU-11911,รายเดือน,14,944.34,0,ADSL,ใช่,ไม่,1
CU-11912,รายเดือน,54,440.50,0,ADSL,ใช่,ไม่,1
CU-11913,รายเดือน,41,610.76,0,ADSL,ใช่,ใช่,0
CU-11914,รายเดือน,54,676.41,1,ไฟเบอร์,ไม่,ไม่,0
CU-11915,รายเดือน,41,576.86,2,ไฟเบอร์,ไม่,ใช่,1
CU-11916,2 ปี,59,1201.04,1,ไฟเบอร์,ใช่,ไม่,0
CU-11917,รายเดือน,10,997.38,2,ADSL,ใช่,ใช่,0
CU-11918,รายเดือน,46,944.67,1,ไฟเบอร์,ใช่,ใช่,1
CU-11919,รายเดือน,66,1418.53,2,ADSL,ใช่,ไม่,1
CU-11920,1 ปี,52,485.50,3,ADSL,ใช่,ใช่,0
CU-11921,รายเดือน,37,589.28,0,ADSL,ไม่,ใช่,0
CU-11922,รายเดือน,50,790.92,2,ADSL,ใช่,ไม่,0
CU-11923,2 ปี,44,829.19,1,ADSL,ใช่,ใช่,0
CU-11924,2 ปี,58,1210.37,0,ADSL,ใช่,ไม่,0
CU-11925,1 ปี,7,1025.44,5,ไฟเบอร์,ใช่,ไม่,0
CU-11926,รายเดือน,23,455.79,0,ไฟเบอร์,ใช่,ใช่,1
CU-11927,รายเดือน,33,1068.35,0,ADSL,ใช่,ไม่,0
CU-11928,1 ปี,34,1174.04,2,ADSL,ใช่,ใช่,1
CU-11929,2 ปี,59,498.28,4,ไฟเบอร์,ใช่,ใช่,0
CU-11930,รายเดือน,4,1550.83,2,ADSL,ใช่,ไม่,1
CU-11931,รายเดือน,23,908.00,4,ไฟเบอร์,ไม่,ไม่,1
CU-11932,รายเดือน,28,1473.19,5,ADSL,ไม่,ใช่,1
CU-11933,2 ปี,44,915.31,4,ADSL,ไม่,ใช่,0
CU-11934,รายเดือน,46,1285.04,0,ไฟเบอร์,ไม่,ใช่,0
CU-11935,1 ปี,31,1154.33,1,ADSL,ไม่,ใช่,1
CU-11936,รายเดือน,34,1235.71,0,ไฟเบอร์,ไม่,ใช่,0
CU-11937,1 ปี,30,717.49,2,ADSL,ไม่,ไม่,0
CU-11938,1 ปี,37,330.92,3,ADSL,ใช่,ไม่,0
CU-11939,2 ปี,28,1509.65,3,ไฟเบอร์,ใช่,ใช่,0
CU-11940,1 ปี,35,1113.32,1,ไฟเบอร์,ใช่,ใช่,0
CU-11941,1 ปี,13,1412.22,0,ไฟเบอร์,ใช่,ใช่,0
CU-11942,2 ปี,61,634.41,1,ADSL,ใช่,ไม่,1
CU-11943,รายเดือน,12,1399.57,4,ไฟเบอร์,ไม่,ไม่,1
CU-11944,รายเดือน,37,884.16,0,ADSL,ไม่,ใช่,0
CU-11945,2 ปี,17,899.85,0,ไฟเบอร์,ไม่,ใช่,0
CU-11946,1 ปี,60,335.10,1,ADSL,ใช่,ใช่,0
CU-11947,1 ปี,49,1002.86,1,ไฟเบอร์,ใช่,ใช่,0
CU-11948,1 ปี,9,609.13,0,ไฟเบอร์,ไม่,ไม่,0
CU-11949,รายเดือน,56,807.77,1,ADSL,ใช่,ใช่,0
CU-11950,1 ปี,70,1261.15,0,ADSL,ใช่,ไม่,0
CU-11951,2 ปี,29,1100.50,0,ADSL,ไม่,ไม่,0
CU-11952,1 ปี,29,308.92,2,ADSL,ไม่,ใช่,0
CU-11953,รายเดือน,38,1143.61,0,ไฟเบอร์,ไม่,ใช่,1
CU-11954,2 ปี,61,1131.33,3,ADSL,ใช่,ใช่,0
CU-11955,รายเดือน,12,1085.72,1,ไฟเบอร์,ใช่,ใช่,1
CU-11956,2 ปี,36,1497.64,1,ADSL,ใช่,ใช่,0
CU-11957,รายเดือน,8,1381.87,2,ADSL,ใช่,ใช่,1
CU-11958,รายเดือน,3,1444.96,0,ADSL,ใช่,ใช่,1
CU-11959,2 ปี,30,306.21,0,ไฟเบอร์,ใช่,ใช่,0
CU-11960,รายเดือน,72,1189.67,0,ADSL,ไม่,ใช่,0
CU-11961,2 ปี,58,540.65,1,ADSL,ใช่,ใช่,0
CU-11962,รายเดือน,2,591.21,0,ADSL,ใช่,ใช่,0
CU-11963,1 ปี,6,1248.52,2,ADSL,ใช่,ใช่,0
CU-11964,รายเดือน,58,1048.16,0,ADSL,ใช่,ใช่,0
CU-11965,2 ปี,42,1248.02,3,ไฟเบอร์,ไม่,ใช่,0
CU-11966,2 ปี,38,1258.13,3,ไฟเบอร์,ใช่,ใช่,0
CU-11967,รายเดือน,61,939.40,0,ไฟเบอร์,ใช่,ใช่,0
CU-11968,รายเดือน,9,964.27,0,ADSL,ใช่,ใช่,1
CU-11969,2 ปี,41,823.24,0,ADSL,ใช่,ใช่,0
CU-11970,1 ปี,17,391.40,3,ADSL,ใช่,ไม่,0
CU-11971,1 ปี,2,541.08,0,ไฟเบอร์,ใช่,ใช่,0
CU-11972,1 ปี,41,1125.68,0,ADSL,ใช่,ไม่,0
CU-11973,1 ปี,65,574.38,3,ไฟเบอร์,ใช่,ใช่,0
CU-11974,2 ปี,39,1495.26,0,ADSL,ใช่,ใช่,0
CU-11975,รายเดือน,24,646.32,0,ไฟเบอร์,ใช่,ใช่,0
CU-11976,รายเดือน,38,906.44,2,ADSL,ใช่,ใช่,1
CU-11977,1 ปี,31,1414.04,1,ADSL,ใช่,ไม่,0
CU-11978,รายเดือน,54,500.43,0,ADSL,ใช่,ใช่,0
CU-11979,2 ปี,69,1556.13,0,ไฟเบอร์,ใช่,ใช่,0
CU-11980,1 ปี,30,1169.92,0,ADSL,ไม่,ไม่,0
CU-11981,รายเดือน,19,1579.05,0,ADSL,ไม่,ไม่,0
CU-11982,รายเดือน,44,942.66,0,ADSL,ไม่,ไม่,1
CU-11983,1 ปี,31,414.06,0,ไฟเบอร์,ใช่,ใช่,0
CU-11984,2 ปี,23,589.42,0,ไฟเบอร์,ใช่,ใช่,0
CU-11985,รายเดือน,34,370.53,1,ADSL,ไม่,ไม่,1
CU-11986,1 ปี,45,594.33,0,ไฟเบอร์,ใช่,ใช่,0
CU-11987,รายเดือน,38,1132.03,0,ไฟเบอร์,ไม่,ใช่,0
CU-11988,1 ปี,49,409.98,0,ADSL,ใช่,ไม่,0
CU-11989,รายเดือน,42,1220.57,4,ADSL,ใช่,ไม่,1
CU-11990,1 ปี,7,1564.73,2,ไฟเบอร์,ใช่,ไม่,1
CU-11991,1 ปี,56,1284.99,3,ADSL,ใช่,ใช่,1
CU-11992,รายเดือน,20,573.41,4,ADSL,ใช่,ใช่,0
CU-11993,รายเดือน,29,1465.06,0,ADSL,ไม่,ใช่,1
CU-11994,2 ปี,24,1423.05,0,ADSL,ใช่,ไม่,0
CU-11995,1 ปี,60,477.52,0,ADSL,ใช่,ใช่,0
CU-11996,2 ปี,4,441.93,1,ADSL,ไม่,ไม่,0
CU-11997,รายเดือน,50,1013.82,4,ไฟเบอร์,ใช่,ไม่,1
CU-11998,รายเดือน,71,672.74,0,ไฟเบอร์,ไม่,ไม่,0
CU-11999,1 ปี,68,400.28,0,ไฟเบอร์,ไม่,ใช่,0
CU-12000,2 ปี,34,1145.46,1,ADSL,ใช่,ใช่,0
CU-12001,รายเดือน,29,1368.80,2,ไฟเบอร์,ใช่,ใช่,0
CU-12002,รายเดือน,28,713.73,0,ADSL,ใช่,ใช่,0
CU-12003,1 ปี,14,498.22,4,ADSL,ใช่,ใช่,0
CU-12004,1 ปี,3,1307.63,1,ADSL,ไม่,ใช่,0
CU-12005,รายเดือน,44,519.64,1,ไฟเบอร์,ไม่,ไม่,1
CU-12006,2 ปี,42,455.95,1,ไฟเบอร์,ใช่,ใช่,0
CU-12007,1 ปี,70,1189.26,2,ADSL,ใช่,ใช่,0
CU-12008,รายเดือน,62,997.47,0,ไฟเบอร์,ไม่,ใช่,0
CU-12009,1 ปี,48,902.26,0,ไฟเบอร์,ใช่,ใช่,0
CU-12010,รายเดือน,71,435.04,0,ไฟเบอร์,ใช่,ไม่,0
CU-12011,รายเดือน,63,1180.67,1,ไฟเบอร์,ไม่,ใช่,0
CU-12012,รายเดือน,55,307.49,1,ADSL,ใช่,ใช่,0
CU-12013,รายเดือน,8,702.38,0,ไฟเบอร์,ไม่,ใช่,1
CU-12014,2 ปี,49,486.04,0,ไฟเบอร์,ไม่,ใช่,0
CU-12015,รายเดือน,45,828.60,1,ADSL,ใช่,ไม่,1
CU-12016,รายเดือน,48,1425.89,0,ADSL,ไม่,ใช่,0
CU-12017,2 ปี,38,1224.59,3,ไฟเบอร์,ใช่,ใช่,0
CU-12018,1 ปี,11,1292.93,0,ไฟเบอร์,ใช่,ใช่,0
CU-12019,รายเดือน,60,1261.19,3,ไฟเบอร์,ไม่,ใช่,1
CU-12020,รายเดือน,58,492.66,0,ADSL,ใช่,ไม่,1
CU-12021,1 ปี,41,996.95,2,ADSL,ไม่,ใช่,0
CU-12022,รายเดือน,36,1069.12,1,ไฟเบอร์,ใช่,ใช่,0
CU-12023,1 ปี,40,884.50,3,ไฟเบอร์,ไม่,ไม่,0
CU-12024,รายเดือน,45,1053.41,3,ไฟเบอร์,ใช่,ใช่,0
CU-12025,รายเดือน,67,1543.04,0,ไฟเบอร์,ใช่,ไม่,1
CU-12026,1 ปี,29,1343.66,3,ADSL,ใช่,ใช่,0
CU-12027,1 ปี,27,593.25,1,ไฟเบอร์,ใช่,ใช่,0
CU-12028,รายเดือน,37,704.12,1,ไฟเบอร์,ไม่,ไม่,1
CU-12029,รายเดือน,25,857.28,1,ไฟเบอร์,ใช่,ใช่,0
CU-12030,1 ปี,13,1497.83,0,ADSL,ใช่,ไม่,0
CU-12031,1 ปี,64,761.36,3,ADSL,ใช่,ใช่,0
CU-12032,รายเดือน,19,1368.19,1,ADSL,ใช่,ใช่,1
CU-12033,รายเดือน,52,1332.76,0,ADSL,ใช่,ใช่,0
CU-12034,รายเดือน,52,830.26,1,ไฟเบอร์,ไม่,ใช่,1
CU-12035,2 ปี,61,1484.16,1,ไฟเบอร์,ใช่,ใช่,0
CU-12036,รายเดือน,25,1347.33,1,ไฟเบอร์,ใช่,ไม่,0
CU-12037,รายเดือน,12,1289.98,5,ไฟเบอร์,ไม่,ใช่,1
CU-12038,รายเดือน,37,1123.27,1,ไฟเบอร์,ไม่,ใช่,0
CU-12039,2 ปี,56,1091.07,0,ADSL,ใช่,ใช่,0
CU-12040,รายเดือน,13,1274.09,1,ADSL,ไม่,ใช่,1
CU-12041,รายเดือน,7,1146.03,0,ADSL,ใช่,ไม่,1
CU-12042,1 ปี,42,522.84,0,ADSL,ใช่,ไม่,0
CU-12043,1 ปี,45,882.57,2,ADSL,ใช่,ใช่,0
CU-12044,2 ปี,38,866.75,0,ADSL,ใช่,ใช่,0
CU-12045,รายเดือน,44,1453.61,2,ไฟเบอร์,ไม่,ใช่,1
CU-12046,รายเดือน,20,1246.00,1,ADSL,ไม่,ใช่,1
CU-12047,2 ปี,68,1213.94,3,ไฟเบอร์,ใช่,ไม่,0
CU-12048,รายเดือน,50,706.37,1,ADSL,ใช่,ใช่,0
CU-12049,1 ปี,13,591.18,1,ADSL,ใช่,ใช่,0
CU-12050,รายเดือน,39,1496.54,1,ADSL,ใช่,ไม่,0
CU-12051,รายเดือน,13,691.61,0,ไฟเบอร์,ใช่,ใช่,1
CU-12052,รายเดือน,25,1576.09,1,ADSL,ไม่,ไม่,1
CU-12053,รายเดือน,62,1097.29,1,ADSL,ใช่,ใช่,1
CU-12054,รายเดือน,31,1016.19,1,ADSL,ใช่,ไม่,1
CU-12055,รายเดือน,66,1396.01,1,ADSL,ใช่,ไม่,0
CU-12056,รายเดือน,61,961.85,2,ไฟเบอร์,ใช่,ไม่,0
CU-12057,รายเดือน,50,1388.55,5,ADSL,ใช่,ใช่,0
CU-12058,รายเดือน,30,938.00,0,ไฟเบอร์,ไม่,ใช่,0
CU-12059,รายเดือน,59,1062.33,2,ไฟเบอร์,ใช่,ใช่,1
CU-12060,1 ปี,12,1438.76,0,ไฟเบอร์,ใช่,ไม่,1
CU-12061,รายเดือน,58,1176.12,5,ไฟเบอร์,ใช่,ไม่,1
CU-12062,1 ปี,55,809.88,1,ADSL,ไม่,ใช่,0
CU-12063,รายเดือน,57,926.38,1,ไฟเบอร์,ใช่,ใช่,0
CU-12064,รายเดือน,59,1126.90,1,ADSL,ใช่,ใช่,0
CU-12065,รายเดือน,29,317.51,2,ไฟเบอร์,ใช่,ใช่,1
CU-12066,1 ปี,38,1578.98,0,ADSL,ไม่,ใช่,1
CU-12067,รายเดือน,38,651.57,0,ไฟเบอร์,ใช่,ไม่,0
CU-12068,2 ปี,56,1014.16,1,ไฟเบอร์,ไม่,ใช่,0
CU-12069,รายเดือน,46,1266.46,3,ADSL,ไม่,ไม่,1
CU-12070,รายเดือน,32,1029.19,0,ไฟเบอร์,ใช่,ใช่,1
CU-12071,รายเดือน,48,839.36,0,ไฟเบอร์,ใช่,ไม่,1
CU-12072,รายเดือน,58,1513.60,2,ไฟเบอร์,ใช่,ไม่,1
CU-12073,2 ปี,26,1083.36,3,ADSL,ใช่,ไม่,0
CU-12074,รายเดือน,71,1152.73,1,ADSL,ใช่,ไม่,1
CU-12075,รายเดือน,55,1261.83,4,ADSL,ไม่,ไม่,0
CU-12076,รายเดือน,26,1434.52,3,ADSL,ไม่,ใช่,1
CU-12077,2 ปี,16,722.44,1,ADSL,ใช่,ไม่,0
CU-12078,รายเดือน,1,1146.05,0,ไฟเบอร์,ไม่,ใช่,1
CU-12079,1 ปี,46,1112.08,2,ADSL,ไม่,ไม่,0
CU-12080,รายเดือน,10,1357.92,3,ADSL,ใช่,ไม่,1
CU-12081,รายเดือน,20,1237.99,2,ไฟเบอร์,ไม่,ไม่,1
CU-12082,รายเดือน,65,663.83,2,ADSL,ไม่,ใช่,0
CU-12083,รายเดือน,32,609.90,1,ADSL,ไม่,ใช่,1
CU-12084,รายเดือน,46,1164.39,1,ADSL,ใช่,ใช่,1
CU-12085,2 ปี,46,1069.29,1,ADSL,ใช่,ไม่,0
CU-12086,รายเดือน,65,973.60,2,ไฟเบอร์,ใช่,ใช่,1
CU-12087,รายเดือน,30,1337.39,1,ADSL,ไม่,ไม่,1
CU-12088,รายเดือน,38,453.83,4,ADSL,ใช่,ใช่,1
CU-12089,2 ปี,43,1122.90,0,ADSL,ใช่,ใช่,0
CU-12090,รายเดือน,38,552.64,4,ADSL,ใช่,ไม่,1
CU-12091,รายเดือน,35,614.32,3,ไฟเบอร์,ไม่,ไม่,0
CU-12092,2 ปี,49,1547.24,0,ADSL,ใช่,ใช่,0
CU-12093,2 ปี,42,848.58,0,ADSL,ไม่,ไม่,0
CU-12094,1 ปี,50,1014.78,1,ADSL,ไม่,ใช่,0
CU-12095,รายเดือน,18,1050.94,0,ไฟเบอร์,ใช่,ใช่,1
CU-12096,รายเดือน,3,476.38,3,ไฟเบอร์,ใช่,ใช่,1
CU-12097,รายเดือน,21,1045.38,1,ADSL,ไม่,ใช่,0
CU-12098,1 ปี,41,871.89,3,ไฟเบอร์,ใช่,ใช่,0
CU-12099,รายเดือน,31,1335.30,1,ไฟเบอร์,ใช่,ไม่,1
CU-12100,2 ปี,20,1040.29,0,ADSL,ไม่,ไม่,0
CU-12101,รายเดือน,53,1135.88,1,ไฟเบอร์,ใช่,ไม่,1
CU-12102,1 ปี,56,891.51,4,ADSL,ใช่,ไม่,0
CU-12103,2 ปี,50,690.48,1,ไฟเบอร์,ใช่,ใช่,0
CU-12104,2 ปี,61,776.94,0,ไฟเบอร์,ใช่,ไม่,1
CU-12105,รายเดือน,19,1521.63,0,ไฟเบอร์,ใช่,ไม่,1
CU-12106,รายเดือน,58,1304.51,0,ADSL,ไม่,ใช่,0
CU-12107,1 ปี,36,1063.57,0,ADSL,ไม่,ใช่,0
CU-12108,2 ปี,44,1312.52,0,ไฟเบอร์,ไม่,ใช่,0
CU-12109,รายเดือน,63,910.86,1,ADSL,ใช่,ใช่,1
CU-12110,1 ปี,64,1113.43,4,ไฟเบอร์,ใช่,ใช่,0
CU-12111,รายเดือน,46,1047.66,1,ไฟเบอร์,ใช่,ใช่,1
CU-12112,รายเดือน,42,1164.43,2,ADSL,ไม่,ไม่,0
CU-12113,รายเดือน,29,1205.71,1,ADSL,ใช่,ใช่,0
CU-12114,รายเดือน,61,1583.94,0,ADSL,ไม่,ใช่,0
CU-12115,รายเดือน,39,585.53,0,ADSL,ไม่,ไม่,1
CU-12116,รายเดือน,42,320.71,1,ไฟเบอร์,ไม่,ใช่,0
CU-12117,1 ปี,66,1121.93,0,ไฟเบอร์,ใช่,ไม่,0
CU-12118,รายเดือน,36,758.77,1,ไฟเบอร์,ไม่,ใช่,0
CU-12119,รายเดือน,72,1146.50,2,ADSL,ไม่,ใช่,0
CU-12120,2 ปี,12,634.83,3,ADSL,ไม่,ใช่,0
CU-12121,2 ปี,19,762.05,0,ไฟเบอร์,ไม่,ใช่,0
CU-12122,รายเดือน,15,428.76,0,ไฟเบอร์,ใช่,ไม่,1
CU-12123,รายเดือน,32,1326.69,0,ไฟเบอร์,ใช่,ไม่,1
CU-12124,รายเดือน,5,1338.73,0,ADSL,ไม่,ใช่,1
CU-12125,2 ปี,23,427.68,0,ADSL,ใช่,ไม่,0
CU-12126,2 ปี,12,1360.61,3,ไฟเบอร์,ไม่,ใช่,0
CU-12127,รายเดือน,26,570.19,3,ไฟเบอร์,ใช่,ใช่,1
CU-12128,2 ปี,65,1507.46,2,ไฟเบอร์,ไม่,ใช่,0
CU-12129,รายเดือน,25,1502.16,3,ไฟเบอร์,ใช่,ใช่,0
CU-12130,2 ปี,22,1574.89,0,ADSL,ไม่,ใช่,0
CU-12131,1 ปี,33,795.00,0,ไฟเบอร์,ไม่,ใช่,0
CU-12132,2 ปี,49,371.32,2,ไฟเบอร์,ไม่,ใช่,0
CU-12133,รายเดือน,44,763.60,1,ADSL,ใช่,ใช่,0
CU-12134,รายเดือน,41,384.96,0,ADSL,ใช่,ใช่,0
CU-12135,2 ปี,54,1569.66,2,ไฟเบอร์,ใช่,ไม่,0
CU-12136,รายเดือน,53,594.63,0,ADSL,ใช่,ใช่,0
CU-12137,รายเดือน,19,1085.10,1,ไฟเบอร์,ใช่,ใช่,1
CU-12138,2 ปี,40,354.99,1,ไฟเบอร์,ใช่,ใช่,0
CU-12139,1 ปี,60,1256.58,4,ADSL,ใช่,ไม่,0
CU-12140,รายเดือน,27,422.94,2,ADSL,ไม่,ไม่,0
CU-12141,1 ปี,70,525.59,1,ADSL,ใช่,ไม่,0
CU-12142,1 ปี,12,1291.78,3,ADSL,ใช่,ใช่,0
CU-12143,รายเดือน,29,743.82,2,ADSL,ไม่,ใช่,0
CU-12144,รายเดือน,30,942.86,0,ADSL,ไม่,ใช่,0
CU-12145,1 ปี,6,900.93,0,ADSL,ใช่,ใช่,0
CU-12146,1 ปี,33,1335.98,0,ADSL,ใช่,ใช่,0
CU-12147,2 ปี,23,557.89,0,ADSL,ไม่,ไม่,0
CU-12148,2 ปี,20,613.47,0,ไฟเบอร์,ใช่,ไม่,0
CU-12149,2 ปี,2,1174.96,4,ADSL,ใช่,ใช่,0
CU-12150,รายเดือน,20,1402.87,0,ADSL,ใช่,ใช่,1
CU-12151,1 ปี,27,1083.54,0,ไฟเบอร์,ไม่,ใช่,0
CU-12152,1 ปี,11,917.60,0,ADSL,ใช่,ใช่,0
CU-12153,รายเดือน,1,367.33,0,ADSL,ไม่,ไม่,1
CU-12154,1 ปี,22,476.06,1,ไฟเบอร์,ใช่,ไม่,0
CU-12155,รายเดือน,66,976.02,2,ADSL,ไม่,ไม่,1
CU-12156,2 ปี,21,640.42,3,ADSL,ใช่,ใช่,0
CU-12157,รายเดือน,35,614.24,2,ไฟเบอร์,ไม่,ใช่,1
CU-12158,1 ปี,57,677.96,2,ไฟเบอร์,ใช่,ใช่,0
CU-12159,1 ปี,21,608.76,1,ADSL,ใช่,ไม่,0
CU-12160,รายเดือน,40,387.72,1,ไฟเบอร์,ไม่,ใช่,0
CU-12161,รายเดือน,66,1409.57,2,ADSL,ใช่,ไม่,1
CU-12162,2 ปี,22,427.24,4,ADSL,ไม่,ใช่,0
CU-12163,2 ปี,15,1185.13,0,ไฟเบอร์,ไม่,ไม่,0
CU-12164,รายเดือน,43,710.79,0,ไฟเบอร์,ใช่,ไม่,0
CU-12165,รายเดือน,63,374.63,1,ADSL,ใช่,ไม่,0
CU-12166,รายเดือน,54,1209.83,0,ADSL,ใช่,ไม่,1
CU-12167,รายเดือน,7,407.92,0,ไฟเบอร์,ใช่,ใช่,0
CU-12168,1 ปี,70,1576.86,0,ADSL,ไม่,ไม่,0
CU-12169,1 ปี,67,1265.49,0,ADSL,ไม่,ไม่,0
CU-12170,รายเดือน,33,320.20,0,ADSL,ใช่,ใช่,0
CU-12171,2 ปี,8,324.48,0,ADSL,ไม่,ไม่,0
CU-12172,รายเดือน,32,1027.95,2,ไฟเบอร์,ไม่,ใช่,0
CU-12173,รายเดือน,56,1091.67,0,ADSL,ใช่,ไม่,0
CU-12174,รายเดือน,22,813.42,5,ADSL,ไม่,ใช่,1
CU-12175,รายเดือน,25,1457.33,0,ไฟเบอร์,ใช่,ใช่,1
CU-12176,รายเดือน,47,408.79,1,ไฟเบอร์,ใช่,ใช่,1
CU-12177,รายเดือน,44,1173.69,1,ADSL,ไม่,ใช่,1
CU-12178,1 ปี,69,322.32,4,ไฟเบอร์,ไม่,ไม่,0
CU-12179,รายเดือน,59,1412.57,1,ไฟเบอร์,ไม่,ไม่,1
CU-12180,รายเดือน,34,553.99,1,ไฟเบอร์,ไม่,ไม่,1
CU-12181,1 ปี,12,410.85,0,ไฟเบอร์,ใช่,ไม่,1
CU-12182,1 ปี,7,860.64,3,ไฟเบอร์,ไม่,ไม่,0
CU-12183,รายเดือน,15,706.96,2,ไฟเบอร์,ใช่,ใช่,0
CU-12184,รายเดือน,36,997.15,4,ไฟเบอร์,ไม่,ไม่,1
CU-12185,รายเดือน,26,832.03,2,ADSL,ใช่,ไม่,0
CU-12186,รายเดือน,33,907.01,3,ไฟเบอร์,ใช่,ใช่,0
CU-12187,รายเดือน,56,1145.25,1,ไฟเบอร์,ไม่,ใช่,1
CU-12188,รายเดือน,28,617.08,2,ไฟเบอร์,ใช่,ไม่,0
CU-12189,รายเดือน,1,1525.50,0,ADSL,ใช่,ไม่,1
CU-12190,1 ปี,60,439.95,1,ADSL,ใช่,ใช่,0
CU-12191,1 ปี,33,775.82,5,ไฟเบอร์,ใช่,ใช่,0
CU-12192,1 ปี,70,304.51,1,ไฟเบอร์,ใช่,ไม่,0
CU-12193,รายเดือน,33,1364.81,2,ไฟเบอร์,ไม่,ใช่,1
CU-12194,รายเดือน,4,557.83,2,ไฟเบอร์,ใช่,ไม่,1
CU-12195,รายเดือน,8,1357.41,4,ไฟเบอร์,ไม่,ไม่,1
CU-12196,1 ปี,49,642.61,0,ADSL,ไม่,ไม่,0
CU-12197,รายเดือน,5,1451.83,2,ไฟเบอร์,ใช่,ไม่,1
CU-12198,1 ปี,69,1279.21,5,ไฟเบอร์,ใช่,ไม่,1
CU-12199,1 ปี,40,1381.99,1,ADSL,ไม่,ไม่,0
CU-12200,2 ปี,51,1385.64,4,ADSL,ไม่,ไม่,0
CU-12201,1 ปี,58,1206.98,1,ADSL,ไม่,ไม่,0
CU-12202,รายเดือน,47,946.84,1,ไฟเบอร์,ใช่,ไม่,0
CU-12203,รายเดือน,1,1134.83,2,ไฟเบอร์,ใช่,ใช่,1
CU-12204,รายเดือน,37,464.81,5,ADSL,ใช่,ใช่,1
CU-12205,รายเดือน,5,1364.24,0,ADSL,ใช่,ไม่,1
CU-12206,1 ปี,69,1065.44,0,ไฟเบอร์,ใช่,ใช่,0
CU-12207,รายเดือน,56,821.10,1,ADSL,ใช่,ไม่,0
CU-12208,1 ปี,26,1516.40,0,ไฟเบอร์,ไม่,ใช่,0
CU-12209,รายเดือน,60,322.86,3,ไฟเบอร์,ไม่,ใช่,0
CU-12210,2 ปี,1,553.15,3,ADSL,ใช่,ใช่,0
CU-12211,1 ปี,38,1263.85,1,ไฟเบอร์,ใช่,ใช่,0
CU-12212,1 ปี,35,1300.54,0,ADSL,ไม่,ใช่,0
CU-12213,รายเดือน,18,1409.39,1,ไฟเบอร์,ใช่,ใช่,0
CU-12214,2 ปี,34,1199.46,1,ไฟเบอร์,ใช่,ไม่,0
CU-12215,1 ปี,66,1563.11,2,ADSL,ใช่,ไม่,0
CU-12216,2 ปี,28,466.30,0,ไฟเบอร์,ไม่,ไม่,0
CU-12217,2 ปี,65,1445.18,1,ไฟเบอร์,ใช่,ใช่,0
CU-12218,รายเดือน,11,954.60,1,ไฟเบอร์,ใช่,ไม่,1
CU-12219,รายเดือน,3,632.70,0,ADSL,ใช่,ใช่,1
CU-12220,รายเดือน,39,854.76,4,ADSL,ใช่,ไม่,1
CU-12221,รายเดือน,63,493.40,5,ADSL,ใช่,ใช่,0
CU-12222,รายเดือน,31,1455.23,1,ไฟเบอร์,ไม่,ใช่,1
CU-12223,รายเดือน,40,1543.69,1,ADSL,ไม่,ไม่,1
CU-12224,1 ปี,16,1214.35,3,ADSL,ใช่,ใช่,0
CU-12225,รายเดือน,17,1559.37,0,ADSL,ใช่,ใช่,1
CU-12226,1 ปี,41,1397.40,0,ไฟเบอร์,ไม่,ไม่,0
CU-12227,1 ปี,48,1474.51,1,ไฟเบอร์,ไม่,ใช่,0
CU-12228,รายเดือน,71,556.76,1,ADSL,ใช่,ใช่,0
CU-12229,2 ปี,38,1448.24,2,ADSL,ไม่,ใช่,0
CU-12230,รายเดือน,33,336.62,0,ADSL,ใช่,ไม่,0
CU-12231,รายเดือน,71,425.18,0,ADSL,ไม่,ไม่,1
CU-12232,รายเดือน,53,643.96,0,ADSL,ใช่,ไม่,1
CU-12233,รายเดือน,39,349.53,0,ไฟเบอร์,ใช่,ไม่,0
CU-12234,รายเดือน,40,670.00,2,ไฟเบอร์,ไม่,ไม่,1
CU-12235,รายเดือน,8,931.80,3,ไฟเบอร์,ใช่,ใช่,1
CU-12236,1 ปี,27,593.89,4,ADSL,ไม่,ใช่,0
CU-12237,1 ปี,2,681.55,3,ADSL,ไม่,ใช่,0
CU-12238,รายเดือน,13,1468.94,2,ADSL,ไม่,ใช่,1
CU-12239,1 ปี,44,1305.12,1,ไฟเบอร์,ไม่,ใช่,0
CU-12240,1 ปี,54,779.77,0,ADSL,ใช่,ไม่,0
CU-12241,1 ปี,42,1192.45,1,ADSL,ใช่,ใช่,0
CU-12242,1 ปี,27,1339.26,4,ไฟเบอร์,ใช่,ไม่,1
CU-12243,รายเดือน,44,1321.72,3,ADSL,ไม่,ใช่,1
CU-12244,1 ปี,28,339.58,0,ADSL,ใช่,ใช่,0
CU-12245,1 ปี,46,1344.23,1,ไฟเบอร์,ใช่,ใช่,0
CU-12246,รายเดือน,16,888.30,1,ไฟเบอร์,ใช่,ไม่,1
CU-12247,1 ปี,47,542.42,0,ADSL,ไม่,ใช่,0
CU-12248,รายเดือน,21,1236.48,4,ไฟเบอร์,ใช่,ไม่,1
CU-12249,1 ปี,14,1210.67,0,ไฟเบอร์,ไม่,ไม่,0
CU-12250,รายเดือน,67,711.20,4,ADSL,ใช่,ไม่,0
CU-12251,2 ปี,19,936.28,1,ไฟเบอร์,ใช่,ไม่,0
CU-12252,1 ปี,72,728.09,1,ไฟเบอร์,ใช่,ไม่,0
CU-12253,รายเดือน,52,1024.49,2,ADSL,ไม่,ไม่,0
CU-12254,รายเดือน,60,1043.31,0,ไฟเบอร์,ใช่,ไม่,1
CU-12255,รายเดือน,3,1323.06,0,ไฟเบอร์,ใช่,ไม่,0
CU-12256,รายเดือน,5,821.70,5,ADSL,ไม่,ใช่,1
CU-12257,รายเดือน,42,428.49,2,ADSL,ไม่,ไม่,0
CU-12258,1 ปี,1,753.38,0,ADSL,ใช่,ใช่,0
CU-12259,2 ปี,53,1348.44,4,ADSL,ใช่,ใช่,0
CU-12260,รายเดือน,15,1465.05,0,ไฟเบอร์,ใช่,ไม่,0
CU-12261,1 ปี,16,1268.33,0,ADSL,ใช่,ใช่,1
CU-12262,รายเดือน,32,515.37,0,ไฟเบอร์,ใช่,ใช่,1
CU-12263,รายเดือน,33,1487.91,2,ADSL,ใช่,ใช่,1
CU-12264,รายเดือน,66,880.09,2,ไฟเบอร์,ไม่,ใช่,1
CU-12265,รายเดือน,32,418.28,0,ADSL,ไม่,ไม่,0
CU-12266,รายเดือน,25,455.54,3,ไฟเบอร์,ไม่,ใช่,1
CU-12267,1 ปี,52,806.23,0,ไฟเบอร์,ใช่,ไม่,0
CU-12268,รายเดือน,68,1302.08,1,ไฟเบอร์,ไม่,ใช่,1
CU-12269,รายเดือน,65,1319.66,2,ADSL,ไม่,ใช่,1
CU-12270,2 ปี,50,1260.35,4,ไฟเบอร์,ไม่,ไม่,0
CU-12271,2 ปี,69,991.68,3,ADSL,ใช่,ไม่,0
CU-12272,รายเดือน,8,692.07,3,ไฟเบอร์,ใช่,ใช่,1
CU-12273,1 ปี,20,411.66,1,ADSL,ไม่,ไม่,0
CU-12274,รายเดือน,6,500.14,0,ไฟเบอร์,ไม่,ไม่,1
CU-12275,1 ปี,21,401.45,3,ไฟเบอร์,ไม่,ไม่,0
CU-12276,รายเดือน,70,903.89,1,ไฟเบอร์,ใช่,ใช่,1
CU-12277,รายเดือน,21,1478.76,0,ADSL,ใช่,ไม่,1
CU-12278,รายเดือน,47,497.53,0,ADSL,ใช่,ไม่,0
CU-12279,1 ปี,32,1281.68,3,ไฟเบอร์,ไม่,ใช่,0
CU-12280,1 ปี,4,818.42,0,ADSL,ไม่,ใช่,1
CU-12281,1 ปี,49,1559.38,0,ADSL,ไม่,ไม่,0
CU-12282,2 ปี,1,903.12,1,ไฟเบอร์,ไม่,ใช่,0
CU-12283,1 ปี,60,739.77,5,ADSL,ไม่,ใช่,0
CU-12284,รายเดือน,12,1578.80,2,ไฟเบอร์,ไม่,ไม่,1
CU-12285,1 ปี,65,430.29,0,ADSL,ไม่,ใช่,0
CU-12286,1 ปี,42,624.12,3,ไฟเบอร์,ใช่,ใช่,0
CU-12287,รายเดือน,58,1039.60,0,ไฟเบอร์,ใช่,ไม่,0
CU-12288,2 ปี,19,1339.17,4,ADSL,ใช่,ไม่,0
CU-12289,1 ปี,63,422.57,2,ไฟเบอร์,ใช่,ใช่,0
CU-12290,รายเดือน,59,777.65,3,ไฟเบอร์,ใช่,ไม่,1
CU-12291,2 ปี,32,907.27,0,ADSL,ใช่,ไม่,0
CU-12292,รายเดือน,18,1207.60,4,ADSL,ใช่,ไม่,1
CU-12293,1 ปี,29,1527.41,4,ADSL,ใช่,ใช่,1
CU-12294,รายเดือน,56,1177.30,0,ไฟเบอร์,ใช่,ไม่,1
CU-12295,1 ปี,49,1037.23,2,ADSL,ไม่,ใช่,0
CU-12296,2 ปี,33,1270.40,0,ADSL,ใช่,ใช่,0
CU-12297,รายเดือน,11,697.75,0,ไฟเบอร์,ใช่,ไม่,1
CU-12298,2 ปี,28,912.67,2,ADSL,ใช่,ใช่,0
CU-12299,1 ปี,7,1533.62,0,ไฟเบอร์,ใช่,ใช่,1
CU-12300,รายเดือน,33,1419.42,1,ADSL,ใช่,ใช่,0
CU-12301,2 ปี,68,1212.61,2,ไฟเบอร์,ใช่,ไม่,0
CU-12302,2 ปี,51,1327.98,0,ไฟเบอร์,ไม่,ใช่,0
CU-12303,รายเดือน,39,1464.08,2,ไฟเบอร์,ใช่,ใช่,0
CU-12304,รายเดือน,7,1361.83,5,ADSL,ใช่,ไม่,0
CU-12305,รายเดือน,57,819.18,0,ไฟเบอร์,ใช่,ไม่,1
CU-12306,รายเดือน,22,1313.53,1,ADSL,ไม่,ไม่,1
CU-12307,รายเดือน,68,1536.93,1,ไฟเบอร์,ใช่,ใช่,0
CU-12308,1 ปี,45,807.51,0,ADSL,ใช่,ไม่,0
CU-12309,รายเดือน,54,861.08,0,ADSL,ใช่,ใช่,0
CU-12310,1 ปี,37,960.44,1,ไฟเบอร์,ใช่,ไม่,0
CU-12311,รายเดือน,29,673.31,1,ADSL,ใช่,ใช่,1
CU-12312,2 ปี,47,1273.51,0,ADSL,ไม่,ใช่,0
CU-12313,รายเดือน,41,1209.69,0,ไฟเบอร์,ไม่,ไม่,1
CU-12314,1 ปี,14,463.31,2,ADSL,ใช่,ไม่,1
CU-12315,2 ปี,72,882.88,1,ADSL,ใช่,ใช่,0
CU-12316,1 ปี,59,523.14,0,ADSL,ใช่,ไม่,0
CU-12317,2 ปี,15,561.80,2,ADSL,ใช่,ใช่,0
CU-12318,รายเดือน,60,768.01,0,ADSL,ใช่,ไม่,1
CU-12319,1 ปี,59,935.89,4,ADSL,ใช่,ใช่,0
CU-12320,รายเดือน,18,370.03,2,ADSL,ไม่,ใช่,1
CU-12321,1 ปี,68,560.53,2,ADSL,ใช่,ไม่,0
CU-12322,1 ปี,2,333.82,0,ADSL,ใช่,ไม่,0
CU-12323,2 ปี,17,1207.99,1,ADSL,ไม่,ใช่,0
CU-12324,1 ปี,69,1587.69,0,ไฟเบอร์,ใช่,ไม่,0
CU-12325,2 ปี,58,1553.61,3,ADSL,ใช่,ไม่,0
CU-12326,2 ปี,72,1570.91,4,ADSL,ใช่,ใช่,0
CU-12327,1 ปี,64,477.45,2,ADSL,ใช่,ไม่,0
CU-12328,1 ปี,6,1038.23,1,ADSL,ใช่,ไม่,1
CU-12329,1 ปี,26,909.69,1,ไฟเบอร์,ไม่,ไม่,0
CU-12330,1 ปี,9,1561.69,0,ADSL,ใช่,ใช่,0
CU-12331,รายเดือน,38,1255.68,2,ADSL,ไม่,ไม่,0
CU-12332,รายเดือน,15,1268.11,3,ADSL,ใช่,ใช่,0
CU-12333,รายเดือน,46,853.01,0,ADSL,ไม่,ไม่,0
CU-12334,รายเดือน,66,1031.43,0,ADSL,ไม่,ใช่,0
CU-12335,รายเดือน,47,1358.87,1,ไฟเบอร์,ไม่,ใช่,0
CU-12336,2 ปี,65,574.38,3,ไฟเบอร์,ใช่,ใช่,0
CU-12337,2 ปี,24,345.53,1,ไฟเบอร์,ใช่,ไม่,0
CU-12338,รายเดือน,7,1423.94,4,ADSL,ใช่,ใช่,1
CU-12339,1 ปี,5,936.78,2,ADSL,ใช่,ไม่,0
CU-12340,1 ปี,15,1242.75,0,ADSL,ใช่,ไม่,0
CU-12341,รายเดือน,64,1189.20,2,ไฟเบอร์,ไม่,ใช่,0
CU-12342,รายเดือน,9,345.35,0,ADSL,ไม่,ไม่,0
CU-12343,1 ปี,5,780.50,2,ไฟเบอร์,ไม่,ไม่,0
CU-12344,รายเดือน,39,1352.00,1,ไฟเบอร์,ใช่,ไม่,0
CU-12345,2 ปี,29,1076.84,0,ADSL,ใช่,ไม่,0
CU-12346,รายเดือน,54,1433.56,0,ADSL,ใช่,ใช่,0
CU-12347,รายเดือน,8,768.35,1,ไฟเบอร์,ไม่,ไม่,1
CU-12348,1 ปี,17,1497.09,1,ไฟเบอร์,ไม่,ใช่,0
CU-12349,รายเดือน,53,1129.48,1,ADSL,ใช่,ใช่,0
CU-12350,รายเดือน,45,975.95,0,ไฟเบอร์,ไม่,ไม่,0
CU-12351,2 ปี,56,1370.80,3,ADSL,ใช่,ไม่,0
CU-12352,รายเดือน,63,356.58,1,ADSL,ใช่,ไม่,0
CU-12353,1 ปี,49,632.80,1,ADSL,ใช่,ใช่,0
CU-12354,รายเดือน,30,619.00,2,ไฟเบอร์,ไม่,ไม่,1
CU-12355,1 ปี,39,1377.35,0,ไฟเบอร์,ใช่,ไม่,0
CU-12356,รายเดือน,22,1427.27,4,ADSL,ไม่,ไม่,1
CU-12357,1 ปี,8,1144.68,0,ADSL,ไม่,ไม่,0
CU-12358,1 ปี,10,1432.56,0,ADSL,ใช่,ไม่,0
CU-12359,1 ปี,57,354.67,1,ไฟเบอร์,ใช่,ใช่,1
CU-12360,2 ปี,37,984.18,5,ADSL,ใช่,ใช่,0
CU-12361,1 ปี,27,1313.11,4,ADSL,ใช่,ใช่,1
CU-12362,2 ปี,28,1033.95,0,ADSL,ไม่,ไม่,0
CU-12363,รายเดือน,72,967.60,1,ไฟเบอร์,ใช่,ใช่,0
CU-12364,1 ปี,43,1148.07,4,ADSL,ใช่,ใช่,0
CU-12365,รายเดือน,18,465.98,4,ไฟเบอร์,ไม่,ใช่,1
CU-12366,รายเดือน,14,1375.41,1,ไฟเบอร์,ใช่,ใช่,1
CU-12367,รายเดือน,7,760.87,4,ADSL,ใช่,ใช่,1
CU-12368,รายเดือน,5,542.64,4,ADSL,ใช่,ใช่,1
CU-12369,1 ปี,33,314.65,0,ADSL,ใช่,ใช่,0
CU-12370,รายเดือน,9,553.06,0,ไฟเบอร์,ใช่,ใช่,1
CU-12371,1 ปี,19,638.99,0,ADSL,ใช่,ไม่,1
CU-12372,รายเดือน,33,896.77,2,ADSL,ใช่,ใช่,1
CU-12373,รายเดือน,42,1586.61,0,ADSL,ใช่,ใช่,1
CU-12374,2 ปี,14,1257.24,2,ADSL,ไม่,ใช่,0
CU-12375,1 ปี,69,720.01,0,ADSL,ใช่,ไม่,0
CU-12376,2 ปี,52,1092.24,0,ไฟเบอร์,ใช่,ไม่,0
CU-12377,2 ปี,48,915.86,1,ADSL,ใช่,ไม่,0
CU-12378,รายเดือน,43,528.16,0,ADSL,ไม่,ไม่,0
CU-12379,2 ปี,63,1559.08,1,ADSL,ไม่,ไม่,0
CU-12380,1 ปี,71,428.99,0,ไฟเบอร์,ใช่,ใช่,0
CU-12381,รายเดือน,20,1453.36,0,ADSL,ไม่,ใช่,0
CU-12382,รายเดือน,11,999.28,1,ADSL,ไม่,ใช่,1
CU-12383,รายเดือน,53,915.72,3,ไฟเบอร์,ใช่,ไม่,0
CU-12384,1 ปี,36,1076.69,0,ADSL,ไม่,ใช่,0
CU-12385,2 ปี,27,898.80,3,ไฟเบอร์,ไม่,ไม่,0
CU-12386,1 ปี,17,1540.42,0,ADSL,ใช่,ไม่,0
CU-12387,2 ปี,68,982.90,4,ไฟเบอร์,ใช่,ใช่,0
CU-12388,1 ปี,43,1558.89,0,ADSL,ใช่,ใช่,0
CU-12389,รายเดือน,68,409.87,0,ADSL,ใช่,ไม่,0
CU-12390,รายเดือน,49,472.83,0,ADSL,ใช่,ไม่,1
CU-12391,1 ปี,27,496.42,3,ADSL,ไม่,ใช่,0
CU-12392,รายเดือน,50,944.14,0,ไฟเบอร์,ไม่,ไม่,0
CU-12393,2 ปี,36,480.62,3,ไฟเบอร์,ไม่,ใช่,0
CU-12394,1 ปี,17,354.29,3,ไฟเบอร์,ใช่,ใช่,0
CU-12395,1 ปี,46,791.72,1,ADSL,ใช่,ไม่,0
CU-12396,รายเดือน,55,500.88,2,ADSL,ไม่,ไม่,1
CU-12397,รายเดือน,64,453.18,2,ADSL,ใช่,ไม่,0
CU-12398,1 ปี,71,710.68,0,ไฟเบอร์,ใช่,ใช่,0
CU-12399,รายเดือน,53,1450.89,1,ADSL,ไม่,ไม่,0
CU-12400,1 ปี,18,1071.10,3,ADSL,ใช่,ใช่,0
CU-12401,รายเดือน,17,1446.43,2,ADSL,ใช่,ไม่,1
CU-12402,1 ปี,7,636.86,1,ADSL,ใช่,ใช่,0
CU-12403,รายเดือน,60,349.12,0,ADSL,ใช่,ไม่,0
CU-12404,รายเดือน,27,543.82,0,ไฟเบอร์,ไม่,ไม่,0
CU-12405,รายเดือน,15,1367.82,0,ไฟเบอร์,ไม่,ไม่,1
CU-12406,1 ปี,35,1572.23,0,ไฟเบอร์,ใช่,ไม่,0
CU-12407,รายเดือน,17,1330.39,0,ไฟเบอร์,ใช่,ไม่,1
CU-12408,1 ปี,57,1495.99,0,ADSL,ใช่,ใช่,0
CU-12409,2 ปี,33,1322.67,0,ไฟเบอร์,ใช่,ใช่,0
CU-12410,1 ปี,5,496.62,0,ADSL,ใช่,ใช่,0
CU-12411,1 ปี,67,378.30,0,ไฟเบอร์,ไม่,ใช่,0
CU-12412,รายเดือน,45,1174.53,0,ADSL,ใช่,ใช่,0
CU-12413,1 ปี,60,1289.22,2,ADSL,ใช่,ใช่,0
CU-12414,รายเดือน,4,959.67,0,ADSL,ไม่,ไม่,1
CU-12415,2 ปี,62,839.62,0,ไฟเบอร์,ไม่,ไม่,0
CU-12416,รายเดือน,58,1354.81,2,ไฟเบอร์,ใช่,ใช่,1
CU-12417,1 ปี,30,1404.14,1,ADSL,ไม่,ใช่,0
CU-12418,1 ปี,19,579.91,0,ไฟเบอร์,ไม่,ใช่,0
CU-12419,1 ปี,33,481.00,1,ไฟเบอร์,ไม่,ไม่,0
CU-12420,2 ปี,47,953.35,3,ADSL,ไม่,ใช่,0
CU-12421,รายเดือน,28,433.61,0,ไฟเบอร์,ใช่,ไม่,1
CU-12422,2 ปี,26,1243.50,3,ADSL,ใช่,ไม่,0
CU-12423,รายเดือน,1,849.24,3,ADSL,ใช่,ไม่,1
CU-12424,รายเดือน,31,478.26,0,ไฟเบอร์,ไม่,ไม่,0
CU-12425,รายเดือน,52,961.61,0,ไฟเบอร์,ใช่,ใช่,1
CU-12426,1 ปี,22,1571.90,1,ไฟเบอร์,ใช่,ไม่,0
CU-12427,รายเดือน,22,1305.13,0,ไฟเบอร์,ไม่,ไม่,0
CU-12428,รายเดือน,49,1343.50,2,ADSL,ใช่,ใช่,0
CU-12429,รายเดือน,14,955.21,0,ไฟเบอร์,ใช่,ไม่,1
CU-12430,รายเดือน,21,995.56,0,ADSL,ไม่,ใช่,1
CU-12431,รายเดือน,56,845.36,3,ADSL,ใช่,ใช่,1
CU-12432,รายเดือน,51,746.80,3,ไฟเบอร์,ไม่,ใช่,1
CU-12433,รายเดือน,39,1060.06,0,ไฟเบอร์,ใช่,ใช่,0
CU-12434,รายเดือน,68,1389.73,0,ADSL,ใช่,ไม่,0
CU-12435,2 ปี,21,948.50,2,ADSL,ใช่,ใช่,0
CU-12436,1 ปี,56,587.61,1,ADSL,ใช่,ไม่,1
CU-12437,1 ปี,25,532.08,3,ADSL,ใช่,ไม่,0
CU-12438,รายเดือน,28,458.09,2,ไฟเบอร์,ใช่,ใช่,0
CU-12439,รายเดือน,17,1126.93,2,ไฟเบอร์,ใช่,ไม่,1
CU-12440,รายเดือน,53,530.25,1,ADSL,ไม่,ใช่,0
CU-12441,1 ปี,28,896.65,5,ไฟเบอร์,ไม่,ใช่,0
CU-12442,1 ปี,9,701.37,1,ไฟเบอร์,ใช่,ใช่,0
CU-12443,1 ปี,22,829.80,5,ADSL,ใช่,ใช่,0
CU-12444,รายเดือน,65,1563.86,0,ไฟเบอร์,ไม่,ไม่,0
CU-12445,รายเดือน,63,1458.27,1,ไฟเบอร์,ใช่,ไม่,0
CU-12446,2 ปี,58,881.47,0,ADSL,ไม่,ไม่,0
CU-12447,2 ปี,60,312.65,3,ไฟเบอร์,ไม่,ใช่,0
CU-12448,2 ปี,50,1575.21,2,ADSL,ไม่,ใช่,1
CU-12449,รายเดือน,19,1249.99,0,ไฟเบอร์,ไม่,ไม่,0
CU-12450,2 ปี,55,478.51,2,ไฟเบอร์,ไม่,ใช่,0
CU-12451,รายเดือน,35,787.19,2,ไฟเบอร์,ใช่,ใช่,0
CU-12452,รายเดือน,30,665.11,0,ADSL,ไม่,ใช่,0
CU-12453,1 ปี,43,533.13,4,ADSL,ใช่,ใช่,0
CU-12454,รายเดือน,50,1202.21,5,ADSL,ใช่,ไม่,0
CU-12455,รายเดือน,37,1282.13,0,ADSL,ใช่,ไม่,0
CU-12456,1 ปี,39,485.20,2,ไฟเบอร์,ใช่,ใช่,0
CU-12457,1 ปี,19,1196.81,0,ADSL,ใช่,ไม่,0
CU-12458,รายเดือน,32,619.03,4,ADSL,ไม่,ไม่,0
CU-12459,1 ปี,72,1142.68,2,ไฟเบอร์,ใช่,ใช่,0
CU-12460,รายเดือน,28,645.24,0,ไฟเบอร์,ใช่,ไม่,1
CU-12461,2 ปี,49,1549.79,0,ADSL,ใช่,ไม่,0
CU-12462,รายเดือน,2,1061.09,0,ADSL,ใช่,ไม่,1
CU-12463,รายเดือน,66,964.58,3,ADSL,ใช่,ไม่,1
CU-12464,1 ปี,47,316.00,1,ADSL,ไม่,ไม่,0
CU-12465,1 ปี,43,901.28,1,ADSL,ไม่,ใช่,0
CU-12466,รายเดือน,10,1519.55,2,ไฟเบอร์,ไม่,ใช่,1
CU-12467,1 ปี,42,786.86,3,ไฟเบอร์,ใช่,ไม่,0
CU-12468,รายเดือน,48,1525.36,5,ADSL,ใช่,ใช่,1
CU-12469,1 ปี,32,719.61,0,ADSL,ไม่,ใช่,0
CU-12470,1 ปี,1,891.97,1,ADSL,ใช่,ใช่,0
CU-12471,1 ปี,72,859.82,1,ไฟเบอร์,ไม่,ใช่,0
CU-12472,รายเดือน,50,462.01,3,ADSL,ใช่,ใช่,0
CU-12473,รายเดือน,12,1061.39,0,ADSL,ไม่,ใช่,1
CU-12474,2 ปี,24,321.62,3,ADSL,ไม่,ไม่,0
CU-12475,รายเดือน,54,617.82,2,ไฟเบอร์,ไม่,ใช่,1
CU-12476,รายเดือน,14,1260.59,2,ADSL,ไม่,ไม่,1
CU-12477,2 ปี,28,880.92,3,ADSL,ใช่,ไม่,0
CU-12478,รายเดือน,66,1039.61,1,ไฟเบอร์,ไม่,ใช่,0
CU-12479,รายเดือน,18,701.58,2,ไฟเบอร์,ใช่,ใช่,1
CU-12480,รายเดือน,52,1367.51,1,ไฟเบอร์,ใช่,ไม่,1
CU-12481,2 ปี,41,617.79,2,ADSL,ไม่,ไม่,0
CU-12482,รายเดือน,39,568.52,4,ไฟเบอร์,ใช่,ใช่,1
CU-12483,รายเดือน,2,1437.59,1,ไฟเบอร์,ไม่,ไม่,1
CU-12484,2 ปี,67,1334.45,4,ADSL,ไม่,ใช่,0
CU-12485,2 ปี,31,570.17,4,ADSL,ใช่,ใช่,0
CU-12486,1 ปี,12,367.04,2,ADSL,ใช่,ใช่,0
CU-12487,2 ปี,5,356.20,2,ไฟเบอร์,ใช่,ใช่,0
CU-12488,รายเดือน,5,1540.63,2,ADSL,ใช่,ไม่,1
CU-12489,1 ปี,54,1512.15,1,ไฟเบอร์,ใช่,ใช่,0
CU-12490,2 ปี,57,335.59,2,ADSL,ไม่,ใช่,0
CU-12491,รายเดือน,23,1249.67,4,ADSL,ใช่,ไม่,1
CU-12492,1 ปี,9,1207.31,1,ADSL,ไม่,ใช่,0
CU-12493,2 ปี,52,822.86,0,ADSL,ไม่,ใช่,0
CU-12494,รายเดือน,63,428.43,3,ไฟเบอร์,ใช่,ใช่,1
CU-12495,รายเดือน,56,821.51,4,ADSL,ใช่,ไม่,0
CU-12496,รายเดือน,6,1435.01,0,ไฟเบอร์,ใช่,ใช่,1
CU-12497,รายเดือน,59,754.77,0,ไฟเบอร์,ไม่,ใช่,0
CU-12498,1 ปี,16,657.15,0,ADSL,ใช่,ใช่,0
CU-12499,1 ปี,52,446.83,0,ADSL,ไม่,ไม่,0
CU-12500,1 ปี,42,954.61,1,ADSL,ไม่,ไม่,0
CU-12501,1 ปี,71,664.91,1,ไฟเบอร์,ไม่,ใช่,0
CU-12502,รายเดือน,52,1582.26,0,ไฟเบอร์,ใช่,ไม่,1
CU-12503,2 ปี,21,1261.96,3,ADSL,ไม่,ใช่,0
CU-12504,รายเดือน,49,1382.66,0,ไฟเบอร์,ใช่,ใช่,1
CU-12505,รายเดือน,61,606.14,0,ไฟเบอร์,ใช่,ใช่,0
CU-12506,รายเดือน,11,504.45,0,ไฟเบอร์,ใช่,ไม่,0
CU-12507,รายเดือน,60,777.97,0,ไฟเบอร์,ไม่,ใช่,0
CU-12508,รายเดือน,1,460.35,1,ADSL,ใช่,ใช่,1
CU-12509,รายเดือน,11,1052.12,5,ADSL,ใช่,ใช่,1
CU-12510,1 ปี,3,1338.08,1,ADSL,ไม่,ไม่,1
CU-12511,รายเดือน,46,794.56,4,ADSL,ไม่,ใช่,1
CU-12512,รายเดือน,47,499.78,1,ADSL,ใช่,ใช่,1
CU-12513,รายเดือน,21,542.48,0,ไฟเบอร์,ใช่,ไม่,1
CU-12514,รายเดือน,5,809.82,3,ADSL,ใช่,ไม่,0
CU-12515,รายเดือน,14,1048.20,0,ADSL,ใช่,ใช่,0
CU-12516,1 ปี,16,1510.82,1,ADSL,ใช่,ไม่,0
CU-12517,2 ปี,45,443.98,1,ไฟเบอร์,ไม่,ไม่,0
CU-12518,รายเดือน,26,1090.59,0,ไฟเบอร์,ใช่,ใช่,0
CU-12519,2 ปี,19,417.63,0,ADSL,ใช่,ใช่,0
CU-12520,1 ปี,50,352.25,4,ADSL,ไม่,ไม่,0
CU-12521,2 ปี,16,1430.70,2,ไฟเบอร์,ไม่,ใช่,1
CU-12522,รายเดือน,50,626.01,0,ไฟเบอร์,ไม่,ไม่,1
CU-12523,2 ปี,9,729.49,0,ไฟเบอร์,ใช่,ใช่,0
CU-12524,รายเดือน,61,952.72,0,ไฟเบอร์,ใช่,ใช่,0
CU-12525,1 ปี,39,414.90,1,ไฟเบอร์,ใช่,ใช่,0
CU-12526,รายเดือน,22,1205.80,1,ADSL,ไม่,ไม่,1
CU-12527,รายเดือน,54,980.22,0,ADSL,ใช่,ไม่,0
CU-12528,รายเดือน,52,824.75,3,ADSL,ใช่,ใช่,1
CU-12529,2 ปี,63,1131.25,0,ADSL,ใช่,ไม่,0
CU-12530,รายเดือน,58,778.12,5,ไฟเบอร์,ใช่,ไม่,1
CU-12531,รายเดือน,46,713.30,1,ADSL,ใช่,ใช่,0
CU-12532,รายเดือน,53,903.35,1,ADSL,ใช่,ใช่,0
CU-12533,รายเดือน,49,471.17,2,ไฟเบอร์,ไม่,ไม่,1
CU-12534,2 ปี,6,443.87,2,ADSL,ใช่,ไม่,0
CU-12535,รายเดือน,13,1360.87,3,ADSL,ใช่,ใช่,1
CU-12536,2 ปี,39,725.45,1,ADSL,ไม่,ใช่,0
CU-12537,1 ปี,68,1380.78,0,ไฟเบอร์,ไม่,ไม่,0
CU-12538,2 ปี,37,1441.55,1,ADSL,ใช่,ไม่,0
CU-12539,2 ปี,49,404.54,0,ADSL,ไม่,ใช่,0
CU-12540,รายเดือน,27,1284.34,0,ADSL,ใช่,ใช่,1
CU-12541,รายเดือน,2,1492.97,0,ไฟเบอร์,ไม่,ไม่,1
CU-12542,รายเดือน,5,505.32,2,ADSL,ใช่,ใช่,1
CU-12543,รายเดือน,52,598.20,0,ADSL,ไม่,ไม่,0
CU-12544,รายเดือน,39,953.93,5,ADSL,ไม่,ไม่,1
CU-12545,1 ปี,34,1402.07,1,ADSL,ไม่,ไม่,0
CU-12546,1 ปี,16,1202.24,2,ADSL,ใช่,ไม่,1
CU-12547,รายเดือน,38,1483.75,0,ไฟเบอร์,ใช่,ไม่,1
CU-12548,รายเดือน,23,730.60,0,ADSL,ใช่,ไม่,1
CU-12549,รายเดือน,59,361.08,1,ADSL,ไม่,ไม่,0
CU-12550,รายเดือน,66,406.39,2,ไฟเบอร์,ใช่,ไม่,0
CU-12551,รายเดือน,56,627.54,0,ADSL,ไม่,ใช่,0
CU-12552,2 ปี,6,1062.16,0,ADSL,ใช่,ใช่,0
CU-12553,รายเดือน,38,1060.26,2,ไฟเบอร์,ไม่,ไม่,1
CU-12554,รายเดือน,58,970.29,3,ไฟเบอร์,ไม่,ไม่,0
CU-12555,รายเดือน,22,1136.33,2,ADSL,ไม่,ไม่,1
CU-12556,รายเดือน,18,1344.44,2,ADSL,ใช่,ใช่,1
CU-12557,1 ปี,57,614.17,1,ไฟเบอร์,ใช่,ใช่,0
CU-12558,รายเดือน,47,452.23,2,ไฟเบอร์,ใช่,ใช่,1
CU-12559,รายเดือน,66,1330.30,1,ADSL,ใช่,ไม่,1
CU-12560,รายเดือน,66,1175.72,2,ไฟเบอร์,ใช่,ใช่,1
CU-12561,1 ปี,67,464.32,2,ไฟเบอร์,ใช่,ไม่,0
CU-12562,รายเดือน,19,1082.74,0,ADSL,ใช่,ใช่,0
CU-12563,รายเดือน,49,352.34,0,ADSL,ใช่,ไม่,0
CU-12564,รายเดือน,31,1363.59,1,ไฟเบอร์,ใช่,ใช่,1
CU-12565,รายเดือน,29,961.25,1,ไฟเบอร์,ใช่,ไม่,1
CU-12566,รายเดือน,44,1539.84,5,ไฟเบอร์,ใช่,ใช่,1
CU-12567,2 ปี,22,664.10,5,ADSL,ไม่,ใช่,0
CU-12568,รายเดือน,13,895.50,5,ADSL,ใช่,ไม่,1
CU-12569,รายเดือน,51,1159.86,3,ADSL,ใช่,ใช่,0
CU-12570,2 ปี,2,348.06,1,ADSL,ใช่,ใช่,0
CU-12571,รายเดือน,55,1329.07,4,ADSL,ใช่,ไม่,1
CU-12572,รายเดือน,26,1440.63,2,ไฟเบอร์,ใช่,ไม่,1
CU-12573,1 ปี,67,1342.21,3,ADSL,ใช่,ใช่,0
CU-12574,รายเดือน,60,487.12,1,ไฟเบอร์,ไม่,ใช่,0
CU-12575,2 ปี,13,783.39,2,ADSL,ใช่,ไม่,0
CU-12576,รายเดือน,33,685.57,1,ไฟเบอร์,ใช่,ใช่,0
CU-12577,รายเดือน,1,844.41,2,ADSL,ไม่,ไม่,1
CU-12578,1 ปี,34,734.36,2,ไฟเบอร์,ใช่,ไม่,0
CU-12579,รายเดือน,17,1548.67,1,ไฟเบอร์,ไม่,ใช่,1
CU-12580,รายเดือน,29,702.72,3,ไฟเบอร์,ใช่,ใช่,1
CU-12581,2 ปี,40,1260.78,0,ADSL,ใช่,ใช่,1
CU-12582,รายเดือน,15,309.52,2,ADSL,ไม่,ใช่,0
CU-12583,2 ปี,59,643.85,1,ไฟเบอร์,ใช่,ไม่,0
CU-12584,1 ปี,66,899.38,2,ADSL,ใช่,ใช่,0
CU-12585,รายเดือน,40,1153.25,2,ไฟเบอร์,ไม่,ไม่,1
CU-12586,รายเดือน,4,966.37,1,ไฟเบอร์,ใช่,ใช่,1
CU-12587,1 ปี,45,1268.66,1,ADSL,ไม่,ไม่,0
CU-12588,2 ปี,33,685.24,0,ADSL,ใช่,ไม่,0
CU-12589,2 ปี,32,1223.64,0,ADSL,ไม่,ไม่,0
CU-12590,1 ปี,38,1104.76,0,ADSL,ใช่,ใช่,0
CU-12591,1 ปี,17,891.16,1,ไฟเบอร์,ใช่,ไม่,0
CU-12592,2 ปี,50,729.34,4,ADSL,ไม่,ใช่,0
CU-12593,รายเดือน,51,1312.98,0,ADSL,ไม่,ใช่,0
CU-12594,รายเดือน,58,502.51,0,ADSL,ไม่,ไม่,1
CU-12595,รายเดือน,65,850.73,2,ADSL,ใช่,ใช่,1
CU-12596,2 ปี,59,1212.84,0,ไฟเบอร์,ไม่,ไม่,0
CU-12597,รายเดือน,22,556.96,4,ADSL,ใช่,ใช่,1
CU-12598,รายเดือน,58,1431.33,1,ไฟเบอร์,ใช่,ไม่,0
CU-12599,รายเดือน,25,361.81,2,ADSL,ใช่,ไม่,0
CU-12600,รายเดือน,66,851.40,3,ADSL,ใช่,ใช่,0
CU-12601,รายเดือน,10,1185.76,1,ADSL,ไม่,ไม่,1
CU-12602,รายเดือน,15,691.22,0,ADSL,ไม่,ไม่,0
CU-12603,รายเดือน,34,632.04,0,ADSL,ไม่,ใช่,0
CU-12604,รายเดือน,5,835.05,1,ไฟเบอร์,ไม่,ใช่,1
CU-12605,รายเดือน,53,494.54,1,ไฟเบอร์,ใช่,ไม่,1
CU-12606,รายเดือน,58,1187.57,0,ไฟเบอร์,ใช่,ไม่,1
CU-12607,1 ปี,33,672.47,0,ไฟเบอร์,ใช่,ไม่,1
CU-12608,รายเดือน,48,629.14,3,ไฟเบอร์,ใช่,ไม่,1
CU-12609,รายเดือน,29,1108.62,3,ADSL,ไม่,ใช่,1
CU-12610,2 ปี,19,608.70,0,ADSL,ใช่,ใช่,0
CU-12611,1 ปี,54,1575.40,0,ADSL,ไม่,ใช่,0
CU-12612,รายเดือน,52,338.54,0,ไฟเบอร์,ใช่,ใช่,0
CU-12613,2 ปี,49,1562.24,0,ADSL,ใช่,ใช่,0
CU-12614,1 ปี,1,1100.54,3,ADSL,ไม่,ใช่,0
CU-12615,2 ปี,58,784.09,2,ไฟเบอร์,ใช่,ใช่,0
CU-12616,รายเดือน,68,709.97,1,ไฟเบอร์,ใช่,ใช่,1
CU-12617,1 ปี,37,718.27,3,ADSL,ไม่,ใช่,0
CU-12618,รายเดือน,64,829.32,0,ADSL,ใช่,ใช่,0
CU-12619,รายเดือน,26,1499.00,0,ADSL,ใช่,ไม่,1
CU-12620,2 ปี,22,1224.12,0,ADSL,ไม่,ไม่,0
CU-12621,2 ปี,53,453.15,0,ADSL,ใช่,ใช่,0
CU-12622,รายเดือน,49,1431.09,5,ADSL,ใช่,ใช่,1
CU-12623,รายเดือน,64,1176.56,4,ADSL,ไม่,ไม่,1
CU-12624,รายเดือน,15,1491.26,3,ไฟเบอร์,ไม่,ใช่,1
CU-12625,2 ปี,13,686.40,3,ADSL,ใช่,ไม่,1
CU-12626,2 ปี,69,1421.39,1,ไฟเบอร์,ใช่,ใช่,0
CU-12627,รายเดือน,12,1516.14,0,ไฟเบอร์,ใช่,ไม่,1
CU-12628,1 ปี,10,936.25,4,ADSL,ไม่,ไม่,0
CU-12629,1 ปี,44,459.33,2,ADSL,ใช่,ไม่,1
CU-12630,รายเดือน,16,908.88,0,ADSL,ไม่,ใช่,1
CU-12631,1 ปี,39,672.74,0,ADSL,ใช่,ไม่,0
CU-12632,รายเดือน,69,1285.63,1,ไฟเบอร์,ใช่,ใช่,0
CU-12633,รายเดือน,64,762.39,1,ADSL,ใช่,ไม่,0
CU-12634,2 ปี,55,628.83,0,ADSL,ใช่,ใช่,0
CU-12635,รายเดือน,4,1321.07,5,ไฟเบอร์,ใช่,ใช่,1
CU-12636,รายเดือน,26,720.74,4,ADSL,ไม่,ใช่,1
CU-12637,2 ปี,15,331.66,0,ไฟเบอร์,ใช่,ใช่,0
CU-12638,รายเดือน,56,684.75,1,ADSL,ใช่,ไม่,0
CU-12639,1 ปี,53,1028.03,0,ไฟเบอร์,ใช่,ไม่,0
CU-12640,1 ปี,13,1291.58,2,ADSL,ไม่,ใช่,0
CU-12641,รายเดือน,52,472.32,0,ADSL,ใช่,ไม่,0
CU-12642,รายเดือน,11,968.50,0,ADSL,ใช่,ไม่,0
CU-12643,1 ปี,51,817.96,0,ไฟเบอร์,ใช่,ไม่,0
CU-12644,รายเดือน,58,379.38,0,ADSL,ใช่,ใช่,0
CU-12645,รายเดือน,28,594.86,0,ไฟเบอร์,ใช่,ไม่,0
CU-12646,1 ปี,66,1118.23,1,ADSL,ใช่,ไม่,0
CU-12647,รายเดือน,36,1115.12,3,ADSL,ไม่,ไม่,0
CU-12648,2 ปี,45,406.54,0,ไฟเบอร์,ไม่,ไม่,0
CU-12649,รายเดือน,37,1326.81,2,ไฟเบอร์,ใช่,ใช่,1
CU-12650,รายเดือน,57,412.64,0,ไฟเบอร์,ใช่,ใช่,0
CU-12651,รายเดือน,56,1062.65,0,ไฟเบอร์,ไม่,ไม่,1
CU-12652,รายเดือน,54,1134.18,0,ไฟเบอร์,ไม่,ใช่,0
CU-12653,1 ปี,62,806.18,0,ไฟเบอร์,ใช่,ไม่,0
CU-12654,2 ปี,62,766.15,0,ไฟเบอร์,ไม่,ไม่,0
CU-12655,รายเดือน,28,531.78,1,ADSL,ใช่,ไม่,0
CU-12656,รายเดือน,29,1105.29,0,ไฟเบอร์,ใช่,ใช่,1
CU-12657,1 ปี,53,1111.78,0,ไฟเบอร์,ใช่,ไม่,0
CU-12658,2 ปี,1,1230.68,3,ADSL,ใช่,ใช่,0
CU-12659,รายเดือน,33,877.88,4,ADSL,ใช่,ใช่,0
CU-12660,รายเดือน,22,1058.78,0,ADSL,ใช่,ใช่,0
CU-12661,1 ปี,61,977.20,3,ไฟเบอร์,ไม่,ใช่,0
CU-12662,1 ปี,45,1314.99,0,ADSL,ใช่,ไม่,0
CU-12663,รายเดือน,3,488.51,1,ADSL,ใช่,ใช่,1
CU-12664,รายเดือน,2,940.79,2,ADSL,ใช่,ใช่,1
CU-12665,รายเดือน,24,1186.10,3,ADSL,ใช่,ใช่,1
CU-12666,รายเดือน,28,395.56,5,ADSL,ใช่,ใช่,0
CU-12667,รายเดือน,30,1004.58,0,ADSL,ใช่,ใช่,0
CU-12668,รายเดือน,11,818.78,0,ADSL,ใช่,ใช่,1
CU-12669,รายเดือน,55,1182.23,1,ไฟเบอร์,ใช่,ใช่,1
CU-12670,1 ปี,24,1294.48,1,ADSL,ใช่,ใช่,0
CU-12671,2 ปี,71,487.65,3,ไฟเบอร์,ใช่,ไม่,0
CU-12672,2 ปี,63,1464.17,0,ADSL,ใช่,ใช่,0
CU-12673,รายเดือน,29,869.07,5,ADSL,ใช่,ใช่,0
CU-12674,รายเดือน,65,1121.74,0,ADSL,ใช่,ไม่,1
CU-12675,รายเดือน,17,1164.85,2,ADSL,ใช่,ไม่,1
CU-12676,รายเดือน,25,527.21,2,ADSL,ไม่,ไม่,1
CU-12677,1 ปี,60,921.30,0,ไฟเบอร์,ไม่,ไม่,0
CU-12678,2 ปี,52,1268.25,3,ADSL,ไม่,ไม่,0
CU-12679,รายเดือน,46,929.30,0,ADSL,ใช่,ใช่,0
CU-12680,รายเดือน,68,1560.82,1,ADSL,ใช่,ใช่,1
CU-12681,1 ปี,29,640.51,1,ADSL,ไม่,ใช่,0
CU-12682,รายเดือน,39,608.81,0,ADSL,ใช่,ใช่,0
CU-12683,รายเดือน,52,745.53,0,ADSL,ไม่,ใช่,1
CU-12684,รายเดือน,24,485.72,4,ADSL,ใช่,ใช่,0
CU-12685,2 ปี,20,1285.81,2,ไฟเบอร์,ไม่,ไม่,0
CU-12686,รายเดือน,22,462.17,4,ADSL,ใช่,ใช่,0
CU-12687,รายเดือน,1,784.61,0,ไฟเบอร์,ใช่,ใช่,1
CU-12688,รายเดือน,56,1537.24,4,ADSL,ใช่,ใช่,1
CU-12689,2 ปี,2,810.92,3,ADSL,ไม่,ไม่,0
CU-12690,1 ปี,41,978.11,1,ADSL,ไม่,ใช่,0
CU-12691,2 ปี,51,549.43,0,ไฟเบอร์,ไม่,ใช่,0
CU-12692,1 ปี,51,593.84,0,ไฟเบอร์,ใช่,ไม่,0
CU-12693,2 ปี,47,581.28,1,ADSL,ไม่,ใช่,0
CU-12694,2 ปี,48,1144.96,0,ADSL,ไม่,ใช่,0
CU-12695,2 ปี,64,502.08,0,ADSL,ไม่,ใช่,0
CU-12696,รายเดือน,72,1287.63,0,ADSL,ใช่,ไม่,1
CU-12697,รายเดือน,42,1521.44,0,ADSL,ไม่,ไม่,0
CU-12698,2 ปี,47,600.30,5,ADSL,ไม่,ไม่,0
CU-12699,2 ปี,43,912.08,2,ADSL,ใช่,ใช่,0
CU-12700,รายเดือน,69,974.93,3,ADSL,ใช่,ใช่,1
CU-12701,รายเดือน,20,322.94,0,ADSL,ใช่,ใช่,0
CU-12702,1 ปี,27,628.29,1,ADSL,ใช่,ไม่,0
CU-12703,1 ปี,61,879.72,4,ADSL,ไม่,ไม่,0
CU-12704,รายเดือน,62,1324.63,3,ADSL,ใช่,ใช่,0
CU-12705,1 ปี,49,1160.87,2,ADSL,ใช่,ไม่,0
CU-12706,1 ปี,66,1184.97,1,ADSL,ไม่,ใช่,0
CU-12707,รายเดือน,60,950.97,2,ไฟเบอร์,ไม่,ไม่,1
CU-12708,1 ปี,1,643.05,2,ไฟเบอร์,ไม่,ไม่,0
CU-12709,รายเดือน,35,1560.63,0,ไฟเบอร์,ไม่,ไม่,1
CU-12710,1 ปี,50,977.82,1,ADSL,ใช่,ใช่,0
CU-12711,2 ปี,43,1505.29,3,ADSL,ไม่,ใช่,0
CU-12712,1 ปี,65,433.19,1,ไฟเบอร์,ไม่,ใช่,0
CU-12713,รายเดือน,69,1093.90,3,ไฟเบอร์,ใช่,ไม่,1
CU-12714,รายเดือน,25,1442.31,1,ADSL,ไม่,ใช่,0
CU-12715,รายเดือน,21,384.71,2,ไฟเบอร์,ไม่,ใช่,0
CU-12716,รายเดือน,59,1157.71,4,ADSL,ใช่,ใช่,0
CU-12717,รายเดือน,50,1555.00,0,ADSL,ใช่,ไม่,1
CU-12718,รายเดือน,21,835.68,2,ไฟเบอร์,ไม่,ใช่,1
CU-12719,2 ปี,4,1170.58,1,ADSL,ใช่,ไม่,0
CU-12720,รายเดือน,44,1325.40,2,ADSL,ใช่,ไม่,0
CU-12721,รายเดือน,11,727.80,0,ADSL,ไม่,ไม่,0
CU-12722,1 ปี,19,792.05,1,ไฟเบอร์,ไม่,ใช่,0
CU-12723,1 ปี,58,584.46,0,ไฟเบอร์,ใช่,ใช่,0
CU-12724,รายเดือน,7,762.36,3,ADSL,ใช่,ใช่,0
CU-12725,รายเดือน,64,1218.20,1,ADSL,ใช่,ไม่,0
CU-12726,1 ปี,27,1150.93,1,ADSL,ไม่,ใช่,1
CU-12727,2 ปี,5,1353.36,1,ADSL,ไม่,ใช่,0
CU-12728,รายเดือน,11,1176.63,3,ไฟเบอร์,ใช่,ใช่,0
CU-12729,รายเดือน,27,322.49,1,ADSL,ใช่,ไม่,0
CU-12730,2 ปี,51,752.22,3,ADSL,ไม่,ไม่,0
CU-12731,1 ปี,53,1119.79,0,ไฟเบอร์,ใช่,ใช่,0
CU-12732,รายเดือน,28,318.99,3,ADSL,ใช่,ไม่,1
CU-12733,รายเดือน,72,384.07,1,ไฟเบอร์,ไม่,ไม่,0
CU-12734,2 ปี,10,1294.98,0,ADSL,ไม่,ไม่,0
CU-12735,รายเดือน,31,466.83,2,ไฟเบอร์,ใช่,ไม่,0
CU-12736,2 ปี,2,558.00,0,ADSL,ไม่,ไม่,0
CU-12737,1 ปี,6,730.13,4,ADSL,ไม่,ใช่,1
CU-12738,รายเดือน,26,591.25,0,ADSL,ใช่,ใช่,0
CU-12739,2 ปี,33,1326.68,4,ไฟเบอร์,ไม่,ไม่,0
CU-12740,รายเดือน,35,1122.88,1,ไฟเบอร์,ไม่,ใช่,1
CU-12741,รายเดือน,57,844.47,3,ไฟเบอร์,ไม่,ไม่,0
CU-12742,1 ปี,48,1227.87,0,ไฟเบอร์,ใช่,ใช่,1
CU-12743,2 ปี,43,1221.86,4,ADSL,ใช่,ไม่,0
CU-12744,1 ปี,29,944.14,4,ADSL,ใช่,ใช่,1
CU-12745,2 ปี,1,1187.11,2,ไฟเบอร์,ไม่,ไม่,1
CU-12746,2 ปี,27,1325.73,0,ADSL,ไม่,ไม่,0
CU-12747,1 ปี,34,676.42,2,ADSL,ใช่,ใช่,0
CU-12748,1 ปี,11,1447.49,5,ADSL,ไม่,ใช่,0
CU-12749,รายเดือน,19,1441.48,1,ADSL,ไม่,ใช่,0
CU-12750,2 ปี,47,748.59,0,ไฟเบอร์,ไม่,ไม่,0
CU-12751,1 ปี,59,624.56,0,ไฟเบอร์,ไม่,ใช่,0
CU-12752,1 ปี,25,645.20,0,ไฟเบอร์,ไม่,ใช่,0
CU-12753,1 ปี,56,1480.93,2,ADSL,ใช่,ไม่,0
CU-12754,รายเดือน,51,1340.02,0,ADSL,ไม่,ใช่,0
CU-12755,1 ปี,44,700.99,0,ADSL,ใช่,ใช่,0
CU-12756,รายเดือน,40,1121.22,1,ADSL,ใช่,ใช่,1
CU-12757,1 ปี,3,1338.95,0,ADSL,ใช่,ใช่,0
CU-12758,รายเดือน,64,1555.33,0,ADSL,ใช่,ใช่,0
CU-12759,1 ปี,23,1111.61,5,ไฟเบอร์,ใช่,ใช่,0
CU-12760,1 ปี,69,725.81,0,ไฟเบอร์,ไม่,ใช่,0
CU-12761,2 ปี,22,1585.90,2,ADSL,ใช่,ใช่,1
CU-12762,1 ปี,63,1379.65,2,ADSL,ใช่,ใช่,0
CU-12763,รายเดือน,62,378.20,0,ADSL,ไม่,ใช่,0
CU-12764,1 ปี,47,1214.02,0,ไฟเบอร์,ใช่,ใช่,0
CU-12765,1 ปี,33,687.98,1,ไฟเบอร์,ไม่,ไม่,0
CU-12766,รายเดือน,49,1229.61,2,ไฟเบอร์,ไม่,ไม่,1
CU-12767,รายเดือน,45,995.23,2,ไฟเบอร์,ใช่,ไม่,1
CU-12768,2 ปี,70,345.64,3,ไฟเบอร์,ใช่,ใช่,0
CU-12769,2 ปี,2,861.24,1,ไฟเบอร์,ใช่,ไม่,1
CU-12770,รายเดือน,47,563.85,0,ADSL,ใช่,ไม่,1
CU-12771,รายเดือน,56,304.70,1,ไฟเบอร์,ไม่,ไม่,1
CU-12772,รายเดือน,2,1561.63,3,ไฟเบอร์,ใช่,ใช่,1
CU-12773,รายเดือน,68,1027.27,1,ADSL,ไม่,ไม่,0
CU-12774,2 ปี,62,749.73,0,ไฟเบอร์,ไม่,ไม่,0
CU-12775,รายเดือน,20,1335.13,2,ADSL,ใช่,ไม่,1
CU-12776,รายเดือน,11,990.43,5,ไฟเบอร์,ใช่,ไม่,1
CU-12777,รายเดือน,15,983.70,0,ไฟเบอร์,ไม่,ไม่,1
CU-12778,2 ปี,15,676.29,0,ADSL,ใช่,ไม่,0
CU-12779,1 ปี,12,984.32,1,ไฟเบอร์,ไม่,ไม่,0
CU-12780,รายเดือน,30,1065.02,1,ADSL,ใช่,ใช่,0
CU-12781,รายเดือน,47,1328.00,5,ADSL,ไม่,ใช่,1
CU-12782,2 ปี,24,406.84,0,ไฟเบอร์,ไม่,ใช่,0
CU-12783,1 ปี,38,1266.56,2,ADSL,ใช่,ไม่,0
CU-12784,รายเดือน,1,753.93,0,ADSL,ใช่,ใช่,0
CU-12785,2 ปี,23,916.06,1,ADSL,ไม่,ไม่,0
CU-12786,รายเดือน,56,645.58,2,ADSL,ใช่,ใช่,0
CU-12787,รายเดือน,59,1276.25,1,ADSL,ใช่,ไม่,1
CU-12788,รายเดือน,41,445.64,4,ADSL,ใช่,ไม่,1
CU-12789,รายเดือน,29,463.03,1,ADSL,ไม่,ไม่,1
CU-12790,รายเดือน,59,1037.19,1,ADSL,ใช่,ไม่,0
CU-12791,รายเดือน,34,897.00,2,ADSL,ไม่,ไม่,1
CU-12792,1 ปี,18,326.60,1,ADSL,ใช่,ใช่,0
CU-12793,2 ปี,6,566.57,0,ADSL,ใช่,ใช่,0
CU-12794,รายเดือน,20,494.35,0,ADSL,ไม่,ไม่,1
CU-12795,2 ปี,48,370.55,4,ADSL,ไม่,ใช่,0
CU-12796,2 ปี,8,587.74,0,ไฟเบอร์,ใช่,ไม่,0
CU-12797,1 ปี,51,906.03,0,ADSL,ไม่,ใช่,0
CU-12798,รายเดือน,35,788.95,0,ไฟเบอร์,ไม่,ไม่,1
CU-12799,2 ปี,72,460.56,1,ไฟเบอร์,ใช่,ใช่,0
CU-12800,2 ปี,26,1088.07,1,ไฟเบอร์,ใช่,ใช่,0
CU-12801,1 ปี,54,1518.90,2,ไฟเบอร์,ใช่,ใช่,0
CU-12802,2 ปี,53,642.79,0,ADSL,ใช่,ไม่,0
CU-12803,รายเดือน,55,627.54,0,ADSL,ไม่,ไม่,1
CU-12804,รายเดือน,31,669.36,0,ไฟเบอร์,ใช่,ใช่,0
CU-12805,1 ปี,23,1070.14,0,ไฟเบอร์,ไม่,ไม่,1
CU-12806,1 ปี,61,1001.21,4,ADSL,ไม่,ใช่,0
CU-12807,รายเดือน,63,471.42,1,ADSL,ไม่,ใช่,0
CU-12808,1 ปี,22,1330.12,4,ไฟเบอร์,ไม่,ใช่,1
CU-12809,2 ปี,56,1043.17,0,ไฟเบอร์,ใช่,ไม่,0
CU-12810,2 ปี,7,545.40,1,ADSL,ใช่,ใช่,0
CU-12811,รายเดือน,54,466.19,1,ไฟเบอร์,ไม่,ใช่,0
CU-12812,2 ปี,22,1356.66,1,ไฟเบอร์,ใช่,ไม่,0
CU-12813,รายเดือน,50,749.60,2,ADSL,ไม่,ใช่,0
CU-12814,2 ปี,37,1197.97,0,ADSL,ไม่,ใช่,0
CU-12815,รายเดือน,70,849.11,1,ADSL,ใช่,ใช่,0
CU-12816,รายเดือน,26,1009.73,2,ADSL,ใช่,ไม่,1
CU-12817,1 ปี,15,687.36,0,ไฟเบอร์,ใช่,ใช่,0
CU-12818,รายเดือน,44,1113.34,0,ไฟเบอร์,ใช่,ไม่,0
CU-12819,รายเดือน,68,1133.20,4,ADSL,ไม่,ใช่,1
CU-12820,รายเดือน,65,1583.81,2,ไฟเบอร์,ใช่,ใช่,1
CU-12821,รายเดือน,37,671.82,1,ADSL,ไม่,ไม่,1
CU-12822,รายเดือน,52,769.56,2,ADSL,ใช่,ใช่,0
CU-12823,1 ปี,52,1439.46,2,ไฟเบอร์,ใช่,ไม่,0
CU-12824,รายเดือน,3,1328.73,0,ADSL,ไม่,ไม่,1
CU-12825,รายเดือน,43,1002.68,0,ไฟเบอร์,ใช่,ไม่,1
CU-12826,รายเดือน,59,843.12,1,ADSL,ไม่,ใช่,0
CU-12827,รายเดือน,34,926.15,1,ไฟเบอร์,ใช่,ใช่,0
CU-12828,2 ปี,18,529.25,1,ไฟเบอร์,ใช่,ใช่,0
CU-12829,รายเดือน,30,640.57,1,ไฟเบอร์,ใช่,ใช่,1
CU-12830,2 ปี,14,366.54,0,ADSL,ไม่,ใช่,0
CU-12831,รายเดือน,46,760.00,1,ADSL,ใช่,ใช่,0
CU-12832,รายเดือน,71,995.47,1,ADSL,ไม่,ไม่,0
CU-12833,2 ปี,13,1159.59,1,ไฟเบอร์,ใช่,ไม่,1
CU-12834,รายเดือน,66,1365.32,0,ADSL,ใช่,ไม่,0
CU-12835,รายเดือน,40,943.96,3,ไฟเบอร์,ไม่,ไม่,1
CU-12836,รายเดือน,10,422.93,5,ไฟเบอร์,ใช่,ไม่,1
CU-12837,รายเดือน,25,1295.32,0,ADSL,ไม่,ใช่,1
CU-12838,1 ปี,41,1375.02,2,ADSL,ใช่,ไม่,1
CU-12839,1 ปี,9,1425.16,0,ไฟเบอร์,ใช่,ไม่,1
CU-12840,2 ปี,42,1527.10,5,ADSL,ไม่,ใช่,0
CU-12841,1 ปี,11,1539.15,0,ADSL,ใช่,ไม่,0
CU-12842,1 ปี,9,667.99,0,ADSL,ใช่,ใช่,0
CU-12843,รายเดือน,35,534.08,1,ไฟเบอร์,ไม่,ใช่,1
CU-12844,1 ปี,53,941.70,0,ADSL,ไม่,ใช่,0
CU-12845,1 ปี,3,1324.49,4,ไฟเบอร์,ใช่,ใช่,1
CU-12846,รายเดือน,14,314.45,4,ADSL,ไม่,ใช่,1
CU-12847,1 ปี,24,525.74,0,ADSL,ใช่,ใช่,0
CU-12848,รายเดือน,51,567.33,3,ไฟเบอร์,ใช่,ไม่,0
CU-12849,รายเดือน,20,1198.03,2,ADSL,ไม่,ใช่,1
CU-12850,รายเดือน,69,707.33,0,ไฟเบอร์,ใช่,ใช่,0
CU-12851,2 ปี,61,369.21,4,ADSL,ไม่,ใช่,0
CU-12852,รายเดือน,60,1589.84,0,ไฟเบอร์,ใช่,ใช่,0
CU-12853,รายเดือน,42,1104.75,1,ไฟเบอร์,ใช่,ไม่,0
CU-12854,รายเดือน,1,695.18,0,ADSL,ใช่,ไม่,1
CU-12855,2 ปี,13,938.87,2,ADSL,ใช่,ใช่,0
CU-12856,2 ปี,35,619.09,1,ADSL,ไม่,ใช่,0
CU-12857,1 ปี,13,1389.09,0,ADSL,ใช่,ไม่,1
CU-12858,รายเดือน,56,550.23,0,ADSL,ใช่,ใช่,0
CU-12859,รายเดือน,44,1261.42,2,ADSL,ใช่,ไม่,1
CU-12860,รายเดือน,4,1322.21,2,ADSL,ใช่,ไม่,1
CU-12861,2 ปี,48,1439.98,0,ADSL,ใช่,ใช่,0
CU-12862,รายเดือน,37,1434.32,4,ไฟเบอร์,ใช่,ใช่,1
CU-12863,2 ปี,57,1552.03,0,ADSL,ใช่,ใช่,0
CU-12864,รายเดือน,2,1254.36,0,ADSL,ใช่,ใช่,1
CU-12865,รายเดือน,10,1494.01,2,ADSL,ไม่,ไม่,1
CU-12866,2 ปี,46,747.23,0,ADSL,ไม่,ไม่,0
CU-12867,2 ปี,57,1036.70,5,ADSL,ใช่,ใช่,0
CU-12868,2 ปี,42,377.30,5,ADSL,ใช่,ไม่,0
CU-12869,รายเดือน,15,1326.01,1,ADSL,ใช่,ไม่,0
CU-12870,1 ปี,20,492.36,0,ADSL,ไม่,ไม่,0
CU-12871,รายเดือน,23,1443.93,3,ไฟเบอร์,ไม่,ไม่,1
CU-12872,รายเดือน,1,634.95,0,ไฟเบอร์,ไม่,ใช่,0
CU-12873,รายเดือน,1,1547.00,0,ADSL,ใช่,ไม่,1
CU-12874,รายเดือน,7,1120.24,5,ADSL,ใช่,ใช่,1
CU-12875,รายเดือน,23,1406.96,0,ADSL,ใช่,ใช่,1
CU-12876,1 ปี,13,723.72,4,ไฟเบอร์,ไม่,ใช่,0
CU-12877,รายเดือน,36,770.64,2,ไฟเบอร์,ใช่,ใช่,0
CU-12878,1 ปี,28,1344.42,0,ADSL,ไม่,ไม่,1
CU-12879,รายเดือน,42,309.78,0,ADSL,ใช่,ไม่,0
CU-12880,2 ปี,23,1250.55,5,ไฟเบอร์,ใช่,ใช่,0
CU-12881,1 ปี,39,1484.03,1,ADSL,ใช่,ใช่,0
CU-12882,1 ปี,43,407.21,2,ADSL,ใช่,ใช่,0
CU-12883,2 ปี,5,348.09,0,ไฟเบอร์,ใช่,ใช่,0
CU-12884,รายเดือน,25,1296.38,0,ADSL,ใช่,ไม่,1
CU-12885,รายเดือน,68,1568.93,3,ไฟเบอร์,ใช่,ไม่,1
CU-12886,รายเดือน,26,1572.27,1,ADSL,ใช่,ไม่,1
CU-12887,1 ปี,9,1245.79,4,ADSL,ใช่,ใช่,0
CU-12888,1 ปี,7,1029.94,0,ไฟเบอร์,ใช่,ไม่,1
CU-12889,รายเดือน,62,1478.76,0,ADSL,ไม่,ใช่,0
CU-12890,2 ปี,39,700.48,2,ADSL,ใช่,ใช่,0
CU-12891,1 ปี,6,1403.91,1,ADSL,ใช่,ไม่,0
CU-12892,รายเดือน,3,1198.58,2,ADSL,ไม่,ใช่,0
CU-12893,1 ปี,23,1325.62,0,ADSL,ใช่,ใช่,0
CU-12894,1 ปี,53,790.22,3,ADSL,ไม่,ไม่,0
CU-12895,รายเดือน,34,766.81,3,ไฟเบอร์,ใช่,ใช่,0
CU-12896,รายเดือน,1,534.52,1,ไฟเบอร์,ใช่,ไม่,1
CU-12897,1 ปี,18,706.70,2,ADSL,ใช่,ไม่,0
CU-12898,รายเดือน,9,748.77,2,ADSL,ใช่,ไม่,1
CU-12899,รายเดือน,63,629.39,0,ไฟเบอร์,ใช่,ใช่,0
CU-12900,1 ปี,53,929.21,1,ไฟเบอร์,ใช่,ใช่,0
CU-12901,2 ปี,34,751.53,2,ไฟเบอร์,ใช่,ไม่,0
CU-12902,รายเดือน,5,676.95,1,ADSL,ใช่,ใช่,1
CU-12903,1 ปี,66,1211.19,5,ADSL,ใช่,ไม่,0
CU-12904,2 ปี,41,1111.59,2,ไฟเบอร์,ใช่,ไม่,0
CU-12905,2 ปี,10,497.55,0,ADSL,ไม่,ใช่,0
CU-12906,รายเดือน,6,920.96,0,ไฟเบอร์,ใช่,ไม่,1
CU-12907,2 ปี,54,995.91,2,ADSL,ไม่,ใช่,0
CU-12908,2 ปี,5,978.40,3,ไฟเบอร์,ใช่,ไม่,0
CU-12909,รายเดือน,19,1163.83,1,ไฟเบอร์,ไม่,ใช่,0
CU-12910,2 ปี,69,365.83,1,ไฟเบอร์,ใช่,ไม่,0
CU-12911,รายเดือน,6,1024.72,0,ไฟเบอร์,ไม่,ใช่,1
CU-12912,รายเดือน,24,1432.86,3,ADSL,ไม่,ไม่,1
CU-12913,รายเดือน,45,1321.49,0,ADSL,ใช่,ไม่,0
CU-12914,รายเดือน,40,981.16,0,ไฟเบอร์,ไม่,ใช่,0
CU-12915,รายเดือน,14,440.14,0,ไฟเบอร์,ใช่,ใช่,1
CU-12916,2 ปี,44,1295.37,0,ไฟเบอร์,ใช่,ไม่,0
CU-12917,2 ปี,40,1578.09,3,ไฟเบอร์,ใช่,ใช่,0
CU-12918,รายเดือน,38,958.03,0,ADSL,ใช่,ใช่,0
CU-12919,1 ปี,41,386.93,0,ADSL,ใช่,ไม่,0
CU-12920,รายเดือน,60,562.90,0,ADSL,ใช่,ใช่,1
CU-12921,รายเดือน,28,854.45,1,ไฟเบอร์,ใช่,ไม่,1
CU-12922,2 ปี,38,1070.06,1,ADSL,ไม่,ไม่,0
CU-12923,2 ปี,31,301.41,0,ADSL,ใช่,ใช่,0
CU-12924,รายเดือน,7,1586.17,0,ไฟเบอร์,ใช่,ใช่,1
CU-12925,1 ปี,53,949.05,3,ADSL,ใช่,ไม่,0
CU-12926,1 ปี,13,1097.15,0,ADSL,ใช่,ใช่,0
CU-12927,รายเดือน,38,1361.90,0,ADSL,ไม่,ไม่,1
CU-12928,1 ปี,12,1324.01,2,ไฟเบอร์,ไม่,ใช่,0
CU-12929,1 ปี,42,1426.14,2,ADSL,ใช่,ไม่,0
CU-12930,2 ปี,44,428.65,2,ไฟเบอร์,ไม่,ไม่,0
CU-12931,รายเดือน,68,553.22,0,ADSL,ไม่,ไม่,0
CU-12932,1 ปี,32,546.41,0,ADSL,ไม่,ไม่,0
CU-12933,รายเดือน,34,918.65,0,ไฟเบอร์,ใช่,ใช่,0
CU-12934,1 ปี,7,554.64,0,ADSL,ใช่,ใช่,0
CU-12935,2 ปี,18,391.13,0,ไฟเบอร์,ไม่,ใช่,0
CU-12936,รายเดือน,66,788.90,2,ADSL,ไม่,ไม่,0
CU-12937,รายเดือน,40,987.37,1,ไฟเบอร์,ใช่,ใช่,1
CU-12938,รายเดือน,59,493.24,1,ไฟเบอร์,ใช่,ใช่,1
CU-12939,รายเดือน,13,1491.89,0,ไฟเบอร์,ไม่,ไม่,1
CU-12940,รายเดือน,18,650.14,4,ADSL,ใช่,ไม่,1
CU-12941,รายเดือน,24,822.40,2,ADSL,ใช่,ไม่,0
CU-12942,1 ปี,10,707.74,1,ADSL,ใช่,ไม่,0
CU-12943,รายเดือน,20,720.17,5,ไฟเบอร์,ใช่,ไม่,1
CU-12944,2 ปี,45,1300.38,5,ไฟเบอร์,ใช่,ใช่,0
CU-12945,รายเดือน,43,1477.26,1,ไฟเบอร์,ใช่,ใช่,1
CU-12946,รายเดือน,5,319.47,0,ADSL,ไม่,ไม่,0
CU-12947,รายเดือน,11,670.43,0,ไฟเบอร์,ไม่,ใช่,0
CU-12948,รายเดือน,9,1288.71,0,ADSL,ใช่,ไม่,1
CU-12949,รายเดือน,9,1054.81,4,ADSL,ไม่,ไม่,0
CU-12950,1 ปี,6,1156.52,1,ADSL,ไม่,ไม่,0
CU-12951,รายเดือน,69,1260.59,2,ADSL,ใช่,ไม่,1
CU-12952,1 ปี,71,1109.24,1,ไฟเบอร์,ใช่,ใช่,0
CU-12953,1 ปี,25,1235.76,0,ADSL,ใช่,ใช่,0
CU-12954,1 ปี,62,482.17,3,ADSL,ไม่,ไม่,0
CU-12955,รายเดือน,54,790.72,0,ADSL,ไม่,ใช่,0
CU-12956,1 ปี,33,486.59,0,ADSL,ไม่,ใช่,0
CU-12957,รายเดือน,60,513.12,0,ADSL,ใช่,ไม่,1
CU-12958,2 ปี,7,1239.59,1,ADSL,ไม่,ใช่,0
CU-12959,1 ปี,6,449.57,3,ไฟเบอร์,ใช่,ใช่,0
CU-12960,รายเดือน,70,1233.56,3,ADSL,ไม่,ใช่,0
CU-12961,รายเดือน,47,1360.16,1,ไฟเบอร์,ไม่,ใช่,1
CU-12962,รายเดือน,28,1473.44,0,ADSL,ใช่,ไม่,0
CU-12963,รายเดือน,5,1024.12,1,ไฟเบอร์,ใช่,ไม่,1
CU-12964,รายเดือน,69,740.90,0,ADSL,ใช่,ไม่,0
CU-12965,รายเดือน,50,1217.69,0,ADSL,ไม่,ไม่,0
CU-12966,รายเดือน,31,911.68,4,ไฟเบอร์,ไม่,ไม่,1
CU-12967,1 ปี,65,359.79,4,ไฟเบอร์,ไม่,ใช่,0
CU-12968,1 ปี,53,460.05,2,ADSL,ไม่,ไม่,0
CU-12969,1 ปี,50,565.45,1,ไฟเบอร์,ไม่,ไม่,0
CU-12970,1 ปี,6,1526.31,4,ไฟเบอร์,ใช่,ใช่,0
CU-12971,1 ปี,16,1096.50,0,ADSL,ไม่,ใช่,0
CU-12972,รายเดือน,2,703.92,1,ไฟเบอร์,ใช่,ใช่,1
CU-12973,1 ปี,62,763.60,2,ADSL,ใช่,ใช่,0
CU-12974,1 ปี,52,816.14,1,ADSL,ใช่,ใช่,0
CU-12975,1 ปี,4,621.27,2,ไฟเบอร์,ใช่,ไม่,0
CU-12976,รายเดือน,3,1562.04,1,ADSL,ไม่,ใช่,1
CU-12977,รายเดือน,69,507.11,5,ไฟเบอร์,ใช่,ใช่,1
CU-12978,2 ปี,46,530.14,0,ไฟเบอร์,ไม่,ใช่,0
CU-12979,รายเดือน,70,1097.84,1,ADSL,ใช่,ไม่,1
CU-12980,รายเดือน,31,590.72,4,ADSL,ไม่,ไม่,0
CU-12981,รายเดือน,67,1117.28,0,ADSL,ใช่,ใช่,0
CU-12982,2 ปี,37,1582.03,5,ADSL,ใช่,ใช่,1
CU-12983,รายเดือน,32,476.84,0,ไฟเบอร์,ใช่,ไม่,1
CU-12984,1 ปี,55,634.68,0,ADSL,ไม่,ไม่,0
CU-12985,1 ปี,31,701.05,1,ADSL,ไม่,ใช่,0
CU-12986,รายเดือน,1,1435.35,2,ADSL,ไม่,ไม่,1
CU-12987,รายเดือน,68,515.45,1,ADSL,ใช่,ใช่,0
CU-12988,รายเดือน,40,601.97,0,ไฟเบอร์,ใช่,ใช่,0
CU-12989,1 ปี,49,694.47,3,ADSL,ไม่,ใช่,0
CU-12990,1 ปี,3,1178.56,1,ADSL,ไม่,ไม่,1
CU-12991,1 ปี,5,1038.92,0,ไฟเบอร์,ไม่,ใช่,0
CU-12992,2 ปี,56,617.17,3,ADSL,ใช่,ไม่,0
CU-12993,รายเดือน,27,1183.19,0,ไฟเบอร์,ไม่,ไม่,1
CU-12994,รายเดือน,48,535.48,0,ไฟเบอร์,ใช่,ใช่,0
CU-12995,รายเดือน,19,764.51,5,ADSL,ใช่,ไม่,1
CU-12996,รายเดือน,54,826.97,1,ไฟเบอร์,ใช่,ใช่,0
CU-12997,รายเดือน,53,1530.56,0,ไฟเบอร์,ใช่,ไม่,1
CU-12998,รายเดือน,72,559.65,0,ไฟเบอร์,ไม่,ใช่,0
CU-12999,รายเดือน,49,542.83,0,ADSL,ไม่,ใช่,0
