loan_id,application_date,income_at_application,debt_ratio_at_application,credit_history_months_at_application,age_at_application,prev_loans_at_application,loan_amount_at_application,occupation_at_application,collection_calls,account_status,days_since_last_payment,defaulted
L-20582,2023-01-01,36427.09,0.868,169,23,2,100000.00,พนักงานประจำ,11,ค้างชำระ,173,1
L-23438,2023-01-01,18045.33,0.253,43,30,6,150000.00,ธุรกิจส่วนตัว,2,ปิดบัญชีแล้ว,25,0
L-23927,2023-01-01,28368.83,0.324,41,29,0,300000.00,อาชีพอิสระ,0,ปกติ,15,0
L-24693,2023-01-01,10128.42,0.394,83,32,0,150000.00,ธุรกิจส่วนตัว,0,ปกติ,21,0
L-27951,2023-01-01,22391.36,0.554,80,32,1,200000.00,ข้าราชการ,1,ปิดบัญชีแล้ว,27,0
L-28112,2023-01-01,36446.24,0.405,227,52,2,100000.00,อาชีพอิสระ,1,ปิดบัญชีแล้ว,8,0
L-29974,2023-01-01,35769.49,0.656,60,40,1,150000.00,อาชีพอิสระ,0,ปกติ,26,0
L-30494,2023-01-01,39994.43,0.43,78,34,4,500000.00,อาชีพอิสระ,9,ค้างชำระ,118,1
L-31191,2023-01-01,32329.08,0.361,236,61,3,300000.00,ธุรกิจส่วนตัว,0,ปกติ,6,0
L-20075,2023-01-02,38151.45,0.118,237,40,1,150000.00,ธุรกิจส่วนตัว,0,ปิดบัญชีแล้ว,2,0
L-20876,2023-01-02,40000.84,0.438,39,54,4,200000.00,อาชีพอิสระ,0,ปกติ,9,0
L-23378,2023-01-02,22128.63,0.328,110,40,4,50000.00,อาชีพอิสระ,1,ปกติ,8,0
L-23602,2023-01-02,44235.15,0.602,122,36,0,150000.00,พนักงานประจำ,2,ปกติ,5,0
L-25672,2023-01-02,43646.67,0.207,60,63,2,150000.00,พนักงานประจำ,2,ปิดบัญชีแล้ว,2,0
L-25818,2023-01-02,22468.92,0.23,161,42,1,50000.00,พนักงานประจำ,0,ปิดบัญชีแล้ว,3,0
L-27877,2023-01-02,36531.90,0.74,80,62,0,150000.00,พนักงานประจำ,1,ปกติ,30,0
L-28514,2023-01-02,9000.00,0.54,189,33,0,300000.00,อาชีพอิสระ,2,ปกติ,9,0
L-31878,2023-01-02,43638.18,0.329,2,64,2,150000.00,พนักงานประจำ,13,ค้างชำระ,136,1
L-20061,2023-01-03,66402.12,0.083,218,61,4,500000.00,ข้าราชการ,0,ปิดบัญชีแล้ว,26,0
L-22201,2023-01-03,26027.58,0.505,163,44,3,300000.00,ข้าราชการ,2,ปิดบัญชีแล้ว,29,0
L-22592,2023-01-03,31637.04,0.132,66,63,3,200000.00,ข้าราชการ,2,ปกติ,22,0
L-23566,2023-01-03,47159.94,0.475,182,63,1,500000.00,อาชีพอิสระ,0,ปกติ,10,0
L-25433,2023-01-03,26521.72,0.553,74,48,0,300000.00,อาชีพอิสระ,2,ปกติ,3,0
L-26066,2023-01-03,43042.84,0.336,89,26,4,100000.00,อาชีพอิสระ,0,ปกติ,7,0
L-27006,2023-01-03,37695.44,0.368,199,28,1,200000.00,พนักงานประจำ,0,ปกติ,8,0
L-28238,2023-01-03,59711.28,0.388,192,54,2,200000.00,ธุรกิจส่วนตัว,0,ปกติ,25,0
L-28348,2023-01-03,41283.01,0.472,189,53,6,300000.00,ธุรกิจส่วนตัว,2,ปกติ,12,0
L-29531,2023-01-03,25625.63,0.401,13,50,5,500000.00,อาชีพอิสระ,0,ปกติ,20,0
L-29893,2023-01-03,49113.49,0.669,52,30,0,300000.00,พนักงานประจำ,0,ปกติ,8,0
L-30454,2023-01-03,25850.15,0.397,46,36,2,50000.00,ข้าราชการ,2,ปกติ,10,0
L-31864,2023-01-03,20138.89,0.058,113,62,3,50000.00,พนักงานประจำ,0,ปกติ,24,0
L-20080,2023-01-04,39812.19,0.364,90,54,1,150000.00,พนักงานประจำ,10,ค้างชำระ,114,1
L-20875,2023-01-04,22363.05,0.343,130,37,5,50000.00,ข้าราชการ,1,ปิดบัญชีแล้ว,16,0
L-21287,2023-01-04,39957.60,0.395,224,47,6,200000.00,ข้าราชการ,1,ปกติ,26,0
L-23407,2023-01-04,33372.12,0.163,237,26,5,200000.00,ข้าราชการ,0,ปกติ,13,0
L-23582,2023-01-04,33732.45,0.54,141,30,6,100000.00,ข้าราชการ,0,ปิดบัญชีแล้ว,9,0
L-23829,2023-01-04,36770.33,0.519,137,36,3,50000.00,อาชีพอิสระ,2,ปกติ,29,0
L-24132,2023-01-04,37876.78,0.852,197,46,6,100000.00,อาชีพอิสระ,0,ปิดบัญชีแล้ว,11,0
L-24531,2023-01-04,69501.70,0.458,91,33,6,200000.00,พนักงานประจำ,3,ค้างชำระ,82,1
L-24744,2023-01-04,56153.12,0.353,193,39,0,100000.00,พนักงานประจำ,0,ปิดบัญชีแล้ว,18,0
L-25970,2023-01-04,33525.06,0.29,104,63,1,300000.00,ข้าราชการ,1,ปิดบัญชีแล้ว,14,0
L-25992,2023-01-04,31796.62,0.497,191,43,3,500000.00,ข้าราชการ,2,ปกติ,16,0
L-26232,2023-01-04,28574.02,0.611,45,60,6,150000.00,พนักงานประจำ,2,ปกติ,4,0
L-28050,2023-01-04,48042.30,0.196,197,34,2,300000.00,อาชีพอิสระ,1,ปกติ,29,0
L-30934,2023-01-04,28870.67,0.44,229,51,4,300000.00,ข้าราชการ,2,ปกติ,23,0
L-31332,2023-01-04,11904.14,0.02,72,44,5,100000.00,ข้าราชการ,1,ปิดบัญชีแล้ว,6,0
L-31960,2023-01-04,40297.24,0.357,53,37,4,150000.00,ข้าราชการ,0,ปกติ,18,0
L-20178,2023-01-05,21306.22,0.218,197,22,6,300000.00,ข้าราชการ,0,ปกติ,22,0
L-21868,2023-01-05,27663.57,0.358,0,37,4,500000.00,ธุรกิจส่วนตัว,0,ปกติ,17,0
L-21980,2023-01-05,9000.00,0.622,222,42,0,500000.00,อาชีพอิสระ,0,ปกติ,4,0
L-22756,2023-01-05,30202.74,0.217,207,55,5,300000.00,พนักงานประจำ,2,ปกติ,21,0
L-23876,2023-01-05,43052.76,0.479,160,23,6,200000.00,ธุรกิจส่วนตัว,2,ปกติ,29,0
L-26046,2023-01-05,29838.85,0.476,17,39,0,500000.00,พนักงานประจำ,0,ปิดบัญชีแล้ว,11,0
L-27271,2023-01-05,46406.14,0.395,144,32,6,100000.00,ธุรกิจส่วนตัว,1,ปกติ,17,0
L-27568,2023-01-05,40814.02,0.476,59,42,2,100000.00,ธุรกิจส่วนตัว,0,ปกติ,5,0
L-28127,2023-01-05,15417.38,0.528,227,61,2,100000.00,ข้าราชการ,0,ปิดบัญชีแล้ว,26,0
L-28603,2023-01-05,30324.88,0.02,191,49,6,500000.00,ธุรกิจส่วนตัว,0,ปิดบัญชีแล้ว,16,0
L-30039,2023-01-05,10687.83,0.636,232,47,0,500000.00,อาชีพอิสระ,2,ปกติ,15,0
L-20720,2023-01-06,40397.85,0.375,6,39,6,200000.00,พนักงานประจำ,14,ค้างชำระ,173,1
L-22648,2023-01-06,28077.03,0.543,80,61,4,100000.00,ข้าราชการ,0,ปกติ,25,0
L-23350,2023-01-06,48812.16,0.254,47,64,5,300000.00,พนักงานประจำ,1,ปิดบัญชีแล้ว,10,0
L-23805,2023-01-06,40479.39,0.247,30,61,0,500000.00,อาชีพอิสระ,0,ปกติ,12,0
L-24326,2023-01-06,36569.42,0.449,62,61,0,50000.00,พนักงานประจำ,0,ปิดบัญชีแล้ว,5,0
L-24766,2023-01-06,37878.15,0.386,53,64,0,200000.00,พนักงานประจำ,1,ปิดบัญชีแล้ว,22,0
L-25643,2023-01-06,9000.00,0.02,30,59,3,500000.00,ธุรกิจส่วนตัว,2,ปกติ,7,0
L-26114,2023-01-06,21934.51,0.493,38,48,3,50000.00,อาชีพอิสระ,0,ปกติ,29,0
L-27994,2023-01-06,23574.27,0.515,145,42,5,150000.00,ข้าราชการ,0,ปกติ,11,0
L-28575,2023-01-06,62994.12,0.385,51,32,3,300000.00,พนักงานประจำ,1,ปกติ,18,0
L-28600,2023-01-06,13086.69,0.581,58,38,1,500000.00,พนักงานประจำ,0,ปกติ,4,0
L-29379,2023-01-06,35539.37,0.246,91,27,3,100000.00,ข้าราชการ,2,ปกติ,26,0
L-29839,2023-01-06,42647.29,0.361,143,45,2,500000.00,อาชีพอิสระ,2,ปิดบัญชีแล้ว,5,0
L-31676,2023-01-06,25272.32,0.484,188,44,2,150000.00,ธุรกิจส่วนตัว,3,ค้างชำระ,129,1
L-20340,2023-01-07,15954.16,0.414,83,23,0,50000.00,ข้าราชการ,2,ปกติ,5,0
L-21726,2023-01-07,13834.50,0.366,237,41,6,300000.00,พนักงานประจำ,0,ปิดบัญชีแล้ว,27,0
L-22482,2023-01-07,69057.71,0.35,76,57,2,50000.00,ธุรกิจส่วนตัว,2,ปกติ,22,0
L-23053,2023-01-07,23632.61,0.543,77,52,3,300000.00,ธุรกิจส่วนตัว,1,ปกติ,17,0
L-23216,2023-01-07,11155.90,0.422,84,56,1,300000.00,พนักงานประจำ,0,ปิดบัญชีแล้ว,12,0
L-23463,2023-01-07,26668.96,0.02,40,31,2,100000.00,พนักงานประจำ,2,ปิดบัญชีแล้ว,6,0
L-23705,2023-01-07,31631.34,0.558,226,39,3,50000.00,ธุรกิจส่วนตัว,2,ปกติ,22,0
L-24480,2023-01-07,9000.00,0.566,1,43,5,200000.00,ธุรกิจส่วนตัว,2,ปกติ,25,0
L-25112,2023-01-07,24239.37,0.25,79,52,4,200000.00,ข้าราชการ,2,ปิดบัญชีแล้ว,19,0
L-25131,2023-01-07,40627.94,0.192,166,65,5,200000.00,พนักงานประจำ,1,ปกติ,15,0
L-25158,2023-01-07,23556.14,0.689,201,34,4,150000.00,พนักงานประจำ,13,ค้างชำระ,49,1
L-26068,2023-01-07,13605.98,0.326,36,32,2,500000.00,อาชีพอิสระ,0,ปิดบัญชีแล้ว,10,0
L-26163,2023-01-07,21716.43,0.205,174,59,4,100000.00,ธุรกิจส่วนตัว,0,ปิดบัญชีแล้ว,29,0
L-26240,2023-01-07,36383.31,0.441,48,31,4,100000.00,ธุรกิจส่วนตัว,1,ปิดบัญชีแล้ว,18,0
L-26638,2023-01-07,43489.14,0.339,64,61,6,300000.00,อาชีพอิสระ,0,ปกติ,26,0
L-26902,2023-01-07,26556.54,0.247,234,32,4,100000.00,ธุรกิจส่วนตัว,1,ปกติ,21,0
L-26980,2023-01-07,62090.33,0.538,231,65,0,300000.00,พนักงานประจำ,2,ปกติ,5,0
L-27056,2023-01-07,28494.52,0.279,211,54,4,150000.00,พนักงานประจำ,1,ปกติ,11,0
L-28994,2023-01-07,29678.67,0.564,231,37,5,300000.00,อาชีพอิสระ,1,ปกติ,24,0
L-29619,2023-01-07,31408.13,0.219,108,46,3,50000.00,ธุรกิจส่วนตัว,0,ปกติ,21,0
L-29990,2023-01-07,48938.18,0.311,230,60,2,150000.00,พนักงานประจำ,0,ปกติ,18,0
L-30560,2023-01-07,9000.00,0.437,108,57,1,100000.00,ธุรกิจส่วนตัว,2,ปกติ,10,0
L-31302,2023-01-07,36003.78,0.535,214,60,0,500000.00,ข้าราชการ,9,ค้างชำระ,165,1
L-31344,2023-01-07,38239.12,0.698,98,36,3,100000.00,พนักงานประจำ,1,ปกติ,0,0
L-31860,2023-01-07,40225.06,0.546,202,24,6,150000.00,ธุรกิจส่วนตัว,9,ค้างชำระ,64,1
L-20775,2023-01-08,27451.35,0.559,216,30,5,150000.00,อาชีพอิสระ,2,ปกติ,12,0
L-21000,2023-01-08,40707.58,0.417,189,35,2,50000.00,พนักงานประจำ,1,ปกติ,21,0
L-22084,2023-01-08,51214.03,0.449,12,39,2,50000.00,ธุรกิจส่วนตัว,0,ปิดบัญชีแล้ว,5,0
L-22779,2023-01-08,39602.80,0.152,181,52,2,50000.00,ธุรกิจส่วนตัว,2,ปิดบัญชีแล้ว,3,0
L-23071,2023-01-08,39688.38,0.229,130,61,3,150000.00,ข้าราชการ,2,ปกติ,18,0
L-25998,2023-01-08,37270.16,0.287,140,60,0,300000.00,ธุรกิจส่วนตัว,2,ปิดบัญชีแล้ว,24,0
L-26992,2023-01-08,22691.62,0.553,42,31,6,150000.00,ข้าราชการ,0,ปกติ,27,0
L-27121,2023-01-08,32671.59,0.511,60,51,3,100000.00,ข้าราชการ,0,ปกติ,22,0
L-27258,2023-01-08,30690.97,0.242,5,30,0,50000.00,อาชีพอิสระ,1,ปิดบัญชีแล้ว,18,0
L-29048,2023-01-08,31165.08,0.33,196,39,5,50000.00,อาชีพอิสระ,2,ปกติ,5,0
L-30656,2023-01-08,9000.00,0.718,158,24,0,200000.00,ธุรกิจส่วนตัว,0,ปกติ,2,0
L-20988,2023-01-09,12684.31,0.578,101,62,0,50000.00,อาชีพอิสระ,0,ปกติ,28,0
L-22615,2023-01-09,36751.73,0.425,99,37,4,300000.00,พนักงานประจำ,1,ปกติ,10,0
L-24726,2023-01-09,23631.64,0.116,146,38,0,300000.00,พนักงานประจำ,1,ปิดบัญชีแล้ว,27,0
L-25324,2023-01-09,42311.42,0.319,171,64,2,50000.00,พนักงานประจำ,2,ปิดบัญชีแล้ว,10,0
L-25413,2023-01-09,25295.77,0.816,135,47,0,100000.00,อาชีพอิสระ,1,ปิดบัญชีแล้ว,2,0
L-25502,2023-01-09,30393.39,0.088,218,51,2,300000.00,พนักงานประจำ,2,ปิดบัญชีแล้ว,26,0
L-27591,2023-01-09,24863.32,0.409,46,34,1,150000.00,ข้าราชการ,0,ปกติ,2,0
L-27702,2023-01-09,37234.80,0.265,18,31,6,200000.00,อาชีพอิสระ,0,ปกติ,1,0
L-29221,2023-01-09,24526.06,0.168,197,50,4,300000.00,อาชีพอิสระ,2,ปกติ,4,0
L-30511,2023-01-09,24336.56,0.02,131,22,0,500000.00,ข้าราชการ,2,ปกติ,9,0
L-31065,2023-01-09,28559.71,0.294,212,24,1,100000.00,ธุรกิจส่วนตัว,1,ปกติ,24,0
L-20017,2023-01-10,34725.59,0.402,10,36,6,500000.00,ธุรกิจส่วนตัว,1,ปกติ,16,0
L-20244,2023-01-10,27200.37,0.382,186,39,3,100000.00,อาชีพอิสระ,2,ปกติ,2,0
L-21018,2023-01-10,10265.66,0.096,76,45,0,200000.00,พนักงานประจำ,4,ค้างชำระ,89,1
L-21244,2023-01-10,27193.95,0.557,116,63,2,300000.00,อาชีพอิสระ,0,ปกติ,6,0
L-22381,2023-01-10,35368.55,0.456,153,26,1,50000.00,พนักงานประจำ,2,ปกติ,5,0
L-22468,2023-01-10,56877.48,0.258,177,24,1,100000.00,ธุรกิจส่วนตัว,0,ปกติ,24,0
L-23657,2023-01-10,49436.84,0.466,149,28,1,200000.00,พนักงานประจำ,0,ปกติ,28,0
L-28505,2023-01-10,40512.76,0.292,22,51,4,200000.00,ข้าราชการ,2,ปกติ,30,0
L-29784,2023-01-10,30224.93,0.338,141,34,2,150000.00,อาชีพอิสระ,1,ปกติ,10,0
L-29930,2023-01-10,39596.69,0.358,209,27,4,300000.00,พนักงานประจำ,0,ปิดบัญชีแล้ว,14,0
L-30946,2023-01-10,40422.90,0.293,65,51,1,50000.00,พนักงานประจำ,2,ปกติ,9,0
L-31178,2023-01-10,34369.45,0.662,190,65,1,100000.00,ข้าราชการ,1,ปกติ,0,0
L-20311,2023-01-11,13438.99,0.599,166,50,2,300000.00,พนักงานประจำ,2,ปกติ,9,0
L-21389,2023-01-11,48381.14,0.392,129,29,4,500000.00,ข้าราชการ,0,ปกติ,20,0
L-26674,2023-01-11,39010.32,0.274,115,27,5,50000.00,อาชีพอิสระ,0,ปิดบัญชีแล้ว,4,0
L-28628,2023-01-11,20783.08,0.378,88,31,0,100000.00,พนักงานประจำ,2,ปกติ,1,0
L-20066,2023-01-12,53336.78,0.359,64,61,6,500000.00,อาชีพอิสระ,1,ปกติ,15,0
L-20889,2023-01-12,40085.40,0.071,229,64,1,50000.00,พนักงานประจำ,2,ปกติ,0,0
L-22319,2023-01-12,16079.99,0.412,178,50,4,50000.00,ธุรกิจส่วนตัว,2,ปกติ,12,0
L-23888,2023-01-12,36886.50,0.725,88,65,5,150000.00,ธุรกิจส่วนตัว,9,ค้างชำระ,45,1
L-27361,2023-01-12,15970.70,0.439,126,45,6,100000.00,อาชีพอิสระ,0,ปกติ,6,0
L-28038,2023-01-12,50224.83,0.599,30,63,5,500000.00,ข้าราชการ,1,ปกติ,3,0
L-29465,2023-01-12,15527.81,0.539,80,50,0,50000.00,พนักงานประจำ,1,ปิดบัญชีแล้ว,12,0
L-30748,2023-01-12,46756.60,0.514,134,59,2,300000.00,ข้าราชการ,1,ปิดบัญชีแล้ว,10,0
L-31257,2023-01-12,20542.96,0.299,58,43,3,100000.00,พนักงานประจำ,2,ปิดบัญชีแล้ว,16,0
L-20878,2023-01-13,23057.99,0.531,232,37,0,500000.00,ข้าราชการ,0,ปกติ,25,0
L-23613,2023-01-13,43663.08,0.427,186,45,3,50000.00,ข้าราชการ,1,ปกติ,22,0
L-24288,2023-01-13,14575.06,0.545,158,32,0,50000.00,ธุรกิจส่วนตัว,0,ปกติ,23,0
L-24824,2023-01-13,48565.04,0.372,218,26,1,300000.00,อาชีพอิสระ,2,ปกติ,11,0
L-26010,2023-01-13,47309.33,0.521,215,56,4,500000.00,พนักงานประจำ,0,ปิดบัญชีแล้ว,15,0
L-26430,2023-01-13,20636.74,0.419,5,22,4,300000.00,ข้าราชการ,1,ปกติ,0,0
L-27112,2023-01-13,23683.61,0.196,161,46,5,200000.00,ข้าราชการ,0,ปกติ,6,0
L-27803,2023-01-13,23064.08,0.714,218,40,3,200000.00,อาชีพอิสระ,1,ปิดบัญชีแล้ว,26,0
L-29300,2023-01-13,20571.43,0.328,170,43,1,300000.00,ธุรกิจส่วนตัว,0,ปกติ,24,0
L-30736,2023-01-13,36988.16,0.255,235,36,5,500000.00,อาชีพอิสระ,0,ปกติ,13,0
L-30852,2023-01-13,27694.44,0.449,188,36,2,200000.00,ข้าราชการ,1,ปกติ,26,0
L-20881,2023-01-14,39011.75,0.427,131,24,4,100000.00,ธุรกิจส่วนตัว,1,ปกติ,24,0
L-21629,2023-01-14,11287.92,0.638,32,44,4,300000.00,ข้าราชการ,1,ปกติ,13,0
L-26368,2023-01-14,47697.88,0.24,164,46,4,200000.00,ข้าราชการ,1,ปิดบัญชีแล้ว,13,0
L-28202,2023-01-14,43692.14,0.429,44,64,2,300000.00,อาชีพอิสระ,0,ปกติ,30,0
L-29741,2023-01-14,26483.03,0.109,105,53,3,50000.00,พนักงานประจำ,1,ปกติ,26,0
L-30969,2023-01-14,28557.25,0.684,83,23,4,150000.00,ธุรกิจส่วนตัว,1,ปกติ,5,0
L-31634,2023-01-14,28272.02,0.263,88,38,5,100000.00,พนักงานประจำ,0,ปกติ,4,0
L-31910,2023-01-14,34730.18,0.439,146,58,4,50000.00,ธุรกิจส่วนตัว,1,ปกติ,2,0
L-20752,2023-01-15,39242.27,0.349,228,63,6,150000.00,ข้าราชการ,9,ค้างชำระ,124,1
L-22003,2023-01-15,27589.51,0.483,41,61,0,50000.00,อาชีพอิสระ,0,ปิดบัญชีแล้ว,14,0
L-22073,2023-01-15,25468.63,0.287,162,27,0,200000.00,ข้าราชการ,2,ปกติ,0,0
L-22674,2023-01-15,33105.98,0.407,41,56,2,200000.00,ข้าราชการ,1,ปกติ,20,0
L-22996,2023-01-15,44485.44,0.436,11,37,0,50000.00,ธุรกิจส่วนตัว,1,ปกติ,16,0
L-23040,2023-01-15,33295.08,0.531,204,32,3,100000.00,พนักงานประจำ,2,ปิดบัญชีแล้ว,1,0
L-25262,2023-01-15,38262.52,0.402,84,59,2,100000.00,ธุรกิจส่วนตัว,1,ปกติ,10,0
L-27464,2023-01-15,17022.79,0.485,178,28,5,300000.00,ข้าราชการ,2,ปิดบัญชีแล้ว,24,0
L-20523,2023-01-16,30326.23,0.151,225,44,3,150000.00,ธุรกิจส่วนตัว,2,ปิดบัญชีแล้ว,0,0
L-21580,2023-01-16,55987.09,0.63,152,46,5,50000.00,ธุรกิจส่วนตัว,2,ปกติ,17,0
L-23394,2023-01-16,18919.67,0.338,35,26,0,500000.00,ธุรกิจส่วนตัว,2,ปกติ,9,0
L-23655,2023-01-16,35827.24,0.386,163,50,4,50000.00,อาชีพอิสระ,0,ปกติ,21,0
L-25220,2023-01-16,40598.94,0.267,195,61,2,500000.00,ธุรกิจส่วนตัว,2,ปกติ,25,0
L-25792,2023-01-16,32625.11,0.055,8,36,3,300000.00,ข้าราชการ,0,ปิดบัญชีแล้ว,28,0
L-26359,2023-01-16,34144.61,0.513,122,22,1,50000.00,อาชีพอิสระ,2,ปิดบัญชีแล้ว,18,0
L-29618,2023-01-16,42217.55,0.503,193,30,6,50000.00,พนักงานประจำ,0,ปิดบัญชีแล้ว,5,0
L-31222,2023-01-16,50826.30,0.392,73,41,0,200000.00,พนักงานประจำ,2,ปกติ,22,0
L-31965,2023-01-16,45362.98,0.317,179,58,6,100000.00,อาชีพอิสระ,0,ปิดบัญชีแล้ว,5,0
L-20698,2023-01-17,42390.04,0.45,107,29,4,500000.00,ธุรกิจส่วนตัว,14,ค้างชำระ,73,1
L-21102,2023-01-17,41415.64,0.372,131,28,1,100000.00,ธุรกิจส่วนตัว,2,ปกติ,11,0
L-21489,2023-01-17,28041.43,0.261,157,64,1,50000.00,อาชีพอิสระ,1,ปกติ,3,0
L-22069,2023-01-17,40947.41,0.441,91,21,3,100000.00,พนักงานประจำ,0,ปกติ,24,0
L-23877,2023-01-17,24387.88,0.504,200,27,5,50000.00,ธุรกิจส่วนตัว,9,ค้างชำระ,134,1
L-23916,2023-01-17,17294.60,0.477,186,37,1,50000.00,อาชีพอิสระ,0,ปกติ,21,0
L-25386,2023-01-17,40110.16,0.168,100,40,0,300000.00,ธุรกิจส่วนตัว,1,ปกติ,3,0
L-27216,2023-01-17,16213.19,0.479,137,46,1,100000.00,พนักงานประจำ,2,ปกติ,15,0
L-27660,2023-01-17,30434.13,0.258,205,32,3,300000.00,ข้าราชการ,2,ปกติ,12,0
L-27842,2023-01-17,21180.02,0.448,114,26,0,100000.00,ธุรกิจส่วนตัว,1,ปกติ,10,0
L-29983,2023-01-17,38394.87,0.333,27,53,3,500000.00,อาชีพอิสระ,0,ปกติ,22,0
L-30071,2023-01-17,16942.28,0.518,194,40,6,50000.00,ข้าราชการ,1,ปกติ,15,0
L-30439,2023-01-17,41359.50,0.331,193,31,6,200000.00,พนักงานประจำ,0,ปิดบัญชีแล้ว,16,0
L-31033,2023-01-17,38008.76,0.318,30,44,2,50000.00,พนักงานประจำ,3,ค้างชำระ,52,1
L-31325,2023-01-17,33518.58,0.188,148,52,0,150000.00,ข้าราชการ,0,ปกติ,17,0
L-24747,2023-01-18,22862.61,0.12,230,61,3,50000.00,ธุรกิจส่วนตัว,0,ปกติ,20,0
L-24954,2023-01-18,32269.62,0.328,220,32,4,500000.00,อาชีพอิสระ,2,ปกติ,28,0
L-25354,2023-01-18,12767.01,0.486,173,50,0,200000.00,อาชีพอิสระ,1,ปกติ,6,0
L-27940,2023-01-18,23293.63,0.351,206,35,2,200000.00,อาชีพอิสระ,2,ปิดบัญชีแล้ว,26,0
L-30431,2023-01-18,28899.80,0.935,163,48,4,300000.00,พนักงานประจำ,4,ค้างชำระ,73,1
L-31427,2023-01-18,46307.40,0.564,81,57,6,100000.00,ธุรกิจส่วนตัว,0,ปกติ,23,0
L-22836,2023-01-19,48936.07,0.321,153,23,3,500000.00,อาชีพอิสระ,1,ปิดบัญชีแล้ว,20,0
L-22885,2023-01-19,14151.69,0.587,205,48,5,100000.00,ธุรกิจส่วนตัว,2,ปกติ,1,0
L-23333,2023-01-19,55625.58,0.186,43,60,2,500000.00,ข้าราชการ,1,ปิดบัญชีแล้ว,26,0
L-24475,2023-01-19,29826.86,0.568,54,26,5,300000.00,พนักงานประจำ,1,ปกติ,18,0
L-25351,2023-01-19,26763.61,0.737,16,22,2,50000.00,ธุรกิจส่วนตัว,4,ค้างชำระ,156,1
L-28213,2023-01-19,28684.27,0.364,186,38,3,500000.00,พนักงานประจำ,1,ปกติ,7,0
L-28683,2023-01-19,9000.00,0.156,226,22,5,150000.00,พนักงานประจำ,1,ปกติ,4,0
L-29059,2023-01-19,33905.71,0.828,183,59,5,200000.00,พนักงานประจำ,1,ปกติ,27,0
L-29588,2023-01-19,16973.70,0.593,113,44,2,100000.00,ธุรกิจส่วนตัว,1,ปิดบัญชีแล้ว,12,0
L-29943,2023-01-19,25996.28,0.407,196,39,1,200000.00,ข้าราชการ,0,ปกติ,4,0
L-30013,2023-01-19,29272.88,0.52,47,53,4,50000.00,พนักงานประจำ,0,ปิดบัญชีแล้ว,0,0
L-31024,2023-01-19,25851.02,0.126,61,47,5,100000.00,ธุรกิจส่วนตัว,0,ปกติ,12,0
L-21153,2023-01-20,18260.51,0.31,239,40,2,50000.00,ข้าราชการ,0,ปิดบัญชีแล้ว,18,0
L-21842,2023-01-20,29214.22,0.38,151,42,2,100000.00,ข้าราชการ,1,ปิดบัญชีแล้ว,15,0
L-25142,2023-01-20,25018.57,0.717,23,28,6,200000.00,พนักงานประจำ,1,ปกติ,10,0
L-26282,2023-01-20,22671.86,0.107,122,31,2,150000.00,ธุรกิจส่วนตัว,1,ปกติ,18,0
L-26825,2023-01-20,9000.00,0.551,175,53,6,200000.00,พนักงานประจำ,6,ค้างชำระ,175,1
L-27428,2023-01-20,35151.41,0.717,113,58,5,500000.00,ข้าราชการ,0,ปกติ,22,0
L-27958,2023-01-20,18125.48,0.031,128,37,2,50000.00,ข้าราชการ,0,ปกติ,4,0
L-29505,2023-01-20,14919.83,0.506,193,29,6,50000.00,ธุรกิจส่วนตัว,2,ปิดบัญชีแล้ว,16,0
L-29674,2023-01-20,21341.44,0.405,79,21,0,300000.00,อาชีพอิสระ,2,ปกติ,3,0
L-30779,2023-01-20,38216.85,0.503,151,65,4,50000.00,พนักงานประจำ,2,ปกติ,5,0
L-30916,2023-01-20,45267.98,0.52,175,42,2,200000.00,ธุรกิจส่วนตัว,1,ปกติ,23,0
L-22342,2023-01-21,9000.00,0.579,0,25,3,200000.00,ธุรกิจส่วนตัว,2,ปกติ,30,0
L-25914,2023-01-21,20950.27,0.125,47,23,0,150000.00,ธุรกิจส่วนตัว,1,ปกติ,16,0
L-28399,2023-01-21,41572.83,0.02,65,51,3,50000.00,ธุรกิจส่วนตัว,2,ปิดบัญชีแล้ว,3,0
L-30290,2023-01-21,31090.78,0.449,166,34,3,50000.00,ข้าราชการ,1,ปกติ,26,0
L-30747,2023-01-21,27737.87,0.216,209,23,3,300000.00,พนักงานประจำ,2,ปกติ,13,0
L-31319,2023-01-21,34569.18,0.02,109,54,1,300000.00,ข้าราชการ,1,ปกติ,6,0
L-20454,2023-01-22,23748.75,0.712,92,22,1,150000.00,อาชีพอิสระ,1,ปกติ,7,0
L-22637,2023-01-22,27281.91,0.228,105,53,3,150000.00,ธุรกิจส่วนตัว,0,ปกติ,0,0
L-23702,2023-01-22,45529.39,0.352,37,63,1,300000.00,ข้าราชการ,2,ปกติ,16,0
L-25260,2023-01-22,13654.51,0.312,220,36,0,150000.00,พนักงานประจำ,2,ปกติ,25,0
L-26342,2023-01-22,54276.68,0.789,45,45,4,200000.00,อาชีพอิสระ,2,ปกติ,26,0
L-26352,2023-01-22,38042.51,0.32,135,23,4,500000.00,ข้าราชการ,0,ปกติ,28,0
L-26566,2023-01-22,15755.65,0.571,134,25,0,150000.00,พนักงานประจำ,1,ปกติ,22,0
L-27569,2023-01-22,17708.02,0.649,19,63,0,50000.00,ธุรกิจส่วนตัว,1,ปกติ,11,0
L-27734,2023-01-22,10775.38,0.276,205,32,2,150000.00,พนักงานประจำ,2,ปิดบัญชีแล้ว,25,0
L-20143,2023-01-23,39613.14,0.255,40,41,5,50000.00,ข้าราชการ,1,ปกติ,11,0
L-20379,2023-01-23,32606.37,0.361,223,51,5,100000.00,ข้าราชการ,2,ปกติ,30,0
L-21723,2023-01-23,12949.91,0.384,213,60,3,300000.00,พนักงานประจำ,0,ปิดบัญชีแล้ว,20,0
L-21986,2023-01-23,13283.76,0.099,156,47,0,500000.00,ข้าราชการ,1,ปกติ,25,0
L-24044,2023-01-23,32793.49,0.199,139,22,2,100000.00,อาชีพอิสระ,2,ปกติ,0,0
L-25757,2023-01-23,16334.91,0.6,2,54,5,300000.00,ธุรกิจส่วนตัว,0,ปกติ,10,0
L-26033,2023-01-23,37812.98,0.119,229,36,6,200000.00,อาชีพอิสระ,0,ปกติ,28,0
L-26176,2023-01-23,24897.47,0.361,209,37,2,150000.00,ข้าราชการ,1,ปิดบัญชีแล้ว,24,0
L-27959,2023-01-23,45607.46,0.349,38,35,1,100000.00,อาชีพอิสระ,2,ปกติ,2,0
L-29579,2023-01-23,25706.58,0.054,201,49,1,500000.00,อาชีพอิสระ,1,ปกติ,15,0
L-31206,2023-01-23,28913.81,0.594,30,26,2,300000.00,ข้าราชการ,0,ปิดบัญชีแล้ว,8,0
L-20279,2023-01-24,23510.31,0.259,46,60,3,150000.00,พนักงานประจำ,1,ปกติ,24,0
L-20669,2023-01-24,31748.12,0.493,227,41,1,100000.00,ข้าราชการ,0,ปกติ,28,0
L-21175,2023-01-24,37311.48,0.504,145,64,6,300000.00,ธุรกิจส่วนตัว,2,ปกติ,5,0
L-21523,2023-01-24,30301.31,0.431,228,30,1,200000.00,ข้าราชการ,10,ค้างชำระ,130,1
L-22368,2023-01-24,38859.98,0.633,234,50,1,50000.00,ธุรกิจส่วนตัว,1,ปกติ,3,0
L-22730,2023-01-24,47612.56,0.394,63,29,2,50000.00,พนักงานประจำ,0,ปกติ,30,0
L-24299,2023-01-24,42787.80,0.448,173,38,0,150000.00,ข้าราชการ,1,ปกติ,5,0
L-26231,2023-01-24,23731.99,0.2,126,65,2,150000.00,พนักงานประจำ,2,ปกติ,1,0
L-28526,2023-01-24,23469.83,0.408,60,33,4,50000.00,อาชีพอิสระ,2,ปกติ,1,0
L-28983,2023-01-24,40970.43,0.445,235,58,3,150000.00,ข้าราชการ,2,ปกติ,6,0
L-29146,2023-01-24,44992.99,0.296,108,58,4,500000.00,ธุรกิจส่วนตัว,1,ปกติ,24,0
L-29233,2023-01-24,12986.25,0.433,26,40,1,300000.00,อาชีพอิสระ,0,ปกติ,6,0
L-31908,2023-01-24,37719.15,0.325,211,36,4,300000.00,ธุรกิจส่วนตัว,1,ปกติ,28,0
L-20546,2023-01-25,33938.78,0.311,72,48,6,200000.00,อาชีพอิสระ,1,ปิดบัญชีแล้ว,8,0
L-21717,2023-01-25,39799.16,0.497,101,62,2,50000.00,พนักงานประจำ,3,ค้างชำระ,162,1
L-24190,2023-01-25,37211.88,0.436,45,58,2,500000.00,ข้าราชการ,1,ปกติ,15,0
L-24688,2023-01-25,33099.55,0.02,82,51,3,300000.00,ธุรกิจส่วนตัว,0,ปกติ,21,0
L-27888,2023-01-25,21574.35,0.442,29,21,5,50000.00,ข้าราชการ,10,ค้างชำระ,157,1
L-29616,2023-01-25,58076.04,0.521,100,40,5,300000.00,ข้าราชการ,7,ค้างชำระ,172,1
L-29649,2023-01-25,51642.80,0.418,151,60,0,50000.00,พนักงานประจำ,1,ปกติ,9,0
L-30250,2023-01-25,9000.00,0.462,193,52,5,150000.00,อาชีพอิสระ,1,ปกติ,0,0
L-31482,2023-01-25,55984.63,0.432,156,60,3,500000.00,อาชีพอิสระ,1,ปกติ,6,0
L-31670,2023-01-25,27831.74,0.376,31,61,6,100000.00,ข้าราชการ,0,ปกติ,15,0
L-21285,2023-01-26,39178.46,0.49,173,36,0,500000.00,อาชีพอิสระ,1,ปกติ,9,0
L-22418,2023-01-26,14082.80,0.074,207,29,4,100000.00,พนักงานประจำ,0,ปิดบัญชีแล้ว,10,0
L-22652,2023-01-26,40858.46,0.02,214,24,4,100000.00,พนักงานประจำ,1,ปกติ,16,0
L-22864,2023-01-26,21916.92,0.286,98,22,5,150000.00,ธุรกิจส่วนตัว,2,ปกติ,5,0
L-25017,2023-01-26,37661.22,0.73,58,63,6,100000.00,อาชีพอิสระ,0,ปกติ,26,0
L-25366,2023-01-26,55038.33,0.428,40,53,6,150000.00,อาชีพอิสระ,1,ปกติ,9,0
L-26844,2023-01-26,34995.33,0.573,172,33,4,500000.00,ข้าราชการ,0,ปกติ,2,0
L-27027,2023-01-26,17048.13,0.832,68,32,0,150000.00,อาชีพอิสระ,2,ปิดบัญชีแล้ว,10,0
L-27467,2023-01-26,15682.28,0.314,0,51,2,50000.00,พนักงานประจำ,2,ปิดบัญชีแล้ว,4,0
L-27555,2023-01-26,51767.24,0.087,232,33,5,150000.00,ข้าราชการ,0,ปกติ,24,0
L-30319,2023-01-26,18177.36,0.574,240,36,6,500000.00,อาชีพอิสระ,0,ปกติ,6,0
L-31225,2023-01-26,43000.77,0.418,115,29,4,50000.00,ข้าราชการ,1,ปกติ,23,0
L-21091,2023-01-27,37425.93,0.219,196,57,6,300000.00,ธุรกิจส่วนตัว,2,ปกติ,15,0
L-21392,2023-01-27,24688.51,0.492,83,35,5,300000.00,พนักงานประจำ,0,ปิดบัญชีแล้ว,24,0
L-21728,2023-01-27,44370.85,0.138,106,44,6,50000.00,ธุรกิจส่วนตัว,1,ปิดบัญชีแล้ว,9,0
L-24046,2023-01-27,51153.83,0.222,70,33,4,300000.00,ธุรกิจส่วนตัว,0,ปกติ,23,0
L-25359,2023-01-27,19300.26,0.526,75,33,6,50000.00,ข้าราชการ,1,ปกติ,19,0
L-25716,2023-01-27,9000.00,0.278,181,47,2,50000.00,อาชีพอิสระ,0,ปกติ,25,0
L-26808,2023-01-27,25464.54,0.391,21,51,3,150000.00,พนักงานประจำ,0,ปกติ,27,0
L-26832,2023-01-27,29540.42,0.6,238,42,2,100000.00,พนักงานประจำ,1,ปิดบัญชีแล้ว,26,0
L-27933,2023-01-27,49488.75,0.206,161,41,0,100000.00,พนักงานประจำ,1,ปิดบัญชีแล้ว,22,0
L-28138,2023-01-27,42646.36,0.278,169,34,0,300000.00,พนักงานประจำ,2,ปกติ,11,0
L-29199,2023-01-27,28051.59,0.534,125,59,0,200000.00,พนักงานประจำ,1,ปิดบัญชีแล้ว,5,0
L-29499,2023-01-27,29916.83,0.401,208,28,2,50000.00,ข้าราชการ,5,ค้างชำระ,82,1
L-29851,2023-01-27,42139.94,0.644,105,42,2,300000.00,อาชีพอิสระ,1,ปกติ,18,0
L-31147,2023-01-27,9000.00,0.155,93,56,5,300000.00,ข้าราชการ,2,ปิดบัญชีแล้ว,2,0
L-21417,2023-01-28,39109.90,0.401,185,21,1,50000.00,ธุรกิจส่วนตัว,0,ปกติ,6,0
L-21787,2023-01-28,38491.67,0.354,98,56,2,150000.00,ธุรกิจส่วนตัว,2,ปกติ,16,0
L-27490,2023-01-28,32662.96,0.18,229,57,1,200000.00,อาชีพอิสระ,1,ปกติ,30,0
L-28517,2023-01-28,40344.67,0.359,203,38,5,300000.00,ข้าราชการ,0,ปกติ,20,0
L-29205,2023-01-28,25659.10,0.249,22,28,0,300000.00,ข้าราชการ,1,ปกติ,27,0
L-29748,2023-01-28,20071.31,0.416,102,29,3,200000.00,ธุรกิจส่วนตัว,0,ปกติ,10,0
L-31797,2023-01-28,10737.40,0.202,215,55,1,200000.00,อาชีพอิสระ,1,ปกติ,1,0
L-20737,2023-01-29,9000.00,0.328,14,56,3,150000.00,อาชีพอิสระ,1,ปกติ,2,0
L-21509,2023-01-29,26313.94,0.606,145,43,0,50000.00,ธุรกิจส่วนตัว,0,ปิดบัญชีแล้ว,23,0
L-21777,2023-01-29,9000.00,0.201,26,42,3,300000.00,พนักงานประจำ,2,ปกติ,12,0
L-22140,2023-01-29,33995.73,0.383,6,62,5,500000.00,ข้าราชการ,2,ปกติ,6,0
L-24669,2023-01-29,25462.77,0.592,150,21,0,150000.00,ข้าราชการ,0,ปกติ,0,0
L-25721,2023-01-29,32024.92,0.4,57,29,2,100000.00,พนักงานประจำ,0,ปกติ,11,0
L-25737,2023-01-29,51593.68,0.194,180,50,6,100000.00,อาชีพอิสระ,2,ปิดบัญชีแล้ว,6,0
L-26124,2023-01-29,39090.47,0.471,117,36,6,300000.00,อาชีพอิสระ,2,ปกติ,4,0
L-26183,2023-01-29,70121.32,0.336,169,43,6,50000.00,ข้าราชการ,1,ปกติ,1,0
L-28610,2023-01-29,11243.92,0.474,100,22,4,50000.00,พนักงานประจำ,1,ปกติ,4,0
L-31268,2023-01-29,47443.93,0.392,46,44,4,200000.00,ธุรกิจส่วนตัว,2,ปกติ,21,0
L-31301,2023-01-29,32972.54,0.317,133,23,6,500000.00,อาชีพอิสระ,1,ปกติ,23,0
L-21061,2023-01-30,24000.51,0.491,200,63,0,50000.00,อาชีพอิสระ,0,ปกติ,30,0
L-21236,2023-01-30,32520.44,0.506,146,38,5,100000.00,อาชีพอิสระ,1,ปิดบัญชีแล้ว,6,0
L-21645,2023-01-30,63971.43,0.289,36,59,0,50000.00,ข้าราชการ,1,ปกติ,14,0
L-22988,2023-01-30,19641.46,0.582,92,58,1,300000.00,ข้าราชการ,0,ปกติ,26,0
L-24227,2023-01-30,43889.31,0.208,26,41,1,100000.00,ธุรกิจส่วนตัว,0,ปกติ,8,0
L-25054,2023-01-30,21498.42,0.243,167,62,6,300000.00,ข้าราชการ,0,ปกติ,14,0
L-28674,2023-01-30,32291.11,0.02,122,43,4,100000.00,อาชีพอิสระ,2,ปกติ,22,0
L-29997,2023-01-30,51735.05,0.629,207,48,1,100000.00,อาชีพอิสระ,2,ปกติ,2,0
L-20045,2023-01-31,38570.65,0.21,16,53,6,200000.00,ธุรกิจส่วนตัว,2,ปกติ,20,0
L-20462,2023-01-31,56035.56,0.347,9,23,2,200000.00,พนักงานประจำ,0,ปกติ,19,0
L-20522,2023-01-31,39897.30,0.526,198,34,2,500000.00,พนักงานประจำ,2,ปกติ,19,0
L-21555,2023-01-31,29602.59,0.314,131,45,1,100000.00,ข้าราชการ,1,ปกติ,5,0
L-25128,2023-01-31,36150.09,0.422,36,49,2,500000.00,ธุรกิจส่วนตัว,1,ปิดบัญชีแล้ว,3,0
L-26592,2023-01-31,43226.96,0.626,162,41,2,50000.00,พนักงานประจำ,1,ปิดบัญชีแล้ว,25,0
L-27226,2023-01-31,9000.00,0.255,207,29,5,300000.00,ข้าราชการ,0,ปกติ,18,0
L-27505,2023-01-31,53328.95,0.44,38,29,2,500000.00,ธุรกิจส่วนตัว,1,ปกติ,22,0
L-29246,2023-01-31,39329.37,0.444,71,26,3,300000.00,ธุรกิจส่วนตัว,1,ปกติ,19,0
L-29448,2023-01-31,20617.19,0.744,31,21,4,150000.00,อาชีพอิสระ,0,ปกติ,19,0
L-30307,2023-01-31,12208.54,0.454,23,59,0,200000.00,อาชีพอิสระ,1,ปกติ,19,0
L-31195,2023-01-31,17947.28,0.37,133,25,5,100000.00,พนักงานประจำ,9,ค้างชำระ,96,1
L-31783,2023-01-31,15825.29,0.508,107,53,1,50000.00,ข้าราชการ,1,ปกติ,30,0
L-20187,2023-02-01,9719.06,0.308,97,33,6,100000.00,ธุรกิจส่วนตัว,1,ปกติ,11,0
L-20326,2023-02-01,68712.17,0.159,195,26,5,500000.00,ข้าราชการ,0,ปกติ,17,0
L-20800,2023-02-01,30491.61,0.08,19,47,0,200000.00,พนักงานประจำ,2,ปกติ,4,0
L-21251,2023-02-01,21414.39,0.121,173,57,0,150000.00,พนักงานประจำ,2,ปกติ,22,0
L-22492,2023-02-01,51645.76,0.435,239,53,2,150000.00,พนักงานประจำ,0,ปิดบัญชีแล้ว,2,0
L-22654,2023-02-01,39394.12,0.593,13,40,0,200000.00,ข้าราชการ,0,ปกติ,8,0
L-22706,2023-02-01,15135.69,0.255,46,31,4,200000.00,ข้าราชการ,0,ปกติ,30,0
L-23326,2023-02-01,21298.43,0.271,59,59,4,150000.00,ข้าราชการ,1,ปกติ,1,0
L-23591,2023-02-01,42402.60,0.312,18,38,5,50000.00,อาชีพอิสระ,1,ปกติ,7,0
L-24083,2023-02-01,9000.00,0.602,86,34,5,300000.00,ธุรกิจส่วนตัว,2,ปกติ,15,0
L-25040,2023-02-01,9000.00,0.443,128,54,2,150000.00,อาชีพอิสระ,2,ปกติ,15,0
L-25764,2023-02-01,20783.59,0.413,143,65,0,500000.00,ข้าราชการ,2,ปิดบัญชีแล้ว,25,0
L-27962,2023-02-01,9000.00,0.237,29,53,6,150000.00,อาชีพอิสระ,2,ปกติ,9,0
L-28280,2023-02-01,11869.24,0.517,101,31,5,200000.00,ข้าราชการ,2,ปิดบัญชีแล้ว,19,0
L-30387,2023-02-01,25599.31,0.214,87,53,2,200000.00,พนักงานประจำ,0,ปกติ,20,0
L-31745,2023-02-01,17237.32,0.637,95,57,5,200000.00,อาชีพอิสระ,2,ปกติ,1,0
L-20166,2023-02-02,49966.29,0.101,191,65,4,100000.00,พนักงานประจำ,0,ปกติ,1,0
L-20583,2023-02-02,59073.03,0.463,142,32,0,300000.00,พนักงานประจำ,2,ปกติ,29,0
L-21893,2023-02-02,43775.65,0.392,166,21,6,300000.00,อาชีพอิสระ,0,ปิดบัญชีแล้ว,6,0
L-21945,2023-02-02,36774.26,0.022,212,62,3,200000.00,พนักงานประจำ,1,ปกติ,11,0
L-24717,2023-02-02,44161.68,0.209,151,61,5,200000.00,ธุรกิจส่วนตัว,1,ปกติ,22,0
L-25964,2023-02-02,31104.83,0.494,162,33,1,50000.00,อาชีพอิสระ,1,ปิดบัญชีแล้ว,18,0
L-28672,2023-02-02,18022.33,0.632,60,33,1,150000.00,อาชีพอิสระ,1,ปกติ,23,0
L-29406,2023-02-02,39442.39,0.741,140,55,1,100000.00,อาชีพอิสระ,2,ปกติ,22,0
L-30446,2023-02-02,29717.97,0.02,121,53,3,200000.00,ธุรกิจส่วนตัว,2,ปิดบัญชีแล้ว,28,0
L-30582,2023-02-02,37252.42,0.262,41,23,3,200000.00,อาชีพอิสระ,2,ปิดบัญชีแล้ว,30,0
L-30815,2023-02-02,15873.93,0.104,152,22,4,200000.00,ข้าราชการ,1,ปกติ,7,0
L-31481,2023-02-02,35231.12,0.537,141,64,0,500000.00,ธุรกิจส่วนตัว,1,ปกติ,23,0
L-31912,2023-02-02,34872.18,0.316,132,56,0,150000.00,พนักงานประจำ,1,ปิดบัญชีแล้ว,23,0
L-20175,2023-02-03,19401.16,0.309,150,65,4,50000.00,ข้าราชการ,0,ปิดบัญชีแล้ว,22,0
L-20671,2023-02-03,38889.87,0.303,10,58,5,500000.00,ข้าราชการ,2,ปกติ,13,0
L-20872,2023-02-03,39580.76,0.755,111,36,5,100000.00,ธุรกิจส่วนตัว,1,ปกติ,28,0
L-20894,2023-02-03,14968.95,0.428,140,58,2,500000.00,พนักงานประจำ,0,ปกติ,10,0
L-21169,2023-02-03,45929.42,0.186,152,26,0,200000.00,ธุรกิจส่วนตัว,0,ปกติ,9,0
L-23195,2023-02-03,9000.00,0.264,134,53,2,300000.00,ข้าราชการ,1,ปิดบัญชีแล้ว,30,0
L-23496,2023-02-03,20106.05,0.271,33,65,4,200000.00,พนักงานประจำ,1,ปกติ,20,0
L-24199,2023-02-03,42277.50,0.6,33,23,6,150000.00,ข้าราชการ,0,ปกติ,19,0
L-24718,2023-02-03,49856.61,0.305,199,40,6,150000.00,พนักงานประจำ,1,ปกติ,2,0
L-26229,2023-02-03,18446.67,0.385,166,51,3,50000.00,ธุรกิจส่วนตัว,1,ปกติ,2,0
L-27814,2023-02-03,38467.29,0.587,64,63,3,100000.00,พนักงานประจำ,1,ปกติ,20,0
L-28480,2023-02-03,62282.93,0.43,64,58,1,50000.00,พนักงานประจำ,6,ค้างชำระ,145,1
L-30429,2023-02-03,12198.22,0.47,169,21,3,300000.00,ข้าราชการ,0,ปกติ,12,0
L-31776,2023-02-03,44499.91,0.575,94,52,4,150000.00,ข้าราชการ,1,ปกติ,16,0
L-20140,2023-02-04,30546.99,0.449,43,50,6,200000.00,ธุรกิจส่วนตัว,2,ปกติ,21,0
L-21167,2023-02-04,13024.94,0.151,230,40,6,100000.00,อาชีพอิสระ,1,ปกติ,6,0
L-23886,2023-02-04,40584.51,0.409,135,48,3,50000.00,อาชีพอิสระ,0,ปกติ,8,0
L-25286,2023-02-04,38123.37,0.277,159,62,5,300000.00,อาชีพอิสระ,1,ปกติ,6,0
L-25855,2023-02-04,41080.97,0.564,10,53,3,100000.00,พนักงานประจำ,1,ปกติ,17,0
L-26746,2023-02-04,38638.78,0.585,104,28,4,500000.00,พนักงานประจำ,1,ปกติ,16,0
L-28051,2023-02-04,36194.51,0.627,220,43,4,500000.00,พนักงานประจำ,2,ปกติ,0,0
L-28850,2023-02-04,35341.76,0.82,22,63,3,200000.00,ข้าราชการ,1,ปิดบัญชีแล้ว,10,0
L-30938,2023-02-04,33838.55,0.319,127,50,2,300000.00,ธุรกิจส่วนตัว,0,ปกติ,21,0
L-31038,2023-02-04,33340.04,0.381,26,34,3,300000.00,พนักงานประจำ,1,ปกติ,9,0
L-31076,2023-02-04,23503.46,0.114,86,50,5,200000.00,ข้าราชการ,2,ปิดบัญชีแล้ว,5,0
L-20390,2023-02-05,28216.80,0.388,102,52,2,150000.00,ธุรกิจส่วนตัว,0,ปกติ,8,0
L-21619,2023-02-05,23850.87,0.608,200,42,5,100000.00,ข้าราชการ,2,ปกติ,14,0
L-21932,2023-02-05,62241.72,0.728,235,37,2,200000.00,พนักงานประจำ,1,ปิดบัญชีแล้ว,10,0
L-23892,2023-02-05,29798.01,0.493,29,51,6,500000.00,ธุรกิจส่วนตัว,1,ปกติ,30,0
L-23909,2023-02-05,33296.72,0.478,182,26,2,50000.00,พนักงานประจำ,0,ปิดบัญชีแล้ว,15,0
L-24020,2023-02-05,28054.30,0.143,53,32,5,300000.00,พนักงานประจำ,1,ปกติ,17,0
L-24668,2023-02-05,34027.53,0.398,65,48,6,50000.00,ข้าราชการ,12,ค้างชำระ,66,1
L-25102,2023-02-05,35008.85,0.381,13,37,4,200000.00,อาชีพอิสระ,1,ปิดบัญชีแล้ว,7,0
L-25526,2023-02-05,9000.00,0.128,36,23,0,300000.00,ธุรกิจส่วนตัว,2,ปกติ,28,0
L-25591,2023-02-05,35974.81,0.458,36,42,0,50000.00,พนักงานประจำ,1,ปิดบัญชีแล้ว,11,0
L-26454,2023-02-05,26875.19,0.393,221,63,4,100000.00,พนักงานประจำ,0,ปกติ,30,0
L-27185,2023-02-05,33728.35,0.276,191,28,3,100000.00,ธุรกิจส่วนตัว,0,ปกติ,3,0
L-28108,2023-02-05,58915.22,0.209,6,53,3,50000.00,ข้าราชการ,1,ปกติ,21,0
L-28765,2023-02-05,18518.03,0.404,100,46,5,300000.00,อาชีพอิสระ,0,ปิดบัญชีแล้ว,14,0
L-29006,2023-02-05,37919.92,0.346,137,27,5,50000.00,อาชีพอิสระ,0,ปกติ,24,0
L-31055,2023-02-05,9000.00,0.465,89,25,4,300000.00,อาชีพอิสระ,0,ปกติ,14,0
L-31849,2023-02-05,29881.37,0.281,137,60,6,200000.00,อาชีพอิสระ,1,ปกติ,28,0
L-21350,2023-02-06,18392.08,0.123,225,60,6,500000.00,พนักงานประจำ,1,ปิดบัญชีแล้ว,13,0
L-23433,2023-02-06,31719.52,0.02,115,22,5,100000.00,พนักงานประจำ,2,ปกติ,0,0
L-23989,2023-02-06,33709.69,0.434,25,29,5,200000.00,พนักงานประจำ,14,ค้างชำระ,107,1
L-28492,2023-02-06,33731.96,0.152,31,21,2,300000.00,พนักงานประจำ,0,ปกติ,30,0
L-31160,2023-02-06,15420.44,0.291,51,51,0,100000.00,พนักงานประจำ,1,ปกติ,4,0
L-31535,2023-02-06,30014.44,0.371,168,65,3,300000.00,พนักงานประจำ,1,ปกติ,29,0
L-31792,2023-02-06,36777.92,0.344,151,23,6,300000.00,อาชีพอิสระ,0,ปกติ,28,0
L-20133,2023-02-07,32530.86,0.275,177,50,4,500000.00,ธุรกิจส่วนตัว,2,ปกติ,23,0
L-20673,2023-02-07,9000.00,0.31,35,58,3,100000.00,พนักงานประจำ,2,ปกติ,3,0
L-20676,2023-02-07,38480.26,0.339,11,53,1,50000.00,ข้าราชการ,1,ปกติ,11,0
L-21111,2023-02-07,9000.00,0.328,17,62,3,500000.00,อาชีพอิสระ,0,ปกติ,20,0
L-22844,2023-02-07,21756.19,0.079,18,60,5,200000.00,อาชีพอิสระ,2,ปกติ,8,0
L-23153,2023-02-07,33184.22,0.264,50,43,6,50000.00,อาชีพอิสระ,0,ปกติ,5,0
L-24090,2023-02-07,53021.66,0.604,61,64,3,200000.00,อาชีพอิสระ,1,ปิดบัญชีแล้ว,3,0
L-24596,2023-02-07,50952.14,0.694,69,59,0,50000.00,ข้าราชการ,1,ปกติ,20,0
L-25269,2023-02-07,27303.05,0.462,170,46,6,50000.00,พนักงานประจำ,2,ปกติ,27,0
L-25476,2023-02-07,33203.95,0.262,114,33,0,200000.00,ข้าราชการ,0,ปิดบัญชีแล้ว,19,0
L-26499,2023-02-07,24116.62,0.399,202,37,2,500000.00,ธุรกิจส่วนตัว,1,ปกติ,26,0
L-27163,2023-02-07,23983.12,0.396,116,54,4,50000.00,ธุรกิจส่วนตัว,1,ปกติ,12,0
L-27443,2023-02-07,38027.55,0.162,232,35,5,500000.00,ข้าราชการ,0,ปกติ,26,0
L-28410,2023-02-07,43200.71,0.542,162,47,3,50000.00,ข้าราชการ,0,ปกติ,8,0
L-29019,2023-02-07,21851.64,0.442,39,38,3,500000.00,อาชีพอิสระ,1,ปกติ,9,0
L-29140,2023-02-07,40040.50,0.381,222,43,3,200000.00,อาชีพอิสระ,1,ปิดบัญชีแล้ว,4,0
L-20182,2023-02-08,39842.11,0.396,33,31,6,150000.00,พนักงานประจำ,2,ปกติ,18,0
L-20201,2023-02-08,31059.81,0.345,80,24,0,50000.00,ข้าราชการ,0,ปกติ,17,0
L-21421,2023-02-08,36490.42,0.513,144,58,6,200000.00,ธุรกิจส่วนตัว,6,ค้างชำระ,56,1
L-21801,2023-02-08,25419.51,0.258,12,43,0,200000.00,ธุรกิจส่วนตัว,0,ปกติ,29,0
L-22574,2023-02-08,41295.38,0.65,111,27,0,100000.00,ธุรกิจส่วนตัว,1,ปกติ,18,0
L-22595,2023-02-08,46977.81,0.277,227,23,0,200000.00,ข้าราชการ,0,ปิดบัญชีแล้ว,28,0
L-23387,2023-02-08,34915.20,0.593,162,63,2,500000.00,อาชีพอิสระ,0,ปกติ,25,0
L-25804,2023-02-08,55962.37,0.024,177,47,2,50000.00,ข้าราชการ,2,ปกติ,24,0
L-26147,2023-02-08,32637.93,0.436,231,43,5,100000.00,ข้าราชการ,2,ปกติ,4,0
L-27251,2023-02-08,24530.27,0.322,203,39,4,100000.00,พนักงานประจำ,0,ปกติ,17,0
L-27806,2023-02-08,22168.13,0.276,29,22,0,500000.00,ธุรกิจส่วนตัว,2,ปกติ,21,0
L-30025,2023-02-08,14517.30,0.437,77,65,3,200000.00,ธุรกิจส่วนตัว,2,ปกติ,4,0
L-31883,2023-02-08,34843.39,0.264,227,34,2,150000.00,ข้าราชการ,0,ปกติ,6,0
L-20012,2023-02-09,45718.67,0.481,32,36,5,50000.00,ธุรกิจส่วนตัว,0,ปิดบัญชีแล้ว,28,0
L-20941,2023-02-09,16863.75,0.258,229,39,2,300000.00,พนักงานประจำ,1,ปิดบัญชีแล้ว,21,0
L-20973,2023-02-09,26799.49,0.152,224,51,5,300000.00,อาชีพอิสระ,2,ปกติ,26,0
L-21164,2023-02-09,57731.88,0.391,195,59,2,150000.00,พนักงานประจำ,2,ปกติ,27,0
L-21201,2023-02-09,9000.00,0.219,116,31,6,150000.00,ธุรกิจส่วนตัว,2,ปกติ,30,0
L-25841,2023-02-09,32705.20,0.364,232,26,2,500000.00,ธุรกิจส่วนตัว,2,ปิดบัญชีแล้ว,21,0
L-26455,2023-02-09,31579.78,0.379,45,59,2,500000.00,อาชีพอิสระ,1,ปิดบัญชีแล้ว,9,0
L-27021,2023-02-09,33548.89,0.596,44,46,3,200000.00,พนักงานประจำ,1,ปกติ,14,0
L-29296,2023-02-09,41957.31,0.308,216,21,1,500000.00,พนักงานประจำ,0,ปกติ,7,0
L-29535,2023-02-09,46329.66,0.284,41,32,6,300000.00,ธุรกิจส่วนตัว,1,ปกติ,22,0
L-31557,2023-02-09,9000.00,0.266,130,21,5,500000.00,อาชีพอิสระ,2,ปกติ,19,0
L-20410,2023-02-10,14905.92,0.476,49,21,6,300000.00,ข้าราชการ,1,ปกติ,12,0
L-20598,2023-02-10,21617.76,0.25,166,46,4,100000.00,อาชีพอิสระ,1,ปกติ,19,0
L-21220,2023-02-10,50602.38,0.342,172,47,6,200000.00,ธุรกิจส่วนตัว,1,ปกติ,16,0
L-21370,2023-02-10,45136.34,0.223,0,31,5,150000.00,ข้าราชการ,1,ปกติ,12,0
L-21465,2023-02-10,43332.38,0.235,135,65,3,50000.00,ธุรกิจส่วนตัว,0,ปกติ,24,0
L-23324,2023-02-10,60738.78,0.429,111,28,4,300000.00,ธุรกิจส่วนตัว,0,ปกติ,24,0
L-24359,2023-02-10,19243.08,0.37,108,58,1,300000.00,อาชีพอิสระ,0,ปกติ,11,0
L-26040,2023-02-10,29100.37,0.46,107,36,5,200000.00,ธุรกิจส่วนตัว,2,ปกติ,2,0
L-28448,2023-02-10,30745.54,0.427,160,51,2,500000.00,พนักงานประจำ,2,ปกติ,18,0
L-30340,2023-02-10,57570.12,0.357,63,39,6,100000.00,พนักงานประจำ,1,ปกติ,15,0
L-31456,2023-02-10,38576.12,0.862,208,51,0,300000.00,ข้าราชการ,9,ค้างชำระ,180,1
L-31736,2023-02-10,9000.00,0.421,56,35,5,300000.00,ข้าราชการ,2,ปกติ,15,0
L-21314,2023-02-11,36042.03,0.462,123,37,3,150000.00,ธุรกิจส่วนตัว,2,ปิดบัญชีแล้ว,14,0
L-21652,2023-02-11,44763.82,0.387,144,23,1,100000.00,ธุรกิจส่วนตัว,1,ปิดบัญชีแล้ว,20,0
L-22454,2023-02-11,40047.75,0.795,84,39,4,50000.00,อาชีพอิสระ,0,ปกติ,15,0
L-23549,2023-02-11,21870.33,0.281,39,39,6,200000.00,ธุรกิจส่วนตัว,2,ปกติ,22,0
L-23946,2023-02-11,34327.38,0.327,109,57,5,200000.00,อาชีพอิสระ,1,ปกติ,24,0
L-24145,2023-02-11,56093.05,0.355,1,26,3,500000.00,พนักงานประจำ,1,ปกติ,21,0
L-24583,2023-02-11,47526.59,0.355,207,43,5,150000.00,พนักงานประจำ,0,ปิดบัญชีแล้ว,8,0
L-25582,2023-02-11,45139.18,0.521,219,52,4,50000.00,อาชีพอิสระ,0,ปกติ,23,0
L-25976,2023-02-11,45160.63,0.634,196,55,1,100000.00,ข้าราชการ,0,ปกติ,22,0
L-25996,2023-02-11,26651.83,0.287,156,34,1,200000.00,ข้าราชการ,2,ปกติ,8,0
L-26094,2023-02-11,32312.20,0.245,129,65,3,500000.00,ข้าราชการ,2,ปกติ,10,0
L-26852,2023-02-11,29139.62,0.343,4,26,5,200000.00,พนักงานประจำ,0,ปิดบัญชีแล้ว,14,0
L-27606,2023-02-11,30125.17,0.278,134,23,1,500000.00,ธุรกิจส่วนตัว,0,ปกติ,30,0
L-28968,2023-02-11,41259.30,0.271,140,48,3,300000.00,อาชีพอิสระ,1,ปกติ,28,0
L-20663,2023-02-12,52714.54,0.115,60,21,6,50000.00,พนักงานประจำ,0,ปิดบัญชีแล้ว,19,0
L-21216,2023-02-12,26747.00,0.542,220,23,2,50000.00,ข้าราชการ,0,ปกติ,3,0
L-22425,2023-02-12,23351.15,0.287,240,63,1,500000.00,พนักงานประจำ,1,ปกติ,14,0
L-22697,2023-02-12,44789.22,0.447,169,41,6,500000.00,ข้าราชการ,1,ปกติ,7,0
L-23246,2023-02-12,34341.81,0.466,129,40,2,200000.00,ข้าราชการ,2,ปกติ,27,0
L-24783,2023-02-12,21208.95,0.172,6,59,3,300000.00,อาชีพอิสระ,0,ปกติ,29,0
L-26754,2023-02-12,40172.33,0.075,141,51,3,500000.00,ข้าราชการ,1,ปิดบัญชีแล้ว,4,0
L-28932,2023-02-12,65633.68,0.572,79,25,5,300000.00,ธุรกิจส่วนตัว,1,ปกติ,21,0
L-29546,2023-02-12,42234.06,0.316,216,50,3,200000.00,พนักงานประจำ,0,ปกติ,7,0
L-20155,2023-02-13,45822.22,0.344,215,29,2,150000.00,ธุรกิจส่วนตัว,2,ปิดบัญชีแล้ว,1,0
L-21198,2023-02-13,42208.03,0.352,199,57,0,150000.00,ข้าราชการ,1,ปกติ,18,0
L-22491,2023-02-13,33687.58,0.265,81,62,1,150000.00,อาชีพอิสระ,2,ปกติ,18,0
L-22758,2023-02-13,22057.94,0.445,192,43,5,200000.00,พนักงานประจำ,1,ปกติ,0,0
L-23456,2023-02-13,29380.13,0.258,197,32,3,300000.00,อาชีพอิสระ,2,ปิดบัญชีแล้ว,12,0
L-24377,2023-02-13,38453.18,0.718,79,61,5,200000.00,พนักงานประจำ,1,ปกติ,12,0
L-24769,2023-02-13,38630.69,0.289,87,65,6,300000.00,พนักงานประจำ,7,ค้างชำระ,112,1
L-26286,2023-02-13,30679.49,0.624,65,23,1,500000.00,ข้าราชการ,1,ปิดบัญชีแล้ว,14,0
L-26399,2023-02-13,50730.82,0.503,206,56,0,50000.00,พนักงานประจำ,2,ปกติ,19,0
L-26714,2023-02-13,14179.28,0.629,185,61,6,500000.00,อาชีพอิสระ,1,ปกติ,15,0
L-26758,2023-02-13,45017.53,0.497,117,30,0,200000.00,ข้าราชการ,2,ปกติ,29,0
L-20188,2023-02-14,20928.54,0.306,237,46,6,500000.00,ข้าราชการ,1,ปิดบัญชีแล้ว,18,0
L-20501,2023-02-14,49195.39,0.411,198,50,5,300000.00,พนักงานประจำ,1,ปกติ,16,0
L-22287,2023-02-14,53519.34,0.202,91,45,1,300000.00,พนักงานประจำ,2,ปกติ,8,0
L-22647,2023-02-14,31071.74,0.344,19,53,6,100000.00,อาชีพอิสระ,0,ปกติ,23,0
L-23421,2023-02-14,30968.92,0.162,19,44,5,200000.00,ข้าราชการ,0,ปกติ,4,0
L-27014,2023-02-14,49236.85,0.109,237,42,1,300000.00,ข้าราชการ,1,ปกติ,9,0
L-27519,2023-02-14,37141.47,0.317,118,48,2,100000.00,ธุรกิจส่วนตัว,0,ปิดบัญชีแล้ว,2,0
L-27614,2023-02-14,30335.37,0.346,136,26,3,300000.00,ข้าราชการ,1,ปกติ,21,0
L-29357,2023-02-14,46525.86,0.385,201,65,6,500000.00,ข้าราชการ,2,ปกติ,4,0
L-29982,2023-02-14,41041.09,0.427,178,23,5,50000.00,ธุรกิจส่วนตัว,2,ปกติ,5,0
L-30569,2023-02-14,17134.68,0.174,99,35,2,300000.00,อาชีพอิสระ,0,ปกติ,25,0
L-21382,2023-02-15,47782.65,0.409,36,51,1,150000.00,ข้าราชการ,0,ปกติ,24,0
L-22707,2023-02-15,35661.05,0.264,66,27,2,500000.00,อาชีพอิสระ,1,ปกติ,29,0
L-23143,2023-02-15,24761.99,0.482,1,40,4,100000.00,อาชีพอิสระ,11,ค้างชำระ,151,1
L-24201,2023-02-15,20467.61,0.244,217,41,4,300000.00,ข้าราชการ,0,ปกติ,27,0
L-24464,2023-02-15,36498.05,0.535,114,58,3,50000.00,พนักงานประจำ,2,ปกติ,17,0
L-25563,2023-02-15,27945.69,0.563,31,30,4,100000.00,พนักงานประจำ,1,ปกติ,30,0
L-25871,2023-02-15,42213.21,0.242,194,25,0,500000.00,ธุรกิจส่วนตัว,1,ปิดบัญชีแล้ว,27,0
L-26421,2023-02-15,36473.71,0.053,175,49,3,100000.00,ข้าราชการ,1,ปิดบัญชีแล้ว,9,0
L-29918,2023-02-15,29724.41,0.303,240,62,5,100000.00,ข้าราชการ,1,ปกติ,18,0
L-30135,2023-02-15,33689.64,0.365,169,36,3,500000.00,ข้าราชการ,0,ปกติ,17,0
L-30461,2023-02-15,43873.20,0.359,52,34,4,150000.00,ข้าราชการ,0,ปกติ,28,0
L-30918,2023-02-15,50245.66,0.276,108,52,1,200000.00,ข้าราชการ,2,ปกติ,9,0
L-31767,2023-02-15,47630.90,0.555,97,31,4,300000.00,ธุรกิจส่วนตัว,2,ปกติ,3,0
L-22106,2023-02-16,22644.61,0.61,54,50,5,50000.00,อาชีพอิสระ,1,ปกติ,29,0
L-22347,2023-02-16,51470.79,0.426,219,63,4,150000.00,อาชีพอิสระ,1,ปิดบัญชีแล้ว,24,0
L-22910,2023-02-16,38591.26,0.655,139,42,6,50000.00,ธุรกิจส่วนตัว,0,ปกติ,9,0
L-24396,2023-02-16,39446.17,0.499,31,59,5,200000.00,ข้าราชการ,2,ปกติ,17,0
L-25077,2023-02-16,32677.16,0.044,158,58,2,100000.00,พนักงานประจำ,1,ปกติ,15,0
L-25605,2023-02-16,45613.65,0.256,32,37,2,300000.00,ธุรกิจส่วนตัว,1,ปกติ,23,0
L-26283,2023-02-16,34037.83,0.407,29,58,0,100000.00,อาชีพอิสระ,0,ปกติ,18,0
L-26602,2023-02-16,18966.60,0.24,25,61,1,300000.00,ธุรกิจส่วนตัว,0,ปิดบัญชีแล้ว,12,0
L-26799,2023-02-16,50785.61,0.515,179,47,2,150000.00,พนักงานประจำ,1,ปกติ,8,0
L-28079,2023-02-16,20112.56,0.335,61,43,4,100000.00,อาชีพอิสระ,0,ปิดบัญชีแล้ว,10,0
L-29811,2023-02-16,19994.07,0.844,85,35,6,100000.00,พนักงานประจำ,2,ปิดบัญชีแล้ว,5,0
L-21721,2023-02-17,38067.71,0.432,66,44,2,100000.00,ธุรกิจส่วนตัว,1,ปกติ,6,0
L-22463,2023-02-17,34470.44,0.761,131,60,4,50000.00,ธุรกิจส่วนตัว,0,ปกติ,15,0
L-23061,2023-02-17,27584.63,0.145,222,57,5,200000.00,พนักงานประจำ,1,ปกติ,4,0
L-24849,2023-02-17,33602.44,0.443,133,62,5,300000.00,ข้าราชการ,0,ปกติ,11,0
L-25685,2023-02-17,58759.63,0.373,220,53,0,100000.00,ข้าราชการ,0,ปิดบัญชีแล้ว,19,0
L-27684,2023-02-17,28639.72,0.335,148,56,1,200000.00,ธุรกิจส่วนตัว,0,ปกติ,15,0
L-27893,2023-02-17,44168.46,0.555,159,24,1,100000.00,ข้าราชการ,5,ค้างชำระ,174,1
L-28724,2023-02-17,27606.25,0.313,167,38,0,50000.00,พนักงานประจำ,0,ปกติ,12,0
L-20745,2023-02-18,38080.82,0.42,155,63,0,100000.00,พนักงานประจำ,0,ปิดบัญชีแล้ว,9,0
L-20831,2023-02-18,35441.58,0.569,82,33,6,300000.00,พนักงานประจำ,0,ปกติ,17,0
L-21644,2023-02-18,32976.36,0.73,170,35,6,150000.00,ธุรกิจส่วนตัว,3,ค้างชำระ,49,1
L-21836,2023-02-18,31083.16,0.608,68,65,6,200000.00,ธุรกิจส่วนตัว,1,ปกติ,24,0
L-22842,2023-02-18,37934.90,0.261,236,57,3,50000.00,พนักงานประจำ,2,ปกติ,2,0
L-23540,2023-02-18,29784.22,0.432,189,29,0,500000.00,พนักงานประจำ,2,ปกติ,5,0
L-23899,2023-02-18,27027.06,0.558,106,56,3,200000.00,ข้าราชการ,0,ปกติ,16,0
L-25507,2023-02-18,30555.68,0.118,70,36,3,150000.00,ธุรกิจส่วนตัว,0,ปกติ,21,0
L-25862,2023-02-18,30766.72,0.656,71,60,4,100000.00,ข้าราชการ,0,ปิดบัญชีแล้ว,19,0
L-25931,2023-02-18,18925.48,0.237,73,41,5,50000.00,อาชีพอิสระ,0,ปกติ,25,0
L-26063,2023-02-18,51857.07,0.499,199,53,3,100000.00,ธุรกิจส่วนตัว,2,ปิดบัญชีแล้ว,18,0
L-29895,2023-02-18,32350.50,0.111,231,55,4,500000.00,พนักงานประจำ,2,ปกติ,16,0
L-30027,2023-02-18,60352.65,0.277,9,57,3,150000.00,อาชีพอิสระ,0,ปกติ,9,0
L-30234,2023-02-18,29796.20,0.188,9,47,0,150000.00,ธุรกิจส่วนตัว,0,ปกติ,24,0
L-31020,2023-02-18,41700.64,0.557,33,50,6,50000.00,พนักงานประจำ,2,ปกติ,4,0
L-31056,2023-02-18,37382.63,0.142,59,41,3,150000.00,ธุรกิจส่วนตัว,2,ปกติ,4,0
L-31252,2023-02-18,35357.69,0.597,34,28,0,500000.00,อาชีพอิสระ,0,ปกติ,7,0
L-20674,2023-02-19,52737.39,0.405,236,27,4,50000.00,ข้าราชการ,1,ปกติ,13,0
L-23669,2023-02-19,43319.35,0.084,120,52,4,50000.00,พนักงานประจำ,2,ปกติ,8,0
L-24780,2023-02-19,23348.41,0.02,232,24,1,150000.00,ธุรกิจส่วนตัว,2,ปกติ,16,0
L-26037,2023-02-19,15289.26,0.22,204,37,2,300000.00,ข้าราชการ,1,ปิดบัญชีแล้ว,27,0
L-27308,2023-02-19,25146.37,0.446,192,56,6,150000.00,พนักงานประจำ,2,ปิดบัญชีแล้ว,17,0
L-28946,2023-02-19,39162.65,0.169,180,37,1,150000.00,พนักงานประจำ,0,ปกติ,25,0
L-30707,2023-02-19,58824.18,0.271,203,31,0,100000.00,ข้าราชการ,1,ปกติ,16,0
L-31789,2023-02-19,24334.40,0.741,125,50,3,200000.00,ข้าราชการ,1,ปกติ,4,0
L-21886,2023-02-20,69446.75,0.283,78,23,5,100000.00,ข้าราชการ,0,ปกติ,7,0
L-22005,2023-02-20,9000.00,0.28,25,45,3,300000.00,พนักงานประจำ,0,ปกติ,8,0
L-22731,2023-02-20,22872.33,0.373,4,53,1,50000.00,ข้าราชการ,0,ปิดบัญชีแล้ว,23,0
L-22812,2023-02-20,49839.25,0.324,137,44,3,300000.00,อาชีพอิสระ,2,ปกติ,14,0
L-23732,2023-02-20,27029.44,0.344,132,38,2,150000.00,อาชีพอิสระ,2,ปิดบัญชีแล้ว,29,0
L-24974,2023-02-20,49769.05,0.29,186,31,2,150000.00,ข้าราชการ,2,ปกติ,17,0
L-25509,2023-02-20,43519.01,0.374,47,61,3,500000.00,ข้าราชการ,1,ปกติ,1,0
L-25754,2023-02-20,46972.92,0.306,127,63,0,500000.00,ธุรกิจส่วนตัว,2,ปิดบัญชีแล้ว,27,0
L-29029,2023-02-20,39770.49,0.071,30,47,1,500000.00,ธุรกิจส่วนตัว,2,ปกติ,13,0
L-30753,2023-02-20,58198.58,0.257,160,53,1,500000.00,อาชีพอิสระ,1,ปิดบัญชีแล้ว,9,0
L-31361,2023-02-20,15620.73,0.494,221,26,3,150000.00,ธุรกิจส่วนตัว,1,ปิดบัญชีแล้ว,22,0
L-31644,2023-02-20,46903.59,0.255,143,62,4,150000.00,อาชีพอิสระ,0,ปกติ,3,0
L-20581,2023-02-21,33558.46,0.371,117,22,5,150000.00,พนักงานประจำ,0,ปกติ,10,0
L-21344,2023-02-21,31649.30,0.02,24,62,0,500000.00,ธุรกิจส่วนตัว,1,ปิดบัญชีแล้ว,20,0
L-23134,2023-02-21,29486.24,0.631,236,49,6,200000.00,อาชีพอิสระ,1,ปกติ,11,0
L-25442,2023-02-21,46727.73,0.722,23,62,4,300000.00,อาชีพอิสระ,2,ปกติ,24,0
L-26357,2023-02-21,33226.90,0.344,194,21,3,100000.00,อาชีพอิสระ,1,ปกติ,15,0
L-26480,2023-02-21,33129.68,0.592,52,21,1,100000.00,ข้าราชการ,2,ปกติ,19,0
L-27472,2023-02-21,36538.30,0.384,8,61,5,150000.00,พนักงานประจำ,1,ปกติ,27,0
L-29590,2023-02-21,36902.88,0.67,3,65,2,50000.00,พนักงานประจำ,1,ปกติ,29,0
L-30587,2023-02-21,10991.23,0.099,153,54,6,100000.00,พนักงานประจำ,1,ปกติ,29,0
L-31269,2023-02-21,50586.72,0.251,228,59,2,50000.00,อาชีพอิสระ,0,ปกติ,24,0
L-31869,2023-02-21,26284.43,0.236,143,41,3,200000.00,อาชีพอิสระ,2,ปกติ,29,0
L-31936,2023-02-21,45571.18,0.31,239,49,6,500000.00,ธุรกิจส่วนตัว,1,ปกติ,15,0
L-20771,2023-02-22,44631.45,0.02,184,30,0,150000.00,ธุรกิจส่วนตัว,1,ปกติ,13,0
L-21215,2023-02-22,11889.80,0.434,147,40,5,200000.00,พนักงานประจำ,2,ปกติ,19,0
L-21660,2023-02-22,25538.36,0.4,3,45,1,500000.00,อาชีพอิสระ,2,ปิดบัญชีแล้ว,12,0
L-23023,2023-02-22,41815.21,0.376,16,61,5,100000.00,ธุรกิจส่วนตัว,0,ปกติ,15,0
L-24213,2023-02-22,37792.52,0.44,44,44,5,100000.00,พนักงานประจำ,0,ปกติ,5,0
L-26327,2023-02-22,56662.17,0.075,103,35,1,300000.00,อาชีพอิสระ,2,ปิดบัญชีแล้ว,5,0
L-26632,2023-02-22,58439.90,0.078,104,65,2,50000.00,ข้าราชการ,1,ปกติ,20,0
L-26857,2023-02-22,31349.53,0.691,83,37,3,150000.00,พนักงานประจำ,2,ปกติ,15,0
L-27118,2023-02-22,32269.99,0.178,197,31,2,200000.00,ข้าราชการ,1,ปิดบัญชีแล้ว,20,0
L-29045,2023-02-22,43514.91,0.524,27,27,6,300000.00,พนักงานประจำ,12,ค้างชำระ,90,1
L-29355,2023-02-22,28043.11,0.345,56,32,3,300000.00,พนักงานประจำ,2,ปกติ,0,0
L-29762,2023-02-22,17816.18,0.335,187,52,3,150000.00,ธุรกิจส่วนตัว,0,ปกติ,26,0
L-30737,2023-02-22,13375.77,0.419,8,31,0,200000.00,พนักงานประจำ,5,ค้างชำระ,143,1
L-31596,2023-02-22,34690.32,0.396,127,32,0,300000.00,พนักงานประจำ,2,ปกติ,8,0
L-20755,2023-02-23,15147.95,0.83,14,59,4,100000.00,พนักงานประจำ,0,ปิดบัญชีแล้ว,9,0
L-21408,2023-02-23,38734.87,0.363,109,21,6,300000.00,อาชีพอิสระ,2,ปิดบัญชีแล้ว,12,0
L-21639,2023-02-23,56511.66,0.142,238,48,1,150000.00,ธุรกิจส่วนตัว,1,ปกติ,12,0
L-24413,2023-02-23,24880.25,0.336,16,44,2,300000.00,อาชีพอิสระ,6,ค้างชำระ,98,1
L-25222,2023-02-23,48079.07,0.463,126,51,6,500000.00,ธุรกิจส่วนตัว,0,ปกติ,18,0
L-27072,2023-02-23,33573.50,0.335,156,53,2,150000.00,ข้าราชการ,0,ปกติ,28,0
L-27905,2023-02-23,17461.18,0.328,86,46,5,300000.00,อาชีพอิสระ,1,ปิดบัญชีแล้ว,23,0
L-28792,2023-02-23,12297.19,0.425,143,49,3,300000.00,ข้าราชการ,2,ปิดบัญชีแล้ว,11,0
L-29118,2023-02-23,32957.67,0.535,22,42,4,150000.00,พนักงานประจำ,1,ปกติ,20,0
L-31620,2023-02-23,28237.06,0.497,72,62,6,150000.00,ธุรกิจส่วนตัว,1,ปิดบัญชีแล้ว,3,0
L-31631,2023-02-23,56245.26,0.702,113,31,0,500000.00,พนักงานประจำ,0,ปกติ,23,0
L-23218,2023-02-24,38947.67,0.349,196,21,5,100000.00,ธุรกิจส่วนตัว,0,ปกติ,5,0
L-24071,2023-02-24,31621.02,0.413,25,47,2,200000.00,ข้าราชการ,2,ปกติ,15,0
L-24950,2023-02-24,22399.08,0.354,7,40,2,50000.00,พนักงานประจำ,1,ปกติ,10,0
L-25585,2023-02-24,34051.79,0.282,114,31,3,50000.00,ธุรกิจส่วนตัว,1,ปิดบัญชีแล้ว,19,0
L-25691,2023-02-24,32337.88,0.613,55,52,3,100000.00,พนักงานประจำ,1,ปิดบัญชีแล้ว,2,0
L-26969,2023-02-24,30026.37,0.478,44,30,0,500000.00,พนักงานประจำ,2,ปกติ,20,0
L-31502,2023-02-24,39042.54,0.68,23,39,3,500000.00,อาชีพอิสระ,1,ปกติ,26,0
L-20550,2023-02-25,32324.18,0.29,166,21,2,100000.00,ธุรกิจส่วนตัว,1,ปกติ,3,0
L-21873,2023-02-25,40760.04,0.533,213,37,4,50000.00,อาชีพอิสระ,1,ปิดบัญชีแล้ว,17,0
L-22060,2023-02-25,51517.46,0.428,228,61,6,50000.00,อาชีพอิสระ,2,ปิดบัญชีแล้ว,16,0
L-22273,2023-02-25,45831.74,0.279,54,23,1,150000.00,ธุรกิจส่วนตัว,2,ปกติ,4,0
L-23044,2023-02-25,14089.12,0.623,179,59,0,300000.00,อาชีพอิสระ,0,ปกติ,4,0
L-23741,2023-02-25,54429.04,0.064,85,42,3,200000.00,ธุรกิจส่วนตัว,0,ปกติ,7,0
L-24081,2023-02-25,9000.00,0.203,175,51,5,200000.00,พนักงานประจำ,0,ปกติ,20,0
L-24787,2023-02-25,17074.19,0.176,162,62,4,200000.00,ธุรกิจส่วนตัว,2,ปกติ,17,0
L-24853,2023-02-25,47490.29,0.386,160,47,2,100000.00,ข้าราชการ,0,ปกติ,18,0
L-24877,2023-02-25,9000.00,0.313,134,22,2,500000.00,ธุรกิจส่วนตัว,0,ปกติ,8,0
L-25529,2023-02-25,52480.44,0.386,174,50,3,100000.00,ข้าราชการ,2,ปิดบัญชีแล้ว,14,0
L-25559,2023-02-25,17677.55,0.228,64,26,3,50000.00,ธุรกิจส่วนตัว,2,ปกติ,5,0
L-28140,2023-02-25,18572.52,0.615,0,34,2,200000.00,ข้าราชการ,12,ค้างชำระ,101,1
L-28753,2023-02-25,20645.49,0.25,119,37,0,200000.00,พนักงานประจำ,0,ปกติ,8,0
L-31377,2023-02-25,36939.99,0.293,6,30,2,200000.00,อาชีพอิสระ,1,ปกติ,22,0
L-31503,2023-02-25,20703.34,0.464,115,55,6,50000.00,อาชีพอิสระ,2,ปิดบัญชีแล้ว,26,0
L-31774,2023-02-25,48731.00,0.02,151,45,3,300000.00,อาชีพอิสระ,1,ปกติ,12,0
L-31881,2023-02-25,18586.92,0.02,21,57,5,200000.00,อาชีพอิสระ,0,ปิดบัญชีแล้ว,1,0
L-20759,2023-02-26,67596.18,0.458,24,51,6,100000.00,ข้าราชการ,1,ปกติ,24,0
L-22128,2023-02-26,51114.43,0.355,95,32,2,100000.00,อาชีพอิสระ,2,ปกติ,14,0
L-23996,2023-02-26,22327.86,0.175,152,55,3,150000.00,ข้าราชการ,0,ปิดบัญชีแล้ว,19,0
L-24391,2023-02-26,23528.93,0.352,193,49,0,300000.00,ธุรกิจส่วนตัว,1,ปกติ,16,0
L-25394,2023-02-26,16084.25,0.474,62,23,0,500000.00,ธุรกิจส่วนตัว,2,ปกติ,10,0
L-27655,2023-02-26,21454.61,0.386,158,53,5,100000.00,พนักงานประจำ,0,ปกติ,2,0
L-28845,2023-02-26,28976.79,0.02,145,24,6,50000.00,ธุรกิจส่วนตัว,0,ปิดบัญชีแล้ว,28,0
L-30227,2023-02-26,51086.70,0.442,91,65,3,200000.00,ข้าราชการ,0,ปกติ,18,0
L-20537,2023-02-27,44587.96,0.43,41,62,3,150000.00,ธุรกิจส่วนตัว,2,ปกติ,7,0
L-22628,2023-02-27,48244.44,0.207,169,43,5,200000.00,พนักงานประจำ,2,ปกติ,24,0
L-22850,2023-02-27,44225.06,0.493,182,58,0,100000.00,พนักงานประจำ,2,ปกติ,26,0
L-23641,2023-02-27,56906.67,0.165,42,64,5,200000.00,อาชีพอิสระ,2,ปิดบัญชีแล้ว,24,0
L-24879,2023-02-27,58986.82,0.12,227,52,4,500000.00,พนักงานประจำ,2,ปิดบัญชีแล้ว,28,0
L-24891,2023-02-27,49597.32,0.546,4,54,2,150000.00,ข้าราชการ,0,ปกติ,3,0
L-26087,2023-02-27,18883.81,0.158,17,43,0,300000.00,ธุรกิจส่วนตัว,1,ปกติ,27,0
L-26311,2023-02-27,35005.28,0.362,116,40,6,50000.00,อาชีพอิสระ,0,ปกติ,27,0
L-26412,2023-02-27,42592.73,0.36,239,26,3,200000.00,พนักงานประจำ,1,ปกติ,15,0
L-26548,2023-02-27,45271.67,0.245,133,44,3,100000.00,ข้าราชการ,2,ปกติ,5,0
L-26936,2023-02-27,55413.96,0.304,169,39,4,50000.00,ธุรกิจส่วนตัว,0,ปกติ,2,0
L-27149,2023-02-27,56091.48,0.303,9,65,6,50000.00,พนักงานประจำ,2,ปกติ,5,0
L-29491,2023-02-27,19459.00,0.206,135,37,4,500000.00,ธุรกิจส่วนตัว,0,ปิดบัญชีแล้ว,4,0
L-29510,2023-02-27,37903.65,0.064,204,34,0,50000.00,ข้าราชการ,2,ปกติ,13,0
L-30716,2023-02-27,9000.00,0.332,151,32,0,100000.00,อาชีพอิสระ,1,ปกติ,4,0
L-20228,2023-02-28,13822.86,0.503,35,21,3,50000.00,พนักงานประจำ,8,ค้างชำระ,152,1
L-21268,2023-02-28,28585.42,0.584,18,49,4,500000.00,ข้าราชการ,3,ค้างชำระ,99,1
L-21740,2023-02-28,30105.60,0.17,37,56,2,150000.00,อาชีพอิสระ,2,ปกติ,27,0
L-23180,2023-02-28,38167.34,0.228,111,47,4,100000.00,อาชีพอิสระ,2,ปกติ,30,0
L-24650,2023-02-28,35228.73,0.639,240,60,3,150000.00,อาชีพอิสระ,1,ปกติ,28,0
L-25853,2023-02-28,11547.46,0.244,216,31,4,150000.00,อาชีพอิสระ,14,ค้างชำระ,110,1
L-26465,2023-02-28,29559.76,0.151,15,28,5,100000.00,ข้าราชการ,9,ค้างชำระ,129,1
L-26888,2023-02-28,47885.79,0.826,35,30,6,200000.00,ข้าราชการ,2,ปกติ,2,0
L-28082,2023-02-28,23632.16,0.138,34,22,1,150000.00,ข้าราชการ,1,ปกติ,19,0
L-28436,2023-02-28,10506.74,0.608,44,48,0,500000.00,ธุรกิจส่วนตัว,0,ปกติ,18,0
L-28520,2023-02-28,21420.42,0.098,236,45,5,500000.00,ธุรกิจส่วนตัว,1,ปิดบัญชีแล้ว,28,0
L-28626,2023-02-28,31108.24,0.498,186,50,6,150000.00,อาชีพอิสระ,2,ปิดบัญชีแล้ว,0,0
L-30841,2023-02-28,10161.62,0.108,62,26,2,50000.00,พนักงานประจำ,0,ปกติ,2,0
L-31404,2023-02-28,9000.00,0.439,135,51,4,100000.00,พนักงานประจำ,2,ปกติ,3,0
L-20115,2023-03-01,34900.29,0.203,13,48,5,150000.00,ข้าราชการ,2,ปกติ,10,0
L-21192,2023-03-01,33427.57,0.745,17,37,1,150000.00,ธุรกิจส่วนตัว,1,ปกติ,9,0
L-21547,2023-03-01,71868.27,0.561,219,44,3,500000.00,อาชีพอิสระ,2,ปกติ,13,0
L-22771,2023-03-01,41442.11,0.578,51,33,6,50000.00,ข้าราชการ,2,ปกติ,2,0
L-22932,2023-03-01,21313.22,0.623,189,64,3,300000.00,อาชีพอิสระ,1,ปิดบัญชีแล้ว,6,0
L-23944,2023-03-01,33119.54,0.72,208,59,5,100000.00,ธุรกิจส่วนตัว,0,ปกติ,28,0
L-24681,2023-03-01,9000.00,0.37,34,58,5,300000.00,ธุรกิจส่วนตัว,7,ค้างชำระ,176,1
L-25552,2023-03-01,69964.24,0.391,185,37,3,100000.00,ข้าราชการ,0,ปกติ,13,0
L-27267,2023-03-01,19560.91,0.306,29,50,3,50000.00,อาชีพอิสระ,0,ปิดบัญชีแล้ว,9,0
L-28126,2023-03-01,28660.27,0.291,134,57,3,50000.00,ธุรกิจส่วนตัว,1,ปกติ,8,0
L-28942,2023-03-01,48879.57,0.574,133,41,6,150000.00,พนักงานประจำ,12,ค้างชำระ,168,1
L-29421,2023-03-01,36120.94,0.367,50,35,5,500000.00,ข้าราชการ,2,ปกติ,0,0
L-30774,2023-03-01,33921.28,0.333,152,49,4,200000.00,อาชีพอิสระ,0,ปกติ,11,0
L-31152,2023-03-01,26997.10,0.303,158,34,3,500000.00,พนักงานประจำ,1,ปกติ,28,0
L-31253,2023-03-01,38688.57,0.291,47,30,1,300000.00,อาชีพอิสระ,2,ปกติ,6,0
L-31952,2023-03-01,21649.13,0.378,152,41,6,200000.00,ข้าราชการ,0,ปกติ,26,0
L-24006,2023-03-02,25994.75,0.245,154,51,2,300000.00,พนักงานประจำ,2,ปิดบัญชีแล้ว,22,0
L-24770,2023-03-02,9000.00,0.311,14,55,3,500000.00,พนักงานประจำ,1,ปกติ,9,0
L-25123,2023-03-02,28137.14,0.587,140,57,3,200000.00,ธุรกิจส่วนตัว,1,ปิดบัญชีแล้ว,5,0
L-26564,2023-03-02,50477.50,0.266,172,49,6,500000.00,ธุรกิจส่วนตัว,1,ปิดบัญชีแล้ว,4,0
L-27974,2023-03-02,44570.87,0.669,34,55,3,50000.00,ข้าราชการ,0,ปกติ,11,0
L-28907,2023-03-02,42656.84,0.439,162,33,5,50000.00,พนักงานประจำ,1,ปกติ,0,0
L-29363,2023-03-02,17841.45,0.305,102,49,4,50000.00,อาชีพอิสระ,0,ปกติ,22,0
L-29581,2023-03-02,32547.80,0.373,192,50,5,500000.00,อาชีพอิสระ,1,ปกติ,3,0
L-29647,2023-03-02,29605.51,0.182,130,48,0,500000.00,ข้าราชการ,1,ปกติ,25,0
L-31958,2023-03-02,53611.90,0.477,37,39,3,50000.00,พนักงานประจำ,1,ปิดบัญชีแล้ว,4,0
L-20815,2023-03-03,57640.01,0.272,61,21,6,50000.00,พนักงานประจำ,14,ค้างชำระ,55,1
L-21824,2023-03-03,34940.35,0.335,192,56,6,500000.00,ธุรกิจส่วนตัว,0,ปกติ,8,0
L-22291,2023-03-03,31974.88,0.343,173,65,1,100000.00,พนักงานประจำ,2,ปกติ,4,0
L-23665,2023-03-03,50802.68,0.214,48,23,1,100000.00,อาชีพอิสระ,0,ปกติ,17,0
L-25473,2023-03-03,9000.00,0.071,231,37,6,300000.00,ธุรกิจส่วนตัว,1,ปกติ,18,0
L-25759,2023-03-03,14273.41,0.353,143,40,1,150000.00,พนักงานประจำ,1,ปกติ,0,0
L-28852,2023-03-03,43367.96,0.127,188,49,6,300000.00,อาชีพอิสระ,1,ปกติ,1,0
L-28892,2023-03-03,41309.53,0.604,75,29,1,500000.00,ข้าราชการ,2,ปิดบัญชีแล้ว,25,0
L-31188,2023-03-03,40383.84,0.6,110,60,1,500000.00,ข้าราชการ,0,ปกติ,28,0
L-31556,2023-03-03,18425.67,0.147,59,56,5,150000.00,ข้าราชการ,2,ปิดบัญชีแล้ว,10,0
L-31574,2023-03-03,31461.51,0.306,236,38,0,100000.00,ข้าราชการ,1,ปกติ,23,0
L-21905,2023-03-04,46595.95,0.479,137,57,0,150000.00,อาชีพอิสระ,1,ปกติ,4,0
L-22045,2023-03-04,36057.70,0.511,30,42,5,300000.00,อาชีพอิสระ,0,ปกติ,20,0
L-22410,2023-03-04,15315.08,0.636,229,56,6,300000.00,อาชีพอิสระ,1,ปิดบัญชีแล้ว,28,0
L-22537,2023-03-04,46243.82,0.76,13,35,4,100000.00,อาชีพอิสระ,9,ค้างชำระ,179,1
L-22807,2023-03-04,25795.55,0.611,235,37,6,150000.00,พนักงานประจำ,0,ปกติ,14,0
L-27004,2023-03-04,19375.05,0.466,4,62,0,50000.00,อาชีพอิสระ,1,ปกติ,17,0
L-29453,2023-03-04,44371.06,0.137,141,42,4,200000.00,อาชีพอิสระ,0,ปกติ,28,0
L-29626,2023-03-04,25928.09,0.02,23,54,6,50000.00,ธุรกิจส่วนตัว,2,ปิดบัญชีแล้ว,25,0
L-30204,2023-03-04,38275.44,0.229,16,46,4,50000.00,ข้าราชการ,2,ปิดบัญชีแล้ว,20,0
L-21390,2023-03-05,9000.00,0.325,10,41,3,50000.00,ข้าราชการ,1,ปกติ,3,0
L-21590,2023-03-05,50558.58,0.062,9,45,1,50000.00,ข้าราชการ,0,ปกติ,2,0
L-22115,2023-03-05,28083.97,0.545,189,47,6,50000.00,พนักงานประจำ,2,ปกติ,24,0
L-22137,2023-03-05,47072.29,0.417,58,41,0,500000.00,อาชีพอิสระ,1,ปกติ,29,0
L-23490,2023-03-05,37288.95,0.281,215,61,2,50000.00,อาชีพอิสระ,1,ปกติ,22,0
L-24421,2023-03-05,17658.09,0.191,55,31,4,500000.00,ข้าราชการ,2,ปกติ,19,0
L-25774,2023-03-05,36525.23,0.435,109,48,0,100000.00,อาชีพอิสระ,0,ปิดบัญชีแล้ว,14,0
L-27723,2023-03-05,9000.00,0.433,26,36,5,150000.00,ข้าราชการ,2,ปกติ,5,0
L-28665,2023-03-05,24927.69,0.536,50,34,3,100000.00,ข้าราชการ,1,ปิดบัญชีแล้ว,23,0
L-29447,2023-03-05,23904.59,0.251,57,45,3,500000.00,อาชีพอิสระ,2,ปกติ,19,0
L-30009,2023-03-05,39774.63,0.419,129,49,6,300000.00,อาชีพอิสระ,2,ปกติ,24,0
L-30805,2023-03-05,38057.20,0.674,87,28,5,200000.00,พนักงานประจำ,0,ปกติ,18,0
L-30813,2023-03-05,15389.26,0.477,25,35,1,150000.00,พนักงานประจำ,0,ปกติ,21,0
L-30856,2023-03-05,66857.02,0.288,128,48,1,500000.00,ธุรกิจส่วนตัว,0,ปกติ,26,0
L-30948,2023-03-05,45064.58,0.309,149,62,1,300000.00,ข้าราชการ,1,ปกติ,7,0
L-30955,2023-03-05,26553.12,0.258,93,49,6,50000.00,พนักงานประจำ,2,ปิดบัญชีแล้ว,18,0
L-30984,2023-03-05,36694.84,0.148,100,45,5,50000.00,อาชีพอิสระ,1,ปกติ,18,0
L-31520,2023-03-05,40161.67,0.33,197,34,6,100000.00,อาชีพอิสระ,2,ปกติ,28,0
L-20035,2023-03-06,31359.63,0.556,85,45,5,200000.00,ข้าราชการ,0,ปิดบัญชีแล้ว,5,0
L-20635,2023-03-06,32331.92,0.484,159,21,6,100000.00,พนักงานประจำ,0,ปกติ,21,0
L-21249,2023-03-06,35086.91,0.464,85,27,4,200000.00,พนักงานประจำ,2,ปกติ,26,0
L-22374,2023-03-06,28284.37,0.078,12,36,4,100000.00,ธุรกิจส่วนตัว,2,ปิดบัญชีแล้ว,13,0
L-22866,2023-03-06,46773.10,0.454,10,36,1,100000.00,ธุรกิจส่วนตัว,0,ปกติ,29,0
L-23118,2023-03-06,65629.79,0.23,146,61,1,50000.00,ข้าราชการ,2,ปกติ,30,0
L-24208,2023-03-06,22880.66,0.02,113,49,3,50000.00,ธุรกิจส่วนตัว,2,ปิดบัญชีแล้ว,4,0
L-25020,2023-03-06,18839.49,0.139,179,59,0,100000.00,ธุรกิจส่วนตัว,1,ปิดบัญชีแล้ว,14,0
L-25305,2023-03-06,28645.30,0.33,150,23,2,200000.00,ข้าราชการ,1,ปกติ,30,0
L-26894,2023-03-06,39809.41,0.449,78,35,4,300000.00,ธุรกิจส่วนตัว,12,ค้างชำระ,93,1
L-27722,2023-03-06,24833.95,0.469,189,43,1,300000.00,พนักงานประจำ,0,ปกติ,21,0
L-28676,2023-03-06,42697.56,0.214,149,62,5,500000.00,อาชีพอิสระ,1,ปิดบัญชีแล้ว,1,0
L-28770,2023-03-06,31697.33,0.573,164,59,0,50000.00,อาชีพอิสระ,2,ปกติ,3,0
L-28941,2023-03-06,24888.84,0.551,41,23,2,100000.00,ธุรกิจส่วนตัว,4,ค้างชำระ,73,1
L-29175,2023-03-06,18315.33,0.364,166,28,5,200000.00,อาชีพอิสระ,0,ปิดบัญชีแล้ว,7,0
L-29405,2023-03-06,29380.32,0.307,211,41,2,100000.00,อาชีพอิสระ,2,ปิดบัญชีแล้ว,4,0
L-30080,2023-03-06,26084.67,0.471,64,28,2,50000.00,อาชีพอิสระ,2,ปกติ,25,0
L-30130,2023-03-06,24232.20,0.299,87,37,0,200000.00,ข้าราชการ,1,ปิดบัญชีแล้ว,5,0
L-31312,2023-03-06,39691.40,0.453,218,29,2,500000.00,พนักงานประจำ,0,ปกติ,29,0
L-20749,2023-03-07,29385.27,0.405,143,52,6,100000.00,อาชีพอิสระ,0,ปกติ,0,0
L-21568,2023-03-07,10585.20,0.258,138,63,0,300000.00,ธุรกิจส่วนตัว,1,ปกติ,9,0
L-24542,2023-03-07,42505.53,0.541,76,24,4,300000.00,พนักงานประจำ,0,ปกติ,27,0
L-24934,2023-03-07,28360.10,0.383,228,43,3,50000.00,ธุรกิจส่วนตัว,1,ปกติ,1,0
L-25184,2023-03-07,14856.98,0.254,190,43,6,50000.00,พนักงานประจำ,1,ปกติ,12,0
L-25280,2023-03-07,14694.99,0.606,193,58,6,150000.00,ข้าราชการ,5,ค้างชำระ,72,1
L-26252,2023-03-07,54064.73,0.753,108,38,1,500000.00,พนักงานประจำ,1,ปิดบัญชีแล้ว,30,0
L-27487,2023-03-07,31056.52,0.42,67,32,5,500000.00,ธุรกิจส่วนตัว,0,ปกติ,12,0
L-27858,2023-03-07,39910.51,0.02,173,28,4,150000.00,ธุรกิจส่วนตัว,2,ปกติ,11,0
L-30026,2023-03-07,28143.76,0.458,126,33,6,100000.00,พนักงานประจำ,0,ปกติ,20,0
L-31929,2023-03-07,19953.48,0.093,205,46,5,50000.00,อาชีพอิสระ,1,ปกติ,27,0
L-21048,2023-03-08,25752.16,0.29,65,30,4,500000.00,ข้าราชการ,1,ปกติ,3,0
L-21188,2023-03-08,9000.00,0.375,119,50,5,200000.00,พนักงานประจำ,13,ค้างชำระ,126,1
L-21437,2023-03-08,66062.06,0.122,9,57,4,500000.00,อาชีพอิสระ,2,ปกติ,7,0
L-22156,2023-03-08,64290.73,0.294,175,45,3,500000.00,ธุรกิจส่วนตัว,1,ปกติ,4,0
L-22223,2023-03-08,31916.18,0.561,181,26,1,150000.00,ข้าราชการ,1,ปกติ,26,0
L-22542,2023-03-08,9000.00,0.347,8,61,6,150000.00,อาชีพอิสระ,1,ปกติ,30,0
L-23270,2023-03-08,45397.26,0.482,63,35,2,300000.00,ข้าราชการ,1,ปกติ,18,0
L-23355,2023-03-08,23248.13,0.165,114,23,6,200000.00,พนักงานประจำ,1,ปกติ,18,0
L-26341,2023-03-08,54240.41,0.591,190,37,1,150000.00,ธุรกิจส่วนตัว,2,ปกติ,0,0
L-26726,2023-03-08,33073.21,0.28,148,23,5,50000.00,อาชีพอิสระ,2,ปิดบัญชีแล้ว,13,0
L-26921,2023-03-08,20892.33,0.423,20,34,5,500000.00,พนักงานประจำ,2,ปกติ,16,0
L-29680,2023-03-08,41169.08,0.424,133,31,5,50000.00,ธุรกิจส่วนตัว,5,ค้างชำระ,105,1
L-31336,2023-03-08,30887.35,0.404,232,23,1,50000.00,ข้าราชการ,0,ปกติ,4,0
L-31892,2023-03-08,50674.04,0.334,1,55,4,150000.00,ข้าราชการ,1,ปกติ,2,0
L-22288,2023-03-09,31428.70,0.444,131,56,5,50000.00,ธุรกิจส่วนตัว,2,ปกติ,29,0
L-22326,2023-03-09,12412.35,0.3,179,63,1,50000.00,ธุรกิจส่วนตัว,4,ค้างชำระ,54,1
L-22461,2023-03-09,20304.03,0.462,227,31,0,100000.00,ข้าราชการ,2,ปิดบัญชีแล้ว,14,0
L-23361,2023-03-09,27769.77,0.101,202,36,6,150000.00,ข้าราชการ,0,ปกติ,8,0
L-23725,2023-03-09,11269.13,0.589,146,21,0,300000.00,พนักงานประจำ,1,ปิดบัญชีแล้ว,10,0
L-23808,2023-03-09,38374.90,0.73,183,23,5,50000.00,ข้าราชการ,0,ปกติ,5,0
L-24813,2023-03-09,14279.34,0.402,195,58,4,100000.00,ธุรกิจส่วนตัว,1,ปกติ,25,0
L-25141,2023-03-09,41871.05,0.49,139,25,6,300000.00,ข้าราชการ,1,ปกติ,11,0
L-25614,2023-03-09,42377.35,0.402,71,34,0,500000.00,พนักงานประจำ,2,ปกติ,9,0
L-26452,2023-03-09,25833.18,0.433,141,29,1,500000.00,พนักงานประจำ,2,ปกติ,30,0
L-26851,2023-03-09,28563.03,0.032,29,65,1,150000.00,อาชีพอิสระ,0,ปกติ,21,0
L-27656,2023-03-09,42188.61,0.158,140,59,1,200000.00,ข้าราชการ,1,ปกติ,24,0
L-28327,2023-03-09,22966.60,0.496,73,54,3,50000.00,ข้าราชการ,12,ค้างชำระ,127,1
L-29669,2023-03-09,49449.77,0.401,101,34,3,500000.00,พนักงานประจำ,1,ปกติ,15,0
L-31255,2023-03-09,29224.17,0.522,196,64,5,300000.00,พนักงานประจำ,1,ปกติ,21,0
L-20644,2023-03-10,24117.91,0.333,204,33,1,300000.00,พนักงานประจำ,0,ปกติ,3,0
L-21068,2023-03-10,29027.39,0.676,16,41,3,200000.00,ข้าราชการ,1,ปกติ,22,0
L-21925,2023-03-10,17592.86,0.629,87,56,0,300000.00,ข้าราชการ,1,ปิดบัญชีแล้ว,29,0
L-22240,2023-03-10,22035.36,0.357,207,46,4,50000.00,ข้าราชการ,1,ปกติ,0,0
L-22534,2023-03-10,9000.00,0.171,71,44,2,50000.00,อาชีพอิสระ,2,ปกติ,9,0
L-23140,2023-03-10,35356.05,0.737,27,30,3,150000.00,ข้าราชการ,1,ปกติ,21,0
L-23623,2023-03-10,51876.83,0.041,164,42,6,150000.00,อาชีพอิสระ,0,ปิดบัญชีแล้ว,0,0
L-23631,2023-03-10,30315.76,0.166,32,42,1,50000.00,อาชีพอิสระ,2,ปกติ,2,0
L-25308,2023-03-10,58050.29,0.686,36,43,2,150000.00,พนักงานประจำ,1,ปิดบัญชีแล้ว,20,0
L-25508,2023-03-10,21987.17,0.581,95,62,4,300000.00,อาชีพอิสระ,0,ปิดบัญชีแล้ว,13,0
L-26193,2023-03-10,13387.19,0.536,146,38,5,200000.00,ธุรกิจส่วนตัว,1,ปิดบัญชีแล้ว,2,0
L-27177,2023-03-10,20783.69,0.476,94,48,6,150000.00,ธุรกิจส่วนตัว,2,ปกติ,14,0
L-29439,2023-03-10,26757.99,0.405,84,34,6,500000.00,ข้าราชการ,4,ค้างชำระ,100,1
L-29686,2023-03-10,24174.06,0.613,30,57,6,100000.00,พนักงานประจำ,0,ปกติ,25,0
L-31365,2023-03-10,28077.78,0.439,201,55,1,50000.00,ข้าราชการ,0,ปกติ,9,0
L-24845,2023-03-11,35104.36,0.392,132,29,4,150000.00,พนักงานประจำ,1,ปกติ,26,0
L-24909,2023-03-11,40478.60,0.163,101,60,5,50000.00,ธุรกิจส่วนตัว,0,ปิดบัญชีแล้ว,18,0
L-25758,2023-03-11,59119.83,0.615,131,32,5,500000.00,ธุรกิจส่วนตัว,0,ปกติ,8,0
L-26736,2023-03-11,37465.80,0.269,166,65,6,100000.00,ข้าราชการ,2,ปิดบัญชีแล้ว,19,0
L-27176,2023-03-11,58846.07,0.291,69,62,5,100000.00,อาชีพอิสระ,1,ปกติ,9,0
L-27907,2023-03-11,31663.00,0.149,8,65,4,100000.00,พนักงานประจำ,0,ปกติ,22,0
L-28790,2023-03-11,9000.00,0.319,85,34,6,300000.00,อาชีพอิสระ,2,ปกติ,20,0
L-31384,2023-03-11,36470.21,0.445,51,30,1,50000.00,ข้าราชการ,6,ค้างชำระ,121,1
L-31987,2023-03-11,46251.58,0.273,127,31,5,500000.00,พนักงานประจำ,0,ปกติ,4,0
L-21433,2023-03-12,37227.64,0.426,182,40,3,500000.00,อาชีพอิสระ,1,ปกติ,20,0
L-22113,2023-03-12,23851.25,0.347,157,22,2,50000.00,อาชีพอิสระ,0,ปกติ,30,0
L-24937,2023-03-12,19430.02,0.546,49,43,3,500000.00,ธุรกิจส่วนตัว,0,ปิดบัญชีแล้ว,21,0
L-24972,2023-03-12,22367.70,0.774,6,41,4,100000.00,อาชีพอิสระ,4,ค้างชำระ,153,1
L-25032,2023-03-12,59795.37,0.292,27,25,4,100000.00,ธุรกิจส่วนตัว,2,ปิดบัญชีแล้ว,28,0
L-25231,2023-03-12,15908.61,0.664,53,27,6,50000.00,พนักงานประจำ,7,ค้างชำระ,73,1
L-25383,2023-03-12,44660.53,0.58,216,26,0,100000.00,อาชีพอิสระ,0,ปิดบัญชีแล้ว,6,0
L-25791,2023-03-12,11409.51,0.578,180,59,4,200000.00,ข้าราชการ,3,ค้างชำระ,114,1
L-27628,2023-03-12,41938.75,0.433,98,53,6,500000.00,ข้าราชการ,2,ปิดบัญชีแล้ว,4,0
L-31705,2023-03-12,35739.17,0.649,11,32,5,500000.00,พนักงานประจำ,1,ปกติ,0,0
L-20103,2023-03-13,42833.64,0.753,51,64,6,300000.00,อาชีพอิสระ,2,ปกติ,19,0
L-21056,2023-03-13,48403.58,0.213,25,38,5,500000.00,ธุรกิจส่วนตัว,2,ปกติ,1,0
L-21526,2023-03-13,59141.32,0.37,178,46,2,150000.00,ข้าราชการ,2,ปิดบัญชีแล้ว,6,0
L-21939,2023-03-13,31289.06,0.436,196,38,5,300000.00,ข้าราชการ,2,ปกติ,20,0
L-23743,2023-03-13,18289.29,0.485,159,62,5,200000.00,ข้าราชการ,2,ปิดบัญชีแล้ว,2,0
L-24339,2023-03-13,39251.33,0.245,79,23,6,100000.00,ข้าราชการ,0,ปิดบัญชีแล้ว,3,0
L-24711,2023-03-13,35503.43,0.575,24,63,5,150000.00,ข้าราชการ,2,ปกติ,10,0
L-24968,2023-03-13,52583.79,0.268,213,58,0,150000.00,พนักงานประจำ,0,ปกติ,29,0
L-25375,2023-03-13,25380.56,0.478,206,64,2,100000.00,พนักงานประจำ,1,ปกติ,17,0
L-25766,2023-03-13,21174.02,0.469,146,43,3,500000.00,อาชีพอิสระ,1,ปิดบัญชีแล้ว,14,0
L-25779,2023-03-13,66301.91,0.156,184,34,2,300000.00,อาชีพอิสระ,1,ปกติ,22,0
L-27311,2023-03-13,41873.66,0.592,60,40,3,50000.00,ข้าราชการ,0,ปกติ,19,0
L-27708,2023-03-13,37913.87,0.249,112,51,4,100000.00,อาชีพอิสระ,2,ปิดบัญชีแล้ว,8,0
L-28738,2023-03-13,40832.05,0.826,215,59,6,200000.00,อาชีพอิสระ,0,ปกติ,8,0
L-28879,2023-03-13,35724.10,0.55,186,21,0,500000.00,พนักงานประจำ,2,ปกติ,23,0
L-29931,2023-03-13,43345.74,0.485,3,58,3,300000.00,ธุรกิจส่วนตัว,0,ปกติ,20,0
L-30178,2023-03-13,55133.40,0.29,137,31,1,200000.00,พนักงานประจำ,2,ปิดบัญชีแล้ว,3,0
L-30359,2023-03-13,9000.00,0.584,117,59,4,500000.00,พนักงานประจำ,1,ปิดบัญชีแล้ว,14,0
L-30368,2023-03-13,19240.70,0.487,35,21,2,300000.00,พนักงานประจำ,2,ปกติ,19,0
L-20190,2023-03-14,36102.11,0.409,11,54,0,100000.00,พนักงานประจำ,0,ปิดบัญชีแล้ว,0,0
L-21607,2023-03-14,40219.44,0.28,179,53,6,500000.00,ธุรกิจส่วนตัว,1,ปกติ,14,0
L-24380,2023-03-14,26164.64,0.384,233,50,0,500000.00,ธุรกิจส่วนตัว,2,ปิดบัญชีแล้ว,2,0
L-24684,2023-03-14,31765.57,0.416,232,23,4,500000.00,อาชีพอิสระ,0,ปกติ,13,0
L-25289,2023-03-14,20639.47,0.257,223,46,1,200000.00,อาชีพอิสระ,1,ปกติ,27,0
L-31296,2023-03-14,9653.26,0.226,101,31,3,200000.00,ข้าราชการ,10,ค้างชำระ,179,1
L-20189,2023-03-15,40442.47,0.777,167,57,5,100000.00,พนักงานประจำ,1,ปิดบัญชีแล้ว,26,0
L-21462,2023-03-15,11535.34,0.098,91,50,2,50000.00,ข้าราชการ,2,ปกติ,29,0
L-23754,2023-03-15,44006.37,0.444,82,61,1,500000.00,ข้าราชการ,1,ปกติ,9,0
L-25484,2023-03-15,24442.76,0.02,209,35,1,200000.00,อาชีพอิสระ,0,ปกติ,1,0
L-25583,2023-03-15,37260.96,0.344,29,54,5,300000.00,อาชีพอิสระ,1,ปกติ,27,0
L-27046,2023-03-15,24025.01,0.778,90,25,3,500000.00,ธุรกิจส่วนตัว,12,ค้างชำระ,149,1
L-29126,2023-03-15,40813.54,0.601,20,36,4,500000.00,ข้าราชการ,1,ปกติ,11,0
L-29496,2023-03-15,16424.99,0.173,83,47,6,150000.00,พนักงานประจำ,0,ปกติ,22,0
L-30190,2023-03-15,60134.49,0.153,114,56,1,50000.00,ข้าราชการ,0,ปิดบัญชีแล้ว,11,0
L-30980,2023-03-15,9000.00,0.497,44,31,0,50000.00,ข้าราชการ,0,ปกติ,11,0
L-22394,2023-03-16,16112.58,0.266,234,45,5,100000.00,ข้าราชการ,1,ปกติ,29,0
L-24235,2023-03-16,17134.76,0.381,199,25,6,100000.00,ข้าราชการ,1,ปกติ,19,0
L-24892,2023-03-16,51102.57,0.374,198,36,4,50000.00,พนักงานประจำ,0,ปกติ,30,0
L-25505,2023-03-16,51838.39,0.683,173,33,6,500000.00,ธุรกิจส่วนตัว,1,ปิดบัญชีแล้ว,24,0
L-27721,2023-03-16,20719.90,0.149,0,42,2,300000.00,ธุรกิจส่วนตัว,0,ปิดบัญชีแล้ว,0,0
L-27850,2023-03-16,54832.19,0.422,187,53,5,50000.00,พนักงานประจำ,1,ปกติ,19,0
L-28334,2023-03-16,33662.39,0.501,150,45,2,500000.00,อาชีพอิสระ,1,ปกติ,11,0
L-29728,2023-03-16,25244.37,0.144,93,31,0,500000.00,พนักงานประจำ,2,ปกติ,4,0
L-30641,2023-03-16,20468.18,0.305,176,59,3,500000.00,อาชีพอิสระ,0,ปกติ,21,0
L-22131,2023-03-17,26742.86,0.305,147,26,6,50000.00,ข้าราชการ,0,ปกติ,26,0
L-24260,2023-03-17,38335.11,0.182,131,29,1,200000.00,พนักงานประจำ,2,ปกติ,22,0
L-26200,2023-03-17,39948.18,0.447,153,32,0,150000.00,ข้าราชการ,2,ปกติ,10,0
L-27693,2023-03-17,48116.21,0.445,47,60,1,500000.00,อาชีพอิสระ,1,ปกติ,16,0
L-28996,2023-03-17,36928.67,0.473,51,58,2,100000.00,ข้าราชการ,1,ปิดบัญชีแล้ว,4,0
L-29033,2023-03-17,22049.04,0.629,164,63,5,50000.00,ธุรกิจส่วนตัว,1,ปกติ,23,0
L-29424,2023-03-17,41653.17,0.264,57,39,0,150000.00,ข้าราชการ,0,ปกติ,15,0
L-29871,2023-03-17,38478.96,0.28,171,21,1,200000.00,ธุรกิจส่วนตัว,1,ปกติ,1,0
L-31650,2023-03-17,30276.82,0.113,98,57,6,150000.00,ธุรกิจส่วนตัว,2,ปกติ,9,0
L-21614,2023-03-18,24920.75,0.552,239,64,1,100000.00,ธุรกิจส่วนตัว,2,ปิดบัญชีแล้ว,15,0
L-21931,2023-03-18,31716.58,0.334,161,23,4,50000.00,อาชีพอิสระ,1,ปกติ,10,0
L-25627,2023-03-18,9000.00,0.438,229,23,1,300000.00,ข้าราชการ,0,ปกติ,5,0
L-26275,2023-03-18,52302.42,0.736,12,39,3,300000.00,ธุรกิจส่วนตัว,0,ปกติ,12,0
L-26717,2023-03-18,32995.28,0.112,152,39,6,50000.00,พนักงานประจำ,0,ปิดบัญชีแล้ว,6,0
L-27593,2023-03-18,43592.32,0.315,145,33,4,500000.00,ธุรกิจส่วนตัว,2,ปิดบัญชีแล้ว,19,0
L-28654,2023-03-18,26978.84,0.305,39,41,0,150000.00,ข้าราชการ,2,ปิดบัญชีแล้ว,18,0
L-28699,2023-03-18,40907.99,0.497,185,30,5,300000.00,ธุรกิจส่วนตัว,2,ปกติ,21,0
L-28844,2023-03-18,9000.00,0.139,195,59,4,50000.00,อาชีพอิสระ,1,ปกติ,28,0
L-29000,2023-03-18,14904.64,0.452,20,41,1,100000.00,ธุรกิจส่วนตัว,2,ปิดบัญชีแล้ว,24,0
L-30259,2023-03-18,19502.41,0.295,35,46,4,300000.00,ข้าราชการ,1,ปกติ,2,0
L-30998,2023-03-18,34512.23,0.206,83,44,4,50000.00,ข้าราชการ,1,ปกติ,15,0
L-20495,2023-03-19,30176.21,0.448,136,65,2,500000.00,พนักงานประจำ,1,ปกติ,3,0
L-20901,2023-03-19,63780.91,0.395,201,59,1,100000.00,ข้าราชการ,0,ปกติ,13,0
L-21965,2023-03-19,29551.66,0.521,39,25,4,50000.00,ธุรกิจส่วนตัว,8,ค้างชำระ,97,1
L-22666,2023-03-19,25809.93,0.167,188,44,5,50000.00,อาชีพอิสระ,2,ปิดบัญชีแล้ว,27,0
L-22696,2023-03-19,40077.52,0.183,190,39,2,150000.00,พนักงานประจำ,2,ปกติ,14,0
L-23752,2023-03-19,9000.00,0.595,134,53,6,500000.00,อาชีพอิสระ,1,ปกติ,9,0
L-25357,2023-03-19,9000.00,0.52,138,64,4,50000.00,ธุรกิจส่วนตัว,0,ปกติ,24,0
L-25403,2023-03-19,26353.33,0.622,124,23,0,200000.00,พนักงานประจำ,1,ปกติ,26,0
L-25448,2023-03-19,22227.55,0.26,213,33,1,200000.00,พนักงานประจำ,2,ปกติ,30,0
L-26349,2023-03-19,41341.36,0.47,86,51,2,300000.00,ข้าราชการ,2,ปกติ,1,0
L-26878,2023-03-19,25289.69,0.264,220,42,6,300000.00,พนักงานประจำ,0,ปิดบัญชีแล้ว,19,0
L-27296,2023-03-19,43873.89,0.295,100,24,5,50000.00,พนักงานประจำ,2,ปกติ,30,0
L-29849,2023-03-19,25890.19,0.254,139,42,6,300000.00,พนักงานประจำ,0,ปกติ,1,0
L-30531,2023-03-19,16759.90,0.331,81,28,5,100000.00,ข้าราชการ,2,ปกติ,28,0
L-30629,2023-03-19,26848.27,0.536,9,29,6,300000.00,ข้าราชการ,2,ปิดบัญชีแล้ว,17,0
L-31381,2023-03-19,34669.11,0.492,72,29,0,150000.00,ธุรกิจส่วนตัว,0,ปกติ,30,0
L-31871,2023-03-19,18094.65,0.282,184,58,0,300000.00,ธุรกิจส่วนตัว,0,ปกติ,6,0
L-21157,2023-03-20,21614.08,0.878,237,53,4,300000.00,อาชีพอิสระ,14,ค้างชำระ,102,1
L-21637,2023-03-20,25078.71,0.43,237,63,3,100000.00,ข้าราชการ,2,ปกติ,16,0
L-21890,2023-03-20,70372.40,0.384,23,50,1,500000.00,ข้าราชการ,2,ปกติ,3,0
L-22170,2023-03-20,32904.05,0.309,193,29,5,500000.00,ข้าราชการ,2,ปกติ,1,0
L-22877,2023-03-20,55191.13,0.748,200,27,6,100000.00,อาชีพอิสระ,1,ปกติ,27,0
L-23116,2023-03-20,32456.81,0.496,19,31,4,50000.00,พนักงานประจำ,2,ปิดบัญชีแล้ว,7,0
L-23465,2023-03-20,9000.00,0.475,99,61,4,300000.00,ข้าราชการ,2,ปกติ,15,0
L-24234,2023-03-20,40159.51,0.494,211,55,0,500000.00,ธุรกิจส่วนตัว,2,ปกติ,20,0
L-24303,2023-03-20,35200.58,0.044,37,27,0,300000.00,พนักงานประจำ,2,ปิดบัญชีแล้ว,25,0
L-25300,2023-03-20,24499.56,0.303,25,39,4,300000.00,ธุรกิจส่วนตัว,0,ปิดบัญชีแล้ว,13,0
L-25400,2023-03-20,40585.77,0.442,130,23,1,50000.00,อาชีพอิสระ,2,ปกติ,2,0
L-29729,2023-03-20,49762.17,0.365,236,36,6,500000.00,ข้าราชการ,2,ปิดบัญชีแล้ว,13,0
L-30078,2023-03-20,39391.90,0.333,210,62,6,500000.00,ธุรกิจส่วนตัว,1,ปิดบัญชีแล้ว,6,0
L-31575,2023-03-20,62390.95,0.332,202,63,6,500000.00,ธุรกิจส่วนตัว,0,ปกติ,19,0
L-31981,2023-03-20,59161.16,0.479,65,56,2,100000.00,ธุรกิจส่วนตัว,0,ปิดบัญชีแล้ว,15,0
L-20051,2023-03-21,53383.77,0.29,21,36,0,200000.00,ธุรกิจส่วนตัว,0,ปกติ,16,0
L-21634,2023-03-21,39664.04,0.466,143,53,3,200000.00,ข้าราชการ,0,ปกติ,1,0
L-22325,2023-03-21,38267.51,0.744,0,27,5,50000.00,ข้าราชการ,2,ปกติ,15,0
L-22593,2023-03-21,23849.35,0.34,42,22,6,50000.00,ข้าราชการ,1,ปกติ,14,0
L-23423,2023-03-21,54516.29,0.422,82,62,3,150000.00,อาชีพอิสระ,1,ปกติ,22,0
L-23475,2023-03-21,48604.37,0.02,168,54,2,500000.00,ธุรกิจส่วนตัว,0,ปกติ,12,0
L-24237,2023-03-21,24538.57,0.474,169,37,6,100000.00,พนักงานประจำ,2,ปกติ,7,0
L-24994,2023-03-21,44152.48,0.187,200,24,6,150000.00,พนักงานประจำ,2,ปกติ,30,0
L-26332,2023-03-21,48090.44,0.503,212,49,3,50000.00,พนักงานประจำ,0,ปกติ,17,0
L-26589,2023-03-21,37083.19,0.613,201,25,0,150000.00,พนักงานประจำ,1,ปกติ,20,0
L-27079,2023-03-21,38804.47,0.278,85,52,5,100000.00,ธุรกิจส่วนตัว,2,ปกติ,23,0
L-27674,2023-03-21,35204.64,0.127,42,52,3,300000.00,ธุรกิจส่วนตัว,1,ปิดบัญชีแล้ว,1,0
L-29181,2023-03-21,58238.61,0.54,119,21,4,500000.00,ข้าราชการ,2,ปกติ,1,0
L-29302,2023-03-21,53936.86,0.267,144,48,2,300000.00,ธุรกิจส่วนตัว,0,ปกติ,0,0
L-30574,2023-03-21,50447.64,0.426,192,58,3,100000.00,พนักงานประจำ,1,ปิดบัญชีแล้ว,1,0
L-20362,2023-03-22,32179.33,0.153,216,55,2,50000.00,อาชีพอิสระ,1,ปกติ,30,0
L-20552,2023-03-22,50680.32,0.207,148,53,0,500000.00,พนักงานประจำ,0,ปกติ,25,0
L-21742,2023-03-22,32521.12,0.291,213,63,1,100000.00,ข้าราชการ,1,ปกติ,8,0
L-21901,2023-03-22,20543.93,0.438,217,49,5,500000.00,อาชีพอิสระ,1,ปิดบัญชีแล้ว,27,0
L-21908,2023-03-22,39423.29,0.134,133,36,2,500000.00,พนักงานประจำ,0,ปกติ,8,0
L-25137,2023-03-22,26104.27,0.195,205,58,5,100000.00,อาชีพอิสระ,1,ปกติ,11,0
L-25690,2023-03-22,27453.57,0.176,4,40,3,150000.00,อาชีพอิสระ,0,ปกติ,13,0
L-25944,2023-03-22,9000.00,0.373,42,37,3,200000.00,ธุรกิจส่วนตัว,9,ค้างชำระ,89,1
L-27786,2023-03-22,52943.97,0.406,85,50,3,100000.00,ข้าราชการ,1,ปกติ,1,0
L-27928,2023-03-22,24161.34,0.711,123,45,5,50000.00,ธุรกิจส่วนตัว,0,ปิดบัญชีแล้ว,11,0
L-29197,2023-03-22,32259.10,0.526,123,53,3,150000.00,พนักงานประจำ,1,ปิดบัญชีแล้ว,26,0
L-30423,2023-03-22,40378.61,0.319,196,22,1,500000.00,พนักงานประจำ,1,ปกติ,5,0
L-30771,2023-03-22,23212.96,0.02,69,53,5,50000.00,พนักงานประจำ,2,ปกติ,18,0
L-31861,2023-03-22,27793.46,0.04,62,36,2,100000.00,ธุรกิจส่วนตัว,2,ปกติ,14,0
L-21952,2023-03-23,9000.00,0.323,17,22,5,300000.00,ธุรกิจส่วนตัว,2,ปิดบัญชีแล้ว,20,0
L-22669,2023-03-23,38863.17,0.362,130,36,2,100000.00,อาชีพอิสระ,1,ปกติ,26,0
L-23371,2023-03-23,13019.43,0.219,120,46,5,200000.00,ข้าราชการ,0,ปกติ,10,0
L-24231,2023-03-23,10923.79,0.612,227,28,2,50000.00,อาชีพอิสระ,1,ปกติ,20,0
L-26447,2023-03-23,30293.78,0.593,156,34,6,300000.00,อาชีพอิสระ,1,ปกติ,12,0
L-27863,2023-03-23,73015.89,0.417,172,44,6,50000.00,ธุรกิจส่วนตัว,0,ปิดบัญชีแล้ว,16,0
L-27953,2023-03-23,50029.53,0.535,154,59,6,300000.00,อาชีพอิสระ,2,ปกติ,7,0
L-30395,2023-03-23,40802.55,0.589,63,49,3,150000.00,อาชีพอิสระ,1,ปกติ,18,0
L-31022,2023-03-23,50764.96,0.46,58,54,4,100000.00,อาชีพอิสระ,2,ปกติ,4,0
L-20955,2023-03-24,14488.09,0.438,25,53,5,100000.00,ธุรกิจส่วนตัว,1,ปกติ,4,0
L-21076,2023-03-24,18487.34,0.056,11,43,4,300000.00,พนักงานประจำ,1,ปกติ,8,0
L-21532,2023-03-24,30119.70,0.46,43,52,6,50000.00,ข้าราชการ,2,ปิดบัญชีแล้ว,17,0
L-23089,2023-03-24,10902.95,0.223,77,47,2,50000.00,อาชีพอิสระ,0,ปกติ,23,0
L-24900,2023-03-24,34441.05,0.558,174,56,1,50000.00,พนักงานประจำ,2,ปกติ,10,0
L-27895,2023-03-24,29502.72,0.531,223,27,1,300000.00,พนักงานประจำ,1,ปกติ,10,0
L-28207,2023-03-24,33220.82,0.022,158,55,4,50000.00,พนักงานประจำ,0,ปกติ,7,0
L-30329,2023-03-24,37434.46,0.386,83,31,1,200000.00,ธุรกิจส่วนตัว,2,ปกติ,11,0
L-30490,2023-03-24,32947.78,0.542,89,39,1,150000.00,ข้าราชการ,1,ปกติ,14,0
L-31111,2023-03-24,39207.83,0.318,230,33,3,100000.00,พนักงานประจำ,2,ปกติ,27,0
L-31741,2023-03-24,12517.08,0.689,216,56,3,50000.00,ข้าราชการ,0,ปกติ,9,0
L-20494,2023-03-25,30282.42,0.326,223,61,3,300000.00,ข้าราชการ,1,ปกติ,23,0
L-20888,2023-03-25,18972.19,0.327,185,24,3,300000.00,ข้าราชการ,1,ปกติ,21,0
L-22168,2023-03-25,28613.49,0.428,239,55,0,200000.00,ธุรกิจส่วนตัว,2,ปกติ,1,0
L-22479,2023-03-25,25034.81,0.063,104,65,3,50000.00,พนักงานประจำ,2,ปกติ,8,0
L-23541,2023-03-25,24956.62,0.631,139,35,0,100000.00,อาชีพอิสระ,1,ปกติ,25,0
L-24811,2023-03-25,29581.67,0.02,90,48,2,500000.00,ข้าราชการ,0,ปิดบัญชีแล้ว,12,0
L-25219,2023-03-25,28074.90,0.49,192,48,3,50000.00,ธุรกิจส่วนตัว,1,ปกติ,11,0
L-28132,2023-03-25,39103.64,0.505,235,51,1,300000.00,พนักงานประจำ,1,ปิดบัญชีแล้ว,2,0
L-28277,2023-03-25,34631.60,0.04,209,38,5,150000.00,ธุรกิจส่วนตัว,0,ปกติ,24,0
L-28339,2023-03-25,34198.78,0.081,213,48,1,100000.00,ข้าราชการ,1,ปกติ,17,0
L-28655,2023-03-25,26757.48,0.756,53,35,3,200000.00,อาชีพอิสระ,1,ปกติ,24,0
L-28714,2023-03-25,39056.45,0.359,52,28,0,50000.00,ข้าราชการ,1,ปกติ,26,0
L-29538,2023-03-25,21370.60,0.676,133,30,2,500000.00,พนักงานประจำ,1,ปกติ,27,0
L-29809,2023-03-25,17635.07,0.405,184,25,6,50000.00,อาชีพอิสระ,1,ปิดบัญชีแล้ว,4,0
L-31290,2023-03-25,25711.34,0.457,44,49,0,300000.00,ธุรกิจส่วนตัว,0,ปกติ,3,0
L-20787,2023-03-26,54691.62,0.49,172,43,6,500000.00,ข้าราชการ,1,ปกติ,8,0
L-21558,2023-03-26,47258.42,0.219,192,44,6,50000.00,ข้าราชการ,0,ปิดบัญชีแล้ว,17,0
L-24300,2023-03-26,31074.36,0.566,77,43,1,200000.00,ข้าราชการ,0,ปกติ,9,0
L-24305,2023-03-26,47515.00,0.186,131,64,5,300000.00,ธุรกิจส่วนตัว,2,ปิดบัญชีแล้ว,20,0
L-25303,2023-03-26,41798.99,0.321,190,25,3,200000.00,อาชีพอิสระ,0,ปกติ,18,0
L-27273,2023-03-26,23575.24,0.479,187,28,0,100000.00,ข้าราชการ,0,ปกติ,24,0
L-27632,2023-03-26,33932.09,0.427,155,46,6,150000.00,ธุรกิจส่วนตัว,2,ปกติ,8,0
L-27782,2023-03-26,9000.00,0.02,152,58,6,50000.00,อาชีพอิสระ,0,ปกติ,23,0
L-27808,2023-03-26,37404.60,0.333,24,23,2,200000.00,ข้าราชการ,0,ปกติ,2,0
L-27856,2023-03-26,42621.62,0.444,45,38,6,500000.00,พนักงานประจำ,0,ปกติ,12,0
L-29166,2023-03-26,42603.71,0.482,20,23,4,500000.00,ธุรกิจส่วนตัว,0,ปกติ,19,0
L-30153,2023-03-26,51990.18,0.565,4,24,2,150000.00,อาชีพอิสระ,0,ปกติ,16,0
L-31091,2023-03-26,17551.74,0.307,165,41,0,500000.00,ข้าราชการ,0,ปิดบัญชีแล้ว,30,0
L-20384,2023-03-27,9000.00,0.243,143,40,6,300000.00,ข้าราชการ,0,ปกติ,11,0
L-23145,2023-03-27,37833.96,0.401,128,54,1,200000.00,ข้าราชการ,0,ปกติ,3,0
L-23984,2023-03-27,39381.13,0.188,44,50,0,300000.00,อาชีพอิสระ,1,ปกติ,23,0
L-25267,2023-03-27,36664.12,0.367,72,48,4,100000.00,อาชีพอิสระ,0,ปกติ,28,0
L-25674,2023-03-27,40614.13,0.2,185,43,5,300000.00,อาชีพอิสระ,1,ปกติ,27,0
L-26217,2023-03-27,33834.33,0.222,90,24,6,300000.00,ข้าราชการ,0,ปกติ,1,0
L-27051,2023-03-27,18592.62,0.242,41,26,5,150000.00,อาชีพอิสระ,1,ปกติ,6,0
L-27377,2023-03-27,26070.72,0.278,171,65,6,500000.00,ข้าราชการ,2,ปกติ,22,0
L-27647,2023-03-27,51618.23,0.369,12,38,3,200000.00,พนักงานประจำ,2,ปกติ,6,0
L-28071,2023-03-27,9000.00,0.463,162,43,4,300000.00,ข้าราชการ,0,ปกติ,21,0
L-29585,2023-03-27,43790.98,0.605,212,24,3,150000.00,ธุรกิจส่วนตัว,1,ปกติ,20,0
L-30967,2023-03-27,12664.55,0.326,216,27,5,500000.00,พนักงานประจำ,0,ปกติ,23,0
L-31607,2023-03-27,51013.98,0.02,193,37,4,500000.00,พนักงานประจำ,1,ปกติ,7,0
L-31703,2023-03-27,26911.45,0.499,193,53,0,300000.00,อาชีพอิสระ,0,ปกติ,30,0
L-21190,2023-03-28,15890.81,0.497,118,36,3,150000.00,ธุรกิจส่วนตัว,2,ปกติ,2,0
L-21367,2023-03-28,17557.63,0.4,206,61,5,300000.00,ข้าราชการ,2,ปกติ,14,0
L-22698,2023-03-28,13752.05,0.309,189,27,4,100000.00,ข้าราชการ,0,ปกติ,22,0
L-27540,2023-03-28,10476.43,0.249,46,60,5,500000.00,ข้าราชการ,3,ค้างชำระ,124,1
L-27636,2023-03-28,14014.87,0.485,97,41,2,300000.00,ธุรกิจส่วนตัว,1,ปิดบัญชีแล้ว,9,0
L-28354,2023-03-28,35548.11,0.181,90,42,5,50000.00,อาชีพอิสระ,2,ปกติ,25,0
L-28642,2023-03-28,23113.67,0.387,235,52,1,500000.00,อาชีพอิสระ,2,ปกติ,3,0
L-31968,2023-03-28,20982.16,0.546,224,57,2,300000.00,พนักงานประจำ,0,ปิดบัญชีแล้ว,25,0
L-22909,2023-03-29,33488.16,0.02,125,58,6,100000.00,พนักงานประจำ,0,ปิดบัญชีแล้ว,12,0
L-24311,2023-03-29,37873.27,0.442,181,35,4,50000.00,อาชีพอิสระ,0,ปกติ,28,0
L-26019,2023-03-29,34354.90,0.332,36,54,5,100000.00,พนักงานประจำ,1,ปกติ,22,0
L-26393,2023-03-29,17377.58,0.025,148,47,5,100000.00,ธุรกิจส่วนตัว,2,ปิดบัญชีแล้ว,17,0
L-27018,2023-03-29,33685.62,0.717,189,44,5,150000.00,พนักงานประจำ,1,ปกติ,12,0
L-27325,2023-03-29,49108.74,0.326,182,34,4,50000.00,อาชีพอิสระ,1,ปิดบัญชีแล้ว,20,0
L-30593,2023-03-29,44754.90,0.5,125,37,2,300000.00,ข้าราชการ,2,ปกติ,9,0
L-21133,2023-03-30,30719.88,0.56,136,46,1,100000.00,ธุรกิจส่วนตัว,1,ปกติ,24,0
L-22559,2023-03-30,30523.98,0.467,46,56,5,500000.00,ธุรกิจส่วนตัว,10,ค้างชำระ,144,1
L-22789,2023-03-30,41541.00,0.412,52,35,2,500000.00,อาชีพอิสระ,1,ปกติ,24,0
L-23013,2023-03-30,51277.90,0.416,240,51,3,50000.00,พนักงานประจำ,0,ปกติ,26,0
L-26020,2023-03-30,25366.98,0.292,19,26,6,500000.00,ธุรกิจส่วนตัว,0,ปกติ,22,0
L-26940,2023-03-30,50540.56,0.406,188,49,5,300000.00,ธุรกิจส่วนตัว,2,ปิดบัญชีแล้ว,10,0
L-27450,2023-03-30,35268.98,0.574,191,41,1,500000.00,ข้าราชการ,0,ปกติ,5,0
L-28049,2023-03-30,32459.05,0.391,211,44,6,500000.00,ธุรกิจส่วนตัว,0,ปกติ,23,0
L-28196,2023-03-30,31521.90,0.342,210,30,2,100000.00,ธุรกิจส่วนตัว,2,ปิดบัญชีแล้ว,7,0
L-28350,2023-03-30,31735.39,0.154,124,56,3,500000.00,อาชีพอิสระ,2,ปกติ,14,0
L-28574,2023-03-30,39796.43,0.291,30,36,0,100000.00,พนักงานประจำ,2,ปกติ,1,0
L-29245,2023-03-30,40262.40,0.515,33,59,2,300000.00,พนักงานประจำ,2,ปกติ,23,0
L-29692,2023-03-30,26619.72,0.401,239,37,1,50000.00,อาชีพอิสระ,1,ปิดบัญชีแล้ว,15,0
L-30866,2023-03-30,35784.58,0.3,140,25,2,200000.00,ข้าราชการ,1,ปกติ,27,0
L-31126,2023-03-30,43634.47,0.558,180,29,4,500000.00,พนักงานประจำ,1,ปกติ,25,0
L-31796,2023-03-30,42138.38,0.445,145,57,1,100000.00,พนักงานประจำ,2,ปิดบัญชีแล้ว,6,0
L-20503,2023-03-31,36538.83,0.564,23,45,4,300000.00,พนักงานประจำ,2,ปิดบัญชีแล้ว,27,0
L-21275,2023-03-31,22407.27,0.572,63,49,6,500000.00,ข้าราชการ,2,ปกติ,7,0
L-22769,2023-03-31,41222.45,0.488,43,59,2,200000.00,ธุรกิจส่วนตัว,0,ปิดบัญชีแล้ว,23,0
L-22794,2023-03-31,32830.12,0.596,197,56,3,50000.00,อาชีพอิสระ,2,ปกติ,25,0
L-23442,2023-03-31,13488.33,0.537,161,49,4,50000.00,พนักงานประจำ,0,ปิดบัญชีแล้ว,29,0
L-24012,2023-03-31,48489.20,0.02,78,52,5,50000.00,อาชีพอิสระ,2,ปกติ,2,0
L-28894,2023-03-31,34186.26,0.098,86,31,5,200000.00,อาชีพอิสระ,2,ปกติ,25,0
L-29774,2023-03-31,62155.31,0.521,104,53,1,150000.00,ข้าราชการ,1,ปกติ,20,0
L-30331,2023-03-31,11788.56,0.435,184,37,2,150000.00,อาชีพอิสระ,2,ปกติ,12,0
L-30728,2023-03-31,34129.31,0.158,157,63,1,200000.00,พนักงานประจำ,2,ปกติ,28,0
L-30846,2023-03-31,10696.38,0.096,169,24,1,100000.00,อาชีพอิสระ,2,ปกติ,6,0
L-30997,2023-03-31,63548.46,0.445,153,65,3,200000.00,อาชีพอิสระ,1,ปกติ,11,0
L-21134,2023-04-01,38569.51,0.185,14,58,3,300000.00,อาชีพอิสระ,1,ปกติ,3,0
L-21381,2023-04-01,35177.37,0.386,117,30,6,150000.00,พนักงานประจำ,0,ปกติ,25,0
L-21881,2023-04-01,9000.00,0.356,221,53,5,100000.00,ธุรกิจส่วนตัว,1,ปกติ,23,0
L-23811,2023-04-01,24213.60,0.509,107,60,5,300000.00,อาชีพอิสระ,0,ปกติ,26,0
L-24338,2023-04-01,45818.20,0.137,110,51,0,50000.00,อาชีพอิสระ,1,ปกติ,10,0
L-26181,2023-04-01,37809.62,0.548,51,54,5,100000.00,ธุรกิจส่วนตัว,0,ปกติ,28,0
L-26492,2023-04-01,35263.97,0.263,129,29,0,50000.00,อาชีพอิสระ,2,ปกติ,25,0
L-27142,2023-04-01,28129.29,0.371,231,23,1,500000.00,ข้าราชการ,0,ปกติ,11,0
L-27315,2023-04-01,35835.37,0.363,160,38,5,500000.00,ข้าราชการ,1,ปกติ,2,0
L-27950,2023-04-01,19202.91,0.444,39,63,4,100000.00,ธุรกิจส่วนตัว,1,ปกติ,26,0
L-29608,2023-04-01,34837.09,0.075,208,48,1,300000.00,ข้าราชการ,1,ปิดบัญชีแล้ว,24,0
L-31092,2023-04-01,42397.56,0.65,18,54,1,300000.00,ธุรกิจส่วนตัว,2,ปิดบัญชีแล้ว,2,0
L-20936,2023-04-02,25632.69,0.339,199,51,5,100000.00,ข้าราชการ,0,ปกติ,25,0
L-22179,2023-04-02,38344.37,0.653,112,46,4,200000.00,อาชีพอิสระ,1,ปิดบัญชีแล้ว,10,0
L-22213,2023-04-02,37504.32,0.464,15,53,1,50000.00,พนักงานประจำ,1,ปกติ,14,0
L-22832,2023-04-02,33479.39,0.327,16,40,2,50000.00,ข้าราชการ,2,ปกติ,3,0
L-22908,2023-04-02,52146.87,0.55,125,29,4,500000.00,พนักงานประจำ,0,ปกติ,8,0
L-23446,2023-04-02,42829.55,0.113,113,29,5,50000.00,ธุรกิจส่วนตัว,2,ปิดบัญชีแล้ว,29,0
L-24017,2023-04-02,11981.14,0.316,186,28,0,100000.00,ธุรกิจส่วนตัว,0,ปกติ,18,0
L-24038,2023-04-02,9000.00,0.59,110,35,1,150000.00,ข้าราชการ,2,ปกติ,27,0
L-26568,2023-04-02,39524.73,0.091,82,50,2,500000.00,พนักงานประจำ,1,ปกติ,15,0
L-26834,2023-04-02,22315.04,0.494,232,45,4,150000.00,ธุรกิจส่วนตัว,2,ปกติ,0,0
L-29446,2023-04-02,9000.00,0.224,227,55,4,500000.00,ธุรกิจส่วนตัว,2,ปกติ,16,0
L-30989,2023-04-02,37558.89,0.587,99,21,0,100000.00,ข้าราชการ,0,ปกติ,1,0
L-31258,2023-04-02,12818.27,0.477,47,23,6,150000.00,ข้าราชการ,0,ปิดบัญชีแล้ว,27,0
L-31485,2023-04-02,26336.49,0.552,29,35,3,500000.00,ธุรกิจส่วนตัว,1,ปิดบัญชีแล้ว,13,0
L-20073,2023-04-03,14508.50,0.529,15,63,3,50000.00,อาชีพอิสระ,0,ปิดบัญชีแล้ว,10,0
L-21810,2023-04-03,37005.59,0.593,104,39,6,200000.00,ธุรกิจส่วนตัว,2,ปกติ,21,0
L-23758,2023-04-03,25203.05,0.812,136,43,4,500000.00,อาชีพอิสระ,5,ค้างชำระ,85,1
L-24420,2023-04-03,40477.93,0.347,172,62,1,150000.00,ข้าราชการ,2,ปกติ,16,0
L-25907,2023-04-03,60867.10,0.255,67,50,2,50000.00,พนักงานประจำ,0,ปิดบัญชีแล้ว,24,0
L-26128,2023-04-03,28523.70,0.279,29,59,0,200000.00,อาชีพอิสระ,1,ปิดบัญชีแล้ว,22,0
L-26387,2023-04-03,39154.96,0.735,82,43,2,100000.00,อาชีพอิสระ,0,ปิดบัญชีแล้ว,7,0
L-27631,2023-04-03,57797.91,0.231,97,53,2,200000.00,อาชีพอิสระ,0,ปกติ,9,0
L-29772,2023-04-03,10727.68,0.405,104,50,2,300000.00,อาชีพอิสระ,2,ปิดบัญชีแล้ว,7,0
L-30038,2023-04-03,22915.27,0.409,138,34,1,150000.00,อาชีพอิสระ,1,ปิดบัญชีแล้ว,28,0
L-20387,2023-04-04,9225.13,0.31,39,46,3,50000.00,อาชีพอิสระ,1,ปกติ,17,0
L-22371,2023-04-04,49477.33,0.257,149,22,5,500000.00,ธุรกิจส่วนตัว,11,ค้างชำระ,134,1
L-24082,2023-04-04,46746.02,0.567,229,39,5,300000.00,ธุรกิจส่วนตัว,1,ปกติ,17,0
L-25557,2023-04-04,40466.98,0.343,139,21,6,500000.00,อาชีพอิสระ,0,ปิดบัญชีแล้ว,8,0
L-27088,2023-04-04,35903.40,0.362,184,63,0,150000.00,ธุรกิจส่วนตัว,0,ปกติ,2,0
L-27117,2023-04-04,34246.19,0.182,222,44,4,500000.00,พนักงานประจำ,0,ปิดบัญชีแล้ว,30,0
L-28754,2023-04-04,39781.83,0.222,26,64,5,300000.00,ธุรกิจส่วนตัว,1,ปิดบัญชีแล้ว,12,0
L-29383,2023-04-04,28522.84,0.02,169,21,0,200000.00,ข้าราชการ,2,ปกติ,21,0
L-29761,2023-04-04,21297.56,0.097,186,30,5,100000.00,อาชีพอิสระ,2,ปกติ,25,0
L-29815,2023-04-04,55180.57,0.169,188,44,3,150000.00,ธุรกิจส่วนตัว,2,ปกติ,13,0
L-30534,2023-04-04,30188.69,0.266,92,23,0,500000.00,พนักงานประจำ,0,ปิดบัญชีแล้ว,0,0
L-30660,2023-04-04,33152.01,0.237,161,45,5,50000.00,ข้าราชการ,0,ปกติ,21,0
L-20570,2023-04-05,20801.39,0.152,8,52,6,300000.00,พนักงานประจำ,2,ปิดบัญชีแล้ว,1,0
L-20974,2023-04-05,9000.00,0.562,220,32,5,50000.00,อาชีพอิสระ,1,ปกติ,6,0
L-21272,2023-04-05,52505.76,0.422,36,49,2,50000.00,อาชีพอิสระ,1,ปกติ,5,0
L-21464,2023-04-05,25430.46,0.474,187,62,2,150000.00,อาชีพอิสระ,0,ปกติ,23,0
L-22879,2023-04-05,50915.98,0.448,198,49,1,150000.00,ธุรกิจส่วนตัว,2,ปกติ,6,0
L-23322,2023-04-05,25596.01,0.25,90,32,3,150000.00,พนักงานประจำ,2,ปิดบัญชีแล้ว,18,0
L-23325,2023-04-05,31801.31,0.683,139,25,0,100000.00,พนักงานประจำ,0,ปกติ,21,0
L-23610,2023-04-05,41233.95,0.517,135,58,2,150000.00,ธุรกิจส่วนตัว,0,ปกติ,1,0
L-25214,2023-04-05,39837.52,0.468,67,44,0,300000.00,พนักงานประจำ,2,ปกติ,8,0
L-27041,2023-04-05,27635.70,0.453,27,61,0,50000.00,พนักงานประจำ,0,ปิดบัญชีแล้ว,21,0
L-27230,2023-04-05,25382.08,0.348,72,59,0,300000.00,ข้าราชการ,2,ปกติ,6,0
L-28468,2023-04-05,51440.04,0.656,141,65,3,50000.00,ธุรกิจส่วนตัว,2,ปกติ,6,0
L-29501,2023-04-05,42809.40,0.544,169,55,6,300000.00,พนักงานประจำ,1,ปกติ,11,0
L-29977,2023-04-05,37931.22,0.503,134,57,2,500000.00,ข้าราชการ,1,ปกติ,2,0
L-30545,2023-04-05,16435.94,0.404,39,47,6,150000.00,ข้าราชการ,9,ค้างชำระ,145,1
L-31603,2023-04-05,29874.60,0.51,92,58,4,100000.00,ข้าราชการ,2,ปกติ,0,0
L-20722,2023-04-06,28963.57,0.441,52,37,3,100000.00,พนักงานประจำ,2,ปิดบัญชีแล้ว,21,0
L-22755,2023-04-06,57973.53,0.317,61,34,3,500000.00,อาชีพอิสระ,2,ปกติ,2,0
L-24244,2023-04-06,29296.41,0.42,222,25,3,100000.00,อาชีพอิสระ,2,ปกติ,18,0
L-24382,2023-04-06,20204.49,0.488,11,56,0,300000.00,ธุรกิจส่วนตัว,1,ปกติ,20,0
L-24558,2023-04-06,13462.05,0.287,165,31,0,100000.00,ข้าราชการ,0,ปกติ,26,0
L-24808,2023-04-06,53935.60,0.322,3,59,0,200000.00,พนักงานประจำ,1,ปกติ,20,0
L-25008,2023-04-06,53776.74,0.534,14,38,5,200000.00,ข้าราชการ,1,ปกติ,14,0
L-27126,2023-04-06,35156.59,0.12,208,39,5,500000.00,ข้าราชการ,0,ปกติ,21,0
L-27227,2023-04-06,22806.74,0.419,102,32,2,100000.00,พนักงานประจำ,0,ปกติ,26,0
L-31896,2023-04-06,24778.77,0.881,168,49,2,200000.00,ข้าราชการ,1,ปกติ,7,0
L-20231,2023-04-07,18660.69,0.42,202,53,2,150000.00,ข้าราชการ,2,ปกติ,7,0
L-22983,2023-04-07,33600.84,0.207,110,61,4,100000.00,อาชีพอิสระ,2,ปกติ,29,0
L-23751,2023-04-07,43272.28,0.838,113,43,2,100000.00,พนักงานประจำ,2,ปิดบัญชีแล้ว,23,0
L-25242,2023-04-07,20779.50,0.293,93,49,3,500000.00,ข้าราชการ,0,ปกติ,6,0
L-25546,2023-04-07,45580.98,0.396,39,27,1,50000.00,พนักงานประจำ,0,ปกติ,19,0
L-26158,2023-04-07,13649.14,0.51,107,42,5,150000.00,พนักงานประจำ,4,ค้างชำระ,66,1
L-26171,2023-04-07,31674.72,0.439,25,64,1,200000.00,อาชีพอิสระ,2,ปกติ,23,0
L-26828,2023-04-07,16920.29,0.542,130,22,2,100000.00,อาชีพอิสระ,5,ค้างชำระ,178,1
L-26904,2023-04-07,37378.28,0.585,58,65,3,500000.00,อาชีพอิสระ,2,ปกติ,6,0
L-27290,2023-04-07,36568.22,0.217,67,24,3,100000.00,อาชีพอิสระ,1,ปกติ,2,0
L-28728,2023-04-07,28168.97,0.408,192,54,0,100000.00,พนักงานประจำ,2,ปกติ,2,0
L-29494,2023-04-07,56647.62,0.377,167,28,3,300000.00,ธุรกิจส่วนตัว,2,ปกติ,25,0
L-29742,2023-04-07,44582.33,0.437,234,58,1,300000.00,ข้าราชการ,2,ปกติ,6,0
L-30865,2023-04-07,37714.69,0.368,116,48,4,200000.00,พนักงานประจำ,2,ปกติ,29,0
L-31011,2023-04-07,40265.18,0.268,157,28,4,200000.00,อาชีพอิสระ,2,ปกติ,2,0
L-31777,2023-04-07,37925.69,0.417,76,22,1,200000.00,ข้าราชการ,1,ปกติ,5,0
L-24355,2023-04-08,43609.83,0.25,39,27,2,150000.00,พนักงานประจำ,0,ปกติ,22,0
L-24450,2023-04-08,44586.40,0.39,118,38,1,50000.00,อาชีพอิสระ,2,ปกติ,6,0
L-26971,2023-04-08,37648.99,0.795,155,43,3,150000.00,ธุรกิจส่วนตัว,2,ปกติ,1,0
L-27601,2023-04-08,30998.46,0.392,146,58,2,100000.00,อาชีพอิสระ,2,ปกติ,0,0
L-28421,2023-04-08,15759.65,0.467,32,61,0,500000.00,พนักงานประจำ,2,ปกติ,21,0
L-28646,2023-04-08,54208.91,0.439,156,29,4,200000.00,อาชีพอิสระ,0,ปกติ,29,0
L-29452,2023-04-08,30267.71,0.818,230,60,6,200000.00,พนักงานประจำ,6,ค้างชำระ,162,1
L-29643,2023-04-08,38036.96,0.094,224,48,3,100000.00,ธุรกิจส่วนตัว,0,ปิดบัญชีแล้ว,3,0
L-30755,2023-04-08,49749.21,0.187,150,40,5,50000.00,ธุรกิจส่วนตัว,1,ปกติ,3,0
L-31508,2023-04-08,9000.00,0.453,155,63,0,500000.00,พนักงานประจำ,2,ปกติ,30,0
L-31985,2023-04-08,16960.59,0.666,197,63,2,200000.00,อาชีพอิสระ,1,ปกติ,6,0
L-22406,2023-04-09,44025.74,0.046,73,59,3,50000.00,อาชีพอิสระ,2,ปิดบัญชีแล้ว,30,0
L-22747,2023-04-09,43398.73,0.452,106,56,1,100000.00,พนักงานประจำ,0,ปกติ,19,0
L-23212,2023-04-09,31297.40,0.404,101,37,0,150000.00,พนักงานประจำ,0,ปิดบัญชีแล้ว,5,0
L-26291,2023-04-09,39154.96,0.46,150,65,5,300000.00,ข้าราชการ,0,ปกติ,29,0
L-27500,2023-04-09,21495.05,0.337,85,65,3,50000.00,ธุรกิจส่วนตัว,0,ปิดบัญชีแล้ว,19,0
L-27616,2023-04-09,27059.53,0.201,115,45,2,500000.00,พนักงานประจำ,2,ปกติ,20,0
L-30708,2023-04-09,44815.23,0.543,50,24,3,100000.00,ธุรกิจส่วนตัว,1,ปกติ,23,0
L-31633,2023-04-09,42146.25,0.168,205,30,2,50000.00,พนักงานประจำ,1,ปกติ,18,0
L-20852,2023-04-10,26451.00,0.241,91,40,3,100000.00,พนักงานประจำ,1,ปกติ,6,0
L-22469,2023-04-10,31709.03,0.62,0,56,2,150000.00,อาชีพอิสระ,2,ปกติ,17,0
L-25421,2023-04-10,30000.87,0.351,30,22,1,150000.00,พนักงานประจำ,0,ปกติ,10,0
L-27599,2023-04-10,28170.36,0.591,172,33,1,150000.00,ข้าราชการ,0,ปกติ,2,0
L-27948,2023-04-10,21488.55,0.616,156,61,2,50000.00,พนักงานประจำ,0,ปกติ,14,0
L-31906,2023-04-10,17427.68,0.302,202,33,4,300000.00,ธุรกิจส่วนตัว,0,ปกติ,7,0
L-31923,2023-04-10,42080.92,0.372,147,46,1,500000.00,อาชีพอิสระ,1,ปกติ,6,0
L-20464,2023-04-11,32122.72,0.02,239,57,6,300000.00,ข้าราชการ,2,ปิดบัญชีแล้ว,8,0
L-21311,2023-04-11,22715.34,0.186,188,54,6,50000.00,ธุรกิจส่วนตัว,2,ปกติ,19,0
L-21418,2023-04-11,20147.72,0.214,105,29,0,300000.00,อาชีพอิสระ,2,ปกติ,17,0
L-23078,2023-04-11,20372.21,0.607,152,56,6,200000.00,ข้าราชการ,1,ปิดบัญชีแล้ว,11,0
L-24644,2023-04-11,17235.37,0.228,150,44,4,500000.00,พนักงานประจำ,1,ปกติ,17,0
L-25048,2023-04-11,41427.19,0.416,191,39,2,500000.00,พนักงานประจำ,2,ปกติ,5,0
L-26968,2023-04-11,39079.52,0.6,33,37,0,200000.00,พนักงานประจำ,1,ปกติ,4,0
L-28489,2023-04-11,36987.34,0.463,177,47,5,50000.00,ข้าราชการ,1,ปกติ,0,0
L-28673,2023-04-11,21694.84,0.037,124,31,5,300000.00,ข้าราชการ,1,ปกติ,22,0
L-30438,2023-04-11,14542.40,0.162,177,39,1,50000.00,ข้าราชการ,2,ปิดบัญชีแล้ว,8,0
L-20473,2023-04-12,41258.13,0.294,84,47,4,300000.00,ธุรกิจส่วนตัว,1,ปกติ,4,0
L-23127,2023-04-12,27386.85,0.428,129,61,0,500000.00,พนักงานประจำ,2,ปกติ,25,0
L-23302,2023-04-12,28756.73,0.02,69,30,4,100000.00,พนักงานประจำ,2,ปกติ,21,0
L-25699,2023-04-12,42847.56,0.494,102,25,5,200000.00,พนักงานประจำ,1,ปกติ,21,0
L-29128,2023-04-12,65379.27,0.229,40,37,4,500000.00,พนักงานประจำ,0,ปกติ,30,0
L-29598,2023-04-12,17000.14,0.293,44,40,4,500000.00,อาชีพอิสระ,0,ปกติ,3,0
L-30680,2023-04-12,42560.89,0.479,136,52,3,100000.00,ธุรกิจส่วนตัว,2,ปกติ,17,0
L-30884,2023-04-12,43058.63,0.305,125,65,4,500000.00,ธุรกิจส่วนตัว,2,ปิดบัญชีแล้ว,6,0
L-31043,2023-04-12,38866.01,0.468,32,35,5,500000.00,ข้าราชการ,0,ปกติ,13,0
L-20539,2023-04-13,49689.10,0.261,78,32,1,150000.00,อาชีพอิสระ,1,ปกติ,21,0
L-21123,2023-04-13,9000.00,0.353,61,35,4,50000.00,ข้าราชการ,1,ปิดบัญชีแล้ว,24,0
L-22663,2023-04-13,9000.00,0.189,18,47,2,200000.00,พนักงานประจำ,2,ปกติ,6,0
L-23966,2023-04-13,30031.74,0.465,76,62,0,100000.00,พนักงานประจำ,2,ปกติ,29,0
L-24799,2023-04-13,18397.31,0.484,19,52,5,300000.00,ธุรกิจส่วนตัว,1,ปกติ,16,0
L-25156,2023-04-13,46917.60,0.605,9,40,2,300000.00,พนักงานประจำ,2,ปิดบัญชีแล้ว,29,0
L-25328,2023-04-13,9000.00,0.426,196,24,2,100000.00,ธุรกิจส่วนตัว,0,ปกติ,0,0
L-27338,2023-04-13,22139.19,0.117,185,40,5,300000.00,อาชีพอิสระ,2,ปกติ,0,0
L-28629,2023-04-13,38980.17,0.66,226,36,6,50000.00,ธุรกิจส่วนตัว,1,ปกติ,20,0
L-28649,2023-04-13,43001.74,0.327,143,40,1,150000.00,อาชีพอิสระ,0,ปกติ,8,0
L-30123,2023-04-13,39002.48,0.541,158,27,2,50000.00,พนักงานประจำ,2,ปกติ,11,0
L-30910,2023-04-13,30539.68,0.453,124,41,6,500000.00,ข้าราชการ,1,ปกติ,3,0
L-31203,2023-04-13,30991.42,0.464,27,23,5,500000.00,ข้าราชการ,0,ปกติ,2,0
L-31988,2023-04-13,19874.22,0.164,5,58,6,150000.00,พนักงานประจำ,2,ปิดบัญชีแล้ว,4,0
L-22744,2023-04-14,61497.03,0.459,224,55,4,300000.00,ธุรกิจส่วนตัว,1,ปกติ,5,0
L-23889,2023-04-14,45952.86,0.481,192,55,6,50000.00,อาชีพอิสระ,13,ค้างชำระ,53,1
L-23973,2023-04-14,46278.06,0.155,218,61,6,100000.00,พนักงานประจำ,2,ปกติ,4,0
L-24758,2023-04-14,14331.03,0.311,123,44,2,500000.00,พนักงานประจำ,1,ปกติ,26,0
L-25095,2023-04-14,17903.91,0.158,37,32,2,50000.00,ธุรกิจส่วนตัว,1,ปิดบัญชีแล้ว,4,0
L-25884,2023-04-14,46421.83,0.708,48,49,6,200000.00,ธุรกิจส่วนตัว,0,ปกติ,17,0
L-26722,2023-04-14,9000.00,0.388,181,42,3,100000.00,ข้าราชการ,1,ปกติ,13,0
L-28360,2023-04-14,42346.99,0.238,69,38,1,100000.00,ธุรกิจส่วนตัว,0,ปกติ,8,0
L-29936,2023-04-14,9000.00,0.361,169,25,3,500000.00,อาชีพอิสระ,0,ปกติ,26,0
L-30089,2023-04-14,37130.28,0.384,42,60,5,50000.00,ข้าราชการ,2,ปกติ,8,0
L-31356,2023-04-14,37888.19,0.313,204,44,2,200000.00,ข้าราชการ,0,ปกติ,6,0
L-20109,2023-04-15,47455.39,0.153,215,27,1,100000.00,พนักงานประจำ,1,ปกติ,15,0
L-21909,2023-04-15,9000.00,0.43,81,34,6,150000.00,ข้าราชการ,0,ปิดบัญชีแล้ว,30,0
L-23008,2023-04-15,29609.35,0.428,171,46,2,300000.00,อาชีพอิสระ,1,ปกติ,11,0
L-25028,2023-04-15,19084.17,0.449,60,36,3,50000.00,พนักงานประจำ,0,ปกติ,1,0
L-25431,2023-04-15,9000.00,0.63,137,39,2,100000.00,อาชีพอิสระ,0,ปิดบัญชีแล้ว,8,0
L-27432,2023-04-15,17257.82,0.505,237,49,1,500000.00,ข้าราชการ,0,ปกติ,13,0
L-28209,2023-04-15,44115.28,0.611,121,38,3,100000.00,พนักงานประจำ,2,ปกติ,29,0
L-29436,2023-04-15,47389.00,0.482,224,24,3,150000.00,ธุรกิจส่วนตัว,1,ปกติ,0,0
L-30614,2023-04-15,24687.10,0.369,73,57,3,500000.00,พนักงานประจำ,2,ปิดบัญชีแล้ว,6,0
L-31266,2023-04-15,48671.73,0.594,141,35,3,150000.00,พนักงานประจำ,1,ปกติ,12,0
L-20060,2023-04-16,80849.49,0.496,206,25,2,100000.00,พนักงานประจำ,0,ปิดบัญชีแล้ว,21,0
L-20403,2023-04-16,33771.91,0.141,97,56,0,500000.00,อาชีพอิสระ,1,ปกติ,29,0
L-22304,2023-04-16,9000.00,0.349,42,21,0,100000.00,ธุรกิจส่วนตัว,0,ปกติ,9,0
L-23077,2023-04-16,22784.25,0.296,118,23,1,300000.00,ธุรกิจส่วนตัว,2,ปกติ,28,0
L-23589,2023-04-16,29974.90,0.682,177,63,5,150000.00,อาชีพอิสระ,0,ปกติ,5,0
L-24112,2023-04-16,17091.55,0.477,67,55,0,50000.00,ธุรกิจส่วนตัว,2,ปกติ,15,0
L-25405,2023-04-16,37187.08,0.121,173,54,5,300000.00,ธุรกิจส่วนตัว,2,ปกติ,6,0
L-25437,2023-04-16,15972.05,0.336,49,30,5,200000.00,พนักงานประจำ,12,ค้างชำระ,146,1
L-25536,2023-04-16,31690.80,0.504,183,27,2,500000.00,พนักงานประจำ,0,ปิดบัญชีแล้ว,22,0
L-26771,2023-04-16,46186.75,0.36,13,51,3,500000.00,ธุรกิจส่วนตัว,9,ค้างชำระ,147,1
L-27637,2023-04-16,26344.82,0.427,161,43,3,500000.00,พนักงานประจำ,0,ปกติ,22,0
L-27669,2023-04-16,44082.51,0.354,22,63,2,100000.00,ธุรกิจส่วนตัว,0,ปกติ,13,0
L-27727,2023-04-16,29956.99,0.298,189,64,5,300000.00,ธุรกิจส่วนตัว,0,ปกติ,8,0
L-29582,2023-04-16,54728.35,0.389,188,21,3,100000.00,ธุรกิจส่วนตัว,0,ปกติ,20,0
L-29763,2023-04-16,40814.19,0.197,79,32,6,150000.00,ข้าราชการ,0,ปกติ,24,0
L-30730,2023-04-16,29363.69,0.357,168,22,1,300000.00,ธุรกิจส่วนตัว,2,ปกติ,23,0
L-31581,2023-04-16,43192.21,0.425,34,57,2,150000.00,ธุรกิจส่วนตัว,0,ปิดบัญชีแล้ว,7,0
L-23238,2023-04-17,36449.66,0.303,23,62,1,300000.00,พนักงานประจำ,1,ปกติ,12,0
L-24298,2023-04-17,21120.88,0.098,9,32,2,300000.00,ข้าราชการ,1,ปิดบัญชีแล้ว,19,0
L-25548,2023-04-17,41148.15,0.323,17,59,4,500000.00,ธุรกิจส่วนตัว,13,ค้างชำระ,144,1
L-25703,2023-04-17,37538.86,0.093,159,63,2,150000.00,อาชีพอิสระ,2,ปกติ,15,0
L-25773,2023-04-17,21058.91,0.245,17,42,5,300000.00,อาชีพอิสระ,2,ปกติ,14,0
L-28842,2023-04-17,51524.34,0.406,223,31,1,200000.00,พนักงานประจำ,1,ปกติ,7,0
L-29498,2023-04-17,50614.11,0.478,107,47,2,150000.00,ข้าราชการ,0,ปกติ,9,0
L-31780,2023-04-17,17997.46,0.586,63,49,0,100000.00,ข้าราชการ,2,ปกติ,30,0
L-22116,2023-04-18,19074.80,0.489,112,36,1,500000.00,พนักงานประจำ,0,ปกติ,18,0
L-22341,2023-04-18,44014.15,0.314,80,60,2,100000.00,อาชีพอิสระ,0,ปกติ,0,0
L-24096,2023-04-18,27602.46,0.38,110,41,2,50000.00,อาชีพอิสระ,2,ปกติ,2,0
L-24712,2023-04-18,9000.00,0.528,126,27,2,50000.00,ข้าราชการ,4,ค้างชำระ,122,1
L-26003,2023-04-18,44774.61,0.275,135,38,2,50000.00,พนักงานประจำ,0,ปิดบัญชีแล้ว,13,0
L-26517,2023-04-18,11489.42,0.72,129,48,3,50000.00,ธุรกิจส่วนตัว,0,ปกติ,24,0
L-26881,2023-04-18,26776.19,0.14,105,49,5,500000.00,อาชีพอิสระ,0,ปิดบัญชีแล้ว,11,0
L-27342,2023-04-18,40130.62,0.683,48,64,5,200000.00,อาชีพอิสระ,14,ค้างชำระ,132,1
L-27517,2023-04-18,39565.44,0.457,2,55,0,150000.00,อาชีพอิสระ,1,ปิดบัญชีแล้ว,11,0
L-27558,2023-04-18,20577.28,0.406,5,47,2,500000.00,ข้าราชการ,2,ปกติ,4,0
L-28300,2023-04-18,36634.15,0.225,120,61,2,200000.00,อาชีพอิสระ,2,ปิดบัญชีแล้ว,5,0
L-28497,2023-04-18,34030.56,0.244,26,35,5,300000.00,ข้าราชการ,2,ปกติ,21,0
L-30418,2023-04-18,25423.26,0.622,178,65,5,500000.00,พนักงานประจำ,0,ปกติ,0,0
L-31121,2023-04-18,28201.60,0.315,132,46,1,150000.00,ธุรกิจส่วนตัว,2,ปกติ,4,0
L-31449,2023-04-18,28570.75,0.389,67,38,2,300000.00,อาชีพอิสระ,0,ปิดบัญชีแล้ว,18,0
L-20077,2023-04-19,18374.33,0.333,51,25,0,50000.00,อาชีพอิสระ,2,ปกติ,15,0
L-20181,2023-04-19,32298.37,0.45,76,27,6,300000.00,อาชีพอิสระ,1,ปกติ,11,0
L-21046,2023-04-19,31388.93,0.347,50,42,3,500000.00,ธุรกิจส่วนตัว,2,ปกติ,26,0
L-22226,2023-04-19,19253.16,0.814,59,32,3,150000.00,อาชีพอิสระ,1,ปกติ,29,0
L-22867,2023-04-19,24604.17,0.49,4,39,2,300000.00,ข้าราชการ,0,ปกติ,8,0
L-22897,2023-04-19,33838.48,0.623,105,60,2,500000.00,พนักงานประจำ,2,ปกติ,5,0
L-23024,2023-04-19,48079.44,0.11,147,36,6,100000.00,อาชีพอิสระ,1,ปกติ,10,0
L-23086,2023-04-19,44620.37,0.112,227,24,5,200000.00,ธุรกิจส่วนตัว,2,ปกติ,0,0
L-23880,2023-04-19,22379.12,0.02,4,23,6,100000.00,ธุรกิจส่วนตัว,0,ปกติ,8,0
L-25712,2023-04-19,28253.40,0.409,50,40,5,200000.00,ธุรกิจส่วนตัว,1,ปกติ,11,0
L-26239,2023-04-19,59792.86,0.369,235,38,0,50000.00,ข้าราชการ,1,ปกติ,30,0
L-26394,2023-04-19,9000.00,0.395,223,27,1,100000.00,ธุรกิจส่วนตัว,1,ปกติ,9,0
L-26812,2023-04-19,22305.78,0.21,75,56,4,150000.00,อาชีพอิสระ,0,ปกติ,2,0
L-26877,2023-04-19,39631.04,0.466,80,33,5,100000.00,อาชีพอิสระ,2,ปกติ,26,0
L-27615,2023-04-19,21279.90,0.57,58,33,3,300000.00,ข้าราชการ,2,ปกติ,13,0
L-28128,2023-04-19,32598.01,0.326,66,26,1,100000.00,ข้าราชการ,2,ปกติ,13,0
L-29164,2023-04-19,23190.64,0.14,208,51,0,200000.00,ธุรกิจส่วนตัว,2,ปกติ,4,0
L-29671,2023-04-19,21552.68,0.142,192,64,2,500000.00,อาชีพอิสระ,0,ปกติ,18,0
L-30021,2023-04-19,36122.17,0.4,63,34,2,150000.00,พนักงานประจำ,0,ปกติ,23,0
L-20002,2023-04-20,25665.92,0.564,215,59,0,500000.00,ข้าราชการ,0,ปกติ,12,0
L-20222,2023-04-20,25477.59,0.441,226,25,3,150000.00,ข้าราชการ,0,ปิดบัญชีแล้ว,28,0
L-20916,2023-04-20,16408.26,0.416,129,27,1,50000.00,ธุรกิจส่วนตัว,0,ปกติ,7,0
L-21967,2023-04-20,20488.01,0.749,131,31,1,200000.00,ธุรกิจส่วนตัว,1,ปกติ,4,0
L-23375,2023-04-20,32503.44,0.566,191,32,4,500000.00,ข้าราชการ,1,ปกติ,21,0
L-24001,2023-04-20,40370.15,0.356,75,31,4,500000.00,ข้าราชการ,0,ปกติ,18,0
L-24323,2023-04-20,63295.55,0.604,86,53,3,300000.00,ธุรกิจส่วนตัว,0,ปกติ,3,0
L-27084,2023-04-20,24713.58,0.319,41,58,4,200000.00,พนักงานประจำ,2,ปกติ,3,0
L-28727,2023-04-20,21350.41,0.363,76,39,5,500000.00,ธุรกิจส่วนตัว,2,ปกติ,19,0
L-20333,2023-04-21,32491.69,0.083,10,60,3,200000.00,อาชีพอิสระ,0,ปกติ,30,0
L-21300,2023-04-21,47782.47,0.346,228,50,4,50000.00,ข้าราชการ,0,ปกติ,6,0
L-22049,2023-04-21,24851.08,0.197,168,23,3,100000.00,พนักงานประจำ,1,ปกติ,27,0
L-22976,2023-04-21,48279.18,0.052,59,25,6,50000.00,อาชีพอิสระ,0,ปกติ,3,0
L-23095,2023-04-21,24823.44,0.356,93,39,5,150000.00,อาชีพอิสระ,0,ปกติ,30,0
L-25568,2023-04-21,9000.00,0.02,222,53,0,100000.00,ข้าราชการ,0,ปกติ,15,0
L-26295,2023-04-21,32791.15,0.454,74,29,6,300000.00,อาชีพอิสระ,0,ปกติ,15,0
L-26522,2023-04-21,34226.36,0.329,183,50,1,500000.00,ธุรกิจส่วนตัว,1,ปกติ,17,0
L-26848,2023-04-21,45796.80,0.259,68,38,3,300000.00,พนักงานประจำ,2,ปิดบัญชีแล้ว,3,0
L-27124,2023-04-21,37883.17,0.822,144,46,4,100000.00,อาชีพอิสระ,2,ปิดบัญชีแล้ว,29,0
L-30246,2023-04-21,46271.46,0.427,21,57,5,50000.00,ธุรกิจส่วนตัว,2,ปกติ,13,0
L-20738,2023-04-22,43200.31,0.292,8,36,3,200000.00,ข้าราชการ,2,ปกติ,14,0
L-24522,2023-04-22,26376.13,0.485,59,29,2,200000.00,ธุรกิจส่วนตัว,1,ปกติ,16,0
L-25207,2023-04-22,27741.79,0.132,222,54,4,300000.00,ธุรกิจส่วนตัว,1,ปิดบัญชีแล้ว,29,0
L-25486,2023-04-22,51386.53,0.448,57,30,3,100000.00,อาชีพอิสระ,2,ปกติ,3,0
L-26035,2023-04-22,43394.27,0.224,99,37,5,500000.00,พนักงานประจำ,0,ปกติ,1,0
L-26280,2023-04-22,15297.00,0.185,48,47,1,50000.00,พนักงานประจำ,2,ปกติ,12,0
L-26470,2023-04-22,36196.33,0.731,42,63,0,300000.00,ธุรกิจส่วนตัว,2,ปกติ,24,0
L-26948,2023-04-22,15361.79,0.719,188,27,0,150000.00,ข้าราชการ,0,ปกติ,1,0
L-28815,2023-04-22,47233.60,0.452,203,24,3,300000.00,พนักงานประจำ,0,ปกติ,12,0
L-29702,2023-04-22,33031.69,0.507,104,30,5,500000.00,อาชีพอิสระ,5,ค้างชำระ,157,1
L-31337,2023-04-22,44324.38,0.121,113,29,5,200000.00,ข้าราชการ,0,ปกติ,4,0
L-20305,2023-04-23,16451.44,0.599,157,31,3,100000.00,พนักงานประจำ,0,ปิดบัญชีแล้ว,21,0
L-20680,2023-04-23,16063.07,0.472,54,37,6,200000.00,ข้าราชการ,0,ปิดบัญชีแล้ว,30,0
L-20743,2023-04-23,31285.35,0.153,158,37,3,100000.00,อาชีพอิสระ,1,ปกติ,13,0
L-24686,2023-04-23,24970.77,0.486,154,36,2,500000.00,อาชีพอิสระ,1,ปกติ,16,0
L-24742,2023-04-23,9000.00,0.571,97,62,2,300000.00,ข้าราชการ,8,ค้างชำระ,177,1
L-24875,2023-04-23,52720.90,0.366,7,29,4,500000.00,ข้าราชการ,0,ปิดบัญชีแล้ว,23,0
L-25878,2023-04-23,32058.22,0.633,228,40,1,500000.00,ธุรกิจส่วนตัว,2,ปกติ,24,0
L-28777,2023-04-23,45169.81,0.293,95,60,1,50000.00,ข้าราชการ,2,ปิดบัญชีแล้ว,2,0
L-29856,2023-04-23,42346.84,0.023,237,30,2,200000.00,พนักงานประจำ,2,ปกติ,5,0
L-29941,2023-04-23,27492.97,0.569,82,48,2,300000.00,ข้าราชการ,2,ปกติ,12,0
L-30795,2023-04-23,43951.39,0.161,204,61,2,50000.00,อาชีพอิสระ,2,ปกติ,8,0
L-20101,2023-04-24,38005.49,0.352,163,23,0,300000.00,ธุรกิจส่วนตัว,0,ปกติ,18,0
L-20394,2023-04-24,33315.39,0.237,108,39,1,50000.00,พนักงานประจำ,0,ปกติ,30,0
L-21150,2023-04-24,25232.43,0.46,42,62,2,50000.00,ข้าราชการ,2,ปิดบัญชีแล้ว,20,0
L-22810,2023-04-24,40127.66,0.643,122,28,1,50000.00,พนักงานประจำ,1,ปกติ,9,0
L-23368,2023-04-24,11371.09,0.515,25,43,1,300000.00,ข้าราชการ,10,ค้างชำระ,129,1
L-23690,2023-04-24,73516.40,0.349,186,48,5,300000.00,ข้าราชการ,0,ปิดบัญชีแล้ว,25,0
L-23837,2023-04-24,45716.70,0.599,64,62,2,300000.00,ข้าราชการ,2,ปกติ,9,0
L-24608,2023-04-24,31771.88,0.369,8,34,6,50000.00,พนักงานประจำ,9,ค้างชำระ,148,1
L-26789,2023-04-24,45853.18,0.233,101,36,4,150000.00,ธุรกิจส่วนตัว,2,ปกติ,24,0
L-27164,2023-04-24,28079.69,0.428,87,36,2,500000.00,พนักงานประจำ,1,ปกติ,13,0
L-27494,2023-04-24,32888.50,0.296,22,33,1,300000.00,อาชีพอิสระ,1,ปิดบัญชีแล้ว,12,0
L-28106,2023-04-24,25613.65,0.511,227,65,4,100000.00,อาชีพอิสระ,4,ค้างชำระ,103,1
L-31192,2023-04-24,41519.58,0.228,141,57,0,100000.00,พนักงานประจำ,2,ปกติ,25,0
L-31330,2023-04-24,50240.47,0.473,23,37,3,300000.00,พนักงานประจำ,2,ปกติ,27,0
L-23354,2023-04-25,56526.33,0.02,168,50,0,500000.00,ธุรกิจส่วนตัว,1,ปกติ,10,0
L-23537,2023-04-25,32727.70,0.263,118,52,2,200000.00,ข้าราชการ,2,ปกติ,6,0
L-24679,2023-04-25,31431.79,0.543,73,62,2,100000.00,ธุรกิจส่วนตัว,0,ปกติ,23,0
L-24905,2023-04-25,17733.92,0.467,161,43,3,100000.00,ข้าราชการ,0,ปิดบัญชีแล้ว,12,0
L-25119,2023-04-25,42023.69,0.281,25,25,3,100000.00,ธุรกิจส่วนตัว,1,ปกติ,21,0
L-27434,2023-04-25,33850.06,0.171,176,65,5,100000.00,ธุรกิจส่วนตัว,1,ปกติ,5,0
L-28262,2023-04-25,52620.34,0.438,153,43,4,500000.00,อาชีพอิสระ,2,ปกติ,15,0
L-29489,2023-04-25,26354.97,0.402,133,21,2,50000.00,พนักงานประจำ,1,ปิดบัญชีแล้ว,3,0
L-30372,2023-04-25,31596.38,0.265,105,47,5,200000.00,พนักงานประจำ,1,ปกติ,4,0
L-30720,2023-04-25,23192.84,0.468,152,52,6,100000.00,ข้าราชการ,0,ปกติ,3,0
L-31593,2023-04-25,31560.27,0.429,53,46,6,150000.00,พนักงานประจำ,0,ปกติ,14,0
L-31743,2023-04-25,56103.59,0.75,233,54,0,500000.00,ธุรกิจส่วนตัว,0,ปกติ,15,0
L-31905,2023-04-25,60334.57,0.4,226,24,6,100000.00,พนักงานประจำ,0,ปกติ,26,0
L-20370,2023-04-26,12303.80,0.755,224,46,5,300000.00,ธุรกิจส่วนตัว,1,ปกติ,18,0
L-20845,2023-04-26,23951.83,0.444,161,38,3,150000.00,อาชีพอิสระ,2,ปิดบัญชีแล้ว,9,0
L-21688,2023-04-26,17249.78,0.279,236,54,3,150000.00,ข้าราชการ,0,ปิดบัญชีแล้ว,8,0
L-25126,2023-04-26,39760.71,0.626,100,65,1,150000.00,ข้าราชการ,0,ปกติ,29,0
L-25527,2023-04-26,30589.04,0.64,150,65,3,200000.00,ธุรกิจส่วนตัว,0,ปกติ,18,0
L-26837,2023-04-26,17604.50,0.453,26,45,3,500000.00,อาชีพอิสระ,1,ปกติ,0,0
L-27629,2023-04-26,29377.90,0.116,9,54,0,300000.00,อาชีพอิสระ,0,ปิดบัญชีแล้ว,25,0
L-29571,2023-04-26,38921.95,0.697,54,47,2,150000.00,ข้าราชการ,1,ปกติ,5,0
L-30129,2023-04-26,16226.31,0.37,228,44,6,50000.00,อาชีพอิสระ,2,ปกติ,24,0
L-30383,2023-04-26,33152.76,0.358,106,57,5,500000.00,ข้าราชการ,2,ปิดบัญชีแล้ว,14,0
L-30859,2023-04-26,30467.41,0.406,228,44,1,100000.00,ข้าราชการ,2,ปกติ,3,0
L-20527,2023-04-27,51261.34,0.912,112,57,2,500000.00,ข้าราชการ,5,ค้างชำระ,174,1
L-20986,2023-04-27,16523.91,0.46,99,58,6,150000.00,อาชีพอิสระ,1,ปกติ,2,0
L-21196,2023-04-27,31404.90,0.462,158,48,5,200000.00,ธุรกิจส่วนตัว,1,ปิดบัญชีแล้ว,14,0
L-21837,2023-04-27,42494.01,0.302,51,63,0,300000.00,ธุรกิจส่วนตัว,1,ปกติ,14,0
L-22678,2023-04-27,46581.78,0.148,155,53,0,200000.00,อาชีพอิสระ,0,ปกติ,26,0
L-25520,2023-04-27,18197.58,0.39,148,31,3,300000.00,ข้าราชการ,7,ค้างชำระ,111,1
L-25544,2023-04-27,40409.57,0.536,118,29,3,50000.00,ข้าราชการ,1,ปิดบัญชีแล้ว,27,0
L-26212,2023-04-27,32534.62,0.777,117,27,6,100000.00,อาชีพอิสระ,5,ค้างชำระ,61,1
L-27608,2023-04-27,40910.88,0.5,67,24,3,150000.00,ข้าราชการ,0,ปกติ,4,0
L-31924,2023-04-27,15651.73,0.31,103,27,1,300000.00,ธุรกิจส่วนตัว,0,ปกติ,10,0
L-20220,2023-04-28,37384.25,0.02,173,54,1,300000.00,พนักงานประจำ,2,ปกติ,12,0
L-20492,2023-04-28,36409.58,0.162,129,34,0,200000.00,อาชีพอิสระ,2,ปิดบัญชีแล้ว,12,0
L-20519,2023-04-28,39770.25,0.173,93,30,3,300000.00,อาชีพอิสระ,0,ปกติ,17,0
L-21121,2023-04-28,36707.06,0.287,111,30,4,300000.00,ธุรกิจส่วนตัว,2,ปกติ,7,0
L-22017,2023-04-28,48451.70,0.611,118,30,1,200000.00,ข้าราชการ,0,ปกติ,2,0
L-25464,2023-04-28,50198.20,0.287,14,63,1,200000.00,ข้าราชการ,0,ปิดบัญชีแล้ว,3,0
L-25576,2023-04-28,53450.42,0.489,70,27,6,100000.00,พนักงานประจำ,2,ปกติ,25,0
L-26241,2023-04-28,32351.12,0.198,37,56,3,100000.00,อาชีพอิสระ,2,ปิดบัญชีแล้ว,23,0
L-26432,2023-04-28,18999.36,0.211,95,31,6,500000.00,อาชีพอิสระ,1,ปกติ,18,0
L-28315,2023-04-28,49917.70,0.314,149,24,2,300000.00,ข้าราชการ,0,ปกติ,21,0
L-28548,2023-04-28,30032.49,0.236,217,25,0,50000.00,ธุรกิจส่วนตัว,1,ปกติ,8,0
L-28766,2023-04-28,41604.85,0.396,221,22,0,50000.00,พนักงานประจำ,1,ปกติ,9,0
L-29758,2023-04-28,28726.97,0.493,66,44,2,500000.00,ข้าราชการ,0,ปกติ,28,0
L-22558,2023-04-29,40694.37,0.408,123,47,5,100000.00,ข้าราชการ,0,ปกติ,2,0
L-23198,2023-04-29,25664.70,0.217,204,41,6,500000.00,ธุรกิจส่วนตัว,0,ปิดบัญชีแล้ว,9,0
L-27070,2023-04-29,20255.09,0.417,51,28,5,200000.00,อาชีพอิสระ,1,ปกติ,21,0
L-30068,2023-04-29,32324.43,0.157,225,36,4,500000.00,ธุรกิจส่วนตัว,0,ปิดบัญชีแล้ว,13,0
L-30947,2023-04-29,33557.82,0.483,68,40,3,300000.00,อาชีพอิสระ,0,ปิดบัญชีแล้ว,24,0
L-20194,2023-04-30,14816.75,0.304,45,26,6,100000.00,ธุรกิจส่วนตัว,2,ปกติ,4,0
L-21353,2023-04-30,45030.14,0.516,146,29,1,200000.00,อาชีพอิสระ,1,ปกติ,28,0
L-21357,2023-04-30,31184.18,0.528,88,38,0,50000.00,ธุรกิจส่วนตัว,1,ปิดบัญชีแล้ว,17,0
L-21517,2023-04-30,43126.16,0.338,141,31,5,50000.00,อาชีพอิสระ,2,ปกติ,17,0
L-22324,2023-04-30,9000.00,0.154,156,24,3,50000.00,ธุรกิจส่วนตัว,0,ปกติ,7,0
L-23957,2023-04-30,43230.31,0.293,236,59,1,200000.00,อาชีพอิสระ,1,ปกติ,26,0
L-24484,2023-04-30,34141.39,0.124,30,60,2,200000.00,อาชีพอิสระ,0,ปกติ,23,0
L-24794,2023-04-30,25362.21,0.463,45,61,0,300000.00,พนักงานประจำ,0,ปกติ,20,0
L-27345,2023-04-30,53549.09,0.194,227,60,4,300000.00,ธุรกิจส่วนตัว,0,ปกติ,23,0
L-29409,2023-04-30,33462.64,0.491,107,39,5,100000.00,ข้าราชการ,9,ค้างชำระ,175,1
L-30410,2023-04-30,30208.19,0.372,79,54,3,150000.00,ธุรกิจส่วนตัว,0,ปกติ,14,0
L-30550,2023-04-30,58232.18,0.434,46,30,0,150000.00,อาชีพอิสระ,1,ปกติ,11,0
L-30970,2023-04-30,23996.77,0.294,187,37,5,50000.00,ข้าราชการ,0,ปกติ,30,0
L-21804,2023-05-01,22208.96,0.167,55,50,1,100000.00,ข้าราชการ,0,ปกติ,19,0
L-23437,2023-05-01,37786.30,0.41,74,50,4,200000.00,อาชีพอิสระ,2,ปกติ,30,0
L-24666,2023-05-01,37369.44,0.416,177,26,3,300000.00,อาชีพอิสระ,2,ปกติ,20,0
L-25075,2023-05-01,58580.95,0.478,190,23,1,150000.00,อาชีพอิสระ,0,ปกติ,14,0
L-25697,2023-05-01,9000.00,0.446,94,33,2,500000.00,พนักงานประจำ,1,ปิดบัญชีแล้ว,25,0
L-27247,2023-05-01,10274.90,0.354,193,56,3,100000.00,ข้าราชการ,1,ปกติ,22,0
L-27406,2023-05-01,31331.83,0.283,145,64,3,200000.00,ธุรกิจส่วนตัว,2,ปกติ,15,0
L-27967,2023-05-01,13786.15,0.035,83,26,0,200000.00,ข้าราชการ,2,ปกติ,13,0
L-29551,2023-05-01,32993.23,0.157,77,55,1,100000.00,อาชีพอิสระ,0,ปิดบัญชีแล้ว,27,0
L-30142,2023-05-01,17806.25,0.44,201,42,1,500000.00,ธุรกิจส่วนตัว,0,ปิดบัญชีแล้ว,16,0
L-31795,2023-05-01,35449.68,0.426,53,64,0,200000.00,พนักงานประจำ,2,ปกติ,15,0
L-31900,2023-05-01,26845.34,0.119,93,53,4,150000.00,พนักงานประจำ,1,ปิดบัญชีแล้ว,18,0
L-21681,2023-05-02,22653.95,0.55,201,51,2,500000.00,ธุรกิจส่วนตัว,1,ปกติ,25,0
L-21716,2023-05-02,37421.61,0.45,63,23,4,200000.00,อาชีพอิสระ,0,ปกติ,14,0
L-22038,2023-05-02,32889.27,0.168,179,58,0,100000.00,อาชีพอิสระ,2,ปกติ,27,0
L-22677,2023-05-02,28214.87,0.377,159,54,2,50000.00,ข้าราชการ,2,ปิดบัญชีแล้ว,0,0
L-22871,2023-05-02,21805.57,0.502,19,21,2,300000.00,อาชีพอิสระ,0,ปกติ,7,0
L-23271,2023-05-02,50728.65,0.614,152,43,0,500000.00,อาชีพอิสระ,1,ปกติ,22,0
L-24403,2023-05-02,32593.94,0.44,207,64,0,150000.00,ข้าราชการ,0,ปิดบัญชีแล้ว,25,0
L-24804,2023-05-02,41046.60,0.179,88,28,5,200000.00,ข้าราชการ,0,ปกติ,3,0
L-25275,2023-05-02,47524.36,0.534,51,65,1,150000.00,พนักงานประจำ,1,ปกติ,30,0
L-25339,2023-05-02,33204.15,0.35,10,39,0,100000.00,ข้าราชการ,0,ปิดบัญชีแล้ว,22,0
L-25533,2023-05-02,37453.24,0.281,51,24,6,500000.00,พนักงานประจำ,0,ปกติ,9,0
L-26897,2023-05-02,41916.74,0.433,202,47,3,300000.00,ข้าราชการ,0,ปกติ,3,0
L-27304,2023-05-02,15354.00,0.177,115,38,6,100000.00,ข้าราชการ,2,ปกติ,19,0
L-27502,2023-05-02,39860.54,0.288,175,46,5,500000.00,ข้าราชการ,9,ค้างชำระ,141,1
L-28643,2023-05-02,22322.01,0.505,145,28,3,150000.00,ข้าราชการ,2,ปกติ,14,0
L-29415,2023-05-02,50821.39,0.601,36,25,2,100000.00,ธุรกิจส่วนตัว,2,ปกติ,14,0
L-31267,2023-05-02,13463.44,0.416,227,43,5,50000.00,พนักงานประจำ,1,ปิดบัญชีแล้ว,4,0
L-20525,2023-05-03,25095.90,0.612,186,57,0,100000.00,พนักงานประจำ,1,ปกติ,2,0
L-21238,2023-05-03,14735.13,0.121,13,47,6,150000.00,ข้าราชการ,0,ปิดบัญชีแล้ว,21,0
L-23654,2023-05-03,42989.39,0.286,23,22,1,150000.00,พนักงานประจำ,2,ปกติ,11,0
L-24597,2023-05-03,43655.23,0.439,18,39,5,500000.00,อาชีพอิสระ,2,ปิดบัญชีแล้ว,19,0
L-25107,2023-05-03,44913.15,0.561,212,44,3,500000.00,ข้าราชการ,2,ปกติ,9,0
L-25702,2023-05-03,53511.23,0.525,67,63,5,300000.00,พนักงานประจำ,2,ปกติ,24,0
L-22405,2023-05-04,23726.43,0.472,74,54,3,50000.00,พนักงานประจำ,2,ปิดบัญชีแล้ว,24,0
L-25097,2023-05-04,16978.32,0.661,152,32,5,100000.00,ข้าราชการ,2,ปิดบัญชีแล้ว,22,0
L-27574,2023-05-04,46797.55,0.177,63,30,5,50000.00,อาชีพอิสระ,6,ค้างชำระ,129,1
L-29639,2023-05-04,43538.82,0.226,212,49,6,500000.00,อาชีพอิสระ,1,ปกติ,0,0
L-29688,2023-05-04,27825.19,0.383,140,40,0,150000.00,ข้าราชการ,1,ปกติ,10,0
L-29933,2023-05-04,41626.62,0.364,66,48,5,150000.00,อาชีพอิสระ,2,ปกติ,27,0
L-30183,2023-05-04,56752.90,0.671,152,41,0,200000.00,พนักงานประจำ,2,ปิดบัญชีแล้ว,6,0
L-30876,2023-05-04,21444.58,0.479,26,29,4,100000.00,พนักงานประจำ,1,ปิดบัญชีแล้ว,9,0
L-31651,2023-05-04,32134.09,0.416,191,47,4,500000.00,ธุรกิจส่วนตัว,1,ปกติ,18,0
L-20659,2023-05-05,50810.95,0.686,4,23,6,200000.00,ข้าราชการ,9,ค้างชำระ,132,1
L-22376,2023-05-05,25117.25,0.179,64,41,1,500000.00,ข้าราชการ,2,ปกติ,14,0
L-22484,2023-05-05,32445.36,0.571,78,57,2,300000.00,ข้าราชการ,2,ปกติ,10,0
L-23130,2023-05-05,33671.50,0.17,175,34,3,150000.00,ข้าราชการ,2,ปิดบัญชีแล้ว,20,0
L-24801,2023-05-05,14247.84,0.378,96,32,0,100000.00,อาชีพอิสระ,0,ปกติ,28,0
L-25565,2023-05-05,9000.00,0.308,95,59,0,150000.00,ข้าราชการ,1,ปกติ,17,0
L-27935,2023-05-05,54151.95,0.349,82,40,1,200000.00,อาชีพอิสระ,0,ปิดบัญชีแล้ว,30,0
L-29214,2023-05-05,15609.61,0.394,160,25,3,200000.00,อาชีพอิสระ,2,ปกติ,8,0
L-29707,2023-05-05,43511.67,0.23,233,51,6,50000.00,พนักงานประจำ,2,ปกติ,15,0
L-29813,2023-05-05,46053.47,0.401,194,37,2,200000.00,อาชีพอิสระ,0,ปกติ,9,0
L-30095,2023-05-05,14906.72,0.433,7,28,2,100000.00,พนักงานประจำ,2,ปกติ,7,0
L-31247,2023-05-05,24003.89,0.591,66,36,4,150000.00,อาชีพอิสระ,8,ค้างชำระ,180,1
L-20205,2023-05-06,13758.26,0.422,148,64,0,50000.00,ธุรกิจส่วนตัว,1,ปกติ,1,0
L-20756,2023-05-06,29987.44,0.189,83,39,0,150000.00,อาชีพอิสระ,0,ปกติ,6,0
L-21072,2023-05-06,34112.46,0.396,42,61,6,300000.00,ข้าราชการ,3,ค้างชำระ,175,1
L-23419,2023-05-06,41930.57,0.737,88,47,0,100000.00,ธุรกิจส่วนตัว,0,ปกติ,14,0
L-24275,2023-05-06,32965.70,0.529,109,56,1,150000.00,อาชีพอิสระ,1,ปกติ,7,0
L-24771,2023-05-06,9000.00,0.222,210,22,3,300000.00,อาชีพอิสระ,0,ปกติ,8,0
L-26073,2023-05-06,17106.36,0.669,28,32,3,100000.00,พนักงานประจำ,0,ปกติ,10,0
L-26117,2023-05-06,46233.47,0.398,67,25,0,300000.00,ข้าราชการ,0,ปิดบัญชีแล้ว,29,0
L-26457,2023-05-06,18607.94,0.535,239,43,2,100000.00,พนักงานประจำ,0,ปกติ,17,0
L-27726,2023-05-06,22182.61,0.589,130,44,5,100000.00,พนักงานประจำ,1,ปกติ,19,0
L-27832,2023-05-06,28525.07,0.35,193,36,1,500000.00,ธุรกิจส่วนตัว,1,ปกติ,21,0
L-30063,2023-05-06,42084.05,0.554,122,65,2,200000.00,ธุรกิจส่วนตัว,1,ปิดบัญชีแล้ว,16,0
L-26015,2023-05-07,42765.49,0.597,24,27,2,300000.00,ธุรกิจส่วนตัว,1,ปกติ,14,0
L-26994,2023-05-07,9000.00,0.205,135,53,5,50000.00,ธุรกิจส่วนตัว,1,ปิดบัญชีแล้ว,22,0
L-28311,2023-05-07,38936.84,0.192,155,47,3,200000.00,อาชีพอิสระ,2,ปกติ,16,0
L-29180,2023-05-07,52219.11,0.207,191,38,2,500000.00,อาชีพอิสระ,1,ปกติ,26,0
L-29944,2023-05-07,25720.72,0.468,129,63,1,300000.00,อาชีพอิสระ,2,ปกติ,20,0
L-30260,2023-05-07,32731.35,0.415,125,44,2,200000.00,ธุรกิจส่วนตัว,0,ปิดบัญชีแล้ว,13,0
L-30289,2023-05-07,40716.54,0.308,99,56,4,150000.00,ข้าราชการ,0,ปิดบัญชีแล้ว,1,0
L-30345,2023-05-07,34349.79,0.412,195,36,6,50000.00,ข้าราชการ,2,ปกติ,4,0
L-21364,2023-05-08,54287.22,0.441,71,65,0,500000.00,ข้าราชการ,0,ปกติ,13,0
L-21729,2023-05-08,12510.90,0.02,43,21,4,100000.00,อาชีพอิสระ,0,ปกติ,10,0
L-22399,2023-05-08,41658.27,0.407,40,22,6,100000.00,พนักงานประจำ,1,ปกติ,1,0
L-24181,2023-05-08,25754.19,0.077,169,44,3,50000.00,ข้าราชการ,1,ปิดบัญชีแล้ว,15,0
L-24232,2023-05-08,9000.00,0.057,187,61,0,150000.00,ข้าราชการ,0,ปกติ,18,0
L-24546,2023-05-08,37336.22,0.67,9,37,5,150000.00,ธุรกิจส่วนตัว,7,ค้างชำระ,165,1
L-24786,2023-05-08,35710.68,0.27,118,42,5,50000.00,ธุรกิจส่วนตัว,1,ปิดบัญชีแล้ว,23,0
L-27335,2023-05-08,29346.89,0.184,5,41,2,100000.00,ธุรกิจส่วนตัว,1,ปกติ,3,0
L-27499,2023-05-08,50126.86,0.211,193,31,2,300000.00,พนักงานประจำ,2,ปกติ,18,0
L-28641,2023-05-08,31525.46,0.538,102,34,1,100000.00,ข้าราชการ,1,ปกติ,26,0
L-28742,2023-05-08,9000.00,0.038,54,30,4,200000.00,ข้าราชการ,0,ปกติ,19,0
L-29032,2023-05-08,12030.86,0.567,172,62,6,50000.00,อาชีพอิสระ,2,ปกติ,2,0
L-29596,2023-05-08,27397.06,0.448,21,54,6,50000.00,ข้าราชการ,12,ค้างชำระ,123,1
L-20422,2023-05-09,49213.21,0.356,104,45,5,300000.00,ธุรกิจส่วนตัว,1,ปกติ,17,0
L-21897,2023-05-09,20757.85,0.308,109,31,0,150000.00,ธุรกิจส่วนตัว,1,ปกติ,16,0
L-24304,2023-05-09,9000.00,0.139,125,31,6,50000.00,ข้าราชการ,2,ปกติ,18,0
L-24544,2023-05-09,30075.25,0.163,187,60,6,50000.00,พนักงานประจำ,2,ปกติ,17,0
L-24727,2023-05-09,20569.47,0.221,149,65,3,50000.00,พนักงานประจำ,1,ปิดบัญชีแล้ว,29,0
L-31622,2023-05-09,34507.97,0.599,198,41,1,300000.00,ข้าราชการ,9,ค้างชำระ,153,1
L-20719,2023-05-10,25183.71,0.259,175,36,6,200000.00,ธุรกิจส่วนตัว,2,ปกติ,11,0
L-22051,2023-05-10,35385.42,0.103,231,53,1,50000.00,ข้าราชการ,0,ปิดบัญชีแล้ว,23,0
L-24455,2023-05-10,34051.91,0.412,45,26,3,50000.00,ธุรกิจส่วนตัว,2,ปกติ,13,0
L-24699,2023-05-10,28102.61,0.28,70,36,5,100000.00,อาชีพอิสระ,1,ปิดบัญชีแล้ว,26,0
L-25044,2023-05-10,35556.15,0.817,95,43,0,200000.00,ธุรกิจส่วนตัว,2,ปกติ,20,0
L-25432,2023-05-10,22273.46,0.098,78,63,3,200000.00,พนักงานประจำ,1,ปกติ,29,0
L-25615,2023-05-10,10569.10,0.309,223,39,4,100000.00,ข้าราชการ,2,ปกติ,19,0
L-28039,2023-05-10,10031.92,0.47,141,28,2,300000.00,พนักงานประจำ,0,ปกติ,30,0
L-28283,2023-05-10,33413.88,0.593,167,57,0,300000.00,ธุรกิจส่วนตัว,0,ปกติ,9,0
L-28352,2023-05-10,9000.00,0.534,238,27,6,500000.00,ข้าราชการ,1,ปกติ,19,0
L-30102,2023-05-10,30384.03,0.378,33,30,4,200000.00,ข้าราชการ,1,ปกติ,8,0
L-30451,2023-05-10,59903.76,0.339,40,47,4,50000.00,ธุรกิจส่วนตัว,0,ปกติ,16,0
L-30640,2023-05-10,13720.30,0.535,95,28,2,300000.00,ธุรกิจส่วนตัว,2,ปกติ,19,0
L-21432,2023-05-11,24415.14,0.02,111,34,5,50000.00,ธุรกิจส่วนตัว,0,ปิดบัญชีแล้ว,5,0
L-21585,2023-05-11,40086.84,0.392,14,61,4,500000.00,ธุรกิจส่วนตัว,8,ค้างชำระ,147,1
L-22294,2023-05-11,45595.02,0.438,153,38,1,150000.00,ธุรกิจส่วนตัว,2,ปิดบัญชีแล้ว,26,0
L-23269,2023-05-11,24397.10,0.14,76,64,3,500000.00,อาชีพอิสระ,1,ปกติ,7,0
L-23673,2023-05-11,22250.18,0.428,144,22,2,100000.00,พนักงานประจำ,1,ปกติ,26,0
L-24188,2023-05-11,20889.41,0.209,19,28,1,50000.00,ธุรกิจส่วนตัว,2,ปกติ,18,0
L-24683,2023-05-11,11091.40,0.562,122,55,4,50000.00,อาชีพอิสระ,2,ปกติ,13,0
L-24951,2023-05-11,49117.86,0.387,196,32,2,150000.00,อาชีพอิสระ,1,ปกติ,13,0
L-25499,2023-05-11,13892.46,0.388,3,58,1,100000.00,ธุรกิจส่วนตัว,1,ปิดบัญชีแล้ว,18,0
L-25913,2023-05-11,52008.76,0.363,24,35,3,150000.00,พนักงานประจำ,2,ปกติ,14,0
L-26635,2023-05-11,36412.56,0.382,78,42,3,100000.00,ข้าราชการ,1,ปกติ,1,0
L-27848,2023-05-11,42838.71,0.284,214,62,1,100000.00,พนักงานประจำ,2,ปกติ,7,0
L-30904,2023-05-11,43502.57,0.479,90,30,6,150000.00,ข้าราชการ,2,ปกติ,24,0
L-21393,2023-05-12,9000.00,0.481,58,37,6,200000.00,ธุรกิจส่วนตัว,2,ปกติ,28,0
L-22608,2023-05-12,9000.00,0.629,59,49,5,150000.00,ธุรกิจส่วนตัว,1,ปกติ,19,0
L-22684,2023-05-12,17904.50,0.423,110,60,3,150000.00,พนักงานประจำ,0,ปกติ,19,0
L-22788,2023-05-12,37755.95,0.242,231,64,1,100000.00,พนักงานประจำ,0,ปกติ,9,0
L-23579,2023-05-12,26045.41,0.417,230,63,0,500000.00,ข้าราชการ,2,ปกติ,12,0
L-24242,2023-05-12,21242.49,0.379,22,49,2,200000.00,อาชีพอิสระ,2,ปิดบัญชีแล้ว,12,0
L-25968,2023-05-12,14291.41,0.794,122,21,2,500000.00,ข้าราชการ,6,ค้างชำระ,54,1
L-26705,2023-05-12,9598.04,0.296,99,26,0,100000.00,พนักงานประจำ,1,ปกติ,0,0
L-28284,2023-05-12,57819.52,0.695,126,27,3,150000.00,ข้าราชการ,2,ปกติ,10,0
L-30238,2023-05-12,33859.71,0.395,129,53,2,500000.00,พนักงานประจำ,1,ปิดบัญชีแล้ว,25,0
L-30643,2023-05-12,34198.38,0.206,132,53,0,50000.00,ธุรกิจส่วนตัว,1,ปกติ,24,0
L-30962,2023-05-12,42116.68,0.342,17,61,6,300000.00,ธุรกิจส่วนตัว,2,ปิดบัญชีแล้ว,4,0
L-31721,2023-05-12,15696.56,0.737,187,26,5,300000.00,ข้าราชการ,2,ปกติ,13,0
L-20349,2023-05-13,28016.48,0.436,228,41,0,50000.00,อาชีพอิสระ,0,ปกติ,7,0
L-20996,2023-05-13,46043.29,0.339,91,28,3,200000.00,พนักงานประจำ,1,ปกติ,1,0
L-21540,2023-05-13,15794.19,0.33,159,24,1,150000.00,พนักงานประจำ,1,ปกติ,11,0
L-21693,2023-05-13,25161.28,0.448,220,62,5,150000.00,ธุรกิจส่วนตัว,2,ปกติ,4,0
L-23345,2023-05-13,23741.62,0.348,171,50,6,300000.00,อาชีพอิสระ,0,ปกติ,12,0
L-24527,2023-05-13,42045.06,0.489,122,26,5,500000.00,พนักงานประจำ,2,ปิดบัญชีแล้ว,17,0
L-24592,2023-05-13,39100.98,0.691,62,53,5,500000.00,อาชีพอิสระ,4,ค้างชำระ,140,1
L-24715,2023-05-13,20780.99,0.353,24,59,6,100000.00,พนักงานประจำ,0,ปกติ,25,0
L-25419,2023-05-13,30851.10,0.359,236,40,3,500000.00,ข้าราชการ,2,ปกติ,24,0
L-25715,2023-05-13,54111.78,0.349,105,58,0,300000.00,ธุรกิจส่วนตัว,0,ปกติ,16,0
L-27448,2023-05-13,34045.56,0.053,94,64,3,500000.00,ธุรกิจส่วนตัว,1,ปกติ,18,0
L-27847,2023-05-13,49040.09,0.501,148,36,2,50000.00,ธุรกิจส่วนตัว,0,ปกติ,6,0
L-28859,2023-05-13,47689.51,0.477,192,24,0,50000.00,ธุรกิจส่วนตัว,1,ปกติ,25,0
L-29037,2023-05-13,32088.56,0.524,180,45,4,50000.00,ธุรกิจส่วนตัว,2,ปิดบัญชีแล้ว,0,0
L-29250,2023-05-13,35769.86,0.02,26,50,3,100000.00,ข้าราชการ,1,ปกติ,25,0
L-29286,2023-05-13,31452.72,0.02,10,55,1,100000.00,ธุรกิจส่วนตัว,0,ปกติ,24,0
L-30908,2023-05-13,38269.83,0.152,13,61,1,150000.00,ธุรกิจส่วนตัว,2,ปกติ,0,0
L-31382,2023-05-13,21476.59,0.531,88,28,6,200000.00,ธุรกิจส่วนตัว,2,ปิดบัญชีแล้ว,25,0
L-20134,2023-05-14,37028.07,0.11,29,55,2,200000.00,พนักงานประจำ,1,ปกติ,20,0
L-22006,2023-05-14,15668.98,0.264,131,54,3,50000.00,พนักงานประจำ,0,ปกติ,25,0
L-22709,2023-05-14,44768.87,0.345,63,54,1,50000.00,อาชีพอิสระ,1,ปกติ,28,0
L-23939,2023-05-14,38958.49,0.476,156,40,4,300000.00,พนักงานประจำ,0,ปิดบัญชีแล้ว,30,0
L-26157,2023-05-14,27080.16,0.403,234,41,3,300000.00,อาชีพอิสระ,2,ปกติ,6,0
L-27592,2023-05-14,31940.47,0.58,77,50,3,50000.00,อาชีพอิสระ,2,ปกติ,30,0
L-28189,2023-05-14,28090.91,0.417,196,60,1,150000.00,พนักงานประจำ,2,ปกติ,17,0
L-28252,2023-05-14,12187.40,0.266,231,42,4,500000.00,พนักงานประจำ,1,ปิดบัญชีแล้ว,7,0
L-29062,2023-05-14,49072.25,0.592,95,53,1,500000.00,ธุรกิจส่วนตัว,0,ปกติ,23,0
L-30964,2023-05-14,40366.21,0.476,171,57,4,150000.00,ข้าราชการ,0,ปกติ,30,0
L-31006,2023-05-14,39607.50,0.417,205,39,4,500000.00,อาชีพอิสระ,0,ปกติ,14,0
L-31610,2023-05-14,32434.45,0.361,58,23,4,500000.00,อาชีพอิสระ,0,ปกติ,23,0
L-20319,2023-05-15,27184.57,0.282,121,64,2,100000.00,พนักงานประจำ,0,ปกติ,29,0
L-20551,2023-05-15,30588.71,0.632,202,60,2,150000.00,พนักงานประจำ,2,ปกติ,4,0
L-22501,2023-05-15,27661.36,0.176,42,59,3,200000.00,พนักงานประจำ,1,ปิดบัญชีแล้ว,29,0
L-23082,2023-05-15,9000.00,0.269,195,23,3,50000.00,ธุรกิจส่วนตัว,1,ปกติ,19,0
L-23280,2023-05-15,47308.18,0.211,179,54,5,100000.00,ธุรกิจส่วนตัว,2,ปกติ,28,0
L-23382,2023-05-15,22773.82,0.585,224,61,2,300000.00,พนักงานประจำ,1,ปิดบัญชีแล้ว,28,0
L-24915,2023-05-15,25783.95,0.02,180,62,2,500000.00,ธุรกิจส่วนตัว,1,ปกติ,9,0
L-26284,2023-05-15,53138.29,0.33,65,39,2,500000.00,ธุรกิจส่วนตัว,1,ปิดบัญชีแล้ว,17,0
L-26594,2023-05-15,38723.83,0.362,101,28,4,50000.00,พนักงานประจำ,1,ปกติ,16,0
L-26673,2023-05-15,30922.97,0.315,3,33,1,150000.00,พนักงานประจำ,2,ปกติ,8,0
L-26928,2023-05-15,48570.59,0.671,35,48,2,150000.00,ธุรกิจส่วนตัว,1,ปกติ,19,0
L-30271,2023-05-15,32022.89,0.219,222,60,3,50000.00,อาชีพอิสระ,0,ปิดบัญชีแล้ว,28,0
L-31172,2023-05-15,9000.00,0.15,173,47,0,100000.00,พนักงานประจำ,1,ปกติ,25,0
L-31187,2023-05-15,20577.62,0.247,135,23,3,300000.00,พนักงานประจำ,2,ปิดบัญชีแล้ว,8,0
L-21042,2023-05-16,38842.95,0.5,77,28,6,150000.00,ธุรกิจส่วนตัว,2,ปิดบัญชีแล้ว,7,0
L-22819,2023-05-16,29939.56,0.403,169,48,0,300000.00,ข้าราชการ,4,ค้างชำระ,77,1
L-25315,2023-05-16,24888.13,0.667,174,30,5,100000.00,พนักงานประจำ,1,ปกติ,5,0
L-25906,2023-05-16,42354.67,0.402,24,36,2,50000.00,อาชีพอิสระ,13,ค้างชำระ,116,1
L-26104,2023-05-16,23819.66,0.422,50,64,1,500000.00,ข้าราชการ,4,ค้างชำระ,121,1
L-28427,2023-05-16,43197.65,0.278,19,40,6,150000.00,ธุรกิจส่วนตัว,0,ปิดบัญชีแล้ว,21,0
L-28509,2023-05-16,28767.51,0.323,240,61,4,150000.00,พนักงานประจำ,0,ปกติ,16,0
L-28761,2023-05-16,19781.82,0.02,5,21,6,50000.00,พนักงานประจำ,2,ปกติ,12,0
L-29154,2023-05-16,30067.20,0.462,20,59,6,150000.00,ข้าราชการ,2,ปกติ,5,0
L-29288,2023-05-16,27273.74,0.412,33,51,2,150000.00,ธุรกิจส่วนตัว,0,ปกติ,13,0
L-29455,2023-05-16,9616.01,0.39,217,30,6,200000.00,อาชีพอิสระ,1,ปกติ,3,0
L-29869,2023-05-16,22426.09,0.376,110,46,1,500000.00,ธุรกิจส่วนตัว,8,ค้างชำระ,59,1
L-30148,2023-05-16,40250.12,0.124,209,24,6,50000.00,ธุรกิจส่วนตัว,0,ปิดบัญชีแล้ว,8,0
L-30216,2023-05-16,30823.26,0.354,167,52,5,50000.00,พนักงานประจำ,2,ปกติ,3,0
L-31196,2023-05-16,41743.04,0.628,164,55,6,100000.00,ธุรกิจส่วนตัว,1,ปกติ,14,0
L-31516,2023-05-16,23843.48,0.301,39,41,0,300000.00,พนักงานประจำ,1,ปิดบัญชีแล้ว,1,0
L-31647,2023-05-16,31256.53,0.206,158,27,2,150000.00,พนักงานประจำ,2,ปกติ,17,0
L-31918,2023-05-16,24046.72,0.495,79,45,2,200000.00,ธุรกิจส่วนตัว,2,ปกติ,29,0
L-20942,2023-05-17,16118.63,0.289,205,39,3,500000.00,ธุรกิจส่วนตัว,0,ปิดบัญชีแล้ว,3,0
L-21412,2023-05-17,56796.20,0.368,43,42,2,300000.00,พนักงานประจำ,0,ปกติ,28,0
L-23341,2023-05-17,47946.58,0.217,198,44,4,200000.00,ข้าราชการ,0,ปกติ,0,0
L-24789,2023-05-17,38639.23,0.619,177,56,3,200000.00,ข้าราชการ,1,ปิดบัญชีแล้ว,20,0
L-25877,2023-05-17,11426.95,0.317,26,39,5,100000.00,ธุรกิจส่วนตัว,2,ปิดบัญชีแล้ว,9,0
L-25910,2023-05-17,34453.23,0.544,144,46,3,100000.00,อาชีพอิสระ,1,ปกติ,2,0
L-26110,2023-05-17,19212.33,0.388,107,62,1,300000.00,ข้าราชการ,1,ปิดบัญชีแล้ว,8,0
L-28115,2023-05-17,30800.26,0.497,191,26,5,300000.00,อาชีพอิสระ,1,ปิดบัญชีแล้ว,4,0
L-28921,2023-05-17,28159.14,0.383,22,37,0,300000.00,ธุรกิจส่วนตัว,2,ปกติ,6,0
L-29280,2023-05-17,9000.00,0.407,172,27,0,150000.00,อาชีพอิสระ,0,ปกติ,27,0
L-30137,2023-05-17,32291.87,0.719,78,57,1,300000.00,ธุรกิจส่วนตัว,14,ค้างชำระ,116,1
L-30750,2023-05-17,39090.01,0.357,36,58,5,100000.00,ข้าราชการ,2,ปิดบัญชีแล้ว,20,0
L-31576,2023-05-17,43325.20,0.617,187,61,0,50000.00,พนักงานประจำ,2,ปกติ,10,0
L-31865,2023-05-17,56419.96,0.188,8,60,6,100000.00,ธุรกิจส่วนตัว,6,ค้างชำระ,122,1
L-21647,2023-05-18,48167.49,0.077,206,33,2,150000.00,ธุรกิจส่วนตัว,1,ปกติ,22,0
L-24374,2023-05-18,30128.23,0.412,129,44,3,500000.00,ธุรกิจส่วนตัว,0,ปกติ,14,0
L-24393,2023-05-18,19806.12,0.247,209,28,2,100000.00,ข้าราชการ,2,ปกติ,2,0
L-27554,2023-05-18,30408.30,0.334,66,35,3,500000.00,พนักงานประจำ,2,ปกติ,27,0
L-28483,2023-05-18,9000.00,0.245,87,51,0,50000.00,ข้าราชการ,1,ปิดบัญชีแล้ว,23,0
L-31448,2023-05-18,26517.66,0.202,189,41,4,100000.00,อาชีพอิสระ,0,ปกติ,19,0
L-31600,2023-05-18,36572.66,0.352,149,64,2,300000.00,อาชีพอิสระ,2,ปกติ,4,0
L-20477,2023-05-19,43013.51,0.417,68,35,6,200000.00,ธุรกิจส่วนตัว,0,ปกติ,18,0
L-20782,2023-05-19,18202.90,0.427,144,52,3,300000.00,ธุรกิจส่วนตัว,1,ปกติ,27,0
L-21333,2023-05-19,42186.48,0.28,40,43,5,500000.00,พนักงานประจำ,11,ค้างชำระ,57,1
L-21638,2023-05-19,13500.35,0.37,101,44,3,50000.00,อาชีพอิสระ,1,ปกติ,3,0
L-22962,2023-05-19,16670.05,0.588,121,25,4,50000.00,ข้าราชการ,12,ค้างชำระ,156,1
L-23614,2023-05-19,16230.90,0.448,231,62,4,150000.00,ธุรกิจส่วนตัว,1,ปกติ,28,0
L-24134,2023-05-19,52073.65,0.385,164,56,3,300000.00,อาชีพอิสระ,1,ปกติ,6,0
L-26704,2023-05-19,39483.85,0.439,219,26,3,200000.00,พนักงานประจำ,5,ค้างชำระ,48,1
L-30320,2023-05-19,15268.32,0.516,128,26,4,150000.00,ธุรกิจส่วนตัว,1,ปกติ,19,0
L-30533,2023-05-19,46146.81,0.124,40,49,1,100000.00,อาชีพอิสระ,0,ปกติ,27,0
L-30544,2023-05-19,30571.20,0.562,154,34,5,100000.00,ธุรกิจส่วนตัว,2,ปกติ,4,0
L-30683,2023-05-19,22424.60,0.286,235,65,1,500000.00,ข้าราชการ,1,ปกติ,4,0
L-30745,2023-05-19,51635.21,0.595,27,41,4,100000.00,พนักงานประจำ,1,ปกติ,4,0
L-30765,2023-05-19,32181.45,0.147,196,26,0,500000.00,พนักงานประจำ,2,ปกติ,18,0
L-31522,2023-05-19,33324.76,0.02,227,42,6,300000.00,ข้าราชการ,1,ปกติ,5,0
L-31754,2023-05-19,15906.11,0.498,233,54,0,50000.00,พนักงานประจำ,1,ปกติ,12,0
L-20193,2023-05-20,34090.47,0.257,118,65,1,300000.00,อาชีพอิสระ,0,ปกติ,30,0
L-20479,2023-05-20,49119.16,0.473,132,63,2,300000.00,ข้าราชการ,0,ปกติ,17,0
L-20542,2023-05-20,13065.11,0.392,137,57,2,200000.00,พนักงานประจำ,1,ปิดบัญชีแล้ว,29,0
L-20767,2023-05-20,49546.94,0.155,204,21,4,100000.00,ธุรกิจส่วนตัว,2,ปกติ,10,0
L-21883,2023-05-20,13991.06,0.17,119,63,3,150000.00,พนักงานประจำ,2,ปิดบัญชีแล้ว,7,0
L-26435,2023-05-20,53336.62,0.445,49,43,5,50000.00,พนักงานประจำ,2,ปกติ,25,0
L-26913,2023-05-20,28269.31,0.427,10,49,2,200000.00,พนักงานประจำ,2,ปกติ,23,0
L-27538,2023-05-20,43899.20,0.567,72,44,3,50000.00,อาชีพอิสระ,2,ปกติ,19,0
L-28695,2023-05-20,30663.88,0.592,178,49,4,200000.00,อาชีพอิสระ,2,ปกติ,18,0
L-30304,2023-05-20,16650.53,0.336,195,26,4,500000.00,พนักงานประจำ,7,ค้างชำระ,112,1
L-30917,2023-05-20,11551.11,0.571,147,28,0,300000.00,พนักงานประจำ,1,ปกติ,23,0
L-31682,2023-05-20,33172.02,0.16,63,61,0,500000.00,ธุรกิจส่วนตัว,1,ปกติ,17,0
L-20648,2023-05-21,38519.36,0.542,82,64,1,150000.00,ข้าราชการ,1,ปกติ,7,0
L-20686,2023-05-21,38408.41,0.32,71,25,6,150000.00,อาชีพอิสระ,2,ปกติ,16,0
L-21004,2023-05-21,24796.42,0.347,158,39,6,50000.00,ธุรกิจส่วนตัว,0,ปกติ,21,0
L-21581,2023-05-21,43814.18,0.413,128,54,6,50000.00,ธุรกิจส่วนตัว,1,ปกติ,25,0
L-21956,2023-05-21,23761.78,0.492,189,23,0,100000.00,อาชีพอิสระ,2,ปิดบัญชีแล้ว,29,0
L-22660,2023-05-21,37618.44,0.418,61,30,2,500000.00,อาชีพอิสระ,0,ปกติ,28,0
L-25160,2023-05-21,54285.26,0.384,98,35,6,200000.00,อาชีพอิสระ,0,ปกติ,19,0
L-25670,2023-05-21,39192.84,0.392,86,59,2,150000.00,พนักงานประจำ,1,ปกติ,3,0
L-26215,2023-05-21,19321.21,0.043,209,41,1,150000.00,ธุรกิจส่วนตัว,2,ปิดบัญชีแล้ว,24,0
L-27346,2023-05-21,26919.20,0.589,198,42,0,300000.00,ข้าราชการ,0,ปกติ,13,0
L-31466,2023-05-21,25209.66,0.02,62,63,0,200000.00,พนักงานประจำ,1,ปิดบัญชีแล้ว,13,0
L-31757,2023-05-21,40164.20,0.383,67,64,4,500000.00,พนักงานประจำ,2,ปิดบัญชีแล้ว,9,0
L-20125,2023-05-22,66303.27,0.202,75,62,4,500000.00,ข้าราชการ,1,ปกติ,26,0
L-20409,2023-05-22,38262.92,0.64,88,52,2,50000.00,ข้าราชการ,2,ปกติ,13,0
L-21730,2023-05-22,29948.68,0.596,165,33,4,50000.00,พนักงานประจำ,1,ปกติ,21,0
L-22478,2023-05-22,22684.27,0.566,125,25,1,150000.00,พนักงานประจำ,1,ปกติ,6,0
L-22849,2023-05-22,46081.22,0.395,69,35,0,50000.00,พนักงานประจำ,0,ปกติ,5,0
L-23618,2023-05-22,41128.30,0.204,96,46,3,50000.00,อาชีพอิสระ,1,ปิดบัญชีแล้ว,29,0
L-23632,2023-05-22,23435.96,0.132,177,53,6,100000.00,ข้าราชการ,2,ปิดบัญชีแล้ว,6,0
L-24373,2023-05-22,35457.66,0.755,94,27,2,300000.00,พนักงานประจำ,1,ปกติ,23,0
L-27038,2023-05-22,13531.62,0.13,210,56,5,150000.00,พนักงานประจำ,0,ปกติ,4,0
L-27367,2023-05-22,15796.53,0.28,32,56,6,200000.00,อาชีพอิสระ,2,ปิดบัญชีแล้ว,18,0
L-28062,2023-05-22,50263.09,0.123,163,39,3,300000.00,อาชีพอิสระ,2,ปกติ,24,0
L-28813,2023-05-22,25750.00,0.336,23,22,6,50000.00,ธุรกิจส่วนตัว,2,ปกติ,7,0
L-20221,2023-05-23,38343.41,0.228,192,34,1,500000.00,ธุรกิจส่วนตัว,2,ปกติ,12,0
L-20632,2023-05-23,15292.62,0.02,15,30,0,500000.00,อาชีพอิสระ,1,ปกติ,1,0
L-20740,2023-05-23,13023.24,0.613,45,57,1,150000.00,ธุรกิจส่วนตัว,2,ปกติ,5,0
L-21047,2023-05-23,36787.75,0.264,3,55,0,200000.00,ธุรกิจส่วนตัว,1,ปกติ,5,0
L-21227,2023-05-23,41537.63,0.58,56,53,3,200000.00,ธุรกิจส่วนตัว,0,ปกติ,30,0
L-22188,2023-05-23,24848.05,0.295,159,31,1,50000.00,ธุรกิจส่วนตัว,1,ปกติ,27,0
L-22438,2023-05-23,25581.85,0.226,159,44,6,300000.00,ธุรกิจส่วนตัว,8,ค้างชำระ,56,1
L-22861,2023-05-23,21798.83,0.385,2,29,2,200000.00,ข้าราชการ,1,ปกติ,10,0
L-22959,2023-05-23,48568.39,0.58,3,54,0,500000.00,พนักงานประจำ,2,ปกติ,11,0
L-23088,2023-05-23,20759.87,0.373,173,58,2,100000.00,ธุรกิจส่วนตัว,1,ปกติ,20,0
L-23825,2023-05-23,9236.40,0.369,38,38,4,200000.00,ธุรกิจส่วนตัว,0,ปกติ,1,0
L-24027,2023-05-23,34288.34,0.229,152,62,1,300000.00,อาชีพอิสระ,1,ปิดบัญชีแล้ว,23,0
L-25834,2023-05-23,31665.76,0.416,70,42,2,200000.00,ธุรกิจส่วนตัว,2,ปกติ,7,0
L-25840,2023-05-23,13659.39,0.533,126,51,4,300000.00,พนักงานประจำ,1,ปกติ,7,0
L-26081,2023-05-23,22852.69,0.405,167,48,1,100000.00,ข้าราชการ,1,ปกติ,26,0
L-26474,2023-05-23,33179.62,0.448,38,29,3,300000.00,ข้าราชการ,1,ปกติ,13,0
L-26917,2023-05-23,62447.58,0.418,232,22,2,50000.00,ธุรกิจส่วนตัว,2,ปกติ,30,0
L-28367,2023-05-23,47001.70,0.215,108,58,0,100000.00,อาชีพอิสระ,1,ปิดบัญชีแล้ว,19,0
L-29183,2023-05-23,51908.17,0.388,61,21,6,100000.00,ข้าราชการ,1,ปกติ,8,0
L-31635,2023-05-23,37889.73,0.57,117,55,0,150000.00,ธุรกิจส่วนตัว,1,ปกติ,18,0
L-21486,2023-05-24,27980.82,0.396,84,36,2,500000.00,อาชีพอิสระ,0,ปิดบัญชีแล้ว,13,0
L-22493,2023-05-24,54494.02,0.406,45,44,2,50000.00,พนักงานประจำ,2,ปกติ,11,0
L-22831,2023-05-24,14048.66,0.331,119,49,5,300000.00,ข้าราชการ,2,ปกติ,29,0
L-23739,2023-05-24,38411.46,0.366,168,29,4,200000.00,อาชีพอิสระ,2,ปกติ,8,0
L-25571,2023-05-24,47467.62,0.293,118,21,3,50000.00,ข้าราชการ,2,ปิดบัญชีแล้ว,7,0
L-26370,2023-05-24,25353.36,0.307,170,51,0,200000.00,พนักงานประจำ,0,ปกติ,25,0
L-26766,2023-05-24,29543.35,0.459,59,31,1,300000.00,อาชีพอิสระ,0,ปกติ,0,0
L-30492,2023-05-24,38444.36,0.267,193,21,5,300000.00,อาชีพอิสระ,1,ปกติ,8,0
L-31487,2023-05-24,9000.00,0.692,143,64,1,300000.00,พนักงานประจำ,0,ปกติ,25,0
L-31643,2023-05-24,30109.16,0.486,20,31,5,200000.00,อาชีพอิสระ,2,ปิดบัญชีแล้ว,12,0
L-31941,2023-05-24,33941.51,0.657,63,21,6,150000.00,พนักงานประจำ,1,ปกติ,24,0
L-21539,2023-05-25,42973.56,0.398,138,27,4,500000.00,ธุรกิจส่วนตัว,1,ปิดบัญชีแล้ว,10,0
L-21576,2023-05-25,26762.17,0.216,229,40,0,100000.00,ธุรกิจส่วนตัว,2,ปกติ,23,0
L-23688,2023-05-25,9000.00,0.589,45,21,4,300000.00,พนักงานประจำ,2,ปกติ,25,0
L-25785,2023-05-25,42510.80,0.39,135,35,2,200000.00,ธุรกิจส่วนตัว,1,ปกติ,8,0
L-26360,2023-05-25,31109.51,0.821,10,63,4,150000.00,อาชีพอิสระ,14,ค้างชำระ,118,1
L-26706,2023-05-25,12175.45,0.02,86,40,6,300000.00,อาชีพอิสระ,2,ปกติ,23,0
L-26794,2023-05-25,26645.74,0.51,222,26,5,50000.00,พนักงานประจำ,0,ปกติ,18,0
L-29886,2023-05-25,15899.19,0.234,146,55,2,200000.00,ธุรกิจส่วนตัว,0,ปกติ,4,0
L-30424,2023-05-25,25876.04,0.524,71,46,5,200000.00,ข้าราชการ,0,ปกติ,14,0
L-30457,2023-05-25,30974.89,0.02,19,24,4,50000.00,ธุรกิจส่วนตัว,2,ปิดบัญชีแล้ว,22,0
L-30521,2023-05-25,38472.82,0.514,128,60,4,200000.00,อาชีพอิสระ,1,ปิดบัญชีแล้ว,0,0
L-31015,2023-05-25,20814.42,0.508,70,40,4,150000.00,พนักงานประจำ,0,ปกติ,18,0
L-31288,2023-05-25,36574.17,0.316,63,56,0,50000.00,พนักงานประจำ,2,ปกติ,1,0
L-21176,2023-05-26,16062.56,0.685,90,44,2,50000.00,ธุรกิจส่วนตัว,0,ปกติ,8,0
L-22855,2023-05-26,36071.04,0.592,43,28,5,50000.00,พนักงานประจำ,0,ปกติ,17,0
L-23776,2023-05-26,16914.47,0.58,1,24,1,300000.00,ธุรกิจส่วนตัว,12,ค้างชำระ,122,1
L-23981,2023-05-26,50701.93,0.216,4,41,3,100000.00,อาชีพอิสระ,13,ค้างชำระ,128,1
L-24185,2023-05-26,32142.61,0.405,216,50,0,150000.00,ธุรกิจส่วนตัว,1,ปกติ,5,0
L-25002,2023-05-26,43399.38,0.361,7,30,1,100000.00,ข้าราชการ,2,ปกติ,7,0
L-26590,2023-05-26,24327.30,0.51,206,61,0,200000.00,ธุรกิจส่วนตัว,0,ปกติ,24,0
L-27371,2023-05-26,33970.31,0.364,233,49,6,300000.00,อาชีพอิสระ,5,ค้างชำระ,114,1
L-28083,2023-05-26,44761.09,0.134,111,23,4,50000.00,ธุรกิจส่วนตัว,1,ปิดบัญชีแล้ว,20,0
L-28981,2023-05-26,55101.37,0.586,118,63,6,50000.00,ข้าราชการ,1,ปิดบัญชีแล้ว,30,0
L-20434,2023-05-27,22244.05,0.02,40,23,5,300000.00,ธุรกิจส่วนตัว,0,ปกติ,3,0
L-21107,2023-05-27,49032.81,0.51,74,40,4,150000.00,พนักงานประจำ,2,ปกติ,2,0
L-21605,2023-05-27,21702.13,0.706,198,47,1,50000.00,อาชีพอิสระ,2,ปกติ,24,0
L-21833,2023-05-27,38508.75,0.145,78,44,1,200000.00,ข้าราชการ,0,ปิดบัญชีแล้ว,27,0
L-22230,2023-05-27,39744.49,0.489,194,23,5,200000.00,ธุรกิจส่วนตัว,2,ปิดบัญชีแล้ว,15,0
L-23025,2023-05-27,42631.54,0.458,6,60,6,200000.00,ข้าราชการ,2,ปิดบัญชีแล้ว,8,0
L-24547,2023-05-27,13036.22,0.363,8,64,5,300000.00,อาชีพอิสระ,0,ปกติ,22,0
L-24730,2023-05-27,21961.05,0.272,164,40,3,200000.00,พนักงานประจำ,2,ปิดบัญชีแล้ว,1,0
L-29172,2023-05-27,56794.23,0.316,156,28,4,300000.00,ธุรกิจส่วนตัว,2,ปกติ,23,0
L-20934,2023-05-28,46575.45,0.19,47,38,2,50000.00,ธุรกิจส่วนตัว,0,ปกติ,12,0
L-21248,2023-05-28,25897.04,0.709,4,33,1,500000.00,ข้าราชการ,2,ปิดบัญชีแล้ว,15,0
L-21515,2023-05-28,35176.49,0.409,122,32,1,500000.00,พนักงานประจำ,1,ปกติ,6,0
L-21862,2023-05-28,9900.84,0.573,142,57,6,300000.00,อาชีพอิสระ,2,ปิดบัญชีแล้ว,3,0
L-24166,2023-05-28,39210.09,0.302,214,62,3,200000.00,ข้าราชการ,2,ปกติ,25,0
L-24362,2023-05-28,22037.68,0.226,118,56,6,300000.00,พนักงานประจำ,2,ปกติ,15,0
L-25985,2023-05-28,19750.16,0.654,38,36,3,500000.00,ข้าราชการ,0,ปกติ,13,0
L-26901,2023-05-28,9000.00,0.442,213,25,5,100000.00,ข้าราชการ,0,ปกติ,15,0
L-27140,2023-05-28,40258.28,0.307,138,47,1,150000.00,ข้าราชการ,0,ปกติ,21,0
L-27642,2023-05-28,30561.52,0.703,45,21,3,300000.00,ธุรกิจส่วนตัว,8,ค้างชำระ,88,1
L-28197,2023-05-28,49436.34,0.612,141,36,1,500000.00,ข้าราชการ,1,ปกติ,17,0
L-28247,2023-05-28,9000.00,0.643,171,60,1,50000.00,ธุรกิจส่วนตัว,1,ปกติ,24,0
L-28268,2023-05-28,52146.64,0.305,55,61,0,300000.00,พนักงานประจำ,2,ปกติ,14,0
L-29247,2023-05-28,36798.68,0.615,218,62,6,500000.00,พนักงานประจำ,0,ปกติ,9,0
L-30553,2023-05-28,36293.78,0.323,232,36,0,300000.00,ธุรกิจส่วนตัว,2,ปกติ,21,0
L-20019,2023-05-29,40627.09,0.357,115,35,1,300000.00,ข้าราชการ,0,ปกติ,1,0
L-20055,2023-05-29,27916.78,0.02,80,22,5,500000.00,อาชีพอิสระ,2,ปกติ,21,0
L-20505,2023-05-29,54017.36,0.089,68,44,2,150000.00,ข้าราชการ,2,ปกติ,5,0
L-20915,2023-05-29,50281.29,0.355,122,42,2,200000.00,ธุรกิจส่วนตัว,0,ปิดบัญชีแล้ว,6,0
L-22285,2023-05-29,58068.20,0.53,94,34,4,500000.00,ข้าราชการ,0,ปิดบัญชีแล้ว,5,0
L-22522,2023-05-29,31603.83,0.414,12,61,3,200000.00,ข้าราชการ,0,ปกติ,26,0
L-22754,2023-05-29,26192.49,0.522,63,61,0,300000.00,อาชีพอิสระ,0,ปิดบัญชีแล้ว,13,0
L-25997,2023-05-29,44178.20,0.35,103,60,4,500000.00,พนักงานประจำ,0,ปกติ,20,0
L-26301,2023-05-29,56640.27,0.184,52,32,2,500000.00,ธุรกิจส่วนตัว,6,ค้างชำระ,54,1
L-27976,2023-05-29,29431.64,0.141,31,63,1,300000.00,ธุรกิจส่วนตัว,1,ปกติ,29,0
L-28306,2023-05-29,33493.52,0.413,49,26,0,500000.00,อาชีพอิสระ,1,ปิดบัญชีแล้ว,14,0
L-29397,2023-05-29,31418.87,0.4,190,22,4,500000.00,ธุรกิจส่วนตัว,2,ปิดบัญชีแล้ว,19,0
L-29514,2023-05-29,21883.13,0.207,175,54,6,150000.00,ธุรกิจส่วนตัว,1,ปกติ,8,0
L-20535,2023-05-30,9000.00,0.613,203,62,2,50000.00,ธุรกิจส่วนตัว,0,ปกติ,12,0
L-21010,2023-05-30,24138.03,0.542,105,58,0,300000.00,ธุรกิจส่วนตัว,0,ปิดบัญชีแล้ว,0,0
L-21582,2023-05-30,50849.64,0.372,226,41,1,300000.00,ข้าราชการ,0,ปกติ,21,0
L-21641,2023-05-30,43771.29,0.347,10,53,0,300000.00,ธุรกิจส่วนตัว,12,ค้างชำระ,138,1
L-22251,2023-05-30,36195.57,0.467,99,38,6,100000.00,อาชีพอิสระ,1,ปกติ,26,0
L-22980,2023-05-30,9000.00,0.29,39,29,1,500000.00,ข้าราชการ,0,ปิดบัญชีแล้ว,17,0
L-23154,2023-05-30,29944.63,0.265,26,45,6,50000.00,อาชีพอิสระ,1,ปกติ,11,0
L-23515,2023-05-30,60160.60,0.474,44,50,3,50000.00,อาชีพอิสระ,2,ปกติ,28,0
L-25099,2023-05-30,38697.13,0.44,94,37,5,300000.00,ธุรกิจส่วนตัว,0,ปกติ,2,0
L-25928,2023-05-30,22927.97,0.404,12,52,0,50000.00,อาชีพอิสระ,0,ปกติ,19,0
L-26456,2023-05-30,29936.67,0.507,190,44,6,100000.00,พนักงานประจำ,2,ปิดบัญชีแล้ว,13,0
L-28869,2023-05-30,10536.98,0.449,32,32,0,500000.00,ธุรกิจส่วนตัว,1,ปกติ,11,0
L-29693,2023-05-30,24505.41,0.322,180,48,2,500000.00,ธุรกิจส่วนตัว,1,ปกติ,17,0
L-30744,2023-05-30,27597.13,0.429,4,58,5,150000.00,ข้าราชการ,2,ปิดบัญชีแล้ว,20,0
L-31034,2023-05-30,44800.20,0.617,13,56,4,100000.00,พนักงานประจำ,2,ปกติ,2,0
L-21445,2023-05-31,48462.18,0.178,142,50,4,100000.00,พนักงานประจำ,0,ปกติ,0,0
L-27383,2023-05-31,38845.05,0.48,208,40,3,200000.00,ธุรกิจส่วนตัว,0,ปกติ,16,0
L-27557,2023-05-31,48437.85,0.781,225,33,2,200000.00,ข้าราชการ,1,ปกติ,6,0
L-28146,2023-05-31,9403.11,0.577,157,35,6,300000.00,อาชีพอิสระ,2,ปกติ,15,0
L-29743,2023-05-31,9000.00,0.42,109,58,0,500000.00,พนักงานประจำ,0,ปกติ,21,0
L-30674,2023-05-31,35404.65,0.1,190,50,4,300000.00,พนักงานประจำ,1,ปกติ,1,0
L-31954,2023-05-31,18930.55,0.517,137,63,4,100000.00,พนักงานประจำ,1,ปกติ,18,0
L-21253,2023-06-01,33681.05,0.481,71,50,1,150000.00,พนักงานประจำ,2,ปกติ,23,0
L-22508,2023-06-01,35409.56,0.537,154,36,3,300000.00,อาชีพอิสระ,0,ปกติ,23,0
L-25949,2023-06-01,27714.49,0.264,72,62,0,500000.00,พนักงานประจำ,1,ปกติ,5,0
L-28076,2023-06-01,38686.10,0.543,24,33,5,500000.00,ธุรกิจส่วนตัว,2,ปกติ,9,0
L-29215,2023-06-01,42692.24,0.4,16,51,3,200000.00,พนักงานประจำ,1,ปกติ,11,0
L-31110,2023-06-01,37579.23,0.311,53,34,5,500000.00,ธุรกิจส่วนตัว,1,ปกติ,9,0
L-20778,2023-06-02,22573.72,0.078,225,38,5,100000.00,พนักงานประจำ,2,ปิดบัญชีแล้ว,14,0
L-20928,2023-06-02,33260.34,0.358,32,38,2,500000.00,ธุรกิจส่วนตัว,2,ปกติ,25,0
L-21098,2023-06-02,42565.60,0.457,232,33,0,150000.00,พนักงานประจำ,1,ปกติ,2,0
L-21541,2023-06-02,46452.98,0.264,10,50,6,150000.00,พนักงานประจำ,2,ปกติ,13,0
L-22734,2023-06-02,39655.47,0.32,225,45,6,200000.00,ธุรกิจส่วนตัว,1,ปิดบัญชีแล้ว,7,0
L-24251,2023-06-02,38748.99,0.355,192,46,5,150000.00,ธุรกิจส่วนตัว,11,ค้างชำระ,58,1
L-26468,2023-06-02,36903.69,0.579,212,59,5,500000.00,ข้าราชการ,7,ค้างชำระ,85,1
L-27389,2023-06-02,50073.19,0.477,220,34,4,300000.00,อาชีพอิสระ,0,ปิดบัญชีแล้ว,25,0
L-27545,2023-06-02,26841.71,0.706,25,33,2,150000.00,อาชีพอิสระ,0,ปิดบัญชีแล้ว,19,0
L-29030,2023-06-02,38056.17,0.67,91,43,6,200000.00,อาชีพอิสระ,13,ค้างชำระ,50,1
L-30799,2023-06-02,30500.05,0.572,113,62,5,50000.00,ข้าราชการ,0,ปกติ,22,0
L-20000,2023-06-03,31867.50,0.294,175,59,5,300000.00,อาชีพอิสระ,2,ปกติ,18,0
L-20207,2023-06-03,19923.76,0.149,189,59,0,200000.00,ธุรกิจส่วนตัว,1,ปกติ,2,0
L-21202,2023-06-03,15626.28,0.671,218,46,5,200000.00,อาชีพอิสระ,8,ค้างชำระ,135,1
L-22035,2023-06-03,18571.44,0.537,75,60,5,100000.00,ธุรกิจส่วนตัว,0,ปิดบัญชีแล้ว,17,0
L-23369,2023-06-03,45437.22,0.372,231,62,0,50000.00,ธุรกิจส่วนตัว,0,ปกติ,13,0
L-24189,2023-06-03,39468.73,0.284,8,51,0,300000.00,อาชีพอิสระ,0,ปิดบัญชีแล้ว,7,0
L-29335,2023-06-03,29730.84,0.361,174,50,2,200000.00,อาชีพอิสระ,2,ปกติ,27,0
L-29530,2023-06-03,57739.25,0.366,129,58,5,100000.00,อาชีพอิสระ,0,ปกติ,29,0
L-30665,2023-06-03,28311.26,0.108,185,57,4,200000.00,อาชีพอิสระ,0,ปกติ,9,0
L-30723,2023-06-03,33297.54,0.559,90,28,2,100000.00,ธุรกิจส่วนตัว,1,ปกติ,30,0
L-31232,2023-06-03,34675.01,0.438,25,52,5,50000.00,อาชีพอิสระ,0,ปิดบัญชีแล้ว,15,0
L-23626,2023-06-04,27683.78,0.02,163,52,3,150000.00,อาชีพอิสระ,0,ปกติ,3,0
L-23668,2023-06-04,9000.00,0.524,218,60,2,100000.00,อาชีพอิสระ,1,ปกติ,9,0
L-24842,2023-06-04,11161.92,0.366,131,25,6,100000.00,ข้าราชการ,0,ปกติ,2,0
L-26320,2023-06-04,17777.28,0.458,227,56,5,300000.00,พนักงานประจำ,0,ปกติ,19,0
L-27639,2023-06-04,9000.00,0.644,155,21,0,150000.00,ธุรกิจส่วนตัว,0,ปกติ,30,0
L-28099,2023-06-04,53387.64,0.181,187,36,0,150000.00,ข้าราชการ,2,ปกติ,16,0
L-28113,2023-06-04,30978.92,0.531,118,24,0,500000.00,พนักงานประจำ,1,ปิดบัญชีแล้ว,14,0
L-30363,2023-06-04,46498.16,0.768,239,52,1,100000.00,ธุรกิจส่วนตัว,1,ปกติ,4,0
L-31401,2023-06-04,17944.09,0.148,106,51,5,150000.00,พนักงานประจำ,1,ปกติ,26,0
L-20407,2023-06-05,24418.64,0.198,32,54,2,100000.00,อาชีพอิสระ,1,ปิดบัญชีแล้ว,8,0
L-20478,2023-06-05,40190.46,0.488,19,43,3,100000.00,ธุรกิจส่วนตัว,1,ปกติ,26,0
L-21978,2023-06-05,12162.32,0.059,172,65,0,200000.00,ข้าราชการ,1,ปกติ,14,0
L-22869,2023-06-05,44433.31,0.426,60,46,2,300000.00,ธุรกิจส่วนตัว,0,ปิดบัญชีแล้ว,22,0
L-23003,2023-06-05,28444.02,0.192,10,29,5,50000.00,พนักงานประจำ,0,ปกติ,0,0
L-24907,2023-06-05,9000.00,0.589,162,49,4,500000.00,ธุรกิจส่วนตัว,2,ปกติ,5,0
L-26953,2023-06-05,22148.57,0.453,128,29,4,150000.00,พนักงานประจำ,1,ปกติ,23,0
L-27068,2023-06-05,23575.19,0.308,171,50,5,200000.00,อาชีพอิสระ,1,ปิดบัญชีแล้ว,14,0
L-27250,2023-06-05,26981.70,0.505,106,47,3,200000.00,พนักงานประจำ,1,ปกติ,14,0
L-29656,2023-06-05,36800.38,0.477,66,46,6,50000.00,พนักงานประจำ,2,ปิดบัญชีแล้ว,18,0
L-29807,2023-06-05,25844.46,0.533,2,53,6,300000.00,พนักงานประจำ,8,ค้างชำระ,68,1
L-30399,2023-06-05,23760.43,0.501,88,64,6,100000.00,ธุรกิจส่วนตัว,0,ปกติ,16,0
L-30495,2023-06-05,23235.64,0.39,228,34,0,500000.00,อาชีพอิสระ,0,ปกติ,27,0
L-31933,2023-06-05,54449.08,0.306,95,62,3,150000.00,อาชีพอิสระ,2,ปกติ,1,0
L-31992,2023-06-05,30500.60,0.147,210,63,6,150000.00,พนักงานประจำ,0,ปกติ,5,0
L-22711,2023-06-06,67793.46,0.436,107,52,4,150000.00,อาชีพอิสระ,2,ปกติ,5,0
L-23340,2023-06-06,33812.28,0.238,154,44,0,50000.00,ข้าราชการ,1,ปกติ,1,0
L-24252,2023-06-06,10568.38,0.597,172,49,3,50000.00,ธุรกิจส่วนตัว,0,ปกติ,2,0
L-26297,2023-06-06,33605.47,0.276,31,51,4,300000.00,ข้าราชการ,0,ปิดบัญชีแล้ว,21,0
L-27340,2023-06-06,26934.19,0.435,87,48,5,200000.00,อาชีพอิสระ,2,ปกติ,15,0
L-27594,2023-06-06,31955.08,0.561,75,36,6,200000.00,พนักงานประจำ,0,ปกติ,27,0
L-27672,2023-06-06,47549.12,0.748,27,55,6,50000.00,อาชีพอิสระ,2,ปกติ,13,0
L-30119,2023-06-06,22359.11,0.123,229,54,6,150000.00,พนักงานประจำ,1,ปิดบัญชีแล้ว,3,0
L-30155,2023-06-06,50341.58,0.36,231,58,0,50000.00,ธุรกิจส่วนตัว,1,ปิดบัญชีแล้ว,17,0
L-20246,2023-06-07,58780.61,0.226,58,25,1,200000.00,ข้าราชการ,2,ปกติ,6,0
L-20972,2023-06-07,40825.89,0.386,201,45,1,150000.00,ข้าราชการ,2,ปกติ,20,0
L-21687,2023-06-07,32627.67,0.374,214,55,0,300000.00,ธุรกิจส่วนตัว,2,ปกติ,5,0
L-22065,2023-06-07,45985.70,0.502,4,61,5,300000.00,ธุรกิจส่วนตัว,4,ค้างชำระ,108,1
L-22378,2023-06-07,36320.42,0.365,72,47,1,500000.00,อาชีพอิสระ,1,ปกติ,8,0
L-23211,2023-06-07,47450.58,0.163,234,51,2,150000.00,ธุรกิจส่วนตัว,1,ปกติ,14,0
L-24807,2023-06-07,58010.00,0.652,114,57,2,500000.00,ธุรกิจส่วนตัว,0,ปกติ,11,0
L-25673,2023-06-07,34839.95,0.047,195,37,1,500000.00,พนักงานประจำ,1,ปกติ,30,0
L-26781,2023-06-07,53772.22,0.259,97,56,3,200000.00,ธุรกิจส่วนตัว,2,ปกติ,11,0
L-26903,2023-06-07,44732.84,0.02,223,55,3,50000.00,ธุรกิจส่วนตัว,1,ปกติ,2,0
L-27690,2023-06-07,28030.95,0.449,5,50,3,100000.00,พนักงานประจำ,1,ปิดบัญชีแล้ว,16,0
L-29708,2023-06-07,47856.64,0.366,71,42,0,500000.00,ข้าราชการ,2,ปิดบัญชีแล้ว,23,0
L-31058,2023-06-07,19583.06,0.416,239,58,5,300000.00,พนักงานประจำ,0,ปกติ,4,0
L-21914,2023-06-08,37120.71,0.261,164,29,0,300000.00,พนักงานประจำ,0,ปกติ,27,0
L-22138,2023-06-08,41515.97,0.368,202,61,1,200000.00,ธุรกิจส่วนตัว,0,ปกติ,26,0
L-23164,2023-06-08,18656.15,0.448,43,36,1,300000.00,อาชีพอิสระ,1,ปกติ,23,0
L-24755,2023-06-08,19548.55,0.36,173,34,2,300000.00,ธุรกิจส่วนตัว,0,ปกติ,29,0
L-26274,2023-06-08,17724.50,0.405,30,32,4,150000.00,ธุรกิจส่วนตัว,0,ปกติ,23,0
L-26305,2023-06-08,26615.45,0.314,31,30,2,300000.00,ข้าราชการ,1,ปิดบัญชีแล้ว,10,0
L-27336,2023-06-08,35910.66,0.237,218,41,3,100000.00,ธุรกิจส่วนตัว,0,ปกติ,20,0
L-27746,2023-06-08,13322.96,0.373,185,35,2,100000.00,ธุรกิจส่วนตัว,1,ปิดบัญชีแล้ว,13,0
L-28028,2023-06-08,27392.89,0.463,10,30,0,500000.00,ธุรกิจส่วนตัว,2,ปิดบัญชีแล้ว,5,0
L-28698,2023-06-08,42811.77,0.366,114,52,3,150000.00,ธุรกิจส่วนตัว,2,ปกติ,8,0
L-30712,2023-06-08,18622.77,0.527,221,40,4,100000.00,ธุรกิจส่วนตัว,2,ปิดบัญชีแล้ว,29,0
L-20008,2023-06-09,51764.16,0.541,140,27,6,150000.00,พนักงานประจำ,1,ปิดบัญชีแล้ว,11,0
L-20526,2023-06-09,30512.45,0.64,168,25,6,300000.00,อาชีพอิสระ,2,ปิดบัญชีแล้ว,7,0
L-21307,2023-06-09,48038.09,0.331,48,38,5,200000.00,อาชีพอิสระ,1,ปกติ,30,0
L-21488,2023-06-09,20725.63,0.539,88,42,0,50000.00,อาชีพอิสระ,2,ปกติ,10,0
L-21930,2023-06-09,49027.42,0.415,132,25,2,50000.00,ข้าราชการ,0,ปกติ,29,0
L-22133,2023-06-09,21032.90,0.168,174,42,1,100000.00,พนักงานประจำ,1,ปิดบัญชีแล้ว,18,0
L-23100,2023-06-09,42626.37,0.578,212,26,2,200000.00,ข้าราชการ,1,ปิดบัญชีแล้ว,14,0
L-24160,2023-06-09,35640.91,0.383,53,62,4,300000.00,ข้าราชการ,1,ปกติ,20,0
L-24645,2023-06-09,43280.33,0.374,51,56,5,500000.00,พนักงานประจำ,2,ปกติ,0,0
L-24906,2023-06-09,23591.86,0.435,174,56,6,150000.00,อาชีพอิสระ,2,ปกติ,26,0
L-25856,2023-06-09,57873.01,0.305,69,36,0,100000.00,ข้าราชการ,2,ปิดบัญชีแล้ว,20,0
L-25990,2023-06-09,23598.26,0.292,142,35,6,100000.00,ข้าราชการ,0,ปิดบัญชีแล้ว,28,0
L-26067,2023-06-09,36749.99,0.328,203,42,3,100000.00,อาชีพอิสระ,2,ปิดบัญชีแล้ว,21,0
L-26850,2023-06-09,36220.31,0.517,121,57,0,100000.00,พนักงานประจำ,2,ปกติ,9,0
L-27182,2023-06-09,15223.75,0.131,167,31,3,300000.00,พนักงานประจำ,1,ปกติ,14,0
L-27549,2023-06-09,39811.22,0.514,11,25,1,100000.00,ข้าราชการ,1,ปกติ,18,0
L-28042,2023-06-09,63052.30,0.516,68,35,1,500000.00,ข้าราชการ,0,ปกติ,27,0
L-28771,2023-06-09,27146.04,0.586,69,53,2,100000.00,ธุรกิจส่วนตัว,0,ปกติ,8,0
L-29344,2023-06-09,48699.79,0.45,70,27,5,100000.00,ข้าราชการ,0,ปกติ,0,0
L-30272,2023-06-09,23534.91,0.613,147,23,2,50000.00,ข้าราชการ,0,ปกติ,24,0
L-30482,2023-06-09,46951.46,0.34,117,57,1,200000.00,พนักงานประจำ,1,ปกติ,22,0
L-30505,2023-06-09,21687.23,0.418,113,57,0,300000.00,ข้าราชการ,0,ปิดบัญชีแล้ว,17,0
L-31125,2023-06-09,25556.85,0.234,67,48,5,300000.00,อาชีพอิสระ,0,ปกติ,8,0
L-31800,2023-06-09,34788.60,0.532,29,59,6,500000.00,พนักงานประจำ,9,ค้างชำระ,56,1
L-31978,2023-06-09,33844.48,0.089,235,37,5,500000.00,ข้าราชการ,2,ปกติ,29,0
L-20706,2023-06-10,15541.92,0.317,102,31,1,200000.00,พนักงานประจำ,1,ปกติ,25,0
L-21783,2023-06-10,18934.66,0.404,109,21,3,100000.00,อาชีพอิสระ,0,ปิดบัญชีแล้ว,3,0
L-22701,2023-06-10,17450.37,0.261,122,29,1,300000.00,ข้าราชการ,2,ปกติ,26,0
L-23745,2023-06-10,35717.36,0.433,26,50,6,100000.00,อาชีพอิสระ,0,ปกติ,20,0
L-24310,2023-06-10,20976.85,0.425,232,36,0,150000.00,พนักงานประจำ,0,ปกติ,11,0
L-24469,2023-06-10,13781.14,0.315,128,46,5,100000.00,อาชีพอิสระ,1,ปกติ,19,0
L-25566,2023-06-10,41196.46,0.156,220,24,1,200000.00,พนักงานประจำ,0,ปกติ,18,0
L-25952,2023-06-10,53426.53,0.059,126,32,1,200000.00,อาชีพอิสระ,1,ปกติ,22,0
L-26307,2023-06-10,35293.23,0.054,141,31,1,300000.00,ข้าราชการ,0,ปกติ,11,0
L-27091,2023-06-10,9000.00,0.265,23,28,1,150000.00,ธุรกิจส่วนตัว,0,ปิดบัญชีแล้ว,11,0
L-28669,2023-06-10,51472.37,0.549,32,43,0,300000.00,พนักงานประจำ,2,ปกติ,4,0
L-31430,2023-06-10,13075.22,0.34,12,31,1,150000.00,ข้าราชการ,2,ปิดบัญชีแล้ว,18,0
L-20398,2023-06-11,33739.30,0.357,46,38,2,300000.00,ข้าราชการ,0,ปิดบัญชีแล้ว,18,0
L-21090,2023-06-11,43538.96,0.338,234,31,0,500000.00,ข้าราชการ,1,ปกติ,29,0
L-21162,2023-06-11,12995.00,0.116,78,21,4,300000.00,ข้าราชการ,0,ปิดบัญชีแล้ว,23,0
L-21981,2023-06-11,20700.32,0.401,226,42,2,200000.00,อาชีพอิสระ,0,ปกติ,7,0
L-23119,2023-06-11,45759.96,0.459,8,42,2,500000.00,ข้าราชการ,0,ปิดบัญชีแล้ว,13,0
L-23149,2023-06-11,44573.38,0.21,1,30,2,150000.00,อาชีพอิสระ,2,ปิดบัญชีแล้ว,10,0
L-23224,2023-06-11,31115.58,0.664,115,45,6,50000.00,พนักงานประจำ,1,ปกติ,29,0
L-23561,2023-06-11,30409.49,0.561,75,43,3,50000.00,ข้าราชการ,1,ปกติ,10,0
L-26601,2023-06-11,30845.59,0.38,96,53,1,500000.00,ธุรกิจส่วนตัว,2,ปกติ,29,0
L-27673,2023-06-11,9000.00,0.303,43,62,6,50000.00,อาชีพอิสระ,1,ปกติ,16,0
L-28824,2023-06-11,36519.81,0.33,122,27,5,100000.00,อาชีพอิสระ,0,ปกติ,22,0
L-30406,2023-06-11,14704.30,0.414,120,55,6,50000.00,ข้าราชการ,2,ปิดบัญชีแล้ว,9,0
L-30695,2023-06-11,36808.37,0.601,186,60,0,200000.00,อาชีพอิสระ,1,ปกติ,11,0
L-31414,2023-06-11,24364.50,0.243,0,52,3,100000.00,ข้าราชการ,0,ปกติ,10,0
L-20272,2023-06-12,43794.68,0.593,213,63,0,300000.00,ข้าราชการ,0,ปกติ,19,0
L-22076,2023-06-12,32933.16,0.666,61,54,0,300000.00,อาชีพอิสระ,0,ปิดบัญชีแล้ว,7,0
L-22355,2023-06-12,38441.34,0.481,111,51,4,300000.00,ธุรกิจส่วนตัว,0,ปกติ,6,0
L-23468,2023-06-12,35021.98,0.481,125,38,5,150000.00,ข้าราชการ,0,ปกติ,16,0
L-24624,2023-06-12,9000.00,0.277,55,51,1,200000.00,พนักงานประจำ,2,ปกติ,29,0
L-24708,2023-06-12,25491.41,0.306,105,30,3,300000.00,ข้าราชการ,0,ปิดบัญชีแล้ว,8,0
L-25225,2023-06-12,44618.86,0.491,142,44,2,50000.00,ธุรกิจส่วนตัว,1,ปกติ,14,0
L-28269,2023-06-12,42851.27,0.5,64,49,2,100000.00,ข้าราชการ,2,ปกติ,23,0
L-28596,2023-06-12,48452.97,0.355,212,52,6,500000.00,ธุรกิจส่วนตัว,7,ค้างชำระ,87,1
L-28923,2023-06-12,40086.79,0.533,66,48,5,150000.00,ข้าราชการ,1,ปิดบัญชีแล้ว,3,0
L-29402,2023-06-12,14278.89,0.436,66,65,4,150000.00,พนักงานประจำ,1,ปกติ,5,0
L-29493,2023-06-12,45889.92,0.334,5,22,1,200000.00,ข้าราชการ,2,ปิดบัญชีแล้ว,27,0
L-31272,2023-06-12,41511.42,0.384,19,23,0,500000.00,อาชีพอิสระ,1,ปกติ,14,0
L-31937,2023-06-12,28153.84,0.636,111,58,4,100000.00,พนักงานประจำ,2,ปกติ,8,0
L-20238,2023-06-13,22123.65,0.498,144,44,5,500000.00,อาชีพอิสระ,2,ปิดบัญชีแล้ว,29,0
L-20871,2023-06-13,47404.63,0.141,235,28,6,100000.00,ข้าราชการ,0,ปกติ,30,0
L-22532,2023-06-13,49546.58,0.034,234,55,1,100000.00,ธุรกิจส่วนตัว,1,ปกติ,13,0
L-25011,2023-06-13,24562.83,0.287,179,62,5,100000.00,ธุรกิจส่วนตัว,0,ปกติ,6,0
L-25204,2023-06-13,27294.53,0.083,211,59,3,500000.00,ธุรกิจส่วนตัว,0,ปกติ,6,0
L-28522,2023-06-13,41425.45,0.26,232,49,1,300000.00,อาชีพอิสระ,0,ปกติ,2,0
L-29008,2023-06-13,15674.54,0.587,215,30,2,300000.00,ธุรกิจส่วนตัว,0,ปกติ,23,0
L-29312,2023-06-13,13744.32,0.458,216,38,1,100000.00,อาชีพอิสระ,1,ปกติ,20,0
L-30867,2023-06-13,28441.49,0.274,36,27,3,200000.00,ธุรกิจส่วนตัว,8,ค้างชำระ,119,1
L-31845,2023-06-13,50007.32,0.159,138,23,0,300000.00,อาชีพอิสระ,0,ปิดบัญชีแล้ว,21,0
L-20318,2023-06-14,11615.81,0.362,71,22,1,150000.00,พนักงานประจำ,0,ปิดบัญชีแล้ว,14,0
L-20437,2023-06-14,17431.41,0.257,52,38,4,100000.00,ข้าราชการ,1,ปกติ,4,0
L-21254,2023-06-14,57732.93,0.365,81,52,4,50000.00,ข้าราชการ,0,ปกติ,24,0
L-21707,2023-06-14,21289.05,0.349,214,62,5,300000.00,พนักงานประจำ,1,ปกติ,14,0
L-24622,2023-06-14,49836.56,0.411,91,49,5,500000.00,พนักงานประจำ,1,ปกติ,30,0
L-24911,2023-06-14,31942.08,0.282,22,42,0,150000.00,ข้าราชการ,2,ปกติ,19,0
L-25162,2023-06-14,40992.74,0.3,51,59,1,150000.00,ข้าราชการ,1,ปกติ,0,0
L-25338,2023-06-14,11907.13,0.528,99,53,2,500000.00,พนักงานประจำ,8,ค้างชำระ,167,1
L-26395,2023-06-14,38964.60,0.199,33,45,0,200000.00,ข้าราชการ,1,ปกติ,5,0
L-27896,2023-06-14,33233.81,0.146,122,64,2,300000.00,ธุรกิจส่วนตัว,0,ปกติ,26,0
L-28595,2023-06-14,35772.33,0.715,144,47,3,50000.00,ข้าราชการ,1,ปกติ,29,0
L-28977,2023-06-14,11055.04,0.228,222,50,2,150000.00,ธุรกิจส่วนตัว,2,ปกติ,30,0
L-29874,2023-06-14,32964.01,0.382,10,51,6,100000.00,ธุรกิจส่วนตัว,2,ปกติ,27,0
L-30286,2023-06-14,36735.80,0.18,6,63,5,300000.00,ข้าราชการ,2,ปกติ,4,0
L-30872,2023-06-14,17891.94,0.281,215,62,2,200000.00,อาชีพอิสระ,2,ปกติ,23,0
L-31162,2023-06-14,44649.56,0.934,21,30,4,300000.00,พนักงานประจำ,0,ปกติ,13,0
L-31201,2023-06-14,25611.05,0.401,191,28,1,300000.00,ธุรกิจส่วนตัว,0,ปกติ,24,0
L-31211,2023-06-14,9000.00,0.146,2,35,1,300000.00,อาชีพอิสระ,1,ปกติ,2,0
L-20162,2023-06-15,28961.95,0.18,180,64,6,300000.00,พนักงานประจำ,3,ค้างชำระ,72,1
L-20257,2023-06-15,41901.11,0.218,112,45,5,200000.00,ธุรกิจส่วนตัว,0,ปกติ,3,0
L-22992,2023-06-15,30252.75,0.256,41,28,4,50000.00,อาชีพอิสระ,1,ปกติ,26,0
L-23228,2023-06-15,9000.00,0.446,134,32,4,200000.00,ข้าราชการ,2,ปิดบัญชีแล้ว,10,0
L-24630,2023-06-15,36606.27,0.268,93,36,0,50000.00,อาชีพอิสระ,1,ปิดบัญชีแล้ว,4,0
L-28073,2023-06-15,32023.35,0.11,55,34,0,200000.00,ธุรกิจส่วนตัว,2,ปกติ,9,0
L-28290,2023-06-15,46319.57,0.386,94,55,4,300000.00,พนักงานประจำ,1,ปกติ,9,0
L-28542,2023-06-15,45372.23,0.317,206,35,5,50000.00,ธุรกิจส่วนตัว,2,ปิดบัญชีแล้ว,3,0
L-30335,2023-06-15,55009.51,0.78,198,51,4,100000.00,พนักงานประจำ,8,ค้างชำระ,142,1
L-30443,2023-06-15,26311.58,0.629,207,61,0,50000.00,อาชีพอิสระ,1,ปกติ,23,0
L-30907,2023-06-15,55110.21,0.235,180,58,6,50000.00,พนักงานประจำ,2,ปกติ,16,0
L-30974,2023-06-15,41415.84,0.13,74,25,1,50000.00,ข้าราชการ,0,ปกติ,0,0
L-20309,2023-06-16,19796.77,0.346,100,46,3,100000.00,พนักงานประจำ,1,ปกติ,25,0
L-21816,2023-06-16,36318.66,0.644,137,62,1,300000.00,อาชีพอิสระ,2,ปกติ,23,0
L-24233,2023-06-16,28433.08,0.366,155,39,1,50000.00,อาชีพอิสระ,2,ปกติ,23,0
L-27292,2023-06-16,13645.72,0.448,132,30,0,50000.00,ข้าราชการ,0,ปิดบัญชีแล้ว,9,0
L-28087,2023-06-16,37209.72,0.316,49,55,5,300000.00,ข้าราชการ,2,ปิดบัญชีแล้ว,24,0
L-30020,2023-06-16,15592.62,0.361,25,27,4,500000.00,ธุรกิจส่วนตัว,0,ปกติ,21,0
L-30164,2023-06-16,21498.71,0.408,68,42,1,300000.00,พนักงานประจำ,2,ปิดบัญชีแล้ว,11,0
L-31615,2023-06-16,29103.32,0.267,99,29,6,200000.00,ข้าราชการ,0,ปกติ,9,0
L-31662,2023-06-16,19388.03,0.159,229,59,2,200000.00,พนักงานประจำ,1,ปกติ,7,0
L-20913,2023-06-17,40999.79,0.589,11,40,2,150000.00,ข้าราชการ,2,ปิดบัญชีแล้ว,9,0
L-21028,2023-06-17,9000.00,0.137,167,31,4,300000.00,ธุรกิจส่วนตัว,0,ปกติ,5,0
L-21570,2023-06-17,15335.79,0.529,178,22,2,150000.00,ธุรกิจส่วนตัว,2,ปกติ,13,0
L-22159,2023-06-17,61200.53,0.469,45,64,3,200000.00,ข้าราชการ,0,ปกติ,1,0
L-22947,2023-06-17,36254.18,0.476,45,50,0,50000.00,พนักงานประจำ,0,ปกติ,27,0
L-22994,2023-06-17,28675.33,0.238,112,55,6,100000.00,อาชีพอิสระ,0,ปกติ,1,0
L-24551,2023-06-17,42860.58,0.472,52,37,2,50000.00,พนักงานประจำ,0,ปิดบัญชีแล้ว,21,0
L-25461,2023-06-17,39071.39,0.291,234,40,6,500000.00,ข้าราชการ,0,ปกติ,14,0
L-26070,2023-06-17,18877.86,0.312,130,34,6,150000.00,ข้าราชการ,1,ปกติ,3,0
L-27509,2023-06-17,42826.92,0.354,233,48,3,150000.00,ธุรกิจส่วนตัว,0,ปิดบัญชีแล้ว,11,0
L-28122,2023-06-17,18520.61,0.324,137,54,2,50000.00,อาชีพอิสระ,2,ปกติ,1,0
L-28371,2023-06-17,32364.64,0.779,133,45,6,300000.00,อาชีพอิสระ,0,ปกติ,25,0
L-30413,2023-06-17,9000.00,0.451,198,44,3,200000.00,พนักงานประจำ,2,ปิดบัญชีแล้ว,11,0
L-30703,2023-06-17,45454.26,0.49,135,40,3,500000.00,อาชีพอิสระ,2,ปกติ,22,0
L-31351,2023-06-17,12024.11,0.571,201,40,2,300000.00,อาชีพอิสระ,0,ปกติ,28,0
L-25542,2023-06-18,20028.52,0.23,55,26,1,500000.00,ข้าราชการ,1,ปิดบัญชีแล้ว,24,0
L-29557,2023-06-18,9326.35,0.322,4,36,6,200000.00,ข้าราชการ,0,ปกติ,22,0
L-30621,2023-06-18,51429.01,0.414,126,57,4,300000.00,ธุรกิจส่วนตัว,0,ปกติ,7,0
L-31153,2023-06-18,26363.24,0.463,109,44,3,100000.00,ธุรกิจส่วนตัว,0,ปกติ,3,0
L-31533,2023-06-18,22888.20,0.339,122,51,6,300000.00,ธุรกิจส่วนตัว,2,ปิดบัญชีแล้ว,13,0
L-20131,2023-06-19,37800.86,0.505,87,52,1,500000.00,อาชีพอิสระ,2,ปกติ,5,0
L-20853,2023-06-19,36315.33,0.656,43,61,6,100000.00,ข้าราชการ,10,ค้างชำระ,98,1
L-21385,2023-06-19,42919.85,0.371,20,36,2,500000.00,ธุรกิจส่วนตัว,1,ปกติ,19,0
L-22911,2023-06-19,28576.80,0.2,189,43,6,50000.00,อาชีพอิสระ,2,ปิดบัญชีแล้ว,13,0
L-23288,2023-06-19,20477.11,0.453,10,60,3,50000.00,ข้าราชการ,0,ปกติ,1,0
L-25088,2023-06-19,40286.12,0.62,59,50,3,500000.00,ข้าราชการ,12,ค้างชำระ,164,1
L-29173,2023-06-19,23306.23,0.331,152,35,5,150000.00,อาชีพอิสระ,2,ปกติ,27,0
L-29478,2023-06-19,31273.56,0.332,119,47,3,500000.00,ข้าราชการ,1,ปกติ,10,0
L-30502,2023-06-19,44998.10,0.079,132,49,6,50000.00,ธุรกิจส่วนตัว,0,ปิดบัญชีแล้ว,8,0
L-30775,2023-06-19,39924.13,0.635,237,32,1,100000.00,พนักงานประจำ,8,ค้างชำระ,50,1
L-31315,2023-06-19,48049.23,0.38,134,25,0,150000.00,พนักงานประจำ,2,ปกติ,20,0
L-20249,2023-06-20,39944.32,0.263,59,58,4,100000.00,พนักงานประจำ,0,ปกติ,18,0
L-20703,2023-06-20,33481.14,0.259,72,46,6,50000.00,พนักงานประจำ,0,ปกติ,25,0
L-20844,2023-06-20,54705.70,0.362,151,52,2,300000.00,ธุรกิจส่วนตัว,2,ปิดบัญชีแล้ว,12,0
L-21163,2023-06-20,49202.79,0.505,163,27,2,300000.00,พนักงานประจำ,2,ปกติ,0,0
L-23679,2023-06-20,24068.05,0.227,25,25,2,100000.00,อาชีพอิสระ,0,ปกติ,23,0
L-24010,2023-06-20,47170.46,0.182,112,37,4,50000.00,ข้าราชการ,1,ปกติ,30,0
L-24555,2023-06-20,39222.08,0.577,62,36,5,100000.00,ธุรกิจส่วนตัว,0,ปกติ,29,0
L-24850,2023-06-20,31489.48,0.224,205,35,5,200000.00,ข้าราชการ,2,ปกติ,16,0
L-24990,2023-06-20,37037.92,0.232,131,61,3,200000.00,อาชีพอิสระ,1,ปกติ,12,0
L-25793,2023-06-20,45940.86,0.431,45,62,6,50000.00,อาชีพอิสระ,1,ปกติ,6,0
L-28003,2023-06-20,45622.62,0.431,133,52,3,150000.00,ธุรกิจส่วนตัว,2,ปกติ,11,0
L-29612,2023-06-20,26516.29,0.326,54,27,2,50000.00,ธุรกิจส่วนตัว,2,ปกติ,27,0
L-29754,2023-06-20,29456.45,0.177,44,36,6,500000.00,พนักงานประจำ,0,ปิดบัญชีแล้ว,24,0
L-31027,2023-06-20,63057.71,0.346,111,59,3,50000.00,ธุรกิจส่วนตัว,14,ค้างชำระ,105,1
L-31457,2023-06-20,9000.00,0.312,217,53,4,100000.00,อาชีพอิสระ,0,ปกติ,27,0
L-20185,2023-06-21,42824.21,0.48,112,52,3,500000.00,ข้าราชการ,0,ปกติ,16,0
L-21241,2023-06-21,15386.75,0.192,56,21,6,100000.00,พนักงานประจำ,1,ปกติ,20,0
L-22363,2023-06-21,23423.62,0.535,187,59,5,50000.00,ข้าราชการ,2,ปกติ,10,0
L-22764,2023-06-21,16375.05,0.357,44,28,0,200000.00,อาชีพอิสระ,2,ปิดบัญชีแล้ว,24,0
L-23600,2023-06-21,37784.97,0.512,135,25,2,500000.00,พนักงานประจำ,1,ปกติ,1,0
L-24277,2023-06-21,15879.71,0.576,143,63,6,100000.00,พนักงานประจำ,2,ปกติ,21,0
L-26022,2023-06-21,17319.56,0.682,62,28,4,200000.00,ธุรกิจส่วนตัว,2,ปกติ,13,0
L-26263,2023-06-21,27552.06,0.336,158,57,5,50000.00,ธุรกิจส่วนตัว,0,ปกติ,13,0
L-26692,2023-06-21,37273.22,0.119,150,52,5,100000.00,อาชีพอิสระ,0,ปิดบัญชีแล้ว,30,0
L-30185,2023-06-21,15050.43,0.249,239,24,5,50000.00,ธุรกิจส่วนตัว,2,ปกติ,5,0
L-30714,2023-06-21,41601.50,0.219,109,45,5,500000.00,ธุรกิจส่วนตัว,1,ปกติ,27,0
L-31713,2023-06-21,33616.39,0.384,173,25,2,200000.00,ธุรกิจส่วนตัว,0,ปิดบัญชีแล้ว,14,0
L-22694,2023-06-22,31108.47,0.469,101,62,6,100000.00,ข้าราชการ,2,ปิดบัญชีแล้ว,1,0
L-24008,2023-06-22,30630.72,0.02,188,48,0,100000.00,ข้าราชการ,2,ปกติ,0,0
L-26086,2023-06-22,13797.46,0.347,64,56,4,500000.00,อาชีพอิสระ,12,ค้างชำระ,77,1
L-28376,2023-06-22,42157.15,0.494,183,51,0,50000.00,อาชีพอิสระ,0,ปิดบัญชีแล้ว,5,0
L-28956,2023-06-22,35002.78,0.606,28,23,0,100000.00,ข้าราชการ,10,ค้างชำระ,141,1
L-29301,2023-06-22,33808.77,0.627,120,32,5,100000.00,อาชีพอิสระ,1,ปกติ,10,0
L-29868,2023-06-22,22744.69,0.379,194,59,6,100000.00,ธุรกิจส่วนตัว,0,ปกติ,30,0
L-30888,2023-06-22,37723.13,0.482,4,32,3,500000.00,อาชีพอิสระ,2,ปิดบัญชีแล้ว,1,0
L-31545,2023-06-22,42020.28,0.426,82,30,2,50000.00,ข้าราชการ,0,ปกติ,4,0
L-20662,2023-06-23,45183.36,0.572,204,53,0,200000.00,ธุรกิจส่วนตัว,1,ปกติ,27,0
L-21029,2023-06-23,14571.72,0.388,8,50,1,200000.00,ข้าราชการ,3,ค้างชำระ,133,1
L-21303,2023-06-23,24996.01,0.314,92,52,2,300000.00,ข้าราชการ,1,ปิดบัญชีแล้ว,10,0
L-21920,2023-06-23,22672.28,0.354,135,38,3,300000.00,ธุรกิจส่วนตัว,2,ปกติ,6,0
L-22536,2023-06-23,22194.30,0.456,66,40,5,50000.00,ข้าราชการ,0,ปกติ,4,0
L-22556,2023-06-23,31949.75,0.378,75,23,0,300000.00,ข้าราชการ,2,ปิดบัญชีแล้ว,13,0
L-23795,2023-06-23,20968.53,0.465,152,61,2,200000.00,ธุรกิจส่วนตัว,1,ปกติ,22,0
L-25858,2023-06-23,56763.64,0.373,25,25,0,200000.00,อาชีพอิสระ,2,ปกติ,19,0
L-26089,2023-06-23,26740.90,0.18,52,53,1,150000.00,อาชีพอิสระ,1,ปกติ,13,0
L-26416,2023-06-23,36427.50,0.319,71,28,3,50000.00,ข้าราชการ,0,ปกติ,25,0
L-26866,2023-06-23,36575.30,0.238,172,60,0,100000.00,อาชีพอิสระ,1,ปกติ,21,0
L-27975,2023-06-23,31139.98,0.385,73,61,3,500000.00,ข้าราชการ,0,ปกติ,4,0
L-28525,2023-06-23,18420.31,0.244,212,40,6,150000.00,ธุรกิจส่วนตัว,2,ปิดบัญชีแล้ว,3,0
L-28756,2023-06-23,28871.10,0.112,151,40,3,150000.00,ข้าราชการ,0,ปกติ,26,0
L-31370,2023-06-23,34695.40,0.309,229,55,1,300000.00,พนักงานประจำ,1,ปกติ,10,0
L-31903,2023-06-23,34161.29,0.609,11,26,5,200000.00,พนักงานประจำ,0,ปกติ,25,0
L-23144,2023-06-24,29030.80,0.393,14,58,3,200000.00,พนักงานประจำ,1,ปกติ,9,0
L-23532,2023-06-24,40802.66,0.455,167,36,3,50000.00,ข้าราชการ,1,ปกติ,23,0
L-24223,2023-06-24,19806.77,0.601,91,46,3,100000.00,อาชีพอิสระ,0,ปิดบัญชีแล้ว,11,0
L-26377,2023-06-24,64707.89,0.562,9,37,4,100000.00,อาชีพอิสระ,1,ปกติ,0,0
L-26404,2023-06-24,28383.19,0.351,59,42,2,150000.00,ข้าราชการ,0,ปกติ,19,0
L-26908,2023-06-24,35655.72,0.277,94,59,1,50000.00,ธุรกิจส่วนตัว,1,ปกติ,10,0
L-28504,2023-06-24,28515.28,0.308,28,47,2,500000.00,อาชีพอิสระ,1,ปกติ,21,0
L-28689,2023-06-24,20539.10,0.208,95,37,0,100000.00,ธุรกิจส่วนตัว,2,ปกติ,2,0
L-30645,2023-06-24,39895.21,0.422,132,59,5,50000.00,พนักงานประจำ,0,ปกติ,27,0
L-20068,2023-06-25,49158.66,0.479,132,25,3,100000.00,ข้าราชการ,1,ปิดบัญชีแล้ว,21,0
L-21286,2023-06-25,9000.00,0.268,60,24,5,100000.00,ข้าราชการ,11,ค้างชำระ,58,1
L-21781,2023-06-25,37349.08,0.521,54,63,0,500000.00,พนักงานประจำ,0,ปกติ,26,0
L-22644,2023-06-25,23016.38,0.43,162,40,1,50000.00,อาชีพอิสระ,2,ปกติ,15,0
L-22943,2023-06-25,45681.30,0.194,59,28,3,50000.00,ข้าราชการ,2,ปกติ,9,0
L-25056,2023-06-25,42301.17,0.484,136,30,5,100000.00,ธุรกิจส่วนตัว,0,ปกติ,5,0
L-26463,2023-06-25,20469.86,0.554,223,43,0,150000.00,ธุรกิจส่วนตัว,2,ปกติ,3,0
L-27053,2023-06-25,26348.96,0.282,52,51,5,200000.00,อาชีพอิสระ,8,ค้างชำระ,173,1
L-28100,2023-06-25,50790.45,0.487,227,27,6,50000.00,อาชีพอิสระ,2,ปิดบัญชีแล้ว,2,0
L-28546,2023-06-25,34385.55,0.58,93,37,3,150000.00,ข้าราชการ,0,ปกติ,27,0
L-29594,2023-06-25,48334.60,0.706,220,27,0,300000.00,ข้าราชการ,2,ปกติ,27,0
L-31157,2023-06-25,23316.50,0.376,45,44,5,50000.00,ข้าราชการ,1,ปกติ,18,0
L-20029,2023-06-26,16650.26,0.438,201,62,0,300000.00,ข้าราชการ,0,ปิดบัญชีแล้ว,11,0
L-22845,2023-06-26,17220.08,0.388,136,55,1,200000.00,ธุรกิจส่วนตัว,0,ปกติ,19,0
L-23177,2023-06-26,23852.33,0.297,61,58,0,50000.00,อาชีพอิสระ,2,ปกติ,10,0
L-24309,2023-06-26,52998.35,0.143,199,61,0,500000.00,ธุรกิจส่วนตัว,1,ปกติ,27,0
L-24356,2023-06-26,9000.00,0.458,95,23,4,300000.00,พนักงานประจำ,2,ปกติ,30,0
L-24827,2023-06-26,26468.56,0.194,80,43,3,100000.00,ธุรกิจส่วนตัว,0,ปกติ,9,0
L-29876,2023-06-26,43319.12,0.02,37,44,1,500000.00,พนักงานประจำ,0,ปกติ,19,0
L-30843,2023-06-26,15061.07,0.271,195,60,1,50000.00,ธุรกิจส่วนตัว,1,ปกติ,12,0
L-20715,2023-06-27,19100.47,0.263,124,29,4,200000.00,ธุรกิจส่วนตัว,0,ปิดบัญชีแล้ว,12,0
L-21957,2023-06-27,19104.56,0.328,72,65,4,50000.00,พนักงานประจำ,2,ปกติ,14,0
L-22105,2023-06-27,34164.66,0.695,44,25,4,50000.00,ธุรกิจส่วนตัว,7,ค้างชำระ,160,1
L-23448,2023-06-27,19539.45,0.66,3,23,2,200000.00,อาชีพอิสระ,2,ปกติ,2,0
L-24437,2023-06-27,45674.26,0.685,23,62,0,500000.00,ธุรกิจส่วนตัว,0,ปกติ,8,0
L-24910,2023-06-27,19429.91,0.329,190,27,2,100000.00,พนักงานประจำ,0,ปกติ,21,0
L-27911,2023-06-27,28351.40,0.608,27,56,4,300000.00,ธุรกิจส่วนตัว,8,ค้างชำระ,60,1
L-30277,2023-06-27,24729.52,0.02,207,55,0,100000.00,พนักงานประจำ,1,ปกติ,24,0
L-20880,2023-06-28,32428.38,0.131,15,56,0,50000.00,ธุรกิจส่วนตัว,1,ปกติ,4,0
L-23660,2023-06-28,27985.59,0.075,85,30,2,150000.00,พนักงานประจำ,0,ปกติ,0,0
L-25312,2023-06-28,9000.00,0.724,126,22,6,200000.00,พนักงานประจำ,1,ปกติ,23,0
L-25474,2023-06-28,32792.55,0.767,73,30,6,300000.00,ข้าราชการ,4,ค้างชำระ,104,1
L-27236,2023-06-28,45884.53,0.386,237,40,1,150000.00,พนักงานประจำ,0,ปกติ,19,0
L-28385,2023-06-28,41313.30,0.379,232,64,0,500000.00,พนักงานประจำ,2,ปกติ,21,0
L-29852,2023-06-28,9000.00,0.316,234,54,5,100000.00,พนักงานประจำ,1,ปกติ,11,0
L-31437,2023-06-28,18591.69,0.481,55,24,3,50000.00,พนักงานประจำ,1,ปกติ,3,0
L-31683,2023-06-28,27909.70,0.329,202,40,3,50000.00,อาชีพอิสระ,1,ปกติ,11,0
L-20040,2023-06-29,16237.64,0.196,94,39,2,50000.00,อาชีพอิสระ,0,ปกติ,14,0
L-20705,2023-06-29,12063.05,0.752,225,29,6,500000.00,พนักงานประจำ,8,ค้างชำระ,65,1
L-22280,2023-06-29,27278.77,0.276,124,51,0,300000.00,พนักงานประจำ,2,ปกติ,18,0
L-23309,2023-06-29,16959.38,0.209,217,32,3,300000.00,ข้าราชการ,0,ปิดบัญชีแล้ว,12,0
L-23809,2023-06-29,49488.48,0.278,71,21,4,200000.00,พนักงานประจำ,2,ปกติ,26,0
L-24945,2023-06-29,41592.27,0.402,90,43,3,300000.00,ธุรกิจส่วนตัว,1,ปกติ,1,0
L-25617,2023-06-29,10720.87,0.316,208,50,1,150000.00,อาชีพอิสระ,0,ปกติ,3,0
L-27597,2023-06-29,52659.27,0.605,63,22,4,100000.00,พนักงานประจำ,13,ค้างชำระ,57,1
L-27979,2023-06-29,30969.20,0.044,186,30,2,150000.00,อาชีพอิสระ,2,ปกติ,4,0
L-28934,2023-06-29,26653.56,0.303,143,31,5,300000.00,ธุรกิจส่วนตัว,0,ปกติ,5,0
L-29225,2023-06-29,42549.64,0.272,200,43,0,50000.00,ธุรกิจส่วนตัว,1,ปกติ,16,0
L-29320,2023-06-29,27044.25,0.603,177,58,0,500000.00,ธุรกิจส่วนตัว,1,ปกติ,21,0
L-30030,2023-06-29,39604.79,0.403,128,29,2,300000.00,พนักงานประจำ,1,ปิดบัญชีแล้ว,13,0
L-30402,2023-06-29,40145.52,0.232,158,40,4,200000.00,ข้าราชการ,0,ปกติ,25,0
L-30900,2023-06-29,36127.80,0.335,16,32,1,200000.00,ธุรกิจส่วนตัว,1,ปกติ,10,0
L-20378,2023-06-30,36824.24,0.389,166,57,5,150000.00,ธุรกิจส่วนตัว,0,ปกติ,13,0
L-21237,2023-06-30,34648.76,0.44,42,55,0,150000.00,อาชีพอิสระ,1,ปกติ,20,0
L-21346,2023-06-30,34146.73,0.155,84,60,1,500000.00,อาชีพอิสระ,1,ปิดบัญชีแล้ว,13,0
L-24776,2023-06-30,20962.63,0.249,193,41,4,500000.00,ข้าราชการ,2,ปกติ,23,0
L-25572,2023-06-30,9323.76,0.379,7,58,3,50000.00,พนักงานประจำ,2,ปกติ,8,0
L-26413,2023-06-30,46958.99,0.616,99,41,0,50000.00,อาชีพอิสระ,0,ปกติ,9,0
L-27739,2023-06-30,52019.09,0.26,161,24,3,100000.00,พนักงานประจำ,2,ปกติ,2,0
L-28814,2023-06-30,9000.00,0.186,94,24,6,300000.00,ธุรกิจส่วนตัว,13,ค้างชำระ,77,1
L-28908,2023-06-30,29519.79,0.447,93,54,4,300000.00,อาชีพอิสระ,0,ปกติ,6,0
L-29321,2023-06-30,26849.31,0.418,99,33,2,500000.00,พนักงานประจำ,1,ปกติ,24,0
L-31281,2023-06-30,56836.00,0.349,162,42,6,200000.00,ธุรกิจส่วนตัว,1,ปิดบัญชีแล้ว,8,0
L-31833,2023-06-30,12644.56,0.506,180,49,3,200000.00,อาชีพอิสระ,1,ปิดบัญชีแล้ว,1,0
L-22575,2023-07-01,28998.70,0.69,239,34,4,150000.00,ธุรกิจส่วนตัว,13,ค้างชำระ,95,1
L-22990,2023-07-01,29693.23,0.297,166,54,2,100000.00,พนักงานประจำ,6,ค้างชำระ,143,1
L-23598,2023-07-01,20978.17,0.202,166,49,2,100000.00,อาชีพอิสระ,0,ปกติ,4,0
L-24266,2023-07-01,46072.98,0.484,5,64,3,500000.00,ข้าราชการ,9,ค้างชำระ,126,1
L-25226,2023-07-01,50742.38,0.277,85,33,0,500000.00,ข้าราชการ,2,ปิดบัญชีแล้ว,21,0
L-27067,2023-07-01,30336.53,0.581,121,50,0,300000.00,พนักงานประจำ,0,ปกติ,23,0
L-27359,2023-07-01,53787.01,0.22,54,22,4,50000.00,อาชีพอิสระ,2,ปกติ,25,0
L-28193,2023-07-01,16908.08,0.355,28,33,0,300000.00,พนักงานประจำ,7,ค้างชำระ,103,1
L-28393,2023-07-01,23860.00,0.127,115,55,6,200000.00,ข้าราชการ,2,ปกติ,4,0
L-29285,2023-07-01,32714.97,0.531,85,32,6,50000.00,พนักงานประจำ,0,ปิดบัญชีแล้ว,18,0
L-29954,2023-07-01,15046.01,0.573,99,33,3,200000.00,ข้าราชการ,2,ปกติ,19,0
L-30056,2023-07-01,32310.17,0.352,139,63,6,150000.00,อาชีพอิสระ,1,ปกติ,17,0
L-30542,2023-07-01,24689.88,0.65,111,30,4,200000.00,ข้าราชการ,0,ปกติ,18,0
L-31032,2023-07-01,44724.99,0.331,60,50,4,50000.00,ข้าราชการ,2,ปกติ,5,0
L-21493,2023-07-02,46801.85,0.323,82,58,6,200000.00,ข้าราชการ,0,ปกติ,22,0
L-21598,2023-07-02,25757.35,0.226,121,28,2,500000.00,พนักงานประจำ,0,ปิดบัญชีแล้ว,22,0
L-22765,2023-07-02,32996.82,0.432,115,47,1,50000.00,ข้าราชการ,0,ปกติ,0,0
L-22949,2023-07-02,28624.04,0.325,10,41,4,500000.00,ธุรกิจส่วนตัว,4,ค้างชำระ,102,1
L-22973,2023-07-02,35264.40,0.407,92,55,4,50000.00,ธุรกิจส่วนตัว,0,ปกติ,4,0
L-25325,2023-07-02,61009.57,0.235,23,44,1,300000.00,พนักงานประจำ,2,ปกติ,18,0
L-26167,2023-07-02,52465.85,0.453,121,49,2,50000.00,พนักงานประจำ,0,ปกติ,24,0
L-27930,2023-07-02,30589.91,0.248,53,49,4,150000.00,ข้าราชการ,2,ปกติ,12,0
L-28090,2023-07-02,36950.66,0.501,82,35,2,300000.00,ข้าราชการ,0,ปกติ,28,0
L-28174,2023-07-02,21748.72,0.363,177,58,6,200000.00,พนักงานประจำ,1,ปิดบัญชีแล้ว,3,0
L-28823,2023-07-02,40761.47,0.237,181,21,2,300000.00,ธุรกิจส่วนตัว,0,ปิดบัญชีแล้ว,19,0
L-29528,2023-07-02,51863.65,0.191,67,64,6,50000.00,ธุรกิจส่วนตัว,1,ปิดบัญชีแล้ว,14,0
L-31770,2023-07-02,32534.93,0.384,187,42,1,300000.00,ข้าราชการ,0,ปกติ,10,0
L-31990,2023-07-02,25583.73,0.382,137,29,2,100000.00,อาชีพอิสระ,2,ปิดบัญชีแล้ว,1,0
L-22292,2023-07-03,45854.40,0.492,168,36,2,200000.00,อาชีพอิสระ,0,ปิดบัญชีแล้ว,13,0
L-22998,2023-07-03,44374.44,0.194,62,46,4,50000.00,อาชีพอิสระ,2,ปกติ,14,0
L-24284,2023-07-03,50333.03,0.374,194,64,1,500000.00,ข้าราชการ,2,ปิดบัญชีแล้ว,25,0
L-28203,2023-07-03,39081.06,0.492,199,28,2,200000.00,อาชีพอิสระ,1,ปกติ,30,0
L-28544,2023-07-03,9000.00,0.428,146,43,2,300000.00,ข้าราชการ,1,ปกติ,2,0
L-28897,2023-07-03,9000.00,0.329,132,50,3,50000.00,อาชีพอิสระ,2,ปกติ,18,0
L-20558,2023-07-04,21812.95,0.4,105,28,1,50000.00,อาชีพอิสระ,0,ปกติ,25,0
L-21427,2023-07-04,34154.56,0.591,110,32,5,300000.00,พนักงานประจำ,0,ปกติ,17,0
L-21856,2023-07-04,40633.55,0.462,114,36,5,300000.00,อาชีพอิสระ,2,ปิดบัญชีแล้ว,8,0
L-22314,2023-07-04,13692.18,0.52,212,44,0,150000.00,ข้าราชการ,2,ปกติ,29,0
L-22951,2023-07-04,32343.76,0.389,107,23,6,50000.00,ธุรกิจส่วนตัว,0,ปกติ,25,0
L-23402,2023-07-04,17978.80,0.413,80,43,0,50000.00,ข้าราชการ,2,ปกติ,15,0
L-24016,2023-07-04,23669.34,0.555,104,36,0,200000.00,ธุรกิจส่วนตัว,2,ปกติ,0,0
L-25049,2023-07-04,24763.87,0.572,232,30,0,100000.00,ธุรกิจส่วนตัว,0,ปกติ,7,0
L-25438,2023-07-04,17389.66,0.322,1,51,2,50000.00,ธุรกิจส่วนตัว,1,ปกติ,12,0
L-29434,2023-07-04,41793.61,0.52,203,60,2,150000.00,ธุรกิจส่วนตัว,0,ปิดบัญชีแล้ว,23,0
L-29929,2023-07-04,44409.68,0.705,187,35,3,150000.00,ข้าราชการ,1,ปกติ,1,0
L-30091,2023-07-04,28267.62,0.459,167,58,4,500000.00,ข้าราชการ,0,ปกติ,27,0
L-30103,2023-07-04,40503.77,0.378,148,54,2,200000.00,ข้าราชการ,1,ปิดบัญชีแล้ว,8,0
L-30770,2023-07-04,9000.00,0.908,9,22,5,150000.00,พนักงานประจำ,10,ค้างชำระ,141,1
L-20932,2023-07-05,24518.26,0.597,70,22,1,150000.00,พนักงานประจำ,1,ปกติ,4,0
L-21600,2023-07-05,23450.38,0.318,182,39,4,300000.00,ข้าราชการ,2,ปกติ,6,0
L-21892,2023-07-05,17722.06,0.28,71,31,3,100000.00,พนักงานประจำ,1,ปกติ,12,0
L-23863,2023-07-05,28221.14,0.549,62,37,4,200000.00,อาชีพอิสระ,2,ปกติ,13,0
L-24661,2023-07-05,26960.26,0.207,7,49,2,500000.00,ข้าราชการ,1,ปกติ,17,0
L-25327,2023-07-05,20288.59,0.293,222,51,2,50000.00,พนักงานประจำ,2,ปกติ,6,0
L-27506,2023-07-05,36512.56,0.485,113,52,5,300000.00,ธุรกิจส่วนตัว,0,ปกติ,6,0
L-28131,2023-07-05,18933.96,0.466,173,49,6,150000.00,พนักงานประจำ,5,ค้างชำระ,128,1
L-29769,2023-07-05,9000.00,0.275,24,34,5,150000.00,ข้าราชการ,1,ปกติ,13,0
L-29786,2023-07-05,47311.62,0.126,70,48,6,500000.00,พนักงานประจำ,2,ปกติ,28,0
L-30042,2023-07-05,23383.49,0.386,171,60,6,50000.00,ข้าราชการ,2,ปิดบัญชีแล้ว,19,0
L-30559,2023-07-05,33749.22,0.246,61,59,0,100000.00,ธุรกิจส่วนตัว,2,ปกติ,11,0
L-31592,2023-07-05,30292.19,0.641,71,43,6,150000.00,ธุรกิจส่วนตัว,0,ปกติ,7,0
L-20395,2023-07-06,32533.42,0.325,240,40,5,100000.00,พนักงานประจำ,2,ปกติ,3,0
L-21085,2023-07-06,29243.78,0.62,60,60,0,500000.00,อาชีพอิสระ,2,ปกติ,30,0
L-21595,2023-07-06,36070.64,0.303,141,51,4,500000.00,ธุรกิจส่วนตัว,2,ปกติ,19,0
L-21899,2023-07-06,22789.05,0.3,161,33,0,100000.00,ข้าราชการ,0,ปิดบัญชีแล้ว,18,0
L-23772,2023-07-06,14774.28,0.118,26,44,4,150000.00,ข้าราชการ,2,ปกติ,17,0
L-23834,2023-07-06,42408.71,0.204,34,33,4,100000.00,ข้าราชการ,2,ปกติ,29,0
L-24121,2023-07-06,47023.83,0.415,13,53,2,300000.00,ข้าราชการ,2,ปกติ,21,0
L-24217,2023-07-06,41421.11,0.182,0,25,2,200000.00,ธุรกิจส่วนตัว,2,ปกติ,15,0
L-24495,2023-07-06,23740.52,0.492,40,26,5,50000.00,พนักงานประจำ,1,ปิดบัญชีแล้ว,0,0
L-25120,2023-07-06,27109.20,0.164,131,25,5,200000.00,ธุรกิจส่วนตัว,1,ปกติ,17,0
L-26530,2023-07-06,29304.15,0.593,131,53,6,500000.00,อาชีพอิสระ,2,ปกติ,23,0
L-27111,2023-07-06,9000.00,0.334,134,61,3,100000.00,ข้าราชการ,1,ปิดบัญชีแล้ว,14,0
L-27457,2023-07-06,42987.10,0.402,225,29,0,200000.00,พนักงานประจำ,2,ปกติ,12,0
L-28839,2023-07-06,24772.29,0.376,146,57,3,500000.00,ข้าราชการ,0,ปกติ,30,0
L-29198,2023-07-06,55835.83,0.483,149,44,5,200000.00,พนักงานประจำ,0,ปกติ,25,0
L-30725,2023-07-06,45379.15,0.254,159,41,0,300000.00,ธุรกิจส่วนตัว,0,ปกติ,15,0
L-30928,2023-07-06,46425.39,0.388,19,61,6,100000.00,พนักงานประจำ,2,ปกติ,18,0
L-20342,2023-07-07,20480.33,0.281,236,40,0,150000.00,อาชีพอิสระ,0,ปกติ,18,0
L-20396,2023-07-07,27070.50,0.537,145,49,5,300000.00,ข้าราชการ,2,ปกติ,18,0
L-20861,2023-07-07,34986.45,0.226,147,45,4,500000.00,อาชีพอิสระ,0,ปิดบัญชีแล้ว,19,0
L-23694,2023-07-07,42321.29,0.34,50,22,6,100000.00,ธุรกิจส่วนตัว,0,ปิดบัญชีแล้ว,7,0
L-23706,2023-07-07,12067.06,0.562,7,62,6,500000.00,ข้าราชการ,2,ปิดบัญชีแล้ว,4,0
L-25640,2023-07-07,25556.25,0.319,142,41,5,200000.00,ธุรกิจส่วนตัว,2,ปิดบัญชีแล้ว,16,0
L-28061,2023-07-07,21702.64,0.538,177,60,2,150000.00,พนักงานประจำ,0,ปกติ,29,0
L-28395,2023-07-07,38185.89,0.299,231,41,5,150000.00,อาชีพอิสระ,1,ปกติ,0,0
L-28653,2023-07-07,35165.04,0.706,88,50,3,200000.00,ธุรกิจส่วนตัว,0,ปิดบัญชีแล้ว,23,0
L-31884,2023-07-07,64284.45,0.155,8,57,0,200000.00,อาชีพอิสระ,1,ปิดบัญชีแล้ว,14,0
L-20905,2023-07-08,13876.86,0.541,149,57,0,200000.00,ธุรกิจส่วนตัว,1,ปกติ,25,0
L-21338,2023-07-08,30567.83,0.098,25,53,4,150000.00,อาชีพอิสระ,1,ปกติ,1,0
L-24462,2023-07-08,74877.33,0.29,68,51,2,300000.00,ข้าราชการ,0,ปกติ,23,0
L-25701,2023-07-08,23141.06,0.289,151,39,6,100000.00,พนักงานประจำ,2,ปกติ,24,0
L-26292,2023-07-08,54163.89,0.357,159,48,2,300000.00,พนักงานประจำ,1,ปกติ,29,0
L-27700,2023-07-08,26858.01,0.492,124,62,1,50000.00,ข้าราชการ,1,ปกติ,0,0
L-28389,2023-07-08,9000.00,0.353,7,33,0,200000.00,อาชีพอิสระ,2,ปกติ,11,0
L-28692,2023-07-08,41556.19,0.588,35,24,6,50000.00,พนักงานประจำ,11,ค้างชำระ,100,1
L-30862,2023-07-08,27082.75,0.397,180,46,4,50000.00,อาชีพอิสระ,1,ปกติ,30,0
L-31167,2023-07-08,18530.97,0.551,158,47,0,200000.00,อาชีพอิสระ,1,ปิดบัญชีแล้ว,30,0
L-20293,2023-07-09,15989.69,0.375,177,49,3,150000.00,พนักงานประจำ,2,ปกติ,23,0
L-21100,2023-07-09,52406.10,0.617,222,53,2,200000.00,ธุรกิจส่วนตัว,1,ปิดบัญชีแล้ว,16,0
L-21383,2023-07-09,44910.68,0.438,174,22,6,300000.00,พนักงานประจำ,1,ปกติ,17,0
L-21395,2023-07-09,47001.65,0.378,186,30,5,100000.00,อาชีพอิสระ,1,ปกติ,28,0
L-21934,2023-07-09,43091.70,0.282,229,26,5,200000.00,พนักงานประจำ,1,ปกติ,16,0
L-22071,2023-07-09,51747.61,0.411,232,37,5,500000.00,พนักงานประจำ,0,ปกติ,19,0
L-23181,2023-07-09,32845.06,0.473,81,51,4,300000.00,พนักงานประจำ,2,ปกติ,18,0
L-23629,2023-07-09,63170.98,0.2,116,37,0,200000.00,ธุรกิจส่วนตัว,2,ปกติ,22,0
L-23963,2023-07-09,27547.35,0.418,18,55,1,100000.00,พนักงานประจำ,1,ปิดบัญชีแล้ว,22,0
L-26333,2023-07-09,36053.95,0.164,111,37,2,50000.00,พนักงานประจำ,1,ปกติ,7,0
L-26556,2023-07-09,55758.01,0.251,234,65,4,100000.00,อาชีพอิสระ,1,ปิดบัญชีแล้ว,14,0
L-26643,2023-07-09,10627.14,0.273,232,27,0,300000.00,ธุรกิจส่วนตัว,1,ปกติ,0,0
L-26702,2023-07-09,41934.83,0.599,119,42,6,50000.00,ข้าราชการ,2,ปิดบัญชีแล้ว,0,0
L-27162,2023-07-09,16586.74,0.417,183,36,0,50000.00,ธุรกิจส่วนตัว,11,ค้างชำระ,146,1
L-27886,2023-07-09,34861.62,0.466,89,56,0,150000.00,ธุรกิจส่วนตัว,2,ปิดบัญชีแล้ว,0,0
L-31138,2023-07-09,36030.03,0.525,33,63,3,150000.00,ข้าราชการ,0,ปกติ,14,0
L-31561,2023-07-09,19798.26,0.736,2,35,0,500000.00,พนักงานประจำ,0,ปกติ,26,0
L-20006,2023-07-10,19988.27,0.304,101,51,3,300000.00,พนักงานประจำ,1,ปิดบัญชีแล้ว,16,0
L-20172,2023-07-10,21259.46,0.753,127,65,3,500000.00,ข้าราชการ,0,ปกติ,11,0
L-21328,2023-07-10,22442.60,0.562,230,35,3,500000.00,ธุรกิจส่วนตัว,0,ปกติ,13,0
L-23531,2023-07-10,53491.16,0.51,216,25,4,50000.00,พนักงานประจำ,2,ปกติ,15,0
L-23891,2023-07-10,43149.80,0.611,121,41,5,100000.00,พนักงานประจำ,1,ปกติ,20,0
L-25909,2023-07-10,32038.37,0.283,236,40,0,300000.00,พนักงานประจำ,1,ปกติ,10,0
L-26152,2023-07-10,38213.04,0.526,218,30,2,100000.00,ข้าราชการ,0,ปกติ,28,0
L-28059,2023-07-10,43808.77,0.268,236,36,2,300000.00,ข้าราชการ,2,ปกติ,20,0
L-20696,2023-07-11,23182.90,0.374,0,28,4,300000.00,ข้าราชการ,0,ปิดบัญชีแล้ว,20,0
L-22638,2023-07-11,32402.07,0.02,91,58,6,100000.00,พนักงานประจำ,2,ปกติ,4,0
L-23194,2023-07-11,16524.65,0.587,197,60,6,150000.00,พนักงานประจำ,0,ปกติ,24,0
L-23444,2023-07-11,22213.21,0.361,5,27,5,500000.00,อาชีพอิสระ,2,ปกติ,12,0
L-23666,2023-07-11,46944.93,0.275,49,23,1,500000.00,อาชีพอิสระ,0,ปิดบัญชีแล้ว,15,0
L-23717,2023-07-11,28030.89,0.543,139,38,5,500000.00,ธุรกิจส่วนตัว,2,ปกติ,3,0
L-24904,2023-07-11,14157.43,0.68,154,31,3,500000.00,อาชีพอิสระ,1,ปกติ,17,0
L-25519,2023-07-11,19625.41,0.215,61,64,6,50000.00,อาชีพอิสระ,2,ปกติ,17,0
L-25946,2023-07-11,55030.27,0.221,139,63,4,150000.00,ธุรกิจส่วนตัว,1,ปิดบัญชีแล้ว,1,0
L-26625,2023-07-11,25373.14,0.513,55,60,1,300000.00,พนักงานประจำ,2,ปกติ,15,0
L-28331,2023-07-11,42467.17,0.324,54,49,6,300000.00,ข้าราชการ,2,ปกติ,7,0
L-29145,2023-07-11,46891.60,0.151,143,22,6,150000.00,ข้าราชการ,1,ปิดบัญชีแล้ว,12,0
L-29907,2023-07-11,44343.37,0.636,77,25,6,300000.00,พนักงานประจำ,0,ปกติ,22,0
L-21757,2023-07-12,9000.00,0.493,153,64,3,500000.00,อาชีพอิสระ,2,ปกติ,3,0
L-22175,2023-07-12,28754.97,0.324,134,61,1,500000.00,ธุรกิจส่วนตัว,0,ปกติ,19,0
L-25183,2023-07-12,29705.23,0.054,32,60,2,200000.00,ข้าราชการ,2,ปิดบัญชีแล้ว,3,0
L-26531,2023-07-12,14071.43,0.338,85,37,4,200000.00,ธุรกิจส่วนตัว,2,ปกติ,22,0
L-27156,2023-07-12,60818.65,0.379,74,55,2,500000.00,พนักงานประจำ,2,ปกติ,10,0
L-27157,2023-07-12,20750.07,0.221,115,55,6,150000.00,ธุรกิจส่วนตัว,0,ปกติ,27,0
L-28351,2023-07-12,45109.95,0.209,136,25,2,500000.00,ข้าราชการ,0,ปกติ,14,0
L-30561,2023-07-12,31783.95,0.193,43,25,6,50000.00,ข้าราชการ,0,ปิดบัญชีแล้ว,3,0
L-22874,2023-07-13,29601.25,0.373,118,39,1,100000.00,อาชีพอิสระ,2,ปกติ,20,0
L-23267,2023-07-13,30094.49,0.428,48,35,5,150000.00,ข้าราชการ,2,ปกติ,10,0
L-23359,2023-07-13,49844.21,0.428,51,49,1,150000.00,ข้าราชการ,0,ปกติ,12,0
L-25257,2023-07-13,13958.70,0.103,157,41,3,300000.00,ธุรกิจส่วนตัว,2,ปิดบัญชีแล้ว,14,0
L-26801,2023-07-13,50291.91,0.408,149,53,4,500000.00,อาชีพอิสระ,1,ปิดบัญชีแล้ว,17,0
L-28361,2023-07-13,53990.28,0.378,161,49,0,50000.00,ข้าราชการ,2,ปกติ,28,0
L-29938,2023-07-13,56138.69,0.276,103,31,5,500000.00,ธุรกิจส่วนตัว,2,ปกติ,18,0
L-30218,2023-07-13,33495.25,0.362,128,31,0,200000.00,ธุรกิจส่วนตัว,1,ปกติ,21,0
L-23249,2023-07-14,15122.38,0.308,3,42,5,150000.00,ธุรกิจส่วนตัว,1,ปกติ,10,0
L-26347,2023-07-14,20851.40,0.289,29,60,0,300000.00,พนักงานประจำ,2,ปิดบัญชีแล้ว,30,0
L-28242,2023-07-14,18253.08,0.498,81,27,6,200000.00,พนักงานประจำ,0,ปกติ,0,0
L-29527,2023-07-14,21299.62,0.314,197,50,5,150000.00,ธุรกิจส่วนตัว,1,ปกติ,4,0
L-30281,2023-07-14,27370.48,0.416,47,60,2,500000.00,ข้าราชการ,11,ค้างชำระ,51,1
L-20250,2023-07-15,36054.05,0.314,77,54,1,150000.00,อาชีพอิสระ,3,ค้างชำระ,124,1
L-21240,2023-07-15,46362.81,0.291,12,30,2,300000.00,พนักงานประจำ,0,ปกติ,15,0
L-21416,2023-07-15,26599.27,0.272,47,62,3,150000.00,พนักงานประจำ,1,ปกติ,0,0
L-22103,2023-07-15,57366.52,0.033,1,51,0,100000.00,พนักงานประจำ,1,ปกติ,26,0
L-23054,2023-07-15,29628.85,0.381,51,53,3,300000.00,ข้าราชการ,2,ปิดบัญชีแล้ว,21,0
L-24220,2023-07-15,30166.92,0.322,208,53,4,50000.00,ธุรกิจส่วนตัว,1,ปกติ,26,0
L-25531,2023-07-15,27171.03,0.477,45,26,4,150000.00,พนักงานประจำ,0,ปิดบัญชีแล้ว,23,0
L-28384,2023-07-15,37794.03,0.544,134,61,1,500000.00,พนักงานประจำ,1,ปกติ,4,0
L-28716,2023-07-15,22760.56,0.681,126,53,1,100000.00,ข้าราชการ,0,ปกติ,20,0
L-30605,2023-07-15,30979.21,0.598,34,56,5,150000.00,อาชีพอิสระ,2,ปกติ,8,0
L-30669,2023-07-15,18257.69,0.188,197,57,1,150000.00,ข้าราชการ,1,ปิดบัญชีแล้ว,26,0
L-30879,2023-07-15,36277.82,0.853,52,30,1,200000.00,ธุรกิจส่วนตัว,0,ปกติ,21,0
L-23141,2023-07-16,16377.22,0.323,173,30,0,50000.00,ข้าราชการ,1,ปกติ,8,0
L-23652,2023-07-16,40470.21,0.214,27,65,0,100000.00,อาชีพอิสระ,0,ปิดบัญชีแล้ว,3,0
L-24552,2023-07-16,53046.71,0.182,94,32,2,50000.00,อาชีพอิสระ,2,ปกติ,15,0
L-26276,2023-07-16,58114.43,0.416,100,65,1,150000.00,ข้าราชการ,1,ปกติ,30,0
L-26875,2023-07-16,50831.68,0.362,217,21,6,300000.00,อาชีพอิสระ,0,ปกติ,1,0
L-27221,2023-07-16,50281.46,0.572,25,26,5,500000.00,อาชีพอิสระ,1,ปกติ,7,0
L-29604,2023-07-16,38751.33,0.291,86,50,0,100000.00,ธุรกิจส่วนตัว,0,ปกติ,13,0
L-31519,2023-07-16,49009.27,0.354,66,60,4,150000.00,พนักงานประจำ,2,ปกติ,29,0
L-20120,2023-07-17,55845.58,0.286,184,43,4,100000.00,ข้าราชการ,1,ปกติ,19,0
L-20135,2023-07-17,52478.94,0.279,235,53,4,500000.00,ข้าราชการ,0,ปกติ,10,0
L-20981,2023-07-17,12905.79,0.612,100,53,1,300000.00,ธุรกิจส่วนตัว,0,ปิดบัญชีแล้ว,11,0
L-21422,2023-07-17,28510.62,0.293,116,48,6,300000.00,อาชีพอิสระ,0,ปกติ,27,0
L-23983,2023-07-17,32839.98,0.606,15,49,1,50000.00,ข้าราชการ,0,ปกติ,18,0
L-24467,2023-07-17,26634.65,0.506,232,34,5,150000.00,พนักงานประจำ,2,ปิดบัญชีแล้ว,21,0
L-24568,2023-07-17,28419.14,0.471,98,41,3,200000.00,พนักงานประจำ,6,ค้างชำระ,107,1
L-26748,2023-07-17,12690.13,0.549,70,27,0,300000.00,ข้าราชการ,0,ปิดบัญชีแล้ว,16,0
L-27551,2023-07-17,25173.69,0.475,87,33,4,200000.00,ธุรกิจส่วนตัว,2,ปิดบัญชีแล้ว,28,0
L-29995,2023-07-17,20819.36,0.541,203,63,4,100000.00,ข้าราชการ,0,ปกติ,5,0
L-31875,2023-07-17,28593.21,0.2,191,52,0,200000.00,ข้าราชการ,0,ปิดบัญชีแล้ว,4,0
L-31934,2023-07-17,22039.31,0.072,194,50,5,50000.00,พนักงานประจำ,0,ปิดบัญชีแล้ว,28,0
L-31974,2023-07-17,24604.93,0.371,5,53,6,100000.00,ข้าราชการ,1,ปกติ,8,0
L-22167,2023-07-18,48965.01,0.448,5,57,5,500000.00,อาชีพอิสระ,6,ค้างชำระ,145,1
L-23714,2023-07-18,56383.10,0.178,162,34,5,500000.00,ข้าราชการ,0,ปกติ,29,0
L-25189,2023-07-18,48764.82,0.234,122,43,4,300000.00,ธุรกิจส่วนตัว,2,ปิดบัญชีแล้ว,12,0
L-27914,2023-07-18,47649.25,0.498,236,34,0,150000.00,ธุรกิจส่วนตัว,2,ปิดบัญชีแล้ว,23,0
L-28198,2023-07-18,26831.88,0.588,86,32,3,200000.00,อาชีพอิสระ,2,ปิดบัญชีแล้ว,30,0
L-29227,2023-07-18,15641.17,0.376,120,64,4,50000.00,ข้าราชการ,2,ปกติ,21,0
L-29427,2023-07-18,25221.64,0.233,213,34,3,50000.00,ข้าราชการ,2,ปกติ,29,0
L-29512,2023-07-18,35353.10,0.3,221,34,0,300000.00,พนักงานประจำ,0,ปิดบัญชีแล้ว,19,0
L-29834,2023-07-18,23788.09,0.334,238,60,0,300000.00,อาชีพอิสระ,1,ปกติ,2,0
L-29901,2023-07-18,40464.41,0.556,63,48,3,100000.00,พนักงานประจำ,1,ปิดบัญชีแล้ว,29,0
L-31778,2023-07-18,39806.56,0.58,181,31,1,300000.00,ข้าราชการ,1,ปกติ,23,0
L-21122,2023-07-19,52214.74,0.548,237,49,1,150000.00,ธุรกิจส่วนตัว,5,ค้างชำระ,93,1
L-22516,2023-07-19,19686.57,0.212,203,55,1,100000.00,ธุรกิจส่วนตัว,0,ปกติ,6,0
L-23400,2023-07-19,23705.81,0.439,53,53,2,500000.00,พนักงานประจำ,1,ปิดบัญชีแล้ว,17,0
L-23489,2023-07-19,41506.07,0.45,39,55,2,200000.00,ข้าราชการ,0,ปกติ,0,0
L-26008,2023-07-19,34664.54,0.588,166,45,6,300000.00,อาชีพอิสระ,1,ปกติ,6,0
L-26058,2023-07-19,16626.03,0.344,183,42,5,500000.00,ธุรกิจส่วนตัว,0,ปกติ,23,0
L-26880,2023-07-19,35915.60,0.161,200,38,2,50000.00,ธุรกิจส่วนตัว,0,ปกติ,16,0
L-28775,2023-07-19,45877.39,0.23,141,33,6,150000.00,ธุรกิจส่วนตัว,0,ปกติ,13,0
L-29700,2023-07-19,21001.01,0.553,205,52,6,500000.00,อาชีพอิสระ,10,ค้างชำระ,142,1
L-29955,2023-07-19,34431.24,0.352,222,42,3,200000.00,ข้าราชการ,2,ปิดบัญชีแล้ว,23,0
L-31711,2023-07-19,17673.01,0.301,139,63,2,500000.00,ธุรกิจส่วนตัว,1,ปกติ,12,0
L-31813,2023-07-19,29995.87,0.353,88,54,1,200000.00,อาชีพอิสระ,1,ปิดบัญชีแล้ว,28,0
L-21544,2023-07-20,31051.37,0.426,42,56,3,300000.00,อาชีพอิสระ,0,ปกติ,10,0
L-22749,2023-07-20,9866.40,0.554,69,47,1,50000.00,อาชีพอิสระ,0,ปิดบัญชีแล้ว,8,0
L-23773,2023-07-20,21856.76,0.268,7,54,0,300000.00,ข้าราชการ,1,ปกติ,7,0
L-24561,2023-07-20,26557.91,0.397,96,65,0,150000.00,อาชีพอิสระ,1,ปกติ,20,0
L-25163,2023-07-20,53568.48,0.631,119,47,4,100000.00,พนักงานประจำ,2,ปกติ,29,0
L-25193,2023-07-20,43982.63,0.593,59,39,0,150000.00,อาชีพอิสระ,13,ค้างชำระ,124,1
L-26529,2023-07-20,37059.00,0.431,204,41,4,300000.00,พนักงานประจำ,12,ค้างชำระ,108,1
L-27710,2023-07-20,24551.29,0.491,4,55,5,200000.00,อาชีพอิสระ,1,ปกติ,30,0
L-29880,2023-07-20,22756.24,0.428,48,21,6,500000.00,ข้าราชการ,0,ปกติ,13,0
L-30195,2023-07-20,43972.48,0.277,190,52,5,100000.00,พนักงานประจำ,1,ปกติ,13,0
L-31817,2023-07-20,51339.33,0.431,59,36,0,300000.00,พนักงานประจำ,2,ปกติ,1,0
L-20336,2023-07-21,13807.21,0.345,214,36,5,200000.00,พนักงานประจำ,9,ค้างชำระ,54,1
L-20699,2023-07-21,26287.88,0.437,120,30,1,50000.00,พนักงานประจำ,2,ปกติ,21,0
L-22162,2023-07-21,31493.81,0.435,132,42,0,50000.00,อาชีพอิสระ,2,ปิดบัญชีแล้ว,18,0
L-23030,2023-07-21,17998.59,0.193,55,25,0,100000.00,ธุรกิจส่วนตัว,2,ปกติ,4,0
L-24921,2023-07-21,37128.78,0.26,179,65,6,200000.00,พนักงานประจำ,0,ปกติ,14,0
L-25979,2023-07-21,9000.00,0.175,187,63,3,200000.00,อาชีพอิสระ,0,ปกติ,27,0
L-26939,2023-07-21,17742.58,0.412,64,47,3,200000.00,ข้าราชการ,0,ปกติ,3,0
L-27300,2023-07-21,18249.76,0.387,197,23,6,300000.00,ข้าราชการ,0,ปกติ,27,0
L-27436,2023-07-21,46478.96,0.513,197,36,6,100000.00,ข้าราชการ,2,ปกติ,30,0
L-28007,2023-07-21,26016.74,0.555,173,50,1,200000.00,อาชีพอิสระ,0,ปิดบัญชีแล้ว,30,0
L-28214,2023-07-21,52572.01,0.344,221,58,4,500000.00,พนักงานประจำ,1,ปิดบัญชีแล้ว,5,0
L-31375,2023-07-21,28724.65,0.082,126,48,3,50000.00,อาชีพอิสระ,0,ปิดบัญชีแล้ว,12,0
L-31939,2023-07-21,9000.00,0.297,73,41,2,150000.00,พนักงานประจำ,0,ปกติ,16,0
L-21130,2023-07-22,21655.74,0.284,185,61,4,300000.00,ธุรกิจส่วนตัว,2,ปกติ,27,0
L-21756,2023-07-22,27037.96,0.143,122,57,0,500000.00,ข้าราชการ,0,ปกติ,23,0
L-22625,2023-07-22,48939.67,0.547,71,23,0,100000.00,อาชีพอิสระ,0,ปกติ,10,0
L-23176,2023-07-22,23009.02,0.605,115,38,3,200000.00,ข้าราชการ,0,ปกติ,6,0
L-25717,2023-07-22,34191.91,0.309,215,48,1,200000.00,ธุรกิจส่วนตัว,1,ปกติ,4,0
L-27531,2023-07-22,23408.19,0.23,68,22,5,100000.00,ข้าราชการ,0,ปกติ,9,0
L-28779,2023-07-22,25129.96,0.615,50,46,3,200000.00,ข้าราชการ,0,ปิดบัญชีแล้ว,5,0
L-29244,2023-07-22,29977.97,0.274,4,62,5,100000.00,ข้าราชการ,2,ปกติ,27,0
L-30252,2023-07-22,22117.92,0.482,149,40,1,200000.00,อาชีพอิสระ,2,ปกติ,8,0
L-22022,2023-07-23,18554.82,0.139,183,41,4,50000.00,ข้าราชการ,1,ปกติ,20,0
L-22100,2023-07-23,9000.00,0.212,138,25,0,200000.00,ข้าราชการ,1,ปกติ,23,0
L-24031,2023-07-23,42517.47,0.337,219,32,4,50000.00,ธุรกิจส่วนตัว,1,ปกติ,17,0
L-25738,2023-07-23,34831.17,0.315,9,23,6,100000.00,พนักงานประจำ,0,ปกติ,13,0
L-26309,2023-07-23,43760.48,0.754,118,44,0,500000.00,พนักงานประจำ,0,ปกติ,0,0
L-27501,2023-07-23,65897.13,0.652,55,23,6,500000.00,อาชีพอิสระ,0,ปิดบัญชีแล้ว,18,0
L-27541,2023-07-23,29127.40,0.413,112,23,5,200000.00,ธุรกิจส่วนตัว,0,ปกติ,25,0
L-27622,2023-07-23,11916.92,0.361,101,47,1,100000.00,ธุรกิจส่วนตัว,1,ปกติ,1,0
L-27906,2023-07-23,33988.22,0.287,10,31,5,200000.00,พนักงานประจำ,0,ปิดบัญชีแล้ว,6,0
L-28133,2023-07-23,9994.48,0.02,154,41,2,200000.00,อาชีพอิสระ,3,ค้างชำระ,137,1
L-28419,2023-07-23,39948.10,0.529,97,62,6,500000.00,พนักงานประจำ,7,ค้างชำระ,168,1
L-29239,2023-07-23,9000.00,0.781,51,33,1,50000.00,อาชีพอิสระ,2,ปกติ,22,0
L-31236,2023-07-23,23811.95,0.45,231,55,2,50000.00,อาชีพอิสระ,0,ปิดบัญชีแล้ว,16,0
L-31931,2023-07-23,49129.88,0.141,2,57,2,150000.00,ข้าราชการ,2,ปกติ,13,0
L-26270,2023-07-24,27102.50,0.425,72,29,2,100000.00,ข้าราชการ,1,ปิดบัญชีแล้ว,19,0
L-26442,2023-07-24,50460.22,0.586,170,65,3,50000.00,พนักงานประจำ,0,ปกติ,1,0
L-27063,2023-07-24,27718.18,0.239,236,31,1,100000.00,พนักงานประจำ,1,ปกติ,8,0
L-27098,2023-07-24,15733.87,0.272,65,57,4,300000.00,ข้าราชการ,2,ปกติ,23,0
L-28901,2023-07-24,32131.43,0.349,29,47,5,150000.00,ธุรกิจส่วนตัว,1,ปกติ,27,0
L-30198,2023-07-24,22612.43,0.305,11,21,2,100000.00,ธุรกิจส่วนตัว,0,ปกติ,9,0
L-31310,2023-07-24,34477.52,0.297,229,31,5,500000.00,พนักงานประจำ,2,ปกติ,0,0
L-20142,2023-07-25,33785.88,0.337,45,23,1,200000.00,ธุรกิจส่วนตัว,1,ปกติ,28,0
L-20672,2023-07-25,38016.56,0.281,113,56,6,50000.00,ธุรกิจส่วนตัว,2,ปกติ,29,0
L-20914,2023-07-25,32275.78,0.59,54,43,2,300000.00,อาชีพอิสระ,1,ปิดบัญชีแล้ว,22,0
L-21339,2023-07-25,52301.09,0.439,240,65,1,500000.00,ข้าราชการ,1,ปกติ,6,0
L-23021,2023-07-25,18938.86,0.444,193,53,5,300000.00,พนักงานประจำ,0,ปกติ,0,0
L-24405,2023-07-25,22829.70,0.635,44,59,1,300000.00,พนักงานประจำ,0,ปิดบัญชีแล้ว,15,0
L-24768,2023-07-25,38109.44,0.798,70,21,5,100000.00,อาชีพอิสระ,6,ค้างชำระ,150,1
L-24852,2023-07-25,33718.55,0.344,72,24,3,50000.00,ข้าราชการ,0,ปกติ,7,0
L-25454,2023-07-25,9000.00,0.572,26,45,2,50000.00,ข้าราชการ,10,ค้างชำระ,62,1
L-26534,2023-07-25,38250.00,0.423,66,52,2,500000.00,พนักงานประจำ,0,ปกติ,1,0
L-27811,2023-07-25,17521.79,0.372,32,36,0,200000.00,อาชีพอิสระ,2,ปกติ,18,0
L-31820,2023-07-25,25609.86,0.644,95,58,2,500000.00,ข้าราชการ,0,ปิดบัญชีแล้ว,27,0
L-31914,2023-07-25,34111.76,0.371,166,51,4,500000.00,พนักงานประจำ,2,ปิดบัญชีแล้ว,13,0
L-20560,2023-07-26,21531.97,0.334,152,64,2,50000.00,ข้าราชการ,0,ปกติ,1,0
L-21290,2023-07-26,17173.78,0.281,71,31,0,50000.00,พนักงานประจำ,2,ปกติ,6,0
L-21818,2023-07-26,34133.19,0.496,152,51,0,200000.00,พนักงานประจำ,2,ปิดบัญชีแล้ว,21,0
L-23453,2023-07-26,54764.81,0.296,66,60,2,150000.00,อาชีพอิสระ,13,ค้างชำระ,53,1
L-24161,2023-07-26,21586.36,0.333,26,24,5,200000.00,ธุรกิจส่วนตัว,1,ปกติ,28,0
L-25967,2023-07-26,26887.60,0.048,66,65,5,200000.00,อาชีพอิสระ,0,ปกติ,11,0
L-26841,2023-07-26,20821.62,0.363,151,36,0,500000.00,ข้าราชการ,0,ปกติ,11,0
L-27553,2023-07-26,30963.16,0.319,193,24,0,500000.00,พนักงานประจำ,0,ปกติ,23,0
L-27709,2023-07-26,32241.31,0.395,111,54,5,150000.00,ธุรกิจส่วนตัว,2,ปกติ,1,0
L-28414,2023-07-26,30670.09,0.248,190,27,4,50000.00,ข้าราชการ,0,ปกติ,0,0
L-28599,2023-07-26,48549.44,0.429,3,43,6,100000.00,อาชีพอิสระ,2,ปกติ,14,0
L-30386,2023-07-26,20607.44,0.363,228,63,6,100000.00,พนักงานประจำ,2,ปกติ,29,0
L-30474,2023-07-26,24636.94,0.576,124,27,3,300000.00,ข้าราชการ,2,ปกติ,2,0
L-31075,2023-07-26,20025.07,0.431,88,48,2,200000.00,ธุรกิจส่วนตัว,1,ปกติ,2,0
L-31695,2023-07-26,33009.54,0.237,217,43,5,300000.00,ข้าราชการ,0,ปกติ,0,0
L-21331,2023-07-27,28891.73,0.284,16,45,0,100000.00,ข้าราชการ,7,ค้างชำระ,135,1
L-22284,2023-07-27,22650.92,0.347,36,38,1,300000.00,ธุรกิจส่วนตัว,2,ปิดบัญชีแล้ว,30,0
L-22846,2023-07-27,40763.88,0.635,86,36,6,300000.00,อาชีพอิสระ,0,ปกติ,0,0
L-24685,2023-07-27,31267.95,0.134,212,53,0,300000.00,พนักงานประจำ,0,ปิดบัญชีแล้ว,7,0
L-25700,2023-07-27,51715.53,0.199,215,53,3,50000.00,ข้าราชการ,0,ปกติ,10,0
L-27480,2023-07-27,16090.46,0.409,178,27,6,200000.00,พนักงานประจำ,2,ปกติ,17,0
L-27643,2023-07-27,33672.44,0.636,41,50,0,500000.00,พนักงานประจำ,1,ปกติ,21,0
L-27678,2023-07-27,50929.73,0.36,92,23,4,150000.00,พนักงานประจำ,1,ปกติ,23,0
L-28400,2023-07-27,46249.45,0.276,201,42,6,200000.00,ธุรกิจส่วนตัว,0,ปกติ,10,0
L-29135,2023-07-27,61023.18,0.343,57,30,3,100000.00,พนักงานประจำ,1,ปกติ,14,0
L-29262,2023-07-27,28865.12,0.283,1,51,5,50000.00,ธุรกิจส่วนตัว,2,ปกติ,9,0
L-30488,2023-07-27,53769.98,0.299,66,53,3,50000.00,อาชีพอิสระ,0,ปิดบัญชีแล้ว,11,0
L-30532,2023-07-27,76756.89,0.605,33,48,3,200000.00,อาชีพอิสระ,0,ปิดบัญชีแล้ว,12,0
L-31215,2023-07-27,21739.89,0.793,187,25,3,200000.00,ข้าราชการ,2,ปกติ,26,0
L-31672,2023-07-27,38337.24,0.508,196,21,0,150000.00,ข้าราชการ,2,ปกติ,5,0
L-31768,2023-07-27,46774.14,0.405,208,65,3,300000.00,ธุรกิจส่วนตัว,1,ปิดบัญชีแล้ว,26,0
L-20867,2023-07-28,20064.71,0.542,225,39,0,150000.00,อาชีพอิสระ,0,ปิดบัญชีแล้ว,26,0
L-22098,2023-07-28,39990.74,0.297,136,30,2,50000.00,อาชีพอิสระ,0,ปกติ,0,0
L-22393,2023-07-28,38714.23,0.426,85,58,2,150000.00,ข้าราชการ,0,ปกติ,27,0
L-22859,2023-07-28,24471.00,0.506,35,36,6,50000.00,พนักงานประจำ,1,ปิดบัญชีแล้ว,16,0
L-25373,2023-07-28,19755.74,0.252,22,33,2,50000.00,พนักงานประจำ,0,ปกติ,23,0
L-25787,2023-07-28,37186.45,0.083,155,55,5,200000.00,ข้าราชการ,2,ปกติ,5,0
L-25811,2023-07-28,27172.96,0.658,71,33,2,150000.00,ธุรกิจส่วนตัว,0,ปิดบัญชีแล้ว,10,0
L-26042,2023-07-28,46287.80,0.36,14,42,3,200000.00,อาชีพอิสระ,0,ปกติ,18,0
L-26839,2023-07-28,23608.55,0.497,91,30,6,150000.00,อาชีพอิสระ,0,ปกติ,5,0
L-27169,2023-07-28,33176.24,0.595,107,31,5,500000.00,ข้าราชการ,1,ปกติ,23,0
L-28569,2023-07-28,50777.38,0.299,169,24,5,500000.00,อาชีพอิสระ,0,ปิดบัญชีแล้ว,25,0
L-30548,2023-07-28,33039.11,0.49,220,59,2,300000.00,อาชีพอิสระ,2,ปกติ,12,0
L-30583,2023-07-28,12542.99,0.425,52,35,6,500000.00,ข้าราชการ,2,ปกติ,29,0
L-31030,2023-07-28,19574.94,0.718,236,65,5,300000.00,อาชีพอิสระ,2,ปิดบัญชีแล้ว,12,0
L-31989,2023-07-28,22098.09,0.321,184,49,0,150000.00,ข้าราชการ,1,ปกติ,20,0
L-20428,2023-07-29,35016.17,0.74,191,40,3,300000.00,อาชีพอิสระ,0,ปกติ,17,0
L-21708,2023-07-29,44444.00,0.316,167,27,0,50000.00,ข้าราชการ,2,ปกติ,24,0
L-22025,2023-07-29,32367.23,0.154,8,54,1,50000.00,ข้าราชการ,1,ปิดบัญชีแล้ว,24,0
L-23047,2023-07-29,31194.62,0.391,184,47,5,500000.00,อาชีพอิสระ,0,ปกติ,4,0
L-23404,2023-07-29,17987.98,0.238,36,52,6,100000.00,อาชีพอิสระ,1,ปิดบัญชีแล้ว,30,0
L-24446,2023-07-29,25038.66,0.296,84,53,5,150000.00,ข้าราชการ,1,ปกติ,23,0
L-24565,2023-07-29,20545.67,0.303,226,38,3,150000.00,พนักงานประจำ,2,ปิดบัญชีแล้ว,22,0
L-27456,2023-07-29,38682.74,0.47,19,53,6,150000.00,ธุรกิจส่วนตัว,1,ปิดบัญชีแล้ว,22,0
L-27926,2023-07-29,32403.73,0.586,228,56,2,50000.00,อาชีพอิสระ,7,ค้างชำระ,103,1
L-29685,2023-07-29,21382.16,0.385,177,45,1,300000.00,พนักงานประจำ,1,ปกติ,30,0
L-30929,2023-07-29,37930.73,0.405,172,45,0,500000.00,พนักงานประจำ,0,ปกติ,1,0
L-30954,2023-07-29,79856.35,0.377,116,49,3,200000.00,ข้าราชการ,2,ปิดบัญชีแล้ว,12,0
L-31308,2023-07-29,9000.00,0.568,14,60,6,300000.00,ธุรกิจส่วนตัว,13,ค้างชำระ,116,1
L-20284,2023-07-30,16680.87,0.247,32,43,1,300000.00,ธุรกิจส่วนตัว,0,ปกติ,23,0
L-20346,2023-07-30,46264.26,0.144,78,46,4,50000.00,ธุรกิจส่วนตัว,1,ปิดบัญชีแล้ว,16,0
L-21626,2023-07-30,26676.25,0.249,115,38,3,50000.00,ธุรกิจส่วนตัว,1,ปิดบัญชีแล้ว,28,0
L-22763,2023-07-30,25993.03,0.628,67,61,5,100000.00,ธุรกิจส่วนตัว,13,ค้างชำระ,120,1
L-24294,2023-07-30,37644.96,0.196,171,30,4,100000.00,พนักงานประจำ,2,ปกติ,8,0
L-25355,2023-07-30,35751.07,0.337,118,61,6,50000.00,อาชีพอิสระ,1,ปกติ,22,0
L-25601,2023-07-30,22513.99,0.334,10,36,5,50000.00,ข้าราชการ,1,ปกติ,0,0
L-27274,2023-07-30,9923.64,0.185,64,65,0,100000.00,ธุรกิจส่วนตัว,1,ปกติ,18,0
L-27633,2023-07-30,42897.16,0.866,236,36,1,100000.00,ธุรกิจส่วนตัว,2,ปิดบัญชีแล้ว,0,0
L-29133,2023-07-30,35363.79,0.461,66,29,0,100000.00,พนักงานประจำ,2,ปกติ,25,0
L-21561,2023-07-31,16278.89,0.427,66,60,6,50000.00,พนักงานประจำ,2,ปกติ,27,0
L-22941,2023-07-31,46445.26,0.499,2,58,2,100000.00,อาชีพอิสระ,2,ปกติ,6,0
L-22985,2023-07-31,30762.77,0.368,211,25,0,500000.00,พนักงานประจำ,1,ปกติ,2,0
L-24514,2023-07-31,56237.01,0.7,27,30,4,300000.00,อาชีพอิสระ,1,ปกติ,23,0
L-24926,2023-07-31,56584.04,0.344,109,23,2,200000.00,อาชีพอิสระ,1,ปิดบัญชีแล้ว,4,0
L-25341,2023-07-31,45074.83,0.07,215,35,3,150000.00,ข้าราชการ,1,ปกติ,18,0
L-25994,2023-07-31,50775.51,0.391,90,63,6,100000.00,ข้าราชการ,0,ปกติ,24,0
L-30094,2023-07-31,26571.31,0.221,90,32,2,50000.00,ธุรกิจส่วนตัว,2,ปกติ,26,0
L-30207,2023-07-31,46719.56,0.702,80,63,0,50000.00,อาชีพอิสระ,2,ปกติ,16,0
L-30631,2023-07-31,40735.29,0.144,47,47,5,100000.00,ข้าราชการ,0,ปกติ,14,0
L-20968,2023-08-01,31177.13,0.391,200,30,2,50000.00,ข้าราชการ,1,ปกติ,2,0
L-22930,2023-08-01,30861.65,0.778,9,22,3,300000.00,ธุรกิจส่วนตัว,3,ค้างชำระ,174,1
L-24085,2023-08-01,45139.27,0.439,216,30,1,150000.00,ข้าราชการ,1,ปกติ,23,0
L-24256,2023-08-01,29495.44,0.401,148,43,4,100000.00,พนักงานประจำ,0,ปิดบัญชีแล้ว,15,0
L-25392,2023-08-01,11482.67,0.078,69,57,1,500000.00,ธุรกิจส่วนตัว,0,ปิดบัญชีแล้ว,12,0
L-26248,2023-08-01,23920.66,0.349,89,49,4,500000.00,ธุรกิจส่วนตัว,1,ปกติ,6,0
L-28549,2023-08-01,25176.33,0.211,138,30,3,200000.00,อาชีพอิสระ,0,ปิดบัญชีแล้ว,14,0
L-29481,2023-08-01,16661.62,0.244,238,58,2,150000.00,ข้าราชการ,1,ปิดบัญชีแล้ว,12,0
L-29681,2023-08-01,17407.14,0.25,236,26,0,150000.00,อาชีพอิสระ,1,ปิดบัญชีแล้ว,19,0
L-30032,2023-08-01,10696.34,0.281,226,48,2,50000.00,ธุรกิจส่วนตัว,2,ปกติ,20,0
L-31540,2023-08-01,19654.64,0.326,65,49,3,50000.00,ธุรกิจส่วนตัว,3,ค้างชำระ,95,1
L-31715,2023-08-01,34652.20,0.444,111,43,3,50000.00,พนักงานประจำ,0,ปกติ,2,0
L-31893,2023-08-01,19974.13,0.446,166,22,5,100000.00,ข้าราชการ,0,ปกติ,12,0
L-20860,2023-08-02,33443.65,0.231,31,63,4,100000.00,ข้าราชการ,1,ปกติ,24,0
L-22912,2023-08-02,9893.89,0.552,44,45,0,200000.00,ธุรกิจส่วนตัว,0,ปกติ,4,0
L-23235,2023-08-02,29226.79,0.222,28,26,0,500000.00,พนักงานประจำ,0,ปกติ,16,0
L-23506,2023-08-02,39941.56,0.544,225,57,0,300000.00,พนักงานประจำ,1,ปิดบัญชีแล้ว,23,0
L-24664,2023-08-02,28674.82,0.07,127,47,3,50000.00,ข้าราชการ,2,ปิดบัญชีแล้ว,30,0
L-25114,2023-08-02,52935.46,0.589,155,41,3,50000.00,ข้าราชการ,0,ปิดบัญชีแล้ว,11,0
L-27411,2023-08-02,27236.18,0.52,119,62,3,500000.00,อาชีพอิสระ,1,ปกติ,18,0
L-27527,2023-08-02,12464.40,0.383,177,60,3,300000.00,ธุรกิจส่วนตัว,0,ปกติ,29,0
L-28663,2023-08-02,51452.30,0.278,153,54,6,500000.00,พนักงานประจำ,2,ปกติ,13,0
L-29550,2023-08-02,26219.30,0.215,174,51,6,100000.00,พนักงานประจำ,1,ปกติ,16,0
L-30201,2023-08-02,27580.00,0.244,84,64,1,200000.00,ธุรกิจส่วนตัว,2,ปกติ,0,0
L-30709,2023-08-02,32808.77,0.26,216,59,5,300000.00,ข้าราชการ,2,ปิดบัญชีแล้ว,16,0
L-30982,2023-08-02,22309.27,0.314,49,53,5,200000.00,ธุรกิจส่วนตัว,0,ปกติ,29,0
L-31199,2023-08-02,44948.21,0.284,125,46,1,100000.00,ธุรกิจส่วนตัว,1,ปกติ,28,0
L-20480,2023-08-03,36676.27,0.474,80,42,6,200000.00,พนักงานประจำ,9,ค้างชำระ,140,1
L-20967,2023-08-03,69300.38,0.457,163,57,4,50000.00,ธุรกิจส่วนตัว,2,ปกติ,9,0
L-21168,2023-08-03,52417.60,0.364,58,42,0,50000.00,อาชีพอิสระ,1,ปกติ,0,0
L-22044,2023-08-03,46255.84,0.54,100,51,1,300000.00,ข้าราชการ,1,ปกติ,8,0
L-23835,2023-08-03,26837.44,0.16,68,62,1,200000.00,ข้าราชการ,0,ปกติ,27,0
L-24067,2023-08-03,52455.29,0.491,238,24,3,200000.00,ธุรกิจส่วนตัว,0,ปกติ,18,0
L-24640,2023-08-03,19123.41,0.681,210,47,0,150000.00,พนักงานประจำ,1,ปกติ,4,0
L-27204,2023-08-03,12756.21,0.46,202,63,2,300000.00,ธุรกิจส่วนตัว,2,ปกติ,9,0
L-27755,2023-08-03,18354.12,0.313,11,64,1,500000.00,อาชีพอิสระ,2,ปิดบัญชีแล้ว,27,0
L-28578,2023-08-03,31797.92,0.308,145,49,0,150000.00,ธุรกิจส่วนตัว,0,ปกติ,3,0
L-29768,2023-08-03,38429.28,0.196,176,54,4,50000.00,ธุรกิจส่วนตัว,1,ปิดบัญชีแล้ว,6,0
L-30724,2023-08-03,34704.22,0.548,42,38,1,500000.00,อาชีพอิสระ,1,ปกติ,21,0
L-30873,2023-08-03,27911.50,0.467,59,49,0,500000.00,ธุรกิจส่วนตัว,0,ปิดบัญชีแล้ว,27,0
L-31059,2023-08-03,64184.28,0.02,232,33,3,500000.00,อาชีพอิสระ,0,ปกติ,1,0
L-20058,2023-08-04,9000.00,0.405,185,59,1,100000.00,ข้าราชการ,0,ปิดบัญชีแล้ว,2,0
L-20093,2023-08-04,22501.13,0.13,119,48,3,500000.00,ธุรกิจส่วนตัว,2,ปิดบัญชีแล้ว,17,0
L-21725,2023-08-04,32700.44,0.764,50,63,5,300000.00,พนักงานประจำ,2,ปกติ,17,0
L-23079,2023-08-04,41098.57,0.316,240,55,2,100000.00,ข้าราชการ,0,ปกติ,23,0
L-23522,2023-08-04,35316.90,0.26,125,49,6,500000.00,ธุรกิจส่วนตัว,2,ปกติ,3,0
L-24796,2023-08-04,14898.93,0.668,138,60,5,500000.00,ธุรกิจส่วนตัว,2,ปกติ,21,0
L-26946,2023-08-04,36284.23,0.539,173,61,2,100000.00,ธุรกิจส่วนตัว,1,ปกติ,30,0
L-27391,2023-08-04,18690.86,0.588,137,57,4,100000.00,ข้าราชการ,1,ปกติ,5,0
L-27573,2023-08-04,19338.32,0.034,72,32,3,50000.00,ข้าราชการ,1,ปกติ,29,0
L-29109,2023-08-04,34381.19,0.172,73,65,3,200000.00,ข้าราชการ,2,ปกติ,23,0
L-29979,2023-08-04,34996.42,0.523,154,34,4,50000.00,อาชีพอิสระ,2,ปิดบัญชีแล้ว,15,0
L-31638,2023-08-04,11076.15,0.64,150,58,4,500000.00,อาชีพอิสระ,2,ปกติ,0,0
L-20043,2023-08-05,42317.16,0.529,49,43,5,500000.00,ข้าราชการ,1,ปกติ,2,0
L-21947,2023-08-05,51096.21,0.606,188,34,1,500000.00,ข้าราชการ,2,ปกติ,9,0
L-22541,2023-08-05,44606.26,0.562,139,54,1,300000.00,ธุรกิจส่วนตัว,2,ปิดบัญชีแล้ว,17,0
L-23336,2023-08-05,39106.68,0.42,15,52,4,500000.00,อาชีพอิสระ,1,ปกติ,22,0
L-23472,2023-08-05,20599.86,0.232,128,54,1,300000.00,พนักงานประจำ,0,ปกติ,19,0
L-24263,2023-08-05,47772.77,0.281,43,55,5,50000.00,ธุรกิจส่วนตัว,2,ปกติ,17,0
L-25398,2023-08-05,26928.46,0.317,137,33,3,100000.00,อาชีพอิสระ,2,ปิดบัญชีแล้ว,4,0
L-25429,2023-08-05,53955.76,0.568,94,40,6,500000.00,พนักงานประจำ,12,ค้างชำระ,107,1
L-25439,2023-08-05,30983.34,0.698,205,49,2,500000.00,ข้าราชการ,8,ค้างชำระ,107,1
L-25556,2023-08-05,49513.80,0.352,52,28,4,150000.00,ข้าราชการ,0,ปกติ,10,0
L-26647,2023-08-05,30143.22,0.28,44,52,1,200000.00,ธุรกิจส่วนตัว,2,ปกติ,16,0
L-27532,2023-08-05,15600.87,0.035,59,33,2,200000.00,พนักงานประจำ,0,ปกติ,14,0
L-29123,2023-08-05,43305.09,0.379,203,59,2,100000.00,ธุรกิจส่วนตัว,2,ปกติ,30,0
L-29861,2023-08-05,59279.32,0.101,68,58,0,300000.00,ข้าราชการ,1,ปกติ,3,0
L-30833,2023-08-05,18523.91,0.437,40,54,3,150000.00,อาชีพอิสระ,2,ปิดบัญชีแล้ว,10,0
L-31415,2023-08-05,42013.60,0.744,156,54,2,300000.00,พนักงานประจำ,6,ค้างชำระ,110,1
L-20631,2023-08-06,29543.87,0.768,100,24,2,300000.00,อาชีพอิสระ,10,ค้างชำระ,77,1
L-20900,2023-08-06,41779.70,0.136,113,32,6,150000.00,อาชีพอิสระ,0,ปกติ,23,0
L-21601,2023-08-06,26866.64,0.57,169,51,6,300000.00,พนักงานประจำ,0,ปกติ,24,0
L-21628,2023-08-06,51886.57,0.392,17,56,4,50000.00,ธุรกิจส่วนตัว,2,ปิดบัญชีแล้ว,4,0
L-21822,2023-08-06,59803.76,0.527,170,39,0,300000.00,ธุรกิจส่วนตัว,0,ปิดบัญชีแล้ว,12,0
L-23304,2023-08-06,26469.20,0.681,143,36,5,500000.00,พนักงานประจำ,0,ปิดบัญชีแล้ว,8,0
L-23439,2023-08-06,12177.18,0.542,113,52,0,100000.00,อาชีพอิสระ,1,ปกติ,5,0
L-24295,2023-08-06,71665.38,0.346,50,46,3,200000.00,อาชีพอิสระ,2,ปกติ,27,0
L-24806,2023-08-06,47573.45,0.509,218,62,0,500000.00,พนักงานประจำ,0,ปกติ,15,0
L-26730,2023-08-06,47742.55,0.463,146,47,0,300000.00,พนักงานประจำ,2,ปกติ,25,0
L-26924,2023-08-06,24439.09,0.167,102,55,5,300000.00,อาชีพอิสระ,2,ปกติ,5,0
L-27613,2023-08-06,9000.00,0.253,224,39,2,500000.00,อาชีพอิสระ,0,ปกติ,2,0
L-30715,2023-08-06,19303.01,0.539,97,34,6,300000.00,พนักงานประจำ,0,ปิดบัญชีแล้ว,26,0
L-31326,2023-08-06,41386.69,0.178,80,34,2,500000.00,ธุรกิจส่วนตัว,1,ปกติ,16,0
L-20841,2023-08-07,34738.63,0.493,3,38,5,300000.00,ธุรกิจส่วนตัว,2,ปิดบัญชีแล้ว,15,0
L-21324,2023-08-07,53463.73,0.398,30,44,2,50000.00,อาชีพอิสระ,0,ปกติ,17,0
L-23458,2023-08-07,37274.66,0.462,221,41,2,200000.00,อาชีพอิสระ,1,ปกติ,23,0
L-23851,2023-08-07,26815.59,0.424,39,59,3,300000.00,ข้าราชการ,4,ค้างชำระ,116,1
L-23885,2023-08-07,29616.83,0.377,30,39,2,50000.00,พนักงานประจำ,2,ปกติ,15,0
L-25580,2023-08-07,9000.00,0.149,102,32,1,50000.00,ธุรกิจส่วนตัว,1,ปิดบัญชีแล้ว,10,0
L-26290,2023-08-07,40820.97,0.323,38,57,6,150000.00,พนักงานประจำ,2,ปิดบัญชีแล้ว,28,0
L-26631,2023-08-07,49839.57,0.434,66,30,2,200000.00,ข้าราชการ,2,ปิดบัญชีแล้ว,5,0
L-29264,2023-08-07,21293.07,0.597,160,45,2,50000.00,พนักงานประจำ,2,ปกติ,3,0
L-29345,2023-08-07,42497.45,0.074,109,50,6,50000.00,พนักงานประจำ,2,ปกติ,8,0
L-31756,2023-08-07,41922.63,0.23,144,38,0,200000.00,พนักงานประจำ,0,ปิดบัญชีแล้ว,11,0
L-20563,2023-08-08,35872.34,0.511,65,40,3,500000.00,ข้าราชการ,2,ปกติ,26,0
L-20643,2023-08-08,44344.86,0.278,25,50,3,200000.00,ธุรกิจส่วนตัว,1,ปกติ,11,0
L-22267,2023-08-08,27606.93,0.112,103,50,2,200000.00,ข้าราชการ,1,ปกติ,29,0
L-23608,2023-08-08,24744.50,0.169,56,51,5,200000.00,ธุรกิจส่วนตัว,2,ปิดบัญชีแล้ว,10,0
L-24400,2023-08-08,47817.69,0.607,42,26,4,200000.00,ข้าราชการ,1,ปกติ,17,0
L-25154,2023-08-08,10879.23,0.478,150,45,0,100000.00,ธุรกิจส่วนตัว,2,ปิดบัญชีแล้ว,14,0
L-26324,2023-08-08,17031.74,0.146,113,39,5,300000.00,ธุรกิจส่วนตัว,2,ปกติ,19,0
L-27561,2023-08-08,38317.81,0.315,80,27,3,100000.00,อาชีพอิสระ,7,ค้างชำระ,179,1
L-28535,2023-08-08,14335.92,0.02,158,21,5,100000.00,ธุรกิจส่วนตัว,2,ปิดบัญชีแล้ว,0,0
L-29577,2023-08-08,27021.15,0.193,65,50,5,300000.00,อาชีพอิสระ,0,ปกติ,19,0
L-30192,2023-08-08,36207.14,0.114,116,41,1,300000.00,อาชีพอิสระ,0,ปกติ,21,0
L-31994,2023-08-08,32728.38,0.517,213,30,3,300000.00,ข้าราชการ,0,ปกติ,6,0
L-22551,2023-08-09,47369.94,0.63,12,51,4,50000.00,ข้าราชการ,0,ปิดบัญชีแล้ว,30,0
L-23420,2023-08-09,45009.37,0.428,235,63,1,300000.00,อาชีพอิสระ,1,ปกติ,17,0
L-24724,2023-08-09,16950.30,0.308,14,30,6,50000.00,พนักงานประจำ,1,ปกติ,18,0
L-24946,2023-08-09,50367.45,0.365,7,48,6,150000.00,พนักงานประจำ,0,ปกติ,27,0
L-28887,2023-08-09,14709.32,0.477,38,38,0,150000.00,ข้าราชการ,0,ปกติ,26,0
L-31244,2023-08-09,12325.94,0.293,207,22,1,150000.00,อาชีพอิสระ,0,ปกติ,22,0
L-31604,2023-08-09,36882.77,0.248,137,55,6,500000.00,อาชีพอิสระ,2,ปิดบัญชีแล้ว,27,0
L-22204,2023-08-10,32563.28,0.399,37,41,0,300000.00,ธุรกิจส่วนตัว,1,ปกติ,3,0
L-24285,2023-08-10,12710.72,0.211,115,21,6,100000.00,ธุรกิจส่วนตัว,3,ค้างชำระ,64,1
L-24399,2023-08-10,62766.37,0.528,151,40,1,100000.00,ข้าราชการ,2,ปกติ,27,0
L-24929,2023-08-10,13076.75,0.544,39,49,0,150000.00,ข้าราชการ,2,ปกติ,29,0
L-26398,2023-08-10,27382.51,0.728,164,28,5,200000.00,พนักงานประจำ,14,ค้างชำระ,95,1
L-26893,2023-08-10,21952.23,0.129,13,62,0,300000.00,ธุรกิจส่วนตัว,2,ปกติ,23,0
L-26957,2023-08-10,21955.30,0.535,25,24,4,150000.00,ธุรกิจส่วนตัว,2,ปกติ,25,0
L-26973,2023-08-10,11206.99,0.323,14,54,6,150000.00,พนักงานประจำ,4,ค้างชำระ,149,1
L-27924,2023-08-10,22290.99,0.439,209,51,4,500000.00,อาชีพอิสระ,1,ปิดบัญชีแล้ว,14,0
L-29872,2023-08-10,25555.91,0.279,63,32,6,500000.00,อาชีพอิสระ,2,ปกติ,26,0
L-30959,2023-08-10,34864.73,0.383,230,30,4,300000.00,พนักงานประจำ,2,ปกติ,15,0
L-31504,2023-08-10,18541.55,0.269,205,46,4,200000.00,ธุรกิจส่วนตัว,2,ปิดบัญชีแล้ว,27,0
L-31658,2023-08-10,23800.39,0.482,51,63,5,200000.00,พนักงานประจำ,0,ปิดบัญชีแล้ว,24,0
L-31868,2023-08-10,35648.99,0.086,105,23,5,50000.00,ข้าราชการ,0,ปกติ,3,0
L-20159,2023-08-11,39220.96,0.191,159,63,2,200000.00,อาชีพอิสระ,1,ปกติ,29,0
L-20518,2023-08-11,23376.43,0.595,117,30,4,50000.00,พนักงานประจำ,2,ปกติ,8,0
L-23556,2023-08-11,28774.30,0.41,101,25,5,150000.00,พนักงานประจำ,2,ปิดบัญชีแล้ว,20,0
L-23675,2023-08-11,14228.79,0.52,14,24,0,50000.00,อาชีพอิสระ,10,ค้างชำระ,71,1
L-23862,2023-08-11,34431.26,0.151,77,35,3,50000.00,ข้าราชการ,0,ปกติ,4,0
L-26886,2023-08-11,35645.28,0.451,165,50,3,50000.00,อาชีพอิสระ,0,ปกติ,4,0
L-27161,2023-08-11,24929.95,0.413,29,29,2,100000.00,ข้าราชการ,0,ปกติ,27,0
L-27711,2023-08-11,28638.51,0.162,213,44,6,500000.00,อาชีพอิสระ,1,ปกติ,7,0
L-27945,2023-08-11,36292.11,0.317,63,53,5,50000.00,พนักงานประจำ,1,ปกติ,26,0
L-27956,2023-08-11,40338.56,0.577,0,33,3,150000.00,อาชีพอิสระ,0,ปกติ,10,0
L-28507,2023-08-11,9000.00,0.565,184,47,6,200000.00,ธุรกิจส่วนตัว,1,ปกติ,3,0
L-28644,2023-08-11,14664.18,0.556,109,29,0,50000.00,อาชีพอิสระ,2,ปกติ,25,0
L-28995,2023-08-11,30609.95,0.534,96,59,1,300000.00,พนักงานประจำ,0,ปกติ,23,0
L-20493,2023-08-12,35427.45,0.202,51,61,2,200000.00,พนักงานประจำ,1,ปิดบัญชีแล้ว,0,0
L-20962,2023-08-12,18237.12,0.504,143,45,5,100000.00,พนักงานประจำ,2,ปิดบัญชีแล้ว,3,0
L-21014,2023-08-12,19910.61,0.698,164,33,6,500000.00,ข้าราชการ,2,ปกติ,20,0
L-21070,2023-08-12,33712.98,0.301,63,40,2,150000.00,ธุรกิจส่วนตัว,2,ปกติ,23,0
L-21928,2023-08-12,58589.18,0.192,12,44,2,300000.00,อาชีพอิสระ,1,ปกติ,23,0
L-22221,2023-08-12,17107.50,0.423,167,65,3,50000.00,อาชีพอิสระ,2,ปกติ,23,0
L-23559,2023-08-12,47596.68,0.47,54,50,0,500000.00,ข้าราชการ,2,ปกติ,12,0
L-23575,2023-08-12,39670.12,0.341,146,24,1,300000.00,อาชีพอิสระ,2,ปกติ,29,0
L-23663,2023-08-12,9000.00,0.526,182,25,0,300000.00,ข้าราชการ,0,ปกติ,6,0
L-24611,2023-08-12,29006.11,0.541,159,24,4,200000.00,พนักงานประจำ,2,ปกติ,18,0
L-26136,2023-08-12,39647.19,0.376,62,60,1,200000.00,ข้าราชการ,0,ปกติ,18,0
L-26817,2023-08-12,48967.96,0.166,143,21,4,200000.00,ข้าราชการ,2,ปกติ,1,0
L-26918,2023-08-12,47425.94,0.499,31,46,2,200000.00,ข้าราชการ,1,ปกติ,8,0
L-27512,2023-08-12,24158.60,0.313,228,32,1,100000.00,ข้าราชการ,6,ค้างชำระ,75,1
L-27941,2023-08-12,17561.53,0.451,187,57,6,100000.00,ธุรกิจส่วนตัว,2,ปิดบัญชีแล้ว,15,0
L-30177,2023-08-12,38097.37,0.54,110,60,1,300000.00,พนักงานประจำ,1,ปกติ,17,0
L-30896,2023-08-12,41628.02,0.49,199,65,3,300000.00,อาชีพอิสระ,0,ปกติ,13,0
L-31194,2023-08-12,24629.06,0.415,181,44,6,200000.00,พนักงานประจำ,0,ปกติ,15,0
L-31688,2023-08-12,37363.82,0.556,116,34,6,50000.00,พนักงานประจำ,14,ค้างชำระ,154,1
L-20555,2023-08-13,33877.83,0.223,86,46,4,500000.00,พนักงานประจำ,0,ปกติ,11,0
L-20608,2023-08-13,37957.17,0.282,163,24,3,50000.00,อาชีพอิสระ,2,ปกติ,19,0
L-21860,2023-08-13,54261.69,0.484,126,32,1,500000.00,ธุรกิจส่วนตัว,5,ค้างชำระ,121,1
L-22513,2023-08-13,24709.21,0.082,136,48,3,150000.00,ธุรกิจส่วนตัว,0,ปกติ,0,0
L-22791,2023-08-13,9000.00,0.203,207,25,1,150000.00,ธุรกิจส่วนตัว,2,ปกติ,11,0
L-23186,2023-08-13,36327.33,0.448,96,65,1,100000.00,พนักงานประจำ,2,ปกติ,14,0
L-23733,2023-08-13,47630.47,0.274,167,31,3,300000.00,อาชีพอิสระ,0,ปกติ,13,0
L-23830,2023-08-13,21088.73,0.206,22,35,1,300000.00,อาชีพอิสระ,1,ปิดบัญชีแล้ว,16,0
L-24024,2023-08-13,43382.44,0.446,34,49,6,50000.00,พนักงานประจำ,2,ปกติ,18,0
L-27520,2023-08-13,32006.15,0.571,166,28,2,200000.00,ข้าราชการ,1,ปกติ,13,0
L-27609,2023-08-13,20351.37,0.471,219,33,2,50000.00,ธุรกิจส่วนตัว,1,ปกติ,26,0
L-29017,2023-08-13,14029.37,0.328,79,60,3,200000.00,ธุรกิจส่วนตัว,3,ค้างชำระ,93,1
L-29317,2023-08-13,36061.31,0.586,67,41,6,200000.00,พนักงานประจำ,3,ค้างชำระ,70,1
L-31785,2023-08-13,24020.25,0.238,39,64,5,300000.00,ธุรกิจส่วนตัว,0,ปิดบัญชีแล้ว,6,0
L-21714,2023-08-14,25250.26,0.637,80,38,3,150000.00,อาชีพอิสระ,0,ปกติ,25,0
L-22337,2023-08-14,35141.46,0.447,135,64,0,100000.00,พนักงานประจำ,0,ปิดบัญชีแล้ว,19,0
L-22545,2023-08-14,17824.40,0.276,56,23,6,200000.00,อาชีพอิสระ,0,ปกติ,18,0
L-24633,2023-08-14,36827.48,0.311,7,50,6,200000.00,ธุรกิจส่วนตัว,2,ปิดบัญชีแล้ว,8,0
L-26675,2023-08-14,41635.55,0.219,18,60,5,100000.00,ข้าราชการ,1,ปิดบัญชีแล้ว,28,0
L-27249,2023-08-14,48341.42,0.646,42,48,1,100000.00,ธุรกิจส่วนตัว,2,ปกติ,13,0
L-28036,2023-08-14,25829.57,0.421,237,33,1,150000.00,พนักงานประจำ,0,ปกติ,30,0
L-28055,2023-08-14,13968.99,0.437,112,60,3,200000.00,ข้าราชการ,12,ค้างชำระ,49,1
L-28156,2023-08-14,14770.32,0.271,10,55,2,50000.00,ธุรกิจส่วนตัว,0,ปกติ,3,0
L-28748,2023-08-14,21283.44,0.134,148,28,6,100000.00,พนักงานประจำ,1,ปิดบัญชีแล้ว,17,0
L-29053,2023-08-14,47730.97,0.744,36,26,2,150000.00,พนักงานประจำ,2,ปกติ,13,0
L-29646,2023-08-14,31690.51,0.606,213,47,5,500000.00,อาชีพอิสระ,2,ปกติ,25,0
L-30513,2023-08-14,40345.70,0.288,140,39,3,200000.00,ธุรกิจส่วนตัว,2,ปิดบัญชีแล้ว,21,0
L-31093,2023-08-14,9000.00,0.163,71,54,4,50000.00,อาชีพอิสระ,2,ปกติ,14,0
L-21343,2023-08-15,23576.90,0.515,239,63,4,300000.00,ธุรกิจส่วนตัว,0,ปกติ,16,0
L-21700,2023-08-15,25539.92,0.351,218,21,2,200000.00,อาชีพอิสระ,2,ปกติ,20,0
L-21848,2023-08-15,9000.00,0.396,113,63,3,150000.00,ข้าราชการ,0,ปิดบัญชีแล้ว,15,0
L-22023,2023-08-15,30753.43,0.426,181,56,3,100000.00,อาชีพอิสระ,0,ปิดบัญชีแล้ว,27,0
L-22729,2023-08-15,23459.42,0.448,204,38,4,150000.00,พนักงานประจำ,0,ปิดบัญชีแล้ว,28,0
L-26965,2023-08-15,24162.32,0.418,189,33,4,300000.00,อาชีพอิสระ,1,ปกติ,22,0
L-28783,2023-08-15,32669.39,0.295,202,51,4,500000.00,ข้าราชการ,2,ปกติ,25,0
L-29040,2023-08-15,31345.54,0.325,177,36,6,50000.00,ธุรกิจส่วนตัว,0,ปกติ,23,0
L-29143,2023-08-15,38381.02,0.518,6,64,0,500000.00,อาชีพอิสระ,0,ปิดบัญชีแล้ว,26,0
L-20285,2023-08-16,46724.72,0.364,141,62,2,500000.00,ข้าราชการ,0,ปิดบัญชีแล้ว,22,0
L-21420,2023-08-16,18618.08,0.379,10,32,2,50000.00,ข้าราชการ,2,ปกติ,17,0
L-22062,2023-08-16,17906.70,0.331,232,58,2,300000.00,ข้าราชการ,1,ปกติ,12,0
L-23090,2023-08-16,53261.77,0.394,209,42,2,150000.00,อาชีพอิสระ,0,ปกติ,7,0
L-23241,2023-08-16,14821.80,0.535,186,60,6,300000.00,ธุรกิจส่วนตัว,1,ปกติ,6,0
L-23976,2023-08-16,42026.42,0.419,16,53,4,150000.00,พนักงานประจำ,2,ปิดบัญชีแล้ว,1,0
L-24501,2023-08-16,31539.19,0.701,46,55,4,150000.00,อาชีพอิสระ,10,ค้างชำระ,80,1
L-24833,2023-08-16,30406.41,0.721,27,39,6,50000.00,อาชีพอิสระ,2,ปิดบัญชีแล้ว,5,0
L-30580,2023-08-16,60430.09,0.581,152,65,3,300000.00,ข้าราชการ,2,ปกติ,8,0
L-31648,2023-08-16,30765.62,0.267,168,63,2,300000.00,พนักงานประจำ,1,ปกติ,19,0
L-24867,2023-08-17,38958.78,0.38,44,60,5,100000.00,ธุรกิจส่วนตัว,0,ปกติ,9,0
L-25594,2023-08-17,39391.00,0.4,40,57,0,300000.00,ธุรกิจส่วนตัว,2,ปกติ,28,0
L-25652,2023-08-17,33654.31,0.542,82,46,2,300000.00,ข้าราชการ,1,ปกติ,22,0
L-26757,2023-08-17,20925.77,0.343,85,28,3,300000.00,ข้าราชการ,1,ปกติ,10,0
L-26898,2023-08-17,33077.94,0.534,117,22,6,150000.00,ข้าราชการ,1,ปกติ,25,0
L-27692,2023-08-17,38255.64,0.503,90,33,6,150000.00,พนักงานประจำ,2,ปิดบัญชีแล้ว,4,0
L-27934,2023-08-17,12652.73,0.293,177,51,4,200000.00,พนักงานประจำ,2,ปิดบัญชีแล้ว,16,0
L-28308,2023-08-17,35480.93,0.39,225,50,5,150000.00,อาชีพอิสระ,0,ปกติ,0,0
L-28744,2023-08-17,12327.00,0.541,95,46,6,150000.00,อาชีพอิสระ,0,ปกติ,24,0
L-29791,2023-08-17,37348.95,0.408,76,32,5,50000.00,ข้าราชการ,2,ปกติ,12,0
L-29998,2023-08-17,22852.91,0.377,190,64,3,50000.00,ข้าราชการ,0,ปกติ,5,0
L-30047,2023-08-17,21282.71,0.408,7,47,6,200000.00,อาชีพอิสระ,2,ปกติ,22,0
L-30849,2023-08-17,15089.73,0.197,127,24,2,150000.00,ข้าราชการ,2,ปิดบัญชีแล้ว,30,0
L-22193,2023-08-18,63143.59,0.437,185,55,3,150000.00,ข้าราชการ,2,ปกติ,19,0
L-23158,2023-08-18,14954.39,0.432,220,65,6,150000.00,ธุรกิจส่วนตัว,0,ปิดบัญชีแล้ว,8,0
L-24828,2023-08-18,18691.28,0.401,197,65,0,500000.00,พนักงานประจำ,2,ปิดบัญชีแล้ว,30,0
L-25624,2023-08-18,35848.10,0.287,136,46,3,300000.00,ธุรกิจส่วนตัว,1,ปกติ,18,0
L-25637,2023-08-18,36701.68,0.577,87,64,6,300000.00,พนักงานประจำ,1,ปิดบัญชีแล้ว,25,0
L-28301,2023-08-18,15433.77,0.569,46,21,1,150000.00,พนักงานประจำ,3,ค้างชำระ,180,1
L-29077,2023-08-18,31934.29,0.45,206,36,6,300000.00,ธุรกิจส่วนตัว,2,ปกติ,20,0
L-29603,2023-08-18,36886.57,0.076,208,22,2,200000.00,ข้าราชการ,0,ปกติ,4,0
L-31938,2023-08-18,27500.16,0.431,45,29,5,300000.00,อาชีพอิสระ,1,ปกติ,0,0
L-20071,2023-08-19,19831.84,0.325,48,38,2,100000.00,อาชีพอิสระ,2,ปกติ,5,0
L-20191,2023-08-19,32661.65,0.341,181,25,2,100000.00,ข้าราชการ,2,ปิดบัญชีแล้ว,9,0
L-21081,2023-08-19,34133.28,0.573,161,48,3,500000.00,อาชีพอิสระ,0,ปิดบัญชีแล้ว,30,0
L-21615,2023-08-19,15077.66,0.256,29,25,5,200000.00,ข้าราชการ,1,ปกติ,8,0
L-25511,2023-08-19,11186.79,0.376,93,33,1,300000.00,ธุรกิจส่วนตัว,0,ปิดบัญชีแล้ว,19,0
L-26523,2023-08-19,29072.46,0.193,98,28,5,300000.00,ธุรกิจส่วนตัว,1,ปกติ,25,0
L-26972,2023-08-19,28494.20,0.262,185,30,6,200000.00,พนักงานประจำ,2,ปกติ,26,0
L-28720,2023-08-19,60286.44,0.181,236,42,4,300000.00,พนักงานประจำ,2,ปกติ,12,0
L-29084,2023-08-19,34177.79,0.355,153,31,4,50000.00,ธุรกิจส่วนตัว,0,ปกติ,14,0
L-29326,2023-08-19,53017.73,0.254,232,65,6,200000.00,ข้าราชการ,0,ปิดบัญชีแล้ว,25,0
L-29600,2023-08-19,29903.47,0.454,231,22,3,200000.00,ข้าราชการ,2,ปกติ,30,0
L-30010,2023-08-19,28724.27,0.647,73,50,3,50000.00,ข้าราชการ,1,ปกติ,0,0
L-21205,2023-08-20,15502.36,0.589,3,46,4,500000.00,อาชีพอิสระ,1,ปกติ,11,0
L-21360,2023-08-20,12781.65,0.279,131,25,3,50000.00,ธุรกิจส่วนตัว,1,ปกติ,11,0
L-21699,2023-08-20,40779.75,0.313,63,32,4,500000.00,ธุรกิจส่วนตัว,1,ปกติ,26,0
L-22540,2023-08-20,29281.85,0.451,124,23,4,200000.00,ธุรกิจส่วนตัว,1,ปกติ,5,0
L-23203,2023-08-20,24904.56,0.625,2,34,0,100000.00,ธุรกิจส่วนตัว,1,ปกติ,5,0
L-26477,2023-08-20,31270.90,0.134,44,35,2,500000.00,ธุรกิจส่วนตัว,0,ปกติ,20,0
L-26974,2023-08-20,54678.00,0.362,14,45,2,300000.00,ข้าราชการ,1,ปกติ,13,0
L-28572,2023-08-20,27308.62,0.192,132,48,5,200000.00,ข้าราชการ,1,ปกติ,6,0
L-28706,2023-08-20,12573.29,0.449,102,50,6,150000.00,พนักงานประจำ,1,ปิดบัญชีแล้ว,18,0
L-30371,2023-08-20,43227.86,0.665,51,29,3,100000.00,อาชีพอิสระ,1,ปกติ,30,0
L-30556,2023-08-20,55230.41,0.329,133,34,2,200000.00,พนักงานประจำ,0,ปกติ,16,0
L-30659,2023-08-20,45003.45,0.423,12,42,5,50000.00,ข้าราชการ,1,ปิดบัญชีแล้ว,24,0
L-30877,2023-08-20,23714.76,0.287,29,31,1,500000.00,พนักงานประจำ,1,ปกติ,15,0
L-31380,2023-08-20,22961.32,0.651,4,45,6,100000.00,ธุรกิจส่วนตัว,1,ปิดบัญชีแล้ว,18,0
L-23742,2023-08-21,32363.46,0.381,80,37,1,50000.00,พนักงานประจำ,0,ปิดบัญชีแล้ว,5,0
L-25564,2023-08-21,40017.68,0.659,16,33,1,50000.00,ข้าราชการ,0,ปกติ,17,0
L-25777,2023-08-21,27549.32,0.606,175,55,6,200000.00,อาชีพอิสระ,2,ปกติ,14,0
L-27210,2023-08-21,9000.00,0.178,210,45,6,500000.00,อาชีพอิสระ,1,ปกติ,14,0
L-27233,2023-08-21,9000.00,0.211,49,52,3,50000.00,พนักงานประจำ,0,ปกติ,10,0
L-28853,2023-08-21,29169.37,0.585,111,22,6,300000.00,พนักงานประจำ,2,ปกติ,23,0
L-29666,2023-08-21,25641.09,0.878,9,49,3,150000.00,ธุรกิจส่วนตัว,12,ค้างชำระ,51,1
L-30090,2023-08-21,26546.37,0.316,78,64,2,100000.00,ข้าราชการ,1,ปกติ,10,0
L-21625,2023-08-22,29572.74,0.268,85,39,6,100000.00,ข้าราชการ,7,ค้างชำระ,136,1
L-21843,2023-08-22,15170.19,0.268,83,49,0,150000.00,อาชีพอิสระ,1,ปกติ,6,0
L-24146,2023-08-22,23967.62,0.246,104,41,3,500000.00,ข้าราชการ,2,ปกติ,4,0
L-24635,2023-08-22,48097.64,0.053,10,61,3,200000.00,อาชีพอิสระ,2,ปกติ,30,0
L-25309,2023-08-22,9252.62,0.426,202,37,3,150000.00,อาชีพอิสระ,2,ปกติ,7,0
L-26260,2023-08-22,39944.67,0.27,1,53,6,500000.00,ธุรกิจส่วนตัว,0,ปิดบัญชีแล้ว,24,0
L-27143,2023-08-22,10265.74,0.349,56,27,6,500000.00,พนักงานประจำ,2,ปกติ,2,0
L-28032,2023-08-22,50525.61,0.328,234,52,0,100000.00,ธุรกิจส่วนตัว,0,ปกติ,22,0
L-28501,2023-08-22,37018.66,0.177,101,59,5,300000.00,พนักงานประจำ,2,ปกติ,10,0
L-28662,2023-08-22,39422.08,0.174,50,65,6,50000.00,ข้าราชการ,0,ปิดบัญชีแล้ว,4,0
L-29574,2023-08-22,9000.00,0.032,149,38,2,50000.00,พนักงานประจำ,0,ปิดบัญชีแล้ว,10,0
L-29942,2023-08-22,36567.87,0.131,136,33,4,50000.00,ธุรกิจส่วนตัว,2,ปกติ,13,0
L-30007,2023-08-22,39533.03,0.504,38,53,6,500000.00,ธุรกิจส่วนตัว,0,ปิดบัญชีแล้ว,16,0
L-31435,2023-08-22,47463.26,0.347,5,53,3,150000.00,พนักงานประจำ,2,ปกติ,2,0
L-22198,2023-08-23,29951.40,0.449,9,46,0,300000.00,อาชีพอิสระ,2,ปกติ,23,0
L-22777,2023-08-23,9000.00,0.598,216,30,4,200000.00,ข้าราชการ,1,ปิดบัญชีแล้ว,4,0
L-23817,2023-08-23,25884.17,0.721,135,52,2,300000.00,ข้าราชการ,2,ปกติ,2,0
L-24104,2023-08-23,47245.57,0.422,93,44,0,100000.00,ข้าราชการ,2,ปิดบัญชีแล้ว,24,0
L-25749,2023-08-23,20052.29,0.627,123,58,3,300000.00,ข้าราชการ,1,ปกติ,15,0
L-26688,2023-08-23,25933.71,0.619,55,50,3,300000.00,อาชีพอิสระ,1,ปกติ,1,0
L-26720,2023-08-23,64010.58,0.486,132,21,3,50000.00,อาชีพอิสระ,0,ปกติ,29,0
L-28274,2023-08-23,31940.19,0.608,62,63,1,50000.00,พนักงานประจำ,2,ปกติ,17,0
L-29088,2023-08-23,29272.94,0.398,108,21,4,150000.00,ข้าราชการ,2,ปกติ,23,0
L-29313,2023-08-23,45620.83,0.22,126,27,3,150000.00,ธุรกิจส่วนตัว,2,ปิดบัญชีแล้ว,1,0
L-29837,2023-08-23,30919.12,0.563,80,32,3,150000.00,ธุรกิจส่วนตัว,1,ปกติ,10,0
L-20918,2023-08-24,52718.63,0.147,197,36,4,200000.00,ธุรกิจส่วนตัว,2,ปิดบัญชีแล้ว,20,0
L-22195,2023-08-24,21366.02,0.69,202,30,1,200000.00,พนักงานประจำ,0,ปกติ,7,0
L-23171,2023-08-24,19913.25,0.549,130,58,0,200000.00,อาชีพอิสระ,11,ค้างชำระ,103,1
L-24736,2023-08-24,30457.76,0.217,5,52,4,100000.00,อาชีพอิสระ,1,ปกติ,14,0
L-27073,2023-08-24,52693.92,0.296,200,27,2,150000.00,ธุรกิจส่วนตัว,0,ปิดบัญชีแล้ว,13,0
L-29515,2023-08-24,42472.02,0.41,134,55,0,50000.00,พนักงานประจำ,1,ปกติ,11,0
L-30763,2023-08-24,27467.22,0.127,55,27,6,200000.00,ข้าราชการ,1,ปกติ,22,0
L-31729,2023-08-24,23115.11,0.623,56,28,3,300000.00,ธุรกิจส่วนตัว,0,ปกติ,20,0
L-21160,2023-08-25,47805.17,0.553,200,45,6,50000.00,ธุรกิจส่วนตัว,10,ค้างชำระ,121,1
L-21467,2023-08-25,11562.68,0.104,82,54,1,200000.00,อาชีพอิสระ,2,ปกติ,1,0
L-21684,2023-08-25,41073.67,0.293,4,64,5,200000.00,พนักงานประจำ,0,ปกติ,1,0
L-22303,2023-08-25,35220.36,0.557,140,23,1,500000.00,พนักงานประจำ,0,ปกติ,5,0
L-24069,2023-08-25,23159.65,0.354,169,65,1,150000.00,ธุรกิจส่วนตัว,1,ปกติ,12,0
L-24113,2023-08-25,26468.47,0.27,160,50,0,500000.00,พนักงานประจำ,1,ปกติ,8,0
L-24186,2023-08-25,30169.87,0.595,3,33,4,50000.00,พนักงานประจำ,2,ปกติ,14,0
L-24487,2023-08-25,38445.00,0.137,24,48,0,500000.00,พนักงานประจำ,0,ปกติ,10,0
L-24958,2023-08-25,30572.22,0.634,104,30,2,50000.00,พนักงานประจำ,1,ปิดบัญชีแล้ว,6,0
L-25704,2023-08-25,50316.50,0.564,129,29,0,150000.00,อาชีพอิสระ,2,ปิดบัญชีแล้ว,3,0
L-26557,2023-08-25,30522.26,0.082,112,30,1,300000.00,ข้าราชการ,1,ปกติ,16,0
L-27364,2023-08-25,50535.68,0.219,236,23,4,300000.00,ข้าราชการ,0,ปกติ,11,0
L-27712,2023-08-25,31378.94,0.157,127,30,2,50000.00,ข้าราชการ,0,ปกติ,5,0
L-28137,2023-08-25,42623.05,0.554,72,36,5,200000.00,พนักงานประจำ,0,ปิดบัญชีแล้ว,5,0
L-30783,2023-08-25,30646.20,0.529,238,25,1,500000.00,ข้าราชการ,0,ปกติ,23,0
L-30988,2023-08-25,31156.61,0.317,231,36,6,150000.00,อาชีพอิสระ,0,ปกติ,29,0
L-31453,2023-08-25,31781.81,0.421,239,32,3,150000.00,ข้าราชการ,1,ปกติ,4,0
L-31480,2023-08-25,49035.15,0.567,8,29,6,100000.00,ข้าราชการ,0,ปิดบัญชีแล้ว,14,0
L-31619,2023-08-25,29283.36,0.357,214,53,2,300000.00,ข้าราชการ,1,ปกติ,30,0
L-20096,2023-08-26,22583.85,0.255,29,30,5,200000.00,ธุรกิจส่วนตัว,3,ค้างชำระ,81,1
L-20543,2023-08-26,40063.06,0.42,87,48,2,500000.00,พนักงานประจำ,2,ปกติ,18,0
L-22255,2023-08-26,24889.35,0.152,57,40,1,100000.00,อาชีพอิสระ,0,ปกติ,27,0
L-22365,2023-08-26,39464.32,0.289,63,21,5,150000.00,ธุรกิจส่วนตัว,2,ปกติ,25,0
L-22619,2023-08-26,19739.64,0.378,27,51,6,200000.00,อาชีพอิสระ,5,ค้างชำระ,103,1
L-23128,2023-08-26,28921.61,0.334,185,27,2,150000.00,อาชีพอิสระ,0,ปิดบัญชีแล้ว,28,0
L-27473,2023-08-26,24505.88,0.284,93,58,3,150000.00,ธุรกิจส่วนตัว,0,ปกติ,24,0
L-28332,2023-08-26,39685.26,0.588,169,63,0,500000.00,ธุรกิจส่วนตัว,2,ปกติ,19,0
L-28760,2023-08-26,41368.28,0.37,198,59,2,100000.00,พนักงานประจำ,2,ปิดบัญชีแล้ว,1,0
L-28880,2023-08-26,28430.62,0.343,82,23,1,50000.00,อาชีพอิสระ,2,ปิดบัญชีแล้ว,18,0
L-29978,2023-08-26,47291.36,0.606,88,62,3,500000.00,ธุรกิจส่วนตัว,11,ค้างชำระ,179,1
L-21566,2023-08-27,45497.36,0.498,130,64,3,300000.00,ธุรกิจส่วนตัว,1,ปกติ,16,0
L-22192,2023-08-27,46841.55,0.288,237,64,1,150000.00,ข้าราชการ,0,ปกติ,3,0
L-22274,2023-08-27,9661.91,0.292,229,21,1,200000.00,ธุรกิจส่วนตัว,0,ปกติ,23,0
L-23124,2023-08-27,44642.18,0.418,48,60,5,200000.00,พนักงานประจำ,2,ปกติ,19,0
L-23263,2023-08-27,27496.12,0.488,150,60,2,200000.00,พนักงานประจำ,2,ปิดบัญชีแล้ว,20,0
L-23273,2023-08-27,23412.39,0.322,98,62,5,500000.00,ข้าราชการ,1,ปกติ,30,0
L-25082,2023-08-27,30476.48,0.481,71,62,1,100000.00,อาชีพอิสระ,0,ปกติ,29,0
L-26273,2023-08-27,33891.94,0.02,140,65,2,50000.00,อาชีพอิสระ,2,ปกติ,22,0
L-29101,2023-08-27,9000.00,0.263,137,25,6,500000.00,พนักงานประจำ,1,ปิดบัญชีแล้ว,15,0
L-29823,2023-08-27,41544.81,0.385,178,38,4,200000.00,ธุรกิจส่วนตัว,1,ปิดบัญชีแล้ว,29,0
L-30096,2023-08-27,29111.97,0.38,227,58,1,300000.00,ธุรกิจส่วนตัว,0,ปกติ,22,0
L-31525,2023-08-27,44104.83,0.355,126,23,3,300000.00,ธุรกิจส่วนตัว,1,ปกติ,19,0
L-21719,2023-08-28,51373.37,0.152,76,52,5,200000.00,ข้าราชการ,1,ปกติ,0,0
L-22266,2023-08-28,61051.12,0.48,78,22,1,100000.00,พนักงานประจำ,1,ปกติ,14,0
L-22426,2023-08-28,21228.66,0.388,173,55,3,100000.00,พนักงานประจำ,0,ปกติ,25,0
L-23277,2023-08-28,24561.18,0.142,168,27,6,200000.00,อาชีพอิสระ,0,ปกติ,30,0
L-24147,2023-08-28,22286.84,0.273,62,65,3,150000.00,ธุรกิจส่วนตัว,1,ปกติ,27,0
L-24441,2023-08-28,33722.67,0.522,19,26,4,500000.00,พนักงานประจำ,2,ปิดบัญชีแล้ว,14,0
L-27245,2023-08-28,41513.00,0.377,81,50,1,200000.00,ข้าราชการ,0,ปกติ,23,0
L-27909,2023-08-28,34564.21,0.312,74,59,4,500000.00,อาชีพอิสระ,2,ปกติ,21,0
L-30261,2023-08-28,44294.84,0.351,30,35,4,150000.00,พนักงานประจำ,0,ปกติ,6,0
L-20085,2023-08-29,17424.79,0.49,22,23,3,500000.00,พนักงานประจำ,0,ปกติ,2,0
L-20625,2023-08-29,22556.52,0.05,234,64,6,300000.00,พนักงานประจำ,2,ปกติ,13,0
L-20766,2023-08-29,21400.86,0.427,99,41,3,150000.00,พนักงานประจำ,2,ปิดบัญชีแล้ว,23,0
L-21473,2023-08-29,46593.92,0.423,112,60,4,200000.00,ธุรกิจส่วนตัว,0,ปกติ,29,0
L-23396,2023-08-29,49494.62,0.259,201,33,2,300000.00,ข้าราชการ,1,ปกติ,8,0
L-24604,2023-08-29,33752.10,0.706,65,51,6,200000.00,ธุรกิจส่วนตัว,9,ค้างชำระ,68,1
L-28502,2023-08-29,41285.67,0.411,73,30,0,200000.00,ข้าราชการ,2,ปกติ,11,0
L-30392,2023-08-29,56863.28,0.153,82,64,3,150000.00,ข้าราชการ,2,ปกติ,11,0
L-20391,2023-08-30,38078.17,0.08,71,28,3,50000.00,ข้าราชการ,1,ปกติ,0,0
L-20814,2023-08-30,23496.93,0.488,222,53,5,100000.00,พนักงานประจำ,2,ปกติ,3,0
L-21767,2023-08-30,29059.11,0.261,25,34,0,100000.00,ข้าราชการ,2,ปิดบัญชีแล้ว,14,0
L-22851,2023-08-30,35186.79,0.221,218,21,3,150000.00,อาชีพอิสระ,1,ปกติ,18,0
L-23370,2023-08-30,34860.93,0.49,183,54,1,500000.00,อาชีพอิสระ,2,ปกติ,13,0
L-24133,2023-08-30,14896.62,0.264,131,31,2,200000.00,ข้าราชการ,0,ปกติ,25,0
L-24773,2023-08-30,53522.05,0.543,204,58,0,300000.00,ธุรกิจส่วนตัว,2,ปิดบัญชีแล้ว,8,0
L-29057,2023-08-30,44195.14,0.406,94,55,2,300000.00,อาชีพอิสระ,2,ปกติ,29,0
L-31102,2023-08-30,9317.94,0.422,156,37,0,500000.00,ธุรกิจส่วนตัว,0,ปิดบัญชีแล้ว,16,0
L-31733,2023-08-30,22951.47,0.449,205,55,2,100000.00,พนักงานประจำ,1,ปกติ,10,0
L-20123,2023-08-31,9000.00,0.173,137,43,0,100000.00,ข้าราชการ,2,ปกติ,20,0
L-21284,2023-08-31,33438.52,0.032,23,52,2,150000.00,ธุรกิจส่วนตัว,2,ปิดบัญชีแล้ว,22,0
L-21841,2023-08-31,25745.16,0.343,213,34,4,50000.00,พนักงานประจำ,0,ปกติ,3,0
L-24361,2023-08-31,57017.19,0.496,185,29,5,300000.00,ข้าราชการ,0,ปิดบัญชีแล้ว,2,0
L-24504,2023-08-31,50499.05,0.55,109,24,2,100000.00,ข้าราชการ,8,ค้างชำระ,112,1
L-24621,2023-08-31,14742.01,0.124,32,43,2,50000.00,ข้าราชการ,2,ปกติ,18,0
L-25273,2023-08-31,48964.85,0.475,233,32,2,500000.00,ข้าราชการ,1,ปิดบัญชีแล้ว,11,0
L-25311,2023-08-31,12428.36,0.668,21,65,4,300000.00,ธุรกิจส่วนตัว,1,ปกติ,2,0
L-26363,2023-08-31,17290.71,0.483,54,42,3,100000.00,พนักงานประจำ,0,ปกติ,29,0
L-26783,2023-08-31,29199.08,0.545,90,61,2,150000.00,อาชีพอิสระ,1,ปิดบัญชีแล้ว,0,0
L-28249,2023-08-31,37233.10,0.363,135,28,3,200000.00,ธุรกิจส่วนตัว,5,ค้างชำระ,54,1
L-28512,2023-08-31,44908.15,0.205,157,34,1,500000.00,อาชีพอิสระ,0,ปกติ,23,0
L-28984,2023-08-31,32719.69,0.669,111,62,5,200000.00,อาชีพอิสระ,1,ปกติ,25,0
L-29189,2023-08-31,20654.17,0.212,59,58,4,500000.00,ข้าราชการ,10,ค้างชำระ,83,1
L-29268,2023-08-31,51581.92,0.467,18,38,1,150000.00,อาชีพอิสระ,0,ปกติ,6,0
L-30618,2023-08-31,78860.93,0.394,64,38,5,100000.00,ธุรกิจส่วนตัว,0,ปกติ,11,0
L-22743,2023-09-01,32945.41,0.55,220,21,4,50000.00,อาชีพอิสระ,1,ปกติ,16,0
L-23596,2023-09-01,36553.23,0.486,34,33,2,50000.00,ข้าราชการ,2,ปิดบัญชีแล้ว,3,0
L-26791,2023-09-01,62456.61,0.387,240,40,6,50000.00,อาชีพอิสระ,1,ปกติ,1,0
L-29642,2023-09-01,29596.28,0.18,56,30,2,300000.00,อาชีพอิสระ,2,ปกติ,19,0
L-21273,2023-09-02,27419.42,0.492,181,34,3,150000.00,พนักงานประจำ,0,ปกติ,1,0
L-21671,2023-09-02,46661.40,0.779,200,34,0,150000.00,พนักงานประจำ,1,ปกติ,18,0
L-21724,2023-09-02,9000.00,0.457,29,30,2,150000.00,อาชีพอิสระ,2,ปิดบัญชีแล้ว,21,0
L-21803,2023-09-02,25191.30,0.432,24,38,1,300000.00,อาชีพอิสระ,1,ปกติ,3,0
L-21811,2023-09-02,40507.00,0.227,12,53,1,200000.00,ธุรกิจส่วนตัว,1,ปกติ,9,0
L-21919,2023-09-02,60163.57,0.353,64,46,0,150000.00,อาชีพอิสระ,4,ค้างชำระ,74,1
L-22029,2023-09-02,39497.48,0.819,52,42,2,150000.00,พนักงานประจำ,1,ปกติ,27,0
L-23436,2023-09-02,44903.83,0.489,156,29,3,100000.00,พนักงานประจำ,1,ปกติ,20,0
L-23678,2023-09-02,49627.77,0.588,160,50,5,500000.00,อาชีพอิสระ,2,ปกติ,15,0
L-24062,2023-09-02,19776.22,0.386,51,50,3,300000.00,ข้าราชการ,0,ปิดบัญชีแล้ว,18,0
L-25720,2023-09-02,9000.00,0.529,236,47,2,50000.00,พนักงานประจำ,2,ปกติ,23,0
L-26514,2023-09-02,50177.84,0.342,168,25,2,300000.00,ข้าราชการ,1,ปกติ,19,0
L-26728,2023-09-02,26186.34,0.451,200,29,6,150000.00,พนักงานประจำ,1,ปกติ,4,0
L-26838,2023-09-02,40370.82,0.272,127,39,5,100000.00,ข้าราชการ,0,ปกติ,2,0
L-27589,2023-09-02,55641.43,0.332,118,55,4,200000.00,พนักงานประจำ,1,ปกติ,0,0
L-28248,2023-09-02,9000.00,0.272,151,23,2,50000.00,อาชีพอิสระ,13,ค้างชำระ,133,1
L-28563,2023-09-02,44678.39,0.547,111,41,0,500000.00,ข้าราชการ,0,ปกติ,10,0
L-28979,2023-09-02,41279.91,0.321,199,34,3,50000.00,ข้าราชการ,2,ปกติ,14,0
L-29230,2023-09-02,29865.89,0.549,196,40,5,100000.00,ข้าราชการ,0,ปกติ,4,0
L-30043,2023-09-02,35679.63,0.389,167,61,3,50000.00,อาชีพอิสระ,2,ปกติ,16,0
L-30456,2023-09-02,28992.18,0.628,149,50,5,150000.00,พนักงานประจำ,0,ปกติ,21,0
L-30603,2023-09-02,22902.07,0.347,39,62,4,200000.00,พนักงานประจำ,0,ปกติ,20,0
L-31079,2023-09-02,40319.17,0.431,9,61,1,200000.00,พนักงานประจำ,1,ปกติ,22,0
L-21655,2023-09-03,36148.70,0.265,52,39,5,200000.00,ธุรกิจส่วนตัว,1,ปกติ,27,0
L-23111,2023-09-03,27596.10,0.177,230,58,3,100000.00,พนักงานประจำ,0,ปกติ,17,0
L-24345,2023-09-03,51353.31,0.465,147,50,6,300000.00,พนักงานประจำ,1,ปิดบัญชีแล้ว,28,0
L-25848,2023-09-03,34229.90,0.455,140,38,5,500000.00,พนักงานประจำ,0,ปิดบัญชีแล้ว,9,0
L-26743,2023-09-03,26907.77,0.452,189,53,0,50000.00,ธุรกิจส่วนตัว,1,ปกติ,30,0
L-27283,2023-09-03,33477.24,0.231,126,43,5,100000.00,ข้าราชการ,0,ปิดบัญชีแล้ว,8,0
L-29716,2023-09-03,56947.45,0.414,212,24,6,200000.00,พนักงานประจำ,0,ปกติ,20,0
L-30941,2023-09-03,43537.75,0.61,77,57,0,300000.00,ข้าราชการ,2,ปกติ,8,0
L-31068,2023-09-03,29598.87,0.077,193,61,1,100000.00,อาชีพอิสระ,1,ปกติ,28,0
L-31109,2023-09-03,37917.48,0.414,148,43,5,100000.00,ข้าราชการ,2,ปกติ,26,0
L-20289,2023-09-04,37902.20,0.156,2,31,2,50000.00,ข้าราชการ,1,ปิดบัญชีแล้ว,17,0
L-23653,2023-09-04,34474.75,0.545,218,21,4,50000.00,พนักงานประจำ,0,ปกติ,20,0
L-25494,2023-09-04,37168.34,0.369,105,29,6,100000.00,พนักงานประจำ,0,ปิดบัญชีแล้ว,18,0
L-26137,2023-09-04,29370.18,0.288,105,33,4,500000.00,ธุรกิจส่วนตัว,1,ปกติ,3,0
L-26242,2023-09-04,33856.27,0.348,228,63,3,100000.00,ธุรกิจส่วนตัว,0,ปิดบัญชีแล้ว,20,0
L-27145,2023-09-04,36201.36,0.605,4,61,2,300000.00,ข้าราชการ,1,ปกติ,6,0
L-27254,2023-09-04,49259.15,0.569,39,23,1,500000.00,ข้าราชการ,2,ปิดบัญชีแล้ว,28,0
L-28678,2023-09-04,13946.66,0.379,188,49,1,50000.00,อาชีพอิสระ,0,ปกติ,9,0
L-31524,2023-09-04,43545.69,0.177,12,36,2,500000.00,ข้าราชการ,1,ปกติ,5,0
L-21016,2023-09-05,27146.13,0.684,199,23,1,150000.00,พนักงานประจำ,0,ปกติ,1,0
L-21496,2023-09-05,32318.98,0.02,177,32,6,50000.00,อาชีพอิสระ,1,ปกติ,3,0
L-24106,2023-09-05,47071.61,0.332,64,43,4,100000.00,พนักงานประจำ,0,ปกติ,19,0
L-24228,2023-09-05,41876.83,0.726,205,38,2,100000.00,อาชีพอิสระ,0,ปิดบัญชีแล้ว,18,0
L-24594,2023-09-05,25064.99,0.582,145,54,4,500000.00,พนักงานประจำ,2,ปกติ,19,0
L-25062,2023-09-05,32054.11,0.429,95,51,0,50000.00,ธุรกิจส่วนตัว,1,ปกติ,24,0
L-25882,2023-09-05,22725.99,0.344,109,38,5,200000.00,พนักงานประจำ,0,ปิดบัญชีแล้ว,26,0
L-26426,2023-09-05,25683.10,0.273,33,30,2,300000.00,ข้าราชการ,2,ปกติ,25,0
L-28860,2023-09-05,62362.80,0.279,164,50,4,300000.00,อาชีพอิสระ,0,ปกติ,8,0
L-28867,2023-09-05,21991.41,0.492,234,49,2,150000.00,อาชีพอิสระ,2,ปกติ,17,0
L-28931,2023-09-05,45124.08,0.579,195,41,1,100000.00,ข้าราชการ,4,ค้างชำระ,150,1
L-29063,2023-09-05,25487.04,0.253,215,34,4,300000.00,ข้าราชการ,1,ปกติ,30,0
L-31793,2023-09-05,16596.85,0.265,28,37,1,150000.00,อาชีพอิสระ,0,ปิดบัญชีแล้ว,7,0
L-21345,2023-09-06,56694.06,0.579,9,57,6,150000.00,อาชีพอิสระ,2,ปกติ,3,0
L-21402,2023-09-06,40809.40,0.534,109,57,0,200000.00,พนักงานประจำ,0,ปกติ,30,0
L-22321,2023-09-06,53153.65,0.389,19,22,6,100000.00,พนักงานประจำ,1,ปกติ,9,0
L-26993,2023-09-06,29835.71,0.278,158,29,4,200000.00,อาชีพอิสระ,2,ปกติ,13,0
L-28005,2023-09-06,32408.56,0.437,158,28,0,50000.00,ธุรกิจส่วนตัว,1,ปกติ,6,0
L-28552,2023-09-06,9000.00,0.318,55,28,5,50000.00,ธุรกิจส่วนตัว,2,ปกติ,27,0
L-28650,2023-09-06,43714.73,0.599,95,58,3,50000.00,พนักงานประจำ,0,ปกติ,3,0
L-29097,2023-09-06,32801.92,0.127,6,64,5,50000.00,ธุรกิจส่วนตัว,0,ปกติ,0,0
L-30266,2023-09-06,26388.04,0.376,221,56,0,50000.00,ข้าราชการ,1,ปกติ,12,0
L-31826,2023-09-06,35982.00,0.47,95,37,5,50000.00,ข้าราชการ,0,ปกติ,1,0
L-21309,2023-09-07,45937.23,0.544,124,63,4,200000.00,อาชีพอิสระ,1,ปกติ,0,0
L-21359,2023-09-07,23589.52,0.628,24,54,3,300000.00,ข้าราชการ,1,ปกติ,13,0
L-22565,2023-09-07,26996.79,0.353,193,30,6,200000.00,พนักงานประจำ,2,ปกติ,20,0
L-22581,2023-09-07,45072.64,0.219,198,40,4,100000.00,พนักงานประจำ,2,ปกติ,5,0
L-23738,2023-09-07,41070.88,0.33,67,42,6,150000.00,ธุรกิจส่วนตัว,1,ปกติ,15,0
L-25086,2023-09-07,20758.42,0.157,49,55,4,200000.00,พนักงานประจำ,0,ปกติ,12,0
L-26266,2023-09-07,30610.48,0.328,217,45,2,50000.00,ธุรกิจส่วนตัว,1,ปิดบัญชีแล้ว,12,0
L-26351,2023-09-07,31248.86,0.75,73,42,4,500000.00,อาชีพอิสระ,9,ค้างชำระ,145,1
L-27393,2023-09-07,24523.88,0.494,87,21,5,300000.00,อาชีพอิสระ,0,ปกติ,8,0
L-28107,2023-09-07,36158.58,0.227,211,44,1,50000.00,พนักงานประจำ,2,ปกติ,16,0
L-29398,2023-09-07,9000.00,0.309,53,54,2,200000.00,อาชีพอิสระ,0,ปกติ,3,0
L-31673,2023-09-07,56285.94,0.285,226,59,2,300000.00,ข้าราชการ,0,ปิดบัญชีแล้ว,24,0
L-21984,2023-09-08,35435.04,0.472,53,22,1,300000.00,ข้าราชการ,0,ปกติ,30,0
L-22535,2023-09-08,46351.21,0.35,226,29,4,100000.00,อาชีพอิสระ,0,ปกติ,24,0
L-22733,2023-09-08,33779.91,0.081,227,57,6,150000.00,อาชีพอิสระ,0,ปกติ,8,0
L-25369,2023-09-08,31028.56,0.768,95,38,5,50000.00,พนักงานประจำ,0,ปกติ,15,0
L-26487,2023-09-08,35330.47,0.245,81,38,4,150000.00,ธุรกิจส่วนตัว,1,ปกติ,12,0
L-27064,2023-09-08,23234.28,0.385,208,27,2,150000.00,พนักงานประจำ,0,ปิดบัญชีแล้ว,0,0
L-28949,2023-09-08,51274.07,0.071,165,32,3,500000.00,อาชีพอิสระ,0,ปกติ,20,0
L-29566,2023-09-08,26880.80,0.078,100,23,0,200000.00,พนักงานประจำ,2,ปิดบัญชีแล้ว,22,0
L-31166,2023-09-08,53468.57,0.412,29,42,0,50000.00,ข้าราชการ,2,ปิดบัญชีแล้ว,24,0
L-31486,2023-09-08,39318.97,0.613,155,22,2,500000.00,อาชีพอิสระ,0,ปกติ,13,0
L-25932,2023-09-09,55065.98,0.282,163,41,6,300000.00,ข้าราชการ,0,ปกติ,7,0
L-25981,2023-09-09,18821.82,0.554,77,51,3,100000.00,ข้าราชการ,2,ปกติ,21,0
L-26105,2023-09-09,9000.00,0.473,131,34,5,200000.00,อาชีพอิสระ,0,ปกติ,9,0
L-27857,2023-09-09,52415.35,0.306,150,26,4,150000.00,พนักงานประจำ,1,ปกติ,12,0
L-28058,2023-09-09,30047.04,0.206,130,60,2,300000.00,อาชีพอิสระ,2,ปิดบัญชีแล้ว,6,0
L-28088,2023-09-09,39844.15,0.6,179,26,6,50000.00,ข้าราชการ,2,ปิดบัญชีแล้ว,28,0
L-28298,2023-09-09,21474.82,0.527,77,63,3,500000.00,อาชีพอิสระ,0,ปกติ,18,0
L-28585,2023-09-09,15914.75,0.524,100,39,5,300000.00,ธุรกิจส่วนตัว,0,ปกติ,23,0
L-29090,2023-09-09,34195.36,0.291,11,35,1,500000.00,อาชีพอิสระ,1,ปกติ,18,0
L-29915,2023-09-09,18122.01,0.079,101,23,2,200000.00,พนักงานประจำ,0,ปกติ,14,0
L-30050,2023-09-09,9305.52,0.572,164,60,3,100000.00,ธุรกิจส่วนตัว,2,ปกติ,9,0
L-30268,2023-09-09,35584.70,0.299,222,59,6,100000.00,ข้าราชการ,0,ปกติ,6,0
L-30769,2023-09-09,22969.39,0.556,57,32,2,200000.00,ธุรกิจส่วนตัว,0,ปกติ,26,0
L-30863,2023-09-09,48065.12,0.704,47,22,6,200000.00,พนักงานประจำ,0,ปกติ,2,0
L-30981,2023-09-09,54801.66,0.397,135,62,0,150000.00,อาชีพอิสระ,2,ปกติ,28,0
L-20298,2023-09-10,46951.46,0.544,225,45,6,300000.00,พนักงานประจำ,0,ปิดบัญชีแล้ว,30,0
L-21096,2023-09-10,18143.68,0.645,0,31,6,200000.00,พนักงานประจำ,8,ค้างชำระ,129,1
L-23528,2023-09-10,27348.65,0.193,86,28,1,500000.00,อาชีพอิสระ,1,ปิดบัญชีแล้ว,8,0
L-24179,2023-09-10,22566.94,0.322,215,35,4,50000.00,ข้าราชการ,0,ปกติ,3,0
L-24651,2023-09-10,44828.55,0.609,96,60,3,100000.00,พนักงานประจำ,2,ปิดบัญชีแล้ว,1,0
L-28123,2023-09-10,40654.83,0.234,37,55,2,150000.00,อาชีพอิสระ,2,ปกติ,16,0
L-28201,2023-09-10,21782.32,0.247,35,57,5,500000.00,อาชีพอิสระ,14,ค้างชำระ,151,1
L-28799,2023-09-10,34593.74,0.29,60,34,5,100000.00,พนักงานประจำ,0,ปกติ,20,0
L-28896,2023-09-10,24566.87,0.045,31,52,4,150000.00,ข้าราชการ,1,ปกติ,12,0
L-29329,2023-09-10,34914.46,0.354,214,62,0,50000.00,อาชีพอิสระ,0,ปกติ,1,0
L-29859,2023-09-10,23891.58,0.331,177,62,0,50000.00,พนักงานประจำ,2,ปิดบัญชีแล้ว,15,0
L-30422,2023-09-10,48140.95,0.264,84,41,3,150000.00,ธุรกิจส่วนตัว,1,ปกติ,25,0
L-31045,2023-09-10,32112.45,0.302,163,44,3,50000.00,ข้าราชการ,1,ปิดบัญชีแล้ว,29,0
L-31393,2023-09-10,28923.86,0.446,195,44,2,100000.00,ธุรกิจส่วนตัว,0,ปกติ,8,0
L-31492,2023-09-10,10692.96,0.813,45,44,0,50000.00,ข้าราชการ,2,ปกติ,10,0
L-20203,2023-09-11,42616.15,0.307,12,29,0,200000.00,อาชีพอิสระ,0,ปกติ,26,0
L-21640,2023-09-11,23401.61,0.389,217,36,6,50000.00,พนักงานประจำ,0,ปกติ,25,0
L-21694,2023-09-11,22119.49,0.544,156,32,5,200000.00,พนักงานประจำ,2,ปกติ,21,0
L-22090,2023-09-11,55913.86,0.55,136,28,0,300000.00,ธุรกิจส่วนตัว,2,ปิดบัญชีแล้ว,28,0
L-22423,2023-09-11,42580.72,0.674,109,53,4,50000.00,พนักงานประจำ,0,ปิดบัญชีแล้ว,10,0
L-22924,2023-09-11,9000.00,0.419,140,64,5,200000.00,อาชีพอิสระ,0,ปกติ,21,0
L-23645,2023-09-11,30460.20,0.56,125,59,2,300000.00,พนักงานประจำ,0,ปกติ,25,0
L-23952,2023-09-11,25772.74,0.387,167,22,5,100000.00,ธุรกิจส่วนตัว,1,ปกติ,13,0
L-24414,2023-09-11,56444.40,0.578,50,56,5,500000.00,อาชีพอิสระ,0,ปกติ,15,0
L-24641,2023-09-11,27012.00,0.367,178,41,3,300000.00,พนักงานประจำ,2,ปกติ,24,0
L-24916,2023-09-11,9000.00,0.353,21,43,5,50000.00,พนักงานประจำ,0,ปิดบัญชีแล้ว,25,0
L-24933,2023-09-11,9000.00,0.102,179,57,2,50000.00,อาชีพอิสระ,2,ปกติ,28,0
L-26574,2023-09-11,38961.43,0.116,233,51,2,50000.00,พนักงานประจำ,2,ปกติ,19,0
L-27132,2023-09-11,50375.13,0.559,19,36,1,150000.00,พนักงานประจำ,1,ปิดบัญชีแล้ว,24,0
L-27421,2023-09-11,9000.00,0.349,129,63,3,100000.00,พนักงานประจำ,2,ปิดบัญชีแล้ว,11,0
L-29883,2023-09-11,52889.84,0.314,183,60,3,500000.00,อาชีพอิสระ,0,ปิดบัญชีแล้ว,3,0
L-31213,2023-09-11,39644.36,0.675,94,38,2,500000.00,ธุรกิจส่วนตัว,0,ปกติ,23,0
L-31917,2023-09-11,34319.37,0.442,238,28,0,500000.00,ธุรกิจส่วนตัว,0,ปกติ,27,0
L-20471,2023-09-12,9000.00,0.412,1,49,6,300000.00,อาชีพอิสระ,2,ปิดบัญชีแล้ว,27,0
L-23193,2023-09-12,32776.68,0.219,67,38,0,50000.00,พนักงานประจำ,2,ปกติ,9,0
L-24663,2023-09-12,44703.69,0.601,142,34,3,300000.00,ข้าราชการ,2,ปกติ,4,0
L-25613,2023-09-12,49002.82,0.261,23,37,5,200000.00,อาชีพอิสระ,0,ปกติ,1,0
L-26397,2023-09-12,23381.06,0.621,22,63,6,200000.00,ข้าราชการ,1,ปกติ,19,0
L-28363,2023-09-12,19512.53,0.509,182,64,0,500000.00,อาชีพอิสระ,2,ปกติ,13,0
L-29361,2023-09-12,31777.85,0.328,209,36,2,50000.00,อาชีพอิสระ,0,ปิดบัญชีแล้ว,11,0
L-30105,2023-09-12,41255.60,0.814,66,38,3,150000.00,อาชีพอิสระ,1,ปกติ,25,0
L-30913,2023-09-12,36692.67,0.69,52,39,3,300000.00,พนักงานประจำ,1,ปกติ,20,0
L-31700,2023-09-12,53793.35,0.575,177,54,6,100000.00,ธุรกิจส่วนตัว,2,ปิดบัญชีแล้ว,1,0
L-31853,2023-09-12,40264.11,0.553,19,61,6,150000.00,อาชีพอิสระ,0,ปกติ,26,0
L-20171,2023-09-13,43727.67,0.157,185,34,2,100000.00,ธุรกิจส่วนตัว,2,ปกติ,19,0
L-20753,2023-09-13,42090.96,0.515,12,25,0,200000.00,อาชีพอิสระ,2,ปกติ,15,0
L-22353,2023-09-13,45892.48,0.398,176,51,6,500000.00,ข้าราชการ,1,ปกติ,27,0
L-22655,2023-09-13,52990.06,0.407,232,56,1,50000.00,ข้าราชการ,2,ปกติ,24,0
L-24840,2023-09-13,11015.72,0.247,45,35,1,150000.00,ข้าราชการ,0,ปกติ,3,0
L-25239,2023-09-13,40384.12,0.534,225,65,3,50000.00,อาชีพอิสระ,10,ค้างชำระ,56,1
L-25765,2023-09-13,51034.83,0.647,9,45,1,150000.00,ข้าราชการ,0,ปกติ,27,0
L-26269,2023-09-13,25638.92,0.338,165,51,6,300000.00,พนักงานประจำ,0,ปกติ,6,0
L-27754,2023-09-13,19984.16,0.511,2,33,0,500000.00,ข้าราชการ,1,ปกติ,25,0
L-28858,2023-09-13,58492.49,0.02,200,60,4,500000.00,อาชีพอิสระ,1,ปกติ,30,0
L-28899,2023-09-13,45654.51,0.365,55,31,6,500000.00,ข้าราชการ,1,ปกติ,3,0
L-28905,2023-09-13,13767.79,0.851,41,34,5,50000.00,อาชีพอิสระ,1,ปกติ,22,0
L-29808,2023-09-13,59511.61,0.575,195,37,2,300000.00,ธุรกิจส่วนตัว,0,ปกติ,1,0
L-30251,2023-09-13,37040.41,0.153,18,22,3,300000.00,พนักงานประจำ,0,ปกติ,28,0
L-30625,2023-09-13,20958.37,0.297,99,44,5,300000.00,ธุรกิจส่วนตัว,0,ปกติ,16,0
L-20892,2023-09-14,47182.24,0.432,200,52,5,100000.00,ธุรกิจส่วนตัว,0,ปกติ,7,0
L-22538,2023-09-14,27071.22,0.51,30,30,1,200000.00,พนักงานประจำ,1,ปกติ,27,0
L-24072,2023-09-14,9000.00,0.225,47,26,4,500000.00,อาชีพอิสระ,0,ปกติ,7,0
L-24826,2023-09-14,10560.90,0.449,160,61,4,150000.00,ข้าราชการ,1,ปกติ,6,0
L-27833,2023-09-14,50623.79,0.192,119,21,5,100000.00,พนักงานประจำ,2,ปกติ,28,0
L-28808,2023-09-14,40682.18,0.105,73,55,1,100000.00,พนักงานประจำ,0,ปิดบัญชีแล้ว,3,0
L-28976,2023-09-14,32185.72,0.661,157,53,4,300000.00,ข้าราชการ,0,ปกติ,0,0
L-29119,2023-09-14,50793.69,0.405,101,43,2,500000.00,อาชีพอิสระ,0,ปกติ,23,0
L-29502,2023-09-14,26295.16,0.414,1,60,2,150000.00,ข้าราชการ,0,ปกติ,13,0
L-29520,2023-09-14,37170.86,0.184,126,53,5,500000.00,ข้าราชการ,0,ปกติ,30,0
L-30300,2023-09-14,9000.00,0.178,188,65,4,50000.00,พนักงานประจำ,0,ปิดบัญชีแล้ว,20,0
L-30346,2023-09-14,44981.33,0.379,202,38,2,150000.00,ข้าราชการ,1,ปกติ,15,0
L-20514,2023-09-15,43387.31,0.392,87,26,3,100000.00,อาชีพอิสระ,0,ปกติ,0,0
L-20750,2023-09-15,14812.04,0.401,100,36,6,100000.00,อาชีพอิสระ,2,ปกติ,22,0
L-21218,2023-09-15,37682.71,0.23,209,37,3,50000.00,ข้าราชการ,2,ปกติ,7,0
L-21879,2023-09-15,41923.11,0.56,119,59,5,500000.00,ข้าราชการ,2,ปกติ,21,0
L-23797,2023-09-15,27042.08,0.431,82,38,3,300000.00,พนักงานประจำ,1,ปิดบัญชีแล้ว,5,0
L-24383,2023-09-15,32684.36,0.406,150,37,5,500000.00,ธุรกิจส่วนตัว,2,ปกติ,8,0
L-24500,2023-09-15,39425.48,0.162,142,55,2,50000.00,ข้าราชการ,0,ปกติ,15,0
L-26224,2023-09-15,48401.68,0.496,24,50,1,500000.00,ข้าราชการ,0,ปกติ,20,0
L-27751,2023-09-15,26684.75,0.353,2,21,1,50000.00,ธุรกิจส่วนตัว,1,ปกติ,13,0
L-30092,2023-09-15,9000.00,0.459,1,32,6,50000.00,ธุรกิจส่วนตัว,2,ปกติ,10,0
L-30789,2023-09-15,31063.40,0.02,68,43,3,300000.00,อาชีพอิสระ,1,ปกติ,14,0
L-31090,2023-09-15,22770.31,0.389,19,53,6,150000.00,พนักงานประจำ,0,ปกติ,26,0
L-20512,2023-09-16,48618.82,0.505,197,34,1,150000.00,พนักงานประจำ,1,ปกติ,14,0
L-20780,2023-09-16,21854.49,0.36,17,61,4,300000.00,ข้าราชการ,2,ปิดบัญชีแล้ว,17,0
L-21458,2023-09-16,45693.37,0.412,58,60,6,150000.00,พนักงานประจำ,2,ปกติ,17,0
L-23346,2023-09-16,35994.29,0.534,202,57,1,50000.00,อาชีพอิสระ,1,ปกติ,4,0
L-23734,2023-09-16,25997.54,0.681,136,56,3,50000.00,พนักงานประจำ,9,ค้างชำระ,111,1
L-24203,2023-09-16,30323.81,0.443,209,24,4,50000.00,อาชีพอิสระ,2,ปกติ,6,0
L-27556,2023-09-16,36284.81,0.482,72,54,2,100000.00,ข้าราชการ,2,ปกติ,2,0
L-28611,2023-09-16,37436.77,0.401,119,39,4,150000.00,ธุรกิจส่วนตัว,1,ปกติ,16,0
L-28805,2023-09-16,32819.70,0.101,108,56,4,200000.00,ธุรกิจส่วนตัว,0,ปกติ,2,0
L-28862,2023-09-16,60041.00,0.393,184,52,1,200000.00,พนักงานประจำ,2,ปกติ,0,0
L-29887,2023-09-16,40212.62,0.106,3,63,5,50000.00,อาชีพอิสระ,2,ปกติ,14,0
L-31029,2023-09-16,46029.40,0.486,141,44,1,100000.00,อาชีพอิสระ,0,ปกติ,19,0
L-20944,2023-09-17,41116.44,0.204,70,58,1,200000.00,อาชีพอิสระ,0,ปกติ,7,0
L-21703,2023-09-17,39580.93,0.33,172,61,3,50000.00,ข้าราชการ,0,ปิดบัญชีแล้ว,11,0
L-21758,2023-09-17,9000.00,0.581,71,63,4,500000.00,ข้าราชการ,0,ปกติ,20,0
L-22978,2023-09-17,19120.85,0.608,61,41,0,50000.00,พนักงานประจำ,0,ปกติ,8,0
L-24149,2023-09-17,48601.51,0.542,82,42,2,50000.00,ธุรกิจส่วนตัว,2,ปิดบัญชีแล้ว,29,0
L-24164,2023-09-17,40152.81,0.269,218,59,4,50000.00,พนักงานประจำ,1,ปิดบัญชีแล้ว,15,0
L-24287,2023-09-17,9000.00,0.143,231,48,5,50000.00,พนักงานประจำ,0,ปกติ,12,0
L-24440,2023-09-17,38642.03,0.358,184,45,4,100000.00,ธุรกิจส่วนตัว,1,ปิดบัญชีแล้ว,21,0
L-24520,2023-09-17,17927.00,0.238,48,29,2,100000.00,ข้าราชการ,1,ปิดบัญชีแล้ว,27,0
L-26863,2023-09-17,45234.57,0.19,66,36,2,100000.00,พนักงานประจำ,2,ปิดบัญชีแล้ว,21,0
L-28592,2023-09-17,42167.79,0.205,1,28,2,150000.00,พนักงานประจำ,0,ปิดบัญชีแล้ว,9,0
L-28768,2023-09-17,16741.10,0.364,202,33,4,150000.00,อาชีพอิสระ,2,ปกติ,22,0
L-31616,2023-09-17,51509.88,0.621,186,28,2,300000.00,ธุรกิจส่วนตัว,0,ปิดบัญชีแล้ว,0,0
L-21148,2023-09-18,15516.91,0.507,141,58,0,150000.00,ข้าราชการ,2,ปกติ,10,0
L-22176,2023-09-18,30543.99,0.461,86,42,6,200000.00,อาชีพอิสระ,0,ปกติ,15,0
L-22295,2023-09-18,30011.88,0.256,117,23,4,100000.00,ข้าราชการ,0,ปกติ,28,0
L-22356,2023-09-18,37631.27,0.339,148,52,6,200000.00,พนักงานประจำ,1,ปกติ,8,0
L-24652,2023-09-18,47067.17,0.465,228,32,0,100000.00,พนักงานประจำ,1,ปกติ,26,0
L-25001,2023-09-18,53698.04,0.668,147,52,4,200000.00,พนักงานประจำ,1,ปกติ,15,0
L-26764,2023-09-18,14406.53,0.39,139,63,0,200000.00,ธุรกิจส่วนตัว,1,ปิดบัญชีแล้ว,0,0
L-27507,2023-09-18,38866.32,0.152,66,44,5,500000.00,อาชีพอิสระ,2,ปิดบัญชีแล้ว,19,0
L-28154,2023-09-18,42970.25,0.547,160,35,1,300000.00,ข้าราชการ,2,ปกติ,14,0
L-28809,2023-09-18,59380.44,0.383,5,26,5,300000.00,พนักงานประจำ,2,ปกติ,26,0
L-21354,2023-09-19,39042.78,0.292,204,56,5,100000.00,ข้าราชการ,1,ปกติ,20,0
L-21443,2023-09-19,9000.00,0.455,40,31,6,150000.00,อาชีพอิสระ,1,ปกติ,22,0
L-22354,2023-09-19,42856.07,0.111,65,58,3,200000.00,พนักงานประจำ,2,ปกติ,23,0
L-22708,2023-09-19,49608.25,0.31,191,35,6,200000.00,พนักงานประจำ,2,ปกติ,22,0
L-23586,2023-09-19,44847.88,0.185,134,27,3,300000.00,ธุรกิจส่วนตัว,1,ปกติ,24,0
L-23897,2023-09-19,32350.57,0.337,240,54,1,200000.00,อาชีพอิสระ,1,ปิดบัญชีแล้ว,27,0
L-24023,2023-09-19,33734.40,0.17,57,51,3,100000.00,ธุรกิจส่วนตัว,0,ปิดบัญชีแล้ว,20,0
L-24302,2023-09-19,49264.44,0.525,99,36,0,300000.00,พนักงานประจำ,1,ปกติ,14,0
L-25042,2023-09-19,37945.03,0.226,116,51,2,50000.00,พนักงานประจำ,2,ปกติ,19,0
L-25445,2023-09-19,33791.37,0.344,215,43,6,100000.00,อาชีพอิสระ,0,ปกติ,28,0
L-25455,2023-09-19,33360.95,0.662,210,62,0,50000.00,พนักงานประจำ,1,ปกติ,29,0
L-26313,2023-09-19,47115.62,0.477,190,62,4,300000.00,พนักงานประจำ,1,ปกติ,1,0
L-27452,2023-09-19,29202.04,0.372,172,32,5,50000.00,ธุรกิจส่วนตัว,0,ปกติ,5,0
L-28031,2023-09-19,9000.00,0.225,85,62,3,500000.00,ธุรกิจส่วนตัว,1,ปกติ,0,0
L-29511,2023-09-19,14235.40,0.25,139,43,5,500000.00,ธุรกิจส่วนตัว,1,ปกติ,13,0
L-29829,2023-09-19,31175.66,0.586,61,45,2,150000.00,อาชีพอิสระ,0,ปกติ,3,0
L-30225,2023-09-19,13687.17,0.259,50,59,4,200000.00,ข้าราชการ,9,ค้างชำระ,152,1
L-30303,2023-09-19,33830.58,0.569,97,56,5,100000.00,ข้าราชการ,0,ปกติ,13,0
L-31718,2023-09-19,9230.14,0.268,232,65,0,100000.00,ข้าราชการ,1,ปิดบัญชีแล้ว,8,0
L-31963,2023-09-19,38436.58,0.536,105,40,4,100000.00,ข้าราชการ,2,ปกติ,26,0
L-21063,2023-09-20,25854.17,0.476,211,56,2,200000.00,พนักงานประจำ,2,ปกติ,17,0
L-21174,2023-09-20,42216.33,0.518,90,49,4,50000.00,ข้าราชการ,1,ปกติ,20,0
L-22220,2023-09-20,55284.20,0.325,138,47,6,200000.00,พนักงานประจำ,1,ปกติ,8,0
L-23165,2023-09-20,57106.60,0.127,120,38,5,300000.00,พนักงานประจำ,1,ปกติ,9,0
L-24586,2023-09-20,15385.91,0.499,16,27,2,300000.00,ข้าราชการ,0,ปกติ,2,0
L-26006,2023-09-20,27296.79,0.748,140,51,3,300000.00,พนักงานประจำ,1,ปิดบัญชีแล้ว,20,0
L-26400,2023-09-20,43936.27,0.103,198,52,6,100000.00,ข้าราชการ,1,ปกติ,1,0
L-26990,2023-09-20,47884.57,0.566,94,32,1,50000.00,อาชีพอิสระ,1,ปกติ,11,0
L-27816,2023-09-20,44094.45,0.173,184,65,0,300000.00,อาชีพอิสระ,0,ปกติ,6,0
L-29973,2023-09-20,37647.62,0.335,62,44,5,500000.00,พนักงานประจำ,1,ปกติ,22,0
L-30375,2023-09-20,18296.87,0.356,113,39,6,100000.00,ธุรกิจส่วนตัว,13,ค้างชำระ,84,1
L-20727,2023-09-21,64247.55,0.765,40,59,4,50000.00,อาชีพอิสระ,0,ปิดบัญชีแล้ว,0,0
L-22205,2023-09-21,34293.24,0.603,130,24,5,300000.00,พนักงานประจำ,0,ปกติ,9,0
L-22854,2023-09-21,26933.30,0.483,147,57,3,150000.00,ธุรกิจส่วนตัว,0,ปกติ,28,0
L-23722,2023-09-21,25574.05,0.482,237,45,6,150000.00,พนักงานประจำ,0,ปิดบัญชีแล้ว,23,0
L-24571,2023-09-21,37736.98,0.259,105,44,0,500000.00,ธุรกิจส่วนตัว,1,ปิดบัญชีแล้ว,26,0
L-27040,2023-09-21,42236.07,0.381,189,47,6,100000.00,ธุรกิจส่วนตัว,0,ปกติ,28,0
L-28092,2023-09-21,9000.00,0.572,103,50,3,150000.00,ธุรกิจส่วนตัว,1,ปกติ,14,0
L-28508,2023-09-21,59363.23,0.465,44,31,6,150000.00,พนักงานประจำ,1,ปกติ,17,0
L-29828,2023-09-21,53936.29,0.551,125,45,1,150000.00,อาชีพอิสระ,2,ปกติ,21,0
L-20971,2023-09-22,37630.86,0.245,14,57,0,150000.00,ข้าราชการ,0,ปิดบัญชีแล้ว,2,0
L-21318,2023-09-22,24462.01,0.297,234,55,6,50000.00,ธุรกิจส่วนตัว,1,ปกติ,1,0
L-24079,2023-09-22,35876.93,0.45,214,30,6,50000.00,อาชีพอิสระ,2,ปิดบัญชีแล้ว,25,0
L-25016,2023-09-22,26234.59,0.571,200,26,6,500000.00,ข้าราชการ,0,ปิดบัญชีแล้ว,22,0
L-26026,2023-09-22,36578.81,0.269,32,21,6,50000.00,อาชีพอิสระ,0,ปกติ,26,0
L-26716,2023-09-22,46549.12,0.265,192,61,0,200000.00,ข้าราชการ,2,ปิดบัญชีแล้ว,29,0
L-27057,2023-09-22,26476.03,0.633,109,42,2,50000.00,ธุรกิจส่วนตัว,2,ปกติ,26,0
L-27878,2023-09-22,36997.97,0.248,100,33,5,200000.00,พนักงานประจำ,2,ปกติ,18,0
L-28256,2023-09-22,40016.44,0.02,104,60,0,100000.00,ข้าราชการ,0,ปกติ,24,0
L-29294,2023-09-22,36505.41,0.443,177,65,3,150000.00,ธุรกิจส่วนตัว,11,ค้างชำระ,178,1
L-30851,2023-09-22,18040.58,0.516,219,43,6,200000.00,ข้าราชการ,2,ปกติ,3,0
L-31113,2023-09-22,34684.70,0.176,71,37,2,200000.00,ข้าราชการ,2,ปกติ,3,0
L-20146,2023-09-23,25826.44,0.148,96,39,3,200000.00,ข้าราชการ,0,ปกติ,4,0
L-21559,2023-09-23,39502.24,0.336,127,55,2,50000.00,อาชีพอิสระ,1,ปิดบัญชีแล้ว,21,0
L-22078,2023-09-23,34506.79,0.411,154,31,2,50000.00,พนักงานประจำ,0,ปกติ,25,0
L-23229,2023-09-23,20215.40,0.252,152,30,5,150000.00,พนักงานประจำ,0,ปกติ,12,0
L-23461,2023-09-23,36204.20,0.02,228,25,2,150000.00,พนักงานประจำ,1,ปกติ,4,0
L-23612,2023-09-23,39275.92,0.442,199,27,2,500000.00,ธุรกิจส่วนตัว,12,ค้างชำระ,172,1
L-24214,2023-09-23,37764.40,0.174,76,43,1,50000.00,พนักงานประจำ,0,ปกติ,27,0
L-25203,2023-09-23,38818.97,0.335,171,63,2,50000.00,ธุรกิจส่วนตัว,2,ปกติ,0,0
L-25577,2023-09-23,39999.86,0.308,90,57,4,50000.00,ข้าราชการ,2,ปิดบัญชีแล้ว,23,0
L-26255,2023-09-23,21407.76,0.26,64,54,3,50000.00,ธุรกิจส่วนตัว,0,ปกติ,11,0
L-26396,2023-09-23,20136.49,0.089,29,50,5,100000.00,ข้าราชการ,0,ปกติ,10,0
L-27725,2023-09-23,45413.48,0.508,92,32,3,50000.00,พนักงานประจำ,2,ปิดบัญชีแล้ว,16,0
L-28691,2023-09-23,9000.00,0.605,131,50,3,500000.00,พนักงานประจำ,1,ปกติ,22,0
L-29210,2023-09-23,34007.38,0.436,229,42,4,100000.00,ข้าราชการ,1,ปกติ,22,0
L-29909,2023-09-23,46788.49,0.795,75,46,5,200000.00,ธุรกิจส่วนตัว,1,ปกติ,12,0
L-30112,2023-09-23,23361.79,0.561,163,50,2,300000.00,พนักงานประจำ,0,ปกติ,12,0
L-31383,2023-09-23,64376.23,0.549,130,24,1,100000.00,พนักงานประจำ,2,ปิดบัญชีแล้ว,23,0
L-31975,2023-09-23,30373.13,0.177,226,27,2,500000.00,อาชีพอิสระ,1,ปกติ,3,0
L-20452,2023-09-24,36559.09,0.296,200,44,6,200000.00,ธุรกิจส่วนตัว,2,ปกติ,4,0
L-20859,2023-09-24,37618.54,0.574,230,38,0,50000.00,ธุรกิจส่วนตัว,2,ปิดบัญชีแล้ว,3,0
L-20911,2023-09-24,12375.29,0.222,46,26,2,300000.00,พนักงานประจำ,0,ปกติ,7,0
L-21587,2023-09-24,38389.09,0.385,143,32,3,500000.00,ข้าราชการ,1,ปิดบัญชีแล้ว,27,0
L-21764,2023-09-24,22460.14,0.273,92,45,6,100000.00,ข้าราชการ,1,ปกติ,22,0
L-22553,2023-09-24,15923.13,0.413,11,51,0,500000.00,พนักงานประจำ,1,ปกติ,26,0
L-25409,2023-09-24,42592.96,0.314,179,46,0,150000.00,อาชีพอิสระ,2,ปกติ,11,0
L-27168,2023-09-24,38109.26,0.284,211,46,0,300000.00,ธุรกิจส่วนตัว,0,ปกติ,11,0
L-30126,2023-09-24,25307.64,0.229,188,42,6,100000.00,ธุรกิจส่วนตัว,1,ปกติ,9,0
L-30571,2023-09-24,50733.04,0.267,4,61,5,200000.00,พนักงานประจำ,1,ปกติ,10,0
L-30983,2023-09-24,27611.34,0.197,172,26,6,150000.00,อาชีพอิสระ,0,ปิดบัญชีแล้ว,24,0
L-31649,2023-09-24,38725.69,0.342,17,26,1,100000.00,ธุรกิจส่วนตัว,2,ปกติ,5,0
L-20158,2023-09-25,11075.48,0.454,195,62,0,50000.00,อาชีพอิสระ,0,ปกติ,14,0
L-20510,2023-09-25,24186.93,0.379,115,42,0,500000.00,ธุรกิจส่วนตัว,1,ปิดบัญชีแล้ว,11,0
L-20712,2023-09-25,62081.49,0.428,182,34,5,500000.00,พนักงานประจำ,0,ปิดบัญชีแล้ว,0,0
L-22086,2023-09-25,55357.54,0.542,234,47,3,300000.00,ข้าราชการ,1,ปกติ,22,0
L-22596,2023-09-25,13758.82,0.486,220,65,2,100000.00,ธุรกิจส่วนตัว,2,ปกติ,17,0
L-24209,2023-09-25,61326.13,0.201,86,60,6,300000.00,พนักงานประจำ,2,ปกติ,21,0
L-24962,2023-09-25,10411.51,0.31,64,47,1,150000.00,ข้าราชการ,1,ปกติ,23,0
L-25479,2023-09-25,33099.13,0.585,120,53,3,300000.00,พนักงานประจำ,2,ปกติ,16,0
L-25535,2023-09-25,32165.32,0.14,58,49,6,300000.00,ข้าราชการ,0,ปกติ,5,0
L-25619,2023-09-25,9871.08,0.378,122,55,5,100000.00,ธุรกิจส่วนตัว,0,ปิดบัญชีแล้ว,18,0
L-26695,2023-09-25,26462.02,0.442,0,62,3,500000.00,พนักงานประจำ,0,ปกติ,11,0
L-28840,2023-09-25,23319.53,0.277,190,33,3,200000.00,อาชีพอิสระ,2,ปกติ,19,0
L-29523,2023-09-25,32374.91,0.502,18,25,0,300000.00,อาชีพอิสระ,0,ปกติ,2,0
L-24075,2023-09-26,62557.83,0.49,147,21,4,100000.00,พนักงานประจำ,0,ปกติ,24,0
L-24485,2023-09-26,25178.58,0.176,70,50,1,150000.00,ข้าราชการ,0,ปกติ,26,0
L-25251,2023-09-26,43561.82,0.487,79,64,2,150000.00,อาชีพอิสระ,1,ปกติ,14,0
L-26289,2023-09-26,19201.24,0.329,200,35,2,200000.00,ธุรกิจส่วนตัว,0,ปกติ,10,0
L-27625,2023-09-26,43579.82,0.272,9,23,5,200000.00,ธุรกิจส่วนตัว,0,ปกติ,6,0
L-28015,2023-09-26,39835.65,0.339,40,57,5,100000.00,พนักงานประจำ,3,ค้างชำระ,80,1
L-29237,2023-09-26,36975.83,0.253,7,43,1,200000.00,ข้าราชการ,0,ปกติ,14,0
L-29891,2023-09-26,38779.70,0.276,211,64,5,200000.00,ธุรกิจส่วนตัว,2,ปกติ,25,0
L-31564,2023-09-26,51353.70,0.02,67,26,6,300000.00,อาชีพอิสระ,2,ปกติ,5,0
L-31750,2023-09-26,32296.33,0.448,127,31,5,300000.00,ข้าราชการ,1,ปกติ,29,0
L-31799,2023-09-26,45386.19,0.425,71,47,5,200000.00,พนักงานประจำ,9,ค้างชำระ,163,1
L-31874,2023-09-26,21785.54,0.551,61,64,3,300000.00,ธุรกิจส่วนตัว,3,ค้างชำระ,49,1
L-20489,2023-09-27,9425.36,0.216,84,41,1,200000.00,ธุรกิจส่วนตัว,2,ปกติ,12,0
L-21132,2023-09-27,28994.14,0.403,166,30,1,300000.00,ธุรกิจส่วนตัว,12,ค้างชำระ,51,1
L-21477,2023-09-27,9000.00,0.443,61,41,6,150000.00,อาชีพอิสระ,1,ปิดบัญชีแล้ว,27,0
L-22562,2023-09-27,29288.99,0.388,146,28,2,100000.00,อาชีพอิสระ,1,ปกติ,30,0
L-23847,2023-09-27,9000.00,0.459,19,32,3,50000.00,ธุรกิจส่วนตัว,1,ปกติ,11,0
L-24265,2023-09-27,33226.27,0.52,93,59,6,100000.00,อาชีพอิสระ,2,ปกติ,3,0
L-24274,2023-09-27,64507.52,0.306,65,27,2,300000.00,อาชีพอิสระ,0,ปกติ,10,0
L-24704,2023-09-27,16577.61,0.497,39,27,6,300000.00,ธุรกิจส่วนตัว,1,ปกติ,17,0
L-26655,2023-09-27,39109.49,0.306,58,36,5,500000.00,พนักงานประจำ,0,ปกติ,3,0
L-27138,2023-09-27,30648.43,0.701,239,49,2,100000.00,อาชีพอิสระ,0,ปกติ,10,0
L-27401,2023-09-27,21891.96,0.546,117,32,0,200000.00,พนักงานประจำ,14,ค้างชำระ,131,1
L-29167,2023-09-27,43038.29,0.582,112,26,4,300000.00,อาชีพอิสระ,0,ปกติ,30,0
L-29359,2023-09-27,33899.76,0.45,64,49,4,50000.00,ธุรกิจส่วนตัว,2,ปกติ,5,0
L-29611,2023-09-27,25313.39,0.352,152,59,4,100000.00,ข้าราชการ,0,ปกติ,22,0
L-29825,2023-09-27,52512.23,0.246,223,31,0,150000.00,พนักงานประจำ,2,ปกติ,11,0
L-30283,2023-09-27,41858.00,0.497,226,53,5,500000.00,พนักงานประจำ,1,ปกติ,4,0
L-20332,2023-09-28,35420.61,0.335,28,46,3,150000.00,พนักงานประจำ,1,ปิดบัญชีแล้ว,27,0
L-20984,2023-09-28,40692.61,0.636,105,29,2,50000.00,พนักงานประจำ,0,ปกติ,1,0
L-22056,2023-09-28,27415.13,0.273,203,42,5,300000.00,ธุรกิจส่วนตัว,0,ปกติ,24,0
L-22089,2023-09-28,30428.59,0.529,211,45,6,200000.00,พนักงานประจำ,2,ปิดบัญชีแล้ว,4,0
L-22621,2023-09-28,33264.54,0.079,178,44,2,200000.00,อาชีพอิสระ,0,ปกติ,8,0
L-22900,2023-09-28,23393.78,0.515,14,44,0,500000.00,ธุรกิจส่วนตัว,2,ปิดบัญชีแล้ว,22,0
L-25879,2023-09-28,14786.29,0.446,98,22,6,200000.00,ธุรกิจส่วนตัว,2,ปกติ,9,0
L-26367,2023-09-28,36635.47,0.515,192,64,6,150000.00,ข้าราชการ,0,ปกติ,25,0
L-26629,2023-09-28,28093.80,0.331,230,36,5,500000.00,พนักงานประจำ,0,ปกติ,28,0
L-28045,2023-09-28,59927.28,0.453,9,48,3,200000.00,ธุรกิจส่วนตัว,0,ปกติ,19,0
L-28470,2023-09-28,50267.51,0.102,61,38,4,50000.00,ข้าราชการ,0,ปกติ,6,0
L-28914,2023-09-28,45741.28,0.552,203,47,6,300000.00,ธุรกิจส่วนตัว,2,ปกติ,17,0
L-29519,2023-09-28,29242.34,0.354,111,39,2,500000.00,ข้าราชการ,1,ปิดบัญชีแล้ว,20,0
L-29699,2023-09-28,39406.94,0.488,142,40,5,300000.00,พนักงานประจำ,1,ปิดบัญชีแล้ว,24,0
L-30405,2023-09-28,46823.05,0.659,153,40,6,500000.00,ธุรกิจส่วนตัว,4,ค้างชำระ,164,1
L-30467,2023-09-28,29065.27,0.134,235,59,2,500000.00,ธุรกิจส่วนตัว,2,ปกติ,22,0
L-30845,2023-09-28,55958.62,0.184,122,51,2,200000.00,อาชีพอิสระ,0,ปกติ,25,0
L-31291,2023-09-28,9000.00,0.361,109,40,6,100000.00,ข้าราชการ,2,ปิดบัญชีแล้ว,12,0
L-31436,2023-09-28,9000.00,0.588,123,30,1,300000.00,ธุรกิจส่วนตัว,2,ปกติ,28,0
L-20107,2023-09-29,17433.19,0.32,178,24,5,50000.00,ธุรกิจส่วนตัว,1,ปิดบัญชีแล้ว,9,0
L-20287,2023-09-29,29026.97,0.301,122,40,5,200000.00,อาชีพอิสระ,0,ปกติ,0,0
L-20903,2023-09-29,21136.31,0.229,132,33,1,200000.00,ธุรกิจส่วนตัว,2,ปกติ,19,0
L-21030,2023-09-29,24413.70,0.58,42,37,1,300000.00,พนักงานประจำ,7,ค้างชำระ,92,1
L-21212,2023-09-29,9000.00,0.211,235,21,4,200000.00,ข้าราชการ,0,ปกติ,23,0
L-22173,2023-09-29,36954.56,0.35,139,53,1,500000.00,ธุรกิจส่วนตัว,0,ปกติ,2,0
L-22748,2023-09-29,47541.46,0.897,160,29,3,100000.00,ธุรกิจส่วนตัว,1,ปกติ,21,0
L-24815,2023-09-29,37734.26,0.344,15,64,1,100000.00,ธุรกิจส่วนตัว,2,ปกติ,25,0
L-26030,2023-09-29,15460.55,0.404,162,24,6,100000.00,ธุรกิจส่วนตัว,1,ปกติ,24,0
L-27032,2023-09-29,13997.74,0.26,18,53,4,100000.00,ข้าราชการ,11,ค้างชำระ,80,1
L-30440,2023-09-29,51755.27,0.093,70,61,6,100000.00,อาชีพอิสระ,2,ปกติ,8,0
L-31019,2023-09-29,17944.92,0.501,20,54,5,500000.00,พนักงานประจำ,0,ปกติ,8,0
L-31168,2023-09-29,9000.00,0.685,86,46,0,100000.00,ธุรกิจส่วนตัว,2,ปิดบัญชีแล้ว,27,0
L-22359,2023-09-30,44548.33,0.273,238,23,2,200000.00,ข้าราชการ,0,ปิดบัญชีแล้ว,2,0
L-23113,2023-09-30,44552.00,0.44,135,29,2,500000.00,ธุรกิจส่วนตัว,0,ปิดบัญชีแล้ว,23,0
L-23789,2023-09-30,36792.75,0.13,51,35,5,200000.00,ข้าราชการ,2,ปกติ,9,0
L-23801,2023-09-30,21486.73,0.436,195,60,3,150000.00,ข้าราชการ,8,ค้างชำระ,67,1
L-25186,2023-09-30,25290.84,0.216,221,37,1,200000.00,อาชีพอิสระ,0,ปกติ,5,0
L-25667,2023-09-30,20125.87,0.678,16,52,3,300000.00,ข้าราชการ,0,ปกติ,28,0
L-26441,2023-09-30,21894.95,0.279,239,53,0,50000.00,ข้าราชการ,1,ปกติ,27,0
L-27358,2023-09-30,26191.71,0.643,144,31,0,150000.00,ข้าราชการ,4,ค้างชำระ,45,1
L-27965,2023-09-30,25193.30,0.381,144,48,2,300000.00,อาชีพอิสระ,0,ปิดบัญชีแล้ว,25,0
L-28937,2023-09-30,9000.00,0.178,53,34,4,300000.00,ธุรกิจส่วนตัว,0,ปกติ,19,0
L-29216,2023-09-30,40291.44,0.255,203,37,0,500000.00,อาชีพอิสระ,0,ปกติ,0,0
L-29249,2023-09-30,21179.55,0.184,225,64,3,300000.00,พนักงานประจำ,0,ปกติ,25,0
L-29969,2023-09-30,27882.23,0.687,78,22,2,200000.00,อาชีพอิสระ,3,ค้างชำระ,122,1
L-30057,2023-09-30,45784.40,0.268,159,52,1,100000.00,อาชีพอิสระ,1,ปิดบัญชีแล้ว,23,0
L-30689,2023-09-30,21790.64,0.335,8,35,3,50000.00,ข้าราชการ,1,ปกติ,14,0
L-30692,2023-09-30,27969.77,0.342,131,28,4,200000.00,ธุรกิจส่วนตัว,1,ปกติ,4,0
L-31948,2023-09-30,39246.93,0.358,204,61,1,50000.00,ธุรกิจส่วนตัว,2,ปิดบัญชีแล้ว,1,0
L-20536,2023-10-01,16291.61,0.366,68,28,1,50000.00,พนักงานประจำ,1,ปกติ,21,0
L-23197,2023-10-01,30936.26,0.668,189,53,6,150000.00,อาชีพอิสระ,11,ค้างชำระ,171,1
L-24018,2023-10-01,33327.08,0.198,26,40,1,150000.00,ธุรกิจส่วนตัว,1,ปกติ,0,0
L-26630,2023-10-01,9000.00,0.495,55,60,5,50000.00,ข้าราชการ,0,ปิดบัญชีแล้ว,22,0
L-27197,2023-10-01,38679.48,0.719,119,58,3,100000.00,อาชีพอิสระ,0,ปิดบัญชีแล้ว,29,0
L-29282,2023-10-01,20483.69,0.054,206,44,6,300000.00,อาชีพอิสระ,0,ปกติ,23,0
L-30362,2023-10-01,38645.75,0.539,232,37,1,200000.00,อาชีพอิสระ,14,ค้างชำระ,171,1
L-31283,2023-10-01,52207.27,0.154,229,61,4,50000.00,ข้าราชการ,2,ปกติ,25,0
L-21293,2023-10-02,58350.08,0.168,29,22,1,50000.00,อาชีพอิสระ,2,ปกติ,14,0
L-21826,2023-10-02,21364.83,0.38,170,40,6,300000.00,อาชีพอิสระ,1,ปกติ,2,0
L-22101,2023-10-02,14215.54,0.64,84,28,0,200000.00,อาชีพอิสระ,1,ปิดบัญชีแล้ว,4,0
L-22136,2023-10-02,23053.70,0.494,10,35,3,150000.00,พนักงานประจำ,1,ปกติ,4,0
L-22411,2023-10-02,45060.59,0.28,45,37,0,500000.00,ข้าราชการ,0,ปกติ,9,0
L-22503,2023-10-02,31958.14,0.382,80,31,4,50000.00,ธุรกิจส่วนตัว,1,ปกติ,8,0
L-25329,2023-10-02,25424.81,0.353,239,25,6,300000.00,พนักงานประจำ,0,ปกติ,0,0
L-27435,2023-10-02,26769.29,0.587,198,48,0,150000.00,ข้าราชการ,0,ปกติ,5,0
L-28102,2023-10-02,44119.52,0.446,231,51,6,300000.00,อาชีพอิสระ,0,ปิดบัญชีแล้ว,0,0
L-29129,2023-10-02,19109.41,0.422,140,55,1,150000.00,ธุรกิจส่วนตัว,2,ปิดบัญชีแล้ว,18,0
L-30479,2023-10-02,20749.31,0.252,77,54,1,300000.00,อาชีพอิสระ,1,ปิดบัญชีแล้ว,23,0
L-31391,2023-10-02,47274.29,0.254,36,64,1,500000.00,พนักงานประจำ,2,ปกติ,28,0
L-31429,2023-10-02,15252.10,0.285,204,55,1,500000.00,ข้าราชการ,1,ปกติ,24,0
L-20487,2023-10-03,40610.81,0.503,99,36,1,200000.00,ธุรกิจส่วนตัว,2,ปิดบัญชีแล้ว,17,0
L-22585,2023-10-03,21206.81,0.435,178,51,2,50000.00,อาชีพอิสระ,2,ปกติ,20,0
L-23412,2023-10-03,22493.24,0.458,49,38,5,100000.00,อาชีพอิสระ,2,ปกติ,20,0
L-23523,2023-10-03,9000.00,0.283,204,38,6,200000.00,ธุรกิจส่วนตัว,1,ปกติ,18,0
L-23607,2023-10-03,15480.33,0.079,114,35,6,150000.00,อาชีพอิสระ,0,ปกติ,20,0
L-25197,2023-10-03,9000.00,0.539,154,26,4,50000.00,ข้าราชการ,0,ปิดบัญชีแล้ว,29,0
L-26253,2023-10-03,46631.86,0.508,198,45,4,500000.00,ข้าราชการ,7,ค้างชำระ,160,1
L-28010,2023-10-03,40599.11,0.181,216,52,6,50000.00,ข้าราชการ,0,ปกติ,7,0
L-28780,2023-10-03,19036.58,0.047,164,44,4,500000.00,ธุรกิจส่วนตัว,1,ปกติ,22,0
L-28927,2023-10-03,18764.16,0.452,150,45,1,50000.00,ข้าราชการ,0,ปกติ,14,0
L-29089,2023-10-03,49196.27,0.289,37,45,5,300000.00,อาชีพอิสระ,2,ปิดบัญชีแล้ว,28,0
L-29386,2023-10-03,50064.67,0.132,102,60,2,200000.00,พนักงานประจำ,2,ปกติ,7,0
L-31432,2023-10-03,19824.17,0.528,1,33,5,200000.00,พนักงานประจำ,14,ค้างชำระ,70,1
L-23174,2023-10-04,29429.66,0.772,201,51,0,500000.00,พนักงานประจำ,0,ปกติ,4,0
L-23339,2023-10-04,33272.94,0.392,7,59,4,150000.00,อาชีพอิสระ,5,ค้างชำระ,176,1
L-24618,2023-10-04,28456.20,0.406,145,61,5,150000.00,ข้าราชการ,1,ปกติ,15,0
L-25246,2023-10-04,40309.40,0.496,38,57,6,100000.00,พนักงานประจำ,0,ปิดบัญชีแล้ว,8,0
L-26338,2023-10-04,30215.82,0.326,69,36,5,100000.00,ธุรกิจส่วนตัว,1,ปิดบัญชีแล้ว,1,0
L-26671,2023-10-04,32328.69,0.443,177,55,2,100000.00,ธุรกิจส่วนตัว,0,ปกติ,18,0
L-27996,2023-10-04,24008.12,0.416,131,59,6,150000.00,ธุรกิจส่วนตัว,1,ปกติ,21,0
L-28176,2023-10-04,29025.00,0.244,227,33,1,300000.00,ธุรกิจส่วนตัว,10,ค้างชำระ,113,1
L-28304,2023-10-04,9000.00,0.567,169,46,3,200000.00,อาชีพอิสระ,1,ปกติ,24,0
L-28685,2023-10-04,32898.91,0.665,176,33,3,300000.00,อาชีพอิสระ,2,ปิดบัญชีแล้ว,28,0
L-28890,2023-10-04,38399.36,0.075,213,57,6,100000.00,ข้าราชการ,2,ปกติ,15,0
L-31117,2023-10-04,40814.48,0.2,139,32,1,500000.00,พนักงานประจำ,2,ปกติ,18,0
L-31995,2023-10-04,38977.91,0.207,6,35,2,200000.00,อาชีพอิสระ,1,ปกติ,12,0
L-21579,2023-10-05,33776.33,0.242,142,42,4,50000.00,ข้าราชการ,2,ปกติ,20,0
L-21732,2023-10-05,45666.13,0.308,22,41,3,150000.00,ข้าราชการ,0,ปกติ,9,0
L-21878,2023-10-05,42467.25,0.613,159,23,2,50000.00,พนักงานประจำ,1,ปกติ,22,0
L-22092,2023-10-05,20171.45,0.429,201,62,1,200000.00,ธุรกิจส่วนตัว,2,ปิดบัญชีแล้ว,17,0
L-22732,2023-10-05,49710.41,0.329,25,27,1,50000.00,ข้าราชการ,0,ปกติ,12,0
L-24385,2023-10-05,34206.99,0.382,80,39,3,300000.00,พนักงานประจำ,2,ปกติ,22,0
L-24888,2023-10-05,47871.85,0.118,20,38,2,50000.00,ข้าราชการ,1,ปิดบัญชีแล้ว,6,0
L-27446,2023-10-05,31508.54,0.213,56,58,5,100000.00,ข้าราชการ,1,ปกติ,13,0
L-28804,2023-10-05,28738.40,0.539,202,45,3,300000.00,ข้าราชการ,2,ปกติ,9,0
L-29589,2023-10-05,30448.36,0.401,34,56,3,200000.00,อาชีพอิสระ,0,ปกติ,28,0
L-30996,2023-10-05,39184.48,0.43,187,58,3,50000.00,ธุรกิจส่วนตัว,2,ปกติ,6,0
L-31788,2023-10-05,20246.81,0.295,37,59,0,300000.00,ข้าราชการ,0,ปิดบัญชีแล้ว,3,0
L-20034,2023-10-06,28243.69,0.479,149,29,1,100000.00,อาชีพอิสระ,1,ปิดบัญชีแล้ว,27,0
L-21997,2023-10-06,26824.69,0.467,8,45,2,150000.00,อาชีพอิสระ,0,ปิดบัญชีแล้ว,28,0
L-22108,2023-10-06,27869.99,0.504,202,22,5,500000.00,พนักงานประจำ,1,ปิดบัญชีแล้ว,21,0
L-23707,2023-10-06,9000.00,0.431,173,36,2,100000.00,ธุรกิจส่วนตัว,1,ปกติ,16,0
L-24548,2023-10-06,9000.00,0.212,72,24,2,100000.00,พนักงานประจำ,0,ปกติ,3,0
L-25590,2023-10-06,11913.64,0.314,85,29,5,100000.00,ข้าราชการ,1,ปิดบัญชีแล้ว,27,0
L-26961,2023-10-06,36406.04,0.283,212,23,1,300000.00,พนักงานประจำ,0,ปิดบัญชีแล้ว,29,0
L-26967,2023-10-06,40878.04,0.198,183,26,3,100000.00,พนักงานประจำ,1,ปกติ,5,0
L-27092,2023-10-06,22577.24,0.02,137,53,4,100000.00,พนักงานประจำ,2,ปกติ,14,0
L-30296,2023-10-06,34416.07,0.475,204,43,0,500000.00,อาชีพอิสระ,2,ปิดบัญชีแล้ว,28,0
L-20763,2023-10-07,46139.14,0.284,54,55,5,150000.00,อาชีพอิสระ,3,ค้างชำระ,96,1
L-21189,2023-10-07,26388.90,0.328,145,51,3,200000.00,พนักงานประจำ,1,ปกติ,25,0
L-21772,2023-10-07,9000.00,0.523,174,28,6,200000.00,ธุรกิจส่วนตัว,0,ปกติ,28,0
L-24049,2023-10-07,26642.76,0.278,1,31,2,50000.00,ธุรกิจส่วนตัว,1,ปกติ,15,0
L-24772,2023-10-07,29925.51,0.13,240,22,1,500000.00,ธุรกิจส่วนตัว,2,ปกติ,21,0
L-26950,2023-10-07,22079.62,0.332,151,51,1,200000.00,ข้าราชการ,1,ปกติ,29,0
L-27724,2023-10-07,33486.16,0.46,32,56,4,150000.00,ข้าราชการ,0,ปกติ,9,0
L-27822,2023-10-07,50236.97,0.638,155,56,3,100000.00,อาชีพอิสระ,2,ปกติ,14,0
L-28147,2023-10-07,45995.12,0.419,178,33,0,150000.00,ธุรกิจส่วนตัว,1,ปิดบัญชีแล้ว,17,0
L-28797,2023-10-07,11240.10,0.158,17,61,1,200000.00,อาชีพอิสระ,1,ปิดบัญชีแล้ว,7,0
L-30651,2023-10-07,25174.23,0.262,15,27,3,50000.00,ข้าราชการ,0,ปกติ,0,0
L-30726,2023-10-07,48365.05,0.314,104,45,0,50000.00,พนักงานประจำ,2,ปกติ,2,0
L-31394,2023-10-07,19921.84,0.268,181,35,3,300000.00,พนักงานประจำ,0,ปกติ,30,0
L-20959,2023-10-08,41662.50,0.549,94,45,6,50000.00,ข้าราชการ,11,ค้างชำระ,121,1
L-22114,2023-10-08,26775.09,0.522,64,49,5,100000.00,ข้าราชการ,12,ค้างชำระ,100,1
L-23516,2023-10-08,43531.31,0.52,128,59,1,500000.00,ข้าราชการ,1,ปิดบัญชีแล้ว,4,0
L-23700,2023-10-08,40031.06,0.485,210,58,5,500000.00,อาชีพอิสระ,1,ปกติ,10,0
L-24579,2023-10-08,29292.67,0.813,61,30,5,150000.00,ข้าราชการ,1,ปกติ,20,0
L-24778,2023-10-08,19250.50,0.241,226,38,1,100000.00,อาชีพอิสระ,1,ปกติ,16,0
L-26376,2023-10-08,29809.48,0.115,214,21,4,50000.00,อาชีพอิสระ,1,ปกติ,13,0
L-26475,2023-10-08,27578.83,0.362,217,47,2,300000.00,ธุรกิจส่วนตัว,0,ปกติ,11,0
L-27264,2023-10-08,26091.63,0.395,87,57,4,50000.00,พนักงานประจำ,0,ปิดบัญชีแล้ว,22,0
L-29957,2023-10-08,55002.33,0.236,67,56,4,500000.00,พนักงานประจำ,2,ปกติ,9,0
L-30139,2023-10-08,26365.14,0.146,237,41,5,500000.00,พนักงานประจำ,2,ปกติ,14,0
L-30650,2023-10-08,12979.29,0.221,187,52,0,500000.00,ธุรกิจส่วนตัว,1,ปกติ,16,0
L-31803,2023-10-08,27866.86,0.699,195,58,0,50000.00,อาชีพอิสระ,1,ปกติ,28,0
L-20426,2023-10-09,21992.75,0.147,181,32,2,500000.00,อาชีพอิสระ,0,ปกติ,20,0
L-20783,2023-10-09,11581.75,0.02,17,47,0,300000.00,อาชีพอิสระ,0,ปกติ,27,0
L-21548,2023-10-09,28680.42,0.896,51,39,1,300000.00,ธุรกิจส่วนตัว,2,ปิดบัญชีแล้ว,18,0
L-21948,2023-10-09,54366.90,0.434,130,41,0,150000.00,ข้าราชการ,1,ปิดบัญชีแล้ว,3,0
L-23760,2023-10-09,65098.62,0.326,178,51,4,150000.00,ธุรกิจส่วนตัว,0,ปิดบัญชีแล้ว,19,0
L-23995,2023-10-09,15452.52,0.149,209,45,1,50000.00,อาชีพอิสระ,0,ปกติ,24,0
L-25022,2023-10-09,13693.59,0.345,69,47,6,300000.00,ข้าราชการ,2,ปกติ,10,0
L-26586,2023-10-09,39098.64,0.54,199,65,3,100000.00,ข้าราชการ,0,ปกติ,18,0
L-26858,2023-10-09,19060.94,0.239,13,29,4,300000.00,พนักงานประจำ,0,ปกติ,9,0
L-30018,2023-10-09,30112.64,0.418,233,27,2,100000.00,พนักงานประจำ,2,ปกติ,8,0
L-21507,2023-10-10,40811.10,0.388,220,56,4,150000.00,ข้าราชการ,1,ปกติ,14,0
L-22250,2023-10-10,52563.95,0.423,157,61,4,100000.00,พนักงานประจำ,13,ค้างชำระ,88,1
L-23923,2023-10-10,43893.65,0.779,150,48,6,100000.00,ข้าราชการ,2,ปกติ,4,0
L-24505,2023-10-10,58400.36,0.599,38,32,6,50000.00,อาชีพอิสระ,0,ปกติ,10,0
L-25153,2023-10-10,42263.35,0.307,89,55,2,100000.00,ข้าราชการ,1,ปกติ,4,0
L-27096,2023-10-10,17468.50,0.02,34,32,3,200000.00,อาชีพอิสระ,1,ปกติ,11,0
L-28054,2023-10-10,53013.66,0.17,16,34,1,200000.00,ธุรกิจส่วนตัว,2,ปกติ,1,0
L-28215,2023-10-10,9000.00,0.249,203,35,3,300000.00,ข้าราชการ,0,ปกติ,27,0
L-28747,2023-10-10,9757.95,0.489,141,27,3,500000.00,พนักงานประจำ,0,ปกติ,3,0
L-29287,2023-10-10,27373.49,0.284,155,34,2,50000.00,ข้าราชการ,13,ค้างชำระ,160,1
L-30311,2023-10-10,23795.15,0.576,50,44,6,200000.00,อาชีพอิสระ,5,ค้างชำระ,84,1
L-30644,2023-10-10,13253.97,0.461,104,32,2,100000.00,อาชีพอิสระ,1,ปกติ,26,0
L-30780,2023-10-10,32762.39,0.795,65,21,1,100000.00,อาชีพอิสระ,2,ปิดบัญชีแล้ว,12,0
L-31818,2023-10-10,43314.88,0.604,71,54,5,100000.00,ธุรกิจส่วนตัว,0,ปกติ,18,0
L-20170,2023-10-11,27307.44,0.486,203,55,5,150000.00,พนักงานประจำ,1,ปิดบัญชีแล้ว,20,0
L-20216,2023-10-11,9000.00,0.364,155,27,4,500000.00,อาชีพอิสระ,0,ปกติ,25,0
L-22726,2023-10-11,33736.28,0.714,223,52,0,100000.00,อาชีพอิสระ,1,ปกติ,25,0
L-23259,2023-10-11,58258.99,0.596,179,53,4,100000.00,พนักงานประจำ,1,ปกติ,3,0
L-23912,2023-10-11,45480.27,0.43,62,23,0,200000.00,ธุรกิจส่วนตัว,2,ปิดบัญชีแล้ว,17,0
L-25541,2023-10-11,47545.26,0.402,202,46,1,500000.00,พนักงานประจำ,0,ปกติ,19,0
L-26262,2023-10-11,53132.65,0.345,138,29,4,150000.00,ธุรกิจส่วนตัว,2,ปกติ,0,0
L-27770,2023-10-11,64553.95,0.425,23,31,6,200000.00,อาชีพอิสระ,12,ค้างชำระ,165,1
L-27881,2023-10-11,29487.86,0.168,158,28,5,300000.00,ข้าราชการ,2,ปิดบัญชีแล้ว,7,0
L-30719,2023-10-11,52312.93,0.371,115,61,4,300000.00,อาชีพอิสระ,1,ปกติ,4,0
L-31156,2023-10-11,47762.36,0.432,209,34,1,100000.00,อาชีพอิสระ,1,ปกติ,25,0
L-31397,2023-10-11,45321.93,0.323,25,65,3,150000.00,ข้าราชการ,2,ปิดบัญชีแล้ว,20,0
L-31567,2023-10-11,34702.41,0.29,27,31,4,150000.00,ธุรกิจส่วนตัว,0,ปกติ,24,0
L-21935,2023-10-12,19113.65,0.53,127,62,2,50000.00,ข้าราชการ,2,ปกติ,26,0
L-24245,2023-10-12,15039.12,0.428,236,27,2,200000.00,ธุรกิจส่วนตัว,2,ปกติ,10,0
L-24438,2023-10-12,29158.15,0.078,18,56,0,100000.00,อาชีพอิสระ,2,ปกติ,24,0
L-25941,2023-10-12,51227.95,0.343,49,26,2,500000.00,ข้าราชการ,0,ปกติ,10,0
L-27910,2023-10-12,36403.60,0.083,193,37,5,500000.00,พนักงานประจำ,1,ปกติ,23,0
L-28086,2023-10-12,29749.49,0.655,23,60,6,150000.00,พนักงานประจำ,1,ปกติ,24,0
L-28271,2023-10-12,11697.27,0.423,194,32,5,100000.00,ข้าราชการ,0,ปกติ,15,0
L-28318,2023-10-12,38384.46,0.581,51,25,5,150000.00,ธุรกิจส่วนตัว,1,ปกติ,20,0
L-29081,2023-10-12,28128.92,0.411,38,31,2,150000.00,พนักงานประจำ,1,ปกติ,24,0
L-30721,2023-10-12,46622.35,0.332,170,60,3,300000.00,อาชีพอิสระ,0,ปกติ,27,0
L-30766,2023-10-12,30162.30,0.234,156,54,1,200000.00,ธุรกิจส่วนตัว,1,ปกติ,7,0
L-20689,2023-10-13,24835.65,0.329,164,42,0,150000.00,ข้าราชการ,1,ปกติ,10,0
L-22194,2023-10-13,12936.44,0.485,69,29,5,100000.00,อาชีพอิสระ,0,ปกติ,2,0
L-24097,2023-10-13,41075.53,0.266,122,34,0,100000.00,พนักงานประจำ,2,ปกติ,2,0
L-29191,2023-10-13,47968.49,0.081,129,59,1,100000.00,ธุรกิจส่วนตัว,1,ปกติ,7,0
L-29269,2023-10-13,28459.34,0.52,209,23,1,500000.00,อาชีพอิสระ,1,ปกติ,17,0
L-29835,2023-10-13,16052.82,0.743,113,62,0,150000.00,อาชีพอิสระ,0,ปกติ,0,0
L-31898,2023-10-13,21824.37,0.215,140,35,2,200000.00,อาชีพอิสระ,2,ปกติ,27,0
L-20540,2023-10-14,50140.41,0.226,210,47,0,500000.00,ธุรกิจส่วนตัว,1,ปิดบัญชีแล้ว,6,0
L-20907,2023-10-14,50091.67,0.632,230,59,4,150000.00,อาชีพอิสระ,2,ปิดบัญชีแล้ว,10,0
L-21616,2023-10-14,19333.50,0.254,88,60,0,150000.00,อาชีพอิสระ,2,ปกติ,30,0
L-22459,2023-10-14,23224.58,0.273,154,45,5,500000.00,ข้าราชการ,0,ปิดบัญชีแล้ว,25,0
L-24327,2023-10-14,9000.00,0.835,198,30,1,50000.00,ข้าราชการ,5,ค้างชำระ,83,1
L-24541,2023-10-14,9000.00,0.131,71,44,3,100000.00,ธุรกิจส่วนตัว,2,ปกติ,9,0
L-24993,2023-10-14,23514.89,0.557,226,46,0,50000.00,ข้าราชการ,2,ปกติ,13,0
L-25010,2023-10-14,13468.11,0.38,19,45,1,300000.00,อาชีพอิสระ,1,ปกติ,4,0
L-25477,2023-10-14,36084.33,0.383,209,33,2,150000.00,ข้าราชการ,1,ปกติ,24,0
L-26524,2023-10-14,25642.62,0.776,137,38,2,50000.00,ธุรกิจส่วนตัว,2,ปกติ,27,0
L-28865,2023-10-14,45453.94,0.659,86,30,1,200000.00,อาชีพอิสระ,0,ปิดบัญชีแล้ว,23,0
L-28985,2023-10-14,37133.43,0.461,168,44,3,500000.00,ธุรกิจส่วนตัว,1,ปิดบัญชีแล้ว,20,0
L-20413,2023-10-15,44125.14,0.394,159,28,6,200000.00,ธุรกิจส่วนตัว,1,ปกติ,1,0
L-20953,2023-10-15,26267.13,0.75,168,60,6,500000.00,ข้าราชการ,2,ปกติ,5,0
L-23110,2023-10-15,24160.16,0.434,111,45,0,200000.00,ข้าราชการ,2,ปกติ,20,0
L-23349,2023-10-15,22149.28,0.533,141,33,2,50000.00,อาชีพอิสระ,1,ปกติ,25,0
L-24119,2023-10-15,15593.80,0.336,235,57,3,300000.00,อาชีพอิสระ,1,ปกติ,9,0
L-25801,2023-10-15,17503.88,0.488,0,56,5,200000.00,ข้าราชการ,0,ปกติ,6,0
L-26142,2023-10-15,64716.89,0.41,140,28,4,300000.00,พนักงานประจำ,1,ปกติ,18,0
L-26518,2023-10-15,28014.26,0.02,127,55,1,50000.00,ธุรกิจส่วนตัว,0,ปกติ,3,0
L-31999,2023-10-15,51929.23,0.185,240,48,4,100000.00,อาชีพอิสระ,2,ปกติ,13,0
L-20677,2023-10-16,52910.06,0.252,239,40,4,300000.00,อาชีพอิสระ,1,ปกติ,17,0
L-21035,2023-10-16,15492.71,0.384,76,44,4,150000.00,อาชีพอิสระ,2,ปิดบัญชีแล้ว,4,0
L-24243,2023-10-16,13179.22,0.357,145,33,6,100000.00,ข้าราชการ,5,ค้างชำระ,138,1
L-25235,2023-10-16,30333.69,0.493,178,35,1,300000.00,ธุรกิจส่วนตัว,1,ปกติ,24,0
L-25683,2023-10-16,37616.32,0.655,26,65,4,300000.00,ธุรกิจส่วนตัว,7,ค้างชำระ,157,1
L-26210,2023-10-16,38035.88,0.02,175,52,4,200000.00,ข้าราชการ,1,ปกติ,11,0
L-28496,2023-10-16,27411.21,0.309,77,45,1,300000.00,ข้าราชการ,2,ปกติ,25,0
L-28729,2023-10-16,31968.33,0.408,111,55,0,500000.00,ธุรกิจส่วนตัว,1,ปกติ,22,0
L-30338,2023-10-16,51986.81,0.683,218,55,3,300000.00,อาชีพอิสระ,2,ปกติ,24,0
L-31081,2023-10-16,30188.50,0.569,167,60,6,500000.00,อาชีพอิสระ,1,ปกติ,27,0
L-31146,2023-10-16,27001.13,0.261,106,58,2,50000.00,อาชีพอิสระ,0,ปกติ,9,0
L-31983,2023-10-16,32486.35,0.171,112,22,5,150000.00,อาชีพอิสระ,0,ปิดบัญชีแล้ว,13,0
L-21953,2023-10-17,65431.73,0.271,177,64,2,500000.00,ข้าราชการ,2,ปกติ,19,0
L-22598,2023-10-17,38316.88,0.02,131,34,3,50000.00,พนักงานประจำ,1,ปกติ,30,0
L-23007,2023-10-17,32915.55,0.307,236,26,2,200000.00,พนักงานประจำ,1,ปกติ,22,0
L-24431,2023-10-17,60618.49,0.372,40,36,1,300000.00,ข้าราชการ,0,ปิดบัญชีแล้ว,27,0
L-25575,2023-10-17,9000.00,0.254,148,54,3,500000.00,พนักงานประจำ,2,ปกติ,4,0
L-26693,2023-10-17,9000.00,0.312,83,65,5,200000.00,พนักงานประจำ,1,ปกติ,29,0
L-29911,2023-10-17,35908.47,0.48,198,38,2,100000.00,อาชีพอิสระ,2,ปกติ,10,0
L-30097,2023-10-17,35030.40,0.548,95,46,2,100000.00,ธุรกิจส่วนตัว,1,ปกติ,11,0
L-22518,2023-10-18,9000.00,0.115,143,48,0,150000.00,ข้าราชการ,2,ปกติ,21,0
L-22552,2023-10-18,29306.19,0.426,40,30,0,50000.00,ข้าราชการ,0,ปกติ,1,0
L-22811,2023-10-18,9000.00,0.652,110,53,4,150000.00,พนักงานประจำ,0,ปิดบัญชีแล้ว,12,0
L-22952,2023-10-18,32764.00,0.574,210,56,4,150000.00,ข้าราชการ,2,ปิดบัญชีแล้ว,11,0
L-23310,2023-10-18,29068.96,0.574,177,26,5,500000.00,ธุรกิจส่วนตัว,0,ปกติ,8,0
L-23642,2023-10-18,43375.76,0.607,238,31,3,300000.00,อาชีพอิสระ,0,ปกติ,20,0
L-25668,2023-10-18,52712.85,0.239,96,59,1,300000.00,อาชีพอิสระ,2,ปิดบัญชีแล้ว,4,0
L-26172,2023-10-18,20066.15,0.196,183,21,4,150000.00,พนักงานประจำ,1,ปกติ,4,0
L-26258,2023-10-18,24249.70,0.08,61,48,3,300000.00,ธุรกิจส่วนตัว,0,ปกติ,12,0
L-26733,2023-10-18,39450.77,0.388,226,57,3,100000.00,ข้าราชการ,1,ปิดบัญชีแล้ว,20,0
L-27526,2023-10-18,16108.50,0.101,82,51,0,300000.00,พนักงานประจำ,0,ปิดบัญชีแล้ว,9,0
L-30276,2023-10-18,34740.37,0.233,34,44,2,200000.00,พนักงานประจำ,5,ค้างชำระ,63,1
L-20566,2023-10-19,38952.82,0.347,115,55,3,150000.00,พนักงานประจำ,2,ปิดบัญชีแล้ว,9,0
L-20607,2023-10-19,27388.70,0.395,64,24,1,500000.00,ข้าราชการ,2,ปกติ,12,0
L-20980,2023-10-19,65409.36,0.188,170,30,3,150000.00,พนักงานประจำ,0,ปกติ,1,0
L-21584,2023-10-19,15691.99,0.189,37,35,3,100000.00,ธุรกิจส่วนตัว,0,ปกติ,5,0
L-22467,2023-10-19,39420.24,0.401,0,49,1,300000.00,ข้าราชการ,2,ปกติ,1,0
L-22792,2023-10-19,32107.60,0.188,172,38,4,50000.00,ข้าราชการ,0,ปกติ,13,0
L-23429,2023-10-19,17686.88,0.283,201,43,0,50000.00,ธุรกิจส่วนตัว,2,ปิดบัญชีแล้ว,22,0
L-23503,2023-10-19,35803.83,0.735,93,23,4,300000.00,พนักงานประจำ,0,ปิดบัญชีแล้ว,19,0
L-23735,2023-10-19,11172.73,0.506,229,21,5,500000.00,ธุรกิจส่วนตัว,0,ปกติ,6,0
L-24171,2023-10-19,24421.51,0.096,114,50,6,150000.00,พนักงานประจำ,2,ปกติ,26,0
L-24839,2023-10-19,27809.03,0.149,178,50,6,150000.00,ธุรกิจส่วนตัว,2,ปกติ,1,0
L-25024,2023-10-19,25169.43,0.674,124,54,4,500000.00,ธุรกิจส่วนตัว,0,ปิดบัญชีแล้ว,4,0
L-25317,2023-10-19,21728.57,0.304,43,57,2,300000.00,พนักงานประจำ,0,ปกติ,28,0
L-25761,2023-10-19,26902.75,0.277,19,48,3,50000.00,อาชีพอิสระ,1,ปกติ,5,0
L-26613,2023-10-19,44273.96,0.399,144,32,6,150000.00,อาชีพอิสระ,1,ปกติ,14,0
L-26707,2023-10-19,9000.00,0.251,118,27,5,300000.00,อาชีพอิสระ,1,ปกติ,1,0
L-27970,2023-10-19,28614.16,0.154,44,56,3,100000.00,ข้าราชการ,2,ปิดบัญชีแล้ว,7,0
L-29223,2023-10-19,31648.90,0.491,169,35,3,150000.00,พนักงานประจำ,0,ปกติ,0,0
L-29838,2023-10-19,16003.60,0.395,129,31,4,300000.00,อาชีพอิสระ,9,ค้างชำระ,93,1
L-29853,2023-10-19,45305.20,0.376,182,21,1,50000.00,ธุรกิจส่วนตัว,1,ปิดบัญชีแล้ว,0,0
L-30159,2023-10-19,19518.40,0.305,31,29,2,100000.00,ข้าราชการ,1,ปกติ,19,0
L-30836,2023-10-19,51228.17,0.511,39,42,2,300000.00,อาชีพอิสระ,1,ปกติ,12,0
L-20711,2023-10-20,21930.58,0.213,232,33,0,200000.00,ข้าราชการ,1,ปิดบัญชีแล้ว,12,0
L-21305,2023-10-20,50820.40,0.425,177,64,4,500000.00,ข้าราชการ,0,ปกติ,24,0
L-21789,2023-10-20,27574.52,0.303,162,64,3,150000.00,อาชีพอิสระ,2,ปกติ,1,0
L-23499,2023-10-20,32305.69,0.625,61,53,4,300000.00,อาชีพอิสระ,1,ปิดบัญชีแล้ว,10,0
L-24280,2023-10-20,31889.10,0.246,76,45,6,200000.00,ข้าราชการ,0,ปกติ,29,0
L-24344,2023-10-20,43849.46,0.318,210,53,2,200000.00,ธุรกิจส่วนตัว,1,ปกติ,3,0
L-25310,2023-10-20,18843.62,0.099,136,42,3,200000.00,พนักงานประจำ,2,ปกติ,15,0
L-25622,2023-10-20,14033.40,0.417,47,25,6,200000.00,พนักงานประจำ,11,ค้างชำระ,160,1
L-27048,2023-10-20,14574.30,0.176,17,24,0,100000.00,พนักงานประจำ,0,ปกติ,0,0
L-30182,2023-10-20,31949.57,0.267,9,54,2,300000.00,อาชีพอิสระ,2,ปกติ,8,0
L-30883,2023-10-20,41886.12,0.358,212,64,3,500000.00,พนักงานประจำ,2,ปกติ,10,0
L-31753,2023-10-20,31808.80,0.722,74,64,1,500000.00,อาชีพอิสระ,1,ปิดบัญชีแล้ว,6,0
L-31949,2023-10-20,33152.93,0.596,32,64,3,500000.00,ธุรกิจส่วนตัว,1,ปกติ,1,0
L-20651,2023-10-21,41358.38,0.246,128,32,1,200000.00,พนักงานประจำ,1,ปกติ,5,0
L-22046,2023-10-21,45398.73,0.387,144,33,3,200000.00,อาชีพอิสระ,1,ปกติ,18,0
L-22088,2023-10-21,38446.14,0.47,146,40,5,500000.00,ข้าราชการ,0,ปกติ,10,0
L-23609,2023-10-21,39362.24,0.384,102,29,3,500000.00,ข้าราชการ,0,ปกติ,24,0
L-24130,2023-10-21,34417.55,0.383,107,63,1,100000.00,อาชีพอิสระ,2,ปิดบัญชีแล้ว,16,0
L-24478,2023-10-21,28541.56,0.195,64,33,0,300000.00,พนักงานประจำ,2,ปิดบัญชีแล้ว,20,0
L-26065,2023-10-21,40528.97,0.467,51,64,6,50000.00,ธุรกิจส่วนตัว,0,ปกติ,28,0
L-26417,2023-10-21,20284.89,0.279,24,55,6,150000.00,ธุรกิจส่วนตัว,0,ปกติ,10,0
L-26615,2023-10-21,26696.20,0.484,228,43,5,300000.00,ธุรกิจส่วนตัว,1,ปกติ,5,0
L-27824,2023-10-21,32802.19,0.458,8,37,5,200000.00,อาชีพอิสระ,2,ปกติ,1,0
L-28856,2023-10-21,55556.88,0.611,182,25,0,100000.00,อาชีพอิสระ,2,ปกติ,10,0
L-28969,2023-10-21,21415.73,0.031,221,32,6,50000.00,อาชีพอิสระ,0,ปกติ,28,0
L-29860,2023-10-21,16925.86,0.354,74,28,0,50000.00,อาชีพอิสระ,1,ปิดบัญชีแล้ว,9,0
L-30274,2023-10-21,14360.67,0.662,94,28,4,150000.00,พนักงานประจำ,0,ปกติ,24,0
L-30327,2023-10-21,26101.05,0.388,214,41,2,50000.00,ธุรกิจส่วนตัว,0,ปกติ,10,0
L-30444,2023-10-21,22847.30,0.216,155,35,4,100000.00,พนักงานประจำ,0,ปกติ,8,0
L-31171,2023-10-21,36604.22,0.357,76,52,5,300000.00,อาชีพอิสระ,1,ปกติ,18,0
L-31462,2023-10-21,36358.68,0.57,138,28,6,300000.00,พนักงานประจำ,1,ปกติ,9,0
L-20262,2023-10-22,12149.75,0.201,106,35,2,50000.00,ธุรกิจส่วนตัว,2,ปกติ,11,0
L-20373,2023-10-22,48880.41,0.439,46,53,1,150000.00,พนักงานประจำ,2,ปิดบัญชีแล้ว,23,0
L-20836,2023-10-22,53790.40,0.327,143,47,6,500000.00,ข้าราชการ,5,ค้างชำระ,69,1
L-21599,2023-10-22,38852.30,0.454,1,50,0,500000.00,ธุรกิจส่วนตัว,0,ปิดบัญชีแล้ว,7,0
L-23167,2023-10-22,42474.29,0.355,20,58,4,300000.00,อาชีพอิสระ,0,ปกติ,18,0
L-24025,2023-10-22,33553.19,0.319,21,54,2,50000.00,ข้าราชการ,1,ปกติ,10,0
L-25115,2023-10-22,40938.54,0.405,96,62,0,150000.00,ข้าราชการ,2,ปกติ,22,0
L-26336,2023-10-22,36063.71,0.114,111,55,2,500000.00,ข้าราชการ,2,ปกติ,7,0
L-26383,2023-10-22,9000.00,0.44,209,61,6,100000.00,ธุรกิจส่วนตัว,0,ปกติ,23,0
L-28357,2023-10-22,54614.76,0.025,62,61,5,200000.00,ข้าราชการ,0,ปิดบัญชีแล้ว,22,0
L-28614,2023-10-22,23992.36,0.428,20,44,5,200000.00,ข้าราชการ,4,ค้างชำระ,128,1
L-29120,2023-10-22,22931.11,0.39,192,43,1,150000.00,อาชีพอิสระ,0,ปกติ,5,0
L-29177,2023-10-22,40445.82,0.694,85,36,1,50000.00,ข้าราชการ,1,ปกติ,27,0
L-30776,2023-10-22,33388.78,0.273,198,62,0,300000.00,พนักงานประจำ,0,ปกติ,17,0
L-31130,2023-10-22,19895.17,0.282,159,24,6,200000.00,ธุรกิจส่วนตัว,1,ปกติ,26,0
L-20371,2023-10-23,9000.00,0.325,52,46,4,150000.00,พนักงานประจำ,1,ปกติ,3,0
L-20692,2023-10-23,41430.80,0.318,153,57,2,50000.00,ธุรกิจส่วนตัว,2,ปกติ,12,0
L-23160,2023-10-23,9000.00,0.252,214,38,1,50000.00,ธุรกิจส่วนตัว,0,ปกติ,6,0
L-23775,2023-10-23,49932.66,0.593,157,30,0,500000.00,ธุรกิจส่วนตัว,0,ปิดบัญชีแล้ว,17,0
L-24089,2023-10-23,16806.53,0.404,104,65,5,200000.00,พนักงานประจำ,2,ปกติ,21,0
L-24151,2023-10-23,27380.72,0.328,140,47,4,300000.00,พนักงานประจำ,10,ค้างชำระ,81,1
L-24346,2023-10-23,39050.06,0.699,87,39,3,500000.00,ข้าราชการ,2,ปกติ,2,0
L-25217,2023-10-23,26265.70,0.552,233,36,0,100000.00,ข้าราชการ,0,ปกติ,4,0
L-25942,2023-10-23,24118.84,0.274,79,60,0,300000.00,ข้าราชการ,2,ปกติ,28,0
L-26608,2023-10-23,39993.68,0.48,218,40,4,300000.00,ธุรกิจส่วนตัว,2,ปกติ,16,0
L-28070,2023-10-23,40716.36,0.332,229,39,1,100000.00,ข้าราชการ,1,ปกติ,16,0
L-28874,2023-10-23,9000.00,0.378,6,47,6,150000.00,พนักงานประจำ,2,ปกติ,28,0
L-29170,2023-10-23,40070.12,0.534,41,61,6,100000.00,ข้าราชการ,1,ปิดบัญชีแล้ว,18,0
L-29749,2023-10-23,28731.61,0.701,45,36,1,50000.00,ข้าราชการ,2,ปกติ,30,0
L-29814,2023-10-23,42923.37,0.355,230,25,1,50000.00,พนักงานประจำ,2,ปกติ,20,0
L-31265,2023-10-23,19455.64,0.238,180,21,0,500000.00,อาชีพอิสระ,2,ปกติ,14,0
L-21814,2023-10-24,22201.23,0.352,110,38,3,500000.00,พนักงานประจำ,0,ปกติ,0,0
L-22489,2023-10-24,41194.80,0.469,206,50,4,300000.00,ข้าราชการ,0,ปกติ,20,0
L-24073,2023-10-24,37864.66,0.348,16,42,3,300000.00,พนักงานประจำ,1,ปิดบัญชีแล้ว,4,0
L-24600,2023-10-24,22478.84,0.378,29,33,5,200000.00,อาชีพอิสระ,2,ปกติ,25,0
L-26565,2023-10-24,17850.29,0.403,221,48,3,200000.00,ข้าราชการ,0,ปกติ,3,0
L-26581,2023-10-24,41484.98,0.237,214,38,6,300000.00,ธุรกิจส่วนตัว,2,ปกติ,22,0
L-31086,2023-10-24,27838.32,0.283,235,30,5,500000.00,ธุรกิจส่วนตัว,1,ปกติ,1,0
L-31431,2023-10-24,56423.60,0.607,36,24,2,50000.00,พนักงานประจำ,0,ปกติ,20,0
L-23000,2023-10-25,18771.37,0.403,144,57,5,150000.00,อาชีพอิสระ,0,ปกติ,29,0
L-23178,2023-10-25,26205.53,0.276,175,37,5,500000.00,ธุรกิจส่วนตัว,0,ปิดบัญชีแล้ว,25,0
L-23667,2023-10-25,15382.44,0.286,54,35,0,500000.00,ข้าราชการ,0,ปิดบัญชีแล้ว,25,0
L-25644,2023-10-25,47710.54,0.336,193,53,4,500000.00,อาชีพอิสระ,2,ปกติ,4,0
L-25821,2023-10-25,33622.82,0.652,198,59,2,200000.00,ธุรกิจส่วนตัว,2,ปิดบัญชีแล้ว,23,0
L-25965,2023-10-25,10783.39,0.4,106,51,6,500000.00,ธุรกิจส่วนตัว,9,ค้างชำระ,124,1
L-26437,2023-10-25,39619.35,0.083,153,61,4,200000.00,อาชีพอิสระ,0,ปกติ,2,0
L-27758,2023-10-25,23880.09,0.496,157,63,2,500000.00,ธุรกิจส่วนตัว,2,ปกติ,24,0
L-28423,2023-10-25,22843.74,0.651,162,57,6,300000.00,อาชีพอิสระ,2,ปกติ,12,0
L-28648,2023-10-25,43040.91,0.267,223,63,6,300000.00,พนักงานประจำ,0,ปกติ,5,0
L-30608,2023-10-25,54670.45,0.808,21,26,4,50000.00,อาชีพอิสระ,2,ปกติ,14,0
L-30615,2023-10-25,43329.81,0.41,44,55,2,500000.00,อาชีพอิสระ,0,ปกติ,15,0
L-31838,2023-10-25,26944.49,0.424,179,23,6,300000.00,ข้าราชการ,8,ค้างชำระ,135,1
L-20593,2023-10-26,49603.95,0.58,192,57,6,100000.00,อาชีพอิสระ,0,ปกติ,9,0
L-20619,2023-10-26,34985.43,0.499,115,27,1,100000.00,อาชีพอิสระ,2,ปิดบัญชีแล้ว,25,0
L-21224,2023-10-26,20275.21,0.271,74,31,5,500000.00,อาชีพอิสระ,2,ปกติ,24,0
L-21754,2023-10-26,12729.63,0.416,126,36,6,300000.00,ข้าราชการ,1,ปกติ,4,0
L-21922,2023-10-26,10909.18,0.322,181,64,0,50000.00,อาชีพอิสระ,2,ปิดบัญชีแล้ว,3,0
L-23416,2023-10-26,30133.60,0.701,152,33,2,50000.00,ธุรกิจส่วนตัว,1,ปกติ,13,0
L-23485,2023-10-26,23387.91,0.155,128,64,0,500000.00,พนักงานประจำ,0,ปิดบัญชีแล้ว,29,0
L-23634,2023-10-26,16260.36,0.289,192,43,5,200000.00,พนักงานประจำ,0,ปกติ,24,0
L-24598,2023-10-26,32375.87,0.301,163,58,3,50000.00,ข้าราชการ,0,ปกติ,11,0
L-26533,2023-10-26,34160.00,0.274,165,25,0,150000.00,ธุรกิจส่วนตัว,0,ปกติ,14,0
L-27020,2023-10-26,23728.37,0.319,9,25,3,50000.00,พนักงานประจำ,2,ปิดบัญชีแล้ว,25,0
L-28229,2023-10-26,26400.07,0.351,20,51,6,300000.00,อาชีพอิสระ,0,ปกติ,30,0
L-28369,2023-10-26,9000.00,0.422,172,56,6,300000.00,ข้าราชการ,2,ปกติ,15,0
L-29022,2023-10-26,32494.76,0.414,178,39,1,300000.00,ธุรกิจส่วนตัว,2,ปิดบัญชีแล้ว,2,0
L-29428,2023-10-26,24636.95,0.403,63,39,5,150000.00,ธุรกิจส่วนตัว,0,ปกติ,24,0
L-30202,2023-10-26,27781.89,0.283,143,50,3,500000.00,ข้าราชการ,0,ปกติ,6,0
L-30472,2023-10-26,23279.17,0.36,115,36,1,150000.00,อาชีพอิสระ,0,ปิดบัญชีแล้ว,11,0
L-30487,2023-10-26,34320.70,0.198,194,53,2,200000.00,พนักงานประจำ,2,ปิดบัญชีแล้ว,30,0
L-31972,2023-10-26,13252.10,0.435,237,42,1,100000.00,ธุรกิจส่วนตัว,1,ปิดบัญชีแล้ว,11,0
L-21032,2023-10-27,46188.64,0.363,229,44,1,50000.00,พนักงานประจำ,0,ปกติ,7,0
L-21086,2023-10-27,32022.37,0.532,74,30,0,50000.00,พนักงานประจำ,2,ปกติ,19,0
L-22835,2023-10-27,9000.00,0.63,190,31,2,50000.00,ธุรกิจส่วนตัว,0,ปกติ,11,0
L-24306,2023-10-27,23357.06,0.034,226,42,4,200000.00,อาชีพอิสระ,2,ปกติ,11,0
L-26254,2023-10-27,27551.15,0.146,166,63,2,150000.00,อาชีพอิสระ,1,ปิดบัญชีแล้ว,19,0
L-26745,2023-10-27,46804.96,0.212,82,24,2,50000.00,ธุรกิจส่วนตัว,2,ปกติ,3,0
L-27042,2023-10-27,9000.00,0.373,100,59,3,300000.00,อาชีพอิสระ,2,ปิดบัญชีแล้ว,18,0
L-27736,2023-10-27,39475.52,0.565,99,46,2,200000.00,อาชีพอิสระ,1,ปกติ,1,0
L-29075,2023-10-27,31723.50,0.688,178,33,2,50000.00,พนักงานประจำ,2,ปกติ,17,0
L-29306,2023-10-27,29200.93,0.288,206,38,6,100000.00,ธุรกิจส่วนตัว,0,ปกติ,11,0
L-29392,2023-10-27,12111.10,0.46,14,25,1,50000.00,ธุรกิจส่วนตัว,2,ปกติ,3,0
L-29467,2023-10-27,9000.00,0.449,210,27,5,150000.00,ข้าราชการ,1,ปกติ,12,0
L-30915,2023-10-27,70256.45,0.315,5,64,0,100000.00,พนักงานประจำ,1,ปิดบัญชีแล้ว,7,0
L-31961,2023-10-27,30320.10,0.562,112,48,0,500000.00,ธุรกิจส่วนตัว,0,ปกติ,15,0
L-20826,2023-10-28,55976.32,0.722,66,47,2,300000.00,อาชีพอิสระ,2,ปกติ,1,0
L-21771,2023-10-28,47857.27,0.283,133,58,1,150000.00,พนักงานประจำ,0,ปกติ,16,0
L-22676,2023-10-28,14316.98,0.523,14,54,6,300000.00,ธุรกิจส่วนตัว,1,ปกติ,4,0
L-24927,2023-10-28,17066.80,0.127,117,29,2,150000.00,พนักงานประจำ,1,ปกติ,2,0
L-24953,2023-10-28,25983.30,0.332,119,30,6,500000.00,ข้าราชการ,2,ปิดบัญชีแล้ว,0,0
L-25087,2023-10-28,15033.30,0.417,117,35,1,500000.00,ธุรกิจส่วนตัว,2,ปกติ,29,0
L-25955,2023-10-28,55844.82,0.338,166,49,0,300000.00,อาชีพอิสระ,2,ปกติ,24,0
L-26732,2023-10-28,33096.10,0.309,19,40,5,500000.00,ธุรกิจส่วนตัว,0,ปิดบัญชีแล้ว,2,0
L-28713,2023-10-28,15052.13,0.47,105,36,1,100000.00,ข้าราชการ,1,ปกติ,23,0
L-29046,2023-10-28,33076.14,0.322,225,40,2,150000.00,พนักงานประจำ,2,ปกติ,16,0
L-21264,2023-10-29,31079.18,0.237,77,49,3,150000.00,ข้าราชการ,1,ปกติ,8,0
L-21341,2023-10-29,45057.11,0.379,216,48,5,500000.00,พนักงานประจำ,2,ปกติ,2,0
L-21377,2023-10-29,46206.61,0.54,111,37,2,500000.00,ธุรกิจส่วนตัว,0,ปกติ,27,0
L-22993,2023-10-29,68555.67,0.251,97,64,0,50000.00,อาชีพอิสระ,0,ปกติ,26,0
L-23787,2023-10-29,44793.78,0.341,234,23,1,200000.00,อาชีพอิสระ,1,ปกติ,7,0
L-24170,2023-10-29,21618.89,0.083,28,35,0,50000.00,อาชีพอิสระ,0,ปกติ,16,0
L-24725,2023-10-29,38233.46,0.322,115,51,6,500000.00,ข้าราชการ,2,ปกติ,4,0
L-25411,2023-10-29,55546.84,0.26,32,33,4,50000.00,ข้าราชการ,2,ปกติ,0,0
L-25596,2023-10-29,31536.76,0.262,122,57,2,50000.00,ข้าราชการ,2,ปิดบัญชีแล้ว,9,0
L-26551,2023-10-29,15123.69,0.474,99,23,2,50000.00,ข้าราชการ,1,ปิดบัญชีแล้ว,22,0
L-27378,2023-10-29,45303.68,0.234,219,32,0,300000.00,อาชีพอิสระ,0,ปกติ,14,0
L-27809,2023-10-29,25223.85,0.646,1,42,6,100000.00,พนักงานประจำ,2,ปิดบัญชีแล้ว,17,0
L-29529,2023-10-29,16192.41,0.3,143,63,5,300000.00,ข้าราชการ,0,ปกติ,24,0
L-30229,2023-10-29,37829.62,0.616,54,42,6,100000.00,ข้าราชการ,1,ปกติ,30,0
L-31594,2023-10-29,51204.05,0.455,16,61,2,50000.00,อาชีพอิสระ,0,ปกติ,13,0
L-21718,2023-10-30,40299.23,0.756,97,48,6,300000.00,ธุรกิจส่วนตัว,1,ปกติ,22,0
L-24137,2023-10-30,26865.16,0.411,92,59,3,300000.00,ธุรกิจส่วนตัว,0,ปิดบัญชีแล้ว,21,0
L-24184,2023-10-30,25054.83,0.412,85,61,5,200000.00,พนักงานประจำ,1,ปกติ,10,0
L-24620,2023-10-30,46879.24,0.02,175,35,4,300000.00,อาชีพอิสระ,2,ปกติ,22,0
L-24763,2023-10-30,41646.20,0.332,155,35,1,50000.00,ธุรกิจส่วนตัว,1,ปกติ,16,0
L-26218,2023-10-30,48362.60,0.377,38,59,2,200000.00,อาชีพอิสระ,1,ปกติ,15,0
L-26328,2023-10-30,11184.30,0.171,50,21,6,300000.00,อาชีพอิสระ,0,ปกติ,0,0
L-26790,2023-10-30,30721.41,0.309,217,26,1,50000.00,ธุรกิจส่วนตัว,0,ปิดบัญชีแล้ว,26,0
L-27488,2023-10-30,24095.76,0.338,124,32,2,300000.00,ธุรกิจส่วนตัว,2,ปกติ,12,0
L-29009,2023-10-30,27948.89,0.467,131,33,1,150000.00,ข้าราชการ,0,ปกติ,24,0
L-29595,2023-10-30,26627.98,0.463,48,45,6,500000.00,อาชีพอิสระ,2,ปกติ,6,0
L-30055,2023-10-30,17382.24,0.534,203,38,0,150000.00,อาชีพอิสระ,1,ปกติ,21,0
L-30408,2023-10-30,31623.04,0.357,49,46,0,200000.00,ธุรกิจส่วนตัว,0,ปกติ,23,0
L-30678,2023-10-30,20018.68,0.37,160,46,1,300000.00,พนักงานประจำ,2,ปกติ,2,0
L-30949,2023-10-30,9000.00,0.344,11,58,6,200000.00,ธุรกิจส่วนตัว,2,ปิดบัญชีแล้ว,9,0
L-20475,2023-10-31,28178.02,0.424,134,23,3,150000.00,ข้าราชการ,2,ปิดบัญชีแล้ว,19,0
L-21933,2023-10-31,31425.50,0.02,84,54,1,150000.00,พนักงานประจำ,1,ปกติ,1,0
L-23391,2023-10-31,13131.22,0.552,162,37,4,300000.00,ข้าราชการ,10,ค้างชำระ,60,1
L-25885,2023-10-31,20015.92,0.406,91,48,0,100000.00,ธุรกิจส่วนตัว,0,ปกติ,14,0
L-26236,2023-10-31,61114.54,0.424,233,27,3,100000.00,ธุรกิจส่วนตัว,0,ปกติ,18,0
L-27134,2023-10-31,13492.26,0.233,212,41,2,300000.00,อาชีพอิสระ,0,ปกติ,3,0
L-27198,2023-10-31,19356.97,0.297,51,26,0,100000.00,ธุรกิจส่วนตัว,1,ปกติ,4,0
L-27794,2023-10-31,9000.00,0.386,179,26,2,200000.00,พนักงานประจำ,0,ปกติ,25,0
L-27903,2023-10-31,27118.64,0.404,46,38,0,500000.00,อาชีพอิสระ,0,ปกติ,16,0
L-29771,2023-10-31,51833.96,0.143,219,46,5,500000.00,พนักงานประจำ,1,ปกติ,20,0
L-31123,2023-10-31,43533.53,0.489,97,39,1,50000.00,ข้าราชการ,0,ปกติ,11,0
L-31639,2023-10-31,25298.78,0.261,227,24,3,100000.00,ธุรกิจส่วนตัว,2,ปิดบัญชีแล้ว,22,0
L-31781,2023-10-31,42339.10,0.474,154,49,1,50000.00,พนักงานประจำ,2,ปกติ,24,0
L-21399,2023-11-01,17937.69,0.36,223,21,3,150000.00,พนักงานประจำ,0,ปิดบัญชีแล้ว,15,0
L-22886,2023-11-01,52973.45,0.584,123,21,2,100000.00,อาชีพอิสระ,2,ปกติ,4,0
L-25025,2023-11-01,62911.87,0.738,102,48,0,200000.00,ข้าราชการ,1,ปกติ,9,0
L-25487,2023-11-01,33190.56,0.128,182,61,5,100000.00,ข้าราชการ,2,ปกติ,10,0
L-26501,2023-11-01,23593.81,0.651,44,26,5,500000.00,ธุรกิจส่วนตัว,2,ปกติ,12,0
L-27646,2023-11-01,46738.78,0.417,220,41,3,200000.00,ธุรกิจส่วนตัว,1,ปิดบัญชีแล้ว,18,0
L-30793,2023-11-01,55707.87,0.667,31,43,1,100000.00,พนักงานประจำ,1,ปกติ,25,0
L-22276,2023-11-02,43629.43,0.036,196,25,5,300000.00,ข้าราชการ,2,ปกติ,22,0
L-24366,2023-11-02,25186.20,0.249,164,48,0,50000.00,ธุรกิจส่วนตัว,2,ปกติ,28,0
L-27323,2023-11-02,34349.50,0.174,16,35,0,100000.00,ข้าราชการ,0,ปิดบัญชีแล้ว,29,0
L-27384,2023-11-02,11950.43,0.247,40,65,1,500000.00,ข้าราชการ,0,ปิดบัญชีแล้ว,21,0
L-28657,2023-11-02,21927.63,0.625,181,57,3,500000.00,ข้าราชการ,1,ปกติ,4,0
L-30854,2023-11-02,28773.01,0.412,145,36,1,500000.00,ธุรกิจส่วนตัว,0,ปกติ,19,0
L-31354,2023-11-02,36799.26,0.237,171,32,3,150000.00,ข้าราชการ,1,ปิดบัญชีแล้ว,27,0
L-20718,2023-11-03,44984.27,0.616,125,62,6,300000.00,ธุรกิจส่วนตัว,1,ปกติ,18,0
L-20811,2023-11-03,33280.92,0.301,205,58,0,150000.00,ข้าราชการ,0,ปกติ,13,0
L-22164,2023-11-03,49708.42,0.461,163,58,5,500000.00,พนักงานประจำ,4,ค้างชำระ,121,1
L-23457,2023-11-03,54319.23,0.579,205,64,4,100000.00,พนักงานประจำ,1,ปกติ,24,0
L-25018,2023-11-03,31140.87,0.708,74,42,3,150000.00,อาชีพอิสระ,0,ปกติ,26,0
L-25621,2023-11-03,24239.92,0.468,184,61,2,200000.00,อาชีพอิสระ,2,ปิดบัญชีแล้ว,18,0
L-31053,2023-11-03,45084.90,0.355,99,31,5,100000.00,พนักงานประจำ,13,ค้างชำระ,120,1
L-31224,2023-11-03,51011.40,0.18,116,62,6,200000.00,อาชีพอิสระ,1,ปกติ,12,0
L-31299,2023-11-03,35744.73,0.337,79,26,5,500000.00,พนักงานประจำ,0,ปกติ,13,0
L-20496,2023-11-04,22364.59,0.427,36,42,4,100000.00,พนักงานประจำ,2,ปิดบัญชีแล้ว,17,0
L-20786,2023-11-04,34029.59,0.22,223,57,6,500000.00,พนักงานประจำ,2,ปกติ,14,0
L-22600,2023-11-04,38504.50,0.244,148,53,5,50000.00,ข้าราชการ,2,ปกติ,7,0
L-23432,2023-11-04,42849.81,0.167,50,23,5,500000.00,ข้าราชการ,1,ปกติ,8,0
L-23593,2023-11-04,37066.44,0.118,31,39,3,300000.00,ข้าราชการ,0,ปกติ,28,0
L-24757,2023-11-04,9000.00,0.489,148,35,3,100000.00,อาชีพอิสระ,2,ปกติ,18,0
L-26406,2023-11-04,16479.52,0.264,106,62,5,300000.00,อาชีพอิสระ,0,ปกติ,6,0
L-26696,2023-11-04,38172.61,0.521,50,46,6,150000.00,ข้าราชการ,0,ปกติ,10,0
L-26710,2023-11-04,29256.61,0.422,86,61,6,300000.00,ข้าราชการ,2,ปกติ,23,0
L-27523,2023-11-04,27429.54,0.396,6,65,0,500000.00,ธุรกิจส่วนตัว,2,ปกติ,28,0
L-28444,2023-11-04,27747.46,0.501,186,47,6,100000.00,ธุรกิจส่วนตัว,0,ปิดบัญชีแล้ว,18,0
L-29319,2023-11-04,40325.59,0.323,94,52,0,100000.00,อาชีพอิสระ,2,ปกติ,12,0
L-29678,2023-11-04,29172.33,0.475,82,42,4,50000.00,ข้าราชการ,0,ปิดบัญชีแล้ว,30,0
L-30535,2023-11-04,49362.00,0.475,192,62,2,100000.00,พนักงานประจำ,1,ปิดบัญชีแล้ว,22,0
L-31227,2023-11-04,23949.59,0.316,204,48,0,200000.00,ธุรกิจส่วนตัว,1,ปกติ,12,0
L-31629,2023-11-04,18808.97,0.306,186,48,3,150000.00,ธุรกิจส่วนตัว,2,ปกติ,15,0
L-22110,2023-11-05,30584.59,0.491,163,25,2,300000.00,อาชีพอิสระ,0,ปกติ,21,0
L-23026,2023-11-05,55150.11,0.198,26,28,4,100000.00,พนักงานประจำ,2,ปกติ,17,0
L-24152,2023-11-05,48585.97,0.02,81,52,2,300000.00,ข้าราชการ,0,ปกติ,3,0
L-25574,2023-11-05,44686.81,0.675,15,27,6,50000.00,พนักงานประจำ,2,ปกติ,24,0
L-25688,2023-11-05,34557.05,0.523,56,29,1,500000.00,พนักงานประจำ,1,ปกติ,7,0
L-26130,2023-11-05,45173.59,0.443,115,44,1,50000.00,ธุรกิจส่วนตัว,0,ปกติ,19,0
L-26624,2023-11-05,40538.22,0.456,7,42,0,100000.00,พนักงานประจำ,2,ปกติ,25,0
L-27022,2023-11-05,21487.48,0.246,51,38,2,200000.00,พนักงานประจำ,3,ค้างชำระ,78,1
L-27189,2023-11-05,18683.47,0.491,228,30,2,100000.00,ข้าราชการ,1,ปกติ,0,0
L-27353,2023-11-05,58008.95,0.391,152,59,4,50000.00,อาชีพอิสระ,0,ปกติ,1,0
L-27410,2023-11-05,16171.06,0.302,109,24,5,500000.00,ข้าราชการ,1,ปกติ,18,0
L-28912,2023-11-05,31121.19,0.213,139,52,2,500000.00,ธุรกิจส่วนตัว,0,ปกติ,11,0
L-29454,2023-11-05,41327.04,0.02,208,55,2,100000.00,พนักงานประจำ,2,ปิดบัญชีแล้ว,14,0
L-31329,2023-11-05,37640.05,0.045,218,63,5,50000.00,ธุรกิจส่วนตัว,2,ปกติ,2,0
L-31636,2023-11-05,39904.43,0.351,81,63,2,50000.00,พนักงานประจำ,1,ปกติ,30,0
L-31986,2023-11-05,41559.68,0.558,125,29,4,300000.00,อาชีพอิสระ,1,ปกติ,2,0
L-21079,2023-11-06,41035.44,0.324,34,24,3,200000.00,พนักงานประจำ,0,ปิดบัญชีแล้ว,28,0
L-23426,2023-11-06,51355.42,0.317,81,25,4,150000.00,อาชีพอิสระ,2,ปิดบัญชีแล้ว,8,0
L-25277,2023-11-06,30322.90,0.082,121,39,2,150000.00,พนักงานประจำ,0,ปกติ,13,0
L-27282,2023-11-06,11606.34,0.338,136,63,4,300000.00,อาชีพอิสระ,1,ปกติ,3,0
L-27977,2023-11-06,34995.84,0.107,99,45,0,200000.00,อาชีพอิสระ,0,ปกติ,15,0
L-28266,2023-11-06,31156.50,0.7,198,44,4,100000.00,อาชีพอิสระ,0,ปิดบัญชีแล้ว,0,0
L-29293,2023-11-06,40332.12,0.501,99,51,1,100000.00,อาชีพอิสระ,0,ปกติ,11,0
L-29554,2023-11-06,56220.77,0.617,92,60,2,150000.00,ข้าราชการ,2,ปกติ,16,0
L-29759,2023-11-06,22169.62,0.221,130,53,0,150000.00,ข้าราชการ,0,ปกติ,26,0
L-29890,2023-11-06,9000.00,0.56,202,31,5,500000.00,อาชีพอิสระ,1,ปกติ,14,0
L-30497,2023-11-06,18278.62,0.277,162,46,3,500000.00,ธุรกิจส่วนตัว,2,ปกติ,6,0
L-31205,2023-11-06,38021.45,0.305,134,25,3,150000.00,พนักงานประจำ,0,ปกติ,21,0
L-31621,2023-11-06,16521.97,0.248,75,24,0,300000.00,อาชีพอิสระ,1,ปกติ,10,0
L-20564,2023-11-07,31011.69,0.459,42,37,5,50000.00,ข้าราชการ,2,ปิดบัญชีแล้ว,30,0
L-24045,2023-11-07,28505.48,0.695,119,53,3,100000.00,ข้าราชการ,2,ปกติ,22,0
L-24955,2023-11-07,66651.02,0.324,34,47,6,100000.00,พนักงานประจำ,14,ค้างชำระ,114,1
L-25895,2023-11-07,26774.23,0.408,123,27,3,300000.00,ธุรกิจส่วนตัว,2,ปิดบัญชีแล้ว,17,0
L-28837,2023-11-07,22907.93,0.341,43,42,1,50000.00,ข้าราชการ,1,ปกติ,4,0
L-30839,2023-11-07,27890.47,0.584,193,48,5,150000.00,พนักงานประจำ,1,ปกติ,11,0
L-31180,2023-11-07,43381.34,0.283,240,59,4,50000.00,ธุรกิจส่วนตัว,1,ปกติ,0,0
L-21696,2023-11-08,9000.00,0.401,92,31,0,150000.00,อาชีพอิสระ,1,ปกติ,25,0
L-21790,2023-11-08,41750.44,0.177,192,61,4,500000.00,อาชีพอิสระ,1,ปกติ,6,0
L-22047,2023-11-08,9000.00,0.716,174,54,2,50000.00,ข้าราชการ,2,ปกติ,12,0
L-22745,2023-11-08,26742.86,0.476,152,47,2,500000.00,พนักงานประจำ,0,ปกติ,12,0
L-23630,2023-11-08,9000.00,0.394,96,25,1,100000.00,อาชีพอิสระ,0,ปกติ,2,0
L-25417,2023-11-08,26114.27,0.747,28,63,4,50000.00,อาชีพอิสระ,5,ค้างชำระ,161,1
L-25816,2023-11-08,34331.27,0.824,138,44,0,150000.00,พนักงานประจำ,2,ปกติ,9,0
L-27703,2023-11-08,44111.89,0.466,37,46,2,150000.00,ธุรกิจส่วนตัว,1,ปกติ,25,0
L-27764,2023-11-08,38297.44,0.478,25,49,4,200000.00,พนักงานประจำ,1,ปกติ,7,0
L-28224,2023-11-08,34881.61,0.429,39,38,2,100000.00,ข้าราชการ,1,ปิดบัญชีแล้ว,7,0
L-28694,2023-11-08,10691.53,0.39,57,43,5,200000.00,ข้าราชการ,0,ปกติ,2,0
L-29437,2023-11-08,32433.44,0.431,190,29,6,200000.00,พนักงานประจำ,2,ปกติ,21,0
L-30397,2023-11-08,18743.24,0.326,122,49,6,300000.00,อาชีพอิสระ,1,ปกติ,16,0
L-30547,2023-11-08,28505.29,0.555,229,56,5,500000.00,อาชีพอิสระ,6,ค้างชำระ,135,1
L-30700,2023-11-08,29791.13,0.17,100,22,0,200000.00,อาชีพอิสระ,0,ปกติ,11,0
L-31717,2023-11-08,27575.58,0.274,235,45,3,500000.00,ข้าราชการ,0,ปิดบัญชีแล้ว,2,0
L-31925,2023-11-08,46384.49,0.258,17,39,4,150000.00,ข้าราชการ,2,ปกติ,15,0
L-23135,2023-11-09,31758.37,0.745,43,54,3,150000.00,ข้าราชการ,11,ค้างชำระ,160,1
L-23611,2023-11-09,25859.18,0.154,6,29,2,500000.00,พนักงานประจำ,0,ปกติ,16,0
L-24861,2023-11-09,23050.07,0.36,21,60,2,500000.00,อาชีพอิสระ,9,ค้างชำระ,171,1
L-26423,2023-11-09,17769.67,0.459,57,55,1,300000.00,ข้าราชการ,0,ปิดบัญชีแล้ว,15,0
L-26803,2023-11-09,58515.95,0.302,42,37,5,150000.00,พนักงานประจำ,2,ปกติ,19,0
L-26823,2023-11-09,49776.22,0.409,160,45,1,150000.00,พนักงานประจำ,1,ปกติ,9,0
L-26938,2023-11-09,19999.58,0.622,34,31,0,500000.00,พนักงานประจำ,0,ปกติ,30,0
L-27201,2023-11-09,17355.99,0.656,183,47,3,150000.00,ข้าราชการ,0,ปกติ,6,0
L-28359,2023-11-09,42336.12,0.777,217,23,3,100000.00,ข้าราชการ,0,ปกติ,5,0
L-28580,2023-11-09,9000.00,0.479,96,29,4,500000.00,พนักงานประจำ,1,ปิดบัญชีแล้ว,18,0
L-31142,2023-11-09,9000.00,0.191,68,31,1,50000.00,ข้าราชการ,2,ปกติ,14,0
L-20641,2023-11-10,44580.63,0.657,160,39,2,500000.00,ธุรกิจส่วนตัว,0,ปกติ,30,0
L-21330,2023-11-10,56030.56,0.31,154,56,1,50000.00,ข้าราชการ,0,ปกติ,26,0
L-21502,2023-11-10,37756.57,0.101,123,35,3,100000.00,ข้าราชการ,0,ปิดบัญชีแล้ว,29,0
L-22436,2023-11-10,46908.26,0.323,178,21,3,500000.00,ข้าราชการ,1,ปกติ,12,0
L-22800,2023-11-10,26872.03,0.479,54,61,1,200000.00,พนักงานประจำ,2,ปกติ,12,0
L-23812,2023-11-10,50304.60,0.282,64,64,4,150000.00,อาชีพอิสระ,2,ปิดบัญชีแล้ว,14,0
L-24202,2023-11-10,37649.48,0.188,172,27,1,50000.00,ธุรกิจส่วนตัว,2,ปกติ,28,0
L-24603,2023-11-10,43148.28,0.345,159,64,5,300000.00,ธุรกิจส่วนตัว,1,ปกติ,16,0
L-25293,2023-11-10,44577.39,0.21,44,54,0,500000.00,ธุรกิจส่วนตัว,0,ปกติ,16,0
L-27212,2023-11-10,13549.42,0.349,163,58,2,100000.00,พนักงานประจำ,0,ปกติ,28,0
L-27795,2023-11-10,32967.98,0.159,73,35,6,500000.00,อาชีพอิสระ,1,ปกติ,23,0
L-29333,2023-11-10,9000.00,0.322,229,48,0,300000.00,พนักงานประจำ,1,ปกติ,16,0
L-30930,2023-11-10,36996.87,0.529,101,51,4,100000.00,พนักงานประจำ,2,ปกติ,6,0
L-31555,2023-11-10,26239.99,0.426,210,52,6,100000.00,ธุรกิจส่วนตัว,0,ปกติ,29,0
L-21044,2023-11-11,42622.90,0.479,178,55,6,150000.00,พนักงานประจำ,0,ปิดบัญชีแล้ว,29,0
L-26100,2023-11-11,27943.93,0.02,78,33,4,50000.00,ธุรกิจส่วนตัว,2,ปกติ,9,0
L-26603,2023-11-11,38532.45,0.446,25,36,0,150000.00,ธุรกิจส่วนตัว,0,ปกติ,17,0
L-26731,2023-11-11,40247.90,0.217,21,26,3,500000.00,พนักงานประจำ,2,ปกติ,5,0
L-28386,2023-11-11,51026.11,0.348,95,40,5,100000.00,ข้าราชการ,0,ปกติ,12,0
L-28617,2023-11-11,30436.50,0.144,64,37,0,300000.00,ข้าราชการ,2,ปิดบัญชีแล้ว,15,0
L-29485,2023-11-11,25613.05,0.652,10,45,6,200000.00,ข้าราชการ,1,ปิดบัญชีแล้ว,21,0
L-29961,2023-11-11,15466.83,0.622,113,50,1,50000.00,อาชีพอิสระ,0,ปกติ,8,0
L-31501,2023-11-11,33153.75,0.244,83,62,4,500000.00,อาชีพอิสระ,2,ปกติ,4,0
L-20215,2023-11-12,27028.62,0.583,77,37,1,150000.00,อาชีพอิสระ,1,ปกติ,21,0
L-20508,2023-11-12,37117.96,0.313,187,38,4,300000.00,พนักงานประจำ,0,ปกติ,25,0
L-20729,2023-11-12,23647.00,0.45,174,44,5,200000.00,พนักงานประจำ,1,ปิดบัญชีแล้ว,13,0
L-20961,2023-11-12,24408.18,0.645,32,42,0,300000.00,ธุรกิจส่วนตัว,0,ปกติ,16,0
L-21880,2023-11-12,22774.92,0.738,235,61,6,200000.00,อาชีพอิสระ,2,ปกติ,12,0
L-22429,2023-11-12,35538.91,0.387,49,64,2,100000.00,พนักงานประจำ,0,ปกติ,30,0
L-22942,2023-11-12,37300.23,0.172,112,49,0,100000.00,พนักงานประจำ,0,ปิดบัญชีแล้ว,29,0
L-24334,2023-11-12,22253.32,0.299,37,40,6,200000.00,พนักงานประจำ,5,ค้างชำระ,53,1
L-25819,2023-11-12,18456.24,0.64,94,34,2,200000.00,อาชีพอิสระ,0,ปกติ,9,0
L-26448,2023-11-12,33800.44,0.336,203,54,1,500000.00,อาชีพอิสระ,1,ปกติ,8,0
L-28245,2023-11-12,9000.00,0.411,25,57,4,50000.00,ข้าราชการ,0,ปกติ,9,0
L-28620,2023-11-12,39948.52,0.668,162,65,1,100000.00,ข้าราชการ,0,ปิดบัญชีแล้ว,5,0
L-29597,2023-11-12,55193.97,0.067,133,62,2,100000.00,ข้าราชการ,0,ปกติ,8,0
L-30253,2023-11-12,19654.92,0.389,87,50,4,150000.00,ธุรกิจส่วนตัว,2,ปกติ,20,0
L-31285,2023-11-12,48722.20,0.058,111,44,1,300000.00,ธุรกิจส่วนตัว,2,ปกติ,3,0
L-20329,2023-11-13,24893.29,0.667,16,36,6,200000.00,พนักงานประจำ,0,ปกติ,13,0
L-21791,2023-11-13,36624.46,0.114,214,30,5,500000.00,อาชีพอิสระ,5,ค้างชำระ,111,1
L-23881,2023-11-13,30589.21,0.431,16,23,3,500000.00,พนักงานประจำ,2,ปกติ,6,0
L-26371,2023-11-13,44603.17,0.326,29,21,5,50000.00,พนักงานประจำ,1,ปกติ,9,0
L-29712,2023-11-13,29764.44,0.221,196,56,0,150000.00,พนักงานประจำ,2,ปกติ,12,0
L-30711,2023-11-13,54859.20,0.327,220,37,6,200000.00,พนักงานประจำ,0,ปกติ,6,0
L-21129,2023-11-14,33675.50,0.495,124,38,3,50000.00,อาชีพอิสระ,2,ปกติ,0,0
L-22153,2023-11-14,27328.17,0.256,169,64,6,300000.00,อาชีพอิสระ,2,ปิดบัญชีแล้ว,6,0
L-23284,2023-11-14,29889.27,0.911,144,34,0,150000.00,ธุรกิจส่วนตัว,2,ปกติ,19,0
L-24053,2023-11-14,29953.91,0.175,110,51,5,500000.00,ข้าราชการ,1,ปกติ,1,0
L-26672,2023-11-14,24071.35,0.336,51,31,0,500000.00,ข้าราชการ,0,ปกติ,11,0
L-27682,2023-11-14,41708.31,0.438,224,62,5,200000.00,อาชีพอิสระ,2,ปกติ,1,0
L-28287,2023-11-14,32591.21,0.16,202,33,2,50000.00,อาชีพอิสระ,0,ปิดบัญชีแล้ว,26,0
L-30003,2023-11-14,38649.38,0.261,36,26,1,100000.00,พนักงานประจำ,0,ปิดบัญชีแล้ว,28,0
L-30840,2023-11-14,44809.24,0.721,49,61,4,100000.00,อาชีพอิสระ,0,ปิดบัญชีแล้ว,17,0
L-31358,2023-11-14,13357.84,0.452,165,64,2,300000.00,พนักงานประจำ,0,ปกติ,22,0
L-31840,2023-11-14,41809.65,0.696,143,56,4,50000.00,ธุรกิจส่วนตัว,1,ปกติ,7,0
L-21961,2023-11-15,29136.88,0.583,77,28,4,150000.00,ธุรกิจส่วนตัว,2,ปกติ,13,0
L-22665,2023-11-15,16581.22,0.507,18,39,1,300000.00,พนักงานประจำ,1,ปกติ,8,0
L-22783,2023-11-15,33054.12,0.463,72,46,3,150000.00,อาชีพอิสระ,1,ปกติ,24,0
L-22987,2023-11-15,32650.14,0.299,161,62,1,200000.00,ธุรกิจส่วนตัว,0,ปกติ,11,0
L-24870,2023-11-15,12281.93,0.664,99,37,0,150000.00,อาชีพอิสระ,2,ปกติ,26,0
L-25937,2023-11-15,27197.44,0.579,199,50,6,150000.00,ข้าราชการ,1,ปิดบัญชีแล้ว,3,0
L-30554,2023-11-15,51003.48,0.348,42,43,6,200000.00,อาชีพอิสระ,2,ปกติ,9,0
L-20251,2023-11-16,41752.04,0.437,208,45,6,500000.00,ข้าราชการ,0,ปิดบัญชีแล้ว,3,0
L-20728,2023-11-16,35737.11,0.411,32,43,4,50000.00,ธุรกิจส่วนตัว,2,ปกติ,29,0
L-21075,2023-11-16,29448.45,0.593,95,29,3,150000.00,ธุรกิจส่วนตัว,1,ปิดบัญชีแล้ว,21,0
L-21259,2023-11-16,20267.30,0.279,134,57,3,50000.00,ธุรกิจส่วนตัว,2,ปกติ,15,0
L-22180,2023-11-16,9000.00,0.525,81,52,3,100000.00,ข้าราชการ,1,ปกติ,27,0
L-22599,2023-11-16,32771.02,0.504,50,30,3,50000.00,ข้าราชการ,7,ค้างชำระ,134,1
L-23376,2023-11-16,32473.81,0.461,184,30,3,300000.00,พนักงานประจำ,2,ปิดบัญชีแล้ว,21,0
L-23633,2023-11-16,41901.78,0.372,117,55,3,150000.00,ข้าราชการ,2,ปกติ,12,0
L-24837,2023-11-16,30294.49,0.481,153,57,2,300000.00,พนักงานประจำ,1,ปิดบัญชีแล้ว,21,0
L-24967,2023-11-16,37275.39,0.394,232,63,2,200000.00,อาชีพอิสระ,1,ปกติ,16,0
L-25374,2023-11-16,23090.33,0.169,106,26,3,300000.00,ข้าราชการ,1,ปกติ,30,0
L-25739,2023-11-16,12439.96,0.369,233,61,2,50000.00,พนักงานประจำ,1,ปกติ,11,0
L-27082,2023-11-16,44038.96,0.762,170,30,3,150000.00,ข้าราชการ,0,ปกติ,0,0
L-27595,2023-11-16,30901.68,0.352,178,22,2,150000.00,ธุรกิจส่วนตัว,1,ปกติ,29,0
L-27839,2023-11-16,46282.53,0.077,189,58,4,150000.00,ข้าราชการ,0,ปกติ,18,0
L-28121,2023-11-16,25629.42,0.893,66,53,5,200000.00,พนักงานประจำ,2,ปกติ,4,0
L-29130,2023-11-16,42654.87,0.417,143,53,3,150000.00,ธุรกิจส่วนตัว,2,ปกติ,18,0
L-29399,2023-11-16,14995.76,0.02,69,39,4,200000.00,ธุรกิจส่วนตัว,0,ปกติ,8,0
L-30541,2023-11-16,49257.59,0.194,190,63,3,200000.00,ธุรกิจส่วนตัว,1,ปกติ,8,0
L-30634,2023-11-16,43193.48,0.211,128,50,0,50000.00,พนักงานประจำ,1,ปกติ,19,0
L-31808,2023-11-16,43286.45,0.583,182,36,5,200000.00,ธุรกิจส่วนตัว,2,ปกติ,2,0
L-20363,2023-11-17,33973.71,0.225,194,51,0,500000.00,อาชีพอิสระ,1,ปกติ,16,0
L-21059,2023-11-17,12142.32,0.465,187,37,2,300000.00,ธุรกิจส่วนตัว,2,ปกติ,23,0
L-21631,2023-11-17,21302.42,0.321,182,46,3,500000.00,ข้าราชการ,0,ปกติ,25,0
L-22135,2023-11-17,32005.36,0.286,141,34,5,300000.00,ข้าราชการ,1,ปกติ,5,0
L-22191,2023-11-17,62659.41,0.559,120,49,5,200000.00,ธุรกิจส่วนตัว,0,ปกติ,22,0
L-22488,2023-11-17,31630.10,0.464,159,58,2,50000.00,ข้าราชการ,2,ปกติ,23,0
L-23568,2023-11-17,37729.65,0.187,61,23,4,200000.00,พนักงานประจำ,1,ปกติ,14,0
L-25578,2023-11-17,52476.38,0.231,46,51,4,50000.00,ข้าราชการ,0,ปกติ,8,0
L-27990,2023-11-17,34530.49,0.271,114,31,2,100000.00,ธุรกิจส่วนตัว,2,ปกติ,25,0
L-28011,2023-11-17,23437.75,0.282,104,36,2,150000.00,ข้าราชการ,1,ปกติ,29,0
L-31902,2023-11-17,44251.40,0.301,64,55,4,150000.00,พนักงานประจำ,0,ปกติ,2,0
L-21663,2023-11-18,40420.66,0.159,157,21,6,200000.00,ธุรกิจส่วนตัว,2,ปิดบัญชีแล้ว,23,0
L-23762,2023-11-18,23197.83,0.532,104,49,1,100000.00,ธุรกิจส่วนตัว,0,ปกติ,15,0
L-23990,2023-11-18,41552.20,0.259,12,46,3,50000.00,ข้าราชการ,2,ปกติ,1,0
L-24198,2023-11-18,15326.03,0.453,142,62,4,150000.00,ธุรกิจส่วนตัว,0,ปิดบัญชีแล้ว,28,0
L-24802,2023-11-18,32666.40,0.02,235,52,4,300000.00,ข้าราชการ,2,ปกติ,21,0
L-25518,2023-11-18,28938.25,0.26,122,44,2,100000.00,ข้าราชการ,2,ปกติ,18,0
L-25550,2023-11-18,42776.83,0.595,48,47,4,300000.00,พนักงานประจำ,9,ค้างชำระ,84,1
L-25945,2023-11-18,16510.79,0.369,84,32,6,500000.00,ข้าราชการ,1,ปิดบัญชีแล้ว,13,0
L-27013,2023-11-18,22500.25,0.827,41,45,5,50000.00,ธุรกิจส่วนตัว,1,ปกติ,18,0
L-27123,2023-11-18,48533.52,0.199,226,59,1,50000.00,พนักงานประจำ,2,ปกติ,21,0
L-28598,2023-11-18,29353.27,0.291,204,39,0,200000.00,ข้าราชการ,1,ปกติ,2,0
L-31145,2023-11-18,22269.77,0.252,218,53,6,200000.00,อาชีพอิสระ,2,ปิดบัญชีแล้ว,10,0
L-31760,2023-11-18,35828.63,0.668,25,51,3,200000.00,ธุรกิจส่วนตัว,1,ปิดบัญชีแล้ว,11,0
L-20018,2023-11-19,32010.36,0.112,76,51,2,200000.00,ธุรกิจส่วนตัว,2,ปกติ,10,0
L-20912,2023-11-19,9000.00,0.525,103,41,6,100000.00,อาชีพอิสระ,0,ปกติ,5,0
L-22196,2023-11-19,14672.42,0.02,194,36,2,150000.00,อาชีพอิสระ,2,ปกติ,10,0
L-22690,2023-11-19,28651.95,0.528,150,25,3,100000.00,พนักงานประจำ,0,ปกติ,4,0
L-23032,2023-11-19,45110.61,0.626,215,58,5,500000.00,อาชีพอิสระ,1,ปกติ,20,0
L-23226,2023-11-19,34494.70,0.32,216,65,4,50000.00,อาชีพอิสระ,2,ปิดบัญชีแล้ว,28,0
L-24983,2023-11-19,38995.64,0.271,29,22,0,300000.00,ข้าราชการ,1,ปิดบัญชีแล้ว,9,0
L-25783,2023-11-19,44735.38,0.059,139,57,2,500000.00,ข้าราชการ,2,ปิดบัญชีแล้ว,19,0
L-27513,2023-11-19,48855.55,0.161,159,57,3,200000.00,ข้าราชการ,2,ปกติ,5,0
L-27789,2023-11-19,20590.68,0.307,213,64,6,100000.00,ข้าราชการ,2,ปกติ,13,0
L-27817,2023-11-19,23070.00,0.757,54,35,6,100000.00,ข้าราชการ,13,ค้างชำระ,157,1
L-27882,2023-11-19,11204.58,0.505,111,43,5,200000.00,พนักงานประจำ,0,ปกติ,5,0
L-27971,2023-11-19,40383.43,0.419,184,26,6,300000.00,ธุรกิจส่วนตัว,12,ค้างชำระ,169,1
L-28048,2023-11-19,17232.36,0.093,0,30,0,500000.00,ข้าราชการ,1,ปิดบัญชีแล้ว,8,0
L-28151,2023-11-19,35605.79,0.575,29,65,1,100000.00,ข้าราชการ,0,ปกติ,20,0
L-28404,2023-11-19,38593.12,0.02,125,62,5,200000.00,อาชีพอิสระ,0,ปกติ,16,0
L-28582,2023-11-19,26976.95,0.354,37,43,6,150000.00,พนักงานประจำ,1,ปกติ,17,0
L-29416,2023-11-19,23333.42,0.479,233,53,0,300000.00,อาชีพอิสระ,2,ปกติ,8,0
L-30332,2023-11-19,38995.62,0.437,11,21,5,200000.00,อาชีพอิสระ,2,ปิดบัญชีแล้ว,9,0
L-20498,2023-11-20,43623.96,0.39,121,60,0,500000.00,ข้าราชการ,1,ปิดบัญชีแล้ว,27,0
L-21155,2023-11-20,28553.29,0.221,67,64,2,100000.00,พนักงานประจำ,1,ปิดบัญชีแล้ว,3,0
L-21747,2023-11-20,28063.41,0.349,42,49,2,150000.00,อาชีพอิสระ,2,ปิดบัญชีแล้ว,10,0
L-23051,2023-11-20,28713.84,0.589,106,58,1,500000.00,ข้าราชการ,1,ปกติ,23,0
L-25744,2023-11-20,30577.76,0.654,191,64,4,150000.00,อาชีพอิสระ,1,ปิดบัญชีแล้ว,18,0
L-26779,2023-11-20,47921.04,0.342,196,22,4,100000.00,พนักงานประจำ,2,ปกติ,16,0
L-26955,2023-11-20,25564.96,0.443,193,26,0,500000.00,พนักงานประจำ,2,ปกติ,27,0
L-27535,2023-11-20,23656.67,0.417,112,58,5,150000.00,ข้าราชการ,2,ปกติ,23,0
L-30054,2023-11-20,17633.41,0.19,140,51,6,100000.00,พนักงานประจำ,2,ปกติ,23,0
L-20565,2023-11-21,36023.63,0.279,168,47,2,100000.00,ข้าราชการ,0,ปกติ,6,0
L-20762,2023-11-21,43509.89,0.512,1,34,0,200000.00,พนักงานประจำ,1,ปกติ,26,0
L-23581,2023-11-21,11908.17,0.175,219,29,0,300000.00,พนักงานประจำ,0,ปกติ,11,0
L-23945,2023-11-21,38490.35,0.2,71,56,0,500000.00,ธุรกิจส่วนตัว,1,ปกติ,14,0
L-23967,2023-11-21,30925.68,0.455,1,47,6,100000.00,ธุรกิจส่วนตัว,0,ปิดบัญชีแล้ว,21,0
L-24557,2023-11-21,33437.44,0.488,217,46,2,150000.00,พนักงานประจำ,8,ค้างชำระ,167,1
L-24646,2023-11-21,26591.81,0.079,11,50,6,50000.00,ข้าราชการ,2,ปกติ,0,0
L-26381,2023-11-21,46225.98,0.366,96,22,0,200000.00,อาชีพอิสระ,0,ปกติ,0,0
L-26805,2023-11-21,36693.38,0.433,15,50,6,50000.00,ข้าราชการ,0,ปิดบัญชีแล้ว,14,0
L-27003,2023-11-21,43531.91,0.451,147,36,3,200000.00,ข้าราชการ,0,ปกติ,6,0
L-29031,2023-11-21,39074.90,0.351,52,49,3,150000.00,ธุรกิจส่วนตัว,0,ปกติ,19,0
L-30214,2023-11-21,25581.14,0.393,165,64,2,50000.00,อาชีพอิสระ,1,ปิดบัญชีแล้ว,14,0
L-30950,2023-11-21,30014.64,0.342,70,21,5,300000.00,ข้าราชการ,2,ปกติ,19,0
L-20790,2023-11-22,34491.14,0.15,66,38,4,100000.00,อาชีพอิสระ,2,ปกติ,14,0
L-20802,2023-11-22,39368.70,0.389,105,48,0,50000.00,ข้าราชการ,2,ปกติ,30,0
L-21562,2023-11-22,18838.50,0.377,0,24,2,200000.00,พนักงานประจำ,0,ปกติ,1,0
L-21623,2023-11-22,59025.16,0.511,186,46,3,300000.00,อาชีพอิสระ,0,ปกติ,3,0
L-22546,2023-11-22,28993.90,0.502,142,35,4,200000.00,ธุรกิจส่วนตัว,0,ปกติ,29,0
L-23097,2023-11-22,20905.61,0.115,14,24,1,100000.00,อาชีพอิสระ,4,ค้างชำระ,121,1
L-23208,2023-11-22,9000.00,0.645,22,45,3,150000.00,พนักงานประจำ,3,ค้างชำระ,80,1
L-23937,2023-11-22,41162.06,0.164,163,60,5,300000.00,ธุรกิจส่วนตัว,1,ปกติ,30,0
L-27879,2023-11-22,26490.95,0.253,152,41,6,300000.00,พนักงานประจำ,0,ปกติ,1,0
L-27887,2023-11-22,42514.61,0.453,196,37,2,50000.00,อาชีพอิสระ,1,ปิดบัญชีแล้ว,25,0
L-28195,2023-11-22,37810.93,0.588,185,45,6,500000.00,ธุรกิจส่วนตัว,1,ปิดบัญชีแล้ว,26,0
L-28259,2023-11-22,14099.11,0.398,109,24,0,500000.00,อาชีพอิสระ,0,ปิดบัญชีแล้ว,8,0
L-29882,2023-11-22,36595.45,0.403,4,24,6,500000.00,ข้าราชการ,1,ปกติ,6,0
L-30773,2023-11-22,34181.22,0.219,200,23,4,100000.00,ธุรกิจส่วนตัว,2,ปกติ,9,0
L-31771,2023-11-22,23759.35,0.45,224,40,3,300000.00,ข้าราชการ,2,ปิดบัญชีแล้ว,13,0
L-22517,2023-11-23,49497.12,0.059,182,35,0,300000.00,อาชีพอิสระ,1,ปกติ,29,0
L-22715,2023-11-23,27970.13,0.196,120,46,0,100000.00,ธุรกิจส่วนตัว,2,ปกติ,30,0
L-22786,2023-11-23,46178.27,0.259,143,56,2,150000.00,พนักงานประจำ,1,ปกติ,21,0
L-23393,2023-11-23,38339.63,0.201,73,53,0,500000.00,ข้าราชการ,1,ปกติ,13,0
L-23659,2023-11-23,34383.65,0.264,159,36,5,300000.00,ธุรกิจส่วนตัว,2,ปกติ,3,0
L-25760,2023-11-23,39822.36,0.505,0,42,4,500000.00,ข้าราชการ,1,ปิดบัญชีแล้ว,27,0
L-26496,2023-11-23,37150.28,0.443,42,40,6,150000.00,ธุรกิจส่วนตัว,1,ปิดบัญชีแล้ว,9,0
L-26958,2023-11-23,25524.69,0.136,49,32,3,500000.00,พนักงานประจำ,2,ปกติ,3,0
L-28336,2023-11-23,39908.05,0.28,205,57,6,300000.00,ข้าราชการ,0,ปกติ,26,0
L-28918,2023-11-23,28491.26,0.02,145,63,2,50000.00,ธุรกิจส่วนตัว,2,ปกติ,9,0
L-29831,2023-11-23,34716.79,0.377,67,56,3,300000.00,อาชีพอิสระ,2,ปิดบัญชีแล้ว,19,0
L-30617,2023-11-23,32345.05,0.58,54,57,6,150000.00,อาชีพอิสระ,1,ปกติ,15,0
L-31085,2023-11-23,9000.00,0.129,213,53,3,200000.00,พนักงานประจำ,1,ปกติ,0,0
L-31465,2023-11-23,23064.51,0.507,113,33,4,50000.00,อาชีพอิสระ,1,ปกติ,14,0
L-31837,2023-11-23,48833.05,0.442,27,23,1,200000.00,พนักงานประจำ,0,ปกติ,0,0
L-21352,2023-11-24,43093.69,0.155,128,36,4,100000.00,อาชีพอิสระ,1,ปิดบัญชีแล้ว,23,0
L-22412,2023-11-24,36619.71,0.704,145,26,2,200000.00,พนักงานประจำ,2,ปิดบัญชีแล้ว,20,0
L-22895,2023-11-24,27841.31,0.587,157,45,1,150000.00,ข้าราชการ,1,ปกติ,20,0
L-24923,2023-11-24,53256.08,0.422,87,23,6,300000.00,อาชีพอิสระ,2,ปิดบัญชีแล้ว,9,0
L-24999,2023-11-24,22387.26,0.511,239,51,5,100000.00,ธุรกิจส่วนตัว,1,ปกติ,7,0
L-25159,2023-11-24,45240.45,0.697,84,29,2,100000.00,อาชีพอิสระ,1,ปิดบัญชีแล้ว,6,0
L-28477,2023-11-24,9000.00,0.268,65,49,0,50000.00,อาชีพอิสระ,1,ปิดบัญชีแล้ว,24,0
L-30350,2023-11-24,27725.69,0.641,196,45,3,150000.00,อาชีพอิสระ,0,ปิดบัญชีแล้ว,7,0
L-30772,2023-11-24,42318.42,0.45,168,29,6,500000.00,ข้าราชการ,0,ปกติ,14,0
L-31839,2023-11-24,26297.93,0.176,4,62,6,100000.00,พนักงานประจำ,0,ปิดบัญชีแล้ว,6,0
L-20268,2023-11-25,47293.91,0.597,146,25,3,50000.00,ข้าราชการ,1,ปกติ,21,0
L-20534,2023-11-25,9000.00,0.402,176,40,0,100000.00,ข้าราชการ,2,ปกติ,20,0
L-22298,2023-11-25,35571.21,0.107,66,25,1,500000.00,ธุรกิจส่วนตัว,2,ปกติ,28,0
L-22672,2023-11-25,49947.55,0.389,223,58,6,200000.00,พนักงานประจำ,0,ปกติ,26,0
L-25770,2023-11-25,37132.15,0.112,152,54,5,100000.00,อาชีพอิสระ,0,ปกติ,19,0
L-30596,2023-11-25,30883.28,0.106,189,46,4,500000.00,ข้าราชการ,1,ปกติ,11,0
L-20657,2023-11-26,25156.03,0.31,226,45,1,150000.00,อาชีพอิสระ,1,ปกติ,10,0
L-25726,2023-11-26,18738.60,0.137,166,55,6,100000.00,พนักงานประจำ,0,ปกติ,28,0
L-28623,2023-11-26,48777.39,0.02,100,43,4,50000.00,อาชีพอิสระ,0,ปกติ,2,0
L-29134,2023-11-26,37973.18,0.067,50,64,0,500000.00,อาชีพอิสระ,0,ปกติ,4,0
L-29273,2023-11-26,37508.77,0.392,57,65,6,300000.00,อาชีพอิสระ,1,ปกติ,2,0
L-29332,2023-11-26,30089.07,0.252,34,52,2,500000.00,อาชีพอิสระ,0,ปกติ,23,0
L-30059,2023-11-26,39818.37,0.289,30,54,3,150000.00,พนักงานประจำ,1,ปิดบัญชีแล้ว,16,0
L-30215,2023-11-26,39777.59,0.028,21,35,6,50000.00,ธุรกิจส่วนตัว,11,ค้างชำระ,147,1
L-31725,2023-11-26,39592.73,0.361,94,38,4,300000.00,ธุรกิจส่วนตัว,1,ปกติ,2,0
L-31886,2023-11-26,17345.24,0.178,140,36,6,200000.00,ธุรกิจส่วนตัว,2,ปิดบัญชีแล้ว,3,0
L-31921,2023-11-26,30220.70,0.528,118,47,3,300000.00,อาชีพอิสระ,0,ปกติ,10,0
L-20275,2023-11-27,46020.84,0.149,48,27,6,300000.00,ข้าราชการ,0,ปกติ,24,0
L-20339,2023-11-27,32509.92,0.481,68,62,4,300000.00,พนักงานประจำ,1,ปิดบัญชีแล้ว,19,0
L-20385,2023-11-27,9000.00,0.347,183,64,1,500000.00,อาชีพอิสระ,1,ปกติ,23,0
L-20488,2023-11-27,41556.59,0.306,125,39,3,100000.00,ข้าราชการ,0,ปกติ,17,0
L-22633,2023-11-27,34748.50,0.671,217,30,4,50000.00,พนักงานประจำ,0,ปกติ,19,0
L-23883,2023-11-27,38989.87,0.514,38,33,2,150000.00,อาชีพอิสระ,2,ปกติ,28,0
L-24432,2023-11-27,44643.93,0.436,174,24,0,500000.00,พนักงานประจำ,2,ปกติ,11,0
L-24570,2023-11-27,31438.00,0.207,121,23,4,150000.00,ธุรกิจส่วนตัว,0,ปกติ,14,0
L-25195,2023-11-27,14449.45,0.02,29,30,4,300000.00,อาชีพอิสระ,2,ปกติ,0,0
L-25835,2023-11-27,34127.09,0.41,27,49,2,150000.00,พนักงานประจำ,0,ปิดบัญชีแล้ว,6,0
L-26043,2023-11-27,38345.78,0.38,217,42,6,300000.00,ข้าราชการ,0,ปกติ,25,0
L-26658,2023-11-27,38026.44,0.02,191,49,1,100000.00,พนักงานประจำ,2,ปกติ,22,0
L-26804,2023-11-27,20324.33,0.631,95,52,2,100000.00,พนักงานประจำ,1,ปกติ,27,0
L-27790,2023-11-27,12182.71,0.045,235,63,3,200000.00,อาชีพอิสระ,2,ปกติ,13,0
L-30036,2023-11-27,45938.23,0.02,84,39,1,50000.00,พนักงานประจำ,0,ปกติ,19,0
L-30965,2023-11-27,21100.31,0.207,48,42,1,300000.00,ธุรกิจส่วนตัว,2,ปิดบัญชีแล้ว,22,0
L-31139,2023-11-27,31880.44,0.38,108,22,4,300000.00,ธุรกิจส่วนตัว,0,ปกติ,22,0
L-20679,2023-11-28,48319.09,0.518,6,61,1,500000.00,พนักงานประจำ,1,ปกติ,30,0
L-21017,2023-11-28,40212.84,0.022,198,65,3,150000.00,พนักงานประจำ,13,ค้างชำระ,135,1
L-21388,2023-11-28,19196.09,0.342,162,58,5,150000.00,พนักงานประจำ,0,ปิดบัญชีแล้ว,16,0
L-23910,2023-11-28,21902.92,0.13,2,30,5,500000.00,ธุรกิจส่วนตัว,0,ปิดบัญชีแล้ว,18,0
L-24537,2023-11-28,13178.71,0.517,190,30,1,500000.00,อาชีพอิสระ,1,ปกติ,14,0
L-25867,2023-11-28,14298.28,0.767,92,25,3,500000.00,พนักงานประจำ,0,ปกติ,30,0
L-27031,2023-11-28,51240.20,0.652,139,45,3,50000.00,อาชีพอิสระ,1,ปกติ,13,0
L-27241,2023-11-28,24828.01,0.452,1,50,1,50000.00,ธุรกิจส่วนตัว,2,ปกติ,9,0
L-27793,2023-11-28,35120.66,0.054,237,21,5,100000.00,พนักงานประจำ,1,ปิดบัญชีแล้ว,23,0
L-29536,2023-11-28,19054.64,0.19,8,43,4,500000.00,อาชีพอิสระ,2,ปกติ,25,0
L-31328,2023-11-28,44127.74,0.232,165,64,0,200000.00,ข้าราชการ,0,ปิดบัญชีแล้ว,7,0
L-31769,2023-11-28,53130.83,0.486,218,36,1,200000.00,ธุรกิจส่วนตัว,2,ปิดบัญชีแล้ว,27,0
L-20274,2023-11-29,25874.54,0.375,107,60,3,100000.00,อาชีพอิสระ,2,ปกติ,6,0
L-22032,2023-11-29,19941.38,0.363,15,31,5,300000.00,อาชีพอิสระ,5,ค้างชำระ,77,1
L-23616,2023-11-29,12974.74,0.598,189,59,3,200000.00,ข้าราชการ,0,ปกติ,29,0
L-23662,2023-11-29,26582.65,0.482,85,49,4,50000.00,อาชีพอิสระ,2,ปกติ,10,0
L-23998,2023-11-29,22633.36,0.456,157,34,5,150000.00,ธุรกิจส่วนตัว,0,ปกติ,2,0
L-24110,2023-11-29,34603.46,0.1,231,32,6,300000.00,อาชีพอิสระ,1,ปกติ,16,0
L-25196,2023-11-29,46319.28,0.474,202,40,1,200000.00,ข้าราชการ,1,ปิดบัญชีแล้ว,0,0
L-25923,2023-11-29,40511.50,0.43,116,31,4,150000.00,อาชีพอิสระ,0,ปิดบัญชีแล้ว,0,0
L-26543,2023-11-29,36950.53,0.188,103,22,6,100000.00,อาชีพอิสระ,1,ปกติ,21,0
L-27294,2023-11-29,45135.33,0.188,178,52,0,200000.00,ธุรกิจส่วนตัว,2,ปกติ,21,0
L-28602,2023-11-29,29502.21,0.477,157,41,2,300000.00,อาชีพอิสระ,0,ปกติ,6,0
L-28757,2023-11-29,36992.23,0.355,197,61,3,100000.00,พนักงานประจำ,0,ปิดบัญชีแล้ว,1,0
L-28846,2023-11-29,39339.15,0.504,103,44,6,50000.00,ข้าราชการ,0,ปกติ,30,0
L-28951,2023-11-29,31559.10,0.486,198,27,0,500000.00,อาชีพอิสระ,2,ปกติ,26,0
L-29315,2023-11-29,16783.79,0.287,168,63,3,300000.00,ข้าราชการ,2,ปกติ,10,0
L-31532,2023-11-29,40468.24,0.12,96,54,0,500000.00,ธุรกิจส่วนตัว,2,ปกติ,0,0
L-31685,2023-11-29,20858.58,0.069,217,33,2,200000.00,ธุรกิจส่วนตัว,2,ปกติ,10,0
L-31848,2023-11-29,9315.94,0.343,121,25,4,100000.00,ข้าราชการ,1,ปกติ,2,0
L-31980,2023-11-29,33776.19,0.202,221,60,4,200000.00,อาชีพอิสระ,1,ปกติ,17,0
L-22174,2023-11-30,21015.55,0.398,80,48,5,50000.00,ข้าราชการ,1,ปิดบัญชีแล้ว,11,0
L-22472,2023-11-30,19387.52,0.106,213,22,3,500000.00,ข้าราชการ,0,ปกติ,8,0
L-24406,2023-11-30,22361.66,0.578,92,58,0,200000.00,ธุรกิจส่วนตัว,0,ปกติ,15,0
L-24976,2023-11-30,50901.62,0.44,10,38,0,500000.00,ข้าราชการ,2,ปกติ,20,0
L-26164,2023-11-30,9000.00,0.091,224,59,5,500000.00,อาชีพอิสระ,1,ปกติ,0,0
L-27288,2023-11-30,21951.59,0.568,100,65,6,100000.00,ธุรกิจส่วนตัว,2,ปิดบัญชีแล้ว,25,0
L-28459,2023-11-30,32899.45,0.164,69,50,0,300000.00,ข้าราชการ,0,ปกติ,1,0
L-20839,2023-12-01,35955.40,0.324,223,38,6,300000.00,อาชีพอิสระ,1,ปิดบัญชีแล้ว,1,0
L-22396,2023-12-01,36435.77,0.249,145,51,2,200000.00,อาชีพอิสระ,9,ค้างชำระ,56,1
L-23767,2023-12-01,31281.20,0.501,26,60,5,500000.00,พนักงานประจำ,0,ปกติ,28,0
L-26737,2023-12-01,60996.48,0.439,176,65,0,300000.00,ธุรกิจส่วนตัว,2,ปกติ,26,0
L-27246,2023-12-01,39373.36,0.492,230,55,1,50000.00,พนักงานประจำ,2,ปกติ,13,0
L-29746,2023-12-01,37608.21,0.382,211,50,0,50000.00,ธุรกิจส่วนตัว,0,ปกติ,25,0
L-31489,2023-12-01,28702.32,0.431,2,64,2,500000.00,พนักงานประจำ,2,ปิดบัญชีแล้ว,23,0
L-22762,2023-12-02,32442.04,0.238,229,44,5,300000.00,ข้าราชการ,0,ปกติ,20,0
L-23332,2023-12-02,34523.44,0.336,6,62,0,150000.00,ข้าราชการ,0,ปิดบัญชีแล้ว,0,0
L-25686,2023-12-02,48241.92,0.181,134,36,0,200000.00,อาชีพอิสระ,1,ปกติ,6,0
L-26558,2023-12-02,24686.23,0.352,238,41,3,50000.00,ธุรกิจส่วนตัว,2,ปกติ,22,0
L-29863,2023-12-02,27032.68,0.556,22,24,0,150000.00,พนักงานประจำ,1,ปกติ,29,0
L-31174,2023-12-02,53539.18,0.496,2,54,5,150000.00,อาชีพอิสระ,2,ปกติ,24,0
L-31428,2023-12-02,32972.56,0.206,88,62,4,150000.00,ข้าราชการ,2,ปกติ,19,0
L-20280,2023-12-03,30161.55,0.309,99,47,4,300000.00,พนักงานประจำ,1,ปกติ,21,0
L-20776,2023-12-03,32808.20,0.072,42,26,1,100000.00,อาชีพอิสระ,2,ปกติ,8,0
L-22972,2023-12-03,33371.25,0.337,72,60,0,200000.00,อาชีพอิสระ,2,ปกติ,18,0
L-23237,2023-12-03,33566.12,0.423,232,49,3,50000.00,ข้าราชการ,0,ปกติ,10,0
L-23925,2023-12-03,21467.96,0.071,28,49,5,200000.00,พนักงานประจำ,2,ปกติ,28,0
L-25228,2023-12-03,23657.09,0.193,11,23,5,500000.00,ธุรกิจส่วนตัว,0,ปกติ,2,0
L-25929,2023-12-03,45501.10,0.557,224,25,2,500000.00,พนักงานประจำ,2,ปิดบัญชีแล้ว,3,0
L-26506,2023-12-03,37411.05,0.354,190,51,1,200000.00,ธุรกิจส่วนตัว,1,ปกติ,11,0
L-26555,2023-12-03,14768.76,0.44,119,36,4,200000.00,ธุรกิจส่วนตัว,0,ปกติ,0,0
L-27080,2023-12-03,32066.18,0.269,226,57,4,50000.00,ข้าราชการ,1,ปกติ,11,0
L-27321,2023-12-03,49944.75,0.232,237,60,3,200000.00,ธุรกิจส่วนตัว,2,ปกติ,29,0
L-28338,2023-12-03,36791.74,0.111,104,36,0,300000.00,พนักงานประจำ,1,ปกติ,3,0
L-28987,2023-12-03,22043.84,0.464,11,40,5,500000.00,ธุรกิจส่วนตัว,12,ค้างชำระ,80,1
L-30749,2023-12-03,17825.91,0.289,42,44,5,50000.00,ธุรกิจส่วนตัว,1,ปกติ,5,0
L-30906,2023-12-03,51497.70,0.221,119,57,1,200000.00,อาชีพอิสระ,2,ปกติ,25,0
L-31047,2023-12-03,44746.15,0.288,132,37,5,50000.00,ธุรกิจส่วนตัว,1,ปกติ,23,0
L-31148,2023-12-03,43837.93,0.319,18,61,3,50000.00,พนักงานประจำ,0,ปกติ,5,0
L-20338,2023-12-04,51484.99,0.235,222,44,2,50000.00,ธุรกิจส่วนตัว,0,ปกติ,25,0
L-20616,2023-12-04,10388.83,0.285,171,21,4,300000.00,อาชีพอิสระ,2,ปกติ,23,0
L-22649,2023-12-04,34152.86,0.058,224,53,1,50000.00,ธุรกิจส่วนตัว,0,ปกติ,12,0
L-23247,2023-12-04,43419.05,0.327,64,23,1,100000.00,ธุรกิจส่วนตัว,0,ปกติ,28,0
L-24029,2023-12-04,27207.22,0.515,21,46,5,50000.00,ข้าราชการ,0,ปกติ,21,0
L-25331,2023-12-04,10327.11,0.452,224,24,5,150000.00,พนักงานประจำ,2,ปิดบัญชีแล้ว,14,0
L-27128,2023-12-04,33887.97,0.147,83,29,5,150000.00,ธุรกิจส่วนตัว,1,ปกติ,4,0
L-27620,2023-12-04,21277.10,0.037,196,62,2,200000.00,ธุรกิจส่วนตัว,2,ปกติ,27,0
L-27716,2023-12-04,35062.31,0.414,85,55,4,150000.00,พนักงานประจำ,2,ปิดบัญชีแล้ว,26,0
L-29555,2023-12-04,18152.98,0.404,51,54,6,500000.00,ธุรกิจส่วนตัว,0,ปกติ,14,0
L-29676,2023-12-04,16389.60,0.756,32,57,1,300000.00,พนักงานประจำ,0,ปิดบัญชีแล้ว,28,0
L-31609,2023-12-04,24322.33,0.392,127,47,3,200000.00,อาชีพอิสระ,1,ปกติ,13,0
L-20708,2023-12-05,31664.48,0.492,17,23,6,500000.00,อาชีพอิสระ,0,ปกติ,27,0
L-20747,2023-12-05,53311.76,0.232,177,41,2,500000.00,พนักงานประจำ,0,ปิดบัญชีแล้ว,11,0
L-20868,2023-12-05,27580.22,0.483,109,26,6,300000.00,อาชีพอิสระ,1,ปกติ,19,0
L-21363,2023-12-05,34334.26,0.265,196,64,5,200000.00,ข้าราชการ,2,ปิดบัญชีแล้ว,15,0
L-23790,2023-12-05,18048.42,0.377,187,34,1,300000.00,พนักงานประจำ,0,ปกติ,20,0
L-24328,2023-12-05,20939.82,0.356,222,53,3,50000.00,อาชีพอิสระ,0,ปกติ,19,0
L-26516,2023-12-05,47476.51,0.56,19,28,5,50000.00,อาชีพอิสระ,2,ปกติ,13,0
L-27938,2023-12-05,29593.48,0.178,140,29,6,150000.00,อาชีพอิสระ,1,ปกติ,12,0
L-27947,2023-12-05,11965.49,0.118,161,31,1,50000.00,อาชีพอิสระ,0,ปิดบัญชีแล้ว,1,0
L-27980,2023-12-05,36718.53,0.27,105,40,1,300000.00,พนักงานประจำ,0,ปิดบัญชีแล้ว,24,0
L-29605,2023-12-05,31400.91,0.325,234,38,2,300000.00,พนักงานประจำ,0,ปกติ,17,0
L-30066,2023-12-05,38148.60,0.429,112,30,5,300000.00,อาชีพอิสระ,2,ปกติ,23,0
L-30847,2023-12-05,12761.88,0.383,112,37,6,100000.00,ข้าราชการ,0,ปกติ,5,0
L-21654,2023-12-06,16099.98,0.433,43,36,3,300000.00,ธุรกิจส่วนตัว,1,ปกติ,3,0
L-23305,2023-12-06,51971.22,0.351,87,53,0,50000.00,พนักงานประจำ,1,ปกติ,23,0
L-23905,2023-12-06,45486.08,0.22,189,33,3,300000.00,ธุรกิจส่วนตัว,2,ปกติ,4,0
L-25037,2023-12-06,35642.19,0.655,211,40,2,500000.00,อาชีพอิสระ,0,ปกติ,12,0
L-25887,2023-12-06,27544.11,0.334,125,60,4,50000.00,ธุรกิจส่วนตัว,2,ปิดบัญชีแล้ว,4,0
L-26112,2023-12-06,39700.93,0.368,137,52,6,100000.00,พนักงานประจำ,1,ปกติ,6,0
L-27982,2023-12-06,42872.29,0.02,129,32,4,100000.00,อาชีพอิสระ,2,ปกติ,0,0
L-28457,2023-12-06,13811.95,0.72,7,37,2,150000.00,พนักงานประจำ,2,ปิดบัญชีแล้ว,0,0
L-29704,2023-12-06,16643.15,0.35,35,28,6,300000.00,ข้าราชการ,3,ค้างชำระ,173,1
L-30971,2023-12-06,15571.20,0.422,108,32,2,300000.00,ข้าราชการ,6,ค้างชำระ,114,1
L-31637,2023-12-06,37119.25,0.291,110,57,0,50000.00,พนักงานประจำ,2,ปิดบัญชีแล้ว,24,0
L-31709,2023-12-06,38639.10,0.211,76,32,0,300000.00,ข้าราชการ,2,ปกติ,17,0
L-20633,2023-12-07,57711.21,0.519,237,60,6,100000.00,อาชีพอิสระ,11,ค้างชำระ,54,1
L-20978,2023-12-07,38792.03,0.414,147,63,1,100000.00,พนักงานประจำ,2,ปกติ,17,0
L-21854,2023-12-07,33711.21,0.666,149,64,5,150000.00,อาชีพอิสระ,2,ปกติ,24,0
L-22121,2023-12-07,32453.70,0.684,94,59,0,200000.00,พนักงานประจำ,0,ปกติ,17,0
L-22253,2023-12-07,52996.16,0.431,16,48,0,200000.00,พนักงานประจำ,2,ปกติ,6,0
L-22339,2023-12-07,40138.43,0.67,52,56,6,100000.00,ข้าราชการ,0,ปกติ,14,0
L-25229,2023-12-07,40653.34,0.473,131,43,4,300000.00,ข้าราชการ,2,ปกติ,25,0
L-26145,2023-12-07,15956.99,0.22,21,30,6,200000.00,ธุรกิจส่วนตัว,7,ค้างชำระ,149,1
L-26525,2023-12-07,27440.03,0.38,86,35,2,500000.00,อาชีพอิสระ,2,ปิดบัญชีแล้ว,15,0
L-28422,2023-12-07,36361.86,0.432,136,43,2,150000.00,พนักงานประจำ,0,ปิดบัญชีแล้ว,3,0
L-28822,2023-12-07,45196.02,0.528,207,47,1,500000.00,ธุรกิจส่วนตัว,2,ปกติ,28,0
L-29623,2023-12-07,18009.44,0.557,183,37,4,200000.00,พนักงานประจำ,12,ค้างชำระ,87,1
L-31241,2023-12-07,34278.20,0.162,224,41,4,500000.00,ข้าราชการ,1,ปกติ,3,0
L-22555,2023-12-08,44773.90,0.403,101,39,6,50000.00,พนักงานประจำ,2,ปกติ,23,0
L-22818,2023-12-08,54122.78,0.455,41,55,5,100000.00,พนักงานประจำ,1,ปกติ,9,0
L-24117,2023-12-08,47195.09,0.576,182,37,1,200000.00,พนักงานประจำ,2,ปิดบัญชีแล้ว,6,0
L-25263,2023-12-08,40559.14,0.559,90,57,0,100000.00,พนักงานประจำ,1,ปกติ,6,0
L-26120,2023-12-08,44550.89,0.408,151,31,6,500000.00,อาชีพอิสระ,1,ปกติ,30,0
L-26676,2023-12-08,11384.71,0.379,42,51,1,150000.00,พนักงานประจำ,1,ปิดบัญชีแล้ว,23,0
L-27069,2023-12-08,9000.00,0.599,215,37,6,150000.00,พนักงานประจำ,1,ปิดบัญชีแล้ว,30,0
L-27119,2023-12-08,40600.56,0.389,76,27,1,500000.00,อาชีพอิสระ,1,ปิดบัญชีแล้ว,12,0
L-27332,2023-12-08,47675.76,0.485,105,54,1,300000.00,ธุรกิจส่วนตัว,2,ปกติ,8,0
L-28721,2023-12-08,17930.25,0.134,127,59,2,200000.00,ข้าราชการ,7,ค้างชำระ,54,1
L-31263,2023-12-08,9000.00,0.182,41,30,2,300000.00,ข้าราชการ,0,ปกติ,24,0
L-20612,2023-12-09,21795.30,0.279,92,26,6,150000.00,พนักงานประจำ,0,ปกติ,22,0
L-20857,2023-12-09,16710.72,0.586,115,53,4,50000.00,ธุรกิจส่วนตัว,2,ปกติ,13,0
L-21371,2023-12-09,60465.24,0.685,56,55,1,300000.00,ธุรกิจส่วนตัว,1,ปิดบัญชีแล้ว,22,0
L-22531,2023-12-09,36858.71,0.327,28,44,5,300000.00,พนักงานประจำ,0,ปกติ,0,0
L-23287,2023-12-09,41178.87,0.352,73,42,6,300000.00,อาชีพอิสระ,2,ปกติ,1,0
L-24855,2023-12-09,38601.29,0.51,165,38,1,50000.00,พนักงานประจำ,0,ปิดบัญชีแล้ว,26,0
L-29757,2023-12-09,47470.47,0.692,210,39,4,50000.00,อาชีพอิสระ,11,ค้างชำระ,89,1
L-30181,2023-12-09,25127.14,0.251,207,32,1,200000.00,ธุรกิจส่วนตัว,1,ปิดบัญชีแล้ว,29,0
L-30265,2023-12-09,32194.07,0.229,139,27,6,300000.00,ข้าราชการ,2,ปกติ,20,0
L-30576,2023-12-09,34921.05,0.559,82,25,1,150000.00,พนักงานประจำ,1,ปกติ,1,0
L-31295,2023-12-09,17520.28,0.607,235,63,2,500000.00,อาชีพอิสระ,1,ปิดบัญชีแล้ว,12,0
L-20154,2023-12-10,9000.00,0.412,123,60,1,150000.00,ธุรกิจส่วนตัว,2,ปกติ,7,0
L-20933,2023-12-10,52507.75,0.344,160,51,6,500000.00,ธุรกิจส่วนตัว,5,ค้างชำระ,111,1
L-21181,2023-12-10,19002.30,0.515,175,63,2,200000.00,ข้าราชการ,1,ปกติ,30,0
L-21613,2023-12-10,31616.43,0.246,31,56,1,500000.00,ข้าราชการ,2,ปกติ,30,0
L-26354,2023-12-10,25304.05,0.388,169,47,5,500000.00,ข้าราชการ,14,ค้างชำระ,46,1
L-26847,2023-12-10,9000.00,0.235,105,30,0,100000.00,อาชีพอิสระ,0,ปิดบัญชีแล้ว,29,0
L-28302,2023-12-10,39489.14,0.536,122,37,5,500000.00,ข้าราชการ,1,ปกติ,1,0
L-28723,2023-12-10,49459.54,0.314,151,56,4,150000.00,อาชีพอิสระ,2,ปิดบัญชีแล้ว,15,0
L-28960,2023-12-10,25961.96,0.058,109,57,0,150000.00,อาชีพอิสระ,1,ปกติ,22,0
L-30466,2023-12-10,31836.54,0.65,173,40,4,150000.00,ข้าราชการ,0,ปิดบัญชีแล้ว,19,0
L-20312,2023-12-11,32432.17,0.092,56,46,1,300000.00,อาชีพอิสระ,1,ปกติ,30,0
L-20642,2023-12-11,28664.10,0.167,39,59,2,300000.00,ข้าราชการ,9,ค้างชำระ,159,1
L-20661,2023-12-11,58263.87,0.362,121,58,1,500000.00,ข้าราชการ,0,ปกติ,29,0
L-21937,2023-12-11,41812.00,0.407,129,62,5,200000.00,ข้าราชการ,12,ค้างชำระ,63,1
L-21999,2023-12-11,35350.63,0.613,50,59,1,500000.00,พนักงานประจำ,1,ปกติ,16,0
L-22612,2023-12-11,34988.48,0.241,121,49,0,300000.00,ข้าราชการ,2,ปกติ,30,0
L-22630,2023-12-11,30371.26,0.31,218,33,6,500000.00,อาชีพอิสระ,0,ปิดบัญชีแล้ว,30,0
L-23166,2023-12-11,15745.73,0.253,7,36,6,150000.00,ข้าราชการ,2,ปกติ,2,0
L-23471,2023-12-11,26985.13,0.474,60,35,0,500000.00,อาชีพอิสระ,0,ปกติ,6,0
L-23584,2023-12-11,28244.74,0.473,184,43,6,500000.00,พนักงานประจำ,5,ค้างชำระ,144,1
L-26178,2023-12-11,48324.96,0.292,111,54,4,500000.00,อาชีพอิสระ,2,ปกติ,12,0
L-27653,2023-12-11,35020.97,0.488,148,59,0,500000.00,พนักงานประจำ,1,ปกติ,17,0
L-27668,2023-12-11,27502.18,0.548,121,42,3,100000.00,ธุรกิจส่วนตัว,2,ปกติ,4,0
L-27752,2023-12-11,45803.83,0.02,17,21,6,100000.00,ธุรกิจส่วนตัว,0,ปกติ,26,0
L-27966,2023-12-11,36751.87,0.344,159,43,6,100000.00,ข้าราชการ,0,ปิดบัญชีแล้ว,16,0
L-28668,2023-12-11,49808.99,0.407,238,50,5,150000.00,พนักงานประจำ,2,ปกติ,11,0
L-30525,2023-12-11,40078.81,0.341,12,40,6,500000.00,ข้าราชการ,1,ปกติ,23,0
L-21141,2023-12-12,37836.76,0.192,56,62,0,100000.00,อาชีพอิสระ,0,ปกติ,30,0
L-21234,2023-12-12,22199.38,0.168,92,59,2,150000.00,อาชีพอิสระ,0,ปกติ,25,0
L-22229,2023-12-12,40348.94,0.222,49,28,5,300000.00,ธุรกิจส่วนตัว,1,ปิดบัญชีแล้ว,2,0
L-23169,2023-12-12,60539.64,0.345,143,41,2,100000.00,ธุรกิจส่วนตัว,0,ปกติ,14,0
L-25164,2023-12-12,42252.52,0.131,84,31,5,50000.00,อาชีพอิสระ,0,ปกติ,19,0
L-25501,2023-12-12,36231.82,0.503,221,57,4,300000.00,ข้าราชการ,0,ปกติ,9,0
L-30051,2023-12-12,27606.85,0.422,179,48,5,300000.00,อาชีพอิสระ,2,ปกติ,14,0
L-30448,2023-12-12,38032.23,0.411,200,50,5,100000.00,ธุรกิจส่วนตัว,13,ค้างชำระ,164,1
L-30600,2023-12-12,33064.54,0.403,25,38,3,500000.00,พนักงานประจำ,0,ปกติ,29,0
L-21271,2023-12-13,27979.58,0.255,4,47,4,500000.00,ธุรกิจส่วนตัว,2,ปกติ,17,0
L-21500,2023-12-13,34781.27,0.34,131,42,5,500000.00,อาชีพอิสระ,2,ปกติ,4,0
L-21830,2023-12-13,31699.30,0.484,37,50,1,500000.00,พนักงานประจำ,0,ปกติ,25,0
L-21949,2023-12-13,33710.30,0.641,1,35,6,300000.00,ธุรกิจส่วนตัว,9,ค้างชำระ,59,1
L-22222,2023-12-13,25059.88,0.226,128,26,3,300000.00,ธุรกิจส่วนตัว,2,ปกติ,2,0
L-23770,2023-12-13,9419.71,0.46,206,59,4,300000.00,ธุรกิจส่วนตัว,2,ปกติ,28,0
L-23867,2023-12-13,21282.97,0.344,94,57,3,150000.00,อาชีพอิสระ,2,ปกติ,7,0
L-24492,2023-12-13,13169.34,0.574,55,42,3,150000.00,ธุรกิจส่วนตัว,1,ปกติ,22,0
L-24735,2023-12-13,13059.65,0.588,221,41,1,100000.00,อาชีพอิสระ,13,ค้างชำระ,131,1
L-24969,2023-12-13,23178.16,0.494,21,41,5,200000.00,พนักงานประจำ,1,ปกติ,30,0
L-25079,2023-12-13,27465.12,0.43,155,61,0,50000.00,พนักงานประจำ,2,ปกติ,22,0
L-26088,2023-12-13,47182.23,0.313,141,49,1,500000.00,พนักงานประจำ,14,ค้างชำระ,166,1
L-27209,2023-12-13,36672.80,0.067,13,28,3,200000.00,อาชีพอิสระ,0,ปกติ,15,0
L-27572,2023-12-13,33231.82,0.128,205,53,3,100000.00,อาชีพอิสระ,0,ปิดบัญชีแล้ว,6,0
L-27871,2023-12-13,24993.21,0.517,119,23,6,150000.00,ธุรกิจส่วนตัว,1,ปกติ,29,0
L-28787,2023-12-13,26241.03,0.475,197,36,2,200000.00,อาชีพอิสระ,0,ปกติ,18,0
L-29628,2023-12-13,48961.27,0.464,95,23,4,50000.00,ธุรกิจส่วนตัว,1,ปกติ,5,0
L-29779,2023-12-13,9000.00,0.37,5,58,3,300000.00,พนักงานประจำ,2,ปกติ,0,0
L-30099,2023-12-13,9887.51,0.364,136,23,3,150000.00,ธุรกิจส่วนตัว,1,ปกติ,10,0
L-30269,2023-12-13,40048.78,0.337,219,54,2,500000.00,ธุรกิจส่วนตัว,1,ปิดบัญชีแล้ว,2,0
L-20030,2023-12-14,25565.45,0.455,109,63,4,300000.00,ข้าราชการ,0,ปกติ,4,0
L-20922,2023-12-14,34116.25,0.481,229,25,4,300000.00,ข้าราชการ,0,ปกติ,21,0
L-22186,2023-12-14,26095.30,0.205,187,56,2,200000.00,พนักงานประจำ,1,ปกติ,22,0
L-23065,2023-12-14,11015.82,0.371,171,58,4,100000.00,อาชีพอิสระ,1,ปกติ,26,0
L-23132,2023-12-14,23515.48,0.287,92,50,5,150000.00,พนักงานประจำ,13,ค้างชำระ,66,1
L-24014,2023-12-14,28737.51,0.105,165,62,6,300000.00,ธุรกิจส่วนตัว,2,ปกติ,19,0
L-24878,2023-12-14,17744.15,0.356,133,56,5,100000.00,อาชีพอิสระ,1,ปกติ,23,0
L-25379,2023-12-14,42379.32,0.092,206,21,2,500000.00,ข้าราชการ,1,ปกติ,15,0
L-27222,2023-12-14,50788.16,0.253,54,45,4,150000.00,พนักงานประจำ,2,ปกติ,16,0
L-28430,2023-12-14,41077.28,0.457,165,24,3,500000.00,ข้าราชการ,1,ปกติ,15,0
L-29291,2023-12-14,38672.85,0.325,44,27,5,50000.00,อาชีพอิสระ,0,ปกติ,14,0
L-30935,2023-12-14,52690.74,0.256,38,61,4,150000.00,ข้าราชการ,2,ปกติ,10,0
L-31505,2023-12-14,27161.92,0.379,221,56,0,100000.00,พนักงานประจำ,0,ปกติ,11,0
L-20660,2023-12-15,15694.69,0.157,35,54,1,500000.00,พนักงานประจำ,1,ปิดบัญชีแล้ว,11,0
L-22936,2023-12-15,29031.87,0.222,146,23,6,200000.00,ข้าราชการ,2,ปิดบัญชีแล้ว,21,0
L-22997,2023-12-15,47216.86,0.439,137,57,4,200000.00,ข้าราชการ,2,ปิดบัญชีแล้ว,12,0
L-23312,2023-12-15,10731.06,0.321,120,39,2,300000.00,ข้าราชการ,1,ปกติ,11,0
L-23362,2023-12-15,18043.09,0.258,55,47,2,500000.00,ข้าราชการ,0,ปกติ,10,0
L-23853,2023-12-15,41159.10,0.298,134,42,6,300000.00,อาชีพอิสระ,1,ปกติ,6,0
L-24135,2023-12-15,29593.06,0.328,160,62,6,300000.00,ธุรกิจส่วนตัว,1,ปกติ,29,0
L-24354,2023-12-15,33820.06,0.441,185,39,0,200000.00,ข้าราชการ,1,ปกติ,25,0
L-24634,2023-12-15,32409.53,0.517,83,45,5,100000.00,อาชีพอิสระ,0,ปกติ,30,0
L-24743,2023-12-15,30816.08,0.052,42,49,3,50000.00,พนักงานประจำ,1,ปกติ,10,0
L-24756,2023-12-15,17213.26,0.472,214,45,1,300000.00,พนักงานประจำ,0,ปกติ,2,0
L-24775,2023-12-15,26225.48,0.581,35,58,6,100000.00,พนักงานประจำ,1,ปกติ,16,0
L-24865,2023-12-15,59886.37,0.429,46,30,6,200000.00,อาชีพอิสระ,1,ปกติ,14,0
L-25664,2023-12-15,39804.77,0.288,36,44,2,50000.00,พนักงานประจำ,0,ปกติ,13,0
L-25733,2023-12-15,38144.15,0.484,218,39,6,500000.00,ข้าราชการ,2,ปกติ,18,0
L-27516,2023-12-15,35588.74,0.708,77,25,1,150000.00,อาชีพอิสระ,1,ปิดบัญชีแล้ว,15,0
L-28954,2023-12-15,27200.18,0.563,16,54,4,200000.00,ข้าราชการ,0,ปกติ,29,0
L-29896,2023-12-15,17704.39,0.441,162,28,2,200000.00,อาชีพอิสระ,10,ค้างชำระ,95,1
L-30113,2023-12-15,39245.17,0.256,119,56,5,150000.00,อาชีพอิสระ,0,ปกติ,13,0
L-30380,2023-12-15,23857.37,0.439,49,43,5,50000.00,อาชีพอิสระ,0,ปิดบัญชีแล้ว,27,0
L-21455,2023-12-16,46290.06,0.498,231,56,1,150000.00,ข้าราชการ,1,ปิดบัญชีแล้ว,11,0
L-25171,2023-12-16,49229.38,0.202,8,26,2,500000.00,อาชีพอิสระ,0,ปกติ,2,0
L-26150,2023-12-16,34389.46,0.524,135,38,5,50000.00,อาชีพอิสระ,0,ปกติ,27,0
L-29070,2023-12-16,28586.16,0.712,68,50,0,50000.00,พนักงานประจำ,0,ปกติ,4,0
L-29655,2023-12-16,27440.95,0.701,201,51,0,300000.00,ธุรกิจส่วนตัว,0,ปกติ,4,0
L-31286,2023-12-16,23815.03,0.439,109,42,6,150000.00,อาชีพอิสระ,2,ปกติ,27,0
L-31359,2023-12-16,41137.38,0.354,94,40,5,150000.00,ธุรกิจส่วนตัว,2,ปกติ,30,0
L-31613,2023-12-16,25628.31,0.347,233,53,5,500000.00,ธุรกิจส่วนตัว,0,ปกติ,7,0
L-20204,2023-12-17,37706.53,0.589,68,65,2,300000.00,พนักงานประจำ,0,ปกติ,13,0
L-20509,2023-12-17,27668.23,0.364,155,45,4,100000.00,ข้าราชการ,2,ปกติ,26,0
L-20890,2023-12-17,56994.38,0.568,202,42,4,300000.00,พนักงานประจำ,0,ปกติ,29,0
L-21062,2023-12-17,35083.44,0.285,64,43,2,150000.00,พนักงานประจำ,0,ปกติ,4,0
L-22377,2023-12-17,50824.63,0.555,158,27,3,200000.00,อาชีพอิสระ,2,ปกติ,7,0
L-23988,2023-12-17,18333.67,0.293,229,23,2,50000.00,อาชีพอิสระ,2,ปกติ,2,0
L-26712,2023-12-17,11565.10,0.48,144,56,4,100000.00,พนักงานประจำ,2,ปกติ,30,0
L-26944,2023-12-17,11990.41,0.178,41,57,4,50000.00,พนักงานประจำ,0,ปกติ,16,0
L-27738,2023-12-17,32472.23,0.205,122,36,3,50000.00,อาชีพอิสระ,0,ปิดบัญชีแล้ว,30,0
L-28237,2023-12-17,9850.86,0.372,206,59,5,300000.00,อาชีพอิสระ,1,ปิดบัญชีแล้ว,26,0
L-28345,2023-12-17,67592.76,0.261,221,64,5,150000.00,พนักงานประจำ,1,ปกติ,7,0
L-30426,2023-12-17,42446.49,0.125,28,61,3,50000.00,ธุรกิจส่วนตัว,2,ปิดบัญชีแล้ว,15,0
L-20445,2023-12-18,37307.46,0.02,14,45,4,150000.00,อาชีพอิสระ,0,ปกติ,11,0
L-22490,2023-12-18,55849.26,0.02,148,22,2,200000.00,ธุรกิจส่วนตัว,1,ปกติ,2,0
L-22589,2023-12-18,17147.91,0.475,24,38,3,200000.00,พนักงานประจำ,0,ปกติ,7,0
L-23070,2023-12-18,44340.26,0.082,198,46,2,100000.00,พนักงานประจำ,0,ปกติ,12,0
L-23827,2023-12-18,21964.38,0.048,195,44,1,50000.00,ธุรกิจส่วนตัว,1,ปิดบัญชีแล้ว,8,0
L-24047,2023-12-18,63190.06,0.454,140,22,1,200000.00,พนักงานประจำ,0,ปิดบัญชีแล้ว,0,0
L-24107,2023-12-18,28031.97,0.305,12,47,1,500000.00,ธุรกิจส่วนตัว,1,ปิดบัญชีแล้ว,15,0
L-24192,2023-12-18,29026.99,0.439,33,57,4,200000.00,พนักงานประจำ,0,ปกติ,17,0
L-24869,2023-12-18,58035.69,0.576,6,65,0,300000.00,อาชีพอิสระ,1,ปกติ,14,0
L-26777,2023-12-18,35835.80,0.105,47,48,1,100000.00,ธุรกิจส่วนตัว,1,ปกติ,24,0
L-27054,2023-12-18,36696.36,0.424,57,27,4,100000.00,ข้าราชการ,1,ปกติ,0,0
L-27223,2023-12-18,37626.87,0.358,112,32,1,300000.00,ธุรกิจส่วนตัว,2,ปิดบัญชีแล้ว,14,0
L-27706,2023-12-18,37899.19,0.288,73,42,5,100000.00,อาชีพอิสระ,0,ปกติ,18,0
L-28538,2023-12-18,34962.05,0.538,41,33,5,300000.00,พนักงานประจำ,0,ปิดบัญชีแล้ว,27,0
L-28877,2023-12-18,34125.58,0.216,135,32,6,500000.00,ธุรกิจส่วนตัว,1,ปกติ,12,0
L-30205,2023-12-18,36973.76,0.471,157,37,3,500000.00,อาชีพอิสระ,2,ปกติ,5,0
L-30681,2023-12-18,23574.95,0.372,125,52,0,300000.00,พนักงานประจำ,2,ปกติ,27,0
L-20196,2023-12-19,50612.00,0.02,111,21,3,500000.00,อาชีพอิสระ,2,ปิดบัญชีแล้ว,27,0
L-21095,2023-12-19,47871.48,0.593,52,52,1,500000.00,พนักงานประจำ,0,ปกติ,3,0
L-21492,2023-12-19,51320.56,0.379,9,44,3,100000.00,อาชีพอิสระ,0,ปกติ,30,0
L-22759,2023-12-19,15706.87,0.236,193,42,4,300000.00,ข้าราชการ,0,ปกติ,5,0
L-23279,2023-12-19,28071.44,0.433,23,54,5,100000.00,พนักงานประจำ,1,ปิดบัญชีแล้ว,24,0
L-24279,2023-12-19,40037.95,0.255,222,35,0,150000.00,ธุรกิจส่วนตัว,1,ปิดบัญชีแล้ว,28,0
L-24874,2023-12-19,32262.09,0.444,112,35,4,300000.00,ธุรกิจส่วนตัว,0,ปกติ,28,0
L-25554,2023-12-19,28915.04,0.355,68,26,2,300000.00,พนักงานประจำ,1,ปกติ,21,0
L-26272,2023-12-19,23203.41,0.347,38,61,2,300000.00,พนักงานประจำ,1,ปกติ,16,0
L-26796,2023-12-19,16218.87,0.046,128,40,5,200000.00,ธุรกิจส่วนตัว,1,ปกติ,15,0
L-28498,2023-12-19,41952.85,0.629,11,58,4,150000.00,พนักงานประจำ,0,ปกติ,19,0
L-29067,2023-12-19,26593.39,0.539,123,43,0,100000.00,พนักงานประจำ,2,ปกติ,25,0
L-30017,2023-12-19,10258.41,0.193,85,33,2,300000.00,ข้าราชการ,2,ปิดบัญชีแล้ว,20,0
L-30322,2023-12-19,9000.00,0.613,225,53,3,200000.00,ธุรกิจส่วนตัว,1,ปกติ,20,0
L-20032,2023-12-20,27693.94,0.707,10,46,6,300000.00,ข้าราชการ,2,ปิดบัญชีแล้ว,4,0
L-21469,2023-12-20,20805.67,0.488,162,27,3,100000.00,ธุรกิจส่วนตัว,1,ปิดบัญชีแล้ว,25,0
L-21643,2023-12-20,35499.50,0.527,98,50,3,300000.00,ธุรกิจส่วนตัว,8,ค้างชำระ,52,1
L-22215,2023-12-20,43985.61,0.213,166,24,6,100000.00,พนักงานประจำ,1,ปกติ,5,0
L-22527,2023-12-20,35643.61,0.4,31,38,6,200000.00,อาชีพอิสระ,0,ปกติ,6,0
L-23482,2023-12-20,29978.49,0.305,135,37,6,200000.00,พนักงานประจำ,1,ปิดบัญชีแล้ว,17,0
L-23964,2023-12-20,9000.00,0.483,52,35,6,150000.00,ข้าราชการ,2,ปกติ,2,0
L-25282,2023-12-20,52250.09,0.248,92,57,4,100000.00,พนักงานประจำ,0,ปิดบัญชีแล้ว,17,0
L-27805,2023-12-20,19968.98,0.52,181,36,3,50000.00,พนักงานประจำ,1,ปกติ,22,0
L-30118,2023-12-20,17722.94,0.227,121,43,3,50000.00,ธุรกิจส่วนตัว,1,ปิดบัญชีแล้ว,7,0
L-30892,2023-12-20,39192.49,0.378,19,50,1,100000.00,ข้าราชการ,0,ปกติ,14,0
L-20590,2023-12-21,33553.39,0.497,214,63,6,300000.00,ธุรกิจส่วนตัว,12,ค้างชำระ,132,1
L-20975,2023-12-21,43916.22,0.543,14,60,5,50000.00,ธุรกิจส่วนตัว,1,ปกติ,19,0
L-21706,2023-12-21,20361.04,0.249,131,40,1,500000.00,ธุรกิจส่วนตัว,12,ค้างชำระ,131,1
L-22379,2023-12-21,52077.82,0.513,18,61,2,300000.00,ข้าราชการ,2,ปกติ,7,0
L-22529,2023-12-21,25173.33,0.467,125,65,4,500000.00,พนักงานประจำ,0,ปิดบัญชีแล้ว,0,0
L-22778,2023-12-21,20900.93,0.424,227,63,3,300000.00,ข้าราชการ,1,ปกติ,14,0
L-23737,2023-12-21,16651.16,0.466,212,56,1,500000.00,พนักงานประจำ,2,ปิดบัญชีแล้ว,11,0
L-27865,2023-12-21,29778.80,0.519,225,52,5,100000.00,ธุรกิจส่วนตัว,0,ปกติ,27,0
L-28141,2023-12-21,19160.03,0.518,16,50,6,100000.00,อาชีพอิสระ,0,ปิดบัญชีแล้ว,26,0
L-28278,2023-12-21,9000.00,0.517,106,57,2,200000.00,ธุรกิจส่วนตัว,1,ปกติ,2,0
L-29001,2023-12-21,24666.36,0.177,28,56,3,150000.00,อาชีพอิสระ,2,ปกติ,24,0
L-29711,2023-12-21,35901.85,0.602,40,24,5,150000.00,ธุรกิจส่วนตัว,0,ปกติ,16,0
L-30279,2023-12-21,29276.33,0.228,220,22,6,500000.00,พนักงานประจำ,2,ปกติ,8,0
L-30407,2023-12-21,36958.96,0.275,29,23,1,50000.00,อาชีพอิสระ,0,ปกติ,12,0
L-20735,2023-12-22,9000.00,0.542,73,35,4,100000.00,ธุรกิจส่วนตัว,0,ปกติ,0,0
L-22142,2023-12-22,43604.45,0.677,137,44,6,500000.00,ข้าราชการ,2,ปิดบัญชีแล้ว,24,0
L-22431,2023-12-22,48468.78,0.445,174,37,2,500000.00,ธุรกิจส่วนตัว,0,ปิดบัญชีแล้ว,11,0
L-24750,2023-12-22,26906.72,0.195,120,33,5,300000.00,อาชีพอิสระ,1,ปกติ,14,0
L-25950,2023-12-22,48906.09,0.476,2,52,5,200000.00,พนักงานประจำ,0,ปกติ,30,0
L-27419,2023-12-22,18949.13,0.372,190,30,6,50000.00,ธุรกิจส่วนตัว,0,ปกติ,13,0
L-27466,2023-12-22,35777.20,0.43,7,45,6,50000.00,ธุรกิจส่วนตัว,1,ปกติ,18,0
L-28254,2023-12-22,49596.76,0.689,201,46,2,150000.00,ข้าราชการ,1,ปกติ,2,0
L-31143,2023-12-22,9000.00,0.255,8,26,0,100000.00,ธุรกิจส่วนตัว,2,ปกติ,28,0
L-20443,2023-12-23,32847.84,0.528,2,37,1,300000.00,ธุรกิจส่วนตัว,0,ปกติ,7,0
L-21067,2023-12-23,26872.92,0.407,47,29,0,150000.00,อาชีพอิสระ,2,ปิดบัญชีแล้ว,4,0
L-21256,2023-12-23,22327.93,0.371,159,32,3,200000.00,อาชีพอิสระ,0,ปกติ,4,0
L-23085,2023-12-23,25435.48,0.621,166,52,6,300000.00,ข้าราชการ,0,ปกติ,16,0
L-23094,2023-12-23,60673.31,0.604,28,33,4,50000.00,พนักงานประจำ,2,ปกติ,28,0
L-23619,2023-12-23,9000.00,0.624,199,55,2,100000.00,พนักงานประจำ,3,ค้างชำระ,124,1
L-24411,2023-12-23,28532.69,0.43,105,34,3,200000.00,อาชีพอิสระ,1,ปกติ,2,0
L-24525,2023-12-23,12640.98,0.582,140,51,3,300000.00,ข้าราชการ,1,ปิดบัญชีแล้ว,23,0
L-25920,2023-12-23,48125.75,0.293,22,45,2,50000.00,อาชีพอิสระ,1,ปิดบัญชีแล้ว,24,0
L-26571,2023-12-23,47049.31,0.756,30,48,6,50000.00,อาชีพอิสระ,1,ปิดบัญชีแล้ว,8,0
L-30936,2023-12-23,19490.07,0.279,23,39,3,100000.00,ข้าราชการ,1,ปกติ,10,0
L-31812,2023-12-23,11826.21,0.285,43,48,1,50000.00,ธุรกิจส่วนตัว,1,ปกติ,17,0
L-20291,2023-12-24,34981.30,0.02,29,27,1,300000.00,พนักงานประจำ,0,ปิดบัญชีแล้ว,15,0
L-22059,2023-12-24,33269.43,0.42,111,21,4,150000.00,ข้าราชการ,9,ค้างชำระ,68,1
L-22390,2023-12-24,43272.36,0.412,20,49,5,200000.00,ข้าราชการ,0,ปิดบัญชีแล้ว,15,0
L-23621,2023-12-24,25000.51,0.347,95,28,0,500000.00,พนักงานประจำ,2,ปกติ,14,0
L-25982,2023-12-24,34291.13,0.597,105,65,3,50000.00,ธุรกิจส่วนตัว,2,ปกติ,13,0
L-27453,2023-12-24,40134.27,0.197,102,37,3,500000.00,ธุรกิจส่วนตัว,2,ปกติ,4,0
L-27835,2023-12-24,19971.50,0.42,236,21,3,100000.00,อาชีพอิสระ,2,ปกติ,17,0
L-28481,2023-12-24,9000.00,0.346,220,37,2,500000.00,พนักงานประจำ,0,ปกติ,23,0
L-29914,2023-12-24,36770.56,0.671,109,23,0,50000.00,ข้าราชการ,2,ปกติ,29,0
L-29970,2023-12-24,24337.72,0.675,224,53,4,150000.00,ข้าราชการ,0,ปิดบัญชีแล้ว,17,0
L-30100,2023-12-24,47983.84,0.388,171,63,6,200000.00,ข้าราชการ,0,ปกติ,25,0
L-30822,2023-12-24,21208.51,0.329,51,62,6,200000.00,พนักงานประจำ,2,ปกติ,6,0
L-20119,2023-12-25,47748.04,0.256,12,44,3,200000.00,พนักงานประจำ,1,ปกติ,4,0
L-23115,2023-12-25,15219.88,0.251,200,29,0,50000.00,ข้าราชการ,2,ปกติ,2,0
L-23414,2023-12-25,41999.53,0.508,90,55,0,100000.00,อาชีพอิสระ,1,ปกติ,20,0
L-23803,2023-12-25,31722.83,0.254,58,43,3,300000.00,ข้าราชการ,0,ปกติ,24,0
L-23902,2023-12-25,23995.23,0.449,235,49,4,200000.00,พนักงานประจำ,0,ปิดบัญชีแล้ว,23,0
L-24575,2023-12-25,46282.45,0.323,47,46,0,150000.00,ข้าราชการ,1,ปกติ,18,0
L-25661,2023-12-25,9000.00,0.02,175,42,5,50000.00,พนักงานประจำ,1,ปกติ,18,0
L-25680,2023-12-25,60395.23,0.479,35,42,6,500000.00,ธุรกิจส่วนตัว,2,ปกติ,29,0
L-26091,2023-12-25,32528.22,0.186,167,25,2,50000.00,ธุรกิจส่วนตัว,2,ปกติ,11,0
L-28009,2023-12-25,35240.15,0.633,120,23,2,300000.00,อาชีพอิสระ,0,ปกติ,15,0
L-28264,2023-12-25,24986.82,0.236,187,54,0,500000.00,อาชีพอิสระ,2,ปกติ,7,0
L-28798,2023-12-25,50652.96,0.388,81,63,6,300000.00,อาชีพอิสระ,4,ค้างชำระ,144,1
L-29341,2023-12-25,12464.84,0.135,225,21,6,200000.00,พนักงานประจำ,0,ปกติ,13,0
L-30416,2023-12-25,32088.50,0.247,102,41,5,100000.00,ข้าราชการ,1,ปกติ,28,0
L-30675,2023-12-25,30979.44,0.02,137,28,2,500000.00,อาชีพอิสระ,0,ปิดบัญชีแล้ว,27,0
L-31274,2023-12-25,39096.28,0.422,192,42,4,50000.00,อาชีพอิสระ,4,ค้างชำระ,149,1
L-21627,2023-12-26,18833.21,0.063,174,24,2,100000.00,อาชีพอิสระ,1,ปกติ,29,0
L-22345,2023-12-26,40364.59,0.373,196,40,1,150000.00,ข้าราชการ,2,ปิดบัญชีแล้ว,13,0
L-22434,2023-12-26,32973.74,0.352,231,37,6,300000.00,อาชีพอิสระ,2,ปกติ,19,0
L-23843,2023-12-26,63205.85,0.426,30,30,4,500000.00,อาชีพอิสระ,2,ปิดบัญชีแล้ว,12,0
L-23856,2023-12-26,43004.17,0.468,73,46,5,200000.00,ธุรกิจส่วนตัว,1,ปิดบัญชีแล้ว,11,0
L-24182,2023-12-26,36729.49,0.196,138,48,0,500000.00,อาชีพอิสระ,0,ปิดบัญชีแล้ว,20,0
L-24389,2023-12-26,34835.58,0.02,5,31,1,50000.00,ธุรกิจส่วนตัว,0,ปิดบัญชีแล้ว,27,0
L-24395,2023-12-26,25136.32,0.178,132,31,6,50000.00,อาชีพอิสระ,0,ปกติ,16,0
L-24901,2023-12-26,23347.54,0.621,128,41,5,300000.00,ข้าราชการ,7,ค้างชำระ,114,1
L-25023,2023-12-26,34782.58,0.497,42,46,0,500000.00,พนักงานประจำ,1,ปกติ,2,0
L-25889,2023-12-26,37677.97,0.482,207,64,3,150000.00,อาชีพอิสระ,2,ปิดบัญชีแล้ว,6,0
L-27562,2023-12-26,56644.14,0.521,97,65,1,500000.00,ข้าราชการ,2,ปกติ,1,0
L-29572,2023-12-26,17972.37,0.681,163,37,4,300000.00,ข้าราชการ,0,ปิดบัญชีแล้ว,10,0
L-20883,2023-12-27,53814.64,0.623,162,63,6,150000.00,พนักงานประจำ,0,ปกติ,3,0
L-22171,2023-12-27,27400.49,0.62,42,35,5,200000.00,ธุรกิจส่วนตัว,1,ปกติ,13,0
L-22714,2023-12-27,30250.80,0.273,116,35,2,200000.00,ข้าราชการ,2,ปิดบัญชีแล้ว,7,0
L-23036,2023-12-27,35112.63,0.02,170,46,3,150000.00,พนักงานประจำ,2,ปิดบัญชีแล้ว,0,0
L-23670,2023-12-27,41429.69,0.51,88,44,1,500000.00,อาชีพอิสระ,14,ค้างชำระ,165,1
L-24410,2023-12-27,24313.04,0.02,122,52,5,300000.00,ธุรกิจส่วนตัว,1,ปกติ,2,0
L-24781,2023-12-27,24190.58,0.353,115,53,3,150000.00,อาชีพอิสระ,0,ปกติ,14,0
L-25903,2023-12-27,28042.49,0.482,95,24,4,150000.00,พนักงานประจำ,1,ปิดบัญชีแล้ว,21,0
L-27235,2023-12-27,48447.45,0.303,224,63,4,50000.00,พนักงานประจำ,0,ปิดบัญชีแล้ว,22,0
L-28670,2023-12-27,45144.48,0.163,213,48,1,50000.00,ข้าราชการ,2,ปกติ,5,0
L-28681,2023-12-27,34209.83,0.412,38,50,1,150000.00,ธุรกิจส่วนตัว,0,ปิดบัญชีแล้ว,9,0
L-29060,2023-12-27,25773.93,0.513,225,43,0,100000.00,ธุรกิจส่วนตัว,1,ปิดบัญชีแล้ว,30,0
L-31712,2023-12-27,44335.54,0.325,229,48,6,150000.00,พนักงานประจำ,0,ปกติ,28,0
L-20702,2023-12-28,23949.48,0.211,221,58,5,50000.00,ธุรกิจส่วนตัว,0,ปกติ,20,0
L-21043,2023-12-28,27429.60,0.389,226,34,0,200000.00,พนักงานประจำ,0,ปกติ,13,0
L-21785,2023-12-28,12663.29,0.663,191,23,0,100000.00,ธุรกิจส่วนตัว,2,ปกติ,9,0
L-22293,2023-12-28,24834.32,0.409,149,48,4,150000.00,ข้าราชการ,1,ปกติ,8,0
L-22369,2023-12-28,13675.66,0.46,173,64,5,500000.00,อาชีพอิสระ,2,ปกติ,18,0
L-23470,2023-12-28,52977.63,0.381,76,26,3,100000.00,พนักงานประจำ,1,ปกติ,14,0
L-23624,2023-12-28,35506.65,0.45,60,51,5,300000.00,ธุรกิจส่วนตัว,1,ปกติ,3,0
L-23855,2023-12-28,15849.90,0.176,139,48,2,50000.00,ข้าราชการ,0,ปิดบัญชีแล้ว,26,0
L-24423,2023-12-28,9000.00,0.35,60,54,6,50000.00,ธุรกิจส่วนตัว,0,ปกติ,23,0
L-24716,2023-12-28,31577.48,0.059,221,55,4,500000.00,พนักงานประจำ,6,ค้างชำระ,74,1
L-26389,2023-12-28,9000.00,0.31,57,30,3,200000.00,พนักงานประจำ,1,ปกติ,4,0
L-27159,2023-12-28,45652.96,0.438,187,30,6,100000.00,ข้าราชการ,0,ปกติ,12,0
L-28206,2023-12-28,34892.91,0.303,149,24,2,100000.00,ธุรกิจส่วนตัว,1,ปกติ,21,0
L-29241,2023-12-28,28662.23,0.261,91,59,0,500000.00,ข้าราชการ,2,ปิดบัญชีแล้ว,7,0
L-29789,2023-12-28,45965.78,0.491,28,45,5,200000.00,พนักงานประจำ,2,ปกติ,11,0
L-31242,2023-12-28,24373.73,0.215,15,52,3,150000.00,อาชีพอิสระ,1,ปกติ,8,0
L-31667,2023-12-28,46006.00,0.592,180,36,6,50000.00,พนักงานประจำ,3,ค้างชำระ,132,1
L-20117,2023-12-29,35776.69,0.436,35,34,5,150000.00,ธุรกิจส่วนตัว,0,ปกติ,13,0
L-20414,2023-12-29,36630.91,0.318,75,55,2,150000.00,พนักงานประจำ,2,ปิดบัญชีแล้ว,1,0
L-20575,2023-12-29,14729.77,0.025,183,32,6,50000.00,ข้าราชการ,2,ปิดบัญชีแล้ว,0,0
L-21520,2023-12-29,36061.93,0.454,110,39,2,50000.00,พนักงานประจำ,0,ปกติ,24,0
L-22300,2023-12-29,46734.80,0.369,172,34,3,200000.00,ธุรกิจส่วนตัว,0,ปกติ,19,0
L-22387,2023-12-29,33964.94,0.026,74,41,0,300000.00,พนักงานประจำ,0,ปิดบัญชีแล้ว,12,0
L-22727,2023-12-29,33196.16,0.035,169,58,1,300000.00,ข้าราชการ,0,ปกติ,0,0
L-23672,2023-12-29,37671.44,0.223,66,30,6,300000.00,ข้าราชการ,2,ปกติ,26,0
L-25019,2023-12-29,38721.09,0.415,119,50,2,500000.00,อาชีพอิสระ,0,ปกติ,25,0
L-25045,2023-12-29,19158.85,0.306,197,57,5,300000.00,พนักงานประจำ,1,ปกติ,9,0
L-26160,2023-12-29,43628.34,0.358,195,62,3,100000.00,อาชีพอิสระ,0,ปกติ,20,0
L-26192,2023-12-29,50195.65,0.091,10,22,5,150000.00,พนักงานประจำ,1,ปกติ,29,0
L-26879,2023-12-29,17059.24,0.021,232,39,1,150000.00,ธุรกิจส่วนตัว,0,ปกติ,16,0
L-26900,2023-12-29,31416.22,0.145,116,46,0,100000.00,พนักงานประจำ,2,ปกติ,13,0
L-27441,2023-12-29,33225.08,0.333,96,21,1,300000.00,ข้าราชการ,1,ปิดบัญชีแล้ว,12,0
L-29073,2023-12-29,33061.11,0.133,8,54,0,300000.00,ข้าราชการ,1,ปกติ,7,0
L-20059,2023-12-30,32358.52,0.383,207,49,3,100000.00,ธุรกิจส่วนตัว,0,ปกติ,6,0
L-20297,2023-12-30,21710.18,0.59,139,60,0,100000.00,ธุรกิจส่วนตัว,1,ปกติ,27,0
L-20507,2023-12-30,27519.14,0.448,226,41,1,150000.00,ข้าราชการ,0,ปกติ,12,0
L-21232,2023-12-30,26667.81,0.405,94,36,4,500000.00,ธุรกิจส่วนตัว,2,ปกติ,24,0
L-22485,2023-12-30,13844.98,0.402,130,40,1,500000.00,ข้าราชการ,1,ปกติ,24,0
L-24335,2023-12-30,39789.42,0.712,191,57,1,100000.00,พนักงานประจำ,1,ปิดบัญชีแล้ว,15,0
L-25456,2023-12-30,28471.49,0.404,201,47,4,500000.00,อาชีพอิสระ,2,ปกติ,24,0
L-26623,2023-12-30,28750.09,0.474,231,34,2,200000.00,พนักงานประจำ,2,ปกติ,30,0
L-27110,2023-12-30,13162.24,0.11,16,52,6,200000.00,ธุรกิจส่วนตัว,2,ปกติ,16,0
L-27218,2023-12-30,14019.28,0.335,213,46,3,500000.00,อาชีพอิสระ,1,ปกติ,21,0
L-27239,2023-12-30,33602.20,0.534,229,24,4,200000.00,พนักงานประจำ,2,ปกติ,9,0
L-28362,2023-12-30,36873.50,0.454,201,30,2,300000.00,อาชีพอิสระ,2,ปกติ,18,0
L-28437,2023-12-30,32675.16,0.388,101,27,3,100000.00,อาชีพอิสระ,1,ปกติ,25,0
L-28751,2023-12-30,44417.01,0.205,178,57,4,200000.00,ข้าราชการ,0,ปิดบัญชีแล้ว,4,0
L-28764,2023-12-30,27645.13,0.536,203,46,3,300000.00,ธุรกิจส่วนตัว,1,ปกติ,13,0
L-30121,2023-12-30,39983.30,0.326,20,57,6,150000.00,ข้าราชการ,2,ปิดบัญชีแล้ว,16,0
L-31355,2023-12-30,33012.36,0.733,155,26,2,200000.00,พนักงานประจำ,1,ปกติ,24,0
L-31742,2023-12-30,53291.50,0.425,161,42,2,100000.00,ธุรกิจส่วนตัว,2,ปกติ,6,0
L-21461,2023-12-31,39099.78,0.382,8,34,5,50000.00,ข้าราชการ,1,ปกติ,27,0
L-21593,2023-12-31,41330.34,0.499,187,64,1,200000.00,อาชีพอิสระ,1,ปกติ,25,0
L-25547,2023-12-31,47399.96,0.489,228,41,0,200000.00,ธุรกิจส่วนตัว,1,ปกติ,7,0
L-31491,2023-12-31,55474.19,0.385,81,52,3,500000.00,อาชีพอิสระ,1,ปกติ,28,0
L-31674,2023-12-31,37582.95,0.37,219,65,6,100000.00,ข้าราชการ,0,ปิดบัญชีแล้ว,25,0
L-20820,2024-01-01,9000.00,0.157,40,43,3,200000.00,ธุรกิจส่วนตัว,1,ปกติ,25,0
L-22214,2024-01-01,13622.93,0.4,6,57,3,500000.00,ข้าราชการ,6,ค้างชำระ,72,1
L-23117,2024-01-01,35580.60,0.341,172,55,5,200000.00,พนักงานประจำ,2,ปกติ,21,0
L-23410,2024-01-01,22641.54,0.393,2,31,3,200000.00,ข้าราชการ,1,ปิดบัญชีแล้ว,28,0
L-27305,2024-01-01,36917.36,0.167,94,59,4,300000.00,อาชีพอิสระ,1,ปกติ,9,0
L-27363,2024-01-01,32873.09,0.486,196,36,4,150000.00,พนักงานประจำ,2,ปกติ,29,0
L-27476,2024-01-01,42995.94,0.531,165,50,1,500000.00,ข้าราชการ,1,ปกติ,22,0
L-27920,2024-01-01,33979.75,0.316,119,32,3,300000.00,อาชีพอิสระ,0,ปกติ,6,0
L-28124,2024-01-01,27639.38,0.309,87,50,1,150000.00,ข้าราชการ,0,ปกติ,28,0
L-29679,2024-01-01,45551.35,0.297,31,21,4,500000.00,พนักงานประจำ,1,ปิดบัญชีแล้ว,8,0
L-30792,2024-01-01,55594.49,0.415,59,42,0,500000.00,ข้าราชการ,0,ปกติ,1,0
L-31183,2024-01-01,19741.04,0.42,101,25,3,100000.00,อาชีพอิสระ,0,ปกติ,18,0
L-21280,2024-01-02,9000.00,0.105,60,37,6,200000.00,ข้าราชการ,0,ปิดบัญชีแล้ว,21,0
L-21835,2024-01-02,30148.68,0.761,233,44,3,500000.00,อาชีพอิสระ,0,ปกติ,24,0
L-23534,2024-01-02,36467.66,0.282,218,44,1,150000.00,ธุรกิจส่วนตัว,2,ปิดบัญชีแล้ว,25,0
L-24037,2024-01-02,36750.74,0.567,130,50,2,200000.00,อาชีพอิสระ,1,ปกติ,12,0
L-25055,2024-01-02,17912.64,0.508,191,25,6,300000.00,ธุรกิจส่วนตัว,0,ปกติ,29,0
L-25919,2024-01-02,28903.25,0.268,59,53,1,200000.00,ธุรกิจส่วนตัว,11,ค้างชำระ,46,1
L-26148,2024-01-02,39254.08,0.49,96,64,5,200000.00,ข้าราชการ,2,ปกติ,4,0
L-26319,2024-01-02,29805.95,0.096,203,61,3,150000.00,ข้าราชการ,0,ปิดบัญชีแล้ว,28,0
L-26444,2024-01-02,26424.15,0.523,124,51,4,200000.00,ธุรกิจส่วนตัว,0,ปกติ,0,0
L-27610,2024-01-02,35492.55,0.48,203,39,2,200000.00,พนักงานประจำ,4,ค้างชำระ,73,1
L-27942,2024-01-02,41879.05,0.415,51,21,4,150000.00,อาชีพอิสระ,9,ค้างชำระ,74,1
L-29429,2024-01-02,27738.52,0.02,222,43,3,500000.00,ข้าราชการ,1,ปกติ,15,0
L-30255,2024-01-02,15425.37,0.02,48,65,6,100000.00,ข้าราชการ,0,ปกติ,29,0
L-30926,2024-01-02,9000.00,0.553,29,26,4,150000.00,อาชีพอิสระ,0,ปิดบัญชีแล้ว,22,0
L-31738,2024-01-02,39944.33,0.535,28,28,2,200000.00,พนักงานประจำ,8,ค้างชำระ,144,1
L-20152,2024-01-03,60483.62,0.189,67,42,6,100000.00,อาชีพอิสระ,1,ปกติ,4,0
L-20267,2024-01-03,47655.50,0.559,232,59,2,50000.00,พนักงานประจำ,2,ปกติ,11,0
L-22134,2024-01-03,42868.00,0.524,188,62,2,100000.00,ธุรกิจส่วนตัว,1,ปิดบัญชีแล้ว,27,0
L-24324,2024-01-03,9000.00,0.341,90,24,5,50000.00,อาชีพอิสระ,0,ปกติ,9,0
L-25424,2024-01-03,51448.31,0.404,184,51,5,200000.00,พนักงานประจำ,11,ค้างชำระ,178,1
L-26840,2024-01-03,26638.49,0.16,218,22,0,50000.00,ข้าราชการ,2,ปกติ,8,0
L-27326,2024-01-03,29963.47,0.251,238,43,5,500000.00,พนักงานประจำ,2,ปิดบัญชีแล้ว,17,0
L-28704,2024-01-03,35321.85,0.073,147,55,4,200000.00,อาชีพอิสระ,2,ปกติ,27,0
L-29208,2024-01-03,35430.61,0.437,194,48,6,50000.00,อาชีพอิสระ,2,ปกติ,9,0
L-29760,2024-01-03,32317.13,0.327,110,45,5,200000.00,พนักงานประจำ,0,ปกติ,22,0
L-30623,2024-01-03,48239.43,0.193,169,57,6,200000.00,พนักงานประจำ,2,ปกติ,17,0
L-31170,2024-01-03,43978.77,0.292,5,46,1,500000.00,พนักงานประจำ,0,ปกติ,19,0
L-31544,2024-01-03,21852.81,0.456,63,41,2,300000.00,ธุรกิจส่วนตัว,0,ปกติ,12,0
L-31911,2024-01-03,27650.52,0.462,53,65,6,500000.00,พนักงานประจำ,1,ปิดบัญชีแล้ว,5,0
L-20628,2024-01-04,9000.00,0.606,14,26,6,300000.00,ธุรกิจส่วนตัว,2,ปกติ,30,0
L-21326,2024-01-04,30180.41,0.426,73,35,4,300000.00,ธุรกิจส่วนตัว,9,ค้างชำระ,69,1
L-21349,2024-01-04,31288.17,0.314,226,45,1,50000.00,อาชีพอิสระ,2,ปกติ,15,0
L-21907,2024-01-04,26549.41,0.507,5,64,4,300000.00,ธุรกิจส่วนตัว,9,ค้างชำระ,86,1
L-22428,2024-01-04,27950.12,0.29,127,30,5,300000.00,ข้าราชการ,2,ปกติ,30,0
L-23818,2024-01-04,35436.55,0.174,18,40,1,150000.00,ข้าราชการ,1,ปกติ,18,0
L-24938,2024-01-04,24811.85,0.598,94,21,6,500000.00,พนักงานประจำ,2,ปิดบัญชีแล้ว,0,0
L-25081,2024-01-04,45764.08,0.659,57,23,3,500000.00,ข้าราชการ,0,ปกติ,6,0
L-25108,2024-01-04,28207.52,0.288,92,39,0,100000.00,ธุรกิจส่วนตัว,1,ปิดบัญชีแล้ว,3,0
L-28701,2024-01-04,38733.22,0.583,171,48,6,500000.00,พนักงานประจำ,0,ปิดบัญชีแล้ว,10,0
L-29203,2024-01-04,15078.65,0.46,184,42,0,500000.00,ข้าราชการ,1,ปกติ,22,0
L-29338,2024-01-04,43427.95,0.027,144,54,3,100000.00,ธุรกิจส่วนตัว,0,ปกติ,9,0
L-30999,2024-01-04,37450.42,0.397,226,47,1,500000.00,ข้าราชการ,0,ปกติ,18,0
L-20402,2024-01-05,38781.72,0.526,12,28,0,200000.00,ธุรกิจส่วนตัว,0,ปกติ,1,0
L-21410,2024-01-05,26433.31,0.261,230,42,1,50000.00,อาชีพอิสระ,2,ปกติ,18,0
L-21632,2024-01-05,38667.92,0.666,218,40,2,500000.00,อาชีพอิสระ,1,ปกติ,24,0
L-22798,2024-01-05,37992.17,0.48,234,58,1,300000.00,อาชีพอิสระ,0,ปิดบัญชีแล้ว,11,0
L-23185,2024-01-05,11391.18,0.514,26,51,0,500000.00,อาชีพอิสระ,9,ค้างชำระ,110,1
L-24042,2024-01-05,21588.54,0.097,50,22,4,50000.00,ข้าราชการ,2,ปกติ,27,0
L-27362,2024-01-05,20266.72,0.106,10,59,1,500000.00,ข้าราชการ,2,ปกติ,27,0
L-27830,2024-01-05,18452.45,0.05,49,65,6,500000.00,ข้าราชการ,2,ปกติ,1,0
L-28299,2024-01-05,24951.23,0.473,143,37,3,150000.00,ข้าราชการ,0,ปกติ,24,0
L-28632,2024-01-05,30346.22,0.636,195,44,6,50000.00,อาชีพอิสระ,0,ปกติ,23,0
L-29157,2024-01-05,9000.00,0.474,118,59,1,50000.00,พนักงานประจำ,0,ปกติ,12,0
L-31580,2024-01-05,17304.56,0.114,109,26,3,100000.00,ข้าราชการ,1,ปกติ,16,0
L-20416,2024-01-06,44148.02,0.02,158,60,6,100000.00,ข้าราชการ,1,ปกติ,3,0
L-22290,2024-01-06,39148.01,0.628,156,55,6,50000.00,อาชีพอิสระ,2,ปิดบัญชีแล้ว,29,0
L-24387,2024-01-06,18697.22,0.284,58,22,3,200000.00,ธุรกิจส่วนตัว,0,ปกติ,20,0
L-25418,2024-01-06,49207.26,0.224,100,24,6,300000.00,พนักงานประจำ,1,ปกติ,12,0
L-26348,2024-01-06,30223.41,0.273,53,63,1,300000.00,ข้าราชการ,2,ปกติ,28,0
L-28482,2024-01-06,24797.18,0.583,21,53,0,200000.00,ข้าราชการ,2,ปกติ,27,0
L-20232,2024-01-07,9000.00,0.164,100,46,4,100000.00,ธุรกิจส่วนตัว,10,ค้างชำระ,97,1
L-20458,2024-01-07,24983.09,0.445,134,46,3,100000.00,ข้าราชการ,1,ปิดบัญชีแล้ว,13,0
L-20611,2024-01-07,23470.03,0.333,120,64,4,50000.00,พนักงานประจำ,1,ปกติ,14,0
L-21255,2024-01-07,36125.73,0.542,59,48,5,200000.00,อาชีพอิสระ,1,ปกติ,18,0
L-24805,2024-01-07,49734.91,0.447,161,33,6,300000.00,ธุรกิจส่วนตัว,1,ปิดบัญชีแล้ว,13,0
L-25606,2024-01-07,17256.53,0.325,19,27,5,150000.00,ธุรกิจส่วนตัว,1,ปิดบัญชีแล้ว,3,0
L-26981,2024-01-07,33725.62,0.322,38,42,5,50000.00,พนักงานประจำ,2,ปกติ,22,0
L-28547,2024-01-07,10647.61,0.276,154,40,4,50000.00,พนักงานประจำ,0,ปิดบัญชีแล้ว,22,0
L-28975,2024-01-07,29331.94,0.61,161,61,5,50000.00,ข้าราชการ,1,ปกติ,9,0
L-29842,2024-01-07,40812.65,0.272,82,28,2,300000.00,อาชีพอิสระ,1,ปกติ,8,0
L-30226,2024-01-07,50182.77,0.146,109,46,4,100000.00,ธุรกิจส่วนตัว,0,ปิดบัญชีแล้ว,25,0
L-20667,2024-01-08,28726.62,0.479,97,51,4,300000.00,พนักงานประจำ,0,ปกติ,6,0
L-21827,2024-01-08,40367.08,0.399,139,58,1,200000.00,ธุรกิจส่วนตัว,0,ปกติ,27,0
L-24120,2024-01-08,36177.23,0.512,139,24,2,500000.00,อาชีพอิสระ,1,ปกติ,23,0
L-27603,2024-01-08,9000.00,0.035,24,55,3,50000.00,พนักงานประจำ,1,ปกติ,15,0
L-30351,2024-01-08,21579.03,0.58,156,55,4,300000.00,พนักงานประจำ,2,ปกติ,27,0
L-30890,2024-01-08,11139.67,0.386,215,62,6,50000.00,อาชีพอิสระ,2,ปกติ,18,0
L-21430,2024-01-09,29038.72,0.261,154,63,6,200000.00,พนักงานประจำ,2,ปกติ,29,0
L-21748,2024-01-09,50386.19,0.25,54,64,2,300000.00,อาชีพอิสระ,0,ปิดบัญชีแล้ว,13,0
L-22313,2024-01-09,28552.17,0.475,35,22,4,500000.00,พนักงานประจำ,0,ปกติ,27,0
L-26382,2024-01-09,42270.32,0.273,156,53,3,500000.00,ข้าราชการ,1,ปกติ,13,0
L-28135,2024-01-09,43250.28,0.519,0,39,6,200000.00,ข้าราชการ,10,ค้างชำระ,88,1
L-28297,2024-01-09,19786.32,0.182,50,29,2,100000.00,ข้าราชการ,2,ปิดบัญชีแล้ว,7,0
L-28439,2024-01-09,29854.39,0.562,163,55,3,300000.00,ข้าราชการ,1,ปกติ,3,0
L-28944,2024-01-09,57025.09,0.581,81,31,2,500000.00,อาชีพอิสระ,2,ปิดบัญชีแล้ว,12,0
L-21589,2024-01-10,49432.88,0.518,4,35,5,100000.00,ธุรกิจส่วนตัว,0,ปกติ,23,0
L-21679,2024-01-10,44518.81,0.375,179,62,5,500000.00,ข้าราชการ,1,ปกติ,13,0
L-23282,2024-01-10,20084.21,0.496,231,55,5,500000.00,ธุรกิจส่วนตัว,2,ปกติ,25,0
L-23635,2024-01-10,46477.29,0.544,160,36,1,500000.00,พนักงานประจำ,0,ปกติ,20,0
L-23929,2024-01-10,45830.46,0.84,38,60,1,300000.00,ข้าราชการ,0,ปิดบัญชีแล้ว,14,0
L-24224,2024-01-10,41853.17,0.338,187,30,6,500000.00,อาชีพอิสระ,1,ปกติ,21,0
L-24533,2024-01-10,13140.78,0.264,69,60,0,150000.00,ธุรกิจส่วนตัว,0,ปกติ,1,0
L-24843,2024-01-10,33797.97,0.526,94,29,3,200000.00,พนักงานประจำ,2,ปิดบัญชีแล้ว,13,0
L-26013,2024-01-10,33806.29,0.456,214,40,0,200000.00,ธุรกิจส่วนตัว,2,ปกติ,18,0
L-26659,2024-01-10,20746.09,0.434,40,33,3,200000.00,อาชีพอิสระ,0,ปกติ,0,0
L-27685,2024-01-10,9000.00,0.729,236,61,5,150000.00,ข้าราชการ,1,ปิดบัญชีแล้ว,11,0
L-27919,2024-01-10,41972.10,0.532,9,42,1,100000.00,อาชีพอิสระ,1,ปกติ,18,0
L-28035,2024-01-10,23386.13,0.552,119,50,3,150000.00,อาชีพอิสระ,1,ปกติ,18,0
L-30242,2024-01-10,55606.45,0.395,174,58,2,200000.00,อาชีพอิสระ,1,ปิดบัญชีแล้ว,19,0
L-31177,2024-01-10,44505.56,0.298,150,45,2,500000.00,พนักงานประจำ,0,ปกติ,12,0
L-31200,2024-01-10,60838.43,0.576,2,47,5,500000.00,ธุรกิจส่วนตัว,2,ปกติ,26,0
L-31500,2024-01-10,22545.03,0.42,139,36,5,300000.00,ข้าราชการ,0,ปิดบัญชีแล้ว,19,0
L-20202,2024-01-11,21209.35,0.336,71,40,4,100000.00,พนักงานประจำ,1,ปกติ,10,0
L-20276,2024-01-11,16376.13,0.364,223,61,3,150000.00,ข้าราชการ,4,ค้างชำระ,131,1
L-24567,2024-01-11,39059.15,0.485,30,30,0,150000.00,พนักงานประจำ,8,ค้างชำระ,77,1
L-30157,2024-01-11,9537.71,0.695,174,29,1,100000.00,อาชีพอิสระ,14,ค้างชำระ,127,1
L-30963,2024-01-11,53304.80,0.288,59,23,3,500000.00,ธุรกิจส่วนตัว,0,ปกติ,27,0
L-31894,2024-01-11,36469.85,0.347,191,54,5,50000.00,ข้าราชการ,0,ปกติ,16,0
L-20731,2024-01-12,12610.79,0.153,122,41,2,100000.00,ข้าราชการ,1,ปิดบัญชีแล้ว,14,0
L-21578,2024-01-12,49766.04,0.389,85,63,3,500000.00,ข้าราชการ,1,ปกติ,30,0
L-24336,2024-01-12,56066.66,0.692,25,52,5,500000.00,ธุรกิจส่วนตัว,1,ปิดบัญชีแล้ว,17,0
L-25039,2024-01-12,18167.59,0.527,91,56,2,50000.00,อาชีพอิสระ,0,ปิดบัญชีแล้ว,26,0
L-25671,2024-01-12,38116.77,0.49,213,39,4,100000.00,ข้าราชการ,1,ปกติ,10,0
L-26415,2024-01-12,59420.18,0.504,104,55,5,200000.00,พนักงานประจำ,0,ปกติ,2,0
L-28109,2024-01-12,9277.73,0.725,210,52,4,100000.00,อาชีพอิสระ,0,ปิดบัญชีแล้ว,18,0
L-28826,2024-01-12,19411.91,0.146,130,52,0,100000.00,พนักงานประจำ,0,ปกติ,11,0
L-29061,2024-01-12,9000.00,0.097,112,41,1,100000.00,อาชีพอิสระ,1,ปกติ,20,0
L-30861,2024-01-12,21609.11,0.633,150,46,1,100000.00,ธุรกิจส่วนตัว,2,ปิดบัญชีแล้ว,28,0
L-31217,2024-01-12,44967.42,0.407,73,35,3,300000.00,พนักงานประจำ,2,ปิดบัญชีแล้ว,29,0
L-31433,2024-01-12,20324.90,0.417,39,34,5,100000.00,ธุรกิจส่วนตัว,1,ปิดบัญชีแล้ว,21,0
L-21316,2024-01-13,30513.41,0.528,35,49,0,500000.00,ข้าราชการ,12,ค้างชำระ,72,1
L-23188,2024-01-13,40361.32,0.148,35,47,6,500000.00,ธุรกิจส่วนตัว,2,ปิดบัญชีแล้ว,30,0
L-24461,2024-01-13,47112.87,0.534,200,35,3,150000.00,พนักงานประจำ,0,ปกติ,28,0
L-24917,2024-01-13,41509.46,0.141,239,34,6,300000.00,อาชีพอิสระ,2,ปิดบัญชีแล้ว,11,0
L-25060,2024-01-13,22122.26,0.232,129,45,0,100000.00,พนักงานประจำ,0,ปกติ,28,0
L-27010,2024-01-13,22552.59,0.436,175,24,2,300000.00,อาชีพอิสระ,2,ปกติ,17,0
L-27024,2024-01-13,39965.67,0.091,190,32,4,100000.00,พนักงานประจำ,0,ปกติ,28,0
L-28510,2024-01-13,26260.28,0.567,25,48,4,50000.00,พนักงานประจำ,2,ปิดบัญชีแล้ว,4,0
L-29350,2024-01-13,11588.58,0.408,203,22,0,100000.00,ธุรกิจส่วนตัว,0,ปิดบัญชีแล้ว,12,0
L-31074,2024-01-13,40469.70,0.457,55,37,0,150000.00,ข้าราชการ,1,ปกติ,13,0
L-31669,2024-01-13,40666.51,0.482,146,28,6,300000.00,ธุรกิจส่วนตัว,0,ปิดบัญชีแล้ว,11,0
L-22119,2024-01-14,27068.52,0.422,56,56,3,200000.00,อาชีพอิสระ,0,ปิดบัญชีแล้ว,18,0
L-22548,2024-01-14,9078.85,0.507,20,45,4,150000.00,ข้าราชการ,0,ปิดบัญชีแล้ว,24,0
L-26097,2024-01-14,27066.39,0.49,6,23,1,300000.00,อาชีพอิสระ,2,ปิดบัญชีแล้ว,26,0
L-26287,2024-01-14,33888.08,0.343,26,30,2,100000.00,ธุรกิจส่วนตัว,0,ปิดบัญชีแล้ว,20,0
L-26407,2024-01-14,31485.07,0.415,33,41,6,50000.00,ข้าราชการ,2,ปกติ,25,0
L-27137,2024-01-14,34409.27,0.398,46,48,6,150000.00,ข้าราชการ,1,ปกติ,9,0
L-28452,2024-01-14,22197.53,0.409,10,39,3,300000.00,พนักงานประจำ,8,ค้างชำระ,171,1
L-30507,2024-01-14,9000.00,0.22,118,53,5,500000.00,พนักงานประจำ,2,ปกติ,11,0
L-31249,2024-01-14,26624.09,0.243,109,51,0,200000.00,พนักงานประจำ,2,ปิดบัญชีแล้ว,11,0
L-31612,2024-01-14,15877.91,0.609,50,27,0,50000.00,พนักงานประจำ,2,ปกติ,4,0
L-21649,2024-01-15,9297.01,0.243,145,44,3,200000.00,พนักงานประจำ,2,ปกติ,0,0
L-23822,2024-01-15,33946.78,0.388,27,32,1,200000.00,ข้าราชการ,1,ปกติ,0,0
L-25152,2024-01-15,31517.99,0.399,55,28,6,500000.00,อาชีพอิสระ,4,ค้างชำระ,172,1
L-26599,2024-01-15,26941.31,0.593,11,33,1,200000.00,ธุรกิจส่วนตัว,2,ปิดบัญชีแล้ว,14,0
L-27354,2024-01-15,45059.86,0.396,40,56,1,500000.00,ธุรกิจส่วนตัว,1,ปกติ,1,0
L-27442,2024-01-15,26919.23,0.517,124,32,2,200000.00,พนักงานประจำ,0,ปิดบัญชีแล้ว,17,0
L-28020,2024-01-15,31830.97,0.563,82,37,4,50000.00,ข้าราชการ,1,ปกติ,10,0
L-29714,2024-01-15,18437.46,0.129,173,26,0,200000.00,อาชีพอิสระ,2,ปกติ,16,0
L-30664,2024-01-15,24433.66,0.3,233,60,1,150000.00,ข้าราชการ,1,ปกติ,5,0
L-21329,2024-01-16,40498.80,0.307,4,26,6,300000.00,ข้าราชการ,14,ค้างชำระ,46,1
L-22717,2024-01-16,9000.00,0.298,80,47,2,500000.00,ธุรกิจส่วนตัว,2,ปิดบัญชีแล้ว,2,0
L-23343,2024-01-16,46224.86,0.575,140,21,1,200000.00,อาชีพอิสระ,1,ปกติ,25,0
L-23372,2024-01-16,15133.35,0.333,51,65,6,150000.00,พนักงานประจำ,2,ปกติ,17,0
L-25443,2024-01-16,34671.45,0.315,153,53,4,500000.00,พนักงานประจำ,2,ปกติ,11,0
L-26096,2024-01-16,9000.00,0.225,145,26,2,50000.00,อาชีพอิสระ,1,ปกติ,6,0
L-27324,2024-01-16,33430.64,0.435,157,39,3,500000.00,ธุรกิจส่วนตัว,7,ค้างชำระ,164,1
L-27891,2024-01-16,36512.14,0.607,190,47,5,100000.00,ธุรกิจส่วนตัว,1,ปิดบัญชีแล้ว,22,0
L-29107,2024-01-16,34313.11,0.34,74,50,1,200000.00,ธุรกิจส่วนตัว,2,ปกติ,3,0
L-29213,2024-01-16,9000.00,0.265,79,39,4,200000.00,อาชีพอิสระ,0,ปิดบัญชีแล้ว,29,0
L-30409,2024-01-16,22356.21,0.698,111,31,1,150000.00,อาชีพอิสระ,7,ค้างชำระ,157,1
L-30624,2024-01-16,9000.00,0.354,125,36,6,50000.00,พนักงานประจำ,1,ปกติ,23,0
L-31541,2024-01-16,33443.81,0.283,83,34,5,100000.00,ข้าราชการ,2,ปกติ,16,0
L-31570,2024-01-16,36232.63,0.181,193,40,1,100000.00,อาชีพอิสระ,2,ปกติ,20,0
L-21866,2024-01-17,15095.91,0.251,128,63,5,50000.00,ธุรกิจส่วนตัว,0,ปกติ,16,0
L-21991,2024-01-17,32159.43,0.484,197,65,3,300000.00,ธุรกิจส่วนตัว,1,ปิดบัญชีแล้ว,6,0
L-23574,2024-01-17,44173.37,0.452,125,58,5,100000.00,พนักงานประจำ,2,ปกติ,20,0
L-23680,2024-01-17,36234.60,0.596,78,50,6,150000.00,พนักงานประจำ,14,ค้างชำระ,74,1
L-25865,2024-01-17,27773.03,0.371,111,49,1,150000.00,พนักงานประจำ,0,ปกติ,2,0
L-28612,2024-01-17,21376.79,0.02,126,25,4,200000.00,ข้าราชการ,1,ปกติ,5,0
L-29472,2024-01-17,35088.45,0.528,23,28,3,300000.00,อาชีพอิสระ,0,ปกติ,15,0
L-31071,2024-01-17,33806.19,0.264,208,44,6,500000.00,ธุรกิจส่วนตัว,0,ปกติ,22,0
L-20904,2024-01-18,26106.25,0.719,55,57,0,500000.00,ข้าราชการ,1,ปกติ,5,0
L-24572,2024-01-18,21545.02,0.395,32,54,3,500000.00,ข้าราชการ,1,ปกติ,8,0
L-24835,2024-01-18,57571.15,0.42,34,21,0,50000.00,ธุรกิจส่วนตัว,2,ปิดบัญชีแล้ว,9,0
L-25969,2024-01-18,37381.69,0.416,210,46,6,100000.00,ข้าราชการ,1,ปกติ,17,0
L-26361,2024-01-18,26844.27,0.083,20,46,3,500000.00,อาชีพอิสระ,2,ปกติ,5,0
L-26391,2024-01-18,21587.72,0.532,118,49,6,200000.00,พนักงานประจำ,13,ค้างชำระ,114,1
L-26697,2024-01-18,16512.62,0.468,157,38,1,150000.00,ธุรกิจส่วนตัว,0,ปิดบัญชีแล้ว,19,0
L-27444,2024-01-18,37360.99,0.255,156,28,2,300000.00,อาชีพอิสระ,2,ปกติ,2,0
L-31049,2024-01-18,23287.44,0.251,211,45,2,500000.00,พนักงานประจำ,0,ปกติ,1,0
L-31221,2024-01-18,9000.00,0.329,236,35,3,150000.00,อาชีพอิสระ,2,ปกติ,3,0
L-31940,2024-01-18,27826.33,0.268,65,30,4,500000.00,ธุรกิจส่วนตัว,0,ปิดบัญชีแล้ว,26,0
L-21193,2024-01-19,9000.00,0.391,154,44,6,300000.00,พนักงานประจำ,1,ปกติ,8,0
L-23922,2024-01-19,15831.19,0.02,111,22,2,500000.00,ข้าราชการ,1,ปกติ,24,0
L-24226,2024-01-19,29437.90,0.645,1,64,5,500000.00,อาชีพอิสระ,0,ปกติ,4,0
L-24687,2024-01-19,51516.14,0.438,106,52,5,150000.00,ธุรกิจส่วนตัว,0,ปิดบัญชีแล้ว,22,0
L-25283,2024-01-19,36276.76,0.537,210,52,0,50000.00,อาชีพอิสระ,0,ปกติ,26,0
L-25993,2024-01-19,57913.28,0.67,15,54,6,50000.00,อาชีพอิสระ,1,ปกติ,5,0
L-26488,2024-01-19,32689.43,0.332,17,63,2,50000.00,ข้าราชการ,2,ปิดบัญชีแล้ว,16,0
L-27181,2024-01-19,42219.36,0.519,25,58,5,500000.00,ข้าราชการ,5,ค้างชำระ,180,1
L-30501,2024-01-19,13890.56,0.309,78,45,3,100000.00,ข้าราชการ,2,ปกติ,2,0
L-31216,2024-01-19,18425.80,0.259,53,54,1,100000.00,ธุรกิจส่วนตัว,1,ปกติ,5,0
L-31367,2024-01-19,9621.63,0.218,82,43,3,100000.00,ธุรกิจส่วนตัว,0,ปกติ,18,0
L-31623,2024-01-19,41022.63,0.461,146,59,5,50000.00,อาชีพอิสระ,0,ปกติ,20,0
L-31755,2024-01-19,56445.12,0.573,36,45,3,500000.00,พนักงานประจำ,2,ปกติ,5,0
L-20014,2024-01-20,32316.33,0.162,138,34,2,300000.00,อาชีพอิสระ,1,ปกติ,29,0
L-20779,2024-01-20,30701.04,0.324,138,62,1,100000.00,อาชีพอิสระ,0,ปกติ,27,0
L-20827,2024-01-20,51418.74,0.284,137,37,6,150000.00,อาชีพอิสระ,1,ปิดบัญชีแล้ว,25,0
L-21661,2024-01-20,20566.16,0.298,70,39,3,500000.00,พนักงานประจำ,1,ปกติ,20,0
L-22299,2024-01-20,46247.81,0.579,100,62,4,100000.00,อาชีพอิสระ,2,ปิดบัญชีแล้ว,24,0
L-23558,2024-01-20,14727.51,0.344,60,55,2,500000.00,พนักงานประจำ,0,ปิดบัญชีแล้ว,21,0
L-23841,2024-01-20,55301.98,0.385,79,59,5,50000.00,พนักงานประจำ,1,ปิดบัญชีแล้ว,28,0
L-23968,2024-01-20,42670.20,0.184,188,28,2,150000.00,พนักงานประจำ,1,ปกติ,11,0
L-24443,2024-01-20,61588.00,0.433,50,47,6,150000.00,ข้าราชการ,2,ปกติ,7,0
L-24746,2024-01-20,38339.06,0.452,164,34,1,100000.00,ธุรกิจส่วนตัว,0,ปกติ,22,0
L-27802,2024-01-20,36997.53,0.613,217,34,6,50000.00,ธุรกิจส่วนตัว,1,ปกติ,2,0
L-28499,2024-01-20,21703.37,0.588,188,51,3,50000.00,ธุรกิจส่วนตัว,2,ปกติ,22,0
L-29165,2024-01-20,42472.78,0.351,90,52,3,300000.00,ธุรกิจส่วนตัว,1,ปกติ,3,0
L-29275,2024-01-20,48728.98,0.441,150,60,5,50000.00,พนักงานประจำ,2,ปิดบัญชีแล้ว,1,0
L-30512,2024-01-20,34762.28,0.272,135,33,3,50000.00,ข้าราชการ,1,ปกติ,0,0
L-30891,2024-01-20,27531.50,0.318,238,52,5,100000.00,อาชีพอิสระ,0,ปิดบัญชีแล้ว,13,0
L-20048,2024-01-21,19582.64,0.047,20,26,2,300000.00,ข้าราชการ,2,ปิดบัญชีแล้ว,22,0
L-20940,2024-01-21,12827.94,0.283,239,30,3,150000.00,อาชีพอิสระ,2,ปิดบัญชีแล้ว,26,0
L-21512,2024-01-21,39505.98,0.163,190,44,3,200000.00,ข้าราชการ,2,ปกติ,0,0
L-24343,2024-01-21,51759.64,0.315,240,34,2,500000.00,ข้าราชการ,0,ปิดบัญชีแล้ว,11,0
L-24386,2024-01-21,32353.61,0.086,55,30,4,200000.00,ธุรกิจส่วนตัว,2,ปกติ,7,0
L-24700,2024-01-21,14417.99,0.226,38,34,1,500000.00,ข้าราชการ,1,ปกติ,29,0
L-24893,2024-01-21,12904.76,0.295,164,56,3,100000.00,อาชีพอิสระ,2,ปกติ,25,0
L-26537,2024-01-21,31363.65,0.466,108,33,3,300000.00,ข้าราชการ,2,ปกติ,21,0
L-27728,2024-01-21,34001.55,0.02,232,57,4,300000.00,ข้าราชการ,1,ปิดบัญชีแล้ว,30,0
L-20945,2024-01-22,18994.13,0.451,152,59,6,300000.00,ข้าราชการ,2,ปกติ,2,0
L-22622,2024-01-22,34874.87,0.408,199,26,6,150000.00,ธุรกิจส่วนตัว,1,ปิดบัญชีแล้ว,16,0
L-23152,2024-01-22,20433.68,0.164,171,63,2,50000.00,พนักงานประจำ,0,ปกติ,5,0
L-25192,2024-01-22,25115.65,0.4,122,34,1,300000.00,พนักงานประจำ,1,ปกติ,14,0
L-27211,2024-01-22,26041.20,0.194,206,43,1,100000.00,พนักงานประจำ,2,ปกติ,2,0
L-27813,2024-01-22,9340.53,0.352,226,41,3,150000.00,พนักงานประจำ,2,ปกติ,18,0
L-28105,2024-01-22,50829.33,0.48,78,62,1,500000.00,พนักงานประจำ,0,ปิดบัญชีแล้ว,21,0
L-30088,2024-01-22,39385.55,0.69,156,53,0,300000.00,พนักงานประจำ,1,ปกติ,23,0
L-30811,2024-01-22,18848.55,0.152,10,30,6,150000.00,ธุรกิจส่วนตัว,0,ปกติ,23,0
L-30978,2024-01-22,29353.30,0.485,178,40,2,100000.00,ข้าราชการ,2,ปกติ,5,0
L-31460,2024-01-22,23773.08,0.51,210,60,4,150000.00,ธุรกิจส่วนตัว,1,ปิดบัญชีแล้ว,16,0
L-21242,2024-01-23,9000.00,0.252,37,56,3,300000.00,ธุรกิจส่วนตัว,2,ปกติ,24,0
L-23685,2024-01-23,41374.07,0.499,177,47,1,200000.00,ธุรกิจส่วนตัว,2,ปกติ,27,0
L-25281,2024-01-23,35759.76,0.188,182,21,0,100000.00,อาชีพอิสระ,0,ปกติ,17,0
L-25532,2024-01-23,40172.94,0.343,232,33,0,100000.00,ข้าราชการ,2,ปิดบัญชีแล้ว,10,0
L-28241,2024-01-23,41694.91,0.5,234,61,1,300000.00,ธุรกิจส่วนตัว,0,ปกติ,26,0
L-31684,2024-01-23,28907.58,0.371,173,32,2,200000.00,พนักงานประจำ,2,ปกติ,23,0
L-20286,2024-01-24,30136.44,0.23,81,55,6,50000.00,อาชีพอิสระ,2,ปกติ,29,0
L-20946,2024-01-24,32422.65,0.25,46,41,2,150000.00,อาชีพอิสระ,0,ปกติ,15,0
L-22825,2024-01-24,41979.50,0.447,114,60,1,300000.00,ข้าราชการ,0,ปกติ,3,0
L-23942,2024-01-24,31430.72,0.527,207,50,5,500000.00,พนักงานประจำ,12,ค้างชำระ,87,1
L-23978,2024-01-24,34584.14,0.571,118,25,6,150000.00,ข้าราชการ,2,ปกติ,7,0
L-23994,2024-01-24,24509.31,0.288,175,53,1,500000.00,อาชีพอิสระ,0,ปกติ,9,0
L-24064,2024-01-24,13804.09,0.487,114,41,5,50000.00,อาชีพอิสระ,0,ปกติ,14,0
L-24187,2024-01-24,42178.37,0.409,43,36,3,50000.00,ข้าราชการ,4,ค้างชำระ,144,1
L-24270,2024-01-24,9000.00,0.404,39,59,4,150000.00,ข้าราชการ,0,ปกติ,7,0
L-24616,2024-01-24,46314.46,0.29,105,56,3,300000.00,อาชีพอิสระ,2,ปกติ,26,0
L-25553,2024-01-24,40156.91,0.287,139,21,2,500000.00,อาชีพอิสระ,0,ปิดบัญชีแล้ว,21,0
L-28130,2024-01-24,31775.79,0.245,178,46,5,300000.00,ข้าราชการ,0,ปิดบัญชีแล้ว,22,0
L-28900,2024-01-24,35590.37,0.25,25,34,3,500000.00,ธุรกิจส่วนตัว,2,ปกติ,6,0
L-29305,2024-01-24,22919.00,0.43,218,37,1,300000.00,พนักงานประจำ,0,ปิดบัญชีแล้ว,4,0
L-29820,2024-01-24,34709.19,0.137,30,32,0,150000.00,พนักงานประจำ,2,ปกติ,17,0
L-30220,2024-01-24,47425.43,0.24,198,51,1,100000.00,ธุรกิจส่วนตัว,1,ปิดบัญชีแล้ว,15,0
L-30704,2024-01-24,32140.82,0.498,95,27,1,500000.00,อาชีพอิสระ,2,ปกติ,4,0
L-20347,2024-01-25,9000.00,0.288,39,53,1,50000.00,อาชีพอิสระ,0,ปกติ,17,0
L-21083,2024-01-25,33062.44,0.427,68,37,6,100000.00,พนักงานประจำ,0,ปกติ,21,0
L-21295,2024-01-25,20871.02,0.106,238,35,5,50000.00,พนักงานประจำ,1,ปกติ,1,0
L-22830,2024-01-25,26947.92,0.595,146,56,2,100000.00,ธุรกิจส่วนตัว,1,ปกติ,11,0
L-22904,2024-01-25,26635.77,0.44,225,34,5,500000.00,ข้าราชการ,0,ปกติ,2,0
L-25215,2024-01-25,9000.00,0.337,216,61,4,100000.00,ธุรกิจส่วนตัว,1,ปกติ,2,0
L-25684,2024-01-25,46054.55,0.421,114,40,5,300000.00,อาชีพอิสระ,0,ปกติ,17,0
L-27194,2024-01-25,42954.64,0.676,139,39,6,50000.00,อาชีพอิสระ,0,ปิดบัญชีแล้ว,29,0
L-28155,2024-01-25,15821.77,0.461,127,33,0,150000.00,อาชีพอิสระ,9,ค้างชำระ,67,1
L-30163,2024-01-25,36581.45,0.479,232,49,6,150000.00,ข้าราชการ,1,ปิดบัญชีแล้ว,15,0
L-20999,2024-01-26,9000.00,0.404,104,60,6,300000.00,ข้าราชการ,2,ปกติ,2,0
L-21666,2024-01-26,28597.76,0.308,172,47,0,500000.00,พนักงานประจำ,2,ปิดบัญชีแล้ว,26,0
L-23643,2024-01-26,59050.37,0.269,176,53,0,300000.00,ข้าราชการ,1,ปิดบัญชีแล้ว,0,0
L-27392,2024-01-26,45008.58,0.475,31,60,1,150000.00,ธุรกิจส่วนตัว,2,ปกติ,21,0
L-27696,2024-01-26,26781.31,0.331,60,50,2,500000.00,ข้าราชการ,2,ปิดบัญชีแล้ว,0,0
L-28205,2024-01-26,37653.24,0.134,147,31,4,50000.00,ข้าราชการ,0,ปกติ,26,0
L-28447,2024-01-26,47032.04,0.484,94,29,4,100000.00,ธุรกิจส่วนตัว,12,ค้างชำระ,180,1
L-30257,2024-01-26,22133.73,0.264,51,45,5,150000.00,ธุรกิจส่วนตัว,2,ปกติ,9,0
L-24155,2024-01-27,28880.60,0.237,197,32,0,300000.00,พนักงานประจำ,1,ปิดบัญชีแล้ว,23,0
L-26694,2024-01-27,11338.84,0.585,53,25,4,200000.00,พนักงานประจำ,3,ค้างชำระ,66,1
L-27097,2024-01-27,31923.23,0.635,86,43,5,300000.00,พนักงานประจำ,2,ปกติ,5,0
L-27880,2024-01-27,28365.98,0.608,104,24,0,200000.00,ข้าราชการ,1,ปิดบัญชีแล้ว,30,0
L-31539,2024-01-27,21087.93,0.225,175,29,0,300000.00,อาชีพอิสระ,0,ปกติ,8,0
L-21165,2024-01-28,20943.82,0.377,4,30,6,300000.00,อาชีพอิสระ,2,ปิดบัญชีแล้ว,0,0
L-21675,2024-01-28,9000.00,0.306,61,26,5,150000.00,ธุรกิจส่วนตัว,1,ปกติ,15,0
L-21904,2024-01-28,26830.94,0.317,48,56,6,150000.00,พนักงานประจำ,2,ปกติ,13,0
L-22960,2024-01-28,21411.37,0.459,50,44,3,500000.00,อาชีพอิสระ,1,ปกติ,8,0
L-23936,2024-01-28,41687.71,0.249,146,44,1,500000.00,พนักงานประจำ,2,ปกติ,16,0
L-24471,2024-01-28,31623.55,0.468,87,57,5,100000.00,อาชีพอิสระ,1,ปกติ,22,0
L-25449,2024-01-28,16924.54,0.332,239,26,6,50000.00,พนักงานประจำ,1,ปิดบัญชีแล้ว,24,0
L-25562,2024-01-28,55660.69,0.38,73,56,6,300000.00,ข้าราชการ,2,ปกติ,5,0
L-27357,2024-01-28,22425.48,0.192,37,35,5,500000.00,ข้าราชการ,1,ปกติ,19,0
L-27689,2024-01-28,29964.26,0.271,23,51,5,200000.00,อาชีพอิสระ,1,ปกติ,15,0
L-28567,2024-01-28,16977.96,0.365,50,58,1,500000.00,ธุรกิจส่วนตัว,2,ปกติ,20,0
L-30491,2024-01-28,32955.96,0.619,229,32,5,500000.00,ข้าราชการ,14,ค้างชำระ,70,1
L-23409,2024-01-29,29749.51,0.02,175,58,1,300000.00,พนักงานประจำ,2,ปกติ,0,0
L-24587,2024-01-29,25585.38,0.346,203,35,6,500000.00,พนักงานประจำ,0,ปกติ,7,0
L-25440,2024-01-29,25184.53,0.471,31,45,2,500000.00,ข้าราชการ,0,ปิดบัญชีแล้ว,4,0
L-26323,2024-01-29,29914.14,0.49,160,55,0,50000.00,อาชีพอิสระ,2,ปกติ,25,0
L-26425,2024-01-29,53095.59,0.514,41,56,5,100000.00,ข้าราชการ,6,ค้างชำระ,122,1
L-27234,2024-01-29,9000.00,0.566,83,56,3,50000.00,พนักงานประจำ,1,ปกติ,16,0
L-31119,2024-01-29,9567.79,0.621,103,51,3,200000.00,พนักงานประจำ,1,ปกติ,30,0
L-31765,2024-01-29,19216.96,0.086,127,37,1,300000.00,พนักงานประจำ,2,ปิดบัญชีแล้ว,20,0
L-31897,2024-01-29,20330.85,0.281,82,65,0,300000.00,พนักงานประจำ,0,ปกติ,4,0
L-20554,2024-01-30,39380.82,0.371,203,52,0,150000.00,ธุรกิจส่วนตัว,0,ปกติ,18,0
L-20976,2024-01-30,34425.74,0.312,166,50,4,50000.00,พนักงานประจำ,2,ปกติ,1,0
L-21434,2024-01-30,9000.00,0.727,77,64,5,100000.00,ข้าราชการ,9,ค้างชำระ,77,1
L-22012,2024-01-30,37581.37,0.566,146,37,0,500000.00,พนักงานประจำ,1,ปิดบัญชีแล้ว,13,0
L-22357,2024-01-30,29303.23,0.52,166,52,3,200000.00,อาชีพอิสระ,2,ปกติ,19,0
L-23543,2024-01-30,71398.76,0.316,120,27,5,150000.00,พนักงานประจำ,12,ค้างชำระ,50,1
L-24538,2024-01-30,72825.54,0.523,216,31,6,300000.00,พนักงานประจำ,2,ปกติ,10,0
L-27587,2024-01-30,9000.00,0.343,124,40,4,500000.00,อาชีพอิสระ,2,ปิดบัญชีแล้ว,22,0
L-27588,2024-01-30,32211.24,0.228,165,38,5,100000.00,ข้าราชการ,0,ปกติ,3,0
L-29775,2024-01-30,24948.77,0.159,230,45,4,500000.00,อาชีพอิสระ,2,ปกติ,26,0
L-30391,2024-01-30,9000.00,0.581,137,49,1,200000.00,ข้าราชการ,1,ปิดบัญชีแล้ว,9,0
L-31307,2024-01-30,25930.08,0.428,95,56,2,200000.00,อาชีพอิสระ,0,ปกติ,3,0
L-21832,2024-01-31,49352.19,0.516,144,23,4,50000.00,ธุรกิจส่วนตัว,0,ปกติ,16,0
L-23982,2024-01-31,24288.27,0.324,30,31,3,300000.00,พนักงานประจำ,1,ปิดบัญชีแล้ว,3,0
L-26507,2024-01-31,55917.90,0.289,75,36,0,150000.00,พนักงานประจำ,0,ปกติ,11,0
L-26929,2024-01-31,11459.82,0.29,186,43,4,150000.00,ข้าราชการ,0,ปกติ,12,0
L-29178,2024-01-31,44778.34,0.541,234,21,1,200000.00,พนักงานประจำ,1,ปกติ,18,0
L-30221,2024-01-31,11870.65,0.02,28,46,1,300000.00,อาชีพอิสระ,0,ปกติ,18,0
L-30378,2024-01-31,37875.99,0.211,163,46,6,300000.00,พนักงานประจำ,0,ปกติ,1,0
L-31599,2024-01-31,45858.18,0.077,29,48,6,50000.00,อาชีพอิสระ,14,ค้างชำระ,62,1
L-31617,2024-01-31,46118.62,0.363,192,60,0,100000.00,ธุรกิจส่วนตัว,2,ปกติ,17,0
L-21739,2024-02-01,36278.13,0.281,72,48,2,150000.00,ธุรกิจส่วนตัว,0,ปกติ,27,0
L-22286,2024-02-01,55442.84,0.474,99,27,6,200000.00,อาชีพอิสระ,0,ปกติ,0,0
L-22753,2024-02-01,12942.61,0.5,54,50,6,500000.00,อาชีพอิสระ,1,ปกติ,24,0
L-23693,2024-02-01,43856.57,0.257,10,29,3,50000.00,อาชีพอิสระ,2,ปกติ,10,0
L-27012,2024-02-01,61963.36,0.223,185,63,0,500000.00,ธุรกิจส่วนตัว,2,ปิดบัญชีแล้ว,10,0
L-27548,2024-02-01,33304.60,0.084,202,34,2,300000.00,พนักงานประจำ,1,ปกติ,14,0
L-28125,2024-02-01,53388.92,0.415,31,40,6,50000.00,พนักงานประจำ,8,ค้างชำระ,141,1
L-29445,2024-02-01,11584.17,0.381,131,52,2,500000.00,ธุรกิจส่วนตัว,9,ค้างชำระ,70,1
L-29867,2024-02-01,34965.80,0.717,2,61,3,50000.00,อาชีพอิสระ,2,ปกติ,16,0
L-30151,2024-02-01,44056.36,0.525,73,51,4,300000.00,อาชีพอิสระ,1,ปกติ,25,0
L-31640,2024-02-01,33091.75,0.185,144,38,5,150000.00,ธุรกิจส่วนตัว,4,ค้างชำระ,63,1
L-20829,2024-02-02,46919.42,0.398,200,38,1,150000.00,ข้าราชการ,2,ปกติ,3,0
L-21805,2024-02-02,52019.44,0.443,78,53,2,500000.00,อาชีพอิสระ,2,ปกติ,9,0
L-22358,2024-02-02,47031.97,0.384,36,52,4,150000.00,ข้าราชการ,0,ปกติ,14,0
L-24394,2024-02-02,37346.71,0.334,102,47,2,300000.00,ธุรกิจส่วนตัว,1,ปกติ,27,0
L-24465,2024-02-02,13002.89,0.53,5,56,6,500000.00,พนักงานประจำ,2,ปกติ,19,0
L-25465,2024-02-02,31437.15,0.478,86,59,3,50000.00,ข้าราชการ,1,ปกติ,14,0
L-26237,2024-02-02,35516.16,0.463,234,37,0,200000.00,ข้าราชการ,0,ปกติ,16,0
L-27680,2024-02-02,24506.69,0.407,230,63,4,150000.00,อาชีพอิสระ,2,ปกติ,19,0
L-29072,2024-02-02,39321.04,0.422,97,31,2,500000.00,ข้าราชการ,1,ปกติ,6,0
L-30806,2024-02-02,32859.38,0.45,212,23,3,300000.00,พนักงานประจำ,1,ปกติ,25,0
L-20557,2024-02-03,9000.00,0.217,133,33,0,200000.00,อาชีพอิสระ,2,ปกติ,8,0
L-22557,2024-02-03,45008.08,0.469,17,27,0,300000.00,ธุรกิจส่วนตัว,9,ค้างชำระ,129,1
L-23483,2024-02-03,16839.82,0.285,209,51,1,300000.00,อาชีพอิสระ,0,ปิดบัญชีแล้ว,22,0
L-24219,2024-02-03,21395.27,0.775,157,35,2,300000.00,ธุรกิจส่วนตัว,0,ปกติ,1,0
L-24981,2024-02-03,54232.37,0.507,75,31,2,150000.00,ธุรกิจส่วนตัว,0,ปกติ,12,0
L-25459,2024-02-03,19803.83,0.419,221,59,6,300000.00,ข้าราชการ,1,ปกติ,19,0
L-29027,2024-02-03,39260.38,0.02,47,48,6,500000.00,อาชีพอิสระ,0,ปกติ,17,0
L-29562,2024-02-03,34754.13,0.608,141,35,6,150000.00,อาชีพอิสระ,2,ปกติ,8,0
L-29801,2024-02-03,50752.96,0.426,113,48,5,100000.00,ข้าราชการ,1,ปกติ,3,0
L-30012,2024-02-03,22002.49,0.529,184,54,0,50000.00,ธุรกิจส่วนตัว,0,ปิดบัญชีแล้ว,9,0
L-31577,2024-02-03,11366.36,0.242,27,35,0,50000.00,อาชีพอิสระ,1,ปกติ,6,0
L-31584,2024-02-03,9000.00,0.16,55,39,4,500000.00,อาชีพอิสระ,0,ปิดบัญชีแล้ว,7,0
L-22609,2024-02-04,16516.53,0.171,112,32,4,500000.00,ข้าราชการ,0,ปกติ,10,0
L-22757,2024-02-04,43711.69,0.68,154,25,6,500000.00,อาชีพอิสระ,0,ปกติ,19,0
L-23893,2024-02-04,55261.17,0.497,234,42,0,100000.00,ธุรกิจส่วนตัว,1,ปกติ,24,0
L-24912,2024-02-04,42698.73,0.395,22,32,4,500000.00,อาชีพอิสระ,1,ปกติ,30,0
L-26331,2024-02-04,51270.75,0.445,232,51,4,200000.00,พนักงานประจำ,0,ปิดบัญชีแล้ว,9,0
L-27065,2024-02-04,22832.62,0.348,186,38,0,300000.00,พนักงานประจำ,1,ปกติ,24,0
L-28340,2024-02-04,19127.02,0.02,122,34,1,300000.00,ธุรกิจส่วนตัว,1,ปกติ,29,0
L-29035,2024-02-04,38854.88,0.347,152,38,5,300000.00,อาชีพอิสระ,0,ปกติ,14,0
L-30432,2024-02-04,58131.52,0.115,202,25,4,500000.00,พนักงานประจำ,0,ปกติ,30,0
L-20020,2024-02-05,40170.08,0.268,183,41,4,300000.00,ข้าราชการ,1,ปกติ,2,0
L-20388,2024-02-05,9000.00,0.231,208,46,0,300000.00,ข้าราชการ,2,ปิดบัญชีแล้ว,13,0
L-20639,2024-02-05,47899.67,0.426,125,58,2,100000.00,ข้าราชการ,0,ปกติ,26,0
L-20690,2024-02-05,20233.20,0.304,150,65,4,300000.00,ธุรกิจส่วนตัว,2,ปกติ,3,0
L-20723,2024-02-05,46747.51,0.244,51,28,3,500000.00,อาชีพอิสระ,1,ปกติ,30,0
L-21022,2024-02-05,46623.92,0.064,63,40,4,50000.00,อาชีพอิสระ,2,ปกติ,8,0
L-21924,2024-02-05,50603.09,0.203,74,63,2,150000.00,อาชีพอิสระ,0,ปิดบัญชีแล้ว,7,0
L-22091,2024-02-05,33944.35,0.273,147,46,2,100000.00,ข้าราชการ,0,ปกติ,8,0
L-22456,2024-02-05,49783.52,0.309,59,64,1,50000.00,ธุรกิจส่วนตัว,0,ปกติ,25,0
L-23430,2024-02-05,30315.38,0.383,14,50,5,300000.00,อาชีพอิสระ,1,ปิดบัญชีแล้ว,0,0
L-24971,2024-02-05,37169.89,0.405,94,21,0,100000.00,พนักงานประจำ,0,ปกติ,3,0
L-25539,2024-02-05,50550.94,0.22,229,27,1,100000.00,พนักงานประจำ,2,ปิดบัญชีแล้ว,7,0
L-25901,2024-02-05,17886.66,0.231,104,22,3,500000.00,ข้าราชการ,2,ปกติ,27,0
L-26747,2024-02-05,37689.92,0.477,210,36,3,300000.00,อาชีพอิสระ,2,ปกติ,21,0
L-26806,2024-02-05,22279.17,0.428,48,31,5,150000.00,ข้าราชการ,1,ปกติ,11,0
L-27050,2024-02-05,32682.13,0.334,2,55,3,500000.00,ข้าราชการ,2,ปกติ,11,0
L-27695,2024-02-05,21723.80,0.158,19,48,6,150000.00,อาชีพอิสระ,1,ปกติ,23,0
L-28232,2024-02-05,35564.11,0.146,163,49,3,50000.00,ธุรกิจส่วนตัว,2,ปกติ,6,0
L-28440,2024-02-05,60941.54,0.214,204,59,2,200000.00,ธุรกิจส่วนตัว,1,ปกติ,4,0
L-28584,2024-02-05,39074.57,0.54,2,41,4,200000.00,ธุรกิจส่วนตัว,2,ปิดบัญชีแล้ว,24,0
L-28717,2024-02-05,13959.35,0.229,206,33,0,100000.00,ข้าราชการ,1,ปกติ,26,0
L-28965,2024-02-05,41123.18,0.682,190,35,2,100000.00,ธุรกิจส่วนตัว,4,ค้างชำระ,98,1
L-29251,2024-02-05,51872.09,0.131,126,39,2,100000.00,อาชีพอิสระ,0,ปิดบัญชีแล้ว,20,0
L-30667,2024-02-05,22123.05,0.029,114,65,5,100000.00,อาชีพอิสระ,2,ปกติ,14,0
L-31013,2024-02-05,16235.34,0.621,7,60,6,100000.00,อาชีพอิสระ,4,ค้างชำระ,93,1
L-31116,2024-02-05,41300.72,0.327,71,58,4,50000.00,อาชีพอิสระ,2,ปกติ,13,0
L-31411,2024-02-05,57061.43,0.525,205,51,4,50000.00,อาชีพอิสระ,0,ปิดบัญชีแล้ว,26,0
L-31666,2024-02-05,62438.98,0.02,145,43,6,100000.00,ข้าราชการ,1,ปิดบัญชีแล้ว,6,0
L-21689,2024-02-06,27607.33,0.473,137,52,0,50000.00,พนักงานประจำ,0,ปิดบัญชีแล้ว,8,0
L-22650,2024-02-06,42817.17,0.049,138,27,1,100000.00,อาชีพอิสระ,2,ปกติ,29,0
L-23934,2024-02-06,51694.23,0.405,196,46,4,150000.00,ธุรกิจส่วนตัว,2,ปกติ,4,0
L-26296,2024-02-06,36297.71,0.581,146,51,1,500000.00,ธุรกิจส่วนตัว,0,ปกติ,11,0
L-29658,2024-02-06,18464.90,0.4,88,47,5,150000.00,อาชีพอิสระ,2,ปิดบัญชีแล้ว,16,0
L-30273,2024-02-06,27510.30,0.126,193,22,5,100000.00,พนักงานประจำ,1,ปิดบัญชีแล้ว,11,0
L-30778,2024-02-06,37654.75,0.327,78,25,6,200000.00,อาชีพอิสระ,1,ปกติ,29,0
L-31734,2024-02-06,41429.92,0.02,0,60,2,300000.00,ข้าราชการ,0,ปกติ,7,0
L-21775,2024-02-07,41167.24,0.545,149,49,5,300000.00,อาชีพอิสระ,2,ปกติ,4,0
L-22102,2024-02-07,9000.00,0.291,181,39,0,50000.00,อาชีพอิสระ,0,ปกติ,24,0
L-23191,2024-02-07,36281.55,0.225,228,56,2,100000.00,อาชีพอิสระ,0,ปกติ,10,0
L-24269,2024-02-07,27838.85,0.22,45,33,3,300000.00,ข้าราชการ,0,ปิดบัญชีแล้ว,4,0
L-25446,2024-02-07,32566.98,0.459,32,33,3,100000.00,พนักงานประจำ,1,ปกติ,29,0
L-25899,2024-02-07,51090.55,0.599,41,62,5,50000.00,พนักงานประจำ,0,ปกติ,12,0
L-26113,2024-02-07,22443.34,0.439,123,47,2,100000.00,ธุรกิจส่วนตัว,1,ปกติ,29,0
L-29036,2024-02-07,18924.59,0.143,233,35,1,150000.00,อาชีพอิสระ,0,ปกติ,7,0
L-31526,2024-02-07,54915.38,0.373,191,30,4,200000.00,พนักงานประจำ,0,ปกติ,29,0
L-20788,2024-02-08,9000.00,0.373,98,40,3,100000.00,ธุรกิจส่วนตัว,1,ปกติ,29,0
L-23898,2024-02-08,24985.25,0.262,111,31,2,500000.00,พนักงานประจำ,2,ปกติ,24,0
L-23943,2024-02-08,12880.25,0.271,20,43,0,300000.00,อาชีพอิสระ,0,ปกติ,6,0
L-24585,2024-02-08,13219.20,0.347,76,46,1,500000.00,ข้าราชการ,2,ปิดบัญชีแล้ว,13,0
L-24671,2024-02-08,25166.37,0.101,14,46,4,50000.00,พนักงานประจำ,0,ปกติ,30,0
L-26784,2024-02-08,57623.13,0.502,168,37,2,150000.00,ข้าราชการ,0,ปกติ,12,0
L-28543,2024-02-08,31720.84,0.219,129,59,3,100000.00,ข้าราชการ,1,ปิดบัญชีแล้ว,2,0
L-29142,2024-02-08,33471.22,0.352,106,31,4,100000.00,พนักงานประจำ,2,ปกติ,15,0
L-30404,2024-02-08,42187.03,0.357,15,54,2,200000.00,อาชีพอิสระ,0,ปกติ,11,0
L-31601,2024-02-08,22397.08,0.381,6,30,4,150000.00,พนักงานประจำ,2,ปกติ,26,0
L-24482,2024-02-09,9000.00,0.316,217,40,2,100000.00,ข้าราชการ,1,ปกติ,1,0
L-24764,2024-02-09,37634.08,0.831,131,65,5,150000.00,อาชีพอิสระ,1,ปกติ,15,0
L-25298,2024-02-09,29832.92,0.257,211,45,1,200000.00,ข้าราชการ,0,ปกติ,6,0
L-25307,2024-02-09,36797.16,0.54,48,50,6,200000.00,อาชีพอิสระ,7,ค้างชำระ,149,1
L-25320,2024-02-09,49482.52,0.478,128,42,2,100000.00,ข้าราชการ,1,ปกติ,21,0
L-25786,2024-02-09,63646.38,0.619,204,53,2,200000.00,อาชีพอิสระ,1,ปกติ,27,0
L-25810,2024-02-09,36313.25,0.717,9,55,2,500000.00,อาชีพอิสระ,1,ปกติ,30,0
L-26180,2024-02-09,20470.02,0.401,17,49,0,100000.00,พนักงานประจำ,1,ปกติ,25,0
L-29673,2024-02-09,30177.36,0.232,145,46,3,150000.00,พนักงานประจำ,1,ปิดบัญชีแล้ว,19,0
L-30034,2024-02-09,30535.31,0.123,236,22,6,50000.00,ธุรกิจส่วนตัว,1,ปกติ,29,0
L-30718,2024-02-09,24838.05,0.403,175,57,4,500000.00,ธุรกิจส่วนตัว,0,ปิดบัญชีแล้ว,30,0
L-31181,2024-02-09,17925.02,0.029,25,51,6,100000.00,พนักงานประจำ,2,ปกติ,22,0
L-31477,2024-02-09,28337.29,0.352,210,23,3,150000.00,พนักงานประจำ,2,ปิดบัญชีแล้ว,10,0
L-31723,2024-02-09,22290.18,0.584,69,46,4,200000.00,พนักงานประจำ,2,ปกติ,11,0
L-20874,2024-02-10,28262.02,0.691,10,60,1,100000.00,ธุรกิจส่วนตัว,2,ปกติ,14,0
L-20995,2024-02-10,9000.00,0.312,154,53,0,500000.00,ข้าราชการ,1,ปกติ,12,0
L-21084,2024-02-10,31459.22,0.318,216,59,1,200000.00,อาชีพอิสระ,0,ปกติ,26,0
L-23286,2024-02-10,31581.59,0.193,156,41,4,300000.00,อาชีพอิสระ,1,ปกติ,16,0
L-24036,2024-02-10,12879.61,0.511,52,33,3,200000.00,อาชีพอิสระ,0,ปิดบัญชีแล้ว,19,0
L-24352,2024-02-10,57681.99,0.582,96,58,4,500000.00,ข้าราชการ,2,ปกติ,5,0
L-24493,2024-02-10,36475.37,0.487,149,58,0,50000.00,พนักงานประจำ,1,ปกติ,13,0
L-26560,2024-02-10,26868.37,0.204,34,33,5,300000.00,พนักงานประจำ,0,ปกติ,27,0
L-27677,2024-02-10,21486.23,0.02,53,29,2,500000.00,พนักงานประจำ,1,ปิดบัญชีแล้ว,14,0
L-27844,2024-02-10,35975.53,0.52,83,56,2,500000.00,อาชีพอิสระ,1,ปกติ,18,0
L-28518,2024-02-10,47780.81,0.289,161,34,1,100000.00,ธุรกิจส่วนตัว,1,ปิดบัญชีแล้ว,19,0
L-28872,2024-02-10,20618.24,0.334,12,39,2,50000.00,ธุรกิจส่วนตัว,1,ปกติ,21,0
L-29201,2024-02-10,41610.14,0.563,226,32,5,300000.00,ธุรกิจส่วนตัว,2,ปกติ,15,0
L-29560,2024-02-10,24048.81,0.436,54,23,4,100000.00,ธุรกิจส่วนตัว,1,ปกติ,12,0
L-31357,2024-02-10,15011.62,0.489,1,65,2,300000.00,พนักงานประจำ,0,ปิดบัญชีแล้ว,19,0
L-20209,2024-02-11,53057.64,0.272,27,26,0,200000.00,ข้าราชการ,2,ปกติ,12,0
L-20668,2024-02-11,28352.50,0.499,197,43,4,100000.00,อาชีพอิสระ,1,ปกติ,21,0
L-21470,2024-02-11,22030.48,0.327,22,61,5,150000.00,อาชีพอิสระ,0,ปกติ,14,0
L-21537,2024-02-11,23192.11,0.253,67,21,3,100000.00,ข้าราชการ,1,ปกติ,17,0
L-21959,2024-02-11,17696.48,0.582,26,21,4,150000.00,พนักงานประจำ,1,ปกติ,5,0
L-21966,2024-02-11,42704.60,0.62,193,46,5,300000.00,ข้าราชการ,0,ปิดบัญชีแล้ว,0,0
L-22252,2024-02-11,41440.23,0.366,66,31,6,150000.00,ธุรกิจส่วนตัว,0,ปกติ,10,0
L-22658,2024-02-11,58328.87,0.33,62,59,6,200000.00,ข้าราชการ,1,ปกติ,6,0
L-23234,2024-02-11,24716.19,0.637,105,44,0,50000.00,อาชีพอิสระ,13,ค้างชำระ,93,1
L-24123,2024-02-11,26508.52,0.139,139,27,3,50000.00,อาชีพอิสระ,0,ปกติ,19,0
L-25698,2024-02-11,25144.25,0.235,91,42,0,100000.00,พนักงานประจำ,2,ปิดบัญชีแล้ว,5,0
L-26867,2024-02-11,30515.44,0.685,178,33,5,300000.00,ข้าราชการ,2,ปกติ,8,0
L-26964,2024-02-11,41259.64,0.23,194,48,4,150000.00,ธุรกิจส่วนตัว,1,ปิดบัญชีแล้ว,8,0
L-27019,2024-02-11,32056.50,0.397,156,39,5,50000.00,ข้าราชการ,1,ปกติ,6,0
L-30589,2024-02-11,29941.85,0.336,20,22,2,200000.00,ธุรกิจส่วนตัว,2,ปกติ,19,0
L-31262,2024-02-11,39625.10,0.505,106,53,1,100000.00,ข้าราชการ,0,ปกติ,3,0
L-20809,2024-02-12,72859.04,0.329,132,23,0,300000.00,ข้าราชการ,2,ปิดบัญชีแล้ว,6,0
L-21651,2024-02-12,16111.00,0.188,110,49,6,50000.00,พนักงานประจำ,2,ปกติ,14,0
L-22147,2024-02-12,55890.30,0.108,65,34,1,300000.00,อาชีพอิสระ,1,ปกติ,4,0
L-23949,2024-02-12,29204.57,0.275,79,54,3,300000.00,อาชีพอิสระ,0,ปกติ,26,0
L-25043,2024-02-12,29090.38,0.73,2,29,0,100000.00,ข้าราชการ,2,ปกติ,19,0
L-28040,2024-02-12,23633.67,0.497,151,32,1,500000.00,ธุรกิจส่วนตัว,1,ปกติ,28,0
L-28295,2024-02-12,23953.49,0.46,9,65,0,100000.00,พนักงานประจำ,6,ค้างชำระ,156,1
L-28434,2024-02-12,24300.10,0.386,81,47,3,500000.00,อาชีพอิสระ,1,ปิดบัญชีแล้ว,8,0
L-28476,2024-02-12,46829.43,0.137,161,30,3,200000.00,ข้าราชการ,1,ปกติ,19,0
L-29854,2024-02-12,46517.53,0.591,64,48,0,150000.00,อาชีพอิสระ,0,ปิดบัญชีแล้ว,23,0
L-30040,2024-02-12,22776.08,0.193,120,63,4,500000.00,อาชีพอิสระ,2,ปกติ,25,0
L-30606,2024-02-12,28816.71,0.186,98,42,0,200000.00,ข้าราชการ,1,ปกติ,21,0
L-31517,2024-02-12,36936.06,0.142,105,46,3,150000.00,พนักงานประจำ,0,ปกติ,3,0
L-20898,2024-02-13,32823.96,0.339,116,49,1,500000.00,พนักงานประจำ,0,ปกติ,29,0
L-21917,2024-02-13,16775.25,0.271,178,59,3,200000.00,ข้าราชการ,1,ปกติ,15,0
L-25059,2024-02-13,41238.37,0.217,160,45,2,50000.00,ข้าราชการ,2,ปกติ,27,0
L-25236,2024-02-13,44295.94,0.185,72,42,0,500000.00,ข้าราชการ,1,ปกติ,14,0
L-25278,2024-02-13,44986.78,0.103,28,26,6,300000.00,ธุรกิจส่วนตัว,1,ปกติ,18,0
L-25645,2024-02-13,18810.78,0.195,182,59,3,150000.00,อาชีพอิสระ,1,ปิดบัญชีแล้ว,2,0
L-26653,2024-02-13,16213.33,0.076,41,41,3,500000.00,อาชีพอิสระ,6,ค้างชำระ,127,1
L-26657,2024-02-13,19516.63,0.142,73,61,3,300000.00,ข้าราชการ,2,ปกติ,21,0
L-27184,2024-02-13,36831.00,0.484,41,30,1,100000.00,พนักงานประจำ,1,ปิดบัญชีแล้ว,3,0
L-27379,2024-02-13,26189.21,0.288,72,42,3,100000.00,ธุรกิจส่วนตัว,2,ปกติ,15,0
L-30821,2024-02-13,28334.29,0.476,141,34,4,150000.00,ข้าราชการ,0,ปิดบัญชีแล้ว,19,0
L-31287,2024-02-13,37763.72,0.608,209,56,1,200000.00,อาชีพอิสระ,2,ปกติ,3,0
L-22699,2024-02-14,45337.80,0.232,108,26,3,200000.00,อาชีพอิสระ,0,ปกติ,9,0
L-23327,2024-02-14,22279.99,0.4,210,58,3,500000.00,อาชีพอิสระ,2,ปกติ,22,0
L-24229,2024-02-14,33590.68,0.458,67,22,2,150000.00,ธุรกิจส่วนตัว,2,ปิดบัญชีแล้ว,1,0
L-24737,2024-02-14,30813.37,0.792,204,36,0,150000.00,อาชีพอิสระ,2,ปกติ,10,0
L-24816,2024-02-14,15415.10,0.227,63,53,3,200000.00,อาชีพอิสระ,0,ปกติ,9,0
L-26418,2024-02-14,37629.53,0.755,229,26,0,500000.00,ข้าราชการ,0,ปิดบัญชีแล้ว,14,0
L-27130,2024-02-14,34693.17,0.594,191,51,4,300000.00,พนักงานประจำ,0,ปกติ,22,0
L-30524,2024-02-14,47598.32,0.373,87,60,1,50000.00,ข้าราชการ,1,ปิดบัญชีแล้ว,12,0
L-31010,2024-02-14,9000.00,0.252,46,24,4,100000.00,ธุรกิจส่วนตัว,1,ปิดบัญชีแล้ว,26,0
L-31246,2024-02-14,39637.29,0.585,179,31,6,500000.00,ธุรกิจส่วนตัว,0,ปิดบัญชีแล้ว,21,0
L-31588,2024-02-14,25662.94,0.148,230,49,6,500000.00,อาชีพอิสระ,0,ปิดบัญชีแล้ว,28,0
L-20359,2024-02-15,35938.03,0.091,195,65,6,50000.00,อาชีพอิสระ,1,ปกติ,10,0
L-20450,2024-02-15,38403.39,0.452,123,59,2,150000.00,พนักงานประจำ,2,ปิดบัญชีแล้ว,30,0
L-20613,2024-02-15,10113.29,0.476,120,23,1,50000.00,ธุรกิจส่วนตัว,0,ปกติ,30,0
L-21386,2024-02-15,31744.06,0.53,20,44,6,200000.00,ข้าราชการ,2,ปกติ,19,0
L-22234,2024-02-15,70842.52,0.23,228,45,6,200000.00,พนักงานประจำ,2,ปิดบัญชีแล้ว,29,0
L-22328,2024-02-15,45054.41,0.14,22,22,6,200000.00,ธุรกิจส่วนตัว,0,ปกติ,4,0
L-22795,2024-02-15,34147.56,0.67,134,27,5,300000.00,อาชีพอิสระ,8,ค้างชำระ,88,1
L-23823,2024-02-15,27933.72,0.296,70,64,4,200000.00,อาชีพอิสระ,2,ปิดบัญชีแล้ว,24,0
L-24000,2024-02-15,20881.06,0.379,22,27,5,300000.00,ธุรกิจส่วนตัว,0,ปิดบัญชีแล้ว,14,0
L-24255,2024-02-15,10555.87,0.308,172,29,0,300000.00,พนักงานประจำ,2,ปกติ,27,0
L-25216,2024-02-15,33562.50,0.177,210,55,6,150000.00,ข้าราชการ,0,ปกติ,23,0
L-25245,2024-02-15,46760.99,0.441,118,30,6,500000.00,อาชีพอิสระ,0,ปกติ,19,0
L-25975,2024-02-15,44295.48,0.522,130,60,6,500000.00,ข้าราชการ,2,ปกติ,9,0
L-27995,2024-02-15,44623.43,0.493,40,27,3,50000.00,พนักงานประจำ,2,ปกติ,22,0
L-28411,2024-02-15,9218.93,0.161,203,28,2,50000.00,พนักงานประจำ,0,ปกติ,25,0
L-29677,2024-02-15,67076.07,0.551,237,40,5,500000.00,พนักงานประจำ,2,ปกติ,12,0
L-30212,2024-02-15,26986.35,0.452,139,33,0,150000.00,ข้าราชการ,2,ปิดบัญชีแล้ว,27,0
L-30760,2024-02-15,50911.59,0.441,143,23,1,500000.00,ธุรกิจส่วนตัว,12,ค้างชำระ,165,1
L-21115,2024-02-16,38538.67,0.253,218,38,4,500000.00,ข้าราชการ,0,ปกติ,4,0
L-23473,2024-02-16,35241.39,0.385,146,23,2,150000.00,อาชีพอิสระ,2,ปิดบัญชีแล้ว,22,0
L-24022,2024-02-16,50577.65,0.464,136,23,2,500000.00,ธุรกิจส่วนตัว,2,ปกติ,27,0
L-24732,2024-02-16,35598.31,0.194,170,25,6,150000.00,พนักงานประจำ,2,ปกติ,22,0
L-25957,2024-02-16,21196.44,0.312,236,56,2,300000.00,พนักงานประจำ,2,ปกติ,5,0
L-26108,2024-02-16,47963.20,0.488,197,55,1,300000.00,อาชีพอิสระ,1,ปิดบัญชีแล้ว,3,0
L-28084,2024-02-16,51928.95,0.367,201,38,3,150000.00,ธุรกิจส่วนตัว,0,ปกติ,18,0
L-29542,2024-02-16,58255.12,0.402,81,24,3,200000.00,อาชีพอิสระ,2,ปกติ,28,0
L-20573,2024-02-17,34105.29,0.267,139,50,6,200000.00,พนักงานประจำ,0,ปกติ,22,0
L-22657,2024-02-17,24610.81,0.706,80,31,0,150000.00,อาชีพอิสระ,1,ปกติ,21,0
L-23658,2024-02-17,11018.01,0.381,197,42,0,100000.00,อาชีพอิสระ,7,ค้างชำระ,89,1
L-23871,2024-02-17,23504.11,0.43,156,28,4,300000.00,พนักงานประจำ,0,ปกติ,23,0
L-24675,2024-02-17,29091.69,0.398,27,26,4,200000.00,ธุรกิจส่วนตัว,2,ปิดบัญชีแล้ว,28,0
L-26995,2024-02-17,30518.09,0.512,152,36,3,100000.00,อาชีพอิสระ,2,ปกติ,21,0
L-28666,2024-02-17,26718.53,0.755,199,45,3,100000.00,ธุรกิจส่วนตัว,2,ปิดบัญชีแล้ว,3,0
L-30019,2024-02-17,31358.03,0.337,121,48,2,50000.00,พนักงานประจำ,2,ปกติ,6,0
L-30787,2024-02-17,37788.19,0.515,80,35,0,200000.00,พนักงานประจำ,14,ค้างชำระ,47,1
L-31305,2024-02-17,42397.32,0.22,165,40,1,200000.00,อาชีพอิสระ,1,ปกติ,10,0
L-31922,2024-02-17,24697.58,0.376,166,48,0,150000.00,ธุรกิจส่วนตัว,2,ปกติ,7,0
L-20947,2024-02-18,28966.10,0.367,131,62,1,150000.00,พนักงานประจำ,0,ปกติ,16,0
L-21853,2024-02-18,9000.00,0.454,108,45,0,500000.00,ธุรกิจส่วนตัว,0,ปกติ,3,0
L-23913,2024-02-18,9347.56,0.159,19,55,4,150000.00,ข้าราชการ,0,ปกติ,13,0
L-24660,2024-02-18,37236.21,0.069,160,45,2,200000.00,ธุรกิจส่วนตัว,0,ปกติ,11,0
L-25376,2024-02-18,31095.41,0.066,235,27,6,100000.00,พนักงานประจำ,0,ปกติ,11,0
L-27720,2024-02-18,57665.12,0.363,32,41,3,100000.00,ข้าราชการ,2,ปิดบัญชีแล้ว,4,0
L-27867,2024-02-18,24662.63,0.501,147,34,0,500000.00,อาชีพอิสระ,1,ปิดบัญชีแล้ว,7,0
L-28495,2024-02-18,31611.69,0.59,209,43,6,100000.00,พนักงานประจำ,5,ค้างชำระ,72,1
L-29116,2024-02-18,36327.71,0.334,93,49,0,100000.00,ข้าราชการ,2,ปกติ,8,0
L-21394,2024-02-19,25138.51,0.653,169,41,0,500000.00,พนักงานประจำ,2,ปกติ,25,0
L-21657,2024-02-19,40754.96,0.162,86,47,1,100000.00,ธุรกิจส่วนตัว,2,ปิดบัญชีแล้ว,24,0
L-24521,2024-02-19,27093.67,0.376,235,27,5,500000.00,อาชีพอิสระ,1,ปกติ,20,0
L-27675,2024-02-19,20431.80,0.518,9,55,0,200000.00,พนักงานประจำ,2,ปิดบัญชีแล้ว,17,0
L-28004,2024-02-19,9000.00,0.482,187,53,5,500000.00,อาชีพอิสระ,8,ค้างชำระ,163,1
L-30489,2024-02-19,27798.39,0.319,52,47,6,200000.00,อาชีพอิสระ,2,ปกติ,14,0
L-31730,2024-02-19,22931.51,0.39,78,63,0,200000.00,ข้าราชการ,1,ปกติ,16,0
L-21375,2024-02-20,25142.00,0.755,113,57,2,500000.00,ธุรกิจส่วนตัว,1,ปกติ,21,0
L-23133,2024-02-20,11788.20,0.02,162,38,6,300000.00,พนักงานประจำ,0,ปกติ,11,0
L-23755,2024-02-20,32388.27,0.529,222,64,5,500000.00,อาชีพอิสระ,0,ปกติ,30,0
L-23970,2024-02-20,34947.16,0.755,88,55,1,100000.00,อาชีพอิสระ,2,ปกติ,8,0
L-24448,2024-02-20,35165.52,0.14,39,24,2,50000.00,อาชีพอิสระ,1,ปกติ,3,0
L-24656,2024-02-20,43480.41,0.488,166,23,0,100000.00,พนักงานประจำ,1,ปกติ,14,0
L-24698,2024-02-20,38352.90,0.552,94,65,3,300000.00,พนักงานประจำ,11,ค้างชำระ,107,1
L-27120,2024-02-20,20737.28,0.149,23,51,2,500000.00,พนักงานประจำ,13,ค้างชำระ,157,1
L-30111,2024-02-20,19554.92,0.259,19,34,3,150000.00,ธุรกิจส่วนตัว,10,ค้างชำระ,61,1
L-31463,2024-02-20,26109.90,0.433,135,55,0,300000.00,ข้าราชการ,0,ปกติ,21,0
L-20909,2024-02-21,12713.95,0.182,62,60,1,50000.00,พนักงานประจำ,1,ปกติ,2,0
L-23222,2024-02-21,51440.36,0.092,169,39,4,200000.00,พนักงานประจำ,0,ปกติ,28,0
L-25138,2024-02-21,55464.74,0.518,13,31,6,500000.00,พนักงานประจำ,1,ปกติ,0,0
L-25510,2024-02-21,52856.72,0.648,178,43,5,50000.00,ข้าราชการ,1,ปิดบัญชีแล้ว,13,0
L-27122,2024-02-21,39475.65,0.235,201,54,6,300000.00,อาชีพอิสระ,0,ปกติ,18,0
L-29124,2024-02-21,35093.96,0.628,190,55,4,500000.00,อาชีพอิสระ,2,ปกติ,2,0
L-29888,2024-02-21,9000.00,0.306,187,36,6,200000.00,ข้าราชการ,1,ปกติ,20,0
L-30124,2024-02-21,40281.89,0.202,124,42,6,200000.00,ข้าราชการ,5,ค้างชำระ,109,1
L-31136,2024-02-21,9000.00,0.355,240,35,3,50000.00,ธุรกิจส่วนตัว,2,ปิดบัญชีแล้ว,8,0
L-31323,2024-02-21,9000.00,0.416,205,45,5,200000.00,ธุรกิจส่วนตัว,1,ปกติ,15,0
L-20042,2024-02-22,39590.41,0.43,159,29,0,300000.00,อาชีพอิสระ,0,ปกติ,29,0
L-21963,2024-02-22,45279.09,0.345,121,52,4,300000.00,พนักงานประจำ,2,ปกติ,17,0
L-22506,2024-02-22,15236.77,0.375,172,26,0,150000.00,ธุรกิจส่วนตัว,1,ปกติ,21,0
L-22989,2024-02-22,40164.19,0.114,16,52,3,300000.00,ข้าราชการ,3,ค้างชำระ,153,1
L-23123,2024-02-22,22165.22,0.422,96,64,5,200000.00,อาชีพอิสระ,2,ปกติ,21,0
L-23539,2024-02-22,19646.93,0.372,177,47,2,50000.00,อาชีพอิสระ,14,ค้างชำระ,80,1
L-25014,2024-02-22,39344.61,0.31,138,33,6,200000.00,ธุรกิจส่วนตัว,1,ปิดบัญชีแล้ว,28,0
L-25187,2024-02-22,60325.07,0.306,157,37,4,50000.00,ธุรกิจส่วนตัว,1,ปิดบัญชีแล้ว,20,0
L-28594,2024-02-22,29440.69,0.353,239,40,6,50000.00,ข้าราชการ,1,ปกติ,4,0
L-28930,2024-02-22,36628.98,0.633,158,43,6,100000.00,พนักงานประจำ,0,ปกติ,9,0
L-29098,2024-02-22,47049.75,0.383,50,41,0,500000.00,พนักงานประจำ,0,ปกติ,13,0
L-29521,2024-02-22,30428.43,0.095,193,51,2,100000.00,ข้าราชการ,1,ปิดบัญชีแล้ว,18,0
L-29620,2024-02-22,36338.94,0.462,63,38,1,100000.00,ข้าราชการ,0,ปกติ,26,0
L-30529,2024-02-22,39712.24,0.109,189,62,4,100000.00,ข้าราชการ,1,ปกติ,11,0
L-31720,2024-02-22,44616.59,0.593,25,25,6,50000.00,ธุรกิจส่วนตัว,2,ปิดบัญชีแล้ว,2,0
L-20136,2024-02-23,39277.72,0.316,102,23,3,100000.00,ธุรกิจส่วนตัว,1,ปกติ,26,0
L-21527,2024-02-23,33042.33,0.548,44,30,4,200000.00,อาชีพอิสระ,8,ค้างชำระ,77,1
L-22568,2024-02-23,9000.00,0.44,86,55,6,100000.00,ข้าราชการ,1,ปกติ,27,0
L-22606,2024-02-23,61817.30,0.383,226,26,2,100000.00,ข้าราชการ,0,ปกติ,13,0
L-22687,2024-02-23,19943.17,0.331,238,49,2,500000.00,ข้าราชการ,0,ปกติ,28,0
L-24496,2024-02-23,14719.99,0.598,98,34,3,150000.00,พนักงานประจำ,2,ปกติ,18,0
L-24607,2024-02-23,25528.94,0.35,121,22,1,500000.00,อาชีพอิสระ,2,ปกติ,18,0
L-24642,2024-02-23,41839.36,0.342,222,51,1,50000.00,ข้าราชการ,1,ปกติ,7,0
L-25391,2024-02-23,29097.52,0.395,112,51,4,200000.00,อาชีพอิสระ,1,ปกติ,10,0
L-27158,2024-02-23,17265.61,0.412,126,34,0,500000.00,พนักงานประจำ,1,ปกติ,18,0
L-27798,2024-02-23,39665.20,0.02,233,39,2,50000.00,พนักงานประจำ,1,ปกติ,3,0
L-29441,2024-02-23,27094.16,0.177,229,38,6,150000.00,พนักงานประจำ,1,ปกติ,11,0
L-29591,2024-02-23,33785.76,0.453,43,25,4,150000.00,พนักงานประจำ,0,ปกติ,9,0
L-30812,2024-02-23,9050.77,0.486,121,43,1,200000.00,พนักงานประจำ,1,ปิดบัญชีแล้ว,3,0
L-20754,2024-02-24,43938.48,0.232,157,35,4,50000.00,ข้าราชการ,1,ปกติ,17,0
L-22040,2024-02-24,25278.53,0.355,73,63,4,50000.00,อาชีพอิสระ,2,ปกติ,27,0
L-22957,2024-02-24,46935.94,0.36,8,50,1,200000.00,ธุรกิจส่วนตัว,1,ปกติ,15,0
L-24102,2024-02-24,17335.09,0.614,60,51,0,50000.00,พนักงานประจำ,0,ปกติ,19,0
L-25106,2024-02-24,43108.44,0.37,14,64,1,500000.00,ธุรกิจส่วนตัว,0,ปกติ,13,0
L-30310,2024-02-24,30396.94,0.221,163,60,1,50000.00,อาชีพอิสระ,2,ปิดบัญชีแล้ว,29,0
L-30566,2024-02-24,35823.30,0.144,83,21,4,300000.00,ข้าราชการ,0,ปกติ,4,0
L-20106,2024-02-25,26391.42,0.305,113,34,2,100000.00,ข้าราชการ,7,ค้างชำระ,176,1
L-20149,2024-02-25,32711.74,0.573,36,49,1,200000.00,อาชีพอิสระ,1,ปกติ,3,0
L-21066,2024-02-25,40211.13,0.194,142,56,0,100000.00,ข้าราชการ,0,ปิดบัญชีแล้ว,27,0
L-22352,2024-02-25,18028.18,0.41,118,53,1,50000.00,อาชีพอิสระ,2,ปกติ,12,0
L-22448,2024-02-25,31877.60,0.69,225,29,2,300000.00,พนักงานประจำ,0,ปกติ,0,0
L-22925,2024-02-25,37657.43,0.351,85,43,3,200000.00,พนักงานประจำ,0,ปิดบัญชีแล้ว,14,0
L-25815,2024-02-25,31562.46,0.549,127,64,2,50000.00,อาชีพอิสระ,2,ปกติ,9,0
L-26118,2024-02-25,20453.38,0.161,30,61,6,50000.00,อาชีพอิสระ,0,ปกติ,20,0
L-26824,2024-02-25,47564.87,0.02,114,50,0,500000.00,พนักงานประจำ,0,ปกติ,10,0
L-27602,2024-02-25,26666.90,0.495,136,29,0,150000.00,อาชีพอิสระ,1,ปิดบัญชีแล้ว,0,0
L-30005,2024-02-25,12938.01,0.346,172,45,6,100000.00,ข้าราชการ,0,ปกติ,2,0
L-31254,2024-02-25,28379.83,0.359,216,58,2,50000.00,พนักงานประจำ,2,ปกติ,19,0
L-31945,2024-02-25,58207.18,0.514,166,33,4,100000.00,ข้าราชการ,1,ปกติ,6,0
L-20530,2024-02-26,9683.65,0.412,116,42,2,200000.00,ข้าราชการ,2,ปกติ,6,0
L-20636,2024-02-26,16695.22,0.31,166,40,5,150000.00,พนักงานประจำ,1,ปกติ,6,0
L-21380,2024-02-26,39925.43,0.416,11,49,1,300000.00,พนักงานประจำ,2,ปิดบัญชีแล้ว,6,0
L-22096,2024-02-26,37700.46,0.214,22,57,0,50000.00,พนักงานประจำ,0,ปกติ,4,0
L-22264,2024-02-26,32237.18,0.679,224,65,3,300000.00,อาชีพอิสระ,0,ปกติ,1,0
L-23006,2024-02-26,23399.71,0.348,120,38,4,50000.00,พนักงานประจำ,1,ปิดบัญชีแล้ว,9,0
L-23196,2024-02-26,30318.98,0.452,58,21,2,50000.00,ข้าราชการ,1,ปิดบัญชีแล้ว,18,0
L-27585,2024-02-26,65394.59,0.382,194,34,1,300000.00,อาชีพอิสระ,1,ปิดบัญชีแล้ว,4,0
L-28769,2024-02-26,28181.33,0.485,199,26,5,150000.00,อาชีพอิสระ,0,ปกติ,22,0
L-29182,2024-02-26,31678.82,0.046,79,23,2,500000.00,ข้าราชการ,2,ปกติ,22,0
L-29384,2024-02-26,38299.59,0.238,47,42,4,300000.00,อาชีพอิสระ,0,ปิดบัญชีแล้ว,1,0
L-29599,2024-02-26,32743.20,0.24,27,58,5,50000.00,ธุรกิจส่วนตัว,12,ค้างชำระ,105,1
L-30503,2024-02-26,23516.14,0.451,90,47,1,100000.00,พนักงานประจำ,2,ปิดบัญชีแล้ว,23,0
L-30551,2024-02-26,28066.05,0.527,3,34,6,150000.00,ข้าราชการ,0,ปกติ,1,0
L-31829,2024-02-26,20998.20,0.173,21,42,1,150000.00,ข้าราชการ,1,ปิดบัญชีแล้ว,29,0
L-20317,2024-02-27,48086.81,0.408,48,46,4,300000.00,อาชีพอิสระ,2,ปกติ,7,0
L-20610,2024-02-27,23078.72,0.33,58,42,3,100000.00,ข้าราชการ,0,ปกติ,16,0
L-20983,2024-02-27,34561.91,0.562,153,31,3,300000.00,ธุรกิจส่วนตัว,2,ปกติ,16,0
L-25176,2024-02-27,42142.51,0.577,89,35,6,300000.00,ธุรกิจส่วนตัว,12,ค้างชำระ,91,1
L-28111,2024-02-27,53849.95,0.18,163,56,5,150000.00,ข้าราชการ,0,ปกติ,14,0
L-28763,2024-02-27,23715.70,0.441,172,30,4,500000.00,ข้าราชการ,0,ปกติ,19,0
L-28825,2024-02-27,21540.65,0.294,167,31,4,300000.00,ข้าราชการ,2,ปกติ,19,0
L-29765,2024-02-27,43931.67,0.503,61,21,6,50000.00,อาชีพอิสระ,1,ปกติ,2,0
L-29976,2024-02-27,26169.53,0.216,118,40,0,300000.00,ธุรกิจส่วนตัว,2,ปกติ,23,0
L-30796,2024-02-27,21077.10,0.402,191,26,0,150000.00,ข้าราชการ,0,ปกติ,26,0
L-31451,2024-02-27,35155.23,0.597,142,30,1,300000.00,อาชีพอิสระ,2,ปิดบัญชีแล้ว,3,0
L-20242,2024-02-28,34003.48,0.133,211,41,3,200000.00,ข้าราชการ,1,ปกติ,10,0
L-20427,2024-02-28,22161.68,0.372,191,23,2,150000.00,พนักงานประจำ,1,ปิดบัญชีแล้ว,12,0
L-20813,2024-02-28,17670.28,0.275,208,42,1,200000.00,ธุรกิจส่วนตัว,2,ปกติ,5,0
L-21191,2024-02-28,35224.52,0.373,161,43,3,100000.00,ข้าราชการ,1,ปิดบัญชีแล้ว,9,0
L-21225,2024-02-28,17940.04,0.358,102,28,2,50000.00,พนักงานประจำ,1,ปิดบัญชีแล้ว,16,0
L-21243,2024-02-28,41010.84,0.26,143,57,6,50000.00,อาชีพอิสระ,2,ปกติ,14,0
L-21690,2024-02-28,9000.00,0.384,2,41,4,200000.00,ธุรกิจส่วนตัว,10,ค้างชำระ,110,1
L-21800,2024-02-28,40083.31,0.245,70,57,6,500000.00,ข้าราชการ,2,ปกติ,4,0
L-22189,2024-02-28,23823.00,0.49,169,62,2,300000.00,ข้าราชการ,1,ปกติ,12,0
L-22382,2024-02-28,31994.86,0.467,149,64,3,300000.00,ธุรกิจส่วนตัว,2,ปกติ,14,0
L-22590,2024-02-28,17615.04,0.417,2,61,2,50000.00,พนักงานประจำ,0,ปกติ,26,0
L-22611,2024-02-28,53972.82,0.45,48,26,3,100000.00,ธุรกิจส่วนตัว,1,ปกติ,1,0
L-24510,2024-02-28,27332.47,0.313,147,45,3,50000.00,ข้าราชการ,7,ค้างชำระ,137,1
L-25261,2024-02-28,46891.46,0.625,213,58,0,50000.00,ข้าราชการ,0,ปกติ,18,0
L-26175,2024-02-28,29215.87,0.457,155,45,6,300000.00,ข้าราชการ,1,ปิดบัญชีแล้ว,9,0
L-26718,2024-02-28,41796.82,0.125,136,35,0,500000.00,อาชีพอิสระ,2,ปกติ,13,0
L-28194,2024-02-28,26516.41,0.316,98,39,1,100000.00,พนักงานประจำ,2,ปกติ,1,0
L-28652,2024-02-28,17953.73,0.459,84,28,1,100000.00,ธุรกิจส่วนตัว,2,ปกติ,8,0
L-30146,2024-02-28,45158.62,0.409,48,43,3,50000.00,ธุรกิจส่วนตัว,2,ปกติ,6,0
L-31424,2024-02-28,40579.44,0.237,109,50,3,150000.00,พนักงานประจำ,0,ปกติ,4,0
L-20768,2024-02-29,65489.70,0.391,122,40,1,150000.00,อาชีพอิสระ,2,ปกติ,9,0
L-22129,2024-02-29,26167.52,0.211,81,31,2,100000.00,อาชีพอิสระ,2,ปกติ,12,0
L-22178,2024-02-29,25715.12,0.168,36,29,5,200000.00,ธุรกิจส่วนตัว,0,ปกติ,20,0
L-23319,2024-02-29,48761.42,0.418,197,25,6,100000.00,อาชีพอิสระ,1,ปกติ,7,0
L-23505,2024-02-29,18301.19,0.237,179,62,3,500000.00,ธุรกิจส่วนตัว,0,ปิดบัญชีแล้ว,16,0
L-23807,2024-02-29,38507.41,0.494,205,42,6,300000.00,ธุรกิจส่วนตัว,0,ปกติ,5,0
L-24118,2024-02-29,42756.14,0.231,213,45,0,100000.00,อาชีพอิสระ,1,ปกติ,6,0
L-25423,2024-02-29,21960.99,0.781,72,50,1,50000.00,ธุรกิจส่วนตัว,0,ปิดบัญชีแล้ว,25,0
L-26358,2024-02-29,29899.98,0.534,93,28,5,300000.00,พนักงานประจำ,7,ค้างชำระ,51,1
L-27586,2024-02-29,28132.08,0.389,175,36,5,100000.00,พนักงานประจำ,1,ปกติ,10,0
L-28638,2024-02-29,36702.41,0.3,53,34,0,200000.00,ข้าราชการ,1,ปิดบัญชีแล้ว,23,0
L-28661,2024-02-29,23749.95,0.409,1,31,2,50000.00,พนักงานประจำ,0,ปกติ,29,0
L-28978,2024-02-29,36062.87,0.096,14,32,1,500000.00,ข้าราชการ,1,ปกติ,13,0
L-29659,2024-02-29,33361.22,0.448,37,39,2,50000.00,อาชีพอิสระ,1,ปกติ,8,0
L-29797,2024-02-29,40030.21,0.616,194,49,6,100000.00,ธุรกิจส่วนตัว,2,ปกติ,30,0
L-30199,2024-02-29,12224.34,0.02,164,56,3,500000.00,ธุรกิจส่วนตัว,0,ปกติ,20,0
L-30990,2024-02-29,18362.38,0.159,227,25,1,300000.00,อาชีพอิสระ,0,ปกติ,27,0
L-20027,2024-03-01,37819.11,0.216,126,26,1,300000.00,ข้าราชการ,2,ปกติ,23,0
L-20153,2024-03-01,16360.21,0.239,208,41,4,100000.00,พนักงานประจำ,0,ปกติ,4,0
L-20588,2024-03-01,23530.99,0.078,189,47,3,50000.00,ธุรกิจส่วนตัว,2,ปกติ,29,0
L-20851,2024-03-01,31586.69,0.249,18,44,2,150000.00,ธุรกิจส่วนตัว,5,ค้างชำระ,50,1
L-23087,2024-03-01,47695.70,0.413,79,61,0,50000.00,ข้าราชการ,0,ปิดบัญชีแล้ว,21,0
L-23435,2024-03-01,27437.25,0.659,46,55,6,50000.00,ข้าราชการ,2,ปิดบัญชีแล้ว,15,0
L-24988,2024-03-01,26784.37,0.233,46,36,5,50000.00,ข้าราชการ,0,ปกติ,6,0
L-25707,2024-03-01,14948.49,0.402,229,62,0,50000.00,ธุรกิจส่วนตัว,2,ปกติ,29,0
L-28012,2024-03-01,54178.88,0.371,204,33,5,200000.00,ข้าราชการ,14,ค้างชำระ,159,1
L-28134,2024-03-01,33722.50,0.13,84,25,4,50000.00,อาชีพอิสระ,2,ปิดบัญชีแล้ว,4,0
L-29910,2024-03-01,17795.54,0.352,169,48,5,50000.00,ธุรกิจส่วนตัว,14,ค้างชำระ,166,1
L-30067,2024-03-01,36686.12,0.485,112,58,1,200000.00,ธุรกิจส่วนตัว,0,ปิดบัญชีแล้ว,14,0
L-31176,2024-03-01,24502.82,0.443,225,21,3,150000.00,พนักงานประจำ,2,ปกติ,17,0
L-31624,2024-03-01,9000.00,0.372,101,35,6,500000.00,ธุรกิจส่วนตัว,1,ปิดบัญชีแล้ว,12,0
L-21656,2024-03-02,9000.00,0.529,57,59,3,300000.00,พนักงานประจำ,1,ปกติ,0,0
L-23454,2024-03-02,36601.68,0.422,158,23,6,150000.00,พนักงานประจำ,1,ปกติ,19,0
L-25659,2024-03-02,35478.01,0.425,186,46,3,300000.00,พนักงานประจำ,0,ปกติ,7,0
L-25961,2024-03-02,9000.00,0.067,0,44,4,50000.00,ข้าราชการ,0,ปิดบัญชีแล้ว,19,0
L-27155,2024-03-02,44272.22,0.28,160,59,1,50000.00,พนักงานประจำ,0,ปกติ,16,0
L-27205,2024-03-02,18604.22,0.431,175,58,4,200000.00,อาชีพอิสระ,1,ปกติ,21,0
L-28323,2024-03-02,31785.27,0.328,200,23,6,300000.00,อาชีพอิสระ,2,ปกติ,0,0
L-29544,2024-03-02,33480.32,0.231,28,58,6,150000.00,ธุรกิจส่วนตัว,0,ปกติ,19,0
L-29922,2024-03-02,34909.48,0.309,234,54,0,500000.00,ธุรกิจส่วนตัว,2,ปิดบัญชีแล้ว,13,0
L-30885,2024-03-02,37658.70,0.458,134,50,6,50000.00,อาชีพอิสระ,0,ปกติ,0,0
L-31396,2024-03-02,35177.32,0.314,230,64,3,100000.00,พนักงานประจำ,2,ปกติ,10,0
L-31846,2024-03-02,29716.69,0.29,227,24,3,300000.00,อาชีพอิสระ,2,ปกติ,16,0
L-21138,2024-03-03,24977.16,0.424,49,61,2,300000.00,พนักงานประจำ,2,ปกติ,8,0
L-22327,2024-03-03,55266.90,0.368,220,32,1,300000.00,อาชีพอิสระ,1,ปกติ,21,0
L-23814,2024-03-03,9000.00,0.719,137,58,1,50000.00,พนักงานประจำ,2,ปกติ,25,0
L-24086,2024-03-03,9000.00,0.659,52,48,3,150000.00,พนักงานประจำ,2,ปกติ,20,0
L-24989,2024-03-03,23794.31,0.572,239,39,2,200000.00,ธุรกิจส่วนตัว,0,ปกติ,4,0
L-26119,2024-03-03,31470.40,0.413,18,58,4,300000.00,ธุรกิจส่วนตัว,2,ปกติ,25,0
L-27530,2024-03-03,42645.39,0.469,77,28,4,500000.00,ข้าราชการ,1,ปิดบัญชีแล้ว,10,0
L-29095,2024-03-03,20976.88,0.463,206,24,6,50000.00,พนักงานประจำ,1,ปกติ,7,0
L-29916,2024-03-03,17623.28,0.577,12,33,3,200000.00,ข้าราชการ,1,ปกติ,15,0
L-29987,2024-03-03,30268.72,0.375,205,27,3,500000.00,ข้าราชการ,1,ปกติ,7,0
L-30197,2024-03-03,44235.42,0.26,127,65,1,50000.00,พนักงานประจำ,2,ปกติ,7,0
L-31313,2024-03-03,26506.35,0.597,192,29,1,50000.00,พนักงานประจำ,0,ปกติ,14,0
L-31368,2024-03-03,41091.06,0.32,236,56,3,50000.00,ธุรกิจส่วนตัว,1,ปกติ,23,0
L-31710,2024-03-03,16929.86,0.02,30,31,4,300000.00,อาชีพอิสระ,1,ปกติ,28,0
L-20197,2024-03-04,41885.98,0.374,113,64,6,300000.00,ธุรกิจส่วนตัว,0,ปกติ,22,0
L-20240,2024-03-04,28000.15,0.236,218,54,2,300000.00,พนักงานประจำ,1,ปกติ,21,0
L-21874,2024-03-04,22547.03,0.429,240,32,1,100000.00,อาชีพอิสระ,0,ปกติ,22,0
L-21885,2024-03-04,43121.52,0.135,183,44,1,100000.00,อาชีพอิสระ,2,ปกติ,29,0
L-23533,2024-03-04,24598.31,0.563,145,31,4,100000.00,ธุรกิจส่วนตัว,0,ปกติ,22,0
L-23563,2024-03-04,32111.59,0.507,58,35,2,50000.00,ธุรกิจส่วนตัว,1,ปกติ,5,0
L-24741,2024-03-04,18496.42,0.214,134,57,3,100000.00,ธุรกิจส่วนตัว,2,ปกติ,22,0
L-25358,2024-03-04,47269.34,0.281,141,64,3,100000.00,พนักงานประจำ,1,ปกติ,27,0
L-27174,2024-03-04,52515.34,0.263,5,37,4,100000.00,อาชีพอิสระ,1,ปกติ,28,0
L-27576,2024-03-04,18889.78,0.439,175,27,5,50000.00,ธุรกิจส่วนตัว,2,ปกติ,14,0
L-29522,2024-03-04,21498.49,0.327,97,63,0,150000.00,อาชีพอิสระ,2,ปกติ,7,0
L-30751,2024-03-04,21494.50,0.416,191,44,4,500000.00,อาชีพอิสระ,0,ปกติ,20,0
L-30912,2024-03-04,26458.76,0.5,82,34,1,300000.00,อาชีพอิสระ,0,ปกติ,2,0
L-31223,2024-03-04,35371.83,0.403,213,63,1,200000.00,อาชีพอิสระ,1,ปกติ,15,0
L-31251,2024-03-04,39846.24,0.404,14,29,6,50000.00,ข้าราชการ,0,ปกติ,14,0
L-31270,2024-03-04,21849.51,0.472,123,62,6,500000.00,อาชีพอิสระ,2,ปกติ,0,0
L-31873,2024-03-04,14450.75,0.289,113,64,2,200000.00,ธุรกิจส่วนตัว,1,ปกติ,7,0
L-20328,2024-03-05,30773.37,0.355,95,63,2,150000.00,อาชีพอิสระ,0,ปกติ,30,0
L-20791,2024-03-05,23162.55,0.584,96,34,4,200000.00,ธุรกิจส่วนตัว,2,ปกติ,20,0
L-21506,2024-03-05,13379.45,0.588,128,44,3,300000.00,อาชีพอิสระ,0,ปกติ,24,0
L-23924,2024-03-05,52121.45,0.206,215,50,0,200000.00,อาชีพอิสระ,0,ปกติ,6,0
L-25101,2024-03-05,49730.54,0.176,219,40,3,300000.00,อาชีพอิสระ,2,ปกติ,8,0
L-25718,2024-03-05,45727.92,0.477,92,25,2,200000.00,ข้าราชการ,1,ปิดบัญชีแล้ว,1,0
L-25750,2024-03-05,19808.09,0.614,41,60,2,50000.00,พนักงานประจำ,1,ปิดบัญชีแล้ว,12,0
L-27873,2024-03-05,38044.41,0.232,218,44,1,200000.00,ธุรกิจส่วนตัว,2,ปกติ,2,0
L-29076,2024-03-05,19338.08,0.566,202,37,4,300000.00,ข้าราชการ,0,ปกติ,1,0
L-30041,2024-03-05,19335.21,0.537,55,34,1,500000.00,พนักงานประจำ,2,ปกติ,6,0
L-30517,2024-03-05,51811.04,0.353,184,30,2,200000.00,พนักงานประจำ,1,ปกติ,26,0
L-30809,2024-03-05,32387.63,0.455,122,27,0,150000.00,อาชีพอิสระ,9,ค้างชำระ,53,1
L-30923,2024-03-05,32560.55,0.465,129,31,3,50000.00,อาชีพอิสระ,2,ปกติ,2,0
L-23251,2024-03-06,35011.44,0.558,49,48,1,300000.00,พนักงานประจำ,0,ปิดบัญชีแล้ว,19,0
L-24108,2024-03-06,35386.50,0.231,148,49,3,300000.00,ธุรกิจส่วนตัว,0,ปิดบัญชีแล้ว,21,0
L-24494,2024-03-06,27054.74,0.039,129,39,4,500000.00,อาชีพอิสระ,2,ปิดบัญชีแล้ว,5,0
L-24619,2024-03-06,22460.96,0.619,3,34,6,50000.00,พนักงานประจำ,2,ปกติ,9,0
L-26942,2024-03-06,31843.88,0.405,61,57,3,200000.00,พนักงานประจำ,0,ปิดบัญชีแล้ว,9,0
L-27380,2024-03-06,44597.46,0.508,229,28,5,500000.00,พนักงานประจำ,2,ปิดบัญชีแล้ว,12,0
L-29952,2024-03-06,54660.00,0.02,195,47,6,150000.00,อาชีพอิสระ,1,ปิดบัญชีแล้ว,0,0
L-30414,2024-03-06,29660.49,0.508,10,58,4,100000.00,ธุรกิจส่วนตัว,2,ปิดบัญชีแล้ว,25,0
L-30702,2024-03-06,38040.99,0.74,198,56,1,300000.00,อาชีพอิสระ,2,ปกติ,25,0
L-30757,2024-03-06,32187.74,0.133,50,32,6,50000.00,ธุรกิจส่วนตัว,0,ปกติ,7,0
L-21518,2024-03-07,23316.47,0.366,103,31,1,50000.00,พนักงานประจำ,1,ปกติ,19,0
L-21722,2024-03-07,43973.45,0.581,124,57,5,50000.00,ข้าราชการ,2,ปกติ,6,0
L-22177,2024-03-07,28379.00,0.543,82,23,2,500000.00,ธุรกิจส่วนตัว,2,ปิดบัญชีแล้ว,9,0
L-23466,2024-03-07,41891.98,0.368,99,48,6,200000.00,อาชีพอิสระ,1,ปกติ,29,0
L-23979,2024-03-07,46914.20,0.321,212,50,5,200000.00,ข้าราชการ,2,ปิดบัญชีแล้ว,18,0
L-25100,2024-03-07,29201.67,0.483,122,22,2,300000.00,อาชีพอิสระ,1,ปกติ,14,0
L-26869,2024-03-07,35197.35,0.185,42,41,1,500000.00,อาชีพอิสระ,1,ปกติ,20,0
L-27866,2024-03-07,26634.65,0.176,174,54,4,500000.00,พนักงานประจำ,1,ปิดบัญชีแล้ว,8,0
L-29318,2024-03-07,31294.30,0.35,16,59,0,200000.00,อาชีพอิสระ,0,ปกติ,25,0
L-30093,2024-03-07,38172.19,0.541,28,32,0,100000.00,อาชีพอิสระ,1,ปกติ,2,0
L-30366,2024-03-07,46368.78,0.536,102,29,0,150000.00,ธุรกิจส่วนตัว,0,ปกติ,23,0
L-20736,2024-03-08,20496.87,0.384,115,55,5,100000.00,ข้าราชการ,2,ปกติ,12,0
L-22407,2024-03-08,23943.35,0.238,240,62,1,300000.00,ธุรกิจส่วนตัว,1,ปกติ,29,0
L-23920,2024-03-08,21052.26,0.322,1,50,6,200000.00,ข้าราชการ,3,ค้างชำระ,70,1
L-25789,2024-03-08,23284.46,0.233,96,32,0,500000.00,พนักงานประจำ,2,ปกติ,5,0
L-27773,2024-03-08,32977.51,0.55,161,45,4,100000.00,ธุรกิจส่วนตัว,2,ปิดบัญชีแล้ว,27,0
L-27784,2024-03-08,15289.46,0.115,119,63,2,150000.00,พนักงานประจำ,2,ปกติ,20,0
L-28782,2024-03-08,31945.48,0.663,45,23,0,200000.00,ธุรกิจส่วนตัว,2,ปกติ,23,0
L-28903,2024-03-08,31620.55,0.419,135,35,0,300000.00,อาชีพอิสระ,2,ปกติ,17,0
L-28940,2024-03-08,12776.16,0.529,232,55,5,500000.00,อาชีพอิสระ,2,ปกติ,28,0
L-29058,2024-03-08,12539.90,0.601,195,55,6,150000.00,พนักงานประจำ,1,ปิดบัญชีแล้ว,12,0
L-30460,2024-03-08,48883.31,0.283,183,58,6,100000.00,ข้าราชการ,1,ปกติ,27,0
L-30987,2024-03-08,52638.53,0.51,117,65,6,150000.00,ธุรกิจส่วนตัว,0,ปกติ,5,0
L-31105,2024-03-08,22756.85,0.497,104,31,4,200000.00,อาชีพอิสระ,0,ปกติ,1,0
L-31719,2024-03-08,37978.61,0.411,101,52,2,100000.00,ข้าราชการ,2,ปิดบัญชีแล้ว,5,0
L-20886,2024-03-09,34870.64,0.487,38,37,4,150000.00,ข้าราชการ,2,ปกติ,5,0
L-21431,2024-03-09,73365.13,0.402,114,54,4,100000.00,ข้าราชการ,2,ปิดบัญชีแล้ว,20,0
L-21938,2024-03-09,18803.16,0.328,94,36,4,150000.00,ธุรกิจส่วนตัว,0,ปกติ,16,0
L-22465,2024-03-09,33587.16,0.381,145,44,6,300000.00,ข้าราชการ,2,ปกติ,29,0
L-25545,2024-03-09,21676.13,0.413,58,45,5,150000.00,ธุรกิจส่วนตัว,0,ปิดบัญชีแล้ว,18,0
L-27458,2024-03-09,36071.41,0.234,185,57,6,50000.00,อาชีพอิสระ,0,ปิดบัญชีแล้ว,14,0
L-27465,2024-03-09,52510.67,0.398,125,36,4,200000.00,ข้าราชการ,1,ปกติ,2,0
L-28046,2024-03-09,27744.88,0.437,187,63,0,50000.00,อาชีพอิสระ,1,ปิดบัญชีแล้ว,13,0
L-28148,2024-03-09,53030.88,0.334,125,37,3,150000.00,ข้าราชการ,2,ปิดบัญชีแล้ว,4,0
L-28736,2024-03-09,36415.74,0.388,150,50,5,200000.00,ธุรกิจส่วนตัว,2,ปิดบัญชีแล้ว,13,0
L-30083,2024-03-09,35507.56,0.509,233,46,5,500000.00,อาชีพอิสระ,1,ปิดบัญชีแล้ว,4,0
L-30508,2024-03-09,20211.63,0.138,127,37,5,500000.00,ข้าราชการ,2,ปกติ,30,0
L-21325,2024-03-10,31543.61,0.239,116,41,3,500000.00,ธุรกิจส่วนตัว,2,ปกติ,26,0
L-21765,2024-03-10,22002.16,0.251,14,61,1,50000.00,ข้าราชการ,0,ปกติ,25,0
L-22197,2024-03-10,40850.79,0.617,223,63,3,50000.00,ธุรกิจส่วนตัว,1,ปกติ,0,0
L-23740,2024-03-10,22457.07,0.387,99,33,4,500000.00,ข้าราชการ,2,ปกติ,7,0
L-24961,2024-03-10,72505.01,0.177,74,26,2,300000.00,ธุรกิจส่วนตัว,0,ปกติ,2,0
L-25863,2024-03-10,18774.53,0.533,200,52,5,200000.00,อาชีพอิสระ,0,ปกติ,12,0
L-27841,2024-03-10,20332.70,0.525,197,50,4,50000.00,อาชีพอิสระ,0,ปกติ,12,0
L-28707,2024-03-10,12138.00,0.296,21,34,5,500000.00,พนักงานประจำ,1,ปกติ,9,0
L-29622,2024-03-10,35152.34,0.47,111,59,1,150000.00,พนักงานประจำ,2,ปกติ,26,0
L-31444,2024-03-10,56111.70,0.395,220,45,0,300000.00,ข้าราชการ,2,ปิดบัญชีแล้ว,14,0
L-31966,2024-03-10,55796.87,0.513,196,56,0,300000.00,อาชีพอิสระ,0,ปิดบัญชีแล้ว,14,0
L-20819,2024-03-11,25954.29,0.139,14,48,6,50000.00,อาชีพอิสระ,0,ปิดบัญชีแล้ว,29,0
L-21409,2024-03-11,25841.96,0.727,227,48,1,200000.00,ข้าราชการ,2,ปิดบัญชีแล้ว,10,0
L-21497,2024-03-11,29609.06,0.471,156,51,0,300000.00,ข้าราชการ,14,ค้างชำระ,56,1
L-21524,2024-03-11,9000.00,0.19,236,28,5,300000.00,พนักงานประจำ,2,ปกติ,9,0
L-22000,2024-03-11,25237.38,0.64,132,59,6,50000.00,อาชีพอิสระ,2,ปิดบัญชีแล้ว,22,0
L-22277,2024-03-11,48807.41,0.562,21,55,5,50000.00,พนักงานประจำ,2,ปกติ,8,0
L-22512,2024-03-11,53680.49,0.367,79,60,3,500000.00,พนักงานประจำ,3,ค้างชำระ,103,1
L-23441,2024-03-11,46358.92,0.636,53,55,6,100000.00,อาชีพอิสระ,11,ค้างชำระ,173,1
L-23530,2024-03-11,41138.59,0.02,116,38,5,50000.00,ธุรกิจส่วนตัว,0,ปกติ,2,0
L-23907,2024-03-11,31595.55,0.468,234,50,6,300000.00,ธุรกิจส่วนตัว,2,ปกติ,22,0
L-23987,2024-03-11,35339.77,0.392,72,25,5,150000.00,ธุรกิจส่วนตัว,2,ปกติ,2,0
L-25876,2024-03-11,44690.20,0.3,75,46,1,150000.00,ธุรกิจส่วนตัว,1,ปกติ,6,0
L-26486,2024-03-11,29836.58,0.246,26,22,5,500000.00,ข้าราชการ,2,ปกติ,12,0
L-26538,2024-03-11,59090.63,0.618,193,31,4,300000.00,พนักงานประจำ,1,ปกติ,28,0
L-26960,2024-03-11,38378.44,0.454,51,37,3,200000.00,ข้าราชการ,1,ปกติ,24,0
L-29047,2024-03-11,27937.80,0.373,160,37,1,100000.00,อาชีพอิสระ,11,ค้างชำระ,154,1
L-29327,2024-03-11,51799.13,0.406,217,62,2,50000.00,ข้าราชการ,1,ปกติ,7,0
L-20176,2024-03-12,36212.42,0.69,79,61,0,300000.00,ธุรกิจส่วนตัว,0,ปิดบัญชีแล้ว,28,0
L-22075,2024-03-12,32831.10,0.64,179,57,5,500000.00,พนักงานประจำ,1,ปิดบัญชีแล้ว,8,0
L-23759,2024-03-12,9000.00,0.516,42,56,1,50000.00,ข้าราชการ,1,ปกติ,6,0
L-23816,2024-03-12,17365.34,0.317,71,26,0,150000.00,ข้าราชการ,2,ปกติ,7,0
L-25031,2024-03-12,12428.52,0.258,128,31,0,300000.00,อาชีพอิสระ,2,ปิดบัญชีแล้ว,12,0
L-26626,2024-03-12,46366.58,0.108,202,25,0,200000.00,ข้าราชการ,2,ปกติ,18,0
L-29726,2024-03-12,36510.35,0.45,189,65,6,200000.00,อาชีพอิสระ,0,ปกติ,22,0
L-30037,2024-03-12,60063.24,0.382,199,42,1,500000.00,ธุรกิจส่วนตัว,0,ปกติ,13,0
L-30433,2024-03-12,30467.22,0.388,235,58,5,100000.00,อาชีพอิสระ,2,ปิดบัญชีแล้ว,22,0
L-31915,2024-03-12,25362.91,0.33,214,53,3,150000.00,พนักงานประจำ,1,ปกติ,14,0
L-20086,2024-03-13,25052.89,0.176,9,57,3,300000.00,พนักงานประจำ,0,ปกติ,20,0
L-22185,2024-03-13,36997.80,0.322,99,45,1,200000.00,ข้าราชการ,0,ปิดบัญชีแล้ว,29,0
L-23200,2024-03-13,30254.16,0.384,84,28,4,50000.00,ธุรกิจส่วนตัว,2,ปกติ,15,0
L-26014,2024-03-13,27075.62,0.523,166,33,2,50000.00,ธุรกิจส่วนตัว,2,ปกติ,27,0
L-27544,2024-03-13,23486.60,0.338,158,28,5,50000.00,ธุรกิจส่วนตัว,0,ปกติ,23,0
L-28153,2024-03-13,28510.18,0.257,213,37,5,200000.00,อาชีพอิสระ,1,ปกติ,11,0
L-28471,2024-03-13,23260.63,0.303,44,42,4,500000.00,พนักงานประจำ,0,ปิดบัญชีแล้ว,23,0
L-30015,2024-03-13,19632.21,0.447,69,61,5,200000.00,อาชีพอิสระ,1,ปิดบัญชีแล้ว,29,0
L-30657,2024-03-13,9000.00,0.587,96,31,6,200000.00,อาชีพอิสระ,2,ปกติ,18,0
L-20629,2024-03-14,38014.28,0.247,151,35,3,300000.00,พนักงานประจำ,1,ปกติ,8,0
L-23214,2024-03-14,25547.59,0.655,212,62,1,300000.00,ข้าราชการ,2,ปกติ,2,0
L-23285,2024-03-14,39143.63,0.597,56,44,1,150000.00,ข้าราชการ,1,ปกติ,27,0
L-25051,2024-03-14,48758.18,0.085,95,49,3,50000.00,พนักงานประจำ,1,ปกติ,13,0
L-28528,2024-03-14,36802.48,0.833,62,57,2,500000.00,อาชีพอิสระ,4,ค้างชำระ,146,1
L-29188,2024-03-14,52349.09,0.491,132,63,4,500000.00,ข้าราชการ,1,ปกติ,1,0
L-29925,2024-03-14,13993.81,0.432,136,55,0,200000.00,อาชีพอิสระ,0,ปกติ,11,0
L-30742,2024-03-14,9000.00,0.534,120,36,1,500000.00,อาชีพอิสระ,8,ค้างชำระ,95,1
L-31018,2024-03-14,16546.75,0.214,94,32,2,300000.00,พนักงานประจำ,2,ปิดบัญชีแล้ว,29,0
L-22901,2024-03-15,24687.87,0.639,108,32,0,50000.00,อาชีพอิสระ,0,ปิดบัญชีแล้ว,9,0
L-23583,2024-03-15,38912.02,0.161,89,56,4,150000.00,พนักงานประจำ,1,ปกติ,14,0
L-24070,2024-03-15,32581.66,0.416,52,53,2,150000.00,ข้าราชการ,6,ค้างชำระ,177,1
L-25364,2024-03-15,50040.75,0.281,60,58,6,100000.00,ข้าราชการ,0,ปกติ,21,0
L-26326,2024-03-15,48328.20,0.678,158,34,0,50000.00,อาชีพอิสระ,1,ปกติ,30,0
L-27044,2024-03-15,30924.90,0.346,175,55,1,50000.00,ธุรกิจส่วนตัว,9,ค้างชำระ,149,1
L-28531,2024-03-15,36356.07,0.649,202,30,1,200000.00,อาชีพอิสระ,1,ปิดบัญชีแล้ว,20,0
L-30222,2024-03-15,20064.77,0.138,59,44,2,200000.00,อาชีพอิสระ,1,ปิดบัญชีแล้ว,29,0
L-30546,2024-03-15,51325.54,0.392,85,29,0,50000.00,ธุรกิจส่วนตัว,0,ปกติ,30,0
L-21744,2024-03-16,9000.00,0.432,204,31,0,300000.00,พนักงานประจำ,1,ปกติ,1,0
L-21751,2024-03-16,47055.73,0.626,28,50,3,100000.00,ธุรกิจส่วนตัว,1,ปิดบัญชีแล้ว,27,0
L-22386,2024-03-16,25422.01,0.252,111,42,2,100000.00,ข้าราชการ,2,ปกติ,21,0
L-22742,2024-03-16,14699.60,0.595,117,49,2,50000.00,ข้าราชการ,0,ปกติ,23,0
L-23469,2024-03-16,29079.77,0.79,51,32,4,100000.00,ธุรกิจส่วนตัว,2,ปกติ,30,0
L-23476,2024-03-16,28598.53,0.473,21,51,5,100000.00,ข้าราชการ,1,ปกติ,21,0
L-23620,2024-03-16,29492.53,0.757,237,24,4,300000.00,ข้าราชการ,3,ค้างชำระ,159,1
L-24754,2024-03-16,34763.05,0.288,101,62,1,500000.00,อาชีพอิสระ,1,ปิดบัญชีแล้ว,23,0
L-25956,2024-03-16,29210.06,0.659,170,61,6,150000.00,ข้าราชการ,2,ปกติ,17,0
L-26095,2024-03-16,34200.49,0.465,137,27,4,200000.00,ธุรกิจส่วนตัว,0,ปิดบัญชีแล้ว,27,0
L-27611,2024-03-16,27960.18,0.95,46,52,4,200000.00,ธุรกิจส่วนตัว,2,ปิดบัญชีแล้ว,6,0
L-27775,2024-03-16,51914.08,0.323,211,24,3,150000.00,พนักงานประจำ,0,ปกติ,30,0
L-28337,2024-03-16,50491.46,0.522,90,46,0,100000.00,ธุรกิจส่วนตัว,1,ปกติ,10,0
L-29602,2024-03-16,12417.12,0.41,35,50,2,500000.00,พนักงานประจำ,0,ปกติ,19,0
L-22228,2024-03-17,46882.63,0.063,113,48,5,500000.00,อาชีพอิสระ,2,ปกติ,29,0
L-22931,2024-03-17,47382.97,0.662,47,50,4,300000.00,พนักงานประจำ,2,ปกติ,25,0
L-23806,2024-03-17,46791.76,0.104,95,59,2,500000.00,ธุรกิจส่วนตัว,2,ปิดบัญชีแล้ว,1,0
L-24264,2024-03-17,33720.81,0.417,185,43,3,100000.00,พนักงานประจำ,2,ปกติ,24,0
L-24984,2024-03-17,43513.44,0.515,34,21,5,150000.00,อาชีพอิสระ,0,ปกติ,18,0
L-25274,2024-03-17,23351.36,0.248,157,30,1,200000.00,ข้าราชการ,1,ปกติ,27,0
L-28060,2024-03-17,21531.08,0.182,58,61,1,500000.00,พนักงานประจำ,1,ปกติ,12,0
L-31219,2024-03-17,20863.79,0.331,177,30,1,300000.00,ข้าราชการ,1,ปกติ,19,0
L-20682,2024-03-18,51300.19,0.598,97,55,0,150000.00,ข้าราชการ,0,ปกติ,16,0
L-23099,2024-03-18,40176.28,0.174,105,62,0,100000.00,ข้าราชการ,0,ปกติ,6,0
L-23348,2024-03-18,53256.16,0.575,33,35,0,500000.00,อาชีพอิสระ,1,ปกติ,22,0
L-25881,2024-03-18,39015.10,0.536,6,44,6,150000.00,ธุรกิจส่วนตัว,1,ปกติ,26,0
L-25912,2024-03-18,21485.94,0.45,24,30,6,500000.00,ธุรกิจส่วนตัว,2,ปกติ,13,0
L-27129,2024-03-18,43059.32,0.665,210,45,4,100000.00,พนักงานประจำ,0,ปิดบัญชีแล้ว,29,0
L-27297,2024-03-18,25496.53,0.455,79,40,0,150000.00,ข้าราชการ,2,ปกติ,21,0
L-27960,2024-03-18,25742.69,0.283,223,42,3,300000.00,พนักงานประจำ,2,ปกติ,4,0
L-28545,2024-03-18,9000.00,0.468,161,43,2,150000.00,อาชีพอิสระ,1,ปิดบัญชีแล้ว,12,0
L-29432,2024-03-18,31769.08,0.72,104,43,3,500000.00,ข้าราชการ,14,ค้างชำระ,115,1
L-29459,2024-03-18,17461.28,0.494,219,49,6,300000.00,ธุรกิจส่วนตัว,1,ปกติ,0,0
L-30995,2024-03-18,32001.74,0.183,121,51,2,500000.00,พนักงานประจำ,1,ปกติ,14,0
L-20647,2024-03-19,30101.00,0.609,54,43,2,50000.00,พนักงานประจำ,1,ปกติ,17,0
L-22761,2024-03-19,57533.54,0.199,178,37,6,100000.00,อาชีพอิสระ,2,ปกติ,16,0
L-24605,2024-03-19,56569.92,0.519,28,25,6,500000.00,อาชีพอิสระ,2,ปิดบัญชีแล้ว,1,0
L-24800,2024-03-19,18499.03,0.427,169,63,0,300000.00,ธุรกิจส่วนตัว,2,ปกติ,11,0
L-24831,2024-03-19,41287.77,0.79,134,34,2,150000.00,อาชีพอิสระ,0,ปกติ,28,0
L-25334,2024-03-19,9000.00,0.668,36,22,0,150000.00,ธุรกิจส่วนตัว,0,ปกติ,2,0
L-26497,2024-03-19,14811.68,0.575,41,42,5,50000.00,พนักงานประจำ,0,ปกติ,4,0
L-26563,2024-03-19,45774.02,0.082,198,63,3,100000.00,อาชีพอิสระ,2,ปกติ,16,0
L-29370,2024-03-19,37181.76,0.068,17,37,6,100000.00,ข้าราชการ,0,ปกติ,26,0
L-29541,2024-03-19,37559.50,0.143,135,54,5,100000.00,ข้าราชการ,0,ปกติ,25,0
L-31009,2024-03-19,9000.00,0.659,106,58,2,150000.00,ธุรกิจส่วนตัว,1,ปิดบัญชีแล้ว,14,0
L-31014,2024-03-19,35884.18,0.231,175,24,3,50000.00,พนักงานประจำ,1,ปกติ,9,0
L-31852,2024-03-19,35062.41,0.19,108,57,1,200000.00,อาชีพอิสระ,2,ปกติ,8,0
L-20269,2024-03-20,9000.00,0.393,62,25,0,100000.00,ธุรกิจส่วนตัว,1,ปกติ,12,0
L-21262,2024-03-20,39371.30,0.291,155,39,3,150000.00,พนักงานประจำ,2,ปกติ,18,0
L-22081,2024-03-20,36929.72,0.515,41,48,3,500000.00,พนักงานประจำ,0,ปกติ,2,0
L-22095,2024-03-20,41458.96,0.255,115,43,3,300000.00,ข้าราชการ,0,ปกติ,17,0
L-23713,2024-03-20,43787.66,0.232,200,26,3,100000.00,ข้าราชการ,0,ปกติ,10,0
L-25570,2024-03-20,26446.20,0.505,75,63,5,50000.00,ข้าราชการ,0,ปกติ,24,0
L-26999,2024-03-20,20854.69,0.384,24,21,0,300000.00,อาชีพอิสระ,11,ค้างชำระ,72,1
L-27286,2024-03-20,23142.04,0.356,124,53,6,300000.00,ธุรกิจส่วนตัว,2,ปกติ,15,0
L-27510,2024-03-20,38769.57,0.642,88,35,2,300000.00,ธุรกิจส่วนตัว,1,ปิดบัญชีแล้ว,21,0
L-27575,2024-03-20,47735.47,0.551,76,30,4,150000.00,อาชีพอิสระ,0,ปกติ,13,0
L-29473,2024-03-20,41208.55,0.139,86,63,3,150000.00,อาชีพอิสระ,11,ค้างชำระ,132,1
L-30337,2024-03-20,40442.92,0.373,184,39,1,150000.00,อาชีพอิสระ,2,ปิดบัญชีแล้ว,19,0
L-30729,2024-03-20,9000.00,0.218,67,29,0,500000.00,ธุรกิจส่วนตัว,4,ค้างชำระ,155,1
L-20054,2024-03-21,30826.92,0.255,166,42,5,100000.00,พนักงานประจำ,1,ปิดบัญชีแล้ว,26,0
L-20237,2024-03-21,9378.10,0.178,106,64,0,200000.00,พนักงานประจำ,1,ปกติ,28,0
L-21428,2024-03-21,27747.24,0.098,139,21,1,100000.00,ธุรกิจส่วนตัว,0,ปกติ,11,0
L-22627,2024-03-21,36358.67,0.393,99,57,1,100000.00,พนักงานประจำ,1,ปกติ,18,0
L-22774,2024-03-21,27850.09,0.459,81,50,5,300000.00,พนักงานประจำ,0,ปกติ,14,0
L-23552,2024-03-21,19307.22,0.163,142,41,6,500000.00,ธุรกิจส่วนตัว,2,ปิดบัญชีแล้ว,23,0
L-25731,2024-03-21,31973.26,0.418,29,26,4,200000.00,ข้าราชการ,7,ค้างชำระ,150,1
L-26763,2024-03-21,28824.70,0.414,67,22,1,300000.00,ธุรกิจส่วนตัว,0,ปกติ,28,0
L-27922,2024-03-21,35966.42,0.168,64,56,4,200000.00,ธุรกิจส่วนตัว,0,ปกติ,11,0
L-29150,2024-03-21,13595.02,0.442,96,27,1,200000.00,ธุรกิจส่วนตัว,2,ปกติ,20,0
L-29396,2024-03-21,43145.56,0.677,108,61,0,100000.00,พนักงานประจำ,14,ค้างชำระ,67,1
L-29923,2024-03-21,25104.32,0.518,94,61,0,100000.00,ธุรกิจส่วนตัว,2,ปกติ,17,0
L-30000,2024-03-21,27169.74,0.085,144,42,6,100000.00,อาชีพอิสระ,0,ปกติ,27,0
L-20818,2024-03-22,15559.92,0.253,0,34,0,50000.00,ธุรกิจส่วนตัว,0,ปกติ,27,0
L-21005,2024-03-22,49190.11,0.192,107,27,4,150000.00,ข้าราชการ,2,ปิดบัญชีแล้ว,18,0
L-22979,2024-03-22,15371.25,0.474,50,24,5,100000.00,ธุรกิจส่วนตัว,1,ปกติ,25,0
L-23547,2024-03-22,36500.20,0.565,169,57,0,300000.00,อาชีพอิสระ,1,ปกติ,19,0
L-23873,2024-03-22,36164.21,0.326,211,48,5,150000.00,ธุรกิจส่วนตัว,1,ปิดบัญชีแล้ว,16,0
L-25029,2024-03-22,9000.00,0.468,146,35,5,100000.00,ธุรกิจส่วนตัว,1,ปกติ,18,0
L-29292,2024-03-22,34723.39,0.542,173,28,0,500000.00,ธุรกิจส่วนตัว,0,ปิดบัญชีแล้ว,5,0
L-30464,2024-03-22,25528.45,0.654,139,23,2,300000.00,พนักงานประจำ,0,ปกติ,16,0
L-25135,2024-03-23,9000.00,0.719,204,59,1,50000.00,ข้าราชการ,11,ค้างชำระ,140,1
L-25558,2024-03-23,28285.76,0.471,90,50,5,300000.00,อาชีพอิสระ,2,ปิดบัญชีแล้ว,2,0
L-28433,2024-03-23,16719.67,0.084,189,25,2,200000.00,ข้าราชการ,0,ปกติ,25,0
L-29919,2024-03-23,71298.01,0.554,67,44,0,150000.00,อาชีพอิสระ,0,ปกติ,13,0
L-31402,2024-03-23,10312.45,0.134,217,22,3,300000.00,ธุรกิจส่วนตัว,2,ปกติ,20,0
L-31413,2024-03-23,46215.61,0.232,232,43,5,500000.00,อาชีพอิสระ,1,ปกติ,15,0
L-31761,2024-03-23,37289.55,0.053,78,22,6,50000.00,พนักงานประจำ,2,ปกติ,12,0
L-20016,2024-03-24,9000.00,0.664,78,34,4,50000.00,อาชีพอิสระ,1,ปกติ,7,0
L-20127,2024-03-24,40012.77,0.529,236,34,0,100000.00,ข้าราชการ,1,ปกติ,19,0
L-20606,2024-03-24,20332.76,0.739,123,46,6,500000.00,ข้าราชการ,2,ปกติ,27,0
L-23015,2024-03-24,35326.95,0.403,166,25,5,50000.00,ธุรกิจส่วนตัว,1,ปกติ,28,0
L-24574,2024-03-24,32133.21,0.384,178,57,6,200000.00,ข้าราชการ,0,ปกติ,26,0
L-24719,2024-03-24,27030.04,0.065,188,57,4,100000.00,ธุรกิจส่วนตัว,2,ปกติ,7,0
L-25747,2024-03-24,10485.05,0.113,39,65,1,50000.00,พนักงานประจำ,0,ปกติ,27,0
L-27649,2024-03-24,47025.71,0.417,154,43,3,300000.00,พนักงานประจำ,0,ปกติ,24,0
L-30390,2024-03-24,28915.28,0.409,215,24,3,100000.00,ธุรกิจส่วนตัว,1,ปิดบัญชีแล้ว,25,0
L-30860,2024-03-24,28243.98,0.552,130,42,5,500000.00,อาชีพอิสระ,1,ปกติ,12,0
L-22395,2024-03-25,31547.33,0.438,229,48,4,500000.00,ธุรกิจส่วนตัว,0,ปกติ,15,0
L-22398,2024-03-25,39126.47,0.311,40,58,6,50000.00,ธุรกิจส่วนตัว,1,ปิดบัญชีแล้ว,20,0
L-22662,2024-03-25,26620.74,0.453,90,42,1,100000.00,ธุรกิจส่วนตัว,2,ปกติ,23,0
L-23636,2024-03-25,37046.24,0.362,170,51,2,50000.00,ธุรกิจส่วนตัว,0,ปกติ,22,0
L-23684,2024-03-25,59099.85,0.358,220,35,4,300000.00,ธุรกิจส่วนตัว,1,ปกติ,1,0
L-25472,2024-03-25,24324.41,0.529,217,37,6,150000.00,ข้าราชการ,2,ปกติ,11,0
L-25987,2024-03-25,54972.70,0.125,51,54,5,150000.00,ข้าราชการ,2,ปกติ,19,0
L-26322,2024-03-25,43456.92,0.093,74,64,5,100000.00,ธุรกิจส่วนตัว,2,ปิดบัญชีแล้ว,0,0
L-27430,2024-03-25,16624.27,0.532,155,29,0,300000.00,พนักงานประจำ,2,ปกติ,26,0
L-28114,2024-03-25,25596.00,0.393,117,22,4,300000.00,พนักงานประจำ,0,ปกติ,26,0
L-29770,2024-03-25,64671.49,0.063,234,59,3,100000.00,พนักงานประจำ,1,ปกติ,15,0
L-30140,2024-03-25,34424.27,0.09,155,65,6,200000.00,ธุรกิจส่วนตัว,1,ปกติ,5,0
L-30463,2024-03-25,48919.49,0.236,139,47,1,300000.00,ธุรกิจส่วนตัว,0,ปกติ,28,0
L-31514,2024-03-25,64639.88,0.242,112,37,1,200000.00,ธุรกิจส่วนตัว,0,ปิดบัญชีแล้ว,3,0
L-21451,2024-03-26,18021.24,0.216,148,43,0,50000.00,พนักงานประจำ,2,ปกติ,3,0
L-23136,2024-03-26,28778.76,0.475,193,42,0,150000.00,อาชีพอิสระ,0,ปกติ,25,0
L-25033,2024-03-26,27376.18,0.156,114,31,5,500000.00,ข้าราชการ,2,ปกติ,11,0
L-26279,2024-03-26,21308.63,0.071,149,36,2,50000.00,อาชีพอิสระ,0,ปิดบัญชีแล้ว,16,0
L-26604,2024-03-26,32122.56,0.386,63,57,4,150000.00,ธุรกิจส่วนตัว,1,ปกติ,4,0
L-26926,2024-03-26,30244.06,0.525,107,41,6,150000.00,อาชีพอิสระ,2,ปกติ,27,0
L-30343,2024-03-26,30260.52,0.468,96,52,4,100000.00,อาชีพอิสระ,0,ปกติ,1,0
L-30830,2024-03-26,27647.00,0.414,1,32,3,500000.00,อาชีพอิสระ,0,ปกติ,24,0
L-22584,2024-03-27,55931.85,0.908,158,26,4,100000.00,อาชีพอิสระ,2,ปกติ,9,0
L-23397,2024-03-27,30732.90,0.503,171,49,0,100000.00,ข้าราชการ,2,ปกติ,7,0
L-24250,2024-03-27,43806.52,0.95,77,22,2,500000.00,ข้าราชการ,2,ปิดบัญชีแล้ว,17,0
L-24524,2024-03-27,34986.08,0.382,88,56,5,500000.00,อาชีพอิสระ,1,ปกติ,27,0
L-25168,2024-03-27,22115.93,0.515,25,65,1,300000.00,ข้าราชการ,0,ปิดบัญชีแล้ว,15,0
L-27939,2024-03-27,22563.63,0.506,76,59,4,150000.00,ธุรกิจส่วนตัว,0,ปกติ,20,0
L-28002,2024-03-27,9000.00,0.265,36,21,5,300000.00,ข้าราชการ,2,ปกติ,25,0
L-28705,2024-03-27,31555.36,0.382,232,55,2,150000.00,อาชีพอิสระ,0,ปกติ,30,0
L-28793,2024-03-27,15531.17,0.327,60,47,3,50000.00,ธุรกิจส่วนตัว,2,ปกติ,1,0
L-28967,2024-03-27,51449.69,0.43,22,28,0,150000.00,พนักงานประจำ,1,ปกติ,12,0
L-31021,2024-03-27,40345.85,0.348,209,36,4,150000.00,ข้าราชการ,0,ปิดบัญชีแล้ว,1,0
L-20770,2024-03-28,40622.88,0.258,144,53,3,300000.00,ข้าราชการ,4,ค้างชำระ,127,1
L-22366,2024-03-28,31379.56,0.02,205,63,0,200000.00,อาชีพอิสระ,0,ปกติ,23,0
L-23546,2024-03-28,43317.45,0.279,83,40,6,50000.00,ธุรกิจส่วนตัว,0,ปกติ,17,0
L-23736,2024-03-28,44519.92,0.481,212,36,3,100000.00,ธุรกิจส่วนตัว,0,ปกติ,6,0
L-24424,2024-03-28,44718.54,0.204,180,65,1,300000.00,อาชีพอิสระ,0,ปกติ,24,0
L-24868,2024-03-28,41883.59,0.198,240,25,2,500000.00,ธุรกิจส่วนตัว,2,ปกติ,16,0
L-25857,2024-03-28,11070.05,0.302,6,50,2,50000.00,ข้าราชการ,2,ปิดบัญชีแล้ว,8,0
L-26246,2024-03-28,21262.55,0.225,154,41,3,150000.00,อาชีพอิสระ,2,ปกติ,0,0
L-26542,2024-03-28,18951.71,0.499,149,61,0,300000.00,พนักงานประจำ,0,ปกติ,12,0
L-27546,2024-03-28,40742.83,0.262,55,62,2,100000.00,ธุรกิจส่วนตัว,0,ปกติ,1,0
L-31114,2024-03-28,21977.51,0.398,145,41,5,200000.00,ข้าราชการ,2,ปิดบัญชีแล้ว,1,0
L-31115,2024-03-28,38850.10,0.649,222,51,6,150000.00,ธุรกิจส่วนตัว,0,ปิดบัญชีแล้ว,25,0
L-31420,2024-03-28,9000.00,0.225,23,31,2,150000.00,พนักงานประจำ,14,ค้างชำระ,167,1
L-22028,2024-03-29,11089.64,0.317,64,30,3,150000.00,อาชีพอิสระ,0,ปกติ,8,0
L-24140,2024-03-29,21841.21,0.561,221,52,0,300000.00,ธุรกิจส่วนตัว,1,ปกติ,24,0
L-24402,2024-03-29,55108.82,0.509,68,59,3,100000.00,ธุรกิจส่วนตัว,0,ปกติ,11,0
L-24887,2024-03-29,9000.00,0.02,149,25,4,50000.00,พนักงานประจำ,2,ปกติ,1,0
L-25579,2024-03-29,29553.45,0.626,228,63,5,50000.00,ข้าราชการ,1,ปกติ,18,0
L-26461,2024-03-29,18950.69,0.336,38,46,2,50000.00,ธุรกิจส่วนตัว,1,ปกติ,11,0
L-26892,2024-03-29,42112.09,0.407,112,21,2,200000.00,อาชีพอิสระ,2,ปิดบัญชีแล้ว,24,0
L-27008,2024-03-29,38976.63,0.219,46,53,1,150000.00,อาชีพอิสระ,0,ปกติ,26,0
L-27468,2024-03-29,53840.85,0.326,176,53,5,100000.00,พนักงานประจำ,0,ปกติ,22,0
L-28330,2024-03-29,35565.09,0.428,148,54,2,200000.00,พนักงานประจำ,1,ปกติ,8,0
L-30480,2024-03-29,34240.41,0.53,101,64,5,300000.00,พนักงานประจำ,1,ปกติ,10,0
L-30710,2024-03-29,46130.34,0.223,68,43,2,100000.00,พนักงานประจำ,2,ปกติ,22,0
L-20688,2024-03-30,55744.54,0.337,55,55,4,150000.00,ข้าราชการ,8,ค้างชำระ,143,1
L-23016,2024-03-30,52298.02,0.367,34,24,4,300000.00,ธุรกิจส่วนตัว,2,ปิดบัญชีแล้ว,27,0
L-23146,2024-03-30,48499.69,0.416,69,21,4,50000.00,พนักงานประจำ,0,ปกติ,20,0
L-23297,2024-03-30,36890.16,0.079,205,42,3,50000.00,อาชีพอิสระ,0,ปกติ,8,0
L-23502,2024-03-30,35921.92,0.331,16,59,5,300000.00,อาชีพอิสระ,0,ปิดบัญชีแล้ว,27,0
L-24388,2024-03-30,41280.65,0.165,19,26,2,150000.00,อาชีพอิสระ,2,ปกติ,6,0
L-24398,2024-03-30,29056.61,0.324,80,42,0,300000.00,ข้าราชการ,1,ปกติ,9,0
L-24416,2024-03-30,38646.95,0.786,86,51,1,300000.00,ข้าราชการ,0,ปกติ,10,0
L-25709,2024-03-30,31246.59,0.411,183,59,0,150000.00,ธุรกิจส่วนตัว,2,ปิดบัญชีแล้ว,15,0
L-26709,2024-03-30,52289.22,0.543,128,44,6,300000.00,อาชีพอิสระ,1,ปกติ,16,0
L-27281,2024-03-30,36204.31,0.402,140,34,3,50000.00,ข้าราชการ,2,ปกติ,1,0
L-30922,2024-03-30,40196.32,0.448,16,37,6,50000.00,พนักงานประจำ,2,ปกติ,6,0
L-31791,2024-03-30,39950.75,0.238,235,51,4,150000.00,พนักงานประจำ,2,ปกติ,11,0
L-20200,2024-03-31,33510.85,0.37,15,59,4,150000.00,ข้าราชการ,2,ปิดบัญชีแล้ว,1,0
L-21020,2024-03-31,52069.75,0.139,180,23,5,100000.00,พนักงานประจำ,2,ปิดบัญชีแล้ว,10,0
L-21763,2024-03-31,20684.32,0.471,187,26,5,500000.00,อาชีพอิสระ,0,ปกติ,5,0
L-22061,2024-03-31,32438.85,0.027,119,27,0,300000.00,ธุรกิจส่วนตัว,1,ปกติ,29,0
L-24204,2024-03-31,28412.04,0.454,167,45,4,150000.00,อาชีพอิสระ,1,ปกติ,5,0
L-26084,2024-03-31,15085.26,0.669,186,53,0,150000.00,ธุรกิจส่วนตัว,0,ปกติ,12,0
L-20584,2024-04-01,48958.77,0.348,166,58,1,300000.00,พนักงานประจำ,1,ปิดบัญชีแล้ว,9,0
L-22383,2024-04-01,39888.73,0.218,207,51,6,500000.00,ธุรกิจส่วนตัว,1,ปกติ,16,0
L-22872,2024-04-01,34509.20,0.324,41,28,3,200000.00,ธุรกิจส่วนตัว,1,ปกติ,0,0
L-22898,2024-04-01,43298.74,0.02,64,31,5,500000.00,พนักงานประจำ,0,ปกติ,21,0
L-26225,2024-04-01,34643.67,0.332,199,50,0,50000.00,ธุรกิจส่วนตัว,1,ปกติ,13,0
L-26986,2024-04-01,24568.70,0.537,67,52,1,300000.00,อาชีพอิสระ,2,ปกติ,15,0
L-27039,2024-04-01,78106.47,0.152,186,61,1,100000.00,ข้าราชการ,0,ปกติ,27,0
L-27640,2024-04-01,43605.72,0.206,53,28,0,200000.00,ธุรกิจส่วนตัว,0,ปิดบัญชีแล้ว,2,0
L-28095,2024-04-01,23204.34,0.109,15,61,0,150000.00,ธุรกิจส่วนตัว,2,ปกติ,17,0
L-29993,2024-04-01,52262.42,0.453,77,28,4,50000.00,พนักงานประจำ,4,ค้างชำระ,59,1
L-30203,2024-04-01,19457.27,0.634,109,52,5,200000.00,ธุรกิจส่วนตัว,0,ปกติ,22,0
L-31809,2024-04-01,28161.35,0.474,143,42,6,100000.00,ข้าราชการ,2,ปกติ,1,0
L-20401,2024-04-02,26848.06,0.247,89,49,3,50000.00,ธุรกิจส่วนตัว,1,ปกติ,14,0
L-21976,2024-04-02,9000.00,0.02,60,53,4,150000.00,อาชีพอิสระ,14,ค้างชำระ,125,1
L-22919,2024-04-02,30404.47,0.611,112,64,1,500000.00,อาชีพอิสระ,0,ปกติ,24,0
L-24158,2024-04-02,36493.26,0.358,79,32,3,300000.00,ธุรกิจส่วนตัว,10,ค้างชำระ,136,1
L-25807,2024-04-02,41922.67,0.28,192,38,5,300000.00,อาชีพอิสระ,1,ปกติ,29,0
L-26317,2024-04-02,49218.93,0.404,124,48,2,50000.00,ข้าราชการ,0,ปกติ,7,0
L-26540,2024-04-02,44615.07,0.95,236,47,1,300000.00,ธุรกิจส่วนตัว,2,ปกติ,21,0
L-27343,2024-04-02,41153.34,0.049,120,31,4,100000.00,ข้าราชการ,2,ปิดบัญชีแล้ว,21,0
L-28178,2024-04-02,40835.50,0.216,149,23,6,50000.00,ธุรกิจส่วนตัว,0,ปกติ,15,0
L-28475,2024-04-02,42440.25,0.419,29,56,2,300000.00,อาชีพอิสระ,6,ค้างชำระ,117,1
L-29148,2024-04-02,19258.41,0.424,92,45,4,300000.00,ธุรกิจส่วนตัว,1,ปกติ,17,0
L-29495,2024-04-02,45258.42,0.283,34,47,2,150000.00,พนักงานประจำ,1,ปกติ,28,0
L-21278,2024-04-03,33022.99,0.598,140,32,1,150000.00,ธุรกิจส่วนตัว,2,ปกติ,29,0
L-21553,2024-04-03,51799.61,0.513,196,35,0,300000.00,ธุรกิจส่วนตัว,1,ปกติ,28,0
L-22738,2024-04-03,36046.07,0.522,126,25,4,50000.00,ข้าราชการ,1,ปกติ,11,0
L-24589,2024-04-03,12748.20,0.389,152,34,2,200000.00,ข้าราชการ,6,ค้างชำระ,133,1
L-26048,2024-04-03,35200.65,0.368,64,55,0,500000.00,ข้าราชการ,0,ปกติ,24,0
L-27477,2024-04-03,37126.79,0.579,109,30,4,100000.00,อาชีพอิสระ,5,ค้างชำระ,137,1
L-27654,2024-04-03,48935.39,0.342,3,24,0,200000.00,ข้าราชการ,2,ปกติ,27,0
L-27897,2024-04-03,28838.83,0.372,38,21,2,200000.00,ธุรกิจส่วนตัว,0,ปิดบัญชีแล้ว,24,0
L-28415,2024-04-03,21025.76,0.46,143,62,2,500000.00,ธุรกิจส่วนตัว,0,ปกติ,2,0
L-28438,2024-04-03,39871.33,0.28,178,37,3,50000.00,ธุรกิจส่วนตัว,0,ปิดบัญชีแล้ว,28,0
L-29193,2024-04-03,27028.16,0.059,238,29,4,150000.00,ธุรกิจส่วนตัว,1,ปิดบัญชีแล้ว,22,0
L-30193,2024-04-03,16890.35,0.208,1,46,3,500000.00,อาชีพอิสระ,2,ปกติ,0,0
L-31112,2024-04-03,55628.59,0.466,164,35,1,150000.00,ธุรกิจส่วนตัว,0,ปิดบัญชีแล้ว,17,0
L-31560,2024-04-03,67993.97,0.512,216,57,0,50000.00,ธุรกิจส่วนตัว,2,ปกติ,6,0
L-22130,2024-04-04,26231.93,0.517,30,63,5,150000.00,อาชีพอิสระ,8,ค้างชำระ,179,1
L-22155,2024-04-04,15514.65,0.302,20,60,6,50000.00,ธุรกิจส่วนตัว,2,ปกติ,30,0
L-22822,2024-04-04,23906.57,0.102,221,44,4,150000.00,ธุรกิจส่วนตัว,0,ปกติ,16,0
L-23388,2024-04-04,35621.04,0.02,159,44,6,200000.00,ธุรกิจส่วนตัว,1,ปกติ,14,0
L-23826,2024-04-04,41706.28,0.116,227,50,5,300000.00,พนักงานประจำ,2,ปกติ,22,0
L-26372,2024-04-04,29592.20,0.548,213,33,4,500000.00,ข้าราชการ,0,ปิดบัญชีแล้ว,23,0
L-26583,2024-04-04,48814.37,0.41,82,26,5,300000.00,พนักงานประจำ,0,ปกติ,4,0
L-28445,2024-04-04,28825.30,0.106,110,26,1,50000.00,พนักงานประจำ,0,ปกติ,2,0
L-28988,2024-04-04,36751.39,0.134,138,57,3,100000.00,อาชีพอิสระ,1,ปิดบัญชีแล้ว,26,0
L-30358,2024-04-04,65749.18,0.179,195,47,0,100000.00,อาชีพอิสระ,1,ปกติ,7,0
L-31920,2024-04-04,13973.48,0.376,50,58,6,200000.00,ข้าราชการ,0,ปกติ,2,0
L-23201,2024-04-05,20318.16,0.4,138,50,1,50000.00,พนักงานประจำ,1,ปิดบัญชีแล้ว,11,0
L-24559,2024-04-05,27634.90,0.468,142,25,4,300000.00,อาชีพอิสระ,1,ปกติ,29,0
L-25831,2024-04-05,21471.20,0.179,220,41,5,100000.00,ข้าราชการ,1,ปกติ,20,0
L-28177,2024-04-05,59530.49,0.496,112,32,4,300000.00,พนักงานประจำ,0,ปิดบัญชีแล้ว,16,0
L-28192,2024-04-05,28819.99,0.081,140,43,2,50000.00,อาชีพอิสระ,1,ปิดบัญชีแล้ว,9,0
L-31001,2024-04-05,26109.23,0.373,11,53,5,200000.00,ข้าราชการ,1,ปกติ,8,0
L-31050,2024-04-05,35239.93,0.693,62,28,2,50000.00,ธุรกิจส่วนตัว,1,ปกติ,6,0
L-20595,2024-04-06,57970.15,0.422,151,57,0,50000.00,พนักงานประจำ,1,ปกติ,23,0
L-20902,2024-04-06,41995.50,0.498,198,47,6,50000.00,อาชีพอิสระ,0,ปกติ,0,0
L-22440,2024-04-06,37318.85,0.215,168,64,2,500000.00,พนักงานประจำ,2,ปกติ,30,0
L-24696,2024-04-06,15873.73,0.02,13,36,3,50000.00,ข้าราชการ,0,ปิดบัญชีแล้ว,6,0
L-27366,2024-04-06,25929.24,0.425,155,41,3,50000.00,ธุรกิจส่วนตัว,0,ปิดบัญชีแล้ว,25,0
L-28432,2024-04-06,27072.96,0.3,108,38,0,150000.00,ธุรกิจส่วนตัว,0,ปกติ,28,0
L-28733,2024-04-06,33902.76,0.417,42,50,5,300000.00,ข้าราชการ,1,ปกติ,26,0
L-29283,2024-04-06,30779.45,0.591,29,45,0,50000.00,อาชีพอิสระ,2,ปกติ,15,0
L-31028,2024-04-06,16697.97,0.382,71,26,0,300000.00,ข้าราชการ,1,ปิดบัญชีแล้ว,20,0
L-23919,2024-04-07,24442.34,0.591,170,63,3,50000.00,ธุรกิจส่วนตัว,1,ปิดบัญชีแล้ว,25,0
L-25089,2024-04-07,25585.40,0.408,136,53,3,500000.00,พนักงานประจำ,11,ค้างชำระ,163,1
L-25143,2024-04-07,20514.00,0.497,200,44,5,100000.00,ธุรกิจส่วนตัว,9,ค้างชำระ,166,1
L-25708,2024-04-07,21008.66,0.219,36,49,2,50000.00,ธุรกิจส่วนตัว,0,ปกติ,13,0
L-26185,2024-04-07,32045.94,0.278,153,61,5,200000.00,อาชีพอิสระ,1,ปิดบัญชีแล้ว,9,0
L-26384,2024-04-07,31702.05,0.536,112,28,0,300000.00,ข้าราชการ,8,ค้างชำระ,94,1
L-27563,2024-04-07,41557.21,0.367,213,22,0,50000.00,อาชีพอิสระ,2,ปกติ,24,0
L-29875,2024-04-07,52287.75,0.278,204,56,4,100000.00,พนักงานประจำ,0,ปกติ,27,0
L-30275,2024-04-07,49514.53,0.612,135,39,3,150000.00,อาชีพอิสระ,2,ปกติ,22,0
L-30784,2024-04-07,23732.86,0.479,133,24,0,100000.00,พนักงานประจำ,0,ปกติ,30,0
L-31046,2024-04-07,28055.57,0.056,99,60,0,100000.00,ธุรกิจส่วนตัว,0,ปิดบัญชีแล้ว,12,0
L-21002,2024-04-08,27958.51,0.36,67,44,6,300000.00,พนักงานประจำ,2,ปิดบัญชีแล้ว,1,0
L-22169,2024-04-08,23246.84,0.409,207,57,1,300000.00,พนักงานประจำ,1,ปกติ,8,0
L-23321,2024-04-08,21559.81,0.362,12,47,2,50000.00,อาชีพอิสระ,0,ปิดบัญชีแล้ว,21,0
L-23434,2024-04-08,19249.27,0.128,37,47,1,200000.00,พนักงานประจำ,2,ปกติ,8,0
L-23535,2024-04-08,58394.06,0.507,202,49,1,100000.00,พนักงานประจำ,2,ปกติ,23,0
L-23605,2024-04-08,33541.96,0.342,205,55,4,500000.00,พนักงานประจำ,0,ปกติ,25,0
L-23878,2024-04-08,29200.45,0.112,155,30,6,150000.00,ข้าราชการ,2,ปกติ,26,0
L-24165,2024-04-08,47501.61,0.158,62,35,5,200000.00,พนักงานประจำ,0,ปกติ,6,0
L-24529,2024-04-08,24904.40,0.601,56,29,6,150000.00,ธุรกิจส่วนตัว,2,ปกติ,26,0
L-24881,2024-04-08,26646.34,0.419,7,42,0,500000.00,พนักงานประจำ,1,ปิดบัญชีแล้ว,27,0
L-26056,2024-04-08,27076.98,0.533,181,62,6,100000.00,ธุรกิจส่วนตัว,1,ปกติ,13,0
L-27005,2024-04-08,43850.80,0.672,147,50,6,100000.00,ข้าราชการ,1,ปกติ,24,0
L-27547,2024-04-08,50488.42,0.335,52,60,2,150000.00,พนักงานประจำ,1,ปกติ,15,0
L-27969,2024-04-08,32686.34,0.488,144,26,3,300000.00,ธุรกิจส่วนตัว,13,ค้างชำระ,139,1
L-29684,2024-04-08,43617.88,0.837,222,54,6,500000.00,ข้าราชการ,1,ปกติ,18,0
L-29767,2024-04-08,25721.18,0.52,44,43,0,100000.00,พนักงานประจำ,2,ปิดบัญชีแล้ว,14,0
L-31775,2024-04-08,37108.47,0.528,103,40,5,50000.00,อาชีพอิสระ,2,ปกติ,21,0
L-20497,2024-04-09,19856.79,0.154,113,34,2,300000.00,อาชีพอิสระ,0,ปกติ,19,0
L-21110,2024-04-09,9000.00,0.427,138,30,2,100000.00,พนักงานประจำ,0,ปกติ,5,0
L-21250,2024-04-09,9000.00,0.411,164,55,5,500000.00,อาชีพอิสระ,2,ปกติ,21,0
L-21374,2024-04-09,50519.94,0.493,113,33,6,50000.00,อาชีพอิสระ,0,ปกติ,20,0
L-23479,2024-04-09,32418.37,0.377,19,39,5,50000.00,อาชีพอิสระ,2,ปกติ,0,0
L-23958,2024-04-09,12586.12,0.484,2,50,2,50000.00,ธุรกิจส่วนตัว,0,ปิดบัญชีแล้ว,1,0
L-24560,2024-04-09,23366.36,0.424,175,23,5,150000.00,อาชีพอิสระ,2,ปกติ,13,0
L-25227,2024-04-09,38236.61,0.407,119,45,4,300000.00,พนักงานประจำ,0,ปิดบัญชีแล้ว,25,0
L-25663,2024-04-09,46050.07,0.395,146,44,4,200000.00,ธุรกิจส่วนตัว,1,ปกติ,15,0
L-26082,2024-04-09,50462.80,0.385,43,43,3,150000.00,อาชีพอิสระ,1,ปกติ,27,0
L-27146,2024-04-09,9000.00,0.483,152,27,1,500000.00,พนักงานประจำ,1,ปกติ,15,0
L-28027,2024-04-09,26955.42,0.311,57,54,5,200000.00,ธุรกิจส่วนตัว,0,ปกติ,7,0
L-30687,2024-04-09,47920.55,0.693,113,39,2,150000.00,ข้าราชการ,0,ปกติ,17,0
L-30902,2024-04-09,51884.90,0.274,1,55,0,300000.00,พนักงานประจำ,0,ปกติ,4,0
L-31169,2024-04-09,9000.00,0.26,168,26,1,200000.00,ธุรกิจส่วนตัว,9,ค้างชำระ,108,1
L-31497,2024-04-09,27289.43,0.305,103,43,0,50000.00,ธุรกิจส่วนตัว,2,ปกติ,20,0
L-21279,2024-04-10,43799.53,0.572,114,47,0,150000.00,ข้าราชการ,1,ปกติ,2,0
L-21597,2024-04-10,33009.13,0.485,108,23,3,500000.00,อาชีพอิสระ,2,ปกติ,20,0
L-21820,2024-04-10,30105.86,0.143,140,42,4,500000.00,อาชีพอิสระ,9,ค้างชำระ,66,1
L-23578,2024-04-10,15197.75,0.272,173,27,6,150000.00,อาชีพอิสระ,0,ปกติ,14,0
L-25756,2024-04-10,15867.83,0.577,117,39,5,200000.00,ธุรกิจส่วนตัว,0,ปกติ,1,0
L-27172,2024-04-10,31461.60,0.324,84,46,4,300000.00,อาชีพอิสระ,1,ปกติ,15,0
L-27237,2024-04-10,9628.04,0.296,156,37,0,150000.00,ธุรกิจส่วนตัว,2,ปิดบัญชีแล้ว,4,0
L-27885,2024-04-10,38706.51,0.101,65,32,0,150000.00,อาชีพอิสระ,0,ปกติ,9,0
L-28164,2024-04-10,15200.95,0.408,102,52,6,150000.00,ธุรกิจส่วนตัว,2,ปกติ,29,0
L-29086,2024-04-10,28652.98,0.581,19,35,0,150000.00,ข้าราชการ,0,ปกติ,4,0
L-29889,2024-04-10,53431.63,0.497,213,29,2,300000.00,ธุรกิจส่วนตัว,0,ปกติ,20,0
L-30187,2024-04-10,9000.00,0.39,204,59,4,200000.00,อาชีพอิสระ,2,ปกติ,24,0
L-31080,2024-04-10,24375.08,0.381,60,63,1,500000.00,อาชีพอิสระ,1,ปิดบัญชีแล้ว,9,0
L-31697,2024-04-10,26114.74,0.107,205,62,2,500000.00,อาชีพอิสระ,2,ปิดบัญชีแล้ว,18,0
L-20406,2024-04-11,21325.48,0.417,113,61,1,150000.00,พนักงานประจำ,2,ปกติ,16,0
L-21229,2024-04-11,37808.74,0.158,57,60,6,300000.00,ธุรกิจส่วนตัว,2,ปิดบัญชีแล้ว,16,0
L-22305,2024-04-11,19337.91,0.683,159,21,2,200000.00,อาชีพอิสระ,1,ปกติ,6,0
L-22317,2024-04-11,21162.93,0.505,48,24,3,300000.00,อาชีพอิสระ,1,ปกติ,0,0
L-24282,2024-04-11,40057.65,0.329,85,40,2,500000.00,ธุรกิจส่วนตัว,0,ปกติ,16,0
L-25660,2024-04-11,11655.17,0.347,198,46,1,50000.00,ข้าราชการ,2,ปกติ,28,0
L-27398,2024-04-11,32100.39,0.144,223,51,1,500000.00,ข้าราชการ,2,ปกติ,27,0
L-29691,2024-04-11,33491.16,0.355,182,40,0,50000.00,ข้าราชการ,1,ปกติ,0,0
L-30968,2024-04-11,33503.31,0.385,183,60,1,50000.00,ธุรกิจส่วนตัว,2,ปิดบัญชีแล้ว,14,0
L-31089,2024-04-11,38974.45,0.494,164,63,1,100000.00,ข้าราชการ,0,ปกติ,22,0
L-20260,2024-04-12,27286.71,0.857,132,35,4,500000.00,พนักงานประจำ,5,ค้างชำระ,53,1
L-20356,2024-04-12,9000.00,0.567,178,39,6,300000.00,ธุรกิจส่วนตัว,0,ปิดบัญชีแล้ว,15,0
L-20367,2024-04-12,35170.11,0.659,196,23,3,150000.00,พนักงานประจำ,0,ปกติ,27,0
L-21482,2024-04-12,47439.24,0.507,119,30,4,50000.00,พนักงานประจำ,3,ค้างชำระ,96,1
L-21556,2024-04-12,49781.08,0.289,40,43,5,100000.00,ธุรกิจส่วนตัว,1,ปกติ,23,0
L-22675,2024-04-12,49682.41,0.347,35,24,2,300000.00,ธุรกิจส่วนตัว,2,ปกติ,0,0
L-23313,2024-04-12,55067.14,0.301,47,51,6,500000.00,อาชีพอิสระ,0,ปกติ,2,0
L-24502,2024-04-12,40483.37,0.478,4,30,1,500000.00,พนักงานประจำ,10,ค้างชำระ,67,1
L-24970,2024-04-12,57522.06,0.543,46,59,5,500000.00,พนักงานประจำ,1,ปกติ,30,0
L-27663,2024-04-12,32834.34,0.064,12,51,0,300000.00,ข้าราชการ,1,ปกติ,23,0
L-27828,2024-04-12,36956.79,0.514,138,57,4,200000.00,ธุรกิจส่วนตัว,3,ค้างชำระ,124,1
L-27929,2024-04-12,30251.61,0.451,121,26,1,100000.00,อาชีพอิสระ,1,ปิดบัญชีแล้ว,28,0
L-27999,2024-04-12,37682.49,0.481,114,24,6,50000.00,ธุรกิจส่วนตัว,9,ค้างชำระ,165,1
L-28917,2024-04-12,47285.79,0.607,156,48,1,500000.00,อาชีพอิสระ,0,ปกติ,25,0
L-29892,2024-04-12,17860.21,0.201,222,27,2,50000.00,ธุรกิจส่วนตัว,1,ปกติ,13,0
L-20167,2024-04-13,53266.30,0.141,153,57,3,300000.00,ข้าราชการ,2,ปิดบัญชีแล้ว,16,0
L-20324,2024-04-13,19517.49,0.407,20,27,2,500000.00,อาชีพอิสระ,6,ค้างชำระ,64,1
L-20873,2024-04-13,31801.85,0.391,169,51,1,50000.00,พนักงานประจำ,0,ปกติ,17,0
L-20951,2024-04-13,55943.27,0.228,180,60,2,200000.00,ธุรกิจส่วนตัว,2,ปกติ,17,0
L-22372,2024-04-13,41284.56,0.472,0,56,2,100000.00,อาชีพอิสระ,1,ปกติ,26,0
L-24169,2024-04-13,47598.56,0.503,97,64,1,150000.00,อาชีพอิสระ,2,ปกติ,27,0
L-24709,2024-04-13,44991.77,0.02,89,49,2,300000.00,ธุรกิจส่วนตัว,1,ปิดบัญชีแล้ว,24,0
L-24895,2024-04-13,35868.58,0.02,66,54,4,500000.00,ข้าราชการ,0,ปกติ,23,0
L-25603,2024-04-13,12120.01,0.264,75,34,3,50000.00,พนักงานประจำ,1,ปกติ,7,0
L-28402,2024-04-13,34462.82,0.205,170,29,6,50000.00,ธุรกิจส่วนตัว,13,ค้างชำระ,98,1
L-29259,2024-04-13,23727.15,0.123,131,24,1,50000.00,อาชีพอิสระ,0,ปิดบัญชีแล้ว,7,0
L-30174,2024-04-13,22932.77,0.16,162,25,2,500000.00,ธุรกิจส่วนตัว,0,ปกติ,12,0
L-31120,2024-04-13,26882.95,0.535,55,53,0,50000.00,พนักงานประจำ,2,ปกติ,16,0
L-31585,2024-04-13,56659.67,0.022,68,47,2,200000.00,ธุรกิจส่วนตัว,2,ปิดบัญชีแล้ว,25,0
L-31991,2024-04-13,54014.48,0.477,230,34,0,200000.00,อาชีพอิสระ,1,ปกติ,26,0
L-20105,2024-04-14,52787.90,0.073,62,58,3,50000.00,อาชีพอิสระ,1,ปกติ,29,0
L-20290,2024-04-14,27806.44,0.53,112,32,6,150000.00,ธุรกิจส่วนตัว,0,ปกติ,9,0
L-20352,2024-04-14,34937.51,0.453,112,38,0,150000.00,ข้าราชการ,2,ปกติ,3,0
L-20474,2024-04-14,19475.56,0.358,4,34,5,300000.00,ข้าราชการ,12,ค้างชำระ,84,1
L-20664,2024-04-14,33593.80,0.725,88,55,2,100000.00,อาชีพอิสระ,14,ค้างชำระ,173,1
L-21665,2024-04-14,16267.95,0.458,98,62,1,150000.00,อาชีพอิสระ,12,ค้างชำระ,106,1
L-22013,2024-04-14,47565.80,0.493,202,35,4,500000.00,ข้าราชการ,2,ปกติ,7,0
L-23182,2024-04-14,35018.31,0.564,9,55,0,200000.00,ข้าราชการ,0,ปกติ,28,0
L-23828,2024-04-14,30305.76,0.553,140,60,6,200000.00,ข้าราชการ,1,ปกติ,19,0
L-24125,2024-04-14,34553.48,0.217,71,40,0,300000.00,ธุรกิจส่วนตัว,2,ปกติ,15,0
L-24821,2024-04-14,40616.91,0.502,196,59,4,100000.00,พนักงานประจำ,0,ปิดบัญชีแล้ว,24,0
L-25488,2024-04-14,36544.82,0.527,120,25,4,200000.00,ข้าราชการ,1,ปกติ,6,0
L-27231,2024-04-14,43919.85,0.485,227,36,3,500000.00,ธุรกิจส่วนตัว,2,ปกติ,13,0
L-27875,2024-04-14,28799.41,0.61,24,56,6,50000.00,พนักงานประจำ,1,ปิดบัญชีแล้ว,23,0
L-30616,2024-04-14,31355.66,0.199,212,26,1,200000.00,ธุรกิจส่วนตัว,2,ปกติ,10,0
L-30782,2024-04-14,49042.41,0.355,164,65,6,300000.00,ธุรกิจส่วนตัว,1,ปกติ,0,0
L-22271,2024-04-15,41774.65,0.787,18,58,0,300000.00,ธุรกิจส่วนตัว,1,ปกติ,8,0
L-22878,2024-04-15,21091.26,0.317,100,30,2,500000.00,พนักงานประจำ,1,ปกติ,17,0
L-22903,2024-04-15,26434.47,0.185,170,44,0,200000.00,ธุรกิจส่วนตัว,2,ปกติ,8,0
L-24447,2024-04-15,34279.80,0.338,130,59,0,50000.00,ข้าราชการ,0,ปิดบัญชีแล้ว,9,0
L-25872,2024-04-15,30893.28,0.412,18,53,1,200000.00,ข้าราชการ,1,ปกติ,30,0
L-27778,2024-04-15,35615.03,0.34,203,37,4,50000.00,ข้าราชการ,0,ปกติ,6,0
L-27788,2024-04-15,24719.21,0.465,183,27,5,100000.00,อาชีพอิสระ,5,ค้างชำระ,104,1
L-28759,2024-04-15,45632.10,0.445,190,47,6,150000.00,พนักงานประจำ,2,ปกติ,16,0
L-28861,2024-04-15,46926.42,0.662,113,25,0,300000.00,พนักงานประจำ,1,ปกติ,17,0
L-28875,2024-04-15,51725.68,0.205,206,51,1,500000.00,ธุรกิจส่วนตัว,2,ปกติ,11,0
L-29913,2024-04-15,31560.08,0.395,210,58,6,200000.00,พนักงานประจำ,1,ปิดบัญชีแล้ว,0,0
L-30189,2024-04-15,21931.14,0.221,139,32,1,200000.00,พนักงานประจำ,0,ปกติ,24,0
L-21040,2024-04-16,35418.59,0.62,102,48,0,150000.00,อาชีพอิสระ,0,ปกติ,1,0
L-21683,2024-04-16,26609.57,0.343,146,45,0,200000.00,อาชีพอิสระ,2,ปกติ,19,0
L-23356,2024-04-16,42846.19,0.202,220,23,2,500000.00,อาชีพอิสระ,1,ปกติ,25,0
L-24176,2024-04-16,49080.72,0.416,188,63,6,200000.00,พนักงานประจำ,1,ปกติ,26,0
L-25470,2024-04-16,33529.81,0.412,153,62,5,200000.00,พนักงานประจำ,1,ปกติ,16,0
L-27147,2024-04-16,10613.71,0.162,4,53,4,50000.00,ข้าราชการ,9,ค้างชำระ,112,1
L-28218,2024-04-16,9000.00,0.454,172,59,5,50000.00,อาชีพอิสระ,2,ปกติ,28,0
L-28240,2024-04-16,52522.09,0.374,43,26,3,100000.00,ข้าราชการ,1,ปกติ,29,0
L-28270,2024-04-16,22695.52,0.424,131,38,2,200000.00,ข้าราชการ,2,ปกติ,7,0
L-29488,2024-04-16,29774.77,0.303,152,65,2,50000.00,พนักงานประจำ,0,ปกติ,13,0
L-30590,2024-04-16,44761.88,0.482,155,39,6,150000.00,ข้าราชการ,1,ปกติ,12,0
L-31657,2024-04-16,36228.50,0.369,93,24,2,200000.00,อาชีพอิสระ,2,ปิดบัญชีแล้ว,11,0
L-21246,2024-04-17,34991.93,0.654,192,50,2,300000.00,พนักงานประจำ,2,ปิดบัญชีแล้ว,29,0
L-23425,2024-04-17,10164.03,0.35,189,60,2,150000.00,อาชีพอิสระ,0,ปกติ,4,0
L-24052,2024-04-17,42516.00,0.401,62,38,1,300000.00,ธุรกิจส่วนตัว,1,ปกติ,18,0
L-24653,2024-04-17,14506.62,0.02,77,55,4,150000.00,พนักงานประจำ,2,ปกติ,16,0
L-24779,2024-04-17,42356.20,0.336,198,51,1,300000.00,ธุรกิจส่วนตัว,2,ปกติ,0,0
L-25285,2024-04-17,33930.13,0.746,25,25,3,150000.00,พนักงานประจำ,2,ปกติ,24,0
L-27107,2024-04-17,22508.14,0.485,112,31,5,50000.00,อาชีพอิสระ,0,ปกติ,19,0
L-27463,2024-04-17,29507.82,0.345,169,50,4,300000.00,พนักงานประจำ,0,ปิดบัญชีแล้ว,5,0
L-27481,2024-04-17,9707.38,0.718,61,61,0,100000.00,อาชีพอิสระ,2,ปกติ,29,0
L-27840,2024-04-17,35958.63,0.535,78,48,3,150000.00,พนักงานประจำ,2,ปิดบัญชีแล้ว,15,0
L-29503,2024-04-17,32900.72,0.395,5,41,4,150000.00,พนักงานประจำ,2,ปิดบัญชีแล้ว,5,0
L-29827,2024-04-17,25143.68,0.46,218,41,1,150000.00,พนักงานประจำ,1,ปกติ,20,0
L-31749,2024-04-17,32587.71,0.516,203,55,5,200000.00,ธุรกิจส่วนตัว,0,ปกติ,30,0
L-20227,2024-04-18,36656.05,0.21,68,58,3,100000.00,ข้าราชการ,2,ปกติ,19,0
L-20553,2024-04-18,31041.80,0.442,182,29,2,500000.00,อาชีพอิสระ,0,ปกติ,2,0
L-21147,2024-04-18,29221.00,0.328,4,37,0,500000.00,อาชีพอิสระ,0,ปกติ,2,0
L-21815,2024-04-18,31869.59,0.448,60,62,4,300000.00,ข้าราชการ,2,ปกติ,26,0
L-22259,2024-04-18,38335.10,0.02,48,25,2,500000.00,ธุรกิจส่วนตัว,1,ปกติ,8,0
L-22452,2024-04-18,39675.85,0.181,238,55,6,300000.00,ธุรกิจส่วนตัว,1,ปกติ,13,0
L-23748,2024-04-18,39906.56,0.193,47,25,2,200000.00,ข้าราชการ,1,ปิดบัญชีแล้ว,6,0
L-24851,2024-04-18,32045.22,0.167,80,62,2,300000.00,ธุรกิจส่วนตัว,2,ปกติ,28,0
L-29307,2024-04-18,32178.06,0.146,16,42,1,50000.00,อาชีพอิสระ,1,ปกติ,24,0
L-29826,2024-04-18,44939.91,0.173,64,33,1,500000.00,อาชีพอิสระ,1,ปกติ,3,0
L-20087,2024-04-19,31521.09,0.274,208,58,6,100000.00,ธุรกิจส่วนตัว,9,ค้างชำระ,52,1
L-20586,2024-04-19,9000.00,0.446,194,25,6,100000.00,อาชีพอิสระ,1,ปกติ,11,0
L-20741,2024-04-19,25134.02,0.316,239,28,5,300000.00,อาชีพอิสระ,2,ปกติ,6,0
L-21802,2024-04-19,37904.11,0.312,214,47,3,150000.00,อาชีพอิสระ,1,ปกติ,5,0
L-22679,2024-04-19,26493.38,0.399,79,47,3,200000.00,ข้าราชการ,0,ปิดบัญชีแล้ว,20,0
L-24409,2024-04-19,31369.81,0.444,99,53,3,100000.00,ข้าราชการ,1,ปกติ,6,0
L-25380,2024-04-19,43084.03,0.539,209,42,4,200000.00,ข้าราชการ,1,ปกติ,24,0
L-26249,2024-04-19,47779.82,0.201,81,39,3,50000.00,พนักงานประจำ,2,ปกติ,30,0
L-27272,2024-04-19,47716.04,0.314,30,42,5,100000.00,อาชีพอิสระ,0,ปกติ,4,0
L-27918,2024-04-19,62289.78,0.514,48,52,1,200000.00,พนักงานประจำ,1,ปกติ,25,0
L-28431,2024-04-19,9000.00,0.758,86,61,0,100000.00,ข้าราชการ,0,ปกติ,30,0
L-28945,2024-04-19,9000.00,0.316,88,28,6,50000.00,พนักงานประจำ,1,ปกติ,10,0
L-29018,2024-04-19,28771.55,0.511,12,35,4,500000.00,ข้าราชการ,2,ปิดบัญชีแล้ว,12,0
L-22433,2024-04-20,28943.94,0.444,102,39,6,100000.00,พนักงานประจำ,0,ปกติ,11,0
L-22785,2024-04-20,9000.00,0.398,14,38,2,300000.00,อาชีพอิสระ,0,ปิดบัญชีแล้ว,13,0
L-23049,2024-04-20,78862.20,0.269,117,31,3,300000.00,ธุรกิจส่วนตัว,2,ปกติ,25,0
L-23318,2024-04-20,11313.19,0.28,24,32,5,150000.00,พนักงานประจำ,1,ปิดบัญชีแล้ว,4,0
L-23493,2024-04-20,17717.61,0.54,9,39,2,150000.00,ธุรกิจส่วนตัว,14,ค้างชำระ,80,1
L-23711,2024-04-20,61616.93,0.68,207,44,5,50000.00,พนักงานประจำ,1,ปกติ,19,0
L-26554,2024-04-20,31960.29,0.138,55,58,2,150000.00,ข้าราชการ,0,ปกติ,25,0
L-26640,2024-04-20,25356.09,0.38,150,59,0,500000.00,ข้าราชการ,1,ปกติ,28,0
L-27577,2024-04-20,47871.04,0.318,232,24,4,300000.00,ข้าราชการ,0,ปกติ,25,0
L-28025,2024-04-20,28659.49,0.57,147,24,2,300000.00,พนักงานประจำ,1,ปิดบัญชีแล้ว,13,0
L-28801,2024-04-20,42135.74,0.377,180,64,5,150000.00,อาชีพอิสระ,2,ปกติ,16,0
L-29354,2024-04-20,34101.90,0.57,181,54,6,100000.00,ข้าราชการ,3,ค้างชำระ,81,1
L-20144,2024-04-21,54843.73,0.106,186,39,1,100000.00,ข้าราชการ,0,ปกติ,3,0
L-20502,2024-04-21,26802.31,0.343,69,63,6,500000.00,ธุรกิจส่วนตัว,1,ปกติ,19,0
L-21069,2024-04-21,9000.00,0.153,214,42,6,300000.00,ธุรกิจส่วนตัว,1,ปกติ,6,0
L-22343,2024-04-21,12437.19,0.292,39,55,3,100000.00,ธุรกิจส่วนตัว,1,ปกติ,11,0
L-23562,2024-04-21,35245.86,0.228,23,47,5,100000.00,ธุรกิจส่วนตัว,2,ปกติ,19,0
L-23935,2024-04-21,42982.67,0.521,77,27,6,150000.00,พนักงานประจำ,2,ปิดบัญชีแล้ว,20,0
L-25679,2024-04-21,37902.37,0.334,176,50,5,50000.00,ธุรกิจส่วนตัว,1,ปกติ,7,0
L-28441,2024-04-21,28543.90,0.58,205,42,5,500000.00,อาชีพอิสระ,2,ปิดบัญชีแล้ว,7,0
L-31261,2024-04-21,50963.27,0.214,18,57,6,200000.00,อาชีพอิสระ,2,ปิดบัญชีแล้ว,24,0
L-31373,2024-04-21,28520.00,0.534,42,35,1,100000.00,ข้าราชการ,0,ปกติ,11,0
L-31752,2024-04-21,39853.17,0.056,134,53,0,100000.00,ธุรกิจส่วนตัว,1,ปิดบัญชีแล้ว,9,0
L-21125,2024-04-22,23031.05,0.848,175,24,3,150000.00,ธุรกิจส่วนตัว,1,ปกติ,22,0
L-24009,2024-04-22,30437.91,0.4,206,36,4,300000.00,ธุรกิจส่วนตัว,8,ค้างชำระ,121,1
L-24941,2024-04-22,48669.96,0.336,237,23,2,200000.00,ข้าราชการ,2,ปกติ,24,0
L-25127,2024-04-22,32271.34,0.168,188,41,1,50000.00,อาชีพอิสระ,0,ปกติ,16,0
L-25823,2024-04-22,49304.40,0.02,48,25,3,100000.00,พนักงานประจำ,0,ปกติ,12,0
L-27095,2024-04-22,30906.20,0.446,147,53,2,150000.00,ธุรกิจส่วนตัว,0,ปกติ,25,0
L-27277,2024-04-22,9000.00,0.058,98,36,2,300000.00,อาชีพอิสระ,2,ปกติ,8,0
L-27350,2024-04-22,27866.63,0.858,222,62,5,100000.00,ข้าราชการ,0,ปกติ,15,0
L-27791,2024-04-22,41853.94,0.442,230,43,0,200000.00,ธุรกิจส่วนตัว,1,ปกติ,16,0
L-28740,2024-04-22,50153.97,0.393,150,50,3,500000.00,พนักงานประจำ,1,ปิดบัญชีแล้ว,29,0
L-29110,2024-04-22,12944.57,0.425,53,52,5,500000.00,ข้าราชการ,12,ค้างชำระ,133,1
L-29141,2024-04-22,52260.12,0.386,198,38,2,50000.00,อาชีพอิสระ,0,ปกติ,15,0
L-22360,2024-04-23,38448.76,0.02,64,50,0,200000.00,ข้าราชการ,1,ปิดบัญชีแล้ว,11,0
L-22361,2024-04-23,24863.38,0.344,90,33,3,300000.00,พนักงานประจำ,0,ปกติ,24,0
L-23872,2024-04-23,51342.44,0.267,67,32,3,500000.00,ข้าราชการ,2,ปกติ,29,0
L-25372,2024-04-23,44071.57,0.234,186,30,2,100000.00,ข้าราชการ,0,ปกติ,5,0
L-26553,2024-04-23,30139.94,0.338,96,50,4,100000.00,อาชีพอิสระ,2,ปิดบัญชีแล้ว,0,0
L-26970,2024-04-23,46246.61,0.405,147,21,0,200000.00,อาชีพอิสระ,1,ปกติ,1,0
L-27351,2024-04-23,22604.34,0.426,97,34,4,500000.00,พนักงานประจำ,0,ปกติ,1,0
L-27745,2024-04-23,34875.78,0.495,10,49,4,150000.00,ข้าราชการ,4,ค้างชำระ,168,1
L-27908,2024-04-23,40397.75,0.406,110,24,0,200000.00,อาชีพอิสระ,0,ปิดบัญชีแล้ว,6,0
L-28964,2024-04-23,46446.57,0.27,74,48,6,200000.00,ข้าราชการ,1,ปกติ,10,0
L-29003,2024-04-23,29558.89,0.397,180,26,2,100000.00,ข้าราชการ,2,ปิดบัญชีแล้ว,11,0
L-29526,2024-04-23,17322.05,0.501,87,60,4,150000.00,ข้าราชการ,0,ปกติ,6,0
L-29968,2024-04-23,33112.25,0.337,29,39,5,300000.00,ธุรกิจส่วนตัว,2,ปกติ,13,0
L-31228,2024-04-23,52040.38,0.29,83,51,5,200000.00,ธุรกิจส่วนตัว,11,ค้างชำระ,116,1
L-31369,2024-04-23,50087.16,0.332,226,30,0,300000.00,ข้าราชการ,0,ปกติ,19,0
L-20758,2024-04-24,39517.09,0.443,138,23,6,200000.00,พนักงานประจำ,1,ปกติ,20,0
L-21678,2024-04-24,9000.00,0.308,106,23,4,50000.00,ข้าราชการ,2,ปกติ,28,0
L-24444,2024-04-24,21477.85,0.246,125,24,3,300000.00,อาชีพอิสระ,0,ปกติ,20,0
L-24886,2024-04-24,30783.77,0.596,13,29,3,50000.00,ธุรกิจส่วนตัว,8,ค้างชำระ,59,1
L-25066,2024-04-24,38745.23,0.491,184,42,3,50000.00,พนักงานประจำ,1,ปกติ,11,0
L-25669,2024-04-24,41620.96,0.288,41,37,6,500000.00,ข้าราชการ,1,ปกติ,24,0
L-26835,2024-04-24,25088.04,0.611,69,61,0,500000.00,พนักงานประจำ,4,ค้างชำระ,147,1
L-27319,2024-04-24,15358.97,0.518,211,60,6,150000.00,ธุรกิจส่วนตัว,0,ปิดบัญชีแล้ว,16,0
L-27503,2024-04-24,9000.00,0.613,193,39,6,500000.00,ข้าราชการ,0,ปกติ,26,0
L-27961,2024-04-24,18185.15,0.348,42,22,3,300000.00,ธุรกิจส่วนตัว,0,ปกติ,22,0
L-29408,2024-04-24,39448.85,0.392,229,32,2,200000.00,ธุรกิจส่วนตัว,0,ปกติ,9,0
L-30388,2024-04-24,26486.10,0.147,3,44,1,150000.00,ธุรกิจส่วนตัว,2,ปิดบัญชีแล้ว,9,0
L-31159,2024-04-24,32063.95,0.566,60,61,4,200000.00,ธุรกิจส่วนตัว,0,ปกติ,2,0
L-20236,2024-04-25,34022.92,0.02,123,48,2,500000.00,พนักงานประจำ,0,ปกติ,13,0
L-22074,2024-04-25,25338.26,0.281,128,56,3,100000.00,ข้าราชการ,12,ค้างชำระ,164,1
L-29234,2024-04-25,9000.00,0.584,18,57,3,500000.00,ข้าราชการ,0,ปกติ,4,0
L-31016,2024-04-25,31934.91,0.337,89,52,0,300000.00,ธุรกิจส่วนตัว,2,ปกติ,13,0
L-31097,2024-04-25,51495.94,0.141,92,44,2,150000.00,อาชีพอิสระ,0,ปกติ,6,0
L-31231,2024-04-25,10736.42,0.334,23,37,2,150000.00,พนักงานประจำ,0,ปกติ,3,0
L-31479,2024-04-25,47514.26,0.402,74,48,4,200000.00,พนักงานประจำ,2,ปกติ,4,0
L-20656,2024-04-26,26877.82,0.497,150,40,0,500000.00,พนักงานประจำ,13,ค้างชำระ,79,1
L-21289,2024-04-26,53063.51,0.576,74,33,4,100000.00,ข้าราชการ,9,ค้างชำระ,136,1
L-23236,2024-04-26,32626.61,0.563,179,44,2,300000.00,ข้าราชการ,0,ปกติ,2,0
L-23431,2024-04-26,39212.71,0.235,80,59,2,300000.00,อาชีพอิสระ,0,ปกติ,26,0
L-23590,2024-04-26,23659.68,0.252,166,52,2,50000.00,ธุรกิจส่วนตัว,2,ปกติ,6,0
L-23784,2024-04-26,13913.18,0.514,35,61,3,50000.00,ข้าราชการ,1,ปกติ,16,0
L-24369,2024-04-26,48883.75,0.424,161,36,1,500000.00,ธุรกิจส่วนตัว,2,ปกติ,8,0
L-24427,2024-04-26,25826.25,0.287,41,50,1,150000.00,พนักงานประจำ,7,ค้างชำระ,164,1
L-24883,2024-04-26,14514.57,0.195,96,47,4,200000.00,พนักงานประจำ,0,ปกติ,18,0
L-25948,2024-04-26,21021.69,0.389,33,41,4,50000.00,ข้าราชการ,1,ปิดบัญชีแล้ว,28,0
L-27704,2024-04-26,35643.88,0.55,85,57,6,100000.00,ธุรกิจส่วนตัว,0,ปกติ,12,0
L-30306,2024-04-26,27487.00,0.252,60,63,5,200000.00,อาชีพอิสระ,6,ค้างชำระ,107,1
L-30459,2024-04-26,39225.76,0.467,103,56,6,150000.00,ธุรกิจส่วนตัว,2,ปกติ,0,0
L-20765,2024-04-27,31169.71,0.085,160,58,0,500000.00,พนักงานประจำ,2,ปกติ,19,0
L-21179,2024-04-27,9000.00,0.445,112,46,2,200000.00,ธุรกิจส่วนตัว,0,ปกติ,20,0
L-21531,2024-04-27,36573.72,0.23,153,64,6,150000.00,ข้าราชการ,1,ปกติ,17,0
L-21990,2024-04-27,9000.00,0.02,92,29,0,100000.00,ธุรกิจส่วนตัว,2,ปิดบัญชีแล้ว,8,0
L-22320,2024-04-27,9000.00,0.366,24,63,3,200000.00,อาชีพอิสระ,1,ปกติ,0,0
L-22982,2024-04-27,28253.49,0.23,124,45,3,300000.00,อาชีพอิสระ,2,ปกติ,29,0
L-23398,2024-04-27,32675.51,0.26,169,33,5,100000.00,พนักงานประจำ,0,ปิดบัญชีแล้ว,30,0
L-23553,2024-04-27,40487.33,0.507,84,30,0,50000.00,ธุรกิจส่วนตัว,0,ปกติ,19,0
L-23715,2024-04-27,9000.00,0.204,52,31,3,500000.00,ธุรกิจส่วนตัว,0,ปกติ,7,0
L-25381,2024-04-27,38749.97,0.214,215,27,3,150000.00,ธุรกิจส่วนตัว,1,ปกติ,13,0
L-25436,2024-04-27,54724.75,0.485,21,59,2,200000.00,พนักงานประจำ,0,ปกติ,29,0
L-25447,2024-04-27,35910.38,0.589,201,41,5,100000.00,ข้าราชการ,0,ปกติ,18,0
L-28833,2024-04-27,15197.86,0.495,221,58,1,150000.00,ธุรกิจส่วนตัว,0,ปกติ,27,0
L-21912,2024-04-28,16382.50,0.66,221,53,0,50000.00,ธุรกิจส่วนตัว,1,ปกติ,1,0
L-22457,2024-04-28,25333.81,0.412,112,26,6,50000.00,ข้าราชการ,0,ปกติ,30,0
L-22481,2024-04-28,52530.34,0.503,49,46,4,500000.00,อาชีพอิสระ,2,ปกติ,20,0
L-22770,2024-04-28,31557.34,0.66,131,30,6,500000.00,อาชีพอิสระ,0,ปิดบัญชีแล้ว,4,0
L-26759,2024-04-28,36285.78,0.027,60,50,1,300000.00,ข้าราชการ,2,ปกติ,23,0
L-27015,2024-04-28,23409.80,0.475,114,58,5,500000.00,พนักงานประจำ,14,ค้างชำระ,45,1
L-29346,2024-04-28,10646.51,0.278,223,65,0,100000.00,ธุรกิจส่วนตัว,2,ปกติ,14,0
L-29389,2024-04-28,26088.52,0.117,88,52,3,300000.00,พนักงานประจำ,2,ปกติ,24,0
L-29476,2024-04-28,9000.00,0.365,126,47,4,50000.00,ข้าราชการ,1,ปกติ,1,0
L-29966,2024-04-28,15264.66,0.452,21,25,4,300000.00,ธุรกิจส่วนตัว,0,ปกติ,13,0
L-21449,2024-04-29,36447.24,0.475,67,48,2,150000.00,ธุรกิจส่วนตัว,0,ปิดบัญชีแล้ว,13,0
L-22853,2024-04-29,34823.76,0.239,236,65,0,200000.00,อาชีพอิสระ,1,ปกติ,27,0
L-23170,2024-04-29,9090.62,0.544,227,57,2,300000.00,ธุรกิจส่วนตัว,1,ปิดบัญชีแล้ว,30,0
L-23980,2024-04-29,29217.08,0.02,147,36,4,300000.00,ข้าราชการ,0,ปกติ,22,0
L-26816,2024-04-29,31049.74,0.469,0,23,0,500000.00,พนักงานประจำ,2,ปกติ,21,0
L-27619,2024-04-29,61029.75,0.438,127,47,6,200000.00,อาชีพอิสระ,1,ปกติ,16,0
L-28568,2024-04-29,14334.21,0.591,183,25,0,500000.00,พนักงานประจำ,1,ปกติ,26,0
L-30538,2024-04-29,35082.24,0.268,153,32,0,150000.00,พนักงานประจำ,1,ปกติ,23,0
L-22704,2024-04-30,27447.42,0.492,109,45,3,100000.00,ธุรกิจส่วนตัว,2,ปกติ,21,0
L-23494,2024-04-30,35770.63,0.481,170,45,0,500000.00,ข้าราชการ,2,ปิดบัญชีแล้ว,29,0
L-26216,2024-04-30,36125.61,0.254,93,55,4,200000.00,อาชีพอิสระ,1,ปกติ,5,0
L-27447,2024-04-30,52570.10,0.182,123,26,6,300000.00,ข้าราชการ,2,ปกติ,1,0
L-30816,2024-04-30,34994.30,0.368,119,52,6,200000.00,ข้าราชการ,0,ปกติ,13,0
L-20499,2024-05-01,25016.53,0.718,30,45,2,200000.00,อาชีพอิสระ,0,ปกติ,1,0
L-20899,2024-05-01,52174.28,0.384,23,65,1,500000.00,ข้าราชการ,2,ปิดบัญชีแล้ว,14,0
L-21481,2024-05-01,35681.89,0.02,54,58,5,50000.00,พนักงานประจำ,2,ปกติ,13,0
L-21653,2024-05-01,52881.67,0.405,78,27,1,50000.00,ข้าราชการ,1,ปกติ,4,0
L-22808,2024-05-01,34808.70,0.421,190,51,0,50000.00,ข้าราชการ,2,ปกติ,23,0
L-23504,2024-05-01,74805.11,0.646,239,61,5,150000.00,ข้าราชการ,1,ปกติ,23,0
L-24055,2024-05-01,20578.58,0.356,217,36,5,500000.00,ข้าราชการ,0,ปกติ,4,0
L-24497,2024-05-01,13346.87,0.179,152,46,5,50000.00,ข้าราชการ,2,ปิดบัญชีแล้ว,1,0
L-26420,2024-05-01,34920.40,0.267,22,36,4,100000.00,ธุรกิจส่วนตัว,1,ปกติ,1,0
L-28838,2024-05-01,35289.85,0.531,174,47,3,200000.00,ธุรกิจส่วนตัว,2,ปกติ,14,0
L-29038,2024-05-01,59525.58,0.228,49,46,1,500000.00,พนักงานประจำ,1,ปกติ,2,0
L-29651,2024-05-01,44026.25,0.537,178,65,2,100000.00,พนักงานประจำ,3,ค้างชำระ,94,1
L-31445,2024-05-01,48317.73,0.113,223,41,3,200000.00,ธุรกิจส่วนตัว,0,ปกติ,20,0
L-20638,2024-05-02,27439.19,0.37,238,40,4,100000.00,ข้าราชการ,1,ปกติ,29,0
L-21504,2024-05-02,34875.70,0.143,0,22,6,500000.00,พนักงานประจำ,0,ปกติ,14,0
L-22829,2024-05-02,53426.63,0.131,21,53,4,150000.00,ข้าราชการ,1,ปกติ,18,0
L-24308,2024-05-02,28277.93,0.563,123,47,6,500000.00,ธุรกิจส่วนตัว,0,ปิดบัญชีแล้ว,3,0
L-24876,2024-05-02,9000.00,0.429,200,52,3,50000.00,ข้าราชการ,2,ปกติ,29,0
L-25963,2024-05-02,21703.76,0.408,107,34,5,300000.00,พนักงานประจำ,1,ปกติ,6,0
L-26388,2024-05-02,40232.27,0.257,1,42,3,150000.00,ข้าราชการ,1,ปิดบัญชีแล้ว,10,0
L-26962,2024-05-02,54773.85,0.458,163,54,6,150000.00,ธุรกิจส่วนตัว,0,ปกติ,28,0
L-29091,2024-05-02,35080.87,0.578,167,42,4,200000.00,อาชีพอิสระ,2,ปกติ,22,0
L-29224,2024-05-02,14711.38,0.506,56,30,4,100000.00,อาชีพอิสระ,1,ปกติ,4,0
L-29254,2024-05-02,28990.07,0.743,180,53,4,200000.00,อาชีพอิสระ,2,ปกติ,21,0
L-31173,2024-05-02,26708.80,0.25,226,26,4,150000.00,อาชีพอิสระ,0,ปกติ,0,0
L-21379,2024-05-03,45200.40,0.511,12,36,5,200000.00,พนักงานประจำ,0,ปกติ,10,0
L-21710,2024-05-03,19849.97,0.293,203,39,0,500000.00,อาชีพอิสระ,2,ปกติ,23,0
L-21962,2024-05-03,31969.79,0.123,71,21,3,200000.00,ธุรกิจส่วนตัว,1,ปกติ,6,0
L-22048,2024-05-03,9000.00,0.642,240,59,0,200000.00,อาชีพอิสระ,0,ปกติ,4,0
L-22977,2024-05-03,18187.39,0.404,219,57,2,100000.00,อาชีพอิสระ,1,ปิดบัญชีแล้ว,28,0
L-23587,2024-05-03,41797.31,0.401,92,39,1,100000.00,พนักงานประจำ,0,ปกติ,3,0
L-25288,2024-05-03,27966.52,0.344,128,45,5,100000.00,ข้าราชการ,1,ปิดบัญชีแล้ว,15,0
L-27224,2024-05-03,19860.00,0.243,75,53,5,300000.00,ธุรกิจส่วนตัว,1,ปิดบัญชีแล้ว,24,0
L-27536,2024-05-03,39968.04,0.107,57,54,6,500000.00,พนักงานประจำ,6,ค้างชำระ,154,1
L-27917,2024-05-03,28783.33,0.152,127,57,6,200000.00,อาชีพอิสระ,1,ปกติ,22,0
L-28180,2024-05-03,32708.27,0.581,107,22,1,300000.00,ธุรกิจส่วนตัว,2,ปิดบัญชีแล้ว,29,0
L-28200,2024-05-03,42639.56,0.088,9,38,2,300000.00,ธุรกิจส่วนตัว,2,ปกติ,26,0
L-28487,2024-05-03,29357.43,0.375,114,45,4,500000.00,พนักงานประจำ,12,ค้างชำระ,136,1
L-29516,2024-05-03,33060.92,0.589,210,23,4,200000.00,อาชีพอิสระ,2,ปกติ,26,0
L-29939,2024-05-03,44117.32,0.16,182,26,3,100000.00,ธุรกิจส่วนตัว,0,ปกติ,12,0
L-30601,2024-05-03,34072.72,0.24,135,43,5,150000.00,ข้าราชการ,0,ปกติ,26,0
L-30895,2024-05-03,36505.57,0.257,34,55,0,50000.00,ข้าราชการ,1,ปกติ,28,0
L-31150,2024-05-03,24811.48,0.387,121,46,0,300000.00,อาชีพอิสระ,2,ปกติ,20,0
L-31832,2024-05-03,24011.83,0.438,96,52,1,150000.00,ธุรกิจส่วนตัว,0,ปิดบัญชีแล้ว,21,0
L-31885,2024-05-03,45314.60,0.332,160,47,4,50000.00,ธุรกิจส่วนตัว,1,ปกติ,16,0
L-20451,2024-05-04,18020.42,0.284,210,36,0,200000.00,ข้าราชการ,0,ปกติ,17,0
L-20821,2024-05-04,23120.40,0.498,99,31,5,300000.00,ข้าราชการ,1,ปกติ,10,0
L-20960,2024-05-04,41002.10,0.469,63,39,4,100000.00,อาชีพอิสระ,2,ปกติ,2,0
L-21127,2024-05-04,45795.27,0.249,145,23,1,100000.00,อาชีพอิสระ,2,ปกติ,13,0
L-25319,2024-05-04,42085.16,0.406,219,32,6,150000.00,อาชีพอิสระ,2,ปกติ,30,0
L-26143,2024-05-04,33143.99,0.299,98,61,6,200000.00,ธุรกิจส่วนตัว,2,ปกติ,11,0
L-27579,2024-05-04,55389.35,0.065,214,58,0,300000.00,พนักงานประจำ,2,ปิดบัญชีแล้ว,27,0
L-29984,2024-05-04,38314.84,0.515,53,29,2,50000.00,พนักงานประจำ,1,ปกติ,27,0
L-30400,2024-05-04,58473.53,0.449,189,27,4,50000.00,ธุรกิจส่วนตัว,1,ปกติ,5,0
L-30802,2024-05-04,29321.88,0.335,84,51,4,50000.00,ข้าราชการ,11,ค้างชำระ,103,1
L-20360,2024-05-05,10985.81,0.4,67,58,6,200000.00,พนักงานประจำ,0,ปกติ,11,0
L-20842,2024-05-05,9000.00,0.36,86,21,5,200000.00,ธุรกิจส่วนตัว,0,ปกติ,16,0
L-21784,2024-05-05,25911.73,0.475,84,39,2,100000.00,ข้าราชการ,0,ปกติ,13,0
L-21795,2024-05-05,36003.71,0.465,74,40,0,300000.00,ธุรกิจส่วนตัว,2,ปกติ,20,0
L-22332,2024-05-05,9000.00,0.391,171,25,2,50000.00,ธุรกิจส่วนตัว,1,ปกติ,12,0
L-22471,2024-05-05,39194.71,0.723,158,24,6,50000.00,ธุรกิจส่วนตัว,2,ปกติ,11,0
L-22948,2024-05-05,25604.27,0.154,107,32,4,500000.00,อาชีพอิสระ,1,ปกติ,27,0
L-23573,2024-05-05,55494.28,0.629,84,38,6,200000.00,ธุรกิจส่วนตัว,2,ปกติ,7,0
L-24549,2024-05-05,28583.80,0.777,4,48,5,50000.00,ธุรกิจส่วนตัว,2,ปกติ,26,0
L-24657,2024-05-05,28594.74,0.43,123,42,6,150000.00,พนักงานประจำ,1,ปกติ,24,0
L-24694,2024-05-05,19887.82,0.375,11,56,0,300000.00,ข้าราชการ,2,ปิดบัญชีแล้ว,22,0
L-24931,2024-05-05,9000.00,0.342,168,41,1,500000.00,อาชีพอิสระ,0,ปกติ,5,0
L-30326,2024-05-05,38386.19,0.549,80,28,2,200000.00,ธุรกิจส่วนตัว,1,ปกติ,29,0
L-31947,2024-05-05,16487.75,0.448,107,58,1,200000.00,ธุรกิจส่วนตัว,1,ปกติ,21,0
L-20433,2024-05-06,17484.70,0.074,28,44,4,100000.00,ข้าราชการ,2,ปกติ,15,0
L-21720,2024-05-06,48964.25,0.684,5,65,0,100000.00,พนักงานประจำ,0,ปกติ,0,0
L-22767,2024-05-06,27778.87,0.58,235,50,4,300000.00,พนักงานประจำ,0,ปกติ,25,0
L-23081,2024-05-06,47446.50,0.072,204,53,6,150000.00,พนักงานประจำ,1,ปิดบัญชีแล้ว,30,0
L-23303,2024-05-06,39313.02,0.381,38,26,2,100000.00,ธุรกิจส่วนตัว,8,ค้างชำระ,131,1
L-23315,2024-05-06,42537.03,0.044,193,63,6,150000.00,ข้าราชการ,0,ปิดบัญชีแล้ว,14,0
L-23491,2024-05-06,36304.77,0.216,172,59,6,500000.00,อาชีพอิสระ,6,ค้างชำระ,69,1
L-25587,2024-05-06,44664.35,0.591,133,43,5,100000.00,ธุรกิจส่วนตัว,1,ปกติ,29,0
L-27225,2024-05-06,51400.86,0.149,54,30,4,100000.00,พนักงานประจำ,0,ปกติ,12,0
L-27303,2024-05-06,42456.27,0.306,171,41,4,100000.00,ข้าราชการ,2,ปกติ,16,0
L-27742,2024-05-06,15291.57,0.126,148,43,6,50000.00,พนักงานประจำ,4,ค้างชำระ,166,1
L-28341,2024-05-06,27209.54,0.099,240,54,4,200000.00,ข้าราชการ,0,ปิดบัญชีแล้ว,16,0
L-29297,2024-05-06,31762.01,0.514,77,21,3,50000.00,พนักงานประจำ,1,ปกติ,19,0
L-30270,2024-05-06,9000.00,0.406,233,42,6,100000.00,อาชีพอิสระ,0,ปกติ,11,0
L-30586,2024-05-06,13869.16,0.326,82,29,5,500000.00,ข้าราชการ,2,ปกติ,16,0
L-31127,2024-05-06,51645.33,0.337,122,61,5,150000.00,อาชีพอิสระ,2,ปิดบัญชีแล้ว,3,0
L-20229,2024-05-07,42425.83,0.471,101,40,1,300000.00,อาชีพอิสระ,1,ปกติ,16,0
L-21574,2024-05-07,13716.26,0.364,94,52,4,150000.00,พนักงานประจำ,1,ปกติ,29,0
L-23001,2024-05-07,35771.90,0.02,184,32,0,500000.00,ข้าราชการ,1,ปกติ,15,0
L-23129,2024-05-07,26842.55,0.615,229,62,4,300000.00,อาชีพอิสระ,0,ปกติ,18,0
L-24595,2024-05-07,37744.00,0.395,148,29,0,100000.00,พนักงานประจำ,2,ปกติ,1,0
L-26740,2024-05-07,17711.52,0.149,125,40,3,150000.00,ข้าราชการ,1,ปิดบัญชีแล้ว,7,0
L-26885,2024-05-07,37418.86,0.159,36,63,6,200000.00,ข้าราชการ,1,ปกติ,15,0
L-28018,2024-05-07,43951.69,0.189,139,28,6,200000.00,ข้าราชการ,0,ปกติ,0,0
L-28281,2024-05-07,53135.35,0.202,82,28,4,500000.00,ธุรกิจส่วนตัว,0,ปกติ,20,0
L-29780,2024-05-07,46974.06,0.283,214,62,1,300000.00,ธุรกิจส่วนตัว,1,ปกติ,25,0
L-30294,2024-05-07,45348.09,0.421,37,48,2,150000.00,ธุรกิจส่วนตัว,0,ปกติ,26,0
L-31867,2024-05-07,30351.11,0.497,48,43,5,150000.00,ข้าราชการ,0,ปิดบัญชีแล้ว,24,0
L-27776,2024-05-08,27663.09,0.541,229,33,4,150000.00,ข้าราชการ,2,ปิดบัญชีแล้ว,5,0
L-28234,2024-05-08,44969.65,0.554,49,65,6,100000.00,ข้าราชการ,1,ปิดบัญชีแล้ว,24,0
L-28749,2024-05-08,30706.09,0.306,51,63,4,100000.00,ธุรกิจส่วนตัว,1,ปกติ,14,0
L-29950,2024-05-08,12808.66,0.191,106,65,2,150000.00,อาชีพอิสระ,1,ปกติ,13,0
L-30364,2024-05-08,52706.35,0.516,166,43,0,500000.00,ธุรกิจส่วนตัว,1,ปกติ,15,0
L-20950,2024-05-09,30508.02,0.261,134,23,6,150000.00,ธุรกิจส่วนตัว,10,ค้างชำระ,102,1
L-21444,2024-05-09,28331.94,0.407,40,27,3,50000.00,อาชีพอิสระ,0,ปิดบัญชีแล้ว,16,0
L-23603,2024-05-09,37954.73,0.457,207,64,3,150000.00,อาชีพอิสระ,1,ปกติ,7,0
L-23792,2024-05-09,34119.62,0.446,215,55,5,150000.00,ธุรกิจส่วนตัว,6,ค้างชำระ,55,1
L-24088,2024-05-09,10299.76,0.425,231,25,5,150000.00,พนักงานประจำ,1,ปกติ,30,0
L-24659,2024-05-09,18315.46,0.646,169,46,4,50000.00,ข้าราชการ,2,ปกติ,23,0
L-25402,2024-05-09,21663.56,0.222,70,51,1,300000.00,ข้าราชการ,0,ปกติ,18,0
L-26582,2024-05-09,37737.91,0.448,77,41,5,200000.00,อาชีพอิสระ,2,ปกติ,4,0
L-31131,2024-05-09,21316.20,0.549,223,42,5,500000.00,ข้าราชการ,0,ปกติ,30,0
L-31294,2024-05-09,37235.54,0.303,70,30,6,50000.00,ธุรกิจส่วนตัว,0,ปกติ,1,0
L-21704,2024-05-10,47181.37,0.363,101,60,0,200000.00,อาชีพอิสระ,1,ปกติ,10,0
L-23080,2024-05-10,39327.66,0.333,82,56,2,200000.00,ธุรกิจส่วนตัว,1,ปกติ,4,0
L-23908,2024-05-10,29680.15,0.325,125,39,4,200000.00,อาชีพอิสระ,0,ปกติ,20,0
L-24979,2024-05-10,25597.48,0.595,104,56,4,150000.00,พนักงานประจำ,0,ปกติ,3,0
L-25295,2024-05-10,17068.03,0.34,56,55,5,500000.00,ข้าราชการ,2,ปกติ,20,0
L-25497,2024-05-10,34846.00,0.417,239,37,1,500000.00,พนักงานประจำ,14,ค้างชำระ,109,1
L-26169,2024-05-10,43772.19,0.451,116,51,3,200000.00,พนักงานประจำ,2,ปกติ,12,0
L-26644,2024-05-10,38274.59,0.502,111,43,2,500000.00,พนักงานประจำ,2,ปกติ,6,0
L-27747,2024-05-10,32282.31,0.394,159,62,6,500000.00,ธุรกิจส่วนตัว,1,ปกติ,20,0
L-28645,2024-05-10,51957.87,0.588,66,31,0,150000.00,ข้าราชการ,7,ค้างชำระ,97,1
L-29440,2024-05-10,13596.08,0.312,165,37,0,500000.00,ธุรกิจส่วนตัว,0,ปกติ,9,0
L-30478,2024-05-10,9000.00,0.335,109,21,2,100000.00,อาชีพอิสระ,0,ปกติ,30,0
L-30722,2024-05-10,23299.51,0.428,183,53,0,300000.00,ข้าราชการ,11,ค้างชำระ,83,1
L-31067,2024-05-10,40133.10,0.558,10,42,2,500000.00,ธุรกิจส่วนตัว,2,ปิดบัญชีแล้ว,25,0
L-21365,2024-05-11,46213.39,0.407,42,62,3,200000.00,อาชีพอิสระ,0,ปกติ,26,0
L-22068,2024-05-11,19623.64,0.202,166,57,3,200000.00,ข้าราชการ,1,ปกติ,10,0
L-28849,2024-05-11,28456.18,0.268,142,65,2,300000.00,ธุรกิจส่วนตัว,1,ปกติ,15,0
L-31496,2024-05-11,33931.32,0.147,88,22,5,300000.00,พนักงานประจำ,1,ปิดบัญชีแล้ว,26,0
L-20053,2024-05-12,43396.39,0.244,115,23,2,300000.00,อาชีพอิสระ,2,ปิดบัญชีแล้ว,14,0
L-20483,2024-05-12,34949.47,0.328,182,47,5,150000.00,พนักงานประจำ,0,ปกติ,23,0
L-23390,2024-05-12,35716.28,0.171,112,23,1,100000.00,ธุรกิจส่วนตัว,1,ปกติ,3,0
L-23677,2024-05-12,33122.96,0.315,217,62,1,300000.00,ธุรกิจส่วนตัว,1,ปกติ,19,0
L-23839,2024-05-12,26451.57,0.395,212,40,2,150000.00,ข้าราชการ,2,ปกติ,25,0
L-25144,2024-05-12,37835.01,0.1,182,48,1,100000.00,พนักงานประจำ,1,ปกติ,7,0
L-25567,2024-05-12,31066.63,0.369,220,59,6,150000.00,พนักงานประจำ,1,ปกติ,9,0
L-26656,2024-05-12,30985.39,0.532,196,47,5,200000.00,ธุรกิจส่วนตัว,1,ปกติ,12,0
L-29490,2024-05-12,42263.50,0.347,227,39,2,500000.00,พนักงานประจำ,1,ปกติ,20,0
L-20516,2024-05-13,38459.51,0.165,87,22,0,50000.00,พนักงานประจำ,2,ปกติ,29,0
L-22163,2024-05-13,17925.97,0.167,85,37,5,300000.00,อาชีพอิสระ,1,ปกติ,12,0
L-22530,2024-05-13,45104.74,0.446,51,63,5,200000.00,ธุรกิจส่วนตัว,2,ปิดบัญชีแล้ว,8,0
L-23571,2024-05-13,22859.65,0.594,72,24,0,50000.00,อาชีพอิสระ,0,ปกติ,21,0
L-24292,2024-05-13,28440.89,0.298,93,52,1,100000.00,พนักงานประจำ,1,ปกติ,6,0
L-24512,2024-05-13,50929.64,0.115,27,23,5,100000.00,ธุรกิจส่วนตัว,1,ปกติ,17,0
L-25628,2024-05-13,31668.04,0.579,212,34,1,200000.00,อาชีพอิสระ,0,ปิดบัญชีแล้ว,7,0
L-27071,2024-05-13,11320.39,0.599,228,61,4,200000.00,ข้าราชการ,0,ปกติ,15,0
L-27373,2024-05-13,39129.06,0.02,119,43,2,200000.00,ข้าราชการ,2,ปกติ,7,0
L-27986,2024-05-13,42645.15,0.211,103,57,4,150000.00,พนักงานประจำ,0,ปกติ,16,0
L-28708,2024-05-13,34052.44,0.654,105,31,1,50000.00,ธุรกิจส่วนตัว,2,ปกติ,16,0
L-29365,2024-05-13,30779.61,0.206,174,57,5,50000.00,พนักงานประจำ,1,ปิดบัญชีแล้ว,15,0
L-29492,2024-05-13,56876.37,0.241,76,35,5,50000.00,ธุรกิจส่วนตัว,2,ปกติ,15,0
L-29660,2024-05-13,21923.31,0.404,146,52,1,100000.00,อาชีพอิสระ,1,ปกติ,1,0
L-29662,2024-05-13,30919.45,0.27,145,41,5,300000.00,ธุรกิจส่วนตัว,2,ปิดบัญชีแล้ว,30,0
L-29798,2024-05-13,44877.74,0.289,128,51,6,150000.00,พนักงานประจำ,7,ค้างชำระ,147,1
L-30233,2024-05-13,36929.39,0.274,48,41,4,150000.00,พนักงานประจำ,1,ปิดบัญชีแล้ว,0,0
L-30301,2024-05-13,13105.82,0.47,204,41,4,50000.00,ธุรกิจส่วนตัว,2,ปิดบัญชีแล้ว,16,0
L-30767,2024-05-13,37154.76,0.127,235,62,6,300000.00,พนักงานประจำ,0,ปกติ,2,0
L-31476,2024-05-13,24618.91,0.686,56,45,4,50000.00,อาชีพอิสระ,0,ปกติ,3,0
L-21366,2024-05-14,49766.18,0.484,189,44,1,50000.00,อาชีพอิสระ,0,ปกติ,13,0
L-22839,2024-05-14,34387.04,0.49,199,54,6,50000.00,พนักงานประจำ,2,ปิดบัญชีแล้ว,11,0
L-23268,2024-05-14,27875.76,0.496,187,58,6,500000.00,อาชีพอิสระ,2,ปกติ,16,0
L-23555,2024-05-14,12911.70,0.391,20,55,5,50000.00,ธุรกิจส่วนตัว,0,ปกติ,9,0
L-25090,2024-05-14,21977.18,0.443,143,54,5,50000.00,อาชีพอิสระ,1,ปกติ,20,0
L-25321,2024-05-14,29608.56,0.77,186,47,6,300000.00,ธุรกิจส่วนตัว,1,ปกติ,24,0
L-26271,2024-05-14,9000.00,0.308,109,54,0,50000.00,พนักงานประจำ,1,ปกติ,6,0
L-27360,2024-05-14,26626.10,0.752,121,43,6,300000.00,พนักงานประจำ,0,ปกติ,1,0
L-30138,2024-05-14,29464.22,0.11,96,26,4,300000.00,อาชีพอิสระ,2,ปกติ,0,0
L-20064,2024-05-15,36839.31,0.143,221,56,6,200000.00,พนักงานประจำ,1,ปิดบัญชีแล้ว,8,0
L-20604,2024-05-15,37011.17,0.448,173,41,4,100000.00,พนักงานประจำ,2,ปิดบัญชีแล้ว,13,0
L-22391,2024-05-15,9000.00,0.397,55,49,3,300000.00,ธุรกิจส่วนตัว,1,ปิดบัญชีแล้ว,1,0
L-24040,2024-05-15,32054.26,0.664,119,24,2,300000.00,ข้าราชการ,0,ปิดบัญชีแล้ว,8,0
L-24872,2024-05-15,46772.29,0.23,73,28,2,150000.00,ธุรกิจส่วนตัว,9,ค้างชำระ,148,1
L-27884,2024-05-15,18817.54,0.268,27,26,1,300000.00,พนักงานประจำ,1,ปกติ,22,0
L-28343,2024-05-15,37974.36,0.415,34,32,6,200000.00,พนักงานประจำ,1,ปกติ,8,0
L-30425,2024-05-15,24086.77,0.249,22,42,2,200000.00,อาชีพอิสระ,2,ปกติ,13,0
L-30630,2024-05-15,31381.70,0.548,161,46,3,50000.00,ข้าราชการ,2,ปิดบัญชีแล้ว,13,0
L-20341,2024-05-16,10524.55,0.564,142,34,0,100000.00,ข้าราชการ,9,ค้างชำระ,176,1
L-25427,2024-05-16,21984.15,0.231,4,29,4,150000.00,พนักงานประจำ,2,ปกติ,3,0
L-25771,2024-05-16,37954.05,0.556,42,60,5,500000.00,ธุรกิจส่วนตัว,1,ปกติ,17,0
L-26211,2024-05-16,32123.27,0.288,229,25,5,200000.00,พนักงานประจำ,0,ปกติ,1,0
L-26469,2024-05-16,33316.09,0.589,41,54,5,500000.00,อาชีพอิสระ,2,ปกติ,3,0
L-26829,2024-05-16,9000.00,0.159,105,53,5,150000.00,อาชีพอิสระ,0,ปกติ,17,0
L-26916,2024-05-16,9000.00,0.306,46,51,6,300000.00,พนักงานประจำ,0,ปกติ,26,0
L-27534,2024-05-16,34313.98,0.86,45,40,4,50000.00,อาชีพอิสระ,5,ค้างชำระ,74,1
L-27691,2024-05-16,54989.45,0.571,40,35,0,300000.00,ธุรกิจส่วนตัว,0,ปกติ,30,0
L-27825,2024-05-16,38909.21,0.328,80,51,4,100000.00,ธุรกิจส่วนตัว,9,ค้างชำระ,179,1
L-31814,2024-05-16,26280.45,0.288,51,34,2,200000.00,อาชีพอิสระ,2,ปกติ,0,0
L-22143,2024-05-17,26501.18,0.384,102,34,6,50000.00,ข้าราชการ,2,ปกติ,21,0
L-22157,2024-05-17,13482.61,0.354,177,39,2,500000.00,ธุรกิจส่วนตัว,2,ปกติ,22,0
L-24566,2024-05-17,40572.74,0.555,185,61,5,200000.00,พนักงานประจำ,2,ปกติ,9,0
L-25597,2024-05-17,54306.40,0.347,52,48,1,100000.00,ข้าราชการ,1,ปกติ,3,0
L-26439,2024-05-17,53333.89,0.429,42,58,6,200000.00,ข้าราชการ,0,ปกติ,15,0
L-26597,2024-05-17,23703.25,0.705,57,28,1,300000.00,พนักงานประจำ,0,ปกติ,28,0
L-26701,2024-05-17,15878.75,0.682,10,62,4,150000.00,พนักงานประจำ,1,ปกติ,22,0
L-28735,2024-05-17,51153.19,0.183,188,24,1,200000.00,อาชีพอิสระ,1,ปิดบัญชีแล้ว,6,0
L-21187,2024-05-18,33419.65,0.767,14,49,0,50000.00,ข้าราชการ,2,ปกติ,9,0
L-21337,2024-05-18,9977.90,0.134,227,59,3,100000.00,อาชีพอิสระ,0,ปกติ,17,0
L-22126,2024-05-18,17198.30,0.471,32,64,3,300000.00,อาชีพอิสระ,0,ปกติ,3,0
L-27105,2024-05-18,18453.21,0.494,152,26,2,500000.00,อาชีพอิสระ,0,ปกติ,23,0
L-27717,2024-05-18,32727.46,0.359,220,33,1,500000.00,พนักงานประจำ,0,ปกติ,0,0
L-28233,2024-05-18,37295.93,0.353,51,21,3,200000.00,อาชีพอิสระ,0,ปกติ,19,0
L-28910,2024-05-18,35929.23,0.706,186,57,4,500000.00,อาชีพอิสระ,0,ปกติ,10,0
L-29799,2024-05-18,10638.28,0.401,96,32,6,300000.00,อาชีพอิสระ,0,ปกติ,27,0
L-29850,2024-05-18,13430.96,0.035,72,48,5,100000.00,ข้าราชการ,0,ปกติ,16,0
L-30239,2024-05-18,38088.93,0.02,110,28,3,50000.00,ธุรกิจส่วนตัว,2,ปกติ,13,0
L-31425,2024-05-18,51218.83,0.667,8,46,1,200000.00,ธุรกิจส่วนตัว,6,ค้างชำระ,93,1
L-31758,2024-05-18,45535.29,0.196,120,43,4,150000.00,อาชีพอิสระ,1,ปิดบัญชีแล้ว,22,0
L-21460,2024-05-19,36008.11,0.467,66,26,0,500000.00,พนักงานประจำ,1,ปิดบัญชีแล้ว,7,0
L-23443,2024-05-19,14089.29,0.275,210,59,6,50000.00,พนักงานประจำ,0,ปกติ,21,0
L-26204,2024-05-19,24937.42,0.453,173,34,4,200000.00,ธุรกิจส่วนตัว,2,ปิดบัญชีแล้ว,9,0
L-28263,2024-05-19,42867.07,0.323,5,64,3,50000.00,อาชีพอิสระ,2,ปกติ,12,0
L-29309,2024-05-19,19314.73,0.205,126,54,0,100000.00,ข้าราชการ,1,ปกติ,18,0
L-29806,2024-05-19,37179.55,0.556,140,47,0,50000.00,อาชีพอิสระ,1,ปกติ,7,0
L-30385,2024-05-19,39911.79,0.688,174,51,3,500000.00,อาชีพอิสระ,8,ค้างชำระ,121,1
L-30652,2024-05-19,39606.96,0.256,213,38,4,100000.00,ข้าราชการ,2,ปกติ,20,0
L-30943,2024-05-19,12864.91,0.585,67,52,2,300000.00,อาชีพอิสระ,1,ปกติ,4,0
L-31277,2024-05-19,45010.94,0.419,16,32,4,150000.00,อาชีพอิสระ,0,ปิดบัญชีแล้ว,28,0
L-27075,2024-05-20,40320.16,0.447,215,65,1,100000.00,พนักงานประจำ,1,ปกติ,27,0
L-31341,2024-05-20,11743.34,0.036,215,59,1,50000.00,อาชีพอิสระ,2,ปิดบัญชีแล้ว,15,0
L-20308,2024-05-21,16386.51,0.649,63,55,6,100000.00,ข้าราชการ,9,ค้างชำระ,161,1
L-20601,2024-05-21,34334.75,0.445,170,54,1,200000.00,ธุรกิจส่วนตัว,1,ปิดบัญชีแล้ว,15,0
L-20609,2024-05-21,44124.34,0.056,125,46,1,300000.00,อาชีพอิสระ,0,ปกติ,2,0
L-20854,2024-05-21,54621.28,0.457,95,23,2,50000.00,ธุรกิจส่วนตัว,1,ปกติ,17,0
L-22037,2024-05-21,32886.22,0.397,234,40,3,50000.00,พนักงานประจำ,2,ปกติ,14,0
L-22670,2024-05-21,27358.98,0.62,75,29,1,50000.00,พนักงานประจำ,2,ปกติ,25,0
L-23257,2024-05-21,13886.96,0.449,113,35,1,500000.00,อาชีพอิสระ,1,ปิดบัญชีแล้ว,7,0
L-23498,2024-05-21,31583.30,0.567,20,47,3,300000.00,ข้าราชการ,2,ปกติ,28,0
L-24241,2024-05-21,54749.88,0.695,35,46,5,50000.00,อาชีพอิสระ,1,ปิดบัญชีแล้ว,9,0
L-24803,2024-05-21,34651.24,0.344,194,41,2,100000.00,ข้าราชการ,2,ปกติ,22,0
L-24866,2024-05-21,10661.05,0.256,186,63,5,100000.00,อาชีพอิสระ,0,ปกติ,14,0
L-25096,2024-05-21,34419.51,0.369,148,39,2,300000.00,พนักงานประจำ,1,ปิดบัญชีแล้ว,17,0
L-25869,2024-05-21,41455.44,0.253,56,57,1,200000.00,ธุรกิจส่วนตัว,2,ปิดบัญชีแล้ว,25,0
L-29020,2024-05-21,30093.93,0.673,185,55,5,300000.00,ธุรกิจส่วนตัว,2,ปิดบัญชีแล้ว,29,0
L-23207,2024-05-22,23006.18,0.563,32,45,1,300000.00,ข้าราชการ,0,ปกติ,6,0
L-23408,2024-05-22,36827.42,0.464,120,30,2,200000.00,ธุรกิจส่วนตัว,2,ปกติ,1,0
L-24173,2024-05-22,23242.49,0.501,18,42,0,100000.00,ข้าราชการ,0,ปิดบัญชีแล้ว,1,0
L-25173,2024-05-22,45467.07,0.42,77,47,4,300000.00,ธุรกิจส่วนตัว,10,ค้างชำระ,125,1
L-25258,2024-05-22,27963.18,0.577,158,42,2,200000.00,อาชีพอิสระ,1,ปกติ,30,0
L-25435,2024-05-22,33738.65,0.372,31,55,2,50000.00,ข้าราชการ,5,ค้างชำระ,126,1
L-27823,2024-05-22,55173.04,0.465,205,48,3,150000.00,พนักงานประจำ,0,ปกติ,2,0
L-27927,2024-05-22,20825.33,0.625,61,52,1,100000.00,พนักงานประจำ,0,ปกติ,29,0
L-28605,2024-05-22,46146.49,0.02,154,45,2,300000.00,ธุรกิจส่วนตัว,0,ปิดบัญชีแล้ว,20,0
L-30382,2024-05-22,24939.49,0.294,180,57,1,200000.00,ธุรกิจส่วนตัว,2,ปิดบัญชีแล้ว,5,0
L-30798,2024-05-22,47461.31,0.332,92,23,6,200000.00,ข้าราชการ,1,ปกติ,28,0
L-20310,2024-05-23,28663.55,0.365,188,63,3,300000.00,ข้าราชการ,2,ปิดบัญชีแล้ว,20,0
L-20603,2024-05-23,14502.21,0.164,177,45,2,200000.00,ข้าราชการ,2,ปกติ,16,0
L-21112,2024-05-23,32573.49,0.549,101,49,3,200000.00,ธุรกิจส่วนตัว,2,ปกติ,29,0
L-24615,2024-05-23,25927.07,0.02,189,62,1,300000.00,ธุรกิจส่วนตัว,1,ปิดบัญชีแล้ว,30,0
L-27077,2024-05-23,19859.82,0.313,132,29,2,50000.00,ข้าราชการ,1,ปิดบัญชีแล้ว,2,0
L-27698,2024-05-23,42325.31,0.043,226,25,5,500000.00,ข้าราชการ,1,ปกติ,21,0
L-28139,2024-05-23,48651.54,0.48,14,31,6,100000.00,พนักงานประจำ,0,ปิดบัญชีแล้ว,25,0
L-29563,2024-05-23,43483.32,0.47,83,35,0,500000.00,อาชีพอิสระ,0,ปิดบัญชีแล้ว,28,0
L-29744,2024-05-23,17874.80,0.813,155,62,4,150000.00,ธุรกิจส่วนตัว,1,ปิดบัญชีแล้ว,16,0
L-30132,2024-05-23,44354.16,0.089,162,48,1,300000.00,ธุรกิจส่วนตัว,2,ปิดบัญชีแล้ว,2,0
L-30427,2024-05-23,20643.93,0.085,108,34,2,300000.00,ข้าราชการ,2,ปกติ,9,0
L-31957,2024-05-23,22934.96,0.578,200,49,1,150000.00,พนักงานประจำ,1,ปกติ,12,0
L-22183,2024-05-24,27600.61,0.286,96,33,0,200000.00,ข้าราชการ,1,ปิดบัญชีแล้ว,26,0
L-22772,2024-05-24,33359.40,0.484,120,27,6,200000.00,ธุรกิจส่วนตัว,6,ค้างชำระ,144,1
L-23314,2024-05-24,45579.14,0.299,133,60,6,100000.00,พนักงานประจำ,0,ปกติ,5,0
L-25618,2024-05-24,19231.18,0.423,135,35,6,500000.00,พนักงานประจำ,1,ปกติ,1,0
L-26156,2024-05-24,42463.69,0.564,205,43,2,200000.00,ข้าราชการ,14,ค้างชำระ,55,1
L-26168,2024-05-24,33665.64,0.343,225,51,0,100000.00,อาชีพอิสระ,2,ปิดบัญชีแล้ว,3,0
L-26312,2024-05-24,26103.03,0.203,54,58,5,50000.00,ธุรกิจส่วนตัว,12,ค้างชำระ,86,1
L-30169,2024-05-24,37966.02,0.166,199,34,3,50000.00,พนักงานประจำ,2,ปกติ,26,0
L-30658,2024-05-24,51999.59,0.196,65,50,3,300000.00,ธุรกิจส่วนตัว,2,ปิดบัญชีแล้ว,13,0
L-20511,2024-05-25,38136.67,0.638,68,53,1,50000.00,พนักงานประจำ,2,ปกติ,3,0
L-21348,2024-05-25,24163.49,0.135,132,42,5,100000.00,ธุรกิจส่วนตัว,0,ปกติ,15,0
L-21468,2024-05-25,31429.05,0.583,55,31,0,150000.00,ธุรกิจส่วนตัว,0,ปกติ,28,0
L-22884,2024-05-25,33286.84,0.134,94,60,2,50000.00,ธุรกิจส่วนตัว,1,ปิดบัญชีแล้ว,19,0
L-24713,2024-05-25,26144.95,0.598,86,48,1,150000.00,ธุรกิจส่วนตัว,2,ปกติ,21,0
L-24882,2024-05-25,51546.97,0.065,129,50,1,300000.00,ธุรกิจส่วนตัว,1,ปกติ,12,0
L-24914,2024-05-25,38375.22,0.489,62,41,3,100000.00,ข้าราชการ,0,ปกติ,3,0
L-25530,2024-05-25,49488.18,0.375,183,30,0,100000.00,ธุรกิจส่วนตัว,2,ปกติ,13,0
L-26719,2024-05-25,26302.43,0.493,105,44,2,50000.00,อาชีพอิสระ,0,ปกติ,27,0
L-27521,2024-05-25,41811.34,0.576,110,33,0,150000.00,พนักงานประจำ,2,ปิดบัญชีแล้ว,28,0
L-28075,2024-05-25,41702.06,0.384,141,21,3,500000.00,ข้าราชการ,0,ปิดบัญชีแล้ว,16,0
L-28329,2024-05-25,35128.36,0.632,148,24,0,50000.00,อาชีพอิสระ,0,ปิดบัญชีแล้ว,25,0
L-28478,2024-05-25,18667.11,0.257,17,65,2,300000.00,ธุรกิจส่วนตัว,1,ปกติ,24,0
L-29376,2024-05-25,38276.38,0.187,134,27,2,100000.00,ข้าราชการ,0,ปกติ,13,0
L-31787,2024-05-25,46283.39,0.152,161,47,1,150000.00,พนักงานประจำ,2,ปิดบัญชีแล้ว,15,0
L-20184,2024-05-26,50844.49,0.36,175,58,0,50000.00,พนักงานประจำ,2,ปกติ,16,0
L-20374,2024-05-26,23582.32,0.55,61,34,2,150000.00,ธุรกิจส่วนตัว,0,ปกติ,19,0
L-20439,2024-05-26,33853.52,0.438,170,50,6,100000.00,พนักงานประจำ,0,ปกติ,24,0
L-22236,2024-05-26,31446.70,0.361,127,55,4,100000.00,ธุรกิจส่วนตัว,1,ปกติ,12,0
L-22934,2024-05-26,29317.66,0.682,215,31,1,200000.00,ข้าราชการ,0,ปกติ,5,0
L-23993,2024-05-26,45747.61,0.236,200,35,2,50000.00,ธุรกิจส่วนตัว,0,ปกติ,1,0
L-24105,2024-05-26,9000.00,0.544,219,50,6,150000.00,พนักงานประจำ,8,ค้างชำระ,70,1
L-24577,2024-05-26,55560.72,0.364,27,57,6,300000.00,ข้าราชการ,5,ค้างชำระ,65,1
L-25389,2024-05-26,32011.19,0.589,147,46,6,500000.00,ข้าราชการ,0,ปิดบัญชีแล้ว,2,0
L-27089,2024-05-26,44999.23,0.541,201,58,6,50000.00,อาชีพอิสระ,0,ปกติ,10,0
L-29690,2024-05-26,44877.62,0.483,81,42,1,500000.00,พนักงานประจำ,0,ปกติ,28,0
L-30104,2024-05-26,34090.53,0.02,157,29,3,50000.00,อาชีพอิสระ,1,ปกติ,14,0
L-20031,2024-05-27,34283.85,0.489,224,49,5,200000.00,พนักงานประจำ,10,ค้างชำระ,153,1
L-21154,2024-05-27,70555.88,0.279,7,39,1,50000.00,ข้าราชการ,0,ปิดบัญชีแล้ว,13,0
L-21466,2024-05-27,51153.39,0.173,201,65,1,50000.00,ธุรกิจส่วนตัว,2,ปกติ,30,0
L-22370,2024-05-27,29674.72,0.631,99,26,4,300000.00,อาชีพอิสระ,0,ปกติ,18,0
L-22716,2024-05-27,31201.03,0.589,82,56,5,200000.00,อาชีพอิสระ,4,ค้างชำระ,161,1
L-23385,2024-05-27,59474.33,0.462,118,21,2,50000.00,ธุรกิจส่วนตัว,2,ปกติ,22,0
L-23401,2024-05-27,19189.79,0.442,44,62,4,500000.00,พนักงานประจำ,0,ปกติ,30,0
L-23865,2024-05-27,37532.87,0.144,1,34,3,100000.00,ข้าราชการ,0,ปกติ,12,0
L-24259,2024-05-27,32386.44,0.454,177,32,4,200000.00,ข้าราชการ,14,ค้างชำระ,144,1
L-25399,2024-05-27,41176.39,0.222,83,29,5,500000.00,พนักงานประจำ,0,ปกติ,6,0
L-25705,2024-05-27,29842.31,0.217,148,25,0,200000.00,ธุรกิจส่วนตัว,1,ปกติ,15,0
L-26494,2024-05-27,12328.49,0.154,78,36,1,150000.00,พนักงานประจำ,0,ปกติ,9,0
L-26773,2024-05-27,50870.69,0.729,71,43,2,100000.00,ธุรกิจส่วนตัว,9,ค้างชำระ,74,1
L-28442,2024-05-27,21863.19,0.353,208,28,0,100000.00,อาชีพอิสระ,2,ปิดบัญชีแล้ว,9,0
L-29337,2024-05-27,9000.00,0.528,10,61,5,500000.00,ข้าราชการ,2,ปกติ,28,0
L-29371,2024-05-27,40609.80,0.259,157,57,4,500000.00,ข้าราชการ,2,ปกติ,24,0
L-21971,2024-05-28,39722.97,0.168,168,47,6,100000.00,อาชีพอิสระ,2,ปกติ,24,0
L-22063,2024-05-28,13526.25,0.335,139,32,0,150000.00,อาชีพอิสระ,2,ปกติ,26,0
L-22444,2024-05-28,31247.09,0.198,157,43,3,150000.00,พนักงานประจำ,0,ปกติ,7,0
L-22616,2024-05-28,32990.61,0.352,109,33,2,100000.00,ธุรกิจส่วนตัว,1,ปิดบัญชีแล้ว,12,0
L-24390,2024-05-28,40348.61,0.503,112,35,0,300000.00,ธุรกิจส่วนตัว,2,ปกติ,8,0
L-26259,2024-05-28,11589.29,0.174,222,56,0,300000.00,ธุรกิจส่วนตัว,0,ปกติ,24,0
L-28292,2024-05-28,28516.29,0.244,32,51,1,200000.00,พนักงานประจำ,2,ปกติ,21,0
L-28788,2024-05-28,19598.29,0.136,24,24,2,200000.00,ธุรกิจส่วนตัว,2,ปกติ,5,0
L-20626,2024-05-29,19671.42,0.303,178,35,5,300000.00,อาชีพอิสระ,1,ปิดบัญชีแล้ว,8,0
L-20884,2024-05-29,19068.98,0.581,170,29,0,500000.00,พนักงานประจำ,2,ปกติ,24,0
L-22664,2024-05-29,28908.38,0.231,178,60,6,100000.00,ธุรกิจส่วนตัว,0,ปกติ,3,0
L-23744,2024-05-29,13721.37,0.291,148,46,4,200000.00,ข้าราชการ,0,ปิดบัญชีแล้ว,21,0
L-24111,2024-05-29,16479.59,0.528,161,39,1,200000.00,ธุรกิจส่วนตัว,13,ค้างชำระ,65,1
L-24765,2024-05-29,41803.07,0.254,205,27,3,100000.00,พนักงานประจำ,1,ปกติ,26,0
L-25434,2024-05-29,33153.54,0.202,6,29,3,150000.00,ธุรกิจส่วนตัว,0,ปกติ,8,0
L-26588,2024-05-29,32955.20,0.14,6,22,1,100000.00,อาชีพอิสระ,2,ปกติ,11,0
L-28136,2024-05-29,9000.00,0.318,22,58,4,100000.00,ธุรกิจส่วนตัว,2,ปกติ,21,0
L-29431,2024-05-29,9000.00,0.559,71,22,5,50000.00,อาชีพอิสระ,2,ปิดบัญชีแล้ว,5,0
L-29689,2024-05-29,25093.46,0.241,42,57,3,300000.00,อาชีพอิสระ,1,ปกติ,6,0
L-30739,2024-05-29,33570.37,0.269,139,26,1,500000.00,ข้าราชการ,2,ปกติ,26,0
L-31366,2024-05-29,24361.84,0.382,81,61,5,150000.00,อาชีพอิสระ,2,ปกติ,20,0
L-31863,2024-05-29,37319.51,0.303,70,26,4,150000.00,อาชีพอิสระ,12,ค้างชำระ,59,1
L-20323,2024-05-30,46720.30,0.508,177,29,0,100000.00,พนักงานประจำ,1,ปิดบัญชีแล้ว,23,0
L-21951,2024-05-30,31491.38,0.446,18,42,1,500000.00,ข้าราชการ,0,ปกติ,25,0
L-22281,2024-05-30,40210.65,0.293,178,35,0,300000.00,ข้าราชการ,2,ปกติ,3,0
L-22876,2024-05-30,40805.89,0.066,27,28,0,150000.00,พนักงานประจำ,0,ปกติ,2,0
L-26440,2024-05-30,47404.34,0.381,184,24,6,300000.00,อาชีพอิสระ,1,ปิดบัญชีแล้ว,17,0
L-26641,2024-05-30,41164.77,0.217,69,64,2,500000.00,พนักงานประจำ,0,ปิดบัญชีแล้ว,29,0
L-29682,2024-05-30,33560.62,0.419,187,29,5,500000.00,ธุรกิจส่วนตัว,2,ปกติ,14,0
L-31293,2024-05-30,37407.84,0.274,134,38,5,150000.00,พนักงานประจำ,0,ปกติ,3,0
L-31507,2024-05-30,33471.01,0.478,206,58,1,200000.00,พนักงานประจำ,0,ปกติ,0,0
L-31879,2024-05-30,41059.07,0.02,54,35,5,200000.00,ธุรกิจส่วนตัว,2,ปกติ,28,0
L-21806,2024-05-31,30802.52,0.318,61,50,1,150000.00,พนักงานประจำ,1,ปกติ,17,0
L-21940,2024-05-31,34537.00,0.606,88,44,1,200000.00,ธุรกิจส่วนตัว,1,ปกติ,26,0
L-22344,2024-05-31,30866.06,0.277,60,25,4,500000.00,ข้าราชการ,2,ปิดบัญชีแล้ว,6,0
L-24975,2024-05-31,46053.48,0.194,198,25,3,500000.00,อาชีพอิสระ,0,ปกติ,10,0
L-25651,2024-05-31,30896.40,0.712,113,59,1,300000.00,อาชีพอิสระ,0,ปกติ,19,0
L-27348,2024-05-31,34370.15,0.155,93,63,3,300000.00,ข้าราชการ,1,ปกติ,29,0
L-28166,2024-05-31,31999.95,0.129,180,40,6,50000.00,ธุรกิจส่วนตัว,1,ปกติ,30,0
L-28370,2024-05-31,38714.39,0.327,51,27,1,50000.00,ธุรกิจส่วนตัว,1,ปิดบัญชีแล้ว,28,0
L-28604,2024-05-31,27751.01,0.516,42,53,6,50000.00,อาชีพอิสระ,7,ค้างชำระ,106,1
L-30325,2024-05-31,9000.00,0.367,228,65,2,100000.00,ธุรกิจส่วนตัว,0,ปกติ,10,0
L-31880,2024-05-31,28832.82,0.546,201,31,5,150000.00,พนักงานประจำ,2,ปกติ,8,0
L-21103,2024-06-01,33113.55,0.409,128,38,4,500000.00,ข้าราชการ,2,ปกติ,27,0
L-21839,2024-06-01,48833.20,0.366,131,54,3,300000.00,อาชีพอิสระ,7,ค้างชำระ,78,1
L-23992,2024-06-01,42046.36,0.588,158,21,6,200000.00,พนักงานประจำ,1,ปกติ,21,0
L-25188,2024-06-01,35958.21,0.239,125,57,6,150000.00,ข้าราชการ,1,ปกติ,10,0
L-26278,2024-06-01,40632.12,0.324,62,42,6,50000.00,ธุรกิจส่วนตัว,1,ปกติ,30,0
L-26546,2024-06-01,36333.28,0.499,167,39,6,50000.00,ข้าราชการ,0,ปกติ,9,0
L-27658,2024-06-01,20583.86,0.394,152,39,0,50000.00,พนักงานประจำ,2,ปกติ,15,0
L-29411,2024-06-01,40165.69,0.383,3,28,2,300000.00,อาชีพอิสระ,1,ปกติ,14,0
L-29653,2024-06-01,28767.99,0.511,46,48,4,50000.00,ข้าราชการ,0,ปิดบัญชีแล้ว,25,0
L-30208,2024-06-01,20679.51,0.6,156,24,2,150000.00,ธุรกิจส่วนตัว,2,ปกติ,25,0
L-31322,2024-06-01,44833.47,0.324,53,44,0,50000.00,อาชีพอิสระ,2,ปกติ,7,0
L-31595,2024-06-01,45653.53,0.441,185,27,2,50000.00,ธุรกิจส่วนตัว,2,ปกติ,14,0
L-20850,2024-06-02,11895.21,0.713,205,41,4,500000.00,อาชีพอิสระ,0,ปกติ,11,0
L-21301,2024-06-02,35959.51,0.465,191,31,0,100000.00,ธุรกิจส่วนตัว,0,ปิดบัญชีแล้ว,21,0
L-21711,2024-06-02,50828.23,0.419,166,23,0,150000.00,ข้าราชการ,1,ปิดบัญชีแล้ว,2,0
L-21794,2024-06-02,16131.06,0.215,7,33,5,500000.00,ข้าราชการ,1,ปกติ,24,0
L-22118,2024-06-02,33097.34,0.152,67,24,3,100000.00,ข้าราชการ,1,ปกติ,29,0
L-22460,2024-06-02,56643.50,0.467,31,23,4,200000.00,ธุรกิจส่วนตัว,1,ปกติ,14,0
L-22796,2024-06-02,26017.14,0.286,46,24,2,300000.00,ธุรกิจส่วนตัว,1,ปิดบัญชีแล้ว,5,0
L-23311,2024-06-02,17168.32,0.245,64,29,0,150000.00,พนักงานประจำ,0,ปกติ,17,0
L-24365,2024-06-02,19561.50,0.235,207,45,0,200000.00,ข้าราชการ,0,ปกติ,5,0
L-24977,2024-06-02,51626.57,0.546,63,47,1,150000.00,ข้าราชการ,2,ปิดบัญชีแล้ว,26,0
L-26306,2024-06-02,37496.36,0.473,160,39,5,100000.00,ธุรกิจส่วนตัว,0,ปกติ,26,0
L-26713,2024-06-02,27127.22,0.226,26,65,3,150000.00,พนักงานประจำ,1,ปกติ,10,0
L-28267,2024-06-02,20133.57,0.322,112,61,5,500000.00,พนักงานประจำ,0,ปกติ,10,0
L-28397,2024-06-02,23075.80,0.271,213,33,0,50000.00,พนักงานประจำ,2,ปิดบัญชีแล้ว,7,0
L-28608,2024-06-02,65819.49,0.322,21,60,2,150000.00,ข้าราชการ,0,ปกติ,23,0
L-28718,2024-06-02,9000.00,0.258,231,23,0,50000.00,ธุรกิจส่วนตัว,1,ปกติ,6,0
L-31438,2024-06-02,34909.88,0.16,184,33,6,100000.00,ข้าราชการ,0,ปกติ,25,0
L-31442,2024-06-02,53954.34,0.634,95,40,2,200000.00,ข้าราชการ,0,ปิดบัญชีแล้ว,28,0
L-20361,2024-06-03,44204.77,0.728,212,56,6,50000.00,พนักงานประจำ,0,ปกติ,23,0
L-22700,2024-06-03,42935.41,0.56,170,57,3,200000.00,ธุรกิจส่วนตัว,13,ค้างชำระ,64,1
L-22953,2024-06-03,29066.15,0.433,88,52,1,50000.00,พนักงานประจำ,0,ปิดบัญชีแล้ว,6,0
L-23232,2024-06-03,9000.00,0.456,11,59,5,50000.00,ข้าราชการ,6,ค้างชำระ,118,1
L-25991,2024-06-03,9000.00,0.756,227,44,2,200000.00,อาชีพอิสระ,2,ปกติ,21,0
L-26473,2024-06-03,37010.92,0.566,131,62,4,150000.00,อาชีพอิสระ,0,ปกติ,18,0
L-26617,2024-06-03,15733.25,0.304,66,63,3,500000.00,พนักงานประจำ,1,ปกติ,8,0
L-27329,2024-06-03,30501.82,0.342,102,43,5,50000.00,ธุรกิจส่วนตัว,1,ปกติ,7,0
L-27772,2024-06-03,31290.98,0.331,212,55,2,300000.00,อาชีพอิสระ,1,ปิดบัญชีแล้ว,9,0
L-29717,2024-06-03,27943.41,0.285,31,43,3,500000.00,ธุรกิจส่วนตัว,1,ปิดบัญชีแล้ว,28,0
L-30903,2024-06-03,37194.01,0.268,229,59,6,150000.00,ข้าราชการ,0,ปิดบัญชีแล้ว,17,0
L-30940,2024-06-03,35451.33,0.651,79,23,4,100000.00,ธุรกิจส่วนตัว,1,ปกติ,25,0
L-22970,2024-06-04,44035.88,0.525,109,49,6,150000.00,อาชีพอิสระ,0,ปกติ,22,0
L-24333,2024-06-04,37165.33,0.569,67,28,3,300000.00,อาชีพอิสระ,1,ปกติ,5,0
L-24532,2024-06-04,56884.39,0.374,188,41,6,100000.00,ข้าราชการ,0,ปกติ,19,0
L-24919,2024-06-04,44286.53,0.658,216,21,5,50000.00,ข้าราชการ,1,ปกติ,18,0
L-25452,2024-06-04,38437.59,0.112,92,60,0,50000.00,พนักงานประจำ,1,ปกติ,25,0
L-25829,2024-06-04,9000.00,0.112,207,35,1,150000.00,อาชีพอิสระ,1,ปกติ,20,0
L-26628,2024-06-04,37006.70,0.397,2,52,0,500000.00,ธุรกิจส่วนตัว,1,ปกติ,4,0
L-26723,2024-06-04,25778.41,0.377,204,23,5,50000.00,อาชีพอิสระ,2,ปกติ,7,0
L-28870,2024-06-04,40986.56,0.264,2,39,0,500000.00,ธุรกิจส่วนตัว,0,ปกติ,2,0
L-29568,2024-06-04,46490.56,0.373,85,64,6,300000.00,อาชีพอิสระ,0,ปกติ,9,0
L-29654,2024-06-04,17866.73,0.516,184,25,5,100000.00,ธุรกิจส่วนตัว,2,ปิดบัญชีแล้ว,17,0
L-30179,2024-06-04,39242.54,0.266,57,46,5,300000.00,พนักงานประจำ,2,ปกติ,1,0
L-21281,2024-06-05,52486.51,0.435,8,25,6,50000.00,ข้าราชการ,5,ค้างชำระ,149,1
L-21809,2024-06-05,51277.47,0.078,110,31,2,200000.00,ข้าราชการ,0,ปกติ,9,0
L-22008,2024-06-05,25567.26,0.535,145,55,1,50000.00,อาชีพอิสระ,1,ปกติ,22,0
L-27899,2024-06-05,43284.45,0.314,202,58,4,200000.00,ข้าราชการ,0,ปกติ,18,0
L-28524,2024-06-05,19883.48,0.481,198,26,1,300000.00,อาชีพอิสระ,2,ปกติ,8,0
L-30455,2024-06-05,9000.00,0.02,135,60,2,100000.00,อาชีพอิสระ,2,ปกติ,16,0
L-21955,2024-06-06,9000.00,0.678,84,63,3,50000.00,อาชีพอิสระ,14,ค้างชำระ,146,1
L-22315,2024-06-06,39575.51,0.432,143,64,6,100000.00,อาชีพอิสระ,0,ปิดบัญชีแล้ว,24,0
L-25139,2024-06-06,26428.36,0.375,95,40,3,500000.00,พนักงานประจำ,0,ปิดบัญชีแล้ว,3,0
L-26264,2024-06-06,24186.09,0.122,80,26,5,50000.00,พนักงานประจำ,0,ปกติ,12,0
L-27849,2024-06-06,27700.85,0.305,234,38,4,500000.00,ธุรกิจส่วนตัว,8,ค้างชำระ,65,1
L-30568,2024-06-06,40415.00,0.334,32,24,3,200000.00,อาชีพอิสระ,2,ปิดบัญชีแล้ว,19,0
L-30602,2024-06-06,57207.16,0.355,133,36,0,150000.00,ธุรกิจส่วนตัว,2,ปิดบัญชีแล้ว,3,0
L-30620,2024-06-06,48002.52,0.559,132,55,3,500000.00,พนักงานประจำ,1,ปกติ,8,0
L-31932,2024-06-06,55297.83,0.622,33,41,2,100000.00,พนักงานประจำ,2,ปกติ,10,0
L-20472,2024-06-07,49524.53,0.206,234,23,3,200000.00,ข้าราชการ,0,ปกติ,14,0
L-22415,2024-06-07,38441.65,0.672,209,54,6,50000.00,ข้าราชการ,2,ปิดบัญชีแล้ว,11,0
L-24987,2024-06-07,19205.84,0.366,76,63,2,300000.00,ข้าราชการ,1,ปกติ,29,0
L-25330,2024-06-07,43793.48,0.594,104,53,4,300000.00,ธุรกิจส่วนตัว,0,ปิดบัญชีแล้ว,16,0
L-26703,2024-06-07,49531.84,0.124,38,64,5,50000.00,ข้าราชการ,0,ปกติ,5,0
L-27901,2024-06-07,9000.00,0.484,90,54,5,100000.00,ข้าราชการ,2,ปกติ,20,0
L-28312,2024-06-07,44627.33,0.39,123,33,3,100000.00,ข้าราชการ,1,ปิดบัญชีแล้ว,24,0
L-29212,2024-06-07,35491.94,0.557,158,23,2,50000.00,อาชีพอิสระ,2,ปิดบัญชีแล้ว,15,0
L-29253,2024-06-07,44372.47,0.247,34,31,6,500000.00,ข้าราชการ,1,ปกติ,4,0
L-29410,2024-06-07,12650.72,0.164,37,59,2,200000.00,พนักงานประจำ,1,ปกติ,18,0
L-30579,2024-06-07,48892.50,0.465,14,38,0,200000.00,ธุรกิจส่วนตัว,0,ปกติ,6,0
L-31469,2024-06-07,13085.99,0.486,236,31,3,50000.00,ข้าราชการ,1,ปกติ,29,0
L-31836,2024-06-07,20322.37,0.485,143,51,5,150000.00,พนักงานประจำ,2,ปกติ,8,0
L-20038,2024-06-08,34431.08,0.02,43,54,3,150000.00,ข้าราชการ,0,ปกติ,21,0
L-20335,2024-06-08,25538.57,0.391,20,39,1,500000.00,ข้าราชการ,1,ปกติ,4,0
L-20411,2024-06-08,35689.98,0.276,138,27,0,50000.00,พนักงานประจำ,2,ปกติ,11,0
L-26038,2024-06-08,36597.29,0.424,118,30,2,500000.00,อาชีพอิสระ,2,ปกติ,9,0
L-26446,2024-06-08,27272.50,0.034,34,59,2,150000.00,ข้าราชการ,0,ปกติ,3,0
L-26729,2024-06-08,36880.15,0.266,33,53,4,150000.00,อาชีพอิสระ,0,ปิดบัญชีแล้ว,7,0
L-27420,2024-06-08,32834.73,0.156,20,30,0,500000.00,อาชีพอิสระ,1,ปกติ,6,0
L-27478,2024-06-08,27255.96,0.224,97,65,3,500000.00,ข้าราชการ,5,ค้างชำระ,74,1
L-30956,2024-06-08,15212.49,0.296,232,48,0,500000.00,อาชีพอิสระ,0,ปกติ,9,0
L-21812,2024-06-09,25436.72,0.294,81,27,4,500000.00,ธุรกิจส่วนตัว,8,ค้างชำระ,115,1
L-22505,2024-06-09,33017.65,0.306,233,59,5,150000.00,ข้าราชการ,1,ปิดบัญชีแล้ว,12,0
L-22735,2024-06-09,35860.49,0.104,60,26,2,300000.00,พนักงานประจำ,0,ปกติ,2,0
L-22913,2024-06-09,19224.09,0.169,97,32,1,300000.00,อาชีพอิสระ,0,ปกติ,16,0
L-23381,2024-06-09,46491.95,0.228,129,53,6,300000.00,พนักงานประจำ,3,ค้างชำระ,161,1
L-25091,2024-06-09,14660.62,0.214,21,44,2,500000.00,ธุรกิจส่วนตัว,0,ปกติ,14,0
L-26029,2024-06-09,38503.46,0.779,183,56,0,100000.00,พนักงานประจำ,2,ปิดบัญชีแล้ว,18,0
L-27347,2024-06-09,33320.60,0.561,161,51,0,150000.00,พนักงานประจำ,2,ปกติ,19,0
L-27571,2024-06-09,41738.66,0.282,132,62,1,300000.00,พนักงานประจำ,0,ปิดบัญชีแล้ว,22,0
L-27861,2024-06-09,36679.55,0.244,173,50,1,100000.00,ธุรกิจส่วนตัว,2,ปกติ,3,0
L-27932,2024-06-09,26807.95,0.334,36,42,3,150000.00,ข้าราชการ,0,ปิดบัญชีแล้ว,18,0
L-29226,2024-06-09,36899.93,0.755,33,24,0,200000.00,ข้าราชการ,0,ปกติ,3,0
L-29783,2024-06-09,37949.82,0.168,126,38,6,50000.00,พนักงานประจำ,2,ปกติ,17,0
L-29877,2024-06-09,39643.78,0.546,176,42,2,300000.00,ธุรกิจส่วนตัว,2,ปกติ,8,0
L-30087,2024-06-09,30913.14,0.505,194,40,4,500000.00,อาชีพอิสระ,0,ปิดบัญชีแล้ว,4,0
L-30107,2024-06-09,21944.62,0.255,205,56,2,300000.00,ธุรกิจส่วนตัว,1,ปกติ,2,0
L-31314,2024-06-09,41757.54,0.529,194,51,0,300000.00,อาชีพอิสระ,0,ปกติ,16,0
L-22586,2024-06-10,14732.45,0.02,184,38,3,100000.00,ข้าราชการ,0,ปกติ,19,0
L-24792,2024-06-10,19899.83,0.57,119,24,4,50000.00,ข้าราชการ,7,ค้างชำระ,131,1
L-24844,2024-06-10,19752.63,0.49,213,32,0,500000.00,ธุรกิจส่วนตัว,1,ปกติ,0,0
L-25926,2024-06-10,19925.73,0.453,119,24,5,300000.00,อาชีพอิสระ,1,ปิดบัญชีแล้ว,8,0
L-26329,2024-06-10,14413.45,0.393,88,40,2,200000.00,ข้าราชการ,0,ปิดบัญชีแล้ว,4,0
L-26810,2024-06-10,16816.92,0.32,52,44,4,200000.00,พนักงานประจำ,0,ปกติ,17,0
L-27135,2024-06-10,31089.03,0.162,42,46,6,50000.00,ข้าราชการ,1,ปกติ,5,0
L-27872,2024-06-10,38328.62,0.311,34,29,1,300000.00,อาชีพอิสระ,1,ปิดบัญชีแล้ว,21,0
L-29912,2024-06-10,43542.19,0.67,211,57,3,50000.00,ธุรกิจส่วนตัว,2,ปิดบัญชีแล้ว,7,0
L-31632,2024-06-10,25155.11,0.585,208,29,1,500000.00,อาชีพอิสระ,0,ปกติ,2,0
L-20266,2024-06-11,32242.21,0.289,96,21,1,50000.00,พนักงานประจำ,0,ปิดบัญชีแล้ว,17,0
L-23800,2024-06-11,37999.45,0.757,19,42,1,200000.00,พนักงานประจำ,2,ปกติ,30,0
L-24417,2024-06-11,32800.08,0.02,152,25,0,300000.00,ธุรกิจส่วนตัว,1,ปกติ,23,0
L-24491,2024-06-11,19642.05,0.246,63,38,3,500000.00,พนักงานประจำ,0,ปิดบัญชีแล้ว,22,0
L-29668,2024-06-11,42186.61,0.465,8,47,0,200000.00,ธุรกิจส่วนตัว,13,ค้างชำระ,140,1
L-30565,2024-06-11,10869.18,0.376,131,48,0,50000.00,อาชีพอิสระ,2,ปกติ,7,0
L-31707,2024-06-11,47164.45,0.348,92,51,2,50000.00,ข้าราชการ,1,ปิดบัญชีแล้ว,23,0
L-21563,2024-06-12,38334.77,0.313,80,52,0,200000.00,ธุรกิจส่วนตัว,1,ปกติ,3,0
L-23250,2024-06-12,29679.77,0.392,93,63,6,200000.00,อาชีพอิสระ,2,ปกติ,14,0
L-24078,2024-06-12,9000.00,0.467,225,22,4,50000.00,อาชีพอิสระ,2,ปกติ,9,0
L-26191,2024-06-12,30591.50,0.408,50,54,0,200000.00,ข้าราชการ,2,ปกติ,5,0
L-29368,2024-06-12,12765.17,0.376,6,26,3,100000.00,ข้าราชการ,1,ปกติ,1,0
L-20315,2024-06-13,15808.63,0.329,51,26,0,100000.00,ธุรกิจส่วนตัว,0,ปกติ,28,0
L-20418,2024-06-13,36900.72,0.566,96,56,2,100000.00,พนักงานประจำ,1,ปกติ,8,0
L-21495,2024-06-13,14645.72,0.342,239,27,2,100000.00,อาชีพอิสระ,0,ปกติ,24,0
L-22241,2024-06-13,38361.59,0.381,110,24,5,50000.00,พนักงานประจำ,1,ปิดบัญชีแล้ว,8,0
L-24319,2024-06-13,41027.81,0.47,221,55,2,500000.00,ธุรกิจส่วนตัว,2,ปกติ,11,0
L-24508,2024-06-13,38839.78,0.547,21,43,6,50000.00,ข้าราชการ,0,ปกติ,23,0
L-24745,2024-06-13,25632.00,0.311,145,34,2,150000.00,ธุรกิจส่วนตัว,4,ค้างชำระ,123,1
L-25828,2024-06-13,67160.69,0.182,179,23,1,200000.00,ธุรกิจส่วนตัว,2,ปกติ,5,0
L-27029,2024-06-13,44090.39,0.454,224,34,2,50000.00,ข้าราชการ,2,ปิดบัญชีแล้ว,7,0
L-27998,2024-06-13,50601.12,0.652,18,44,4,300000.00,อาชีพอิสระ,2,ปกติ,30,0
L-28094,2024-06-13,38096.68,0.45,111,50,1,200000.00,อาชีพอิสระ,2,ปกติ,16,0
L-28179,2024-06-13,18415.93,0.71,185,21,5,500000.00,อาชีพอิสระ,5,ค้างชำระ,119,1
L-28467,2024-06-13,33559.92,0.115,238,27,4,50000.00,อาชีพอิสระ,0,ปกติ,9,0
L-29050,2024-06-13,41680.35,0.511,213,64,5,500000.00,ข้าราชการ,0,ปกติ,10,0
L-29152,2024-06-13,50252.94,0.57,199,30,5,50000.00,ข้าราชการ,2,ปกติ,16,0
L-29985,2024-06-13,27037.59,0.468,28,47,3,500000.00,อาชีพอิสระ,0,ปิดบัญชีแล้ว,21,0
L-30194,2024-06-13,31407.15,0.576,111,47,1,500000.00,พนักงานประจำ,2,ปกติ,14,0
L-30315,2024-06-13,36713.18,0.333,240,44,3,200000.00,ข้าราชการ,0,ปกติ,16,0
L-30595,2024-06-13,56441.93,0.39,115,28,1,200000.00,ธุรกิจส่วนตัว,2,ปิดบัญชีแล้ว,5,0
L-30882,2024-06-13,26693.29,0.329,146,59,6,500000.00,ข้าราชการ,1,ปกติ,13,0
L-31306,2024-06-13,47182.10,0.758,16,36,4,150000.00,อาชีพอิสระ,7,ค้างชำระ,48,1
L-31386,2024-06-13,11399.51,0.251,104,22,0,300000.00,ข้าราชการ,2,ปกติ,20,0
L-31421,2024-06-13,9000.00,0.448,229,50,2,100000.00,ข้าราชการ,2,ปกติ,7,0
L-25846,2024-06-14,53213.26,0.302,58,43,6,200000.00,พนักงานประจำ,2,ปิดบัญชีแล้ว,3,0
L-26654,2024-06-14,56236.77,0.02,73,26,2,200000.00,ธุรกิจส่วนตัว,1,ปกติ,23,0
L-27485,2024-06-14,33624.38,0.184,52,61,5,50000.00,ธุรกิจส่วนตัว,1,ปกติ,26,0
L-27486,2024-06-14,16588.18,0.103,164,54,5,200000.00,ธุรกิจส่วนตัว,1,ปกติ,24,0
L-28472,2024-06-14,18105.37,0.33,66,45,4,50000.00,ข้าราชการ,2,ปิดบัญชีแล้ว,6,0
L-30165,2024-06-14,26408.36,0.037,70,23,0,500000.00,อาชีพอิสระ,2,ปกติ,16,0
L-30302,2024-06-14,55909.56,0.32,160,65,5,300000.00,อาชีพอิสระ,0,ปิดบัญชีแล้ว,14,0
L-23059,2024-06-15,27158.78,0.045,64,62,5,300000.00,ธุรกิจส่วนตัว,0,ปกติ,3,0
L-24191,2024-06-15,38418.25,0.529,142,44,6,200000.00,อาชีพอิสระ,0,ปิดบัญชีแล้ว,0,0
L-25349,2024-06-15,25732.29,0.254,147,30,4,50000.00,ธุรกิจส่วนตัว,1,ปกติ,3,0
L-25360,2024-06-15,46849.39,0.201,187,39,0,500000.00,ข้าราชการ,1,ปกติ,27,0
L-28533,2024-06-15,33441.75,0.339,70,27,0,150000.00,ข้าราชการ,2,ปิดบัญชีแล้ว,14,0
L-29718,2024-06-15,30034.45,0.586,43,37,6,500000.00,อาชีพอิสระ,1,ปิดบัญชีแล้ว,11,0
L-29721,2024-06-15,31110.32,0.632,200,36,1,200000.00,พนักงานประจำ,0,ปกติ,9,0
L-30245,2024-06-15,29526.98,0.488,141,35,4,100000.00,อาชีพอิสระ,1,ปกติ,13,0
L-31982,2024-06-15,63228.12,0.164,22,59,2,100000.00,อาชีพอิสระ,1,ปกติ,21,0
L-20569,2024-06-16,20679.34,0.478,186,34,3,500000.00,ข้าราชการ,0,ปกติ,28,0
L-21011,2024-06-16,10353.54,0.58,145,50,6,300000.00,อาชีพอิสระ,10,ค้างชำระ,144,1
L-21808,2024-06-16,15078.89,0.602,12,34,5,300000.00,พนักงานประจำ,2,ปกติ,4,0
L-22306,2024-06-16,43022.39,0.121,164,27,2,150000.00,ข้าราชการ,2,ปกติ,8,0
L-23794,2024-06-16,47620.38,0.291,157,36,6,50000.00,พนักงานประจำ,0,ปกติ,16,0
L-24530,2024-06-16,40045.96,0.216,238,30,0,100000.00,ธุรกิจส่วนตัว,1,ปิดบัญชีแล้ว,5,0
L-24948,2024-06-16,28646.06,0.245,82,49,3,50000.00,ธุรกิจส่วนตัว,0,ปกติ,1,0
L-25995,2024-06-16,20058.54,0.299,140,31,1,50000.00,ข้าราชการ,1,ปกติ,8,0
L-26123,2024-06-16,18295.20,0.273,60,64,4,150000.00,อาชีพอิสระ,2,ปกติ,25,0
L-26567,2024-06-16,34281.51,0.617,185,52,1,100000.00,ข้าราชการ,0,ปิดบัญชีแล้ว,22,0
L-26811,2024-06-16,43382.97,0.408,196,48,6,500000.00,พนักงานประจำ,2,ปิดบัญชีแล้ว,18,0
L-27405,2024-06-16,30237.10,0.332,223,28,0,200000.00,อาชีพอิสระ,1,ปกติ,16,0
L-27740,2024-06-16,56467.98,0.478,52,57,4,500000.00,ข้าราชการ,1,ปกติ,20,0
L-28029,2024-06-16,10626.66,0.464,150,47,4,100000.00,พนักงานประจำ,2,ปิดบัญชีแล้ว,2,0
L-29222,2024-06-16,44202.24,0.356,164,28,0,500000.00,อาชีพอิสระ,2,ปกติ,29,0
L-29740,2024-06-16,42502.07,0.154,239,46,4,200000.00,พนักงานประจำ,1,ปกติ,18,0
L-31389,2024-06-16,32721.89,0.281,88,30,2,500000.00,ข้าราชการ,1,ปิดบัญชีแล้ว,14,0
L-20052,2024-06-17,24679.76,0.346,98,57,0,500000.00,ธุรกิจส่วนตัว,2,ปกติ,22,0
L-20095,2024-06-17,17176.22,0.396,50,53,0,300000.00,ข้าราชการ,2,ปกติ,10,0
L-20739,2024-06-17,32412.20,0.194,107,28,4,50000.00,ข้าราชการ,2,ปกติ,8,0
L-22437,2024-06-17,42820.52,0.02,169,25,1,100000.00,อาชีพอิสระ,0,ปกติ,23,0
L-23791,2024-06-17,35397.97,0.117,15,40,1,200000.00,ธุรกิจส่วนตัว,2,ปิดบัญชีแล้ว,29,0
L-24817,2024-06-17,35732.65,0.486,114,22,5,50000.00,ข้าราชการ,0,ปกติ,16,0
L-25837,2024-06-17,21778.11,0.201,53,58,3,50000.00,อาชีพอิสระ,2,ปกติ,29,0
L-25900,2024-06-17,24236.54,0.476,70,32,4,500000.00,อาชีพอิสระ,1,ปกติ,21,0
L-26190,2024-06-17,21380.86,0.676,71,41,2,500000.00,อาชีพอิสระ,8,ค้างชำระ,106,1
L-26285,2024-06-17,15849.77,0.376,160,39,1,200000.00,อาชีพอิสระ,0,ปกติ,9,0
L-26679,2024-06-17,36959.46,0.397,158,27,4,100000.00,พนักงานประจำ,1,ปกติ,19,0
L-26687,2024-06-17,16345.07,0.532,157,60,3,200000.00,อาชีพอิสระ,0,ปิดบัญชีแล้ว,18,0
L-28014,2024-06-17,20979.85,0.382,165,34,6,100000.00,อาชีพอิสระ,2,ปกติ,7,0
L-30564,2024-06-17,9000.00,0.603,234,59,3,500000.00,ข้าราชการ,0,ปกติ,16,0
L-21304,2024-06-18,51907.96,0.078,32,64,5,150000.00,ข้าราชการ,1,ปกติ,15,0
L-23418,2024-06-18,38089.82,0.314,62,42,2,500000.00,ข้าราชการ,0,ปกติ,17,0
L-23699,2024-06-18,9587.93,0.706,88,30,4,200000.00,ข้าราชการ,1,ปิดบัญชีแล้ว,11,0
L-23959,2024-06-18,40282.37,0.437,176,51,4,200000.00,ธุรกิจส่วนตัว,2,ปิดบัญชีแล้ว,17,0
L-24312,2024-06-18,23537.79,0.02,218,65,3,500000.00,อาชีพอิสระ,2,ปกติ,20,0
L-24357,2024-06-18,27837.95,0.364,16,33,3,100000.00,ธุรกิจส่วนตัว,2,ปิดบัญชีแล้ว,28,0
L-24456,2024-06-18,32917.75,0.415,12,57,0,50000.00,อาชีพอิสระ,0,ปกติ,9,0
L-26002,2024-06-18,54240.94,0.276,22,50,2,100000.00,ธุรกิจส่วนตัว,0,ปกติ,11,0
L-29664,2024-06-18,34920.19,0.417,4,30,5,50000.00,พนักงานประจำ,1,ปิดบัญชีแล้ว,30,0
L-31537,2024-06-18,16276.07,0.28,178,45,2,150000.00,อาชีพอิสระ,0,ปิดบัญชีแล้ว,18,0
L-31805,2024-06-18,55079.14,0.527,70,35,5,300000.00,ข้าราชการ,0,ปกติ,14,0
L-25525,2024-06-19,23578.72,0.714,152,65,1,200000.00,ธุรกิจส่วนตัว,13,ค้างชำระ,164,1
L-25598,2024-06-19,31759.18,0.527,213,52,3,100000.00,อาชีพอิสระ,0,ปกติ,11,0
L-27635,2024-06-19,49531.24,0.435,89,31,4,500000.00,พนักงานประจำ,11,ค้างชำระ,77,1
L-27838,2024-06-19,37557.74,0.361,180,23,5,50000.00,พนักงานประจำ,11,ค้างชำระ,170,1
L-28513,2024-06-19,50296.21,0.02,52,60,2,200000.00,อาชีพอิสระ,0,ปกติ,27,0
L-28855,2024-06-19,20731.62,0.48,236,40,2,100000.00,พนักงานประจำ,0,ปกติ,8,0
L-29163,2024-06-19,26265.99,0.45,74,47,6,150000.00,ข้าราชการ,2,ปกติ,4,0
L-30469,2024-06-19,19361.80,0.928,73,25,2,100000.00,พนักงานประจำ,0,ปกติ,19,0
L-31528,2024-06-19,26956.04,0.583,16,59,2,150000.00,ข้าราชการ,2,ปกติ,4,0
L-20891,2024-06-20,47757.21,0.489,148,35,3,300000.00,ข้าราชการ,0,ปกติ,3,0
L-23344,2024-06-20,31279.38,0.25,114,23,0,200000.00,พนักงานประจำ,0,ปกติ,10,0
L-23551,2024-06-20,9000.00,0.293,95,42,1,100000.00,ข้าราชการ,0,ปกติ,5,0
L-23622,2024-06-20,24023.99,0.307,120,30,1,300000.00,พนักงานประจำ,2,ปกติ,28,0
L-24262,2024-06-20,45127.94,0.475,143,38,0,500000.00,พนักงานประจำ,1,ปกติ,20,0
L-25662,2024-06-20,53965.26,0.479,187,56,1,500000.00,อาชีพอิสระ,2,ปิดบัญชีแล้ว,14,0
L-26409,2024-06-20,31750.79,0.385,68,39,4,500000.00,พนักงานประจำ,3,ค้างชำระ,52,1
L-29497,2024-06-20,47412.32,0.047,79,62,5,150000.00,ธุรกิจส่วนตัว,2,ปกติ,1,0
L-29778,2024-06-20,48832.16,0.329,206,33,4,500000.00,ข้าราชการ,2,ปิดบัญชีแล้ว,18,0
L-30079,2024-06-20,9000.00,0.421,38,31,6,500000.00,พนักงานประจำ,2,ปกติ,28,0
L-31238,2024-06-20,25459.09,0.454,190,65,2,500000.00,ธุรกิจส่วนตัว,0,ปกติ,26,0
L-20700,2024-06-21,21449.23,0.221,191,26,1,150000.00,ข้าราชการ,1,ปกติ,17,0
L-21178,2024-06-21,47853.10,0.345,147,54,3,500000.00,ธุรกิจส่วนตัว,8,ค้างชำระ,164,1
L-22262,2024-06-21,56346.63,0.424,139,50,6,300000.00,ธุรกิจส่วนตัว,13,ค้างชำระ,110,1
L-23716,2024-06-21,48188.47,0.611,174,25,3,300000.00,อาชีพอิสระ,1,ปิดบัญชีแล้ว,20,0
L-24316,2024-06-21,33391.05,0.296,93,28,2,50000.00,พนักงานประจำ,2,ปิดบัญชีแล้ว,13,0
L-25174,2024-06-21,31075.98,0.301,120,21,1,100000.00,พนักงานประจำ,1,ปกติ,21,0
L-26727,2024-06-21,62528.63,0.433,217,52,4,150000.00,อาชีพอิสระ,0,ปกติ,26,0
L-27800,2024-06-21,50188.49,0.546,37,61,0,300000.00,ข้าราชการ,2,ปกติ,10,0
L-31158,2024-06-21,33129.75,0.43,58,44,5,150000.00,พนักงานประจำ,0,ปกติ,10,0
L-31331,2024-06-21,51662.22,0.103,8,32,3,50000.00,ข้าราชการ,2,ปกติ,6,0
L-21534,2024-06-22,48851.58,0.564,187,53,4,500000.00,ข้าราชการ,1,ปกติ,28,0
L-21845,2024-06-22,46801.83,0.238,72,52,5,150000.00,อาชีพอิสระ,1,ปกติ,28,0
L-22799,2024-06-22,44618.22,0.536,21,51,1,200000.00,พนักงานประจำ,0,ปกติ,2,0
L-24590,2024-06-22,46192.90,0.242,167,43,1,200000.00,อาชีพอิสระ,1,ปกติ,5,0
L-25475,2024-06-22,19340.03,0.206,36,47,1,500000.00,พนักงานประจำ,2,ปิดบัญชีแล้ว,9,0
L-25714,2024-06-22,59628.56,0.266,60,38,4,300000.00,ข้าราชการ,1,ปกติ,7,0
L-27100,2024-06-22,30154.18,0.47,144,40,5,150000.00,อาชีพอิสระ,0,ปิดบัญชีแล้ว,28,0
L-27761,2024-06-22,26785.67,0.628,194,27,4,50000.00,อาชีพอิสระ,2,ปิดบัญชีแล้ว,29,0
L-28697,2024-06-22,24859.03,0.319,27,38,0,50000.00,พนักงานประจำ,0,ปกติ,19,0
L-28876,2024-06-22,34453.13,0.307,125,63,5,300000.00,ธุรกิจส่วนตัว,0,ปิดบัญชีแล้ว,26,0
L-29092,2024-06-22,12695.26,0.297,63,34,6,300000.00,ข้าราชการ,2,ปกติ,27,0
L-29111,2024-06-22,20970.59,0.43,127,24,1,150000.00,อาชีพอิสระ,1,ปกติ,5,0
L-29645,2024-06-22,23069.56,0.265,44,31,5,300000.00,ข้าราชการ,0,ปกติ,26,0
L-29951,2024-06-22,25969.78,0.249,181,47,2,150000.00,ธุรกิจส่วนตัว,0,ปกติ,25,0
L-29996,2024-06-22,50984.26,0.376,43,40,5,500000.00,พนักงานประจำ,1,ปกติ,23,0
L-30831,2024-06-22,16089.66,0.415,161,60,2,100000.00,อาชีพอิสระ,2,ปกติ,20,0
L-31339,2024-06-22,14818.09,0.41,88,65,6,150000.00,อาชีพอิสระ,1,ปกติ,4,0
L-31573,2024-06-22,15605.55,0.572,224,29,2,100000.00,พนักงานประจำ,1,ปกติ,16,0
L-21228,2024-06-23,55253.62,0.229,33,26,5,50000.00,อาชีพอิสระ,2,ปกติ,0,0
L-21571,2024-06-23,29426.34,0.145,159,41,0,100000.00,ธุรกิจส่วนตัว,0,ปกติ,19,0
L-21680,2024-06-23,30523.00,0.426,61,48,2,150000.00,ข้าราชการ,2,ปกติ,13,0
L-21863,2024-06-23,46301.45,0.394,3,21,0,50000.00,พนักงานประจำ,2,ปกติ,24,0
L-22052,2024-06-23,38835.60,0.552,24,39,3,50000.00,ธุรกิจส่วนตัว,1,ปกติ,9,0
L-23921,2024-06-23,44575.92,0.02,240,36,4,50000.00,ธุรกิจส่วนตัว,2,ปิดบัญชีแล้ว,9,0
L-25265,2024-06-23,33143.98,0.128,14,46,3,50000.00,ธุรกิจส่วนตัว,2,ปิดบัญชีแล้ว,28,0
L-25874,2024-06-23,34756.94,0.361,68,61,5,100000.00,ธุรกิจส่วนตัว,0,ปกติ,8,0
L-27815,2024-06-23,42944.85,0.682,190,24,6,300000.00,พนักงานประจำ,1,ปกติ,0,0
L-28321,2024-06-23,33446.00,0.37,125,45,3,100000.00,พนักงานประจำ,0,ปกติ,8,0
L-29125,2024-06-23,26633.66,0.168,154,61,5,200000.00,ธุรกิจส่วนตัว,2,ปกติ,3,0
L-30353,2024-06-23,24252.25,0.326,146,40,2,300000.00,อาชีพอิสระ,2,ปกติ,12,0
L-30685,2024-06-23,16818.62,0.347,156,58,5,500000.00,ธุรกิจส่วนตัว,2,ปกติ,27,0
L-31626,2024-06-23,35107.29,0.281,162,45,4,300000.00,อาชีพอิสระ,0,ปกติ,25,0
L-20678,2024-06-24,33706.62,0.59,23,37,0,300000.00,พนักงานประจำ,1,ปกติ,27,0
L-20806,2024-06-24,26417.36,0.121,98,25,4,50000.00,อาชีพอิสระ,2,ปกติ,9,0
L-22270,2024-06-24,11895.73,0.073,55,46,2,100000.00,ข้าราชการ,0,ปกติ,11,0
L-25027,2024-06-24,21284.53,0.169,115,22,6,50000.00,พนักงานประจำ,0,ปกติ,19,0
L-26206,2024-06-24,27007.38,0.335,23,25,0,300000.00,ข้าราชการ,1,ปกติ,17,0
L-27496,2024-06-24,43777.51,0.271,69,24,3,300000.00,ข้าราชการ,2,ปิดบัญชีแล้ว,5,0
L-28313,2024-06-24,22930.19,0.409,37,31,0,150000.00,พนักงานประจำ,0,ปกติ,22,0
L-30354,2024-06-24,27716.44,0.392,115,28,3,300000.00,ข้าราชการ,8,ค้างชำระ,125,1
L-31057,2024-06-24,55492.44,0.409,61,49,3,300000.00,อาชีพอิสระ,1,ปกติ,5,0
L-31748,2024-06-24,29255.31,0.151,169,45,3,300000.00,พนักงานประจำ,1,ปกติ,17,0
L-31870,2024-06-24,61019.18,0.407,10,26,5,50000.00,อาชีพอิสระ,2,ปกติ,26,0
L-20130,2024-06-25,27271.49,0.453,41,56,3,50000.00,อาชีพอิสระ,1,ปกติ,7,0
L-20615,2024-06-25,52055.97,0.629,89,40,0,150000.00,ข้าราชการ,1,ปกติ,1,0
L-22880,2024-06-25,37241.45,0.656,138,62,1,500000.00,ธุรกิจส่วนตัว,0,ปกติ,1,0
L-23027,2024-06-25,23609.33,0.648,178,25,4,100000.00,อาชีพอิสระ,1,ปกติ,14,0
L-25504,2024-06-25,31520.38,0.437,7,29,3,500000.00,พนักงานประจำ,0,ปกติ,18,0
L-26744,2024-06-25,32792.47,0.26,210,34,6,200000.00,อาชีพอิสระ,2,ปิดบัญชีแล้ว,21,0
L-26996,2024-06-25,33595.34,0.19,134,52,1,50000.00,พนักงานประจำ,2,ปกติ,5,0
L-28089,2024-06-25,37791.11,0.128,58,43,2,100000.00,ธุรกิจส่วนตัว,2,ปกติ,9,0
L-28253,2024-06-25,32136.29,0.238,178,45,6,150000.00,ธุรกิจส่วนตัว,2,ปกติ,25,0
L-28687,2024-06-25,35365.66,0.408,191,38,0,200000.00,พนักงานประจำ,0,ปิดบัญชีแล้ว,10,0
L-29463,2024-06-25,48371.08,0.549,228,49,3,150000.00,พนักงานประจำ,2,ปกติ,26,0
L-30706,2024-06-25,44737.26,0.439,87,36,3,200000.00,ธุรกิจส่วนตัว,2,ปิดบัญชีแล้ว,23,0
L-20863,2024-06-26,47754.54,0.452,87,63,3,150000.00,ข้าราชการ,2,ปกติ,18,0
L-22427,2024-06-26,22222.29,0.195,50,50,0,150000.00,ข้าราชการ,1,ปกติ,20,0
L-23299,2024-06-26,46345.20,0.434,107,32,4,300000.00,ธุรกิจส่วนตัว,0,ปกติ,22,0
L-23646,2024-06-26,38537.83,0.463,107,54,6,200000.00,ข้าราชการ,6,ค้างชำระ,49,1
L-25247,2024-06-26,33418.15,0.279,18,53,1,200000.00,พนักงานประจำ,0,ปิดบัญชีแล้ว,15,0
L-27491,2024-06-26,29344.64,0.533,20,27,6,500000.00,ข้าราชการ,6,ค้างชำระ,60,1
L-29385,2024-06-26,37067.40,0.542,200,61,5,50000.00,พนักงานประจำ,1,ปกติ,21,0
L-29648,2024-06-26,47907.42,0.224,196,61,6,100000.00,พนักงานประจำ,0,ปกติ,7,0
L-21239,2024-06-27,9000.00,0.134,52,59,2,200000.00,อาชีพอิสระ,1,ปกติ,4,0
L-23972,2024-06-27,46137.21,0.36,234,51,0,100000.00,พนักงานประจำ,0,ปกติ,27,0
L-24238,2024-06-27,43733.96,0.716,220,41,1,200000.00,อาชีพอิสระ,1,ปกติ,9,0
L-24239,2024-06-27,9000.00,0.824,32,22,3,50000.00,ธุรกิจส่วนตัว,1,ปกติ,3,0
L-24723,2024-06-27,31677.68,0.374,91,34,2,150000.00,ข้าราชการ,2,ปกติ,4,0
L-26293,2024-06-27,55960.64,0.405,158,61,6,50000.00,ข้าราชการ,0,ปกติ,0,0
L-28982,2024-06-27,42843.83,0.032,191,48,5,200000.00,ข้าราชการ,0,ปิดบัญชีแล้ว,10,0
L-29023,2024-06-27,10183.81,0.46,32,21,0,300000.00,พนักงานประจำ,2,ปิดบัญชีแล้ว,16,0
L-29855,2024-06-27,22580.48,0.452,133,26,3,300000.00,ข้าราชการ,2,ปิดบัญชีแล้ว,7,0
L-30649,2024-06-27,27399.41,0.451,159,63,1,200000.00,ข้าราชการ,1,ปกติ,29,0
L-30961,2024-06-27,35767.40,0.268,125,26,1,200000.00,ธุรกิจส่วนตัว,2,ปิดบัญชีแล้ว,17,0
L-31872,2024-06-27,18319.36,0.78,105,29,2,200000.00,อาชีพอิสระ,1,ปกติ,18,0
L-22629,2024-06-28,11269.84,0.238,12,25,0,300000.00,ข้าราชการ,2,ปิดบัญชีแล้ว,24,0
L-24942,2024-06-28,9000.00,0.419,230,32,0,50000.00,ธุรกิจส่วนตัว,0,ปิดบัญชีแล้ว,15,0
L-25136,2024-06-28,40769.86,0.364,58,37,2,150000.00,ข้าราชการ,1,ปกติ,1,0
L-25748,2024-06-28,21358.47,0.633,3,38,1,300000.00,อาชีพอิสระ,1,ปกติ,16,0
L-25935,2024-06-28,26270.69,0.354,119,26,3,200000.00,ข้าราชการ,1,ปกติ,21,0
L-27173,2024-06-28,47068.36,0.2,57,49,6,100000.00,ข้าราชการ,0,ปกติ,11,0
L-27617,2024-06-28,37085.77,0.461,172,23,0,150000.00,ข้าราชการ,0,ปกติ,23,0
L-29258,2024-06-28,26230.26,0.558,184,29,0,50000.00,ข้าราชการ,0,ปกติ,7,0
L-30247,2024-06-28,52620.03,0.302,9,55,0,50000.00,อาชีพอิสระ,0,ปกติ,19,0
L-31026,2024-06-28,35623.14,0.726,62,54,2,500000.00,อาชีพอิสระ,1,ปิดบัญชีแล้ว,10,0
L-31037,2024-06-28,42928.86,0.12,197,37,6,200000.00,ข้าราชการ,1,ปกติ,25,0
L-20001,2024-06-29,41494.02,0.389,115,37,1,300000.00,ข้าราชการ,1,ปกติ,17,0
L-21313,2024-06-29,25372.12,0.151,114,31,3,50000.00,พนักงานประจำ,0,ปกติ,18,0
L-22036,2024-06-29,38287.03,0.617,10,63,5,200000.00,ธุรกิจส่วนตัว,1,ปกติ,24,0
L-22242,2024-06-29,46311.53,0.687,84,34,3,300000.00,พนักงานประจำ,1,ปกติ,10,0
L-22367,2024-06-29,23224.93,0.505,141,33,3,500000.00,พนักงานประจำ,1,ปิดบัญชีแล้ว,7,0
L-23308,2024-06-29,25125.05,0.43,193,65,4,200000.00,ธุรกิจส่วนตัว,1,ปกติ,15,0
L-25880,2024-06-29,37120.37,0.244,30,65,0,200000.00,ธุรกิจส่วนตัว,0,ปกติ,5,0
L-25893,2024-06-29,9092.23,0.745,120,54,4,150000.00,พนักงานประจำ,0,ปกติ,21,0
L-25999,2024-06-29,39956.76,0.106,117,38,1,500000.00,พนักงานประจำ,1,ปกติ,25,0
L-26288,2024-06-29,23031.50,0.48,0,38,4,200000.00,อาชีพอิสระ,10,ค้างชำระ,94,1
L-27864,2024-06-29,33412.30,0.345,231,39,2,200000.00,อาชีพอิสระ,0,ปกติ,4,0
L-28093,2024-06-29,29535.46,0.591,188,39,4,500000.00,พนักงานประจำ,2,ปิดบัญชีแล้ว,5,0
L-28848,2024-06-29,39350.65,0.431,124,57,2,300000.00,ข้าราชการ,1,ปกติ,11,0
L-30295,2024-06-29,9000.00,0.151,31,33,5,200000.00,ข้าราชการ,2,ปกติ,23,0
L-30543,2024-06-29,26111.82,0.188,178,36,0,300000.00,ธุรกิจส่วนตัว,1,ปิดบัญชีแล้ว,4,0
L-31140,2024-06-29,31450.77,0.362,176,31,1,100000.00,อาชีพอิสระ,2,ปกติ,10,0
L-31144,2024-06-29,42494.99,0.046,10,42,1,500000.00,อาชีพอิสระ,0,ปกติ,23,0
L-31847,2024-06-29,34096.21,0.053,209,60,2,150000.00,ข้าราชการ,0,ปกติ,9,0
L-31882,2024-06-29,42137.17,0.164,211,30,6,50000.00,อาชีพอิสระ,2,ปกติ,10,0
L-31993,2024-06-29,29131.91,0.515,99,21,1,500000.00,ธุรกิจส่วนตัว,5,ค้างชำระ,143,1
L-23034,2024-06-30,32116.75,0.515,12,63,1,300000.00,อาชีพอิสระ,2,ปกติ,29,0
L-23710,2024-06-30,54901.95,0.68,146,31,2,150000.00,ธุรกิจส่วนตัว,2,ปกติ,26,0
L-26369,2024-06-30,26345.60,0.739,218,59,0,200000.00,พนักงานประจำ,1,ปิดบัญชีแล้ว,28,0
L-29722,2024-06-30,34479.62,0.285,198,44,5,100000.00,อาชีพอิสระ,0,ปกติ,0,0
L-31484,2024-06-30,42375.77,0.783,140,43,1,300000.00,ข้าราชการ,1,ปกติ,6,0
L-20966,2024-07-01,36490.45,0.356,119,29,4,300000.00,ข้าราชการ,0,ปกติ,13,0
L-22239,2024-07-01,33507.79,0.532,136,35,1,200000.00,ธุรกิจส่วนตัว,0,ปกติ,26,0
L-24254,2024-07-01,39683.26,0.217,158,25,0,50000.00,พนักงานประจำ,1,ปกติ,19,0
L-25833,2024-07-01,30605.08,0.269,230,34,3,500000.00,ข้าราชการ,1,ปกติ,19,0
L-26021,2024-07-01,9000.00,0.297,62,49,0,300000.00,พนักงานประจำ,2,ปกติ,15,0
L-26405,2024-07-01,59617.08,0.428,65,49,6,200000.00,ธุรกิจส่วนตัว,13,ค้างชำระ,103,1
L-28530,2024-07-01,49063.60,0.647,2,52,6,100000.00,ธุรกิจส่วนตัว,2,ปกติ,29,0
L-29635,2024-07-01,32695.76,0.314,189,49,0,300000.00,พนักงานประจำ,0,ปกติ,21,0
L-30147,2024-07-01,42509.73,0.6,148,41,0,500000.00,พนักงานประจำ,2,ปกติ,18,0
L-30167,2024-07-01,31706.12,0.122,111,64,4,500000.00,พนักงานประจำ,0,ปกติ,15,0
L-30632,2024-07-01,38735.65,0.427,234,22,4,200000.00,พนักงานประจำ,0,ปกติ,24,0
L-31132,2024-07-01,40814.89,0.616,136,60,5,150000.00,ข้าราชการ,1,ปกติ,25,0
L-31161,2024-07-01,30190.37,0.138,194,43,6,50000.00,อาชีพอิสระ,3,ค้างชำระ,54,1
L-31802,2024-07-01,41123.25,0.209,52,27,4,200000.00,ธุรกิจส่วนตัว,2,ปกติ,24,0
L-21592,2024-07-02,32074.83,0.287,7,43,5,50000.00,ธุรกิจส่วนตัว,1,ปกติ,28,0
L-21621,2024-07-02,68908.78,0.266,196,57,3,100000.00,ธุรกิจส่วนตัว,0,ปกติ,16,0
L-21766,2024-07-02,46598.75,0.352,45,24,4,50000.00,อาชีพอิสระ,2,ปกติ,12,0
L-21829,2024-07-02,41298.77,0.433,137,50,1,200000.00,ธุรกิจส่วนตัว,2,ปกติ,19,0
L-24473,2024-07-02,38413.15,0.676,158,43,5,300000.00,อาชีพอิสระ,2,ปกติ,3,0
L-25655,2024-07-02,9730.13,0.519,149,23,6,500000.00,ข้าราชการ,0,ปกติ,0,0
L-26159,2024-07-02,35718.50,0.415,114,46,0,100000.00,ข้าราชการ,0,ปกติ,7,0
L-26932,2024-07-02,57316.81,0.525,115,45,4,500000.00,ข้าราชการ,0,ปิดบัญชีแล้ว,17,0
L-29265,2024-07-02,35833.05,0.486,27,34,3,500000.00,ธุรกิจส่วนตัว,2,ปกติ,29,0
L-29652,2024-07-02,37522.77,0.362,218,21,5,100000.00,ข้าราชการ,1,ปกติ,19,0
L-30002,2024-07-02,23101.86,0.511,204,49,6,500000.00,ธุรกิจส่วนตัว,1,ปกติ,23,0
L-30298,2024-07-02,14430.39,0.4,192,60,2,100000.00,พนักงานประจำ,0,ปกติ,25,0
L-30430,2024-07-02,38465.67,0.534,142,46,0,200000.00,ธุรกิจส่วนตัว,2,ปิดบัญชีแล้ว,3,0
L-21197,2024-07-03,47352.82,0.492,217,34,5,50000.00,ธุรกิจส่วนตัว,2,ปกติ,0,0
L-21221,2024-07-03,38294.19,0.488,18,64,6,500000.00,อาชีพอิสระ,2,ปกติ,21,0
L-21733,2024-07-03,9000.00,0.453,44,22,3,150000.00,ข้าราชการ,2,ปกติ,7,0
L-22550,2024-07-03,21889.90,0.156,151,43,2,100000.00,พนักงานประจำ,2,ปกติ,7,0
L-22572,2024-07-03,15975.14,0.195,230,60,6,200000.00,อาชีพอิสระ,2,ปกติ,15,0
L-22631,2024-07-03,59016.41,0.265,211,47,1,150000.00,ธุรกิจส่วนตัว,1,ปิดบัญชีแล้ว,9,0
L-25248,2024-07-03,15090.03,0.557,74,49,0,500000.00,อาชีพอิสระ,1,ปกติ,3,0
L-25681,2024-07-03,29089.68,0.61,102,30,6,500000.00,ธุรกิจส่วนตัว,4,ค้างชำระ,74,1
L-25888,2024-07-03,47567.99,0.02,74,50,2,50000.00,ข้าราชการ,0,ปิดบัญชีแล้ว,8,0
L-26511,2024-07-03,33746.77,0.573,122,30,1,300000.00,ธุรกิจส่วนตัว,0,ปกติ,21,0
L-27259,2024-07-03,77026.75,0.32,54,43,0,200000.00,ข้าราชการ,0,ปิดบัญชีแล้ว,25,0
L-27374,2024-07-03,9000.00,0.596,14,37,2,50000.00,อาชีพอิสระ,0,ปกติ,25,0
L-28709,2024-07-03,58034.82,0.229,92,39,1,300000.00,ข้าราชการ,0,ปิดบัญชีแล้ว,20,0
L-29176,2024-07-03,41396.31,0.558,167,44,0,100000.00,ธุรกิจส่วนตัว,2,ปกติ,10,0
L-29781,2024-07-03,25223.52,0.181,50,23,2,100000.00,พนักงานประจำ,2,ปกติ,22,0
L-30966,2024-07-03,13299.22,0.586,14,34,2,100000.00,พนักงานประจำ,0,ปกติ,23,0
L-20283,2024-07-04,36325.82,0.314,44,39,1,50000.00,ข้าราชการ,2,ปกติ,4,0
L-22206,2024-07-04,39394.12,0.328,239,33,3,200000.00,อาชีพอิสระ,1,ปกติ,7,0
L-23527,2024-07-04,14575.01,0.047,207,53,2,150000.00,ธุรกิจส่วนตัว,2,ปกติ,13,0
L-24528,2024-07-04,16817.10,0.363,215,23,1,300000.00,พนักงานประจำ,1,ปิดบัญชีแล้ว,20,0
L-25323,2024-07-04,56172.68,0.636,27,31,6,300000.00,ธุรกิจส่วนตัว,1,ปิดบัญชีแล้ว,3,0
L-25891,2024-07-04,54468.37,0.473,59,29,0,300000.00,พนักงานประจำ,1,ปิดบัญชีแล้ว,15,0
L-28836,2024-07-04,27334.46,0.493,218,49,0,150000.00,ธุรกิจส่วนตัว,0,ปกติ,14,0
L-29587,2024-07-04,32044.33,0.074,1,25,5,200000.00,ข้าราชการ,2,ปกติ,18,0
L-30024,2024-07-04,57183.33,0.426,47,26,3,200000.00,อาชีพอิสระ,0,ปกติ,18,0
L-31473,2024-07-04,35737.08,0.405,39,53,2,500000.00,พนักงานประจำ,10,ค้างชำระ,169,1
L-20623,2024-07-05,13515.34,0.281,140,37,1,100000.00,อาชีพอิสระ,0,ปกติ,2,0
L-23029,2024-07-05,53295.39,0.643,236,59,4,100000.00,ธุรกิจส่วนตัว,2,ปกติ,11,0
L-23783,2024-07-05,17181.08,0.574,58,46,2,100000.00,พนักงานประจำ,0,ปกติ,15,0
L-24318,2024-07-05,29589.77,0.307,77,51,2,150000.00,ธุรกิจส่วนตัว,0,ปกติ,3,0
L-25408,2024-07-05,10067.36,0.351,126,50,0,100000.00,พนักงานประจำ,1,ปกติ,11,0
L-25623,2024-07-05,12922.86,0.189,32,29,6,150000.00,ธุรกิจส่วนตัว,2,ปกติ,26,0
L-26012,2024-07-05,17634.72,0.233,58,44,5,50000.00,ข้าราชการ,2,ปกติ,6,0
L-27023,2024-07-05,9000.00,0.739,178,49,1,300000.00,อาชีพอิสระ,1,ปกติ,23,0
L-27952,2024-07-05,49843.68,0.391,89,48,4,500000.00,อาชีพอิสระ,1,ปกติ,9,0
L-29263,2024-07-05,53743.15,0.509,105,61,0,50000.00,พนักงานประจำ,1,ปกติ,22,0
L-29710,2024-07-05,43762.42,0.553,29,21,6,500000.00,ธุรกิจส่วนตัว,1,ปกติ,28,0
L-30336,2024-07-05,14058.58,0.345,148,51,1,500000.00,ธุรกิจส่วนตัว,2,ปกติ,19,0
L-31740,2024-07-05,44633.18,0.507,61,53,0,50000.00,พนักงานประจำ,2,ปิดบัญชีแล้ว,24,0
L-20320,2024-07-06,40312.03,0.368,24,33,1,200000.00,อาชีพอิสระ,0,ปิดบัญชีแล้ว,23,0
L-21247,2024-07-06,27503.21,0.02,105,35,6,300000.00,พนักงานประจำ,2,ปกติ,14,0
L-21407,2024-07-06,43804.55,0.402,107,63,2,200000.00,ธุรกิจส่วนตัว,2,ปกติ,5,0
L-21611,2024-07-06,45884.23,0.459,95,57,2,200000.00,พนักงานประจำ,0,ปกติ,1,0
L-22057,2024-07-06,28855.87,0.439,210,45,4,50000.00,พนักงานประจำ,1,ปกติ,2,0
L-22498,2024-07-06,25619.03,0.196,217,47,2,300000.00,ข้าราชการ,2,ปกติ,16,0
L-23477,2024-07-06,43206.45,0.273,212,58,1,500000.00,พนักงานประจำ,0,ปกติ,1,0
L-24054,2024-07-06,10532.98,0.02,217,51,5,300000.00,พนักงานประจำ,1,ปกติ,28,0
L-24610,2024-07-06,27985.09,0.483,106,48,1,300000.00,อาชีพอิสระ,2,ปกติ,29,0
L-24672,2024-07-06,51052.71,0.25,50,62,4,50000.00,อาชีพอิสระ,1,ปกติ,17,0
L-26661,2024-07-06,26862.51,0.768,36,24,4,150000.00,พนักงานประจำ,12,ค้างชำระ,63,1
L-28383,2024-07-06,13055.08,0.623,226,63,6,500000.00,พนักงานประจำ,0,ปกติ,8,0
L-28784,2024-07-06,48699.12,0.443,94,25,2,500000.00,พนักงานประจำ,1,ปกติ,17,0
L-20126,2024-07-07,48134.54,0.673,21,64,3,50000.00,ธุรกิจส่วนตัว,0,ปิดบัญชีแล้ว,11,0
L-23092,2024-07-07,18110.31,0.406,160,56,0,200000.00,พนักงานประจำ,7,ค้างชำระ,135,1
L-23941,2024-07-07,38184.46,0.266,132,36,4,500000.00,ธุรกิจส่วนตัว,2,ปกติ,8,0
L-25218,2024-07-07,41972.93,0.69,153,46,2,200000.00,ธุรกิจส่วนตัว,1,ปกติ,22,0
L-25593,2024-07-07,40521.65,0.404,65,23,2,500000.00,ข้าราชการ,2,ปิดบัญชีแล้ว,7,0
L-26220,2024-07-07,16925.35,0.535,198,36,2,300000.00,ข้าราชการ,14,ค้างชำระ,165,1
L-26346,2024-07-07,20030.72,0.451,193,22,0,500000.00,ธุรกิจส่วนตัว,1,ปกติ,17,0
L-27086,2024-07-07,20051.54,0.187,125,37,4,150000.00,พนักงานประจำ,1,ปกติ,20,0
L-27524,2024-07-07,14238.55,0.386,186,45,6,200000.00,ธุรกิจส่วนตัว,1,ปกติ,9,0
L-27699,2024-07-07,9000.00,0.419,141,56,6,300000.00,พนักงานประจำ,0,ปกติ,1,0
L-27759,2024-07-07,32142.72,0.113,237,22,6,100000.00,ข้าราชการ,1,ปกติ,15,0
L-28034,2024-07-07,48007.94,0.267,18,53,0,300000.00,พนักงานประจำ,0,ปิดบัญชีแล้ว,1,0
L-30752,2024-07-07,40431.56,0.274,55,60,2,150000.00,ข้าราชการ,0,ปิดบัญชีแล้ว,10,0
L-31515,2024-07-07,9657.58,0.57,187,56,6,500000.00,อาชีพอิสระ,4,ค้างชำระ,106,1
L-20160,2024-07-08,41242.00,0.545,225,37,2,200000.00,พนักงานประจำ,0,ปกติ,25,0
L-20295,2024-07-08,19121.95,0.361,70,35,2,500000.00,ข้าราชการ,0,ปกติ,26,0
L-21199,2024-07-08,45388.62,0.175,10,35,3,100000.00,ข้าราชการ,0,ปกติ,28,0
L-21347,2024-07-08,32861.76,0.559,147,21,2,150000.00,พนักงานประจำ,1,ปกติ,0,0
L-21508,2024-07-08,15592.43,0.578,34,22,4,200000.00,พนักงานประจำ,2,ปกติ,5,0
L-22200,2024-07-08,40559.34,0.718,239,27,4,500000.00,พนักงานประจำ,1,ปกติ,13,0
L-22938,2024-07-08,26331.54,0.411,82,46,3,100000.00,ข้าราชการ,2,ปิดบัญชีแล้ว,26,0
L-23126,2024-07-08,65030.55,0.376,182,25,3,100000.00,อาชีพอิสระ,2,ปกติ,21,0
L-24122,2024-07-08,21511.19,0.364,53,27,4,200000.00,พนักงานประจำ,0,ปกติ,26,0
L-24178,2024-07-08,22944.91,0.311,214,27,2,150000.00,ธุรกิจส่วนตัว,2,ปิดบัญชีแล้ว,9,0
L-24692,2024-07-08,18449.61,0.488,158,49,6,200000.00,พนักงานประจำ,4,ค้างชำระ,63,1
L-25337,2024-07-08,52762.77,0.601,35,50,1,300000.00,ธุรกิจส่วนตัว,2,ปกติ,6,0
L-25813,2024-07-08,28039.52,0.48,170,60,4,200000.00,ธุรกิจส่วนตัว,1,ปกติ,7,0
L-26616,2024-07-08,26187.14,0.386,188,39,3,100000.00,ธุรกิจส่วนตัว,2,ปกติ,30,0
L-27320,2024-07-08,11217.06,0.547,34,28,5,500000.00,ข้าราชการ,1,ปกติ,7,0
L-30509,2024-07-08,28096.81,0.499,224,45,6,300000.00,ข้าราชการ,0,ปิดบัญชีแล้ว,30,0
L-30864,2024-07-08,28039.70,0.522,188,54,5,150000.00,ธุรกิจส่วนตัว,4,ค้างชำระ,138,1
L-20300,2024-07-09,19636.27,0.461,21,53,6,200000.00,ธุรกิจส่วนตัว,2,ปกติ,14,0
L-21078,2024-07-09,31350.18,0.086,196,32,0,100000.00,อาชีพอิสระ,0,ปิดบัญชีแล้ว,18,0
L-21552,2024-07-09,31755.85,0.241,8,59,4,300000.00,พนักงานประจำ,2,ปิดบัญชีแล้ว,1,0
L-22333,2024-07-09,35706.60,0.63,177,62,2,100000.00,พนักงานประจำ,2,ปกติ,20,0
L-22894,2024-07-09,22362.37,0.329,35,40,0,100000.00,อาชีพอิสระ,0,ปกติ,18,0
L-23265,2024-07-09,22613.67,0.412,169,45,0,200000.00,อาชีพอิสระ,1,ปิดบัญชีแล้ว,4,0
L-23403,2024-07-09,11203.88,0.528,12,58,3,100000.00,ธุรกิจส่วนตัว,1,ปกติ,28,0
L-24599,2024-07-09,34959.55,0.507,181,61,0,150000.00,ธุรกิจส่วนตัว,1,ปกติ,28,0
L-26607,2024-07-09,62209.20,0.355,32,51,6,200000.00,อาชีพอิสระ,0,ปกติ,9,0
L-26699,2024-07-09,43559.66,0.104,119,25,1,100000.00,อาชีพอิสระ,2,ปกติ,17,0
L-29425,2024-07-09,28159.61,0.501,66,48,1,50000.00,อาชีพอิสระ,1,ปกติ,27,0
L-29558,2024-07-09,9000.00,0.646,37,38,3,150000.00,อาชีพอิสระ,10,ค้างชำระ,100,1
L-20938,2024-07-10,14530.70,0.567,17,28,3,500000.00,พนักงานประจำ,2,ปกติ,17,0
L-21099,2024-07-10,35887.87,0.148,126,65,5,100000.00,อาชีพอิสระ,2,ปิดบัญชีแล้ว,25,0
L-21185,2024-07-10,20994.07,0.471,104,28,5,150000.00,ธุรกิจส่วนตัว,2,ปิดบัญชีแล้ว,28,0
L-21274,2024-07-10,32209.53,0.095,221,46,2,50000.00,อาชีพอิสระ,2,ปกติ,28,0
L-21572,2024-07-10,14620.78,0.828,193,65,6,100000.00,ข้าราชการ,2,ปกติ,24,0
L-23519,2024-07-10,30923.44,0.426,124,37,5,50000.00,ธุรกิจส่วนตัว,2,ปกติ,19,0
L-25420,2024-07-10,39372.64,0.339,148,32,5,300000.00,อาชีพอิสระ,0,ปกติ,16,0
L-25560,2024-07-10,20653.92,0.473,5,51,6,50000.00,ธุรกิจส่วนตัว,2,ปกติ,30,0
L-26966,2024-07-10,35706.57,0.25,167,48,5,50000.00,ข้าราชการ,2,ปกติ,4,0
L-27193,2024-07-10,49477.50,0.265,82,50,4,300000.00,ธุรกิจส่วนตัว,13,ค้างชำระ,74,1
L-27328,2024-07-10,38920.00,0.086,25,41,1,100000.00,พนักงานประจำ,2,ปกติ,15,0
L-28159,2024-07-10,51104.66,0.452,238,57,1,100000.00,อาชีพอิสระ,2,ปกติ,2,0
L-28651,2024-07-10,37973.60,0.474,139,32,6,300000.00,พนักงานประจำ,2,ปกติ,22,0
L-29161,2024-07-10,25646.96,0.184,197,34,6,500000.00,ข้าราชการ,5,ค้างชำระ,147,1
L-29388,2024-07-10,26838.14,0.407,132,35,2,300000.00,พนักงานประจำ,1,ปกติ,18,0
L-30149,2024-07-10,29261.37,0.436,137,36,3,500000.00,ธุรกิจส่วนตัว,0,ปิดบัญชีแล้ว,22,0
L-31072,2024-07-10,37331.42,0.492,240,50,5,100000.00,พนักงานประจำ,2,ปกติ,14,0
L-31088,2024-07-10,28458.08,0.191,92,65,2,150000.00,ข้าราชการ,0,ปกติ,17,0
L-22219,2024-07-11,27710.34,0.425,125,53,0,100000.00,ธุรกิจส่วนตัว,0,ปกติ,29,0
L-25466,2024-07-11,35079.07,0.711,35,55,2,500000.00,ธุรกิจส่วนตัว,11,ค้างชำระ,45,1
L-26177,2024-07-11,41570.52,0.349,138,21,1,50000.00,อาชีพอิสระ,2,ปกติ,28,0
L-26983,2024-07-11,20248.00,0.277,124,53,6,50000.00,ธุรกิจส่วนตัว,0,ปกติ,24,0
L-27719,2024-07-11,43572.88,0.45,144,37,0,200000.00,อาชีพอิสระ,0,ปกติ,9,0
L-27889,2024-07-11,22323.91,0.174,195,47,4,500000.00,ธุรกิจส่วนตัว,0,ปิดบัญชีแล้ว,2,0
L-28305,2024-07-11,27888.71,0.252,87,35,2,100000.00,ธุรกิจส่วนตัว,2,ปกติ,10,0
L-30075,2024-07-11,45433.80,0.25,166,22,2,100000.00,ธุรกิจส่วนตัว,1,ปกติ,22,0
L-30357,2024-07-11,29258.15,0.486,159,48,3,150000.00,พนักงานประจำ,2,ปกติ,21,0
L-21152,2024-07-12,9000.00,0.02,158,54,1,300000.00,ข้าราชการ,1,ปกติ,2,0
L-22010,2024-07-12,49506.04,0.563,40,28,5,150000.00,พนักงานประจำ,9,ค้างชำระ,89,1
L-23774,2024-07-12,21407.96,0.585,220,21,3,100000.00,พนักงานประจำ,1,ปกติ,13,0
L-24115,2024-07-12,24766.80,0.18,114,54,3,150000.00,ข้าราชการ,2,ปกติ,14,0
L-24614,2024-07-12,51826.58,0.414,162,59,3,300000.00,พนักงานประจำ,1,ปกติ,7,0
L-25898,2024-07-12,24226.11,0.471,1,30,6,100000.00,ธุรกิจส่วนตัว,1,ปกติ,8,0
L-26645,2024-07-12,15930.84,0.426,198,23,0,300000.00,ธุรกิจส่วนตัว,2,ปกติ,24,0
L-27175,2024-07-12,20776.22,0.326,215,51,2,500000.00,พนักงานประจำ,1,ปกติ,23,0
L-28730,2024-07-12,55662.80,0.426,33,47,3,500000.00,อาชีพอิสระ,0,ปกติ,1,0
L-29960,2024-07-12,16517.91,0.575,151,32,5,200000.00,ธุรกิจส่วนตัว,10,ค้างชำระ,55,1
L-30022,2024-07-12,52598.86,0.286,220,47,2,150000.00,อาชีพอิสระ,1,ปกติ,9,0
L-30754,2024-07-12,53860.74,0.341,80,47,5,150000.00,พนักงานประจำ,1,ปกติ,9,0
L-31346,2024-07-12,10498.43,0.543,52,52,0,500000.00,ธุรกิจส่วนตัว,0,ปกติ,22,0
L-31618,2024-07-12,20157.95,0.597,169,54,3,150000.00,พนักงานประจำ,0,ปิดบัญชีแล้ว,8,0
L-31827,2024-07-12,9000.00,0.503,119,35,6,150000.00,ธุรกิจส่วนตัว,2,ปกติ,9,0
L-21673,2024-07-13,9000.00,0.648,226,25,3,50000.00,ข้าราชการ,1,ปกติ,0,0
L-22746,2024-07-13,33774.62,0.491,217,33,1,200000.00,ธุรกิจส่วนตัว,1,ปกติ,24,0
L-23900,2024-07-13,39288.51,0.427,216,32,6,50000.00,พนักงานประจำ,2,ปกติ,20,0
L-24697,2024-07-13,19600.15,0.348,123,23,1,300000.00,พนักงานประจำ,0,ปกติ,25,0
L-25500,2024-07-13,19781.81,0.612,151,65,2,150000.00,ข้าราชการ,0,ปกติ,18,0
L-28417,2024-07-13,44696.29,0.215,135,35,0,150000.00,ธุรกิจส่วนตัว,2,ปิดบัญชีแล้ว,23,0
L-29236,2024-07-13,38575.53,0.339,60,25,5,200000.00,ข้าราชการ,2,ปกติ,28,0
L-30282,2024-07-13,26826.71,0.411,86,61,2,150000.00,ธุรกิจส่วนตัว,12,ค้างชำระ,79,1
L-20186,2024-07-14,16410.04,0.538,234,36,3,50000.00,อาชีพอิสระ,2,ปกติ,0,0
L-20235,2024-07-14,44937.74,0.376,38,32,5,500000.00,ข้าราชการ,6,ค้างชำระ,148,1
L-20574,2024-07-14,36410.80,0.506,183,23,4,300000.00,พนักงานประจำ,1,ปิดบัญชีแล้ว,25,0
L-22671,2024-07-14,9000.00,0.274,51,22,1,200000.00,อาชีพอิสระ,0,ปิดบัญชีแล้ว,12,0
L-23997,2024-07-14,25427.59,0.11,198,32,6,50000.00,ธุรกิจส่วนตัว,2,ปกติ,26,0
L-24216,2024-07-14,50926.56,0.578,63,23,6,150000.00,ธุรกิจส่วนตัว,1,ปกติ,0,0
L-25362,2024-07-14,26447.66,0.034,80,51,2,200000.00,พนักงานประจำ,1,ปิดบัญชีแล้ว,20,0
L-26485,2024-07-14,26529.65,0.753,21,43,4,100000.00,อาชีพอิสระ,1,ปิดบัญชีแล้ว,20,0
L-26767,2024-07-14,12476.96,0.662,133,48,3,200000.00,ธุรกิจส่วนตัว,1,ปิดบัญชีแล้ว,13,0
L-26826,2024-07-14,9000.00,0.516,77,24,6,500000.00,ธุรกิจส่วนตัว,0,ปกติ,3,0
L-28144,2024-07-14,34712.35,0.305,18,49,6,50000.00,ข้าราชการ,0,ปิดบัญชีแล้ว,29,0
L-28265,2024-07-14,29875.95,0.272,23,31,3,200000.00,อาชีพอิสระ,0,ปกติ,28,0
L-28722,2024-07-14,12280.67,0.386,214,24,4,50000.00,พนักงานประจำ,1,ปกติ,18,0
L-30150,2024-07-14,13188.13,0.338,20,47,3,100000.00,พนักงานประจำ,2,ปิดบัญชีแล้ว,25,0
L-30370,2024-07-14,18261.16,0.284,144,33,5,500000.00,อาชีพอิสระ,0,ปิดบัญชีแล้ว,21,0
L-31399,2024-07-14,15199.26,0.189,106,30,2,100000.00,พนักงานประจำ,0,ปกติ,20,0
L-31530,2024-07-14,20696.90,0.02,48,65,3,300000.00,อาชีพอิสระ,2,ปกติ,19,0
L-22077,2024-07-15,21197.85,0.193,179,58,5,150000.00,อาชีพอิสระ,1,ปิดบัญชีแล้ว,23,0
L-23038,2024-07-15,14746.80,0.493,39,22,2,500000.00,ธุรกิจส่วนตัว,0,ปกติ,23,0
L-23069,2024-07-15,39023.89,0.383,151,30,0,150000.00,ธุรกิจส่วนตัว,2,ปกติ,16,0
L-24490,2024-07-15,24588.73,0.661,231,48,3,200000.00,อาชีพอิสระ,2,ปิดบัญชีแล้ว,21,0
L-24973,2024-07-15,42592.45,0.441,124,40,6,150000.00,ธุรกิจส่วนตัว,1,ปกติ,10,0
L-24985,2024-07-15,42898.87,0.155,169,53,6,100000.00,ธุรกิจส่วนตัว,1,ปกติ,12,0
L-25346,2024-07-15,21508.70,0.683,202,28,3,200000.00,พนักงานประจำ,8,ค้างชำระ,134,1
L-26047,2024-07-15,47216.56,0.442,209,55,4,50000.00,อาชีพอิสระ,1,ปิดบัญชีแล้ว,5,0
L-27821,2024-07-15,44466.78,0.628,81,44,2,300000.00,อาชีพอิสระ,1,ปกติ,15,0
L-28473,2024-07-15,21957.93,0.542,36,39,4,150000.00,อาชีพอิสระ,1,ปกติ,18,0
L-28607,2024-07-15,9000.00,0.165,95,64,6,100000.00,อาชีพอิสระ,0,ปกติ,22,0
L-29136,2024-07-15,25189.45,0.02,69,63,3,500000.00,ข้าราชการ,14,ค้างชำระ,123,1
L-31518,2024-07-15,36723.68,0.842,10,22,0,300000.00,พนักงานประจำ,0,ปิดบัญชีแล้ว,14,0
L-31786,2024-07-15,40321.13,0.325,116,63,0,100000.00,พนักงานประจำ,1,ปิดบัญชีแล้ว,29,0
L-20192,2024-07-16,23932.31,0.25,130,51,5,150000.00,อาชีพอิสระ,1,ปิดบัญชีแล้ว,17,0
L-22580,2024-07-16,28741.19,0.231,46,49,0,100000.00,ข้าราชการ,2,ปกติ,26,0
L-23974,2024-07-16,28069.89,0.47,208,50,5,300000.00,ธุรกิจส่วนตัว,2,ปกติ,11,0
L-25896,2024-07-16,44990.40,0.627,22,55,4,200000.00,ธุรกิจส่วนตัว,0,ปิดบัญชีแล้ว,30,0
L-26959,2024-07-16,35114.96,0.536,49,47,0,100000.00,พนักงานประจำ,0,ปกติ,26,0
L-28067,2024-07-16,43620.02,0.532,127,49,0,200000.00,ธุรกิจส่วนตัว,0,ปิดบัญชีแล้ว,12,0
L-28416,2024-07-16,11346.61,0.237,38,44,2,200000.00,พนักงานประจำ,1,ปกติ,22,0
L-28589,2024-07-16,31751.51,0.436,49,59,6,100000.00,ธุรกิจส่วนตัว,1,ปกติ,19,0
L-31311,2024-07-16,52511.92,0.164,107,35,4,500000.00,อาชีพอิสระ,2,ปกติ,25,0
L-31680,2024-07-16,30559.65,0.476,3,63,3,300000.00,ข้าราชการ,2,ปกติ,21,0
L-31953,2024-07-16,15158.15,0.446,156,46,6,200000.00,ธุรกิจส่วนตัว,1,ปิดบัญชีแล้ว,23,0
L-20148,2024-07-17,22477.19,0.56,16,60,6,50000.00,ธุรกิจส่วนตัว,2,ปกติ,5,0
L-20562,2024-07-17,45983.43,0.325,211,37,5,300000.00,พนักงานประจำ,1,ปกติ,4,0
L-20614,2024-07-17,30574.66,0.403,81,38,5,100000.00,อาชีพอิสระ,0,ปิดบัญชีแล้ว,30,0
L-21049,2024-07-17,54620.74,0.224,8,44,6,300000.00,พนักงานประจำ,1,ปกติ,18,0
L-22624,2024-07-17,9000.00,0.333,169,61,6,50000.00,ธุรกิจส่วนตัว,7,ค้างชำระ,45,1
L-26203,2024-07-17,9000.00,0.622,90,52,1,50000.00,อาชีพอิสระ,3,ค้างชำระ,45,1
L-28175,2024-07-17,25602.58,0.443,229,62,0,300000.00,ธุรกิจส่วนตัว,1,ปิดบัญชีแล้ว,24,0
L-29004,2024-07-17,52522.32,0.326,162,56,2,500000.00,พนักงานประจำ,2,ปกติ,26,0
L-29348,2024-07-17,32624.68,0.456,98,31,0,200000.00,พนักงานประจำ,2,ปกติ,0,0
L-31031,2024-07-17,37796.56,0.464,204,24,0,150000.00,อาชีพอิสระ,0,ปกติ,15,0
L-20585,2024-07-18,37365.45,0.031,96,27,5,50000.00,พนักงานประจำ,1,ปกติ,7,0
L-21019,2024-07-18,23157.31,0.09,202,49,2,50000.00,พนักงานประจำ,1,ปกติ,4,0
L-21336,2024-07-18,16330.50,0.457,232,52,3,150000.00,พนักงานประจำ,0,ปกติ,17,0
L-21674,2024-07-18,21733.16,0.057,225,27,4,150000.00,อาชีพอิสระ,2,ปกติ,20,0
L-23810,2024-07-18,42077.85,0.366,199,28,3,200000.00,ธุรกิจส่วนตัว,2,ปกติ,8,0
L-24721,2024-07-18,18920.54,0.098,168,24,1,50000.00,ข้าราชการ,2,ปิดบัญชีแล้ว,10,0
L-24846,2024-07-18,33395.50,0.325,34,26,4,100000.00,ข้าราชการ,1,ปกติ,16,0
L-25693,2024-07-18,30695.26,0.414,49,36,5,50000.00,ข้าราชการ,0,ปกติ,24,0
L-26925,2024-07-18,64774.38,0.224,14,62,2,50000.00,พนักงานประจำ,1,ปกติ,11,0
L-30367,2024-07-18,45873.66,0.135,7,55,0,50000.00,อาชีพอิสระ,1,ปกติ,6,0
L-20825,2024-07-19,35620.51,0.504,213,53,2,300000.00,ข้าราชการ,0,ปกติ,30,0
L-20865,2024-07-19,33334.18,0.149,115,36,3,200000.00,ธุรกิจส่วนตัว,2,ปิดบัญชีแล้ว,30,0
L-21988,2024-07-19,15233.53,0.413,126,65,3,150000.00,พนักงานประจำ,0,ปกติ,7,0
L-22626,2024-07-19,44125.04,0.493,110,56,2,100000.00,พนักงานประจำ,2,ปกติ,10,0
L-23719,2024-07-19,37205.27,0.418,11,36,5,100000.00,ธุรกิจส่วนตัว,0,ปกติ,13,0
L-25047,2024-07-19,30545.78,0.245,6,25,1,200000.00,ธุรกิจส่วนตัว,1,ปกติ,21,0
L-25185,2024-07-19,41263.79,0.157,173,44,3,100000.00,พนักงานประจำ,2,ปิดบัญชีแล้ว,20,0
L-25633,2024-07-19,21885.32,0.448,176,62,4,300000.00,อาชีพอิสระ,1,ปกติ,13,0
L-25836,2024-07-19,39727.21,0.036,16,38,5,50000.00,ข้าราชการ,1,ปกติ,6,0
L-25875,2024-07-19,21320.08,0.218,89,54,1,500000.00,พนักงานประจำ,2,ปกติ,23,0
L-26314,2024-07-19,34420.73,0.361,178,43,2,200000.00,ข้าราชการ,1,ปกติ,17,0
L-26402,2024-07-19,34288.93,0.404,16,33,1,100000.00,ข้าราชการ,2,ปกติ,5,0
L-26634,2024-07-19,50142.07,0.101,41,57,5,200000.00,พนักงานประจำ,0,ปกติ,25,0
L-27202,2024-07-19,22916.46,0.24,122,27,6,300000.00,ธุรกิจส่วนตัว,13,ค้างชำระ,127,1
L-30213,2024-07-19,35207.84,0.536,129,29,5,200000.00,ข้าราชการ,12,ค้างชำระ,53,1
L-30653,2024-07-19,38344.93,0.451,233,47,1,500000.00,ธุรกิจส่วนตัว,1,ปกติ,8,0
L-20212,2024-07-20,36607.79,0.448,223,47,5,200000.00,อาชีพอิสระ,1,ปิดบัญชีแล้ว,15,0
L-22918,2024-07-20,46021.70,0.68,56,53,4,500000.00,ธุรกิจส่วนตัว,13,ค้างชำระ,117,1
L-23179,2024-07-20,42005.54,0.322,177,56,3,500000.00,อาชีพอิสระ,1,ปกติ,2,0
L-25201,2024-07-20,47865.55,0.278,61,35,6,50000.00,ธุรกิจส่วนตัว,0,ปกติ,0,0
L-29117,2024-07-20,55024.30,0.328,71,42,2,300000.00,ข้าราชการ,0,ปกติ,6,0
L-30069,2024-07-20,22715.73,0.48,106,41,3,150000.00,ข้าราชการ,1,ปกติ,2,0
L-30313,2024-07-20,37375.65,0.182,82,51,5,500000.00,ข้าราชการ,2,ปกติ,4,0
L-31998,2024-07-20,48878.99,0.382,31,27,3,500000.00,ธุรกิจส่วนตัว,0,ปกติ,21,0
L-20354,2024-07-21,38633.35,0.02,177,31,5,300000.00,พนักงานประจำ,0,ปกติ,3,0
L-21702,2024-07-21,23005.60,0.169,153,56,0,200000.00,อาชีพอิสระ,0,ปกติ,14,0
L-22945,2024-07-21,22070.22,0.95,201,54,4,150000.00,ข้าราชการ,2,ปิดบัญชีแล้ว,25,0
L-23221,2024-07-21,47457.94,0.722,209,60,5,500000.00,อาชีพอิสระ,11,ค้างชำระ,72,1
L-25830,2024-07-21,28680.19,0.387,6,57,4,100000.00,อาชีพอิสระ,1,ปกติ,9,0
L-26036,2024-07-21,34644.28,0.59,195,48,2,300000.00,อาชีพอิสระ,1,ปิดบัญชีแล้ว,0,0
L-27765,2024-07-21,23376.38,0.47,53,58,5,100000.00,พนักงานประจำ,2,ปกติ,30,0
L-28486,2024-07-21,28824.93,0.472,79,62,1,50000.00,ข้าราชการ,0,ปกติ,1,0
L-20174,2024-07-22,19068.31,0.216,107,26,6,150000.00,อาชีพอิสระ,2,ปิดบัญชีแล้ว,21,0
L-20744,2024-07-22,34807.34,0.423,17,23,4,500000.00,อาชีพอิสระ,2,ปกติ,3,0
L-21177,2024-07-22,32972.41,0.211,0,59,1,150000.00,อาชีพอิสระ,2,ปกติ,19,0
L-21474,2024-07-22,24288.29,0.641,165,23,3,150000.00,ธุรกิจส่วนตัว,1,ปกติ,6,0
L-21602,2024-07-22,35394.60,0.517,231,48,4,300000.00,ธุรกิจส่วนตัว,2,ปกติ,18,0
L-22524,2024-07-22,30816.60,0.273,192,33,1,200000.00,ธุรกิจส่วนตัว,2,ปกติ,19,0
L-22646,2024-07-22,21078.68,0.382,77,49,2,200000.00,ธุรกิจส่วนตัว,1,ปกติ,21,0
L-23205,2024-07-22,34647.18,0.595,11,45,0,500000.00,พนักงานประจำ,1,ปกติ,23,0
L-23569,2024-07-22,42952.40,0.365,32,59,2,100000.00,อาชีพอิสระ,1,ปิดบัญชีแล้ว,3,0
L-26521,2024-07-22,45916.33,0.306,74,43,6,50000.00,ธุรกิจส่วนตัว,1,ปกติ,24,0
L-26683,2024-07-22,15741.66,0.248,238,54,2,100000.00,ธุรกิจส่วนตัว,2,ปกติ,12,0
L-26715,2024-07-22,27242.90,0.28,160,48,2,300000.00,ธุรกิจส่วนตัว,0,ปิดบัญชีแล้ว,29,0
L-27892,2024-07-22,21458.30,0.492,215,60,3,300000.00,พนักงานประจำ,1,ปกติ,9,0
L-30693,2024-07-22,50664.14,0.383,190,38,3,300000.00,อาชีพอิสระ,2,ปกติ,16,0
L-30735,2024-07-22,16028.18,0.218,35,45,5,200000.00,อาชีพอิสระ,0,ปิดบัญชีแล้ว,26,0
L-31385,2024-07-22,33988.64,0.389,171,52,0,500000.00,ข้าราชการ,1,ปกติ,2,0
L-20343,2024-07-23,13421.05,0.251,81,22,4,50000.00,ธุรกิจส่วนตัว,7,ค้างชำระ,88,1
L-21746,2024-07-23,29587.90,0.124,66,51,3,500000.00,ข้าราชการ,2,ปกติ,29,0
L-21852,2024-07-23,33134.03,0.645,130,65,4,150000.00,พนักงานประจำ,2,ปิดบัญชีแล้ว,3,0
L-21977,2024-07-23,22327.76,0.21,226,64,2,150000.00,พนักงานประจำ,1,ปกติ,23,0
L-22231,2024-07-23,56413.72,0.49,71,36,2,500000.00,ข้าราชการ,1,ปกติ,7,0
L-24005,2024-07-23,27053.06,0.395,240,51,2,150000.00,ข้าราชการ,2,ปกติ,4,0
L-24059,2024-07-23,30474.07,0.407,91,52,3,100000.00,ข้าราชการ,2,ปิดบัญชีแล้ว,17,0
L-24428,2024-07-23,21848.05,0.429,89,28,5,100000.00,พนักงานประจำ,1,ปกติ,21,0
L-24701,2024-07-23,22391.09,0.399,231,54,3,150000.00,อาชีพอิสระ,1,ปกติ,30,0
L-24832,2024-07-23,11890.86,0.806,142,36,0,500000.00,ธุรกิจส่วนตัว,0,ปกติ,8,0
L-25609,2024-07-23,43241.59,0.549,33,48,1,150000.00,ธุรกิจส่วนตัว,10,ค้างชำระ,178,1
L-26140,2024-07-23,32931.30,0.36,24,29,0,50000.00,พนักงานประจำ,0,ปิดบัญชีแล้ว,25,0
L-27109,2024-07-23,58459.36,0.134,226,41,2,300000.00,ข้าราชการ,0,ปกติ,7,0
L-28554,2024-07-23,9412.14,0.661,39,57,4,150000.00,ข้าราชการ,2,ปกติ,15,0
L-31210,2024-07-23,28309.34,0.534,158,28,0,100000.00,ข้าราชการ,1,ปกติ,21,0
L-21001,2024-07-24,24363.02,0.02,149,62,6,150000.00,พนักงานประจำ,2,ปกติ,3,0
L-21088,2024-07-24,25835.66,0.365,0,28,4,50000.00,อาชีพอิสระ,1,ปกติ,8,0
L-21397,2024-07-24,13552.24,0.37,42,34,1,300000.00,ธุรกิจส่วนตัว,2,ปกติ,0,0
L-22033,2024-07-24,37482.47,0.407,78,58,0,300000.00,ข้าราชการ,1,ปกติ,0,0
L-23487,2024-07-24,44918.56,0.706,137,49,5,150000.00,ข้าราชการ,2,ปกติ,7,0
L-24612,2024-07-24,56845.73,0.141,10,47,0,150000.00,อาชีพอิสระ,2,ปกติ,30,0
L-26350,2024-07-24,10267.48,0.572,90,35,1,100000.00,ธุรกิจส่วนตัว,10,ค้างชำระ,122,1
L-27106,2024-07-24,37230.45,0.468,95,62,2,200000.00,ธุรกิจส่วนตัว,0,ปิดบัญชีแล้ว,6,0
L-28719,2024-07-24,14554.90,0.376,167,63,0,500000.00,พนักงานประจำ,1,ปกติ,29,0
L-21713,2024-07-25,11667.59,0.438,224,47,1,50000.00,ธุรกิจส่วนตัว,0,ปกติ,9,0
L-22043,2024-07-25,37058.08,0.52,238,47,0,200000.00,ข้าราชการ,1,ปิดบัญชีแล้ว,24,0
L-22713,2024-07-25,41875.84,0.307,183,51,4,50000.00,ข้าราชการ,1,ปกติ,4,0
L-26651,2024-07-25,30532.98,0.396,107,55,2,100000.00,ธุรกิจส่วนตัว,1,ปกติ,30,0
L-28593,2024-07-25,12274.98,0.219,92,65,4,50000.00,อาชีพอิสระ,3,ค้างชำระ,69,1
L-28915,2024-07-25,34749.13,0.751,199,23,6,300000.00,พนักงานประจำ,1,ปกติ,24,0
L-29187,2024-07-25,29623.53,0.461,118,48,1,100000.00,อาชีพอิสระ,1,ปกติ,16,0
L-29351,2024-07-25,18623.55,0.13,42,24,4,500000.00,ข้าราชการ,2,ปกติ,7,0
L-29464,2024-07-25,42477.77,0.352,113,58,1,200000.00,พนักงานประจำ,1,ปิดบัญชีแล้ว,9,0
L-30086,2024-07-25,37772.48,0.124,147,40,0,150000.00,ธุรกิจส่วนตัว,1,ปิดบัญชีแล้ว,25,0
L-22956,2024-07-26,27353.34,0.453,108,64,4,150000.00,ข้าราชการ,0,ปิดบัญชีแล้ว,30,0
L-23039,2024-07-26,29531.24,0.751,95,56,6,200000.00,พนักงานประจำ,14,ค้างชำระ,108,1
L-23223,2024-07-26,26499.88,0.136,30,65,3,500000.00,ข้าราชการ,2,ปกติ,29,0
L-23293,2024-07-26,48276.29,0.279,219,36,4,500000.00,พนักงานประจำ,2,ปิดบัญชีแล้ว,26,0
L-24578,2024-07-26,24914.27,0.181,172,28,3,300000.00,พนักงานประจำ,7,ค้างชำระ,47,1
L-25763,2024-07-26,9000.00,0.505,185,63,5,100000.00,ธุรกิจส่วนตัว,1,ปิดบัญชีแล้ว,19,0
L-27356,2024-07-26,35344.94,0.02,101,35,0,100000.00,ข้าราชการ,1,ปกติ,30,0
L-27459,2024-07-26,26403.50,0.165,238,36,6,300000.00,ธุรกิจส่วนตัว,1,ปิดบัญชีแล้ว,1,0
L-28863,2024-07-26,32945.17,0.343,127,35,5,200000.00,ธุรกิจส่วนตัว,0,ปกติ,5,0
L-29610,2024-07-26,28747.35,0.134,24,52,0,150000.00,ข้าราชการ,1,ปกติ,16,0
L-30820,2024-07-26,59017.75,0.583,188,23,2,300000.00,ข้าราชการ,1,ปกติ,15,0
L-20078,2024-07-27,59731.18,0.189,86,22,1,200000.00,พนักงานประจำ,0,ปกติ,30,0
L-20084,2024-07-27,13624.69,0.566,104,48,2,200000.00,ข้าราชการ,1,ปิดบัญชีแล้ว,18,0
L-20592,2024-07-27,18205.56,0.445,74,26,3,300000.00,พนักงานประจำ,0,ปกติ,5,0
L-21749,2024-07-27,38144.19,0.733,47,45,1,300000.00,พนักงานประจำ,2,ปกติ,21,0
L-23656,2024-07-27,19651.37,0.216,77,24,1,150000.00,ธุรกิจส่วนตัว,2,ปกติ,17,0
L-24873,2024-07-27,14320.89,0.152,148,46,5,500000.00,ข้าราชการ,2,ปิดบัญชีแล้ว,2,0
L-24957,2024-07-27,35773.63,0.491,133,61,0,200000.00,อาชีพอิสระ,2,ปกติ,15,0
L-25109,2024-07-27,22281.03,0.752,19,21,3,300000.00,ธุรกิจส่วนตัว,2,ปิดบัญชีแล้ว,24,0
L-26173,2024-07-27,26512.23,0.481,57,57,6,500000.00,ธุรกิจส่วนตัว,12,ค้างชำระ,164,1
L-26780,2024-07-27,19655.34,0.178,170,61,3,150000.00,อาชีพอิสระ,0,ปกติ,27,0
L-26949,2024-07-27,34267.83,0.22,112,38,4,500000.00,พนักงานประจำ,1,ปิดบัญชีแล้ว,15,0
L-27425,2024-07-27,45793.54,0.495,87,25,2,300000.00,ธุรกิจส่วนตัว,0,ปกติ,19,0
L-27753,2024-07-27,28922.22,0.41,89,23,1,300000.00,พนักงานประจำ,2,ปิดบัญชีแล้ว,17,0
L-29586,2024-07-27,13976.55,0.357,156,25,2,150000.00,ธุรกิจส่วนตัว,1,ปกติ,12,0
L-29947,2024-07-27,46001.16,0.438,144,52,3,500000.00,ธุรกิจส่วนตัว,0,ปกติ,1,0
L-30539,2024-07-27,28511.11,0.187,6,64,1,500000.00,ข้าราชการ,2,ปกติ,26,0
L-20258,2024-07-28,50458.53,0.354,141,46,3,500000.00,พนักงานประจำ,1,ปกติ,9,0
L-20681,2024-07-28,16316.98,0.781,164,51,5,200000.00,อาชีพอิสระ,7,ค้างชำระ,99,1
L-21378,2024-07-28,44297.42,0.421,27,57,2,100000.00,ข้าราชการ,0,ปกติ,6,0
L-21442,2024-07-28,19290.00,0.179,112,56,1,500000.00,ข้าราชการ,0,ปกติ,12,0
L-24966,2024-07-28,10242.89,0.559,14,50,1,50000.00,อาชีพอิสระ,0,ปกติ,3,0
L-25422,2024-07-28,42686.62,0.044,43,26,5,100000.00,พนักงานประจำ,1,ปกติ,1,0
L-25426,2024-07-28,57884.73,0.23,45,38,5,100000.00,ข้าราชการ,1,ปกติ,13,0
L-25444,2024-07-28,10019.20,0.29,240,60,4,100000.00,พนักงานประจำ,3,ค้างชำระ,128,1
L-25493,2024-07-28,44941.72,0.647,158,35,0,50000.00,อาชีพอิสระ,1,ปกติ,4,0
L-25735,2024-07-28,43501.71,0.325,121,31,6,100000.00,พนักงานประจำ,2,ปกติ,17,0
L-28078,2024-07-28,28116.10,0.138,73,26,4,50000.00,ข้าราชการ,2,ปิดบัญชีแล้ว,15,0
L-29174,2024-07-28,21658.44,0.526,150,58,5,300000.00,พนักงานประจำ,0,ปกติ,6,0
L-30919,2024-07-28,37605.36,0.35,142,54,1,500000.00,พนักงานประจำ,1,ปกติ,21,0
L-31572,2024-07-28,27053.00,0.285,98,32,6,200000.00,พนักงานประจำ,2,ปกติ,4,0
L-20049,2024-07-29,9000.00,0.139,188,65,5,300000.00,ข้าราชการ,1,ปิดบัญชีแล้ว,10,0
L-22020,2024-07-29,13579.01,0.101,216,63,4,300000.00,พนักงานประจำ,0,ปิดบัญชีแล้ว,27,0
L-22576,2024-07-29,45249.77,0.423,112,45,1,50000.00,ข้าราชการ,0,ปิดบัญชีแล้ว,8,0
L-22824,2024-07-29,19891.02,0.485,143,38,1,500000.00,ธุรกิจส่วนตัว,2,ปกติ,19,0
L-22883,2024-07-29,56431.04,0.183,80,26,3,200000.00,ธุรกิจส่วนตัว,1,ปกติ,1,0
L-23712,2024-07-29,43090.42,0.674,44,56,3,500000.00,อาชีพอิสระ,0,ปกติ,20,0
L-29087,2024-07-29,29181.03,0.605,23,60,1,300000.00,อาชีพอิสระ,9,ค้างชำระ,143,1
L-30475,2024-07-29,32009.95,0.834,195,40,0,50000.00,ข้าราชการ,0,ปกติ,15,0
L-31493,2024-07-29,40484.38,0.366,186,32,5,50000.00,พนักงานประจำ,1,ปกติ,24,0
L-31568,2024-07-29,12467.12,0.177,84,42,3,200000.00,อาชีพอิสระ,1,ปกติ,3,0
L-20998,2024-07-30,34674.44,0.313,120,23,1,200000.00,ธุรกิจส่วนตัว,2,ปกติ,29,0
L-21053,2024-07-30,23432.57,0.08,228,29,2,200000.00,อาชีพอิสระ,1,ปกติ,4,0
L-21575,2024-07-30,40010.57,0.259,86,53,0,100000.00,ธุรกิจส่วนตัว,1,ปกติ,2,0
L-21799,2024-07-30,41202.97,0.523,127,33,1,300000.00,ธุรกิจส่วนตัว,0,ปิดบัญชีแล้ว,17,0
L-21887,2024-07-30,51843.03,0.73,33,65,0,300000.00,อาชีพอิสระ,2,ปกติ,4,0
L-25794,2024-07-30,26385.04,0.416,122,23,0,300000.00,อาชีพอิสระ,2,ปิดบัญชีแล้ว,29,0
L-26214,2024-07-30,30071.79,0.2,188,32,3,100000.00,พนักงานประจำ,0,ปกติ,5,0
L-26711,2024-07-30,46689.74,0.097,137,55,4,500000.00,พนักงานประจำ,2,ปิดบัญชีแล้ว,23,0
L-27322,2024-07-30,10031.06,0.416,47,44,1,100000.00,อาชีพอิสระ,0,ปิดบัญชีแล้ว,3,0
L-27741,2024-07-30,25085.32,0.45,183,25,3,100000.00,ธุรกิจส่วนตัว,1,ปกติ,6,0
L-28325,2024-07-30,32802.53,0.471,28,46,0,500000.00,ธุรกิจส่วนตัว,2,ปกติ,0,0
L-28750,2024-07-30,34088.20,0.371,22,31,2,100000.00,อาชีพอิสระ,0,ปกติ,6,0
L-29843,2024-07-30,51323.88,0.279,4,29,2,50000.00,พนักงานประจำ,0,ปกติ,20,0
L-30486,2024-07-30,24147.05,0.557,72,39,2,150000.00,อาชีพอิสระ,2,ปกติ,2,0
L-30734,2024-07-30,21145.89,0.842,87,39,0,200000.00,ข้าราชการ,8,ค้างชำระ,106,1
L-30921,2024-07-30,29400.73,0.552,108,53,4,500000.00,อาชีพอิสระ,2,ปกติ,12,0
L-20441,2024-07-31,39365.67,0.185,218,45,1,500000.00,อาชีพอิสระ,2,ปกติ,19,0
L-22066,2024-07-31,22017.30,0.336,170,58,3,150000.00,ข้าราชการ,0,ปกติ,11,0
L-23084,2024-07-31,22188.53,0.465,36,63,6,100000.00,อาชีพอิสระ,4,ค้างชำระ,156,1
L-23486,2024-07-31,51695.71,0.375,75,45,0,150000.00,พนักงานประจำ,2,ปิดบัญชีแล้ว,14,0
L-23765,2024-07-31,26981.05,0.428,126,53,4,500000.00,ธุรกิจส่วนตัว,1,ปิดบัญชีแล้ว,10,0
L-24677,2024-07-31,40078.73,0.395,89,27,4,100000.00,พนักงานประจำ,2,ปิดบัญชีแล้ว,21,0
L-25182,2024-07-31,9000.00,0.446,19,36,2,100000.00,พนักงานประจำ,2,ปกติ,6,0
L-26228,2024-07-31,27909.22,0.08,63,54,4,200000.00,พนักงานประจำ,2,ปกติ,23,0
L-27369,2024-07-31,9000.00,0.358,108,28,5,200000.00,ธุรกิจส่วนตัว,1,ปกติ,6,0
L-28319,2024-07-31,18377.19,0.405,105,49,5,50000.00,พนักงานประจำ,0,ปกติ,4,0
L-30960,2024-07-31,14609.74,0.728,223,51,1,150000.00,อาชีพอิสระ,1,ปกติ,12,0
L-30975,2024-07-31,20349.49,0.375,52,27,1,150000.00,พนักงานประจำ,0,ปกติ,7,0
L-20348,2024-08-01,32454.12,0.02,151,38,3,50000.00,ธุรกิจส่วนตัว,1,ปิดบัญชีแล้ว,2,0
L-20436,2024-08-01,25874.00,0.32,126,41,0,300000.00,ข้าราชการ,0,ปกติ,10,0
L-20830,2024-08-01,25968.39,0.237,119,38,1,500000.00,ธุรกิจส่วนตัว,1,ปิดบัญชีแล้ว,2,0
L-23511,2024-08-01,28788.51,0.175,57,58,5,150000.00,อาชีพอิสระ,2,ปกติ,20,0
L-25839,2024-08-01,34664.99,0.333,179,47,5,50000.00,อาชีพอิสระ,1,ปกติ,11,0
L-28990,2024-08-01,10360.78,0.225,0,46,2,200000.00,อาชีพอิสระ,2,ปกติ,13,0
L-29108,2024-08-01,27860.31,0.638,67,47,0,500000.00,ข้าราชการ,0,ปกติ,0,0
L-29299,2024-08-01,28344.99,0.569,69,25,4,150000.00,พนักงานประจำ,0,ปกติ,2,0
L-29958,2024-08-01,46084.82,0.399,213,54,4,300000.00,ข้าราชการ,2,ปกติ,19,0
L-31118,2024-08-01,26772.80,0.403,22,62,1,300000.00,พนักงานประจำ,2,ปกติ,20,0
L-31665,2024-08-01,35245.64,0.483,17,37,1,150000.00,พนักงานประจำ,2,ปกติ,27,0
L-31811,2024-08-01,33885.09,0.675,166,60,5,200000.00,ข้าราชการ,0,ปกติ,8,0
L-20420,2024-08-02,48713.77,0.286,159,34,5,300000.00,ธุรกิจส่วนตัว,0,ปกติ,12,0
L-21870,2024-08-02,40314.57,0.283,88,45,0,150000.00,อาชีพอิสระ,2,ปิดบัญชีแล้ว,21,0
L-24367,2024-08-02,58350.56,0.231,176,28,4,200000.00,ข้าราชการ,0,ปิดบัญชีแล้ว,20,0
L-24474,2024-08-02,42612.00,0.02,113,60,5,100000.00,ธุรกิจส่วนตัว,0,ปกติ,28,0
L-25073,2024-08-02,21713.26,0.468,24,51,1,50000.00,พนักงานประจำ,2,ปกติ,25,0
L-28565,2024-08-02,43771.40,0.05,204,39,5,200000.00,ข้าราชการ,1,ปกติ,11,0
L-28924,2024-08-02,34660.91,0.544,172,43,3,200000.00,พนักงานประจำ,0,ปิดบัญชีแล้ว,23,0
L-29971,2024-08-02,42231.03,0.813,89,22,6,100000.00,ข้าราชการ,1,ปกติ,30,0
L-30349,2024-08-02,29637.66,0.329,22,29,1,300000.00,พนักงานประจำ,1,ปกติ,8,0
L-21373,2024-08-03,41323.64,0.546,67,37,6,300000.00,ธุรกิจส่วนตัว,0,ปกติ,24,0
L-23239,2024-08-03,48395.03,0.548,149,21,1,50000.00,พนักงานประจำ,0,ปิดบัญชีแล้ว,14,0
L-24013,2024-08-03,35697.00,0.434,58,29,5,100000.00,พนักงานประจำ,0,ปกติ,13,0
L-24655,2024-08-03,29826.25,0.723,87,44,1,150000.00,ข้าราชการ,0,ปิดบัญชีแล้ว,14,0
L-26005,2024-08-03,51157.92,0.805,169,30,4,100000.00,ข้าราชการ,0,ปิดบัญชีแล้ว,9,0
L-26054,2024-08-03,10092.25,0.47,161,55,6,100000.00,ข้าราชการ,0,ปิดบัญชีแล้ว,8,0
L-26911,2024-08-03,40713.28,0.314,181,39,0,200000.00,ข้าราชการ,2,ปิดบัญชีแล้ว,8,0
L-27396,2024-08-03,51089.52,0.317,195,37,6,200000.00,อาชีพอิสระ,1,ปิดบัญชีแล้ว,19,0
L-28679,2024-08-03,15456.10,0.331,64,23,3,150000.00,อาชีพอิสระ,1,ปกติ,12,0
L-29507,2024-08-03,35317.70,0.317,14,54,0,50000.00,พนักงานประจำ,2,ปิดบัญชีแล้ว,6,0
L-29848,2024-08-03,34415.39,0.584,124,28,2,150000.00,ธุรกิจส่วนตัว,1,ปกติ,22,0
L-29905,2024-08-03,27672.08,0.289,40,32,6,300000.00,พนักงานประจำ,2,ปกติ,25,0
L-30953,2024-08-03,44357.60,0.171,95,45,1,500000.00,พนักงานประจำ,1,ปกติ,12,0
L-31563,2024-08-03,29437.25,0.457,84,22,4,500000.00,อาชีพอิสระ,8,ค้างชำระ,55,1
L-31569,2024-08-03,23712.53,0.474,105,56,5,150000.00,พนักงานประจำ,0,ปกติ,7,0
L-20549,2024-08-04,34212.00,0.276,147,30,6,100000.00,พนักงานประจำ,0,ปกติ,29,0
L-21026,2024-08-04,10767.68,0.36,191,62,4,500000.00,พนักงานประจำ,0,ปกติ,5,0
L-21089,2024-08-04,9000.00,0.622,157,27,0,500000.00,พนักงานประจำ,1,ปิดบัญชีแล้ว,8,0
L-21426,2024-08-04,41365.68,0.647,225,64,1,300000.00,อาชีพอิสระ,1,ปกติ,3,0
L-23524,2024-08-04,33803.61,0.6,81,33,2,100000.00,พนักงานประจำ,0,ปกติ,3,0
L-23850,2024-08-04,38466.30,0.304,62,53,4,500000.00,พนักงานประจำ,2,ปกติ,15,0
L-25145,2024-08-04,64573.56,0.535,148,27,0,300000.00,พนักงานประจำ,1,ปกติ,28,0
L-25943,2024-08-04,33841.80,0.026,76,25,4,50000.00,อาชีพอิสระ,1,ปกติ,5,0
L-26098,2024-08-04,24671.43,0.515,80,24,6,150000.00,ธุรกิจส่วนตัว,1,ปกติ,20,0
L-26795,2024-08-04,49105.57,0.352,17,42,6,300000.00,อาชีพอิสระ,2,ปกติ,26,0
L-29044,2024-08-04,24809.61,0.601,125,25,4,100000.00,พนักงานประจำ,2,ปกติ,20,0
L-20028,2024-08-05,17951.42,0.109,63,54,1,200000.00,ธุรกิจส่วนตัว,12,ค้างชำระ,121,1
L-23231,2024-08-05,36840.28,0.458,108,32,5,300000.00,ข้าราชการ,0,ปกติ,26,0
L-27767,2024-08-05,27780.18,0.742,140,64,3,300000.00,ธุรกิจส่วนตัว,1,ปกติ,28,0
L-28817,2024-08-05,30732.91,0.517,207,53,4,50000.00,ธุรกิจส่วนตัว,0,ปกติ,16,0
L-30855,2024-08-05,27533.92,0.393,15,23,6,100000.00,ข้าราชการ,1,ปิดบัญชีแล้ว,28,0
L-31888,2024-08-05,25148.46,0.506,72,57,5,100000.00,พนักงานประจำ,2,ปกติ,9,0
L-20858,2024-08-06,24199.64,0.236,130,43,2,300000.00,พนักงานประจำ,4,ค้างชำระ,169,1
L-21413,2024-08-06,42252.16,0.424,100,47,1,100000.00,ธุรกิจส่วนตัว,1,ปกติ,12,0
L-23845,2024-08-06,63666.27,0.333,205,60,0,200000.00,ธุรกิจส่วนตัว,0,ปกติ,18,0
L-24964,2024-08-06,41352.49,0.26,177,56,4,500000.00,ข้าราชการ,2,ปกติ,7,0
L-27964,2024-08-06,52466.25,0.535,13,27,2,200000.00,ข้าราชการ,1,ปกติ,20,0
L-29736,2024-08-06,33253.45,0.086,157,45,3,500000.00,ธุรกิจส่วนตัว,2,ปิดบัญชีแล้ว,13,0
L-30690,2024-08-06,9000.00,0.32,23,29,5,150000.00,ธุรกิจส่วนตัว,1,ปกติ,24,0
L-20910,2024-08-07,21445.60,0.772,226,61,6,200000.00,ข้าราชการ,1,ปกติ,27,0
L-21104,2024-08-07,25253.86,0.312,55,34,4,50000.00,ข้าราชการ,2,ปกติ,8,0
L-22338,2024-08-07,34504.85,0.152,48,21,0,200000.00,พนักงานประจำ,0,ปกติ,29,0
L-23550,2024-08-07,43512.69,0.59,208,43,0,50000.00,ข้าราชการ,1,ปกติ,6,0
L-25067,2024-08-07,19892.89,0.566,225,24,1,500000.00,ข้าราชการ,7,ค้างชำระ,59,1
L-27309,2024-08-07,28063.16,0.673,40,37,5,500000.00,พนักงานประจำ,0,ปกติ,21,0
L-28564,2024-08-07,39216.21,0.608,96,21,5,100000.00,อาชีพอิสระ,0,ปิดบัญชีแล้ว,18,0
L-29002,2024-08-07,36380.99,0.387,32,64,1,300000.00,ธุรกิจส่วนตัว,12,ค้างชำระ,142,1
L-29013,2024-08-07,14587.73,0.343,49,60,3,200000.00,ข้าราชการ,8,ค้างชำระ,85,1
L-30267,2024-08-07,16379.37,0.272,160,23,2,500000.00,ข้าราชการ,2,ปกติ,9,0
L-30790,2024-08-07,30633.27,0.543,199,34,2,100000.00,ธุรกิจส่วนตัว,2,ปกติ,4,0
L-30931,2024-08-07,33553.51,0.569,69,60,0,50000.00,อาชีพอิสระ,2,ปิดบัญชีแล้ว,15,0
L-31220,2024-08-07,32858.31,0.401,105,47,0,200000.00,ธุรกิจส่วนตัว,1,ปกติ,18,0
L-21528,2024-08-08,32898.95,0.64,4,28,5,100000.00,อาชีพอิสระ,0,ปกติ,1,0
L-22667,2024-08-08,37912.83,0.264,110,59,4,500000.00,ธุรกิจส่วนตัว,2,ปกติ,11,0
L-23096,2024-08-08,48807.33,0.477,53,62,2,100000.00,พนักงานประจำ,12,ค้างชำระ,89,1
L-24211,2024-08-08,68697.50,0.388,14,56,4,200000.00,พนักงานประจำ,0,ปกติ,24,0
L-24963,2024-08-08,9000.00,0.255,3,35,5,300000.00,ข้าราชการ,0,ปิดบัญชีแล้ว,6,0
L-27284,2024-08-08,35650.89,0.021,207,22,2,150000.00,อาชีพอิสระ,2,ปกติ,14,0
L-27483,2024-08-08,43088.36,0.399,130,28,0,100000.00,ข้าราชการ,1,ปกติ,4,0
L-28169,2024-08-08,25879.29,0.544,92,32,1,200000.00,อาชีพอิสระ,2,ปกติ,15,0
L-28347,2024-08-08,28777.36,0.058,231,52,4,100000.00,ข้าราชการ,2,ปิดบัญชีแล้ว,15,0
L-29733,2024-08-08,36995.75,0.085,171,22,6,300000.00,ธุรกิจส่วนตัว,1,ปิดบัญชีแล้ว,21,0
L-30636,2024-08-08,48887.11,0.561,150,46,2,200000.00,ธุรกิจส่วนตัว,1,ปกติ,28,0
L-20393,2024-08-09,51898.27,0.436,230,46,1,500000.00,ธุรกิจส่วนตัว,1,ปกติ,14,0
L-21695,2024-08-09,47356.66,0.562,197,38,4,150000.00,ข้าราชการ,14,ค้างชำระ,66,1
L-21741,2024-08-09,20846.85,0.02,97,63,5,150000.00,พนักงานประจำ,1,ปิดบัญชีแล้ว,6,0
L-21867,2024-08-09,34049.78,0.429,235,25,5,200000.00,ธุรกิจส่วนตัว,0,ปกติ,24,0
L-22210,2024-08-09,51710.06,0.574,230,53,2,150000.00,พนักงานประจำ,13,ค้างชำระ,165,1
L-22929,2024-08-09,54477.44,0.346,92,47,5,50000.00,อาชีพอิสระ,0,ปกติ,4,0
L-23985,2024-08-09,20644.53,0.593,164,41,2,500000.00,อาชีพอิสระ,0,ปกติ,6,0
L-24143,2024-08-09,28380.11,0.557,156,62,3,200000.00,อาชีพอิสระ,0,ปกติ,27,0
L-25117,2024-08-09,40135.28,0.253,204,54,2,300000.00,ธุรกิจส่วนตัว,1,ปกติ,0,0
L-26541,2024-08-09,35697.51,0.188,186,51,5,100000.00,ข้าราชการ,2,ปกติ,25,0
L-26691,2024-08-09,39837.17,0.472,138,61,5,100000.00,อาชีพอิสระ,1,ปิดบัญชีแล้ว,3,0
L-27760,2024-08-09,9000.00,0.488,168,27,0,300000.00,ข้าราชการ,5,ค้างชำระ,154,1
L-28889,2024-08-09,27201.03,0.22,185,34,2,200000.00,พนักงานประจำ,0,ปกติ,27,0
L-29132,2024-08-09,9000.00,0.58,66,45,0,100000.00,ธุรกิจส่วนตัว,11,ค้างชำระ,87,1
L-29864,2024-08-09,30002.61,0.202,196,46,5,50000.00,ข้าราชการ,10,ค้างชำระ,117,1
L-21973,2024-08-10,28468.27,0.717,136,49,0,500000.00,พนักงานประจำ,0,ปกติ,22,0
L-22409,2024-08-10,9039.99,0.228,192,37,3,200000.00,พนักงานประจำ,1,ปกติ,3,0
L-22718,2024-08-10,30587.12,0.435,50,47,2,100000.00,อาชีพอิสระ,2,ปิดบัญชีแล้ว,1,0
L-24230,2024-08-10,15363.65,0.046,54,51,6,100000.00,ข้าราชการ,2,ปกติ,2,0
L-24515,2024-08-10,26882.51,0.248,188,46,6,100000.00,ข้าราชการ,6,ค้างชำระ,47,1
L-24836,2024-08-10,33162.82,0.461,57,29,0,50000.00,ข้าราชการ,1,ปกติ,29,0
L-26226,2024-08-10,29330.12,0.089,58,34,0,50000.00,พนักงานประจำ,1,ปกติ,18,0
L-26609,2024-08-10,13640.45,0.324,223,44,6,50000.00,พนักงานประจำ,2,ปิดบัญชีแล้ว,25,0
L-28310,2024-08-10,43743.78,0.44,221,33,2,200000.00,อาชีพอิสระ,0,ปกติ,5,0
L-29715,2024-08-10,34223.92,0.212,12,44,6,50000.00,อาชีพอิสระ,1,ปกติ,24,0
L-30818,2024-08-10,20309.84,0.602,219,30,6,50000.00,พนักงานประจำ,1,ปกติ,8,0
L-21288,2024-08-11,49671.10,0.72,82,36,6,200000.00,พนักงานประจำ,2,ปิดบัญชีแล้ว,4,0
L-22560,2024-08-11,13642.34,0.578,88,28,6,150000.00,ข้าราชการ,2,ปกติ,8,0
L-23771,2024-08-11,40398.69,0.242,146,27,6,50000.00,ข้าราชการ,1,ปกติ,19,0
L-23926,2024-08-11,56197.10,0.324,69,34,4,50000.00,ข้าราชการ,0,ปกติ,14,0
L-24511,2024-08-11,15061.45,0.245,34,63,2,100000.00,อาชีพอิสระ,1,ปิดบัญชีแล้ว,22,0
L-25751,2024-08-11,45254.53,0.52,214,53,4,100000.00,ข้าราชการ,0,ปกติ,26,0
L-26227,2024-08-11,30307.06,0.368,170,47,1,500000.00,อาชีพอิสระ,1,ปกติ,25,0
L-26385,2024-08-11,41330.64,0.29,10,52,5,100000.00,ธุรกิจส่วนตัว,3,ค้างชำระ,127,1
L-27455,2024-08-11,9000.00,0.216,232,21,3,300000.00,อาชีพอิสระ,1,ปิดบัญชีแล้ว,22,0
L-28260,2024-08-11,33840.07,0.325,53,28,1,300000.00,พนักงานประจำ,2,ปกติ,29,0
L-29953,2024-08-11,31501.04,0.348,25,23,5,50000.00,พนักงานประจำ,1,ปกติ,20,0
L-30835,2024-08-11,26709.43,0.622,214,29,2,50000.00,พนักงานประจำ,0,ปกติ,4,0
L-31101,2024-08-11,15764.46,0.696,17,58,3,150000.00,พนักงานประจำ,2,ปิดบัญชีแล้ว,19,0
L-31850,2024-08-11,50523.54,0.237,207,64,6,100000.00,ข้าราชการ,1,ปกติ,30,0
L-20624,2024-08-12,48091.61,0.02,135,59,4,500000.00,อาชีพอิสระ,2,ปิดบัญชีแล้ว,21,0
L-21712,2024-08-12,39427.99,0.313,227,49,6,200000.00,ข้าราชการ,0,ปกติ,28,0
L-21776,2024-08-12,9000.00,0.201,213,37,6,200000.00,พนักงานประจำ,0,ปกติ,2,0
L-23010,2024-08-12,33486.26,0.287,228,55,0,200000.00,ข้าราชการ,2,ปกติ,19,0
L-23405,2024-08-12,39859.30,0.32,184,32,3,50000.00,ธุรกิจส่วนตัว,1,ปกติ,21,0
L-24058,2024-08-12,57790.99,0.417,101,39,0,50000.00,ข้าราชการ,0,ปกติ,29,0
L-24536,2024-08-12,35688.09,0.51,45,38,0,50000.00,ข้าราชการ,0,ปิดบัญชีแล้ว,12,0
L-25080,2024-08-12,49567.70,0.282,216,36,3,50000.00,ข้าราชการ,2,ปกติ,18,0
L-25632,2024-08-12,41321.73,0.113,209,46,5,500000.00,พนักงานประจำ,2,ปกติ,26,0
L-29755,2024-08-12,51453.33,0.464,175,22,5,500000.00,ธุรกิจส่วนตัว,1,ปกติ,16,0
L-30985,2024-08-12,41392.95,0.741,51,60,2,100000.00,พนักงานประจำ,2,ปกติ,22,0
L-31842,2024-08-12,10194.25,0.472,206,43,1,300000.00,ธุรกิจส่วนตัว,2,ปกติ,1,0
L-21995,2024-08-13,39041.74,0.246,108,25,6,500000.00,พนักงานประจำ,1,ปกติ,18,0
L-22401,2024-08-13,50296.39,0.304,73,31,2,50000.00,พนักงานประจำ,2,ปกติ,24,0
L-23014,2024-08-13,42238.70,0.38,66,25,4,50000.00,ธุรกิจส่วนตัว,2,ปิดบัญชีแล้ว,3,0
L-23704,2024-08-13,9000.00,0.312,152,36,1,150000.00,ธุรกิจส่วนตัว,1,ปกติ,11,0
L-25125,2024-08-13,36651.12,0.389,49,48,5,200000.00,อาชีพอิสระ,1,ปิดบัญชีแล้ว,27,0
L-25266,2024-08-13,21744.37,0.679,118,36,5,50000.00,ข้าราชการ,2,ปกติ,18,0
L-26041,2024-08-13,30971.24,0.498,144,28,3,500000.00,อาชีพอิสระ,1,ปกติ,10,0
L-26552,2024-08-13,34525.67,0.522,228,48,4,50000.00,อาชีพอิสระ,1,ปกติ,28,0
L-28316,2024-08-13,45780.46,0.43,114,25,5,150000.00,ข้าราชการ,1,ปิดบัญชีแล้ว,17,0
L-29209,2024-08-13,43243.28,0.119,196,21,5,150000.00,พนักงานประจำ,1,ปิดบัญชีแล้ว,16,0
L-30058,2024-08-13,35666.37,0.424,77,53,3,100000.00,ข้าราชการ,14,ค้างชำระ,76,1
L-20226,2024-08-14,11388.59,0.482,134,51,5,500000.00,พนักงานประจำ,0,ปกติ,7,0
L-20417,2024-08-14,42025.54,0.326,131,39,0,100000.00,พนักงานประจำ,12,ค้างชำระ,150,1
L-22336,2024-08-14,28557.58,0.321,127,58,0,300000.00,ข้าราชการ,1,ปกติ,26,0
L-22349,2024-08-14,42065.66,0.402,69,44,5,300000.00,ธุรกิจส่วนตัว,2,ปกติ,8,0
L-23043,2024-08-14,56480.54,0.265,203,26,3,200000.00,อาชีพอิสระ,0,ปกติ,0,0
L-24433,2024-08-14,17617.29,0.286,9,40,1,150000.00,อาชีพอิสระ,1,ปกติ,17,0
L-26450,2024-08-14,22563.64,0.756,130,24,2,300000.00,อาชีพอิสระ,13,ค้างชำระ,172,1
L-28185,2024-08-14,31302.16,0.302,35,25,5,50000.00,ธุรกิจส่วนตัว,11,ค้างชำระ,89,1
L-29805,2024-08-14,9000.00,0.023,151,47,1,300000.00,พนักงานประจำ,1,ปกติ,0,0
L-30435,2024-08-14,47235.22,0.02,202,45,2,150000.00,ข้าราชการ,1,ปกติ,21,0
L-30610,2024-08-14,12963.95,0.469,113,52,3,50000.00,ข้าราชการ,2,ปกติ,21,0
L-21332,2024-08-15,22522.83,0.557,209,32,2,200000.00,ธุรกิจส่วนตัว,1,ปกติ,6,0
L-21510,2024-08-15,20045.05,0.282,230,32,1,50000.00,ข้าราชการ,0,ปิดบัญชีแล้ว,21,0
L-22181,2024-08-15,50584.42,0.705,98,38,5,200000.00,ธุรกิจส่วนตัว,2,ปกติ,25,0
L-23450,2024-08-15,24834.31,0.02,120,27,2,300000.00,ข้าราชการ,0,ปิดบัญชีแล้ว,5,0
L-23686,2024-08-15,21477.11,0.572,85,27,1,500000.00,พนักงานประจำ,0,ปกติ,16,0
L-23780,2024-08-15,9000.00,0.364,232,34,6,200000.00,อาชีพอิสระ,1,ปิดบัญชีแล้ว,23,0
L-24307,2024-08-15,24840.29,0.434,170,60,0,100000.00,ธุรกิจส่วนตัว,1,ปิดบัญชีแล้ว,8,0
L-24468,2024-08-15,55016.98,0.241,104,59,2,500000.00,ข้าราชการ,0,ปกติ,3,0
L-25021,2024-08-15,40376.23,0.322,134,33,5,200000.00,ธุรกิจส่วนตัว,0,ปกติ,10,0
L-25467,2024-08-15,50352.94,0.527,20,52,0,200000.00,ข้าราชการ,10,ค้างชำระ,140,1
L-25588,2024-08-15,41471.19,0.608,138,65,1,100000.00,พนักงานประจำ,1,ปกติ,13,0
L-26489,2024-08-15,28267.33,0.382,215,38,5,100000.00,ข้าราชการ,2,ปิดบัญชีแล้ว,12,0
L-26792,2024-08-15,43722.15,0.27,112,62,5,300000.00,ข้าราชการ,2,ปิดบัญชีแล้ว,25,0
L-27062,2024-08-15,28993.02,0.074,32,24,3,500000.00,ข้าราชการ,0,ปิดบัญชีแล้ว,4,0
L-28493,2024-08-15,29993.05,0.527,98,45,1,100000.00,ธุรกิจส่วนตัว,2,ปกติ,2,0
L-29482,2024-08-15,32515.16,0.294,98,47,6,50000.00,ข้าราชการ,9,ค้างชำระ,56,1
L-31762,2024-08-15,54653.27,0.314,159,21,6,100000.00,พนักงานประจำ,2,ปิดบัญชีแล้ว,17,0
L-20862,2024-08-16,25513.96,0.357,85,49,4,150000.00,พนักงานประจำ,1,ปกติ,16,0
L-21203,2024-08-16,44827.61,0.535,170,34,5,300000.00,ข้าราชการ,0,ปกติ,8,0
L-22891,2024-08-16,36882.57,0.181,90,22,2,150000.00,อาชีพอิสระ,0,ปกติ,20,0
L-23184,2024-08-16,31680.58,0.222,52,36,2,500000.00,ธุรกิจส่วนตัว,0,ปกติ,15,0
L-23962,2024-08-16,42126.85,0.249,193,41,1,200000.00,อาชีพอิสระ,0,ปกติ,0,0
L-23969,2024-08-16,41977.95,0.662,104,37,1,500000.00,พนักงานประจำ,0,ปกติ,3,0
L-24556,2024-08-16,43816.39,0.486,35,37,1,150000.00,ธุรกิจส่วนตัว,0,ปกติ,30,0
L-25938,2024-08-16,14214.59,0.503,4,56,0,500000.00,ธุรกิจส่วนตัว,0,ปกติ,5,0
L-26749,2024-08-16,23615.52,0.786,115,35,0,500000.00,ธุรกิจส่วนตัว,2,ปกติ,16,0
L-26860,2024-08-16,51225.35,0.318,103,61,6,300000.00,ธุรกิจส่วนตัว,1,ปกติ,14,0
L-27078,2024-08-16,15509.76,0.464,230,64,1,150000.00,อาชีพอิสระ,1,ปกติ,21,0
L-27780,2024-08-16,14589.40,0.09,214,25,5,150000.00,ธุรกิจส่วนตัว,0,ปกติ,27,0
L-28743,2024-08-16,36665.65,0.534,194,48,2,300000.00,ข้าราชการ,1,ปิดบัญชีแล้ว,19,0
L-29788,2024-08-16,28504.15,0.45,110,63,0,200000.00,พนักงานประจำ,0,ปิดบัญชีแล้ว,30,0
L-30684,2024-08-16,45770.58,0.144,204,35,6,50000.00,อาชีพอิสระ,14,ค้างชำระ,171,1
L-20039,2024-08-17,30583.64,0.44,39,47,3,200000.00,พนักงานประจำ,0,ปกติ,27,0
L-21902,2024-08-17,20091.23,0.451,118,23,2,50000.00,อาชีพอิสระ,2,ปิดบัญชีแล้ว,20,0
L-22841,2024-08-17,56580.89,0.257,95,46,5,150000.00,ธุรกิจส่วนตัว,7,ค้างชำระ,123,1
L-24457,2024-08-17,69004.26,0.253,235,52,6,50000.00,อาชีพอิสระ,1,ปกติ,8,0
L-24554,2024-08-17,46332.93,0.363,232,22,2,100000.00,อาชีพอิสระ,1,ปกติ,25,0
L-26267,2024-08-17,21496.86,0.478,12,60,6,300000.00,ข้าราชการ,1,ปกติ,8,0
L-27074,2024-08-17,9000.00,0.536,179,61,3,50000.00,พนักงานประจำ,2,ปกติ,5,0
L-27314,2024-08-17,49272.15,0.107,107,26,5,300000.00,ธุรกิจส่วนตัว,2,ปกติ,20,0
L-27317,2024-08-17,13856.97,0.28,42,55,6,300000.00,พนักงานประจำ,2,ปกติ,24,0
L-27397,2024-08-17,30255.29,0.603,65,46,3,150000.00,พนักงานประจำ,0,ปกติ,12,0
L-27600,2024-08-17,54835.07,0.596,125,31,1,150000.00,ธุรกิจส่วนตัว,1,ปกติ,2,0
L-28884,2024-08-17,19982.88,0.547,27,34,6,150000.00,ธุรกิจส่วนตัว,2,ปกติ,22,0
L-29260,2024-08-17,14129.53,0.224,18,21,1,100000.00,พนักงานประจำ,1,ปกติ,5,0
L-31243,2024-08-17,35844.16,0.584,179,42,2,150000.00,พนักงานประจำ,2,ปกติ,5,0
L-31653,2024-08-17,51106.14,0.357,65,24,5,50000.00,อาชีพอิสระ,8,ค้างชำระ,153,1
L-20977,2024-08-18,33381.45,0.46,83,27,5,300000.00,ข้าราชการ,2,ปิดบัญชีแล้ว,13,0
L-21137,2024-08-18,29871.70,0.607,143,59,2,100000.00,ธุรกิจส่วนตัว,0,ปกติ,28,0
L-21604,2024-08-18,63394.88,0.208,41,54,3,100000.00,อาชีพอิสระ,2,ปิดบัญชีแล้ว,9,0
L-22449,2024-08-18,31815.70,0.245,93,34,4,500000.00,อาชีพอิสระ,12,ค้างชำระ,86,1
L-24068,2024-08-18,14753.08,0.329,77,40,0,300000.00,ธุรกิจส่วนตัว,2,ปิดบัญชีแล้ว,25,0
L-24100,2024-08-18,27472.55,0.327,163,65,4,200000.00,อาชีพอิสระ,13,ค้างชำระ,153,1
L-24162,2024-08-18,22336.96,0.167,13,62,1,100000.00,ธุรกิจส่วนตัว,0,ปกติ,16,0
L-24200,2024-08-18,23646.04,0.679,229,45,6,50000.00,ธุรกิจส่วนตัว,0,ปกติ,22,0
L-25725,2024-08-18,28009.04,0.107,54,56,5,200000.00,ข้าราชการ,1,ปกติ,8,0
L-26092,2024-08-18,22590.67,0.37,240,64,6,500000.00,พนักงานประจำ,2,ปิดบัญชีแล้ว,11,0
L-26379,2024-08-18,38039.16,0.449,112,23,2,500000.00,ธุรกิจส่วนตัว,2,ปกติ,29,0
L-31821,2024-08-18,12980.77,0.561,97,45,2,150000.00,อาชีพอิสระ,1,ปกติ,10,0
L-22011,2024-08-19,45167.09,0.268,235,50,0,300000.00,ธุรกิจส่วนตัว,1,ปกติ,18,0
L-22243,2024-08-19,9645.12,0.323,199,34,4,50000.00,ข้าราชการ,2,ปกติ,15,0
L-24174,2024-08-19,37962.00,0.482,140,37,5,500000.00,ข้าราชการ,2,ปกติ,21,0
L-24526,2024-08-19,31880.08,0.44,229,59,5,150000.00,ข้าราชการ,1,ปิดบัญชีแล้ว,29,0
L-25522,2024-08-19,47050.89,0.02,125,45,3,50000.00,พนักงานประจำ,1,ปกติ,1,0
L-25894,2024-08-19,20014.25,0.404,103,42,0,300000.00,ข้าราชการ,0,ปิดบัญชีแล้ว,10,0
L-27229,2024-08-19,27421.55,0.392,157,40,2,100000.00,ข้าราชการ,0,ปกติ,24,0
L-27774,2024-08-19,18780.55,0.415,131,23,4,300000.00,ข้าราชการ,2,ปิดบัญชีแล้ว,28,0
L-29694,2024-08-19,22726.77,0.629,180,63,3,50000.00,อาชีพอิสระ,1,ปกติ,9,0
L-31677,2024-08-19,23148.53,0.382,201,28,6,500000.00,อาชีพอิสระ,1,ปิดบัญชีแล้ว,22,0
L-20797,2024-08-20,32663.50,0.201,76,28,6,200000.00,ธุรกิจส่วนตัว,1,ปกติ,11,0
L-21208,2024-08-20,40805.00,0.144,187,36,2,200000.00,ธุรกิจส่วนตัว,0,ปกติ,8,0
L-22661,2024-08-20,27587.62,0.217,117,34,3,50000.00,ธุรกิจส่วนตัว,2,ปิดบัญชีแล้ว,20,0
L-22986,2024-08-20,20837.54,0.528,58,36,1,300000.00,ข้าราชการ,1,ปิดบัญชีแล้ว,24,0
L-23495,2024-08-20,15387.52,0.276,33,62,0,150000.00,พนักงานประจำ,0,ปิดบัญชีแล้ว,9,0
L-24126,2024-08-20,55533.41,0.478,69,39,6,300000.00,ธุรกิจส่วนตัว,1,ปิดบัญชีแล้ว,26,0
L-27266,2024-08-20,14796.57,0.378,168,64,6,200000.00,พนักงานประจำ,0,ปกติ,4,0
L-27388,2024-08-20,26143.40,0.255,50,53,3,200000.00,ข้าราชการ,2,ปกติ,9,0
L-27484,2024-08-20,30838.91,0.122,129,25,2,100000.00,ข้าราชการ,0,ปกติ,21,0
L-28219,2024-08-20,26530.50,0.237,92,34,4,500000.00,ธุรกิจส่วนตัว,1,ปกติ,14,0
L-29414,2024-08-20,47129.73,0.497,182,47,4,200000.00,ข้าราชการ,2,ปกติ,17,0
L-30471,2024-08-20,48879.10,0.559,225,47,3,50000.00,พนักงานประจำ,0,ปกติ,7,0
L-30791,2024-08-20,37897.91,0.208,84,24,6,200000.00,อาชีพอิสระ,0,ปกติ,2,0
L-31190,2024-08-20,50729.85,0.354,184,36,3,50000.00,พนักงานประจำ,0,ปกติ,21,0
L-22334,2024-08-21,46956.92,0.305,23,64,6,150000.00,อาชีพอิสระ,2,ปกติ,20,0
L-23671,2024-08-21,30605.39,0.217,117,26,1,150000.00,ข้าราชการ,1,ปิดบัญชีแล้ว,12,0
L-23938,2024-08-21,51314.95,0.483,97,39,4,300000.00,อาชีพอิสระ,2,ปกติ,11,0
L-24258,2024-08-21,52805.01,0.308,78,59,5,50000.00,อาชีพอิสระ,2,ปิดบัญชีแล้ว,4,0
L-24928,2024-08-21,21431.47,0.383,69,45,5,100000.00,พนักงานประจำ,1,ปกติ,30,0
L-24943,2024-08-21,13309.69,0.066,161,54,3,100000.00,ข้าราชการ,14,ค้างชำระ,147,1
L-25581,2024-08-21,32636.89,0.02,233,62,5,150000.00,อาชีพอิสระ,2,ปิดบัญชีแล้ว,15,0
L-25629,2024-08-21,29841.76,0.512,178,39,0,100000.00,พนักงานประจำ,2,ปิดบัญชีแล้ว,12,0
L-26045,2024-08-21,30232.79,0.521,60,46,5,150000.00,ข้าราชการ,2,ปกติ,28,0
L-26343,2024-08-21,15422.37,0.02,134,29,1,500000.00,อาชีพอิสระ,2,ปกติ,11,0
L-26830,2024-08-21,40800.81,0.299,64,47,5,500000.00,พนักงานประจำ,0,ปกติ,25,0
L-27985,2024-08-21,32246.73,0.375,147,63,5,300000.00,พนักงานประจำ,2,ปิดบัญชีแล้ว,22,0
L-29014,2024-08-21,14246.09,0.44,135,36,0,50000.00,ข้าราชการ,0,ปกติ,13,0
L-29633,2024-08-21,43988.86,0.315,120,36,2,200000.00,ธุรกิจส่วนตัว,2,ปกติ,24,0
L-30115,2024-08-21,41903.74,0.28,220,61,5,300000.00,ข้าราชการ,0,ปกติ,13,0
L-31483,2024-08-21,39900.63,0.568,36,26,3,300000.00,ข้าราชการ,1,ปกติ,22,0
L-21214,2024-08-22,46435.09,0.5,55,53,0,150000.00,ข้าราชการ,1,ปิดบัญชีแล้ว,20,0
L-21594,2024-08-22,31104.61,0.358,110,57,2,300000.00,ธุรกิจส่วนตัว,2,ปิดบัญชีแล้ว,15,0
L-24314,2024-08-22,21827.28,0.887,178,24,3,200000.00,พนักงานประจำ,2,ปกติ,16,0
L-24353,2024-08-22,30753.03,0.544,122,56,4,500000.00,พนักงานประจำ,14,ค้างชำระ,163,1
L-24830,2024-08-22,26053.09,0.513,215,25,5,300000.00,ข้าราชการ,2,ปกติ,17,0
L-25812,2024-08-22,9000.00,0.333,124,29,0,300000.00,พนักงานประจำ,0,ปิดบัญชีแล้ว,27,0
L-26053,2024-08-22,30473.64,0.28,16,28,0,50000.00,ข้าราชการ,1,ปกติ,15,0
L-26135,2024-08-22,33637.03,0.27,188,63,1,150000.00,อาชีพอิสระ,2,ปิดบัญชีแล้ว,29,0
L-26478,2024-08-22,36203.90,0.206,85,39,1,300000.00,อาชีพอิสระ,11,ค้างชำระ,122,1
L-28618,2024-08-22,41352.84,0.575,205,55,1,50000.00,อาชีพอิสระ,2,ปิดบัญชีแล้ว,21,0
L-29706,2024-08-22,36224.27,0.583,206,43,5,500000.00,ข้าราชการ,2,ปกติ,20,0
L-31260,2024-08-22,20641.40,0.606,173,53,4,500000.00,พนักงานประจำ,1,ปกติ,17,0
L-20327,2024-08-23,27134.19,0.266,219,59,2,50000.00,ข้าราชการ,1,ปกติ,18,0
L-21522,2024-08-23,24453.43,0.417,149,60,1,200000.00,ข้าราชการ,2,ปกติ,18,0
L-22442,2024-08-23,53510.53,0.459,119,64,4,150000.00,อาชีพอิสระ,1,ปกติ,15,0
L-22614,2024-08-23,26201.74,0.552,129,38,5,300000.00,ธุรกิจส่วนตัว,14,ค้างชำระ,146,1
L-22635,2024-08-23,21468.45,0.272,218,32,5,200000.00,อาชีพอิสระ,8,ค้างชำระ,165,1
L-25005,2024-08-23,39160.75,0.221,193,44,2,50000.00,อาชีพอิสระ,1,ปกติ,23,0
L-25543,2024-08-23,30794.39,0.579,64,32,5,200000.00,อาชีพอิสระ,0,ปกติ,6,0
L-25832,2024-08-23,67180.13,0.568,86,60,2,100000.00,ข้าราชการ,1,ปกติ,21,0
L-26532,2024-08-23,22924.09,0.504,211,62,6,100000.00,ข้าราชการ,0,ปกติ,24,0
L-27255,2024-08-23,45368.83,0.542,232,55,5,50000.00,อาชีพอิสระ,1,ปกติ,6,0
L-27590,2024-08-23,11397.80,0.38,87,35,2,150000.00,พนักงานประจำ,14,ค้างชำระ,57,1
L-28500,2024-08-23,35317.92,0.378,129,44,2,150000.00,ข้าราชการ,1,ปิดบัญชีแล้ว,13,0
L-29785,2024-08-23,64879.65,0.61,114,56,0,500000.00,อาชีพอิสระ,1,ปกติ,18,0
L-30004,2024-08-23,27782.42,0.656,98,31,5,50000.00,ธุรกิจส่วนตัว,14,ค้างชำระ,164,1
L-20377,2024-08-24,9000.00,0.514,211,44,2,500000.00,ข้าราชการ,0,ปกติ,10,0
L-20807,2024-08-24,41763.23,0.451,163,43,4,150000.00,อาชีพอิสระ,5,ค้างชำระ,111,1
L-22480,2024-08-24,23656.96,0.626,36,53,5,100000.00,ข้าราชการ,11,ค้างชำระ,77,1
L-22564,2024-08-24,11313.86,0.356,124,38,4,500000.00,ธุรกิจส่วนตัว,10,ค้างชำระ,112,1
L-23384,2024-08-24,30941.16,0.42,208,31,3,150000.00,พนักงานประจำ,2,ปิดบัญชีแล้ว,3,0
L-23577,2024-08-24,28501.28,0.539,149,25,2,100000.00,อาชีพอิสระ,2,ปกติ,0,0
L-23844,2024-08-24,46782.70,0.403,126,44,0,200000.00,อาชีพอิสระ,2,ปิดบัญชีแล้ว,20,0
L-24662,2024-08-24,30789.77,0.267,218,39,0,500000.00,พนักงานประจำ,0,ปิดบัญชีแล้ว,26,0
L-25103,2024-08-24,9000.00,0.686,115,21,4,500000.00,อาชีพอิสระ,9,ค้างชำระ,107,1
L-26905,2024-08-24,32188.19,0.435,158,40,5,500000.00,ธุรกิจส่วนตัว,2,ปกติ,29,0
L-28541,2024-08-24,41703.21,0.464,183,53,2,200000.00,อาชีพอิสระ,1,ปกติ,9,0
L-29475,2024-08-24,45827.94,0.357,37,60,1,150000.00,พนักงานประจำ,1,ปกติ,4,0
L-29525,2024-08-24,19336.29,0.339,211,32,1,100000.00,ธุรกิจส่วนตัว,2,ปกติ,27,0
L-29703,2024-08-24,31468.81,0.342,128,63,3,500000.00,พนักงานประจำ,2,ปกติ,11,0
L-30191,2024-08-24,11834.82,0.701,150,30,5,50000.00,ธุรกิจส่วนตัว,2,ปกติ,10,0
L-31454,2024-08-24,39442.94,0.27,73,64,0,150000.00,อาชีพอิสระ,0,ปิดบัญชีแล้ว,2,0
L-31582,2024-08-24,20291.98,0.463,46,35,5,300000.00,ธุรกิจส่วนตัว,2,ปิดบัญชีแล้ว,14,0
L-31926,2024-08-24,56603.55,0.169,49,60,0,200000.00,อาชีพอิสระ,1,ปกติ,3,0
L-20177,2024-08-25,50745.58,0.341,39,64,2,150000.00,ธุรกิจส่วนตัว,13,ค้างชำระ,123,1
L-22848,2024-08-25,26960.63,0.405,179,49,6,100000.00,ธุรกิจส่วนตัว,2,ปกติ,22,0
L-22967,2024-08-25,38134.52,0.414,202,55,6,300000.00,อาชีพอิสระ,2,ปิดบัญชีแล้ว,5,0
L-23317,2024-08-25,29207.73,0.02,99,37,0,200000.00,ธุรกิจส่วนตัว,0,ปิดบัญชีแล้ว,2,0
L-24207,2024-08-25,37500.09,0.347,62,34,2,200000.00,พนักงานประจำ,1,ปิดบัญชีแล้ว,24,0
L-24240,2024-08-25,15851.38,0.174,91,22,5,50000.00,พนักงานประจำ,0,ปกติ,22,0
L-24466,2024-08-25,42841.84,0.494,112,48,5,100000.00,ข้าราชการ,1,ปกติ,6,0
L-25340,2024-08-25,34883.00,0.473,66,60,6,300000.00,พนักงานประจำ,1,ปกติ,19,0
L-26750,2024-08-25,25605.39,0.242,156,42,0,300000.00,ข้าราชการ,2,ปกติ,23,0
L-27731,2024-08-25,9000.00,0.414,154,51,6,150000.00,ข้าราชการ,2,ปกติ,12,0
L-28847,2024-08-25,16540.23,0.311,86,62,4,300000.00,ธุรกิจส่วนตัว,2,ปกติ,19,0
L-29637,2024-08-25,33091.23,0.624,203,65,1,100000.00,ธุรกิจส่วนตัว,1,ปิดบัญชีแล้ว,14,0
L-30504,2024-08-25,22400.38,0.385,2,39,1,150000.00,ธุรกิจส่วนตัว,0,ปิดบัญชีแล้ว,3,0
L-30825,2024-08-25,24640.41,0.18,232,61,0,500000.00,อาชีพอิสระ,2,ปิดบัญชีแล้ว,0,0
L-30973,2024-08-25,35322.48,0.377,6,36,1,50000.00,ธุรกิจส่วนตัว,6,ค้างชำระ,45,1
L-31513,2024-08-25,44370.70,0.54,170,51,3,500000.00,ข้าราชการ,0,ปกติ,20,0
L-21180,2024-08-26,9000.00,0.02,20,55,6,300000.00,ธุรกิจส่วนตัว,1,ปกติ,28,0
L-24952,2024-08-26,33903.52,0.048,78,23,2,200000.00,พนักงานประจำ,2,ปกติ,15,0
L-25316,2024-08-26,34377.23,0.303,95,56,5,50000.00,ธุรกิจส่วนตัว,1,ปกติ,13,0
L-27771,2024-08-26,37677.87,0.315,188,54,1,200000.00,พนักงานประจำ,0,ปกติ,8,0
L-31405,2024-08-26,52731.07,0.485,77,50,4,150000.00,ธุรกิจส่วนตัว,1,ปกติ,4,0
L-21414,2024-08-27,23072.53,0.294,200,64,6,50000.00,ข้าราชการ,2,ปกติ,29,0
L-22865,2024-08-27,17890.05,0.507,205,34,5,500000.00,ข้าราชการ,0,ปกติ,29,0
L-27141,2024-08-27,39411.46,0.296,45,64,2,300000.00,อาชีพอิสระ,1,ปกติ,9,0
L-27931,2024-08-27,9000.00,0.695,18,57,6,200000.00,ธุรกิจส่วนตัว,3,ค้างชำระ,179,1
L-29042,2024-08-27,34581.91,0.402,70,54,3,500000.00,ข้าราชการ,1,ปกติ,27,0
L-31179,2024-08-27,29547.96,0.477,110,49,0,100000.00,อาชีพอิสระ,1,ปกติ,21,0
L-20645,2024-08-28,44303.84,0.088,46,39,2,500000.00,อาชีพอิสระ,3,ค้างชำระ,113,1
L-20958,2024-08-28,22539.07,0.071,184,30,6,150000.00,พนักงานประจำ,1,ปกติ,11,0
L-21846,2024-08-28,32693.28,0.688,123,49,3,300000.00,ธุรกิจส่วนตัว,1,ปกติ,22,0
L-22104,2024-08-28,20186.35,0.348,38,31,0,300000.00,ข้าราชการ,4,ค้างชำระ,69,1
L-25363,2024-08-28,30819.04,0.301,160,59,1,500000.00,ข้าราชการ,1,ปกติ,30,0
L-27257,2024-08-28,25574.40,0.102,217,36,1,150000.00,พนักงานประจำ,0,ปกติ,11,0
L-28854,2024-08-28,19073.87,0.617,145,29,5,300000.00,อาชีพอิสระ,2,ปกติ,2,0
L-29137,2024-08-28,22628.95,0.451,135,60,5,500000.00,อาชีพอิสระ,11,ค้างชำระ,123,1
L-29153,2024-08-28,50865.85,0.323,238,44,1,100000.00,ธุรกิจส่วนตัว,1,ปกติ,18,0
L-29366,2024-08-28,33683.06,0.417,35,28,1,150000.00,พนักงานประจำ,0,ปกติ,18,0
L-29553,2024-08-28,25781.29,0.445,70,60,6,150000.00,พนักงานประจำ,2,ปกติ,12,0
L-29567,2024-08-28,42447.09,0.411,24,52,3,150000.00,อาชีพอิสระ,2,ปกติ,16,0
L-29650,2024-08-28,16691.36,0.167,133,59,6,200000.00,ธุรกิจส่วนตัว,1,ปกติ,1,0
L-30288,2024-08-28,43845.78,0.39,142,40,6,50000.00,ธุรกิจส่วนตัว,9,ค้างชำระ,161,1
L-20239,2024-08-29,39774.41,0.315,205,32,0,100000.00,ธุรกิจส่วนตัว,7,ค้างชำระ,53,1
L-20432,2024-08-29,50722.53,0.275,168,40,6,500000.00,อาชีพอิสระ,0,ปกติ,22,0
L-22577,2024-08-29,21303.28,0.029,229,63,3,50000.00,พนักงานประจำ,0,ปิดบัญชีแล้ว,13,0
L-22636,2024-08-29,23828.49,0.08,98,48,5,200000.00,พนักงานประจำ,2,ปิดบัญชีแล้ว,10,0
L-24378,2024-08-29,52689.06,0.515,37,45,1,150000.00,ธุรกิจส่วนตัว,2,ปกติ,27,0
L-25211,2024-08-29,9000.00,0.358,226,41,1,200000.00,ข้าราชการ,0,ปกติ,12,0
L-26202,2024-08-29,23667.07,0.296,176,30,5,200000.00,ธุรกิจส่วนตัว,1,ปกติ,24,0
L-27313,2024-08-29,18083.78,0.439,165,37,2,100000.00,ข้าราชการ,2,ปกติ,14,0
L-27543,2024-08-29,24849.05,0.395,122,61,6,500000.00,พนักงานประจำ,1,ปกติ,9,0
L-28390,2024-08-29,14220.48,0.293,132,57,1,300000.00,ธุรกิจส่วนตัว,1,ปกติ,6,0
L-28488,2024-08-29,49288.14,0.439,202,30,6,50000.00,ข้าราชการ,2,ปกติ,3,0
L-28864,2024-08-29,9000.00,0.473,154,61,0,150000.00,ข้าราชการ,1,ปกติ,26,0
L-29139,2024-08-29,38373.29,0.235,139,48,3,300000.00,อาชีพอิสระ,0,ปิดบัญชีแล้ว,14,0
L-31276,2024-08-29,51939.48,0.571,152,48,6,300000.00,พนักงานประจำ,0,ปกติ,17,0
L-31422,2024-08-29,43662.32,0.717,46,35,5,50000.00,พนักงานประจำ,0,ปกติ,4,0
L-20930,2024-08-30,27978.25,0.075,167,63,0,150000.00,อาชีพอิสระ,2,ปกติ,10,0
L-22249,2024-08-30,31708.95,0.475,112,62,5,150000.00,ข้าราชการ,0,ปกติ,29,0
L-23103,2024-08-30,45182.29,0.491,166,41,1,50000.00,ข้าราชการ,6,ค้างชำระ,108,1
L-23930,2024-08-30,22576.25,0.542,181,56,2,300000.00,ข้าราชการ,0,ปกติ,8,0
L-24401,2024-08-30,32944.21,0.488,164,40,5,300000.00,อาชีพอิสระ,0,ปิดบัญชีแล้ว,14,0
L-24695,2024-08-30,9000.00,0.434,69,49,3,200000.00,พนักงานประจำ,2,ปกติ,13,0
L-25210,2024-08-30,46420.92,0.02,195,36,4,150000.00,พนักงานประจำ,2,ปกติ,19,0
L-25244,2024-08-30,35474.27,0.328,181,47,6,50000.00,ธุรกิจส่วนตัว,1,ปกติ,21,0
L-25607,2024-08-30,38602.87,0.309,240,52,3,300000.00,ข้าราชการ,0,ปกติ,13,0
L-27525,2024-08-30,26788.73,0.107,176,35,2,200000.00,อาชีพอิสระ,2,ปกติ,21,0
L-27944,2024-08-30,38200.96,0.282,40,32,4,500000.00,ธุรกิจส่วนตัว,0,ปกติ,22,0
L-29041,2024-08-30,49326.24,0.427,56,56,5,50000.00,ข้าราชการ,1,ปิดบัญชีแล้ว,4,0
L-29518,2024-08-30,41085.91,0.288,217,37,4,100000.00,ธุรกิจส่วนตัว,1,ปกติ,26,0
L-30458,2024-08-30,24133.38,0.47,71,53,3,150000.00,พนักงานประจำ,1,ปกติ,27,0
L-31646,2024-08-30,63858.84,0.592,113,48,3,500000.00,ธุรกิจส่วนตัว,0,ปิดบัญชีแล้ว,3,0
L-21617,2024-08-31,30884.08,0.186,13,27,1,500000.00,พนักงานประจำ,0,ปกติ,0,0
L-23824,2024-08-31,73313.60,0.055,152,48,1,200000.00,อาชีพอิสระ,1,ปิดบัญชีแล้ว,11,0
L-24033,2024-08-31,30796.41,0.297,116,56,2,300000.00,พนักงานประจำ,0,ปิดบัญชีแล้ว,0,0
L-26874,2024-08-31,45805.03,0.756,60,46,1,50000.00,อาชีพอิสระ,1,ปิดบัญชีแล้ว,10,0
L-30033,2024-08-31,22549.95,0.169,154,46,3,200000.00,ข้าราชการ,1,ปกติ,1,0
L-30321,2024-08-31,17422.12,0.282,87,40,4,150000.00,พนักงานประจำ,0,ปิดบัญชีแล้ว,5,0
L-30594,2024-08-31,37370.66,0.464,116,22,2,50000.00,ธุรกิจส่วนตัว,1,ปกติ,14,0
L-20893,2024-09-01,50596.32,0.429,162,58,2,50000.00,ข้าราชการ,2,ปกติ,4,0
L-21480,2024-09-01,49235.77,0.314,223,54,0,50000.00,ธุรกิจส่วนตัว,1,ปกติ,23,0
L-21759,2024-09-01,9000.00,0.465,114,41,3,100000.00,ข้าราชการ,1,ปิดบัญชีแล้ว,14,0
L-23125,2024-09-01,52227.24,0.315,50,25,3,300000.00,ข้าราชการ,0,ปิดบัญชีแล้ว,3,0
L-23328,2024-09-01,26956.29,0.356,180,26,1,150000.00,พนักงานประจำ,0,ปิดบัญชีแล้ว,27,0
L-23903,2024-09-01,13512.68,0.441,208,32,4,300000.00,พนักงานประจำ,2,ปิดบัญชีแล้ว,13,0
L-24418,2024-09-01,28135.19,0.416,232,38,5,100000.00,ข้าราชการ,0,ปกติ,15,0
L-25134,2024-09-01,22661.96,0.337,56,65,5,150000.00,ธุรกิจส่วนตัว,2,ปิดบัญชีแล้ว,20,0
L-26495,2024-09-01,49677.12,0.444,156,50,0,50000.00,ธุรกิจส่วนตัว,0,ปกติ,20,0
L-28570,2024-09-01,47301.83,0.443,156,28,3,500000.00,ธุรกิจส่วนตัว,0,ปิดบัญชีแล้ว,9,0
L-29186,2024-09-01,23504.50,0.022,15,24,1,300000.00,ข้าราชการ,0,ปิดบัญชีแล้ว,10,0
L-30740,2024-09-01,37316.31,0.632,188,24,3,500000.00,ธุรกิจส่วนตัว,1,ปกติ,12,0
L-31094,2024-09-01,25496.74,0.319,3,56,3,100000.00,พนักงานประจำ,0,ปกติ,12,0
L-31237,2024-09-01,27949.82,0.277,45,22,0,300000.00,ข้าราชการ,2,ปกติ,18,0
L-20218,2024-09-02,13870.77,0.558,217,25,3,500000.00,ธุรกิจส่วนตัว,0,ปิดบัญชีแล้ว,28,0
L-20823,2024-09-02,53388.62,0.388,182,45,6,150000.00,อาชีพอิสระ,0,ปิดบัญชีแล้ว,21,0
L-21119,2024-09-02,45911.98,0.532,147,56,0,500000.00,ข้าราชการ,2,ปิดบัญชีแล้ว,9,0
L-21182,2024-09-02,22217.35,0.365,177,23,2,150000.00,พนักงานประจำ,2,ปกติ,3,0
L-21403,2024-09-02,36895.18,0.555,161,36,5,500000.00,พนักงานประจำ,0,ปิดบัญชีแล้ว,7,0
L-21798,2024-09-02,19499.26,0.12,170,59,2,200000.00,ข้าราชการ,0,ปิดบัญชีแล้ว,19,0
L-22331,2024-09-02,9000.00,0.219,162,40,2,50000.00,ข้าราชการ,0,ปกติ,29,0
L-23104,2024-09-02,25142.57,0.776,24,24,1,150000.00,อาชีพอิสระ,1,ปกติ,6,0
L-24454,2024-09-02,37852.35,0.286,234,48,2,200000.00,ข้าราชการ,0,ปิดบัญชีแล้ว,20,0
L-25104,2024-09-02,32639.07,0.408,210,23,0,50000.00,พนักงานประจำ,0,ปกติ,12,0
L-25958,2024-09-02,36223.01,0.325,27,24,2,50000.00,ข้าราชการ,0,ปิดบัญชีแล้ว,4,0
L-26535,2024-09-02,14128.26,0.493,135,46,6,200000.00,ข้าราชการ,6,ค้างชำระ,127,1
L-27623,2024-09-02,12656.12,0.133,111,24,4,50000.00,ข้าราชการ,1,ปิดบัญชีแล้ว,3,0
L-29858,2024-09-02,40637.61,0.301,9,45,6,200000.00,พนักงานประจำ,1,ปกติ,23,0
L-30085,2024-09-02,45365.69,0.248,88,57,4,200000.00,ข้าราชการ,2,ปกติ,30,0
L-30374,2024-09-02,33459.66,0.642,240,42,0,500000.00,ธุรกิจส่วนตัว,1,ปกติ,8,0
L-30381,2024-09-02,47246.10,0.572,235,34,1,200000.00,ข้าราชการ,1,ปกติ,5,0
L-20665,2024-09-03,27688.33,0.269,213,34,3,300000.00,พนักงานประจำ,0,ปกติ,3,0
L-21662,2024-09-03,28392.99,0.526,144,28,6,150000.00,พนักงานประจำ,0,ปกติ,11,0
L-22823,2024-09-03,51744.51,0.427,1,27,0,50000.00,พนักงานประจำ,1,ปกติ,20,0
L-24925,2024-09-03,32978.08,0.312,60,65,4,50000.00,ธุรกิจส่วนตัว,2,ปกติ,8,0
L-26281,2024-09-03,20765.03,0.098,35,62,4,300000.00,พนักงานประจำ,0,ปิดบัญชีแล้ว,16,0
L-27422,2024-09-03,22431.63,0.122,179,29,6,500000.00,พนักงานประจำ,0,ปกติ,28,0
L-27894,2024-09-03,30605.47,0.306,107,31,3,150000.00,พนักงานประจำ,2,ปิดบัญชีแล้ว,28,0
L-28110,2024-09-03,34756.11,0.408,18,38,2,300000.00,ข้าราชการ,2,ปกติ,30,0
L-30073,2024-09-03,61846.82,0.872,133,43,0,200000.00,ข้าราชการ,2,ปิดบัญชีแล้ว,13,0
L-22873,2024-09-04,19237.35,0.159,77,28,4,200000.00,ข้าราชการ,0,ปิดบัญชีแล้ว,8,0
L-25110,2024-09-04,28646.28,0.48,169,38,2,150000.00,พนักงานประจำ,2,ปกติ,2,0
L-26690,2024-09-04,17172.77,0.448,42,52,5,300000.00,พนักงานประจำ,0,ปกติ,1,0
L-27376,2024-09-04,9000.00,0.068,78,55,2,200000.00,อาชีพอิสระ,1,ปกติ,27,0
L-28303,2024-09-04,34970.39,0.308,8,29,6,200000.00,ข้าราชการ,7,ค้างชำระ,129,1
L-28625,2024-09-04,9835.09,0.121,174,34,6,300000.00,ธุรกิจส่วนตัว,0,ปกติ,7,0
L-28947,2024-09-04,41090.64,0.456,139,24,4,150000.00,อาชีพอิสระ,1,ปิดบัญชีแล้ว,3,0
L-29539,2024-09-04,22498.39,0.337,222,44,1,150000.00,ข้าราชการ,0,ปิดบัญชีแล้ว,28,0
L-30369,2024-09-04,35538.27,0.327,153,29,2,100000.00,พนักงานประจำ,14,ค้างชำระ,168,1
L-30577,2024-09-04,16211.36,0.458,227,64,5,200000.00,ข้าราชการ,0,ปิดบัญชีแล้ว,15,0
L-31772,2024-09-04,16370.58,0.487,35,26,4,500000.00,อาชีพอิสระ,0,ปิดบัญชีแล้ว,17,0
L-24376,2024-09-05,58307.27,0.395,166,22,1,100000.00,ธุรกิจส่วนตัว,1,ปกติ,23,0
L-24553,2024-09-05,39644.54,0.02,35,46,3,50000.00,อาชีพอิสระ,1,ปิดบัญชีแล้ว,27,0
L-25253,2024-09-05,13143.70,0.445,184,48,4,100000.00,ธุรกิจส่วนตัว,1,ปกติ,17,0
L-25586,2024-09-05,23917.81,0.02,165,52,3,500000.00,ธุรกิจส่วนตัว,1,ปิดบัญชีแล้ว,26,0
L-25814,2024-09-05,29923.89,0.272,129,23,3,200000.00,ข้าราชการ,2,ปกติ,27,0
L-27215,2024-09-05,29580.58,0.58,200,39,6,50000.00,ธุรกิจส่วนตัว,9,ค้างชำระ,50,1
L-29935,2024-09-05,37053.94,0.453,160,47,2,200000.00,อาชีพอิสระ,2,ปกติ,27,0
L-30200,2024-09-05,32997.77,0.358,98,35,5,200000.00,อาชีพอิสระ,9,ค้างชำระ,147,1
L-20405,2024-09-06,26202.97,0.677,128,63,4,300000.00,พนักงานประจำ,2,ปกติ,11,0
L-27011,2024-09-06,31112.86,0.414,50,62,6,500000.00,ธุรกิจส่วนตัว,2,ปกติ,21,0
L-28322,2024-09-06,20972.96,0.398,132,30,4,500000.00,พนักงานประจำ,2,ปกติ,0,0
L-28532,2024-09-06,19028.70,0.389,123,54,6,50000.00,อาชีพอิสระ,8,ค้างชำระ,107,1
L-30084,2024-09-06,31945.45,0.292,182,34,3,50000.00,พนักงานประจำ,1,ปกติ,9,0
L-20296,2024-09-07,12014.74,0.238,52,44,2,200000.00,ธุรกิจส่วนตัว,1,ปกติ,6,0
L-22160,2024-09-07,33876.48,0.02,185,64,4,50000.00,พนักงานประจำ,2,ปกติ,21,0
L-22380,2024-09-07,45308.84,0.436,233,28,4,50000.00,ข้าราชการ,2,ปกติ,22,0
L-23786,2024-09-07,31736.39,0.537,6,34,3,300000.00,พนักงานประจำ,1,ปกติ,29,0
L-25768,2024-09-07,13011.97,0.192,5,56,0,200000.00,ข้าราชการ,0,ปกติ,13,0
L-26182,2024-09-07,9000.00,0.4,107,28,5,500000.00,พนักงานประจำ,0,ปกติ,13,0
L-26782,2024-09-07,50007.74,0.269,64,57,5,150000.00,พนักงานประจำ,2,ปกติ,4,0
L-27697,2024-09-07,32480.18,0.297,77,48,4,300000.00,พนักงานประจำ,0,ปิดบัญชีแล้ว,18,0
L-29105,2024-09-07,32041.57,0.602,133,50,4,50000.00,ข้าราชการ,3,ค้างชำระ,173,1
L-30262,2024-09-07,51442.46,0.296,12,40,1,50000.00,ธุรกิจส่วนตัว,2,ปกติ,12,0
L-30942,2024-09-07,40879.06,0.404,100,28,3,500000.00,พนักงานประจำ,8,ค้างชำระ,141,1
L-31642,2024-09-07,51186.01,0.344,111,31,6,300000.00,พนักงานประจำ,1,ปกติ,8,0
L-21105,2024-09-08,42186.79,0.167,27,33,1,500000.00,พนักงานประจำ,0,ปกติ,20,0
L-21701,2024-09-08,17085.57,0.499,103,51,1,100000.00,พนักงานประจำ,0,ปกติ,3,0
L-21996,2024-09-08,38167.19,0.459,61,34,4,100000.00,พนักงานประจำ,1,ปิดบัญชีแล้ว,5,0
L-22889,2024-09-08,50764.00,0.181,70,30,5,50000.00,อาชีพอิสระ,2,ปกติ,30,0
L-23159,2024-09-08,17130.55,0.534,62,40,0,200000.00,อาชีพอิสระ,2,ปกติ,8,0
L-23230,2024-09-08,24986.60,0.215,5,48,1,50000.00,ธุรกิจส่วนตัว,0,ปกติ,20,0
L-23859,2024-09-08,16684.52,0.311,82,61,4,50000.00,พนักงานประจำ,0,ปกติ,25,0
L-24820,2024-09-08,26437.70,0.152,175,45,0,100000.00,พนักงานประจำ,0,ปิดบัญชีแล้ว,11,0
L-24940,2024-09-08,37566.71,0.252,177,60,2,100000.00,อาชีพอิสระ,2,ปกติ,16,0
L-25342,2024-09-08,51332.81,0.146,14,43,0,500000.00,ธุรกิจส่วนตัว,2,ปกติ,4,0
L-26519,2024-09-08,61762.36,0.02,167,30,2,200000.00,พนักงานประจำ,1,ปกติ,21,0
L-27582,2024-09-08,26246.34,0.023,220,49,0,200000.00,ธุรกิจส่วนตัว,1,ปกติ,18,0
L-27898,2024-09-08,35187.57,0.258,129,21,1,300000.00,ข้าราชการ,1,ปิดบัญชีแล้ว,7,0
L-28667,2024-09-08,28382.98,0.338,34,62,3,300000.00,อาชีพอิสระ,2,ปิดบัญชีแล้ว,11,0
L-20003,2024-09-09,20055.65,0.58,97,26,0,300000.00,อาชีพอิสระ,0,ปกติ,22,0
L-21006,2024-09-09,60626.08,0.504,108,25,2,50000.00,อาชีพอิสระ,0,ปกติ,23,0
L-22523,2024-09-09,47877.03,0.296,238,52,3,50000.00,พนักงานประจำ,2,ปกติ,13,0
L-23329,2024-09-09,46547.25,0.443,149,65,1,500000.00,ธุรกิจส่วนตัว,0,ปกติ,4,0
L-23785,2024-09-09,45931.71,0.47,137,57,2,150000.00,ธุรกิจส่วนตัว,1,ปิดบัญชีแล้ว,9,0
L-24330,2024-09-09,37016.73,0.386,115,34,5,300000.00,ธุรกิจส่วนตัว,2,ปกติ,10,0
L-25361,2024-09-09,35791.81,0.211,46,55,1,100000.00,ธุรกิจส่วนตัว,2,ปกติ,18,0
L-28680,2024-09-09,28678.73,0.542,68,56,1,500000.00,ธุรกิจส่วนตัว,1,ปกติ,14,0
L-30619,2024-09-09,47825.04,0.374,201,65,1,300000.00,ธุรกิจส่วนตัว,1,ปกติ,9,0
L-31830,2024-09-09,19111.94,0.587,139,55,2,300000.00,อาชีพอิสระ,1,ปกติ,19,0
L-20528,2024-09-10,42628.24,0.402,45,53,3,100000.00,พนักงานประจำ,1,ปกติ,27,0
L-21494,2024-09-10,41169.20,0.392,33,35,1,500000.00,ข้าราชการ,0,ปกติ,21,0
L-25870,2024-09-10,9657.82,0.683,120,42,5,300000.00,ธุรกิจส่วนตัว,1,ปกติ,25,0
L-27667,2024-09-10,18134.12,0.501,122,26,5,500000.00,อาชีพอิสระ,2,ปกติ,30,0
L-27785,2024-09-10,44070.09,0.3,32,62,6,300000.00,อาชีพอิสระ,1,ปกติ,20,0
L-27912,2024-09-10,20050.56,0.312,86,59,2,100000.00,ธุรกิจส่วนตัว,0,ปกติ,15,0
L-27987,2024-09-10,11376.77,0.582,43,26,1,500000.00,พนักงานประจำ,1,ปิดบัญชีแล้ว,12,0
L-27992,2024-09-10,9000.00,0.616,61,25,1,100000.00,ข้าราชการ,0,ปิดบัญชีแล้ว,27,0
L-29701,2024-09-10,19496.96,0.424,21,21,0,300000.00,อาชีพอิสระ,1,ปกติ,23,0
L-20654,2024-09-11,26299.24,0.455,161,57,2,500000.00,ข้าราชการ,2,ปกติ,3,0
L-21128,2024-09-11,9000.00,0.262,7,63,6,300000.00,ธุรกิจส่วนตัว,0,ปิดบัญชีแล้ว,21,0
L-21734,2024-09-11,33122.36,0.402,23,29,2,100000.00,ธุรกิจส่วนตัว,2,ปิดบัญชีแล้ว,30,0
L-23890,2024-09-11,15179.65,0.449,83,49,2,100000.00,ธุรกิจส่วนตัว,1,ปกติ,6,0
L-24034,2024-09-11,9980.40,0.379,45,26,5,150000.00,ข้าราชการ,0,ปิดบัญชีแล้ว,17,0
L-26778,2024-09-11,32293.28,0.419,159,42,4,100000.00,อาชีพอิสระ,1,ปกติ,5,0
L-26989,2024-09-11,26255.71,0.124,204,32,2,50000.00,อาชีพอิสระ,2,ปกติ,20,0
L-27412,2024-09-11,28042.68,0.488,132,26,6,50000.00,ธุรกิจส่วนตัว,1,ปกติ,11,0
L-28523,2024-09-11,24732.13,0.076,191,30,5,150000.00,พนักงานประจำ,2,ปิดบัญชีแล้ว,23,0
L-30064,2024-09-11,39104.30,0.429,84,45,6,150000.00,พนักงานประจำ,2,ปิดบัญชีแล้ว,0,0
L-30128,2024-09-11,51685.52,0.712,136,24,5,300000.00,ข้าราชการ,0,ปกติ,9,0
L-30170,2024-09-11,50086.60,0.424,193,41,3,300000.00,ข้าราชการ,11,ค้างชำระ,104,1
L-30258,2024-09-11,18235.07,0.496,174,42,5,300000.00,ข้าราชการ,9,ค้างชำระ,94,1
L-31464,2024-09-11,46180.15,0.327,14,65,2,300000.00,ธุรกิจส่วนตัว,0,ปกติ,30,0
L-31554,2024-09-11,26187.47,0.194,235,49,0,150000.00,ธุรกิจส่วนตัว,2,ปกติ,17,0
L-20070,2024-09-12,36692.31,0.496,205,58,1,150000.00,ข้าราชการ,0,ปกติ,29,0
L-20895,2024-09-12,48429.49,0.586,169,63,3,200000.00,ข้าราชการ,1,ปกติ,6,0
L-22030,2024-09-12,29410.16,0.454,230,45,0,200000.00,ข้าราชการ,0,ปกติ,8,0
L-23316,2024-09-12,31889.55,0.244,163,22,1,100000.00,ธุรกิจส่วนตัว,1,ปกติ,4,0
L-24949,2024-09-12,26291.85,0.053,96,23,2,50000.00,อาชีพอิสระ,7,ค้างชำระ,165,1
L-25291,2024-09-12,39297.06,0.294,154,62,6,50000.00,พนักงานประจำ,1,ปกติ,18,0
L-27060,2024-09-12,53335.11,0.298,33,42,2,500000.00,อาชีพอิสระ,2,ปกติ,9,0
L-27807,2024-09-12,24975.49,0.435,105,57,0,500000.00,ข้าราชการ,0,ปกติ,25,0
L-28296,2024-09-12,29214.12,0.183,222,41,4,200000.00,พนักงานประจำ,1,ปกติ,11,0
L-28392,2024-09-12,9000.00,0.127,3,65,3,200000.00,ธุรกิจส่วนตัว,1,ปิดบัญชีแล้ว,17,0
L-29444,2024-09-12,20864.23,0.227,7,31,3,500000.00,พนักงานประจำ,0,ปกติ,26,0
L-31042,2024-09-12,44151.04,0.396,17,36,4,300000.00,พนักงานประจำ,5,ค้างชำระ,104,1
L-31801,2024-09-12,38013.03,0.153,182,43,5,500000.00,ข้าราชการ,1,ปกติ,18,0
L-20685,2024-09-13,32112.39,0.425,118,29,0,50000.00,ข้าราชการ,2,ปกติ,19,0
L-21476,2024-09-13,28260.52,0.476,72,56,1,500000.00,พนักงานประจำ,1,ปกติ,11,0
L-22004,2024-09-13,43573.32,0.231,92,61,0,150000.00,ธุรกิจส่วนตัว,0,ปกติ,8,0
L-23264,2024-09-13,30463.71,0.656,200,56,5,200000.00,ข้าราชการ,0,ปกติ,20,0
L-24286,2024-09-13,25249.50,0.549,147,21,2,200000.00,ข้าราชการ,0,ปกติ,26,0
L-24449,2024-09-13,55537.68,0.818,239,31,2,200000.00,อาชีพอิสระ,2,ปกติ,22,0
L-25665,2024-09-13,36423.77,0.495,50,65,1,50000.00,อาชีพอิสระ,2,ปกติ,4,0
L-27001,2024-09-13,32501.57,0.329,163,29,1,500000.00,ข้าราชการ,1,ปกติ,8,0
L-27352,2024-09-13,38812.55,0.452,107,54,0,150000.00,ข้าราชการ,0,ปกติ,26,0
L-27713,2024-09-13,26227.91,0.607,144,64,0,50000.00,ข้าราชการ,1,ปิดบัญชีแล้ว,8,0
L-29271,2024-09-13,48999.23,0.159,211,60,4,300000.00,ธุรกิจส่วนตัว,0,ปกติ,8,0
L-30484,2024-09-13,54344.32,0.585,210,46,5,100000.00,ข้าราชการ,1,ปกติ,4,0
L-30850,2024-09-13,28403.73,0.154,115,22,0,50000.00,ธุรกิจส่วนตัว,0,ปกติ,0,0
L-31521,2024-09-13,23084.40,0.478,15,23,3,150000.00,อาชีพอิสระ,2,ปิดบัญชีแล้ว,17,0
L-20357,2024-09-14,40478.00,0.777,2,41,0,150000.00,พนักงานประจำ,0,ปกติ,7,0
L-20365,2024-09-14,29549.92,0.506,31,22,1,500000.00,ข้าราชการ,1,ปกติ,13,0
L-22120,2024-09-14,57343.35,0.427,183,59,3,50000.00,ธุรกิจส่วนตัว,1,ปกติ,16,0
L-22450,2024-09-14,26035.14,0.35,212,25,1,50000.00,ข้าราชการ,1,ปกติ,1,0
L-23887,2024-09-14,15509.34,0.391,11,50,4,50000.00,พนักงานประจำ,2,ปิดบัญชีแล้ว,21,0
L-25784,2024-09-14,23166.17,0.255,84,31,4,200000.00,ข้าราชการ,4,ค้างชำระ,120,1
L-26049,2024-09-14,14400.02,0.547,41,24,2,100000.00,พนักงานประจำ,2,ปิดบัญชีแล้ว,5,0
L-26209,2024-09-14,25476.04,0.14,19,44,4,50000.00,พนักงานประจำ,0,ปกติ,18,0
L-29211,2024-09-14,39417.65,0.43,42,33,3,200000.00,ธุรกิจส่วนตัว,1,ปิดบัญชีแล้ว,6,0
L-30673,2024-09-14,14615.02,0.475,224,54,2,100000.00,พนักงานประจำ,0,ปกติ,30,0
L-31154,2024-09-14,26982.47,0.392,216,56,1,100000.00,พนักงานประจำ,2,ปกติ,10,0
L-21530,2024-09-15,9000.00,0.65,133,32,1,50000.00,พนักงานประจำ,1,ปกติ,4,0
L-25538,2024-09-15,11027.11,0.632,212,23,4,50000.00,ธุรกิจส่วนตัว,0,ปกติ,23,0
L-28387,2024-09-15,11694.99,0.224,90,48,2,50000.00,ธุรกิจส่วนตัว,1,ปิดบัญชีแล้ว,28,0
L-28555,2024-09-15,21269.62,0.407,155,60,4,500000.00,ธุรกิจส่วนตัว,2,ปกติ,8,0
L-28993,2024-09-15,54373.97,0.278,51,38,6,50000.00,ข้าราชการ,0,ปกติ,10,0
L-29884,2024-09-15,14898.11,0.623,181,45,3,50000.00,พนักงานประจำ,2,ปกติ,21,0
L-30136,2024-09-15,26452.64,0.66,193,35,0,200000.00,ธุรกิจส่วนตัว,0,ปกติ,13,0
L-30986,2024-09-15,41405.46,0.294,177,21,4,150000.00,อาชีพอิสระ,0,ปิดบัญชีแล้ว,7,0
L-31095,2024-09-15,36305.98,0.437,79,39,0,50000.00,ธุรกิจส่วนตัว,1,ปกติ,17,0
L-31583,2024-09-15,27985.69,0.132,140,48,5,150000.00,ธุรกิจส่วนตัว,0,ปกติ,28,0
L-20927,2024-09-16,41647.74,0.225,190,50,0,150000.00,พนักงานประจำ,1,ปกติ,1,0
L-21384,2024-09-16,49612.72,0.531,238,28,3,50000.00,อาชีพอิสระ,0,ปกติ,16,0
L-21677,2024-09-16,24172.70,0.276,134,41,2,50000.00,ธุรกิจส่วนตัว,5,ค้างชำระ,123,1
L-21813,2024-09-16,47180.16,0.538,193,26,3,200000.00,พนักงานประจำ,0,ปกติ,2,0
L-22384,2024-09-16,9000.00,0.363,117,22,2,100000.00,พนักงานประจำ,1,ปกติ,3,0
L-23101,2024-09-16,32043.07,0.747,100,37,0,500000.00,ข้าราชการ,4,ค้างชำระ,98,1
L-24340,2024-09-16,13011.27,0.484,20,26,0,100000.00,อาชีพอิสระ,2,ปกติ,26,0
L-26798,2024-09-16,37240.42,0.302,3,30,5,500000.00,ธุรกิจส่วนตัว,10,ค้างชำระ,99,1
L-27983,2024-09-16,38132.76,0.173,201,53,6,200000.00,อาชีพอิสระ,1,ปกติ,1,0
L-20021,2024-09-17,18212.51,0.463,84,61,6,500000.00,พนักงานประจำ,10,ค้างชำระ,90,1
L-20261,2024-09-17,37969.96,0.141,77,29,1,100000.00,พนักงานประจำ,0,ปกติ,17,0
L-21120,2024-09-17,34094.65,0.644,210,36,2,300000.00,ข้าราชการ,5,ค้างชำระ,140,1
L-21950,2024-09-17,38859.32,0.736,75,21,6,500000.00,พนักงานประจำ,13,ค้างชำระ,93,1
L-25599,2024-09-17,46889.08,0.292,199,38,3,500000.00,อาชีพอิสระ,1,ปกติ,15,0
L-25860,2024-09-17,58066.96,0.358,91,46,3,50000.00,ธุรกิจส่วนตัว,2,ปกติ,9,0
L-26390,2024-09-17,40748.64,0.617,9,46,4,500000.00,ธุรกิจส่วนตัว,10,ค้างชำระ,101,1
L-27037,2024-09-17,38485.69,0.369,182,34,6,100000.00,อาชีพอิสระ,1,ปกติ,3,0
L-27087,2024-09-17,29556.81,0.458,163,61,3,200000.00,อาชีพอิสระ,0,ปิดบัญชีแล้ว,18,0
L-28150,2024-09-17,24717.32,0.02,107,25,1,50000.00,ข้าราชการ,0,ปกติ,16,0
L-28904,2024-09-17,19119.08,0.356,57,59,4,150000.00,อาชีพอิสระ,1,ปกติ,20,0
L-29185,2024-09-17,15007.55,0.45,4,30,5,150000.00,อาชีพอิสระ,2,ปกติ,1,0
L-30520,2024-09-17,16768.36,0.375,159,22,1,200000.00,ข้าราชการ,1,ปกติ,25,0
L-31979,2024-09-17,9000.00,0.448,23,37,1,500000.00,พนักงานประจำ,0,ปกติ,16,0
L-21282,2024-09-18,44939.98,0.282,123,31,1,50000.00,อาชีพอิสระ,2,ปกติ,29,0
L-22238,2024-09-18,16024.60,0.81,146,23,6,500000.00,อาชีพอิสระ,10,ค้างชำระ,62,1
L-22946,2024-09-18,33706.71,0.486,1,37,4,100000.00,ธุรกิจส่วนตัว,3,ค้างชำระ,114,1
L-23820,2024-09-18,21340.02,0.233,173,59,5,300000.00,ข้าราชการ,2,ปิดบัญชีแล้ว,30,0
L-24156,2024-09-18,53274.40,0.281,205,32,0,200000.00,ข้าราชการ,0,ปกติ,20,0
L-24834,2024-09-18,35572.06,0.346,8,50,0,300000.00,พนักงานประจำ,0,ปกติ,7,0
L-25430,2024-09-18,35072.77,0.45,215,65,6,500000.00,ธุรกิจส่วนตัว,1,ปิดบัญชีแล้ว,14,0
L-26408,2024-09-18,21103.26,0.55,27,47,3,150000.00,พนักงานประจำ,2,ปกติ,17,0
L-26786,2024-09-18,43295.30,0.312,117,38,1,50000.00,ข้าราชการ,0,ปกติ,5,0
L-26941,2024-09-18,33615.59,0.457,179,28,6,300000.00,ธุรกิจส่วนตัว,1,ปกติ,10,0
L-28647,2024-09-18,9000.00,0.02,74,53,3,200000.00,ธุรกิจส่วนตัว,1,ปกติ,20,0
L-29010,2024-09-18,25446.78,0.244,210,22,3,300000.00,ธุรกิจส่วนตัว,6,ค้างชำระ,59,1
L-29630,2024-09-18,46500.19,0.71,25,33,2,300000.00,อาชีพอิสระ,1,ปกติ,1,0
L-30045,2024-09-18,9000.00,0.02,168,63,1,200000.00,พนักงานประจำ,2,ปกติ,4,0
L-30314,2024-09-18,64682.35,0.456,63,24,1,100000.00,พนักงานประจำ,0,ปิดบัญชีแล้ว,26,0
L-20314,2024-09-19,16813.85,0.191,67,38,4,150000.00,ธุรกิจส่วนตัว,0,ปกติ,6,0
L-21263,2024-09-19,35533.55,0.235,221,56,4,300000.00,ธุรกิจส่วนตัว,1,ปกติ,11,0
L-22351,2024-09-19,10911.79,0.221,145,31,0,500000.00,ข้าราชการ,2,ปกติ,30,0
L-24248,2024-09-19,24584.81,0.142,74,52,3,500000.00,พนักงานประจำ,1,ปกติ,13,0
L-24320,2024-09-19,47950.83,0.078,36,26,0,50000.00,ธุรกิจส่วนตัว,2,ปกติ,24,0
L-25936,2024-09-19,59483.04,0.521,59,45,0,200000.00,อาชีพอิสระ,1,ปิดบัญชีแล้ว,19,0
L-26403,2024-09-19,43431.22,0.363,103,43,1,300000.00,ข้าราชการ,2,ปกติ,5,0
L-26952,2024-09-19,36532.26,0.812,136,24,3,50000.00,ธุรกิจส่วนตัว,2,ปกติ,14,0
L-27017,2024-09-19,27390.05,0.255,100,21,1,200000.00,ธุรกิจส่วนตัว,1,ปกติ,5,0
L-27874,2024-09-19,21586.58,0.22,126,63,4,200000.00,ธุรกิจส่วนตัว,1,ปกติ,14,0
L-30210,2024-09-19,44654.86,0.342,193,25,5,500000.00,พนักงานประจำ,0,ปิดบัญชีแล้ว,11,0
L-31061,2024-09-19,9000.00,0.255,35,50,5,50000.00,พนักงานประจำ,0,ปกติ,8,0
L-20597,2024-09-20,46063.91,0.528,201,37,5,300000.00,อาชีพอิสระ,2,ปิดบัญชีแล้ว,30,0
L-24518,2024-09-20,29232.86,0.417,162,60,6,500000.00,ข้าราชการ,1,ปกติ,0,0
L-25241,2024-09-20,47026.94,0.214,41,61,2,200000.00,ข้าราชการ,1,ปกติ,29,0
L-25350,2024-09-20,21967.66,0.176,53,21,1,300000.00,ข้าราชการ,2,ปกติ,29,0
L-25769,2024-09-20,32224.39,0.053,142,64,4,500000.00,ธุรกิจส่วนตัว,1,ปิดบัญชีแล้ว,8,0
L-26481,2024-09-20,9000.00,0.478,161,57,1,150000.00,พนักงานประจำ,0,ปกติ,13,0
L-27295,2024-09-20,28301.76,0.071,159,31,6,150000.00,พนักงานประจำ,1,ปกติ,0,0
L-29078,2024-09-20,54668.90,0.476,13,27,0,300000.00,ธุรกิจส่วนตัว,0,ปิดบัญชีแล้ว,28,0
L-29906,2024-09-20,22170.94,0.265,190,32,6,100000.00,ข้าราชการ,0,ปกติ,29,0
L-30070,2024-09-20,29068.94,0.778,82,29,6,100000.00,พนักงานประจำ,13,ค้างชำระ,54,1
L-20079,2024-09-21,9497.49,0.249,232,50,1,500000.00,ข้าราชการ,1,ปิดบัญชีแล้ว,25,0
L-24116,2024-09-21,29492.07,0.212,218,31,4,150000.00,อาชีพอิสระ,0,ปกติ,23,0
L-25085,2024-09-21,15643.70,0.167,235,61,2,150000.00,ข้าราชการ,2,ปิดบัญชีแล้ว,26,0
L-28491,2024-09-21,53853.66,0.02,58,38,6,150000.00,อาชีพอิสระ,0,ปิดบัญชีแล้ว,3,0
L-28810,2024-09-21,18405.08,0.345,69,47,3,100000.00,ข้าราชการ,2,ปิดบัญชีแล้ว,11,0
L-30293,2024-09-21,17139.95,0.281,123,21,2,50000.00,อาชีพอิสระ,1,ปิดบัญชีแล้ว,28,0
L-31714,2024-09-21,38100.09,0.554,19,57,3,300000.00,ข้าราชการ,4,ค้างชำระ,70,1
L-20147,2024-09-22,28200.82,0.514,121,25,5,200000.00,พนักงานประจำ,1,ปกติ,26,0
L-20675,2024-09-22,33235.88,0.346,238,57,0,300000.00,พนักงานประจำ,0,ปกติ,25,0
L-21630,2024-09-22,14598.50,0.45,144,50,1,300000.00,ข้าราชการ,1,ปกติ,6,0
L-23173,2024-09-22,30395.19,0.428,63,31,4,500000.00,ข้าราชการ,0,ปิดบัญชีแล้ว,19,0
L-25626,2024-09-22,48925.43,0.43,101,64,2,500000.00,ธุรกิจส่วนตัว,4,ค้างชำระ,77,1
L-27372,2024-09-22,16704.03,0.478,57,42,3,300000.00,ธุรกิจส่วนตัว,0,ปกติ,25,0
L-28199,2024-09-22,35833.18,0.631,224,58,1,300000.00,พนักงานประจำ,5,ค้างชำระ,178,1
L-29248,2024-09-22,20116.77,0.452,212,34,0,100000.00,ข้าราชการ,2,ปกติ,28,0
L-29793,2024-09-22,32109.35,0.113,53,42,2,100000.00,ข้าราชการ,2,ปกติ,0,0
L-30991,2024-09-22,49574.20,0.228,69,40,4,300000.00,ข้าราชการ,0,ปิดบัญชีแล้ว,22,0
L-31197,2024-09-22,40837.83,0.285,44,27,5,300000.00,พนักงานประจำ,0,ปกติ,4,0
L-21612,2024-09-23,22690.16,0.699,218,40,3,300000.00,พนักงานประจำ,1,ปกติ,25,0
L-21851,2024-09-23,28299.44,0.415,202,59,3,150000.00,ข้าราชการ,2,ปกติ,17,0
L-23383,2024-09-23,20458.93,0.357,39,35,1,50000.00,อาชีพอิสระ,1,ปิดบัญชีแล้ว,14,0
L-24148,2024-09-23,24159.68,0.179,197,45,1,300000.00,พนักงานประจำ,0,ปิดบัญชีแล้ว,24,0
L-24313,2024-09-23,39593.70,0.379,125,45,2,150000.00,ธุรกิจส่วนตัว,1,ปิดบัญชีแล้ว,26,0
L-24714,2024-09-23,42998.00,0.132,142,32,0,150000.00,ธุรกิจส่วนตัว,1,ปกติ,26,0
L-24753,2024-09-23,9000.00,0.507,38,41,0,150000.00,อาชีพอิสระ,1,ปกติ,0,0
L-25713,2024-09-23,17424.01,0.528,90,48,1,150000.00,อาชีพอิสระ,11,ค้างชำระ,157,1
L-26459,2024-09-23,23981.54,0.392,63,54,5,150000.00,พนักงานประจำ,1,ปกติ,17,0
L-27417,2024-09-23,29528.71,0.361,130,21,0,500000.00,ข้าราชการ,1,ปิดบัญชีแล้ว,11,0
L-30348,2024-09-23,35242.84,0.581,111,58,4,150000.00,ข้าราชการ,1,ปิดบัญชีแล้ว,0,0
L-21319,2024-09-24,49809.33,0.548,48,25,6,300000.00,ข้าราชการ,0,ปิดบัญชีแล้ว,28,0
L-21485,2024-09-24,51393.65,0.449,150,64,3,100000.00,ธุรกิจส่วนตัว,1,ปกติ,29,0
L-24705,2024-09-24,51250.71,0.279,138,61,3,150000.00,ธุรกิจส่วนตัว,1,ปกติ,18,0
L-25030,2024-09-24,21859.87,0.288,215,42,4,300000.00,พนักงานประจำ,1,ปกติ,20,0
L-25063,2024-09-24,30264.21,0.563,21,55,5,150000.00,ข้าราชการ,1,ปกติ,28,0
L-25332,2024-09-24,37174.00,0.349,96,60,5,300000.00,อาชีพอิสระ,2,ปกติ,19,0
L-26061,2024-09-24,39818.06,0.382,53,56,2,200000.00,พนักงานประจำ,0,ปกติ,18,0
L-26846,2024-09-24,27031.56,0.43,193,53,3,100000.00,ธุรกิจส่วนตัว,0,ปกติ,19,0
L-28258,2024-09-24,38808.48,0.347,200,65,6,200000.00,อาชีพอิสระ,0,ปกติ,15,0
L-31511,2024-09-24,25335.00,0.24,93,53,2,100000.00,พนักงานประจำ,1,ปิดบัญชีแล้ว,21,0
L-21113,2024-09-25,53150.85,0.02,55,64,0,500000.00,ข้าราชการ,2,ปกติ,14,0
L-21697,2024-09-25,19973.19,0.37,132,45,4,500000.00,ข้าราชการ,1,ปกติ,26,0
L-22132,2024-09-25,32026.08,0.781,7,33,1,150000.00,ข้าราชการ,2,ปกติ,30,0
L-27390,2024-09-25,9000.00,0.382,215,57,4,100000.00,ข้าราชการ,0,ปกติ,20,0
L-27730,2024-09-25,9508.70,0.409,96,34,5,300000.00,ข้าราชการ,4,ค้างชำระ,147,1
L-28033,2024-09-25,9000.00,0.452,166,47,6,200000.00,ข้าราชการ,0,ปกติ,18,0
L-29419,2024-09-25,12924.30,0.276,3,49,5,100000.00,ข้าราชการ,1,ปิดบัญชีแล้ว,24,0
L-29709,2024-09-25,34463.45,0.263,3,21,1,300000.00,ข้าราชการ,2,ปกติ,7,0
L-30738,2024-09-25,44370.65,0.261,45,47,4,300000.00,ธุรกิจส่วนตัว,0,ปกติ,22,0
L-21261,2024-09-26,18983.28,0.549,13,29,1,100000.00,พนักงานประจำ,1,ปิดบัญชีแล้ว,24,0
L-23307,2024-09-26,36071.87,0.151,132,46,4,500000.00,อาชีพอิสระ,1,ปิดบัญชีแล้ว,14,0
L-23731,2024-09-26,49990.63,0.371,165,51,4,150000.00,พนักงานประจำ,2,ปกติ,24,0
L-26115,2024-09-26,36731.78,0.391,207,57,2,300000.00,อาชีพอิสระ,0,ปิดบัญชีแล้ว,29,0
L-26646,2024-09-26,26606.07,0.054,130,50,4,200000.00,อาชีพอิสระ,0,ปิดบัญชีแล้ว,3,0
L-26772,2024-09-26,33911.32,0.445,82,62,5,150000.00,ธุรกิจส่วนตัว,2,ปกติ,13,0
L-27533,2024-09-26,66213.25,0.311,160,32,1,50000.00,อาชีพอิสระ,2,ปิดบัญชีแล้ว,0,0
L-28576,2024-09-26,34098.21,0.395,142,61,2,200000.00,พนักงานประจำ,2,ปกติ,9,0
L-28898,2024-09-26,30963.63,0.41,0,63,3,300000.00,อาชีพอิสระ,0,ปิดบัญชีแล้ว,16,0
L-29104,2024-09-26,53896.20,0.037,114,53,3,150000.00,ข้าราชการ,1,ปกติ,28,0
L-30591,2024-09-26,27340.41,0.627,240,40,1,150000.00,ข้าราชการ,0,ปิดบัญชีแล้ว,24,0
L-23172,2024-09-27,15781.13,0.426,144,63,0,100000.00,ข้าราชการ,0,ปกติ,20,0
L-24193,2024-09-27,72849.79,0.341,75,56,3,100000.00,ข้าราชการ,2,ปกติ,0,0
L-25092,2024-09-27,26065.61,0.192,144,48,4,50000.00,พนักงานประจำ,2,ปิดบัญชีแล้ว,24,0
L-25977,2024-09-27,27306.03,0.352,84,49,6,500000.00,พนักงานประจำ,2,ปกติ,6,0
L-27262,2024-09-27,34688.73,0.379,183,59,4,150000.00,อาชีพอิสระ,2,ปกติ,4,0
L-28409,2024-09-27,29349.36,0.528,203,23,1,100000.00,ข้าราชการ,2,ปิดบัญชีแล้ว,12,0
L-28660,2024-09-27,52185.41,0.714,199,27,4,200000.00,ธุรกิจส่วนตัว,0,ปกติ,5,0
L-29548,2024-09-27,40943.35,0.384,96,53,3,300000.00,ข้าราชการ,0,ปกติ,20,0
L-29802,2024-09-27,13401.47,0.696,58,47,4,100000.00,อาชีพอิสระ,3,ค้างชำระ,173,1
L-30006,2024-09-27,20996.72,0.83,24,34,1,150000.00,อาชีพอิสระ,2,ปกติ,23,0
L-30318,2024-09-27,9000.00,0.273,8,39,2,500000.00,อาชีพอิสระ,2,ปกติ,15,0
L-30361,2024-09-27,43361.85,0.17,203,39,5,300000.00,ข้าราชการ,0,ปิดบัญชีแล้ว,8,0
L-31565,2024-09-27,26596.38,0.237,62,21,3,100000.00,อาชีพอิสระ,0,ปิดบัญชีแล้ว,26,0
L-31895,2024-09-27,34841.85,0.534,143,59,6,150000.00,ธุรกิจส่วนตัว,2,ปิดบัญชีแล้ว,9,0
L-21036,2024-09-28,28662.01,0.276,170,28,5,100000.00,ธุรกิจส่วนตัว,0,ปิดบัญชีแล้ว,17,0
L-22112,2024-09-28,41760.75,0.408,217,44,1,300000.00,ข้าราชการ,1,ปกติ,29,0
L-22573,2024-09-28,36640.49,0.358,181,40,2,100000.00,ธุรกิจส่วนตัว,0,ปกติ,26,0
L-22780,2024-09-28,43373.03,0.444,50,22,0,100000.00,ธุรกิจส่วนตัว,1,ปกติ,26,0
L-23019,2024-09-28,23603.34,0.385,231,53,3,200000.00,ธุรกิจส่วนตัว,1,ปกติ,10,0
L-27036,2024-09-28,57735.24,0.418,84,47,4,150000.00,ธุรกิจส่วนตัว,2,ปกติ,15,0
L-27166,2024-09-28,25984.18,0.468,81,40,6,300000.00,ธุรกิจส่วนตัว,1,ปกติ,5,0
L-28516,2024-09-28,61547.30,0.636,167,22,5,50000.00,ธุรกิจส่วนตัว,0,ปิดบัญชีแล้ว,11,0
L-29543,2024-09-28,42197.56,0.693,136,64,6,50000.00,ธุรกิจส่วนตัว,2,ปกติ,3,0
L-30114,2024-09-28,31556.41,0.487,134,26,0,100000.00,ธุรกิจส่วนตัว,13,ค้างชำระ,154,1
L-30468,2024-09-28,42415.41,0.222,181,52,3,200000.00,ธุรกิจส่วนตัว,1,ปกติ,15,0
L-20482,2024-09-29,12725.72,0.36,198,64,1,50000.00,อาชีพอิสระ,1,ปกติ,13,0
L-21027,2024-09-29,41321.21,0.244,108,42,3,50000.00,พนักงานประจำ,2,ปกติ,20,0
L-21396,2024-09-29,14990.52,0.689,219,27,5,500000.00,ข้าราชการ,4,ค้างชำระ,158,1
L-23060,2024-09-29,27818.15,0.602,195,55,6,150000.00,ธุรกิจส่วนตัว,2,ปกติ,13,0
L-25825,2024-09-29,25184.22,0.697,93,53,5,200000.00,ธุรกิจส่วนตัว,1,ปิดบัญชีแล้ว,9,0
L-26032,2024-09-29,31027.41,0.463,151,45,3,50000.00,พนักงานประจำ,1,ปิดบัญชีแล้ว,9,0
L-26536,2024-09-29,33068.73,0.553,14,31,4,200000.00,ธุรกิจส่วนตัว,0,ปิดบัญชีแล้ว,2,0
L-26619,2024-09-29,16789.47,0.477,186,40,0,300000.00,ข้าราชการ,2,ปกติ,11,0
L-26951,2024-09-29,10155.91,0.266,213,37,1,200000.00,ข้าราชการ,1,ปกติ,3,0
L-31078,2024-09-29,17906.99,0.367,236,39,2,150000.00,ธุรกิจส่วนตัว,2,ปกติ,11,0
L-31275,2024-09-29,26657.97,0.453,129,56,2,300000.00,ธุรกิจส่วนตัว,14,ค้างชำระ,152,1
L-31579,2024-09-29,50389.28,0.541,191,42,3,50000.00,ธุรกิจส่วนตัว,0,ปิดบัญชีแล้ว,11,0
L-20622,2024-09-30,30390.58,0.429,223,54,0,150000.00,อาชีพอิสระ,0,ปกติ,21,0
L-20828,2024-09-30,44307.93,0.417,28,63,0,150000.00,ข้าราชการ,12,ค้างชำระ,59,1
L-22233,2024-09-30,24651.81,0.304,173,37,0,500000.00,ธุรกิจส่วนตัว,0,ปิดบัญชีแล้ว,25,0
L-23374,2024-09-30,9000.00,0.461,204,25,2,50000.00,ข้าราชการ,2,ปกติ,26,0
L-26787,2024-09-30,25588.00,0.45,139,29,5,100000.00,ธุรกิจส่วนตัว,0,ปกติ,12,0
L-27242,2024-09-30,39794.20,0.449,20,44,3,500000.00,พนักงานประจำ,0,ปกติ,10,0
L-29064,2024-09-30,28712.93,0.242,224,51,0,50000.00,พนักงานประจำ,0,ปกติ,19,0
L-29206,2024-09-30,17156.97,0.293,188,31,6,100000.00,อาชีพอิสระ,2,ปกติ,12,0
L-30648,2024-09-30,43991.13,0.328,48,50,2,100000.00,ข้าราชการ,0,ปกติ,2,0
L-30933,2024-09-30,57730.21,0.429,142,30,3,150000.00,อาชีพอิสระ,0,ปิดบัญชีแล้ว,2,0
L-31184,2024-09-30,33846.79,0.471,50,28,2,50000.00,อาชีพอิสระ,2,ปกติ,13,0
L-21323,2024-10-01,53300.42,0.369,150,59,2,150000.00,ข้าราชการ,2,ปิดบัญชีแล้ว,29,0
L-23183,2024-10-01,20338.46,0.02,7,21,2,300000.00,ข้าราชการ,1,ปกติ,3,0
L-23484,2024-10-01,38643.71,0.205,206,53,4,300000.00,อาชีพอิสระ,1,ปิดบัญชีแล้ว,25,0
L-23747,2024-10-01,9000.00,0.46,186,55,3,500000.00,ธุรกิจส่วนตัว,11,ค้างชำระ,49,1
L-24535,2024-10-01,35870.79,0.578,99,48,5,500000.00,ธุรกิจส่วนตัว,1,ปกติ,22,0
L-26862,2024-10-01,42385.31,0.061,45,42,2,150000.00,ข้าราชการ,1,ปกติ,7,0
L-27061,2024-10-01,40697.99,0.603,113,58,5,200000.00,ธุรกิจส่วนตัว,2,ปกติ,0,0
L-30945,2024-10-01,43358.86,0.328,41,63,5,200000.00,ธุรกิจส่วนตัว,2,ปกติ,17,0
L-20169,2024-10-02,28411.54,0.525,92,37,6,50000.00,พนักงานประจำ,2,ปกติ,0,0
L-21770,2024-10-02,68343.33,0.305,112,51,0,50000.00,อาชีพอิสระ,1,ปกติ,28,0
L-23720,2024-10-02,34054.55,0.071,3,54,1,200000.00,พนักงานประจำ,0,ปิดบัญชีแล้ว,7,0
L-24479,2024-10-02,47776.10,0.505,47,55,3,200000.00,ธุรกิจส่วนตัว,1,ปิดบัญชีแล้ว,28,0
L-24647,2024-10-02,29885.75,0.278,100,56,5,200000.00,ข้าราชการ,0,ปกติ,26,0
L-25232,2024-10-02,27405.05,0.236,126,28,2,200000.00,พนักงานประจำ,1,ปกติ,6,0
L-25864,2024-10-02,45962.37,0.381,138,43,5,500000.00,ข้าราชการ,2,ปกติ,13,0
L-26207,2024-10-02,48401.10,0.528,170,36,1,100000.00,ธุรกิจส่วนตัว,0,ปกติ,16,0
L-27403,2024-10-02,38885.19,0.515,111,50,0,200000.00,ธุรกิจส่วนตัว,2,ปกติ,24,0
L-27681,2024-10-02,19006.64,0.232,118,62,1,100000.00,พนักงานประจำ,0,ปิดบัญชีแล้ว,16,0
L-27820,2024-10-02,9000.00,0.378,183,50,5,200000.00,ธุรกิจส่วนตัว,1,ปกติ,24,0
L-28165,2024-10-02,30357.07,0.02,72,51,2,50000.00,ธุรกิจส่วนตัว,1,ปกติ,24,0
L-28624,2024-10-02,34937.29,0.153,230,34,5,100000.00,อาชีพอิสระ,0,ปกติ,5,0
L-20111,2024-10-03,39256.27,0.642,132,26,2,500000.00,อาชีพอิสระ,12,ค้างชำระ,90,1
L-21698,2024-10-03,55984.06,0.381,226,33,2,300000.00,ธุรกิจส่วนตัว,1,ปกติ,8,0
L-25069,2024-10-03,12763.79,0.311,190,49,5,300000.00,ธุรกิจส่วนตัว,0,ปกติ,0,0
L-25960,2024-10-03,9000.00,0.777,147,52,2,50000.00,อาชีพอิสระ,5,ค้างชำระ,60,1
L-26549,2024-10-03,34797.19,0.533,169,29,6,200000.00,พนักงานประจำ,0,ปิดบัญชีแล้ว,13,0
L-28250,2024-10-03,59807.72,0.02,95,61,3,100000.00,พนักงานประจำ,1,ปิดบัญชีแล้ว,16,0
L-29056,2024-10-03,26441.08,0.244,165,25,6,150000.00,ข้าราชการ,9,ค้างชำระ,110,1
L-29114,2024-10-03,35436.29,0.301,78,33,2,300000.00,ธุรกิจส่วนตัว,0,ปกติ,15,0
L-30453,2024-10-03,17100.28,0.408,97,26,3,100000.00,พนักงานประจำ,1,ปกติ,6,0
L-30537,2024-10-03,9000.00,0.155,176,40,4,200000.00,ข้าราชการ,3,ค้างชำระ,115,1
L-24061,2024-10-04,36158.21,0.403,172,27,3,50000.00,ข้าราชการ,0,ปิดบัญชีแล้ว,9,0
L-24863,2024-10-04,25147.89,0.42,74,55,2,500000.00,พนักงานประจำ,1,ปกติ,15,0
L-26074,2024-10-04,13466.87,0.325,43,57,6,100000.00,ธุรกิจส่วนตัว,13,ค้างชำระ,158,1
L-27414,2024-10-04,38552.38,0.324,223,45,2,500000.00,พนักงานประจำ,0,ปกติ,0,0
L-27954,2024-10-04,47858.32,0.547,44,59,5,300000.00,พนักงานประจำ,3,ค้างชำระ,63,1
L-30901,2024-10-04,9000.00,0.201,237,41,3,50000.00,พนักงานประจำ,0,ปกติ,25,0
L-31395,2024-10-04,20990.14,0.286,95,21,2,200000.00,ข้าราชการ,5,ค้างชำระ,107,1
L-31578,2024-10-04,58528.35,0.086,165,31,1,200000.00,ธุรกิจส่วนตัว,0,ปิดบัญชีแล้ว,16,0
L-21864,2024-10-05,9777.61,0.114,220,65,6,150000.00,ข้าราชการ,0,ปกติ,17,0
L-21968,2024-10-05,20492.12,0.183,76,56,2,100000.00,ข้าราชการ,1,ปกติ,17,0
L-22208,2024-10-05,29991.71,0.125,216,45,1,500000.00,พนักงานประจำ,0,ปกติ,7,0
L-22268,2024-10-05,23287.09,0.349,58,51,3,500000.00,ธุรกิจส่วนตัว,1,ปกติ,29,0
L-22852,2024-10-05,33538.02,0.196,56,43,2,500000.00,พนักงานประจำ,11,ค้างชำระ,143,1
L-27605,2024-10-05,25308.75,0.583,83,45,5,300000.00,ธุรกิจส่วนตัว,6,ค้างชำระ,92,1
L-27626,2024-10-05,23618.37,0.556,21,33,3,500000.00,ข้าราชการ,2,ปิดบัญชีแล้ว,10,0
L-28534,2024-10-05,28798.29,0.186,24,56,3,500000.00,พนักงานประจำ,0,ปิดบัญชีแล้ว,4,0
L-28830,2024-10-05,32850.99,0.167,136,64,0,150000.00,อาชีพอิสระ,0,ปกติ,0,0
L-28891,2024-10-05,39518.18,0.653,63,34,3,500000.00,อาชีพอิสระ,0,ปกติ,20,0
L-29885,2024-10-05,41620.61,0.276,57,34,1,150000.00,พนักงานประจำ,2,ปกติ,20,0
L-29924,2024-10-05,46341.59,0.766,6,64,4,50000.00,พนักงานประจำ,2,ปกติ,25,0
L-20219,2024-10-06,52517.27,0.407,240,37,1,50000.00,อาชีพอิสระ,2,ปกติ,10,0
L-25050,2024-10-06,33897.31,0.393,151,28,6,300000.00,อาชีพอิสระ,2,ปกติ,11,0
L-26103,2024-10-06,22367.63,0.409,158,58,1,100000.00,อาชีพอิสระ,1,ปกติ,2,0
L-26245,2024-10-06,38840.78,0.169,104,35,1,150000.00,ธุรกิจส่วนตัว,1,ปกติ,21,0
L-26954,2024-10-06,39723.37,0.201,20,46,3,200000.00,อาชีพอิสระ,1,ปิดบัญชีแล้ว,21,0
L-27104,2024-10-06,56646.95,0.45,73,34,3,50000.00,อาชีพอิสระ,2,ปิดบัญชีแล้ว,18,0
L-29378,2024-10-06,56392.27,0.572,117,54,1,100000.00,อาชีพอิสระ,0,ปกติ,27,0
L-29683,2024-10-06,30498.75,0.724,10,43,0,50000.00,ข้าราชการ,6,ค้างชำระ,155,1
L-30224,2024-10-06,53181.75,0.251,209,40,1,200000.00,ธุรกิจส่วนตัว,0,ปกติ,24,0
L-31218,2024-10-06,10673.87,0.451,66,26,5,200000.00,ข้าราชการ,0,ปกติ,22,0
L-31841,2024-10-06,24065.34,0.414,102,22,2,150000.00,ข้าราชการ,6,ค้างชำระ,113,1
L-22414,2024-10-07,28791.62,0.682,86,22,2,200000.00,ข้าราชการ,1,ปกติ,8,0
L-22782,2024-10-07,17619.28,0.344,189,55,4,50000.00,ธุรกิจส่วนตัว,2,ปิดบัญชีแล้ว,13,0
L-22805,2024-10-07,47341.72,0.523,225,65,3,150000.00,ธุรกิจส่วนตัว,2,ปกติ,3,0
L-23108,2024-10-07,21016.45,0.363,168,47,5,150000.00,อาชีพอิสระ,1,ปกติ,3,0
L-23261,2024-10-07,9000.00,0.1,130,31,5,50000.00,ข้าราชการ,2,ปกติ,3,0
L-23674,2024-10-07,32022.30,0.391,191,65,6,200000.00,ข้าราชการ,0,ปกติ,5,0
L-23798,2024-10-07,29430.39,0.401,202,26,2,100000.00,ข้าราชการ,2,ปกติ,25,0
L-24368,2024-10-07,33032.33,0.312,36,61,4,150000.00,อาชีพอิสระ,1,ปกติ,23,0
L-24606,2024-10-07,25872.41,0.02,211,54,5,500000.00,ธุรกิจส่วนตัว,0,ปิดบัญชีแล้ว,4,0
L-25710,2024-10-07,30521.23,0.596,185,64,0,150000.00,ข้าราชการ,1,ปิดบัญชีแล้ว,2,0
L-26923,2024-10-07,50468.23,0.308,65,44,5,150000.00,ธุรกิจส่วนตัว,1,ปกติ,5,0
L-27170,2024-10-07,31852.34,0.279,233,45,5,500000.00,พนักงานประจำ,14,ค้างชำระ,150,1
L-29331,2024-10-07,16938.62,0.526,76,37,5,500000.00,ธุรกิจส่วนตัว,1,ปกติ,4,0
L-30062,2024-10-07,31487.82,0.735,2,46,3,300000.00,ข้าราชการ,2,ปกติ,12,0
L-30607,2024-10-07,33075.85,0.394,15,26,1,100000.00,พนักงานประจำ,0,ปกติ,10,0
L-22526,2024-10-08,22240.08,0.272,101,62,6,500000.00,ธุรกิจส่วนตัว,11,ค้างชำระ,141,1
L-24728,2024-10-08,47844.14,0.026,146,60,2,100000.00,อาชีพอิสระ,1,ปิดบัญชีแล้ว,15,0
L-25610,2024-10-08,38845.30,0.63,132,22,4,200000.00,ธุรกิจส่วนตัว,10,ค้างชำระ,122,1
L-27127,2024-10-08,64522.23,0.353,141,46,4,50000.00,อาชีพอิสระ,1,ปกติ,18,0
L-28172,2024-10-08,11739.07,0.415,145,32,1,500000.00,ธุรกิจส่วนตัว,2,ปกติ,25,0
L-30499,2024-10-08,36060.66,0.126,211,48,6,500000.00,อาชีพอิสระ,1,ปกติ,5,0
L-31054,2024-10-08,33744.85,0.478,3,48,5,100000.00,ข้าราชการ,1,ปกติ,15,0
L-31589,2024-10-08,15067.56,0.234,5,42,6,200000.00,อาชีพอิสระ,1,ปิดบัญชีแล้ว,8,0
L-21109,2024-10-09,24370.93,0.655,134,37,2,500000.00,พนักงานประจำ,2,ปกติ,20,0
L-21171,2024-10-09,40769.54,0.488,90,32,3,50000.00,ธุรกิจส่วนตัว,0,ปกติ,4,0
L-21603,2024-10-09,44216.37,0.336,57,42,3,300000.00,อาชีพอิสระ,0,ปิดบัญชีแล้ว,18,0
L-23415,2024-10-09,18338.13,0.328,28,43,6,100000.00,พนักงานประจำ,0,ปิดบัญชีแล้ว,12,0
L-25209,2024-10-09,29035.54,0.407,146,39,5,150000.00,ข้าราชการ,0,ปิดบัญชีแล้ว,11,0
L-27002,2024-10-09,51674.44,0.394,153,49,0,500000.00,ข้าราชการ,2,ปกติ,10,0
L-29878,2024-10-09,29612.40,0.624,44,26,6,500000.00,ข้าราชการ,7,ค้างชำระ,48,1
L-20533,2024-10-10,20102.75,0.433,203,36,2,50000.00,ข้าราชการ,0,ปกติ,24,0
L-20764,2024-10-10,35169.13,0.384,62,56,0,200000.00,อาชีพอิสระ,2,ปกติ,13,0
L-20843,2024-10-10,43470.77,0.201,160,38,6,200000.00,อาชีพอิสระ,2,ปกติ,5,0
L-22141,2024-10-10,18923.38,0.57,173,62,0,50000.00,อาชีพอิสระ,2,ปกติ,2,0
L-22278,2024-10-10,23206.67,0.237,187,50,6,200000.00,ข้าราชการ,1,ปกติ,26,0
L-22933,2024-10-10,32188.27,0.159,163,28,5,100000.00,ข้าราชการ,0,ปกติ,2,0
L-24761,2024-10-10,25281.28,0.202,218,40,5,100000.00,ข้าราชการ,2,ปกติ,30,0
L-25061,2024-10-10,32154.84,0.226,180,22,4,200000.00,อาชีพอิสระ,1,ปิดบัญชีแล้ว,0,0
L-27055,2024-10-10,17617.51,0.404,35,29,4,200000.00,ธุรกิจส่วนตัว,0,ปกติ,17,0
L-27797,2024-10-10,39823.62,0.389,230,42,2,50000.00,ธุรกิจส่วนตัว,2,ปกติ,23,0
L-28190,2024-10-10,37913.38,0.234,13,30,0,50000.00,ข้าราชการ,1,ปกติ,13,0
L-28684,2024-10-10,55781.02,0.515,194,34,1,150000.00,ธุรกิจส่วนตัว,2,ปกติ,7,0
L-29256,2024-10-10,68561.80,0.198,91,65,2,50000.00,อาชีพอิสระ,2,ปกติ,10,0
L-29734,2024-10-10,45353.46,0.528,4,44,5,150000.00,ธุรกิจส่วนตัว,0,ปกติ,0,0
L-30048,2024-10-10,36783.56,0.346,205,26,1,50000.00,พนักงานประจำ,2,ปิดบัญชีแล้ว,24,0
L-30445,2024-10-10,12288.12,0.473,226,32,0,500000.00,ธุรกิจส่วนตัว,1,ปิดบัญชีแล้ว,30,0
L-30898,2024-10-10,31956.41,0.458,80,30,1,100000.00,พนักงานประจำ,2,ปกติ,3,0
L-31084,2024-10-10,13288.77,0.595,103,21,0,150000.00,พนักงานประจำ,5,ค้างชำระ,169,1
L-31901,2024-10-10,39843.43,0.293,6,27,2,300000.00,อาชีพอิสระ,0,ปิดบัญชีแล้ว,30,0
L-20277,2024-10-11,36581.94,0.95,227,64,5,150000.00,ธุรกิจส่วนตัว,14,ค้างชำระ,94,1
L-20561,2024-10-11,9000.00,0.615,28,56,2,300000.00,พนักงานประจำ,14,ค้างชำระ,94,1
L-21513,2024-10-11,18314.26,0.312,153,39,3,200000.00,ธุรกิจส่วนตัว,1,ปิดบัญชีแล้ว,14,0
L-26648,2024-10-11,27916.10,0.09,25,27,6,300000.00,ธุรกิจส่วนตัว,10,ค้างชำระ,125,1
L-27280,2024-10-11,33300.43,0.242,179,37,6,300000.00,ข้าราชการ,1,ปิดบัญชีแล้ว,9,0
L-28182,2024-10-11,40810.50,0.215,81,44,2,100000.00,ข้าราชการ,2,ปกติ,17,0
L-30016,2024-10-11,28694.18,0.42,237,38,2,300000.00,ธุรกิจส่วนตัว,0,ปกติ,3,0
L-30352,2024-10-11,57059.46,0.068,176,54,4,200000.00,อาชีพอิสระ,1,ปกติ,12,0
L-31942,2024-10-11,19520.43,0.382,37,44,4,100000.00,ข้าราชการ,1,ปกติ,5,0
L-20104,2024-10-12,13164.00,0.211,3,46,5,100000.00,อาชีพอิสระ,1,ปกติ,6,0
L-20879,2024-10-12,34830.18,0.437,189,58,3,50000.00,พนักงานประจำ,1,ปกติ,13,0
L-24205,2024-10-12,60222.62,0.267,184,55,5,150000.00,ข้าราชการ,1,ปกติ,16,0
L-24519,2024-10-12,24208.32,0.423,81,42,3,200000.00,ข้าราชการ,2,ปกติ,4,0
L-25149,2024-10-12,25632.67,0.325,124,22,0,200000.00,ข้าราชการ,0,ปกติ,8,0
L-25503,2024-10-12,15731.77,0.456,21,30,5,200000.00,ธุรกิจส่วนตัว,2,ปกติ,9,0
L-25911,2024-10-12,40677.85,0.174,145,35,4,200000.00,พนักงานประจำ,2,ปกติ,26,0
L-25915,2024-10-12,33426.08,0.333,74,34,5,200000.00,ธุรกิจส่วนตัว,1,ปกติ,20,0
L-28118,2024-10-12,38922.56,0.4,22,50,2,300000.00,พนักงานประจำ,2,ปิดบัญชีแล้ว,29,0
L-29276,2024-10-12,24986.85,0.299,205,65,6,500000.00,ข้าราชการ,0,ปกติ,26,0
L-29308,2024-10-12,31271.16,0.47,73,34,1,300000.00,พนักงานประจำ,2,ปิดบัญชีแล้ว,25,0
L-29369,2024-10-12,17106.96,0.539,112,51,4,200000.00,ข้าราชการ,0,ปกติ,3,0
L-30874,2024-10-12,26282.42,0.456,181,53,2,500000.00,ข้าราชการ,0,ปิดบัญชีแล้ว,1,0
L-30972,2024-10-12,21264.68,0.651,89,50,1,500000.00,อาชีพอิสระ,2,ปกติ,15,0
L-31538,2024-10-12,31259.47,0.57,39,59,4,300000.00,พนักงานประจำ,0,ปกติ,28,0
L-20397,2024-10-13,31553.93,0.271,234,57,3,300000.00,ธุรกิจส่วนตัว,1,ปกติ,28,0
L-20491,2024-10-13,22470.28,0.427,215,37,4,150000.00,อาชีพอิสระ,0,ปกติ,3,0
L-21450,2024-10-13,12409.78,0.564,3,45,3,150000.00,ข้าราชการ,0,ปกติ,3,0
L-21769,2024-10-13,29365.49,0.116,2,21,3,100000.00,พนักงานประจำ,2,ปกติ,12,0
L-22218,2024-10-13,36311.02,0.316,28,49,2,150000.00,พนักงานประจำ,1,ปกติ,30,0
L-23513,2024-10-13,36435.55,0.517,20,24,5,200000.00,อาชีพอิสระ,1,ปกติ,19,0
L-24246,2024-10-13,45614.63,0.339,143,46,6,50000.00,ข้าราชการ,2,ปกติ,23,0
L-26235,2024-10-13,23889.48,0.477,210,45,5,50000.00,ธุรกิจส่วนตัว,1,ปิดบัญชีแล้ว,23,0
L-26768,2024-10-13,9000.00,0.347,47,58,3,100000.00,ธุรกิจส่วนตัว,2,ปิดบัญชีแล้ว,12,0
L-27440,2024-10-13,17799.92,0.354,15,56,1,50000.00,อาชีพอิสระ,2,ปกติ,18,0
L-28972,2024-10-13,23927.71,0.223,151,27,2,500000.00,พนักงานประจำ,8,ค้างชำระ,179,1
L-29509,2024-10-13,23736.39,0.289,0,23,3,300000.00,ข้าราชการ,9,ค้างชำระ,127,1
L-29782,2024-10-13,29366.44,0.199,204,29,5,300000.00,ข้าราชการ,1,ปกติ,15,0
L-29830,2024-10-13,9000.00,0.376,158,42,6,200000.00,ข้าราชการ,0,ปิดบัญชีแล้ว,14,0
L-30639,2024-10-13,25545.12,0.456,234,53,6,300000.00,อาชีพอิสระ,1,ปกติ,5,0
L-30686,2024-10-13,48582.64,0.25,203,35,1,150000.00,พนักงานประจำ,1,ปกติ,30,0
L-31165,2024-10-13,54701.56,0.28,67,45,6,150000.00,อาชีพอิสระ,2,ปกติ,12,0
L-20887,2024-10-14,28463.91,0.236,142,56,5,500000.00,อาชีพอิสระ,6,ค้างชำระ,84,1
L-21727,2024-10-14,33851.15,0.054,25,39,3,500000.00,ข้าราชการ,2,ปิดบัญชีแล้ว,10,0
L-22364,2024-10-14,23343.36,0.368,191,40,2,150000.00,พนักงานประจำ,2,ปกติ,19,0
L-23068,2024-10-14,23186.79,0.471,130,37,5,300000.00,ข้าราชการ,0,ปกติ,14,0
L-26578,2024-10-14,10435.84,0.277,74,50,3,100000.00,ข้าราชการ,14,ค้างชำระ,127,1
L-27045,2024-10-14,47320.70,0.644,97,37,1,100000.00,พนักงานประจำ,1,ปกติ,10,0
L-27385,2024-10-14,20968.12,0.382,48,60,3,50000.00,ข้าราชการ,1,ปกติ,4,0
L-27686,2024-10-14,46469.71,0.658,123,30,3,50000.00,พนักงานประจำ,1,ปกติ,9,0
L-27796,2024-10-14,23288.56,0.694,112,63,3,150000.00,ข้าราชการ,1,ปกติ,3,0
L-27855,2024-10-14,60325.19,0.255,85,38,2,300000.00,พนักงานประจำ,1,ปกติ,0,0
L-29879,2024-10-14,14313.10,0.542,219,28,3,50000.00,ธุรกิจส่วนตัว,2,ปิดบัญชีแล้ว,15,0
L-30613,2024-10-14,27578.06,0.43,112,58,0,100000.00,ธุรกิจส่วนตัว,1,ปิดบัญชีแล้ว,9,0
L-20399,2024-10-15,14943.21,0.476,90,29,6,500000.00,ธุรกิจส่วนตัว,1,ปกติ,20,0
L-21529,2024-10-15,13949.53,0.413,134,35,2,500000.00,อาชีพอิสระ,1,ปกติ,14,0
L-22464,2024-10-15,11969.70,0.201,213,64,5,100000.00,พนักงานประจำ,2,ปกติ,21,0
L-24384,2024-10-15,61552.98,0.22,145,63,3,100000.00,พนักงานประจำ,2,ปิดบัญชีแล้ว,10,0
L-24676,2024-10-15,54072.72,0.217,42,62,1,200000.00,ข้าราชการ,2,ปกติ,15,0
L-25124,2024-10-15,29801.44,0.569,150,62,6,100000.00,ธุรกิจส่วนตัว,1,ปกติ,24,0
L-26884,2024-10-15,12752.98,0.527,174,32,0,100000.00,อาชีพอิสระ,9,ค้างชำระ,86,1
L-28913,2024-10-15,9439.83,0.215,137,21,5,300000.00,ธุรกิจส่วนตัว,0,ปกติ,14,0
L-28925,2024-10-15,48120.48,0.653,10,54,5,50000.00,ธุรกิจส่วนตัว,1,ปิดบัญชีแล้ว,26,0
L-29559,2024-10-15,31456.96,0.223,122,62,5,50000.00,อาชีพอิสระ,0,ปกติ,24,0
L-30171,2024-10-15,28209.08,0.458,39,53,6,300000.00,พนักงานประจำ,1,ปกติ,3,0
L-30217,2024-10-15,14022.04,0.418,119,60,6,50000.00,อาชีพอิสระ,10,ค้างชำระ,72,1
L-30462,2024-10-15,9000.00,0.181,75,40,2,100000.00,ธุรกิจส่วนตัว,1,ปกติ,26,0
L-31304,2024-10-15,35194.62,0.578,238,28,5,150000.00,อาชีพอิสระ,0,ปกติ,19,0
L-31499,2024-10-15,43684.16,0.493,221,45,4,100000.00,พนักงานประจำ,0,ปกติ,13,0
L-31810,2024-10-15,37979.60,0.462,62,29,4,200000.00,ข้าราชการ,0,ปิดบัญชีแล้ว,1,0
L-20466,2024-10-16,22705.57,0.473,164,27,1,500000.00,อาชีพอิสระ,2,ปกติ,10,0
L-22890,2024-10-16,34512.43,0.509,17,54,4,150000.00,ธุรกิจส่วนตัว,0,ปกติ,27,0
L-23697,2024-10-16,45933.45,0.194,7,59,2,200000.00,ข้าราชการ,0,ปิดบัญชีแล้ว,5,0
L-24197,2024-10-16,29266.37,0.276,135,47,2,300000.00,ข้าราชการ,2,ปิดบัญชีแล้ว,7,0
L-24637,2024-10-16,10902.45,0.02,113,49,3,300000.00,ธุรกิจส่วนตัว,2,ปกติ,9,0
L-26508,2024-10-16,9615.50,0.068,87,58,0,50000.00,ข้าราชการ,13,ค้างชำระ,58,1
L-27904,2024-10-16,47261.68,0.425,115,21,2,100000.00,พนักงานประจำ,1,ปิดบัญชีแล้ว,13,0
L-28485,2024-10-16,30982.14,0.02,87,55,1,100000.00,อาชีพอิสระ,0,ปกติ,24,0
L-29184,2024-10-16,28789.04,0.415,26,46,1,500000.00,ข้าราชการ,2,ปกติ,28,0
L-30563,2024-10-16,58304.03,0.322,180,43,4,100000.00,พนักงานประจำ,2,ปกติ,9,0
L-30832,2024-10-16,28616.18,0.318,219,36,4,100000.00,ธุรกิจส่วนตัว,0,ปิดบัญชีแล้ว,28,0
L-31164,2024-10-16,48857.15,0.415,59,42,2,200000.00,พนักงานประจำ,2,ปกติ,11,0
L-20521,2024-10-17,34258.56,0.071,236,39,5,50000.00,ข้าราชการ,2,ปิดบัญชีแล้ว,26,0
L-21106,2024-10-17,23935.08,0.715,89,34,5,50000.00,ธุรกิจส่วนตัว,9,ค้างชำระ,97,1
L-21320,2024-10-17,42176.57,0.493,53,38,2,200000.00,พนักงานประจำ,2,ปิดบัญชีแล้ว,19,0
L-21610,2024-10-17,15879.10,0.02,7,40,5,100000.00,ข้าราชการ,2,ปกติ,23,0
L-23012,2024-10-17,18987.32,0.234,148,56,1,100000.00,พนักงานประจำ,2,ปิดบัญชีแล้ว,3,0
L-23467,2024-10-17,22250.10,0.197,228,61,6,200000.00,ข้าราชการ,1,ปกติ,4,0
L-23896,2024-10-17,42968.19,0.417,176,28,0,50000.00,ข้าราชการ,2,ปกติ,0,0
L-23932,2024-10-17,29523.45,0.173,31,41,3,150000.00,ข้าราชการ,2,ปกติ,16,0
L-24762,2024-10-17,30438.93,0.197,145,31,4,100000.00,พนักงานประจำ,1,ปิดบัญชีแล้ว,21,0
L-25238,2024-10-17,25703.62,0.493,124,30,4,150000.00,พนักงานประจำ,0,ปิดบัญชีแล้ว,23,0
L-25973,2024-10-17,19749.05,0.332,103,40,4,50000.00,ข้าราชการ,5,ค้างชำระ,48,1
L-26734,2024-10-17,31122.05,0.472,175,54,3,150000.00,ข้าราชการ,2,ปกติ,19,0
L-28168,2024-10-17,39897.08,0.475,46,39,5,300000.00,อาชีพอิสระ,0,ปกติ,4,0
L-29100,2024-10-17,16256.02,0.29,201,55,5,150000.00,ธุรกิจส่วนตัว,0,ปิดบัญชีแล้ว,23,0
L-29377,2024-10-17,58383.20,0.632,173,37,6,50000.00,ข้าราชการ,0,ปิดบัญชีแล้ว,5,0
L-29469,2024-10-17,29095.93,0.66,214,32,5,150000.00,อาชีพอิสระ,0,ปกติ,0,0
L-31363,2024-10-17,51614.51,0.447,38,39,6,150000.00,ธุรกิจส่วนตัว,1,ปกติ,29,0
L-31732,2024-10-17,22615.98,0.109,93,54,6,150000.00,ธุรกิจส่วนตัว,0,ปกติ,26,0
L-20793,2024-10-18,47433.26,0.217,194,57,5,300000.00,อาชีพอิสระ,0,ปกติ,14,0
L-20799,2024-10-18,66062.26,0.354,211,31,5,500000.00,อาชีพอิสระ,0,ปกติ,1,0
L-23750,2024-10-18,9000.00,0.379,38,24,3,300000.00,อาชีพอิสระ,1,ปกติ,5,0
L-24667,2024-10-18,55671.11,0.247,184,26,2,50000.00,อาชีพอิสระ,0,ปกติ,7,0
L-26330,2024-10-18,39979.40,0.298,136,64,4,500000.00,ธุรกิจส่วนตัว,0,ปกติ,9,0
L-29532,2024-10-18,35690.29,0.62,144,55,5,50000.00,ข้าราชการ,2,ปกติ,29,0
L-29949,2024-10-18,28809.82,0.661,173,34,2,300000.00,พนักงานประจำ,11,ค้างชำระ,107,1
L-30244,2024-10-18,46942.00,0.578,173,29,6,300000.00,อาชีพอิสระ,0,ปกติ,12,0
L-20438,2024-10-19,24006.43,0.41,46,33,1,150000.00,ข้าราชการ,1,ปิดบัญชีแล้ว,19,0
L-22064,2024-10-19,20414.87,0.366,215,56,0,300000.00,ข้าราชการ,2,ปิดบัญชีแล้ว,17,0
L-22870,2024-10-19,33714.40,0.138,182,48,4,150000.00,ธุรกิจส่วนตัว,5,ค้างชำระ,167,1
L-23413,2024-10-19,14384.40,0.341,129,55,0,300000.00,พนักงานประจำ,2,ปกติ,19,0
L-23501,2024-10-19,58427.91,0.428,219,57,5,300000.00,ข้าราชการ,1,ปิดบัญชีแล้ว,2,0
L-24124,2024-10-19,24854.56,0.366,240,21,3,200000.00,อาชีพอิสระ,0,ปกติ,13,0
L-24682,2024-10-19,47759.59,0.616,225,32,1,150000.00,ข้าราชการ,1,ปกติ,10,0
L-24739,2024-10-19,52592.45,0.598,86,27,5,50000.00,อาชีพอิสระ,2,ปิดบัญชีแล้ว,27,0
L-25516,2024-10-19,52241.25,0.461,140,38,6,50000.00,ข้าราชการ,0,ปิดบัญชีแล้ว,26,0
L-26386,2024-10-19,30080.69,0.389,7,46,1,100000.00,ธุรกิจส่วนตัว,1,ปิดบัญชีแล้ว,15,0
L-27694,2024-10-19,33165.82,0.105,83,30,5,100000.00,ข้าราชการ,1,ปกติ,14,0
L-28307,2024-10-19,58094.30,0.02,64,57,6,50000.00,ข้าราชการ,1,ปกติ,9,0
L-28466,2024-10-19,35311.12,0.02,235,37,5,300000.00,ธุรกิจส่วนตัว,2,ปิดบัญชีแล้ว,3,0
L-28868,2024-10-19,53613.83,0.108,121,31,4,100000.00,พนักงานประจำ,2,ปิดบัญชีแล้ว,26,0
L-29945,2024-10-19,18471.61,0.491,24,62,3,300000.00,ธุรกิจส่วนตัว,0,ปิดบัญชีแล้ว,24,0
L-30637,2024-10-19,25201.19,0.192,200,25,3,500000.00,ข้าราชการ,1,ปกติ,11,0
L-31443,2024-10-19,25580.34,0.635,181,31,2,200000.00,อาชีพอิสระ,0,ปกติ,5,0
L-31790,2024-10-19,29693.15,0.251,4,55,5,50000.00,ข้าราชการ,12,ค้างชำระ,80,1
L-20047,2024-10-20,56916.71,0.646,130,46,0,150000.00,พนักงานประจำ,2,ปกติ,26,0
L-20173,2024-10-20,27246.70,0.265,141,36,6,200000.00,ข้าราชการ,1,ปกติ,23,0
L-20917,2024-10-20,40515.86,0.386,58,43,2,200000.00,อาชีพอิสระ,0,ปกติ,26,0
L-21823,2024-10-20,28234.50,0.259,190,36,1,500000.00,ข้าราชการ,0,ปกติ,12,0
L-22346,2024-10-20,50277.91,0.191,56,57,2,100000.00,ข้าราชการ,0,ปิดบัญชีแล้ว,16,0
L-22441,2024-10-20,40302.95,0.149,18,37,4,100000.00,ธุรกิจส่วนตัว,0,ปิดบัญชีแล้ว,8,0
L-22601,2024-10-20,55539.89,0.48,115,50,1,200000.00,พนักงานประจำ,0,ปกติ,3,0
L-22613,2024-10-20,37607.86,0.658,207,53,0,200000.00,อาชีพอิสระ,2,ปิดบัญชีแล้ว,25,0
L-23275,2024-10-20,31164.10,0.674,72,36,2,500000.00,พนักงานประจำ,2,ปกติ,2,0
L-29565,2024-10-20,12982.73,0.382,15,34,5,150000.00,อาชีพอิสระ,2,ปิดบัญชีแล้ว,21,0
L-29638,2024-10-20,20853.51,0.234,233,54,5,150000.00,ข้าราชการ,0,ปกติ,1,0
L-30028,2024-10-20,48914.27,0.267,170,43,0,200000.00,ธุรกิจส่วนตัว,0,ปิดบัญชีแล้ว,4,0
L-24194,2024-10-21,61547.72,0.428,238,45,4,100000.00,ธุรกิจส่วนตัว,0,ปกติ,7,0
L-24550,2024-10-21,37924.80,0.335,53,65,0,500000.00,พนักงานประจำ,0,ปิดบัญชีแล้ว,29,0
L-27243,2024-10-21,23492.34,0.523,144,25,0,500000.00,พนักงานประจำ,2,ปกติ,28,0
L-27454,2024-10-21,43440.82,0.301,165,64,1,500000.00,ข้าราชการ,2,ปกติ,22,0
L-28630,2024-10-21,23654.45,0.427,20,32,3,50000.00,พนักงานประจำ,1,ปกติ,11,0
L-29435,2024-10-21,9000.00,0.459,72,50,0,200000.00,พนักงานประจำ,1,ปกติ,25,0
L-31661,2024-10-21,56242.98,0.309,222,45,4,200000.00,ธุรกิจส่วนตัว,2,ปกติ,8,0
L-20037,2024-10-22,43301.33,0.495,180,46,1,150000.00,อาชีพอิสระ,1,ปกติ,25,0
L-20924,2024-10-22,28510.29,0.454,69,44,6,200000.00,พนักงานประจำ,1,ปกติ,11,0
L-21606,2024-10-22,21734.24,0.218,54,37,6,50000.00,ธุรกิจส่วนตัว,1,ปิดบัญชีแล้ว,13,0
L-23033,2024-10-22,28774.62,0.057,185,33,5,300000.00,ข้าราชการ,0,ปกติ,23,0
L-24625,2024-10-22,31105.61,0.047,233,49,4,200000.00,พนักงานประจำ,0,ปิดบัญชีแล้ว,30,0
L-25481,2024-10-22,40610.56,0.213,136,48,3,300000.00,อาชีพอิสระ,2,ปกติ,13,0
L-26316,2024-10-22,49822.83,0.376,91,23,0,300000.00,อาชีพอิสระ,1,ปกติ,15,0
L-26725,2024-10-22,9000.00,0.17,67,23,1,200000.00,อาชีพอิสระ,1,ปกติ,29,0
L-27729,2024-10-22,13527.77,0.86,142,25,5,500000.00,พนักงานประจำ,1,ปิดบัญชีแล้ว,30,0
L-28143,2024-10-22,35831.83,0.605,192,39,2,500000.00,ข้าราชการ,1,ปกติ,9,0
L-28356,2024-10-22,24395.69,0.466,138,27,2,300000.00,ข้าราชการ,0,ปกติ,12,0
L-28659,2024-10-22,14624.80,0.53,156,44,6,50000.00,ธุรกิจส่วนตัว,2,ปกติ,3,0
L-29094,2024-10-22,39331.75,0.108,194,50,5,300000.00,พนักงานประจำ,1,ปิดบัญชีแล้ว,18,0
L-30800,2024-10-22,11034.43,0.186,111,35,6,50000.00,ธุรกิจส่วนตัว,1,ปิดบัญชีแล้ว,19,0
L-21021,2024-10-23,31334.36,0.484,223,65,2,500000.00,ธุรกิจส่วนตัว,0,ปกติ,5,0
L-22486,2024-10-23,9000.00,0.493,150,46,2,300000.00,ข้าราชการ,0,ปกติ,2,0
L-22566,2024-10-23,14633.91,0.379,155,23,3,200000.00,ข้าราชการ,1,ปิดบัญชีแล้ว,1,0
L-24321,2024-10-23,22084.70,0.493,184,37,6,300000.00,ธุรกิจส่วนตัว,2,ปกติ,5,0
L-25157,2024-10-23,26272.11,0.488,232,31,2,200000.00,ข้าราชการ,1,ปิดบัญชีแล้ว,13,0
L-25600,2024-10-23,32871.09,0.428,2,23,6,150000.00,อาชีพอิสระ,9,ค้างชำระ,162,1
L-25805,2024-10-23,38466.84,0.323,179,43,2,50000.00,ธุรกิจส่วนตัว,1,ปกติ,12,0
L-28288,2024-10-23,47637.03,0.381,222,23,1,50000.00,ข้าราชการ,0,ปกติ,16,0
L-28426,2024-10-23,19714.16,0.487,151,39,1,300000.00,พนักงานประจำ,2,ปิดบัญชีแล้ว,22,0
L-28573,2024-10-23,37517.41,0.464,87,35,2,500000.00,พนักงานประจำ,0,ปกติ,20,0
L-29011,2024-10-23,44315.12,0.56,76,26,0,100000.00,ธุรกิจส่วนตัว,2,ปกติ,5,0
L-30911,2024-10-23,49014.60,0.471,100,55,1,50000.00,ธุรกิจส่วนตัว,4,ค้างชำระ,103,1
L-23869,2024-10-24,23393.90,0.491,238,42,4,100000.00,อาชีพอิสระ,1,ปิดบัญชีแล้ว,28,0
L-24050,2024-10-24,9000.00,0.403,69,38,1,300000.00,ข้าราชการ,8,ค้างชำระ,98,1
L-25694,2024-10-24,19460.58,0.565,193,43,2,150000.00,พนักงานประจำ,1,ปิดบัญชีแล้ว,22,0
L-28041,2024-10-24,17835.89,0.381,157,49,4,300000.00,อาชีพอิสระ,0,ปกติ,26,0
L-30662,2024-10-24,25684.39,0.612,207,46,1,300000.00,อาชีพอิสระ,0,ปกติ,3,0
L-30671,2024-10-24,24008.36,0.146,211,51,0,100000.00,ธุรกิจส่วนตัว,0,ปกติ,12,0
L-31379,2024-10-24,12883.26,0.11,11,52,1,500000.00,อาชีพอิสระ,2,ปกติ,22,0
L-21024,2024-10-25,44013.59,0.332,105,63,4,50000.00,ข้าราชการ,1,ปกติ,25,0
L-21936,2024-10-25,27900.97,0.357,175,30,6,300000.00,อาชีพอิสระ,0,ปิดบัญชีแล้ว,17,0
L-22451,2024-10-25,27555.51,0.437,84,36,0,200000.00,ข้าราชการ,2,ปกติ,0,0
L-22817,2024-10-25,14931.01,0.42,93,41,3,100000.00,พนักงานประจำ,13,ค้างชำระ,119,1
L-23529,2024-10-25,24224.91,0.629,131,55,2,200000.00,ธุรกิจส่วนตัว,7,ค้างชำระ,139,1
L-23884,2024-10-25,15455.45,0.142,214,37,6,100000.00,พนักงานประจำ,0,ปกติ,15,0
L-23940,2024-10-25,34392.71,0.268,45,44,5,50000.00,อาชีพอิสระ,2,ปกติ,11,0
L-24291,2024-10-25,50598.90,0.42,103,32,1,150000.00,อาชีพอิสระ,3,ค้างชำระ,136,1
L-25297,2024-10-25,11545.91,0.137,116,36,6,100000.00,ข้าราชการ,1,ปกติ,16,0
L-27203,2024-10-25,45691.69,0.395,239,25,6,100000.00,อาชีพอิสระ,2,ปกติ,22,0
L-27638,2024-10-25,44089.17,0.247,51,31,0,200000.00,ข้าราชการ,0,ปกติ,21,0
L-27644,2024-10-25,50093.47,0.487,75,42,4,100000.00,พนักงานประจำ,2,ปกติ,2,0
L-28566,2024-10-25,28423.33,0.237,188,54,4,500000.00,พนักงานประจำ,2,ปกติ,0,0
L-20500,2024-10-26,29702.48,0.37,94,44,3,100000.00,ข้าราชการ,0,ปิดบัญชีแล้ว,18,0
L-20985,2024-10-26,33387.21,0.543,100,58,5,150000.00,ข้าราชการ,2,ปกติ,16,0
L-21351,2024-10-26,9984.69,0.336,9,30,3,300000.00,อาชีพอิสระ,2,ปกติ,23,0
L-21564,2024-10-26,29499.81,0.341,123,28,6,200000.00,ข้าราชการ,0,ปกติ,18,0
L-22067,2024-10-26,19625.51,0.327,8,42,5,200000.00,ข้าราชการ,2,ปกติ,0,0
L-23093,2024-10-26,34733.54,0.02,43,43,1,100000.00,ธุรกิจส่วนตัว,2,ปกติ,9,0
L-23854,2024-10-26,23549.93,0.589,171,34,0,50000.00,พนักงานประจำ,1,ปิดบัญชีแล้ว,1,0
L-25866,2024-10-26,15662.09,0.486,58,35,2,300000.00,พนักงานประจำ,1,ปิดบัญชีแล้ว,0,0
L-26639,2024-10-26,29059.73,0.587,63,62,2,500000.00,ธุรกิจส่วนตัว,9,ค้างชำระ,146,1
L-26896,2024-10-26,47888.53,0.394,83,51,5,100000.00,อาชีพอิสระ,2,ปิดบัญชีแล้ว,18,0
L-27416,2024-10-26,33841.85,0.426,240,34,2,500000.00,พนักงานประจำ,1,ปกติ,13,0
L-27957,2024-10-26,32898.13,0.853,203,56,0,200000.00,ธุรกิจส่วนตัว,2,ปกติ,7,0
L-30365,2024-10-26,13789.82,0.372,175,27,0,50000.00,พนักงานประจำ,0,ปิดบัญชีแล้ว,4,0
L-30666,2024-10-26,24065.30,0.082,148,63,3,100000.00,พนักงานประจำ,1,ปิดบัญชีแล้ว,19,0
L-31035,2024-10-26,23966.91,0.305,118,37,3,150000.00,ธุรกิจส่วนตัว,1,ปกติ,8,0
L-31230,2024-10-26,34259.53,0.465,186,46,6,150000.00,อาชีพอิสระ,2,ปกติ,5,0
L-20025,2024-10-27,13954.33,0.02,25,64,2,50000.00,ธุรกิจส่วนตัว,1,ปิดบัญชีแล้ว,12,0
L-20344,2024-10-27,32077.97,0.27,224,39,1,50000.00,ข้าราชการ,0,ปกติ,28,0
L-20693,2024-10-27,41301.50,0.22,7,29,3,300000.00,ข้าราชการ,1,ปิดบัญชีแล้ว,26,0
L-20796,2024-10-27,12984.37,0.423,9,59,2,500000.00,พนักงานประจำ,1,ปกติ,30,0
L-21985,2024-10-27,27532.59,0.882,33,38,4,500000.00,ธุรกิจส่วนตัว,12,ค้างชำระ,58,1
L-21998,2024-10-27,35265.69,0.709,93,53,0,50000.00,พนักงานประจำ,1,ปกติ,8,0
L-24278,2024-10-27,38985.60,0.091,98,41,1,300000.00,ข้าราชการ,2,ปกติ,18,0
L-24329,2024-10-27,16224.16,0.418,41,40,5,50000.00,อาชีพอิสระ,2,ปกติ,28,0
L-30672,2024-10-27,51460.11,0.424,177,55,5,100000.00,อาชีพอิสระ,10,ค้างชำระ,71,1
L-21310,2024-10-28,43494.18,0.123,191,21,4,50000.00,พนักงานประจำ,0,ปกติ,20,0
L-22466,2024-10-28,29251.67,0.392,166,25,6,50000.00,อาชีพอิสระ,1,ปิดบัญชีแล้ว,18,0
L-23031,2024-10-28,19110.35,0.442,194,56,0,300000.00,อาชีพอิสระ,0,ปกติ,23,0
L-24429,2024-10-28,43773.05,0.342,64,45,5,200000.00,ธุรกิจส่วนตัว,1,ปกติ,12,0
L-25849,2024-10-28,9000.00,0.247,77,52,1,500000.00,อาชีพอิสระ,9,ค้างชำระ,97,1
L-26410,2024-10-28,33514.68,0.262,224,57,0,50000.00,อาชีพอิสระ,2,ปกติ,2,0
L-27676,2024-10-28,30278.05,0.501,239,53,6,100000.00,พนักงานประจำ,2,ปกติ,6,0
L-29981,2024-10-28,42213.86,0.02,238,25,5,100000.00,ธุรกิจส่วนตัว,13,ค้างชำระ,156,1
L-30412,2024-10-28,48680.08,0.668,66,21,1,100000.00,ข้าราชการ,2,ปกติ,30,0
L-31317,2024-10-28,50272.13,0.344,39,31,0,500000.00,ข้าราชการ,0,ปกติ,24,0
L-31471,2024-10-28,49251.89,0.427,89,55,0,300000.00,พนักงานประจำ,2,ปกติ,27,0
L-31571,2024-10-28,29879.82,0.265,62,22,5,200000.00,ข้าราชการ,0,ปิดบัญชีแล้ว,18,0
L-21101,2024-10-29,9630.41,0.328,5,39,5,50000.00,พนักงานประจำ,1,ปกติ,10,0
L-21140,2024-10-29,36426.18,0.48,78,55,1,50000.00,ข้าราชการ,1,ปกติ,0,0
L-22416,2024-10-29,28057.50,0.501,207,32,0,150000.00,อาชีพอิสระ,0,ปกติ,24,0
L-25336,2024-10-29,36717.66,0.18,62,49,3,300000.00,ข้าราชการ,9,ค้างชำระ,75,1
L-26179,2024-10-29,30586.59,0.407,56,59,2,500000.00,พนักงานประจำ,2,ปกติ,16,0
L-26482,2024-10-29,22490.67,0.524,181,31,4,150000.00,พนักงานประจำ,1,ปกติ,19,0
L-27415,2024-10-29,39943.94,0.607,110,29,0,200000.00,ธุรกิจส่วนตัว,0,ปกติ,23,0
L-28462,2024-10-29,49970.92,0.325,223,31,2,150000.00,ข้าราชการ,0,ปกติ,17,0
L-28636,2024-10-29,41694.87,0.402,33,46,3,500000.00,พนักงานประจำ,0,ปกติ,20,0
L-29902,2024-10-29,21520.30,0.342,78,46,2,100000.00,ข้าราชการ,5,ค้างชำระ,98,1
L-30223,2024-10-29,36538.14,0.131,196,22,2,150000.00,ข้าราชการ,1,ปกติ,30,0
L-30506,2024-10-29,19956.72,0.42,103,63,0,200000.00,ธุรกิจส่วนตัว,5,ค้างชำระ,55,1
L-20376,2024-10-30,35718.02,0.167,200,35,2,150000.00,ธุรกิจส่วนตัว,2,ปกติ,20,0
L-21929,2024-10-30,36025.80,0.348,133,59,5,300000.00,อาชีพอิสระ,10,ค้างชำระ,171,1
L-22322,2024-10-30,50392.71,0.215,71,50,0,150000.00,ธุรกิจส่วนตัว,0,ปกติ,5,0
L-24325,2024-10-30,35556.07,0.061,34,47,6,100000.00,ข้าราชการ,2,ปกติ,1,0
L-25933,2024-10-30,34050.92,0.3,238,29,2,500000.00,อาชีพอิสระ,1,ปกติ,13,0
L-26071,2024-10-30,26792.46,0.067,211,63,3,500000.00,ธุรกิจส่วนตัว,1,ปิดบัญชีแล้ว,18,0
L-26196,2024-10-30,38222.95,0.382,168,33,6,50000.00,ธุรกิจส่วนตัว,2,ปกติ,28,0
L-28590,2024-10-30,20096.72,0.873,103,57,0,200000.00,อาชีพอิสระ,1,ปิดบัญชีแล้ว,3,0
L-29634,2024-10-30,57483.63,0.335,28,61,4,150000.00,อาชีพอิสระ,0,ปกติ,9,0
L-31819,2024-10-30,21638.88,0.516,74,41,5,300000.00,ข้าราชการ,7,ค้างชำระ,52,1
L-20529,2024-10-31,34622.54,0.48,185,56,5,300000.00,อาชีพอิสระ,2,ปกติ,6,0
L-20833,2024-10-31,39136.85,0.456,38,31,6,200000.00,อาชีพอิสระ,0,ปกติ,6,0
L-22974,2024-10-31,35165.59,0.123,39,33,2,50000.00,อาชีพอิสระ,1,ปกติ,23,0
L-27973,2024-10-31,41928.02,0.658,116,41,5,300000.00,พนักงานประจำ,0,ปกติ,20,0
L-28160,2024-10-31,11008.94,0.48,69,57,4,150000.00,ข้าราชการ,1,ปกติ,20,0
L-28420,2024-10-31,23029.43,0.186,147,36,3,200000.00,ธุรกิจส่วนตัว,1,ปกติ,29,0
L-28461,2024-10-31,33627.97,0.268,7,44,3,150000.00,ธุรกิจส่วนตัว,0,ปกติ,18,0
L-30483,2024-10-31,25037.51,0.262,225,46,5,150000.00,อาชีพอิสระ,0,ปกติ,16,0
L-31264,2024-10-31,40400.21,0.286,222,37,4,200000.00,พนักงานประจำ,1,ปกติ,4,0
L-21483,2024-11-01,51387.25,0.369,220,48,4,100000.00,ข้าราชการ,0,ปิดบัญชีแล้ว,8,0
L-22587,2024-11-01,9000.00,0.49,75,39,5,150000.00,พนักงานประจำ,0,ปิดบัญชีแล้ว,3,0
L-22668,2024-11-01,64695.74,0.618,124,56,3,300000.00,พนักงานประจำ,2,ปกติ,1,0
L-22906,2024-11-01,46938.03,0.413,102,43,4,200000.00,ธุรกิจส่วนตัว,4,ค้างชำระ,104,1
L-23365,2024-11-01,40037.44,0.314,46,25,5,150000.00,อาชีพอิสระ,0,ปิดบัญชีแล้ว,13,0
L-24822,2024-11-01,23064.58,0.472,72,37,5,500000.00,ข้าราชการ,1,ปกติ,1,0
L-25322,2024-11-01,42663.43,0.173,135,56,5,300000.00,อาชีพอิสระ,2,ปิดบัญชีแล้ว,22,0
L-26111,2024-11-01,50358.11,0.702,8,29,2,500000.00,ข้าราชการ,2,ปิดบัญชีแล้ว,21,0
L-29362,2024-11-01,28641.59,0.171,58,36,3,500000.00,ข้าราชการ,0,ปกติ,30,0
L-29753,2024-11-01,32420.71,0.02,227,29,6,300000.00,อาชีพอิสระ,2,ปกติ,11,0
L-30292,2024-11-01,43853.32,0.239,134,36,0,500000.00,อาชีพอิสระ,2,ปกติ,16,0
L-20353,2024-11-02,28385.41,0.328,87,43,4,200000.00,ธุรกิจส่วนตัว,2,ปกติ,16,0
L-20382,2024-11-02,14465.24,0.389,230,46,3,500000.00,ธุรกิจส่วนตัว,2,ปิดบัญชีแล้ว,30,0
L-20840,2024-11-02,62694.75,0.342,138,32,2,300000.00,พนักงานประจำ,0,ปกติ,0,0
L-22760,2024-11-02,50347.27,0.267,75,61,1,100000.00,อาชีพอิสระ,2,ปกติ,28,0
L-23353,2024-11-02,24827.40,0.44,200,55,6,100000.00,ข้าราชการ,0,ปกติ,16,0
L-23815,2024-11-02,30560.71,0.508,5,43,1,300000.00,ข้าราชการ,2,ปิดบัญชีแล้ว,8,0
L-24236,2024-11-02,23701.93,0.44,80,58,5,150000.00,อาชีพอิสระ,1,ปกติ,0,0
L-26101,2024-11-02,9000.00,0.347,146,43,2,200000.00,ธุรกิจส่วนตัว,1,ปกติ,5,0
L-27213,2024-11-02,27002.84,0.603,7,34,3,100000.00,พนักงานประจำ,2,ปิดบัญชีแล้ว,21,0
L-27339,2024-11-02,49831.46,0.387,169,62,5,500000.00,อาชีพอิสระ,2,ปกติ,11,0
L-28490,2024-11-02,13772.80,0.513,214,40,5,50000.00,ธุรกิจส่วนตัว,0,ปกติ,16,0
L-31002,2024-11-02,12404.79,0.373,5,33,5,300000.00,พนักงานประจำ,2,ปิดบัญชีแล้ว,19,0
L-20375,2024-11-03,26190.43,0.564,88,60,6,300000.00,อาชีพอิสระ,2,ปิดบัญชีแล้ว,7,0
L-21184,2024-11-03,17638.40,0.216,147,50,2,300000.00,ข้าราชการ,2,ปกติ,24,0
L-23005,2024-11-03,24030.84,0.469,163,60,3,200000.00,ข้าราชการ,0,ปกติ,2,0
L-24301,2024-11-03,9843.31,0.739,176,34,1,100000.00,พนักงานประจำ,13,ค้างชำระ,70,1
L-24860,2024-11-03,13581.10,0.288,168,26,2,150000.00,ธุรกิจส่วนตัว,3,ค้างชำระ,51,1
L-28358,2024-11-03,19187.09,0.383,59,28,1,50000.00,ข้าราชการ,0,ปกติ,30,0
L-29155,2024-11-03,13706.92,0.435,38,40,5,300000.00,พนักงานประจำ,2,ปิดบัญชีแล้ว,30,0
L-30691,2024-11-03,31933.05,0.236,133,39,5,300000.00,พนักงานประจำ,1,ปิดบัญชีแล้ว,18,0
L-31977,2024-11-03,50992.08,0.442,87,26,1,300000.00,ข้าราชการ,0,ปกติ,16,0
L-20455,2024-11-04,47036.77,0.417,12,29,5,200000.00,อาชีพอิสระ,2,ปกติ,8,0
L-21270,2024-11-04,46009.94,0.424,73,40,0,100000.00,พนักงานประจำ,0,ปกติ,4,0
L-26843,2024-11-04,30860.11,0.313,223,23,4,100000.00,อาชีพอิสระ,1,ปกติ,24,0
L-27394,2024-11-04,18686.54,0.762,19,59,0,200000.00,ข้าราชการ,4,ค้างชำระ,100,1
L-27843,2024-11-04,9000.00,0.524,170,50,6,50000.00,อาชีพอิสระ,1,ปกติ,24,0
L-29487,2024-11-04,55206.57,0.351,77,43,1,150000.00,พนักงานประจำ,2,ปิดบัญชีแล้ว,11,0
L-30044,2024-11-04,31440.72,0.188,38,34,5,150000.00,ธุรกิจส่วนตัว,2,ปิดบัญชีแล้ว,11,0
L-30161,2024-11-04,27538.16,0.57,115,42,3,150000.00,พนักงานประจำ,2,ปกติ,28,0
L-30585,2024-11-04,27009.81,0.317,163,64,3,100000.00,พนักงานประจำ,0,ปกติ,4,0
L-31590,2024-11-04,46859.78,0.287,188,60,2,300000.00,ข้าราชการ,2,ปกติ,23,0
L-20781,2024-11-05,48057.64,0.307,88,61,6,150000.00,ธุรกิจส่วนตัว,2,ปกติ,10,0
L-23526,2024-11-05,30268.91,0.448,103,42,5,50000.00,อาชีพอิสระ,1,ปกติ,19,0
L-25822,2024-11-05,33397.27,0.458,108,30,6,100000.00,พนักงานประจำ,3,ค้างชำระ,76,1
L-27240,2024-11-05,17991.88,0.456,97,43,3,300000.00,อาชีพอิสระ,0,ปกติ,8,0
L-27285,2024-11-05,62097.16,0.392,227,28,5,50000.00,อาชีพอิสระ,1,ปกติ,10,0
L-28068,2024-11-05,48085.53,0.377,23,55,4,150000.00,อาชีพอิสระ,1,ปิดบัญชีแล้ว,15,0
L-29007,2024-11-05,27826.63,0.612,40,38,6,100000.00,อาชีพอิสระ,2,ปกติ,17,0
L-29468,2024-11-05,37354.92,0.529,146,33,4,300000.00,ข้าราชการ,1,ปกติ,21,0
L-31773,2024-11-05,28741.55,0.175,15,32,4,300000.00,ธุรกิจส่วนตัว,2,ปกติ,19,0
L-21715,2024-11-06,21189.46,0.57,186,63,0,500000.00,ธุรกิจส่วนตัว,1,ปกติ,4,0
L-21828,2024-11-06,39150.53,0.46,199,44,6,50000.00,ธุรกิจส่วนตัว,1,ปกติ,14,0
L-22203,2024-11-06,9067.07,0.655,138,37,0,200000.00,ธุรกิจส่วนตัว,0,ปกติ,2,0
L-22809,2024-11-06,56110.21,0.291,40,59,0,50000.00,ข้าราชการ,1,ปิดบัญชีแล้ว,22,0
L-23151,2024-11-06,22660.97,0.596,34,58,1,300000.00,ธุรกิจส่วนตัว,0,ปกติ,9,0
L-25584,2024-11-06,39406.99,0.332,123,22,3,150000.00,ธุรกิจส่วนตัว,2,ปกติ,1,0
L-27445,2024-11-06,49790.80,0.348,194,32,4,300000.00,พนักงานประจำ,0,ปกติ,2,0
L-28586,2024-11-06,37184.39,0.476,59,22,1,50000.00,ธุรกิจส่วนตัว,2,ปกติ,7,0
L-29147,2024-11-06,17425.82,0.315,218,56,1,200000.00,พนักงานประจำ,1,ปกติ,14,0
L-29261,2024-11-06,17289.08,0.446,184,40,2,300000.00,พนักงานประจำ,10,ค้างชำระ,119,1
L-29334,2024-11-06,13050.44,0.199,169,53,2,300000.00,ธุรกิจส่วนตัว,2,ปกติ,5,0
L-29847,2024-11-06,17298.34,0.177,228,22,6,150000.00,อาชีพอิสระ,0,ปกติ,26,0
L-31360,2024-11-06,52133.10,0.33,72,23,4,300000.00,พนักงานประจำ,5,ค้างชำระ,156,1
L-31675,2024-11-06,46157.37,0.433,84,59,5,300000.00,อาชีพอิสระ,0,ปกติ,24,0
L-31866,2024-11-06,48448.02,0.314,166,60,1,150000.00,ธุรกิจส่วนตัว,1,ปกติ,13,0
L-20265,2024-11-07,43484.54,0.296,201,33,5,300000.00,อาชีพอิสระ,4,ค้างชำระ,146,1
L-20299,2024-11-07,39317.60,0.477,79,26,2,200000.00,ข้าราชการ,1,ปิดบัญชีแล้ว,11,0
L-20757,2024-11-07,20066.49,0.214,25,56,4,200000.00,ธุรกิจส่วนตัว,1,ปกติ,22,0
L-21895,2024-11-07,67787.16,0.518,17,46,6,500000.00,ข้าราชการ,10,ค้างชำระ,122,1
L-23163,2024-11-07,45665.93,0.261,210,46,1,500000.00,ข้าราชการ,1,ปิดบัญชีแล้ว,7,0
L-24703,2024-11-07,46963.13,0.299,189,64,3,50000.00,อาชีพอิสระ,2,ปกติ,9,0
L-26636,2024-11-07,35000.10,0.113,135,38,2,50000.00,อาชีพอิสระ,0,ปกติ,10,0
L-27991,2024-11-07,38670.60,0.276,207,49,0,50000.00,พนักงานประจำ,2,ปกติ,25,0
L-29517,2024-11-07,35875.39,0.359,35,52,5,50000.00,ธุรกิจส่วนตัว,0,ปกติ,16,0
L-29723,2024-11-07,23157.06,0.615,58,35,1,150000.00,อาชีพอิสระ,0,ปกติ,9,0
L-31392,2024-11-07,38209.97,0.662,206,63,6,150000.00,พนักงานประจำ,2,ปกติ,9,0
L-20389,2024-11-08,30067.30,0.503,76,55,5,200000.00,พนักงานประจำ,2,ปกติ,22,0
L-20721,2024-11-08,16087.44,0.31,25,53,4,50000.00,ข้าราชการ,2,ปกติ,28,0
L-22514,2024-11-08,33911.24,0.524,180,27,1,50000.00,ข้าราชการ,2,ปกติ,7,0
L-23360,2024-11-08,44821.88,0.372,197,27,2,500000.00,พนักงานประจำ,1,ปกติ,5,0
L-24215,2024-11-08,16700.24,0.251,13,33,6,300000.00,ธุรกิจส่วนตัว,2,ปกติ,19,0
L-24463,2024-11-08,40865.85,0.451,95,30,2,100000.00,ข้าราชการ,2,ปกติ,27,0
L-24602,2024-11-08,19572.86,0.373,59,57,6,500000.00,พนักงานประจำ,11,ค้างชำระ,52,1
L-24788,2024-11-08,40226.79,0.43,109,64,0,150000.00,ข้าราชการ,1,ปกติ,25,0
L-25573,2024-11-08,41804.03,0.02,125,57,4,500000.00,อาชีพอิสระ,1,ปกติ,8,0
L-27318,2024-11-08,38851.15,0.467,196,45,0,200000.00,อาชีพอิสระ,2,ปิดบัญชีแล้ว,2,0
L-27988,2024-11-08,70264.46,0.293,39,39,4,200000.00,ธุรกิจส่วนตัว,1,ปกติ,2,0
L-20963,2024-11-09,39152.86,0.374,209,23,3,200000.00,ธุรกิจส่วนตัว,0,ปิดบัญชีแล้ว,18,0
L-22937,2024-11-09,22356.95,0.757,73,32,1,200000.00,พนักงานประจำ,2,ปกติ,2,0
L-24809,2024-11-09,25533.88,0.491,31,47,5,500000.00,ข้าราชการ,0,ปกติ,15,0
L-25890,2024-11-09,36701.46,0.593,88,59,4,150000.00,พนักงานประจำ,0,ปกติ,20,0
L-26431,2024-11-09,22810.40,0.299,47,38,2,150000.00,ข้าราชการ,0,ปกติ,13,0
L-26752,2024-11-09,34619.58,0.509,2,59,6,150000.00,อาชีพอิสระ,1,ปกติ,22,0
L-28372,2024-11-09,17672.52,0.321,79,35,4,50000.00,ธุรกิจส่วนตัว,2,ปกติ,1,0
L-31536,2024-11-09,36623.57,0.427,103,57,1,300000.00,พนักงานประจำ,2,ปกติ,2,0
L-31927,2024-11-09,35242.95,0.343,130,52,4,150000.00,ธุรกิจส่วนตัว,2,ปกติ,27,0
L-20684,2024-11-10,33582.84,0.441,146,39,1,300000.00,อาชีพอิสระ,0,ปิดบัญชีแล้ว,0,0
L-21425,2024-11-10,40808.44,0.645,47,58,1,300000.00,พนักงานประจำ,0,ปิดบัญชีแล้ว,28,0
L-21648,2024-11-10,19159.81,0.334,91,52,3,50000.00,ข้าราชการ,0,ปกติ,9,0
L-22659,2024-11-10,25822.98,0.303,92,57,2,50000.00,อาชีพอิสระ,2,ปิดบัญชีแล้ว,9,0
L-23377,2024-11-10,49046.61,0.305,221,61,2,100000.00,ข้าราชการ,0,ปิดบัญชีแล้ว,7,0
L-24351,2024-11-10,45550.78,0.314,202,59,4,100000.00,ข้าราชการ,3,ค้างชำระ,138,1
L-25179,2024-11-10,39687.75,0.188,171,21,2,500000.00,ข้าราชการ,0,ปกติ,13,0
L-25595,2024-11-10,14157.18,0.606,11,29,3,100000.00,พนักงานประจำ,1,ปิดบัญชีแล้ว,14,0
L-26208,2024-11-10,51125.67,0.451,65,44,0,100000.00,ข้าราชการ,13,ค้างชำระ,98,1
L-26664,2024-11-10,16879.23,0.614,35,49,4,150000.00,ธุรกิจส่วนตัว,2,ปกติ,5,0
L-27683,2024-11-10,24129.96,0.538,53,47,2,100000.00,ธุรกิจส่วนตัว,2,ปกติ,4,0
L-28974,2024-11-10,28728.73,0.322,169,29,1,50000.00,พนักงานประจำ,2,ปกติ,19,0
L-30477,2024-11-10,18280.92,0.43,196,52,2,150000.00,ธุรกิจส่วนตัว,2,ปกติ,12,0
L-20044,2024-11-11,31013.14,0.393,117,47,4,150000.00,พนักงานประจำ,0,ปกติ,17,0
L-21440,2024-11-11,38096.73,0.268,28,52,2,300000.00,ธุรกิจส่วนตัว,0,ปิดบัญชีแล้ว,30,0
L-21875,2024-11-11,32028.28,0.148,149,28,3,150000.00,อาชีพอิสระ,2,ปกติ,16,0
L-22981,2024-11-11,31653.01,0.234,171,55,0,300000.00,อาชีพอิสระ,1,ปกติ,3,0
L-23220,2024-11-11,13199.44,0.39,109,65,1,50000.00,ข้าราชการ,1,ปกติ,3,0
L-24141,2024-11-11,48849.07,0.271,196,52,1,150000.00,ธุรกิจส่วนตัว,0,ปกติ,12,0
L-25410,2024-11-11,16719.87,0.322,199,58,4,500000.00,อาชีพอิสระ,2,ปกติ,27,0
L-26256,2024-11-11,23350.47,0.412,237,33,3,300000.00,อาชีพอิสระ,1,ปกติ,27,0
L-27049,2024-11-11,35760.07,0.873,153,36,6,50000.00,ข้าราชการ,4,ค้างชำระ,47,1
L-27497,2024-11-11,19584.13,0.624,77,23,0,100000.00,ข้าราชการ,0,ปิดบัญชีแล้ว,18,0
L-27618,2024-11-11,43945.97,0.395,85,47,0,300000.00,ธุรกิจส่วนตัว,5,ค้างชำระ,137,1
L-27769,2024-11-11,20749.24,0.224,13,42,2,150000.00,ข้าราชการ,2,ปกติ,26,0
L-28428,2024-11-11,31103.62,0.53,238,58,6,100000.00,พนักงานประจำ,0,ปกติ,7,0
L-29665,2024-11-11,28899.30,0.449,196,22,2,100000.00,ธุรกิจส่วนตัว,0,ปิดบัญชีแล้ว,8,0
L-31737,2024-11-11,33877.95,0.46,217,58,2,150000.00,ข้าราชการ,2,ปิดบัญชีแล้ว,5,0
L-31969,2024-11-11,30816.74,0.488,51,49,0,150000.00,ข้าราชการ,0,ปกติ,30,0
L-21686,2024-11-12,28743.52,0.484,78,41,5,500000.00,พนักงานประจำ,2,ปกติ,13,0
L-22968,2024-11-12,34536.16,0.549,204,61,5,100000.00,พนักงานประจำ,2,ปกติ,25,0
L-23202,2024-11-12,35562.63,0.455,64,48,1,500000.00,ธุรกิจส่วนตัว,2,ปกติ,28,0
L-24649,2024-11-12,50740.43,0.505,33,57,3,100000.00,ข้าราชการ,0,ปกติ,24,0
L-26028,2024-11-12,21726.98,0.494,182,34,1,50000.00,อาชีพอิสระ,1,ปกติ,1,0
L-26721,2024-11-12,50054.07,0.722,106,36,5,500000.00,อาชีพอิสระ,7,ค้างชำระ,49,1
L-26920,2024-11-12,31026.17,0.452,65,43,2,200000.00,ข้าราชการ,1,ปิดบัญชีแล้ว,1,0
L-29314,2024-11-12,32065.88,0.478,38,34,3,150000.00,พนักงานประจำ,0,ปกติ,6,0
L-31039,2024-11-12,22067.30,0.158,47,50,0,200000.00,ธุรกิจส่วนตัว,0,ปิดบัญชีแล้ว,28,0
L-20225,2024-11-13,35290.06,0.387,13,59,0,300000.00,อาชีพอิสระ,2,ปกติ,28,0
L-20431,2024-11-13,9000.00,0.322,159,39,1,300000.00,ข้าราชการ,0,ปิดบัญชีแล้ว,17,0
L-20476,2024-11-13,31381.09,0.346,221,54,6,150000.00,ธุรกิจส่วนตัว,0,ปิดบัญชีแล้ว,16,0
L-21620,2024-11-13,53064.16,0.523,148,34,0,500000.00,พนักงานประจำ,1,ปกติ,21,0
L-23102,2024-11-13,57271.49,0.169,134,39,2,100000.00,ข้าราชการ,2,ปิดบัญชีแล้ว,12,0
L-23162,2024-11-13,29385.10,0.332,106,24,4,500000.00,พนักงานประจำ,0,ปกติ,12,0
L-23278,2024-11-13,51861.94,0.036,34,28,4,200000.00,ข้าราชการ,2,ปกติ,27,0
L-23358,2024-11-13,12394.18,0.2,222,55,0,500000.00,ข้าราชการ,2,ปกติ,3,0
L-24114,2024-11-13,31237.36,0.269,160,42,1,300000.00,ข้าราชการ,1,ปกติ,30,0
L-24838,2024-11-13,45003.00,0.587,210,25,1,200000.00,อาชีพอิสระ,2,ปกติ,14,0
L-25254,2024-11-13,13273.61,0.281,232,21,5,50000.00,อาชีพอิสระ,1,ปิดบัญชีแล้ว,24,0
L-25616,2024-11-13,27000.08,0.199,102,26,5,100000.00,ข้าราชการ,1,ปิดบัญชีแล้ว,26,0
L-26201,2024-11-13,55972.08,0.127,20,30,5,50000.00,ธุรกิจส่วนตัว,1,ปกติ,28,0
L-26662,2024-11-13,23415.17,0.238,176,64,5,200000.00,ธุรกิจส่วนตัว,1,ปิดบัญชีแล้ว,6,0
L-27439,2024-11-13,29127.38,0.376,147,23,2,50000.00,ข้าราชการ,1,ปกติ,23,0
L-27781,2024-11-13,20836.40,0.328,188,33,0,50000.00,อาชีพอิสระ,1,ปกติ,13,0
L-29625,2024-11-13,18916.92,0.55,49,48,3,500000.00,ธุรกิจส่วนตัว,1,ปกติ,1,0
L-29670,2024-11-13,15961.09,0.395,111,65,0,300000.00,อาชีพอิสระ,2,ปกติ,14,0
L-30570,2024-11-13,46047.85,0.204,170,61,2,100000.00,ธุรกิจส่วนตัว,0,ปิดบัญชีแล้ว,9,0
L-20241,2024-11-14,29899.21,0.428,10,48,6,200000.00,พนักงานประจำ,9,ค้างชำระ,166,1
L-22082,2024-11-14,10099.26,0.285,118,30,5,150000.00,ข้าราชการ,5,ค้างชำระ,179,1
L-24261,2024-11-14,39929.33,0.323,207,33,5,50000.00,อาชีพอิสระ,2,ปกติ,22,0
L-25514,2024-11-14,44705.79,0.601,208,65,0,100000.00,ธุรกิจส่วนตัว,0,ปิดบัญชีแล้ว,8,0
L-26502,2024-11-14,29384.26,0.02,195,57,0,50000.00,ข้าราชการ,1,ปกติ,26,0
L-26985,2024-11-14,12247.90,0.482,132,43,1,100000.00,ข้าราชการ,0,ปกติ,29,0
L-27298,2024-11-14,35059.22,0.365,174,41,3,300000.00,ธุรกิจส่วนตัว,0,ปกติ,30,0
L-28279,2024-11-14,21178.14,0.572,112,62,2,300000.00,พนักงานประจำ,7,ค้างชำระ,74,1
L-31654,2024-11-14,23621.79,0.503,201,41,3,150000.00,อาชีพอิสระ,2,ปิดบัญชีแล้ว,19,0
L-21186,2024-11-15,30523.16,0.046,124,43,2,150000.00,อาชีพอิสระ,0,ปกติ,3,0
L-21782,2024-11-15,13723.86,0.497,84,49,6,500000.00,ข้าราชการ,2,ปกติ,23,0
L-21825,2024-11-15,27189.57,0.501,39,49,6,200000.00,ธุรกิจส่วนตัว,7,ค้างชำระ,95,1
L-22272,2024-11-15,25480.66,0.528,53,48,6,500000.00,ธุรกิจส่วนตัว,0,ปกติ,15,0
L-25986,2024-11-15,43091.29,0.501,79,64,3,150000.00,ข้าราชการ,0,ปกติ,5,0
L-26414,2024-11-15,39995.59,0.551,127,34,0,150000.00,ข้าราชการ,2,ปกติ,10,0
L-26515,2024-11-15,14898.24,0.545,64,34,5,300000.00,อาชีพอิสระ,0,ปกติ,2,0
L-26595,2024-11-15,33044.21,0.416,132,32,5,100000.00,พนักงานประจำ,0,ปกติ,4,0
L-26670,2024-11-15,36132.77,0.52,107,51,2,100000.00,พนักงานประจำ,1,ปกติ,14,0
L-26890,2024-11-15,36499.78,0.434,135,45,5,100000.00,พนักงานประจำ,1,ปิดบัญชีแล้ว,22,0
L-26976,2024-11-15,16274.27,0.521,150,45,0,200000.00,ข้าราชการ,2,ปิดบัญชีแล้ว,16,0
L-27515,2024-11-15,16758.93,0.313,94,49,5,50000.00,พนักงานประจำ,1,ปกติ,15,0
L-27552,2024-11-15,48770.50,0.619,148,45,5,300000.00,ข้าราชการ,4,ค้างชำระ,152,1
L-27641,2024-11-15,43544.11,0.595,28,28,0,500000.00,พนักงานประจำ,8,ค้างชำระ,105,1
L-28239,2024-11-15,9984.99,0.119,219,24,2,100000.00,อาชีพอิสระ,0,ปกติ,20,0
L-28355,2024-11-15,22462.53,0.408,131,56,1,50000.00,พนักงานประจำ,2,ปกติ,24,0
L-28373,2024-11-15,34771.49,0.344,166,38,5,150000.00,พนักงานประจำ,2,ปิดบัญชีแล้ว,29,0
L-30588,2024-11-15,19689.03,0.95,137,48,3,50000.00,อาชีพอิสระ,2,ปกติ,11,0
L-30786,2024-11-15,44585.94,0.231,79,52,2,50000.00,ธุรกิจส่วนตัว,1,ปกติ,22,0
L-31550,2024-11-15,64592.09,0.515,173,30,6,100000.00,พนักงานประจำ,2,ปกติ,25,0
L-31904,2024-11-15,24146.92,0.403,190,58,1,150000.00,ธุรกิจส่วนตัว,0,ปกติ,10,0
L-20870,2024-11-16,9000.00,0.194,159,44,4,150000.00,อาชีพอิสระ,10,ค้างชำระ,57,1
L-21065,2024-11-16,34821.18,0.685,58,37,2,200000.00,ธุรกิจส่วนตัว,2,ปกติ,23,0
L-23155,2024-11-16,18320.19,0.657,190,55,6,300000.00,อาชีพอิสระ,2,ปกติ,8,0
L-24623,2024-11-16,44350.49,0.246,237,33,1,500000.00,ข้าราชการ,1,ปิดบัญชีแล้ว,15,0
L-24857,2024-11-16,50357.60,0.519,231,21,5,50000.00,ข้าราชการ,2,ปิดบัญชีแล้ว,22,0
L-25175,2024-11-16,31872.53,0.255,223,21,0,50000.00,ธุรกิจส่วนตัว,0,ปกติ,21,0
L-25625,2024-11-16,10048.52,0.284,110,36,3,100000.00,ธุรกิจส่วนตัว,2,ปกติ,4,0
L-25776,2024-11-16,52451.43,0.317,146,30,2,50000.00,ข้าราชการ,0,ปิดบัญชีแล้ว,28,0
L-26854,2024-11-16,32672.73,0.32,220,32,4,50000.00,อาชีพอิสระ,2,ปกติ,15,0
L-27047,2024-11-16,9000.00,0.297,109,37,0,150000.00,อาชีพอิสระ,0,ปิดบัญชีแล้ว,26,0
L-27925,2024-11-16,55673.54,0.619,2,39,4,50000.00,พนักงานประจำ,1,ปกติ,29,0
L-29238,2024-11-16,38728.06,0.029,217,52,2,100000.00,พนักงานประจำ,1,ปกติ,1,0
L-20121,2024-11-17,25621.51,0.368,92,41,5,50000.00,พนักงานประจำ,1,ปิดบัญชีแล้ว,27,0
L-22435,2024-11-17,17539.67,0.281,33,23,0,500000.00,ธุรกิจส่วนตัว,2,ปกติ,19,0
L-23727,2024-11-17,15043.89,0.095,174,58,6,100000.00,อาชีพอิสระ,0,ปกติ,12,0
L-24276,2024-11-17,35756.57,0.46,200,44,1,50000.00,ข้าราชการ,1,ปิดบัญชีแล้ว,30,0
L-24562,2024-11-17,14689.23,0.617,17,59,4,100000.00,อาชีพอิสระ,1,ปกติ,6,0
L-27489,2024-11-17,43101.56,0.336,221,36,1,300000.00,ธุรกิจส่วนตัว,1,ปกติ,25,0
L-27733,2024-11-17,45562.44,0.376,104,61,5,100000.00,พนักงานประจำ,3,ค้างชำระ,166,1
L-28579,2024-11-17,46497.03,0.326,128,64,1,100000.00,ข้าราชการ,2,ปกติ,10,0
L-29471,2024-11-17,27082.72,0.856,214,53,2,300000.00,อาชีพอิสระ,2,ปกติ,3,0
L-30076,2024-11-17,56121.21,0.338,31,47,1,500000.00,พนักงานประจำ,1,ปิดบัญชีแล้ว,14,0
L-30682,2024-11-17,29632.20,0.507,188,50,6,300000.00,พนักงานประจำ,0,ปิดบัญชีแล้ว,8,0
L-31364,2024-11-17,45551.16,0.143,77,62,2,200000.00,อาชีพอิสระ,1,ปกติ,10,0
L-22413,2024-11-18,40582.92,0.21,72,31,6,500000.00,ธุรกิจส่วนตัว,0,ปกติ,11,0
L-22623,2024-11-18,55571.61,0.542,121,35,4,500000.00,ข้าราชการ,12,ค้างชำระ,70,1
L-23617,2024-11-18,22273.62,0.429,222,30,5,150000.00,ข้าราชการ,2,ปกติ,4,0
L-23999,2024-11-18,21776.09,0.686,90,29,3,100000.00,ธุรกิจส่วนตัว,1,ปิดบัญชีแล้ว,9,0
L-24331,2024-11-18,20684.80,0.777,124,59,1,500000.00,อาชีพอิสระ,0,ปิดบัญชีแล้ว,5,0
L-25345,2024-11-18,15205.00,0.445,133,43,5,100000.00,ข้าราชการ,2,ปิดบัญชีแล้ว,23,0
L-25620,2024-11-18,63304.41,0.426,160,57,1,200000.00,ธุรกิจส่วนตัว,2,ปกติ,17,0
L-25930,2024-11-18,24389.15,0.185,25,24,3,500000.00,ข้าราชการ,2,ปกติ,1,0
L-26374,2024-11-18,58066.18,0.301,171,45,6,50000.00,ธุรกิจส่วนตัว,1,ปกติ,29,0
L-27664,2024-11-18,10603.56,0.347,46,62,0,50000.00,ธุรกิจส่วนตัว,2,ปกติ,22,0
L-28633,2024-11-18,33631.53,0.265,141,56,1,50000.00,ธุรกิจส่วนตัว,2,ปิดบัญชีแล้ว,9,0
L-29138,2024-11-18,37772.63,0.274,179,61,1,300000.00,อาชีพอิสระ,2,ปกติ,1,0
L-29252,2024-11-18,23912.20,0.487,121,22,0,50000.00,อาชีพอิสระ,2,ปิดบัญชีแล้ว,30,0
L-29391,2024-11-18,23146.67,0.182,165,27,4,50000.00,พนักงานประจำ,2,ปิดบัญชีแล้ว,14,0
L-30143,2024-11-18,52111.13,0.773,122,37,6,200000.00,อาชีพอิสระ,11,ค้างชำระ,109,1
L-30733,2024-11-18,28151.27,0.587,88,35,3,300000.00,พนักงานประจำ,2,ปกติ,15,0
L-31023,2024-11-18,49464.04,0.081,165,55,1,150000.00,พนักงานประจำ,0,ปิดบัญชีแล้ว,18,0
L-21586,2024-11-19,24095.54,0.399,17,30,4,200000.00,อาชีพอิสระ,5,ค้างชำระ,116,1
L-22803,2024-11-19,29391.94,0.533,182,28,0,500000.00,ข้าราชการ,1,ปกติ,10,0
L-22935,2024-11-19,45676.83,0.42,113,25,1,200000.00,ข้าราชการ,2,ปิดบัญชีแล้ว,22,0
L-24048,2024-11-19,55006.71,0.389,26,35,5,100000.00,ข้าราชการ,2,ปกติ,12,0
L-26075,2024-11-19,17276.42,0.541,198,47,0,100000.00,ข้าราชการ,0,ปกติ,0,0
L-28276,2024-11-19,10397.45,0.524,143,28,0,50000.00,พนักงานประจำ,2,ปกติ,7,0
L-29272,2024-11-19,34386.27,0.271,77,24,5,150000.00,ธุรกิจส่วนตัว,1,ปกติ,1,0
L-29460,2024-11-19,17832.71,0.63,68,29,2,50000.00,ข้าราชการ,0,ปกติ,9,0
L-31280,2024-11-19,39104.23,0.518,94,58,3,150000.00,อาชีพอิสระ,2,ปกติ,6,0
L-20559,2024-11-20,47432.56,0.642,63,29,2,50000.00,พนักงานประจำ,4,ค้างชำระ,155,1
L-21501,2024-11-20,58154.77,0.333,190,51,0,300000.00,พนักงานประจำ,0,ปกติ,20,0
L-21993,2024-11-20,53080.30,0.121,180,30,5,50000.00,พนักงานประจำ,1,ปกติ,2,0
L-22302,2024-11-20,41544.10,0.269,75,22,3,300000.00,พนักงานประจำ,1,ปกติ,27,0
L-23139,2024-11-20,44881.40,0.109,16,36,1,300000.00,พนักงานประจำ,2,ปิดบัญชีแล้ว,14,0
L-23213,2024-11-20,30249.03,0.807,181,42,1,500000.00,ธุรกิจส่วนตัว,1,ปิดบัญชีแล้ว,13,0
L-23860,2024-11-20,39937.60,0.381,60,48,1,50000.00,ข้าราชการ,2,ปกติ,1,0
L-24582,2024-11-20,44932.93,0.484,175,40,3,150000.00,อาชีพอิสระ,1,ปกติ,11,0
L-25940,2024-11-20,49984.23,0.549,199,41,6,150000.00,ธุรกิจส่วนตัว,0,ปกติ,4,0
L-26025,2024-11-20,41121.27,0.199,86,60,6,500000.00,พนักงานประจำ,1,ปิดบัญชีแล้ว,10,0
L-30897,2024-11-20,28495.88,0.647,198,43,1,150000.00,อาชีพอิสระ,1,ปกติ,27,0
L-22152,2024-11-21,51573.49,0.057,171,35,1,150000.00,ข้าราชการ,1,ปิดบัญชีแล้ว,2,0
L-22237,2024-11-21,72422.26,0.311,71,46,0,500000.00,ธุรกิจส่วนตัว,0,ปิดบัญชีแล้ว,25,0
L-23009,2024-11-21,33630.55,0.419,164,52,1,200000.00,พนักงานประจำ,2,ปิดบัญชีแล้ว,8,0
L-23796,2024-11-21,29862.64,0.42,181,63,4,150000.00,พนักงานประจำ,1,ปกติ,18,0
L-24476,2024-11-21,33506.79,0.44,94,46,1,100000.00,อาชีพอิสระ,1,ปิดบัญชีแล้ว,0,0
L-24584,2024-11-21,45834.69,0.361,55,36,0,300000.00,ข้าราชการ,0,ปกติ,6,0
L-25370,2024-11-21,54483.92,0.345,35,30,4,100000.00,ธุรกิจส่วนตัว,0,ปกติ,4,0
L-25954,2024-11-21,32853.89,0.239,52,29,2,100000.00,ธุรกิจส่วนตัว,1,ปิดบัญชีแล้ว,11,0
L-26510,2024-11-21,43613.10,0.283,27,49,5,50000.00,ข้าราชการ,1,ปกติ,14,0
L-27890,2024-11-21,14398.91,0.26,4,30,0,500000.00,ธุรกิจส่วนตัว,1,ปิดบัญชีแล้ว,3,0
L-28398,2024-11-21,12413.13,0.301,46,23,4,300000.00,อาชีพอิสระ,2,ปกติ,18,0
L-28711,2024-11-21,39138.49,0.109,103,49,6,50000.00,ธุรกิจส่วนตัว,0,ปิดบัญชีแล้ว,11,0
L-29866,2024-11-21,9000.00,0.399,165,54,5,50000.00,อาชีพอิสระ,0,ปกติ,13,0
L-31495,2024-11-21,9000.00,0.484,22,28,2,50000.00,ข้าราชการ,2,ปกติ,30,0
L-20091,2024-11-22,25467.52,0.492,141,59,4,300000.00,ธุรกิจส่วนตัว,0,ปกติ,12,0
L-21149,2024-11-22,23608.71,0.198,201,24,2,200000.00,อาชีพอิสระ,1,ปกติ,11,0
L-21355,2024-11-22,33062.62,0.581,147,56,3,200000.00,อาชีพอิสระ,12,ค้างชำระ,129,1
L-21792,2024-11-22,23966.20,0.476,104,33,5,500000.00,ธุรกิจส่วนตัว,0,ปิดบัญชีแล้ว,19,0
L-23058,2024-11-22,9000.00,0.586,162,48,2,200000.00,ข้าราชการ,2,ปิดบัญชีแล้ว,7,0
L-23157,2024-11-22,30718.64,0.464,229,62,0,300000.00,พนักงานประจำ,2,ปกติ,23,0
L-26649,2024-11-22,40402.61,0.557,39,40,6,200000.00,พนักงานประจำ,10,ค้างชำระ,53,1
L-26859,2024-11-22,43583.13,0.304,150,30,0,200000.00,ธุรกิจส่วนตัว,1,ปกติ,4,0
L-27518,2024-11-22,41289.11,0.374,76,49,4,50000.00,พนักงานประจำ,1,ปกติ,21,0
L-30633,2024-11-22,13584.43,0.125,146,51,1,150000.00,ข้าราชการ,0,ปกติ,11,0
L-20949,2024-11-23,28188.90,0.449,160,21,3,500000.00,พนักงานประจำ,1,ปิดบัญชีแล้ว,4,0
L-21294,2024-11-23,48989.62,0.476,132,28,3,100000.00,ธุรกิจส่วนตัว,2,ปิดบัญชีแล้ว,25,0
L-21521,2024-11-23,52855.82,0.256,166,26,1,50000.00,ธุรกิจส่วนตัว,1,ปกติ,19,0
L-22257,2024-11-23,14564.26,0.296,7,60,2,200000.00,พนักงานประจำ,1,ปกติ,11,0
L-23098,2024-11-23,21927.70,0.249,48,61,2,100000.00,ธุรกิจส่วนตัว,0,ปกติ,6,0
L-23554,2024-11-23,35254.26,0.442,228,22,3,300000.00,ธุรกิจส่วนตัว,0,ปกติ,30,0
L-24364,2024-11-23,28558.57,0.13,165,23,3,100000.00,ข้าราชการ,1,ปกติ,11,0
L-25034,2024-11-23,23099.02,0.02,66,62,6,500000.00,พนักงานประจำ,1,ปกติ,25,0
L-25074,2024-11-23,29382.75,0.101,155,43,4,300000.00,อาชีพอิสระ,1,ปิดบัญชีแล้ว,23,0
L-25378,2024-11-23,22434.90,0.075,141,30,0,50000.00,พนักงานประจำ,0,ปิดบัญชีแล้ว,6,0
L-27228,2024-11-23,43969.92,0.02,48,33,4,150000.00,พนักงานประจำ,0,ปกติ,24,0
L-27470,2024-11-23,35985.83,0.417,36,64,4,100000.00,อาชีพอิสระ,2,ปกติ,5,0
L-28044,2024-11-23,9000.00,0.272,103,59,3,50000.00,ข้าราชการ,1,ปกติ,26,0
L-28412,2024-11-23,42342.50,0.02,109,64,0,50000.00,ธุรกิจส่วนตัว,0,ปิดบัญชีแล้ว,20,0
L-28772,2024-11-23,47464.04,0.181,4,33,0,500000.00,อาชีพอิสระ,1,ปิดบัญชีแล้ว,19,0
L-28885,2024-11-23,9000.00,0.753,27,23,1,300000.00,อาชีพอิสระ,0,ปกติ,1,0
L-29207,2024-11-23,30245.29,0.139,202,24,0,100000.00,พนักงานประจำ,0,ปิดบัญชีแล้ว,19,0
L-29897,2024-11-23,31439.50,0.089,23,30,4,200000.00,ธุรกิจส่วนตัว,1,ปกติ,11,0
L-31212,2024-11-23,9000.00,0.269,162,45,0,150000.00,ข้าราชการ,1,ปกติ,20,0
L-31687,2024-11-23,48342.47,0.318,8,51,5,100000.00,พนักงานประจำ,0,ปิดบัญชีแล้ว,12,0
L-20943,2024-11-24,35634.42,0.611,73,52,6,50000.00,พนักงานประจำ,2,ปกติ,17,0
L-22439,2024-11-24,27932.42,0.316,239,28,3,50000.00,ธุรกิจส่วนตัว,0,ปิดบัญชีแล้ว,25,0
L-22519,2024-11-24,21774.91,0.485,227,64,1,50000.00,ข้าราชการ,2,ปกติ,16,0
L-24142,2024-11-24,43013.14,0.556,16,44,1,200000.00,ข้าราชการ,2,ปกติ,11,0
L-24751,2024-11-24,40356.75,0.166,217,50,6,100000.00,ข้าราชการ,0,ปกติ,8,0
L-25165,2024-11-24,45178.69,0.228,137,35,2,200000.00,ธุรกิจส่วนตัว,0,ปกติ,14,0
L-26083,2024-11-24,23385.41,0.352,99,41,6,200000.00,ธุรกิจส่วนตัว,2,ปกติ,14,0
L-27337,2024-11-24,39839.70,0.469,217,53,1,300000.00,ธุรกิจส่วนตัว,2,ปกติ,25,0
L-28072,2024-11-24,13951.33,0.465,16,22,3,300000.00,อาชีพอิสระ,1,ปกติ,9,0
L-28407,2024-11-24,41290.79,0.516,125,56,1,150000.00,ข้าราชการ,2,ปกติ,19,0
L-28675,2024-11-24,51470.07,0.434,143,35,1,200000.00,อาชีพอิสระ,2,ปกติ,2,0
L-31656,2024-11-24,24798.37,0.453,59,41,1,300000.00,อาชีพอิสระ,2,ปกติ,6,0
L-31843,2024-11-24,27664.39,0.519,119,27,6,200000.00,อาชีพอิสระ,0,ปกติ,8,0
L-21889,2024-11-25,42509.49,0.164,156,62,5,200000.00,พนักงานประจำ,1,ปกติ,24,0
L-22058,2024-11-25,30874.66,0.551,207,36,2,150000.00,ธุรกิจส่วนตัว,2,ปิดบัญชีแล้ว,3,0
L-24451,2024-11-25,24922.43,0.54,41,54,1,200000.00,พนักงานประจำ,6,ค้างชำระ,53,1
L-25083,2024-11-25,33439.66,0.62,205,37,4,500000.00,อาชีพอิสระ,0,ปกติ,24,0
L-25213,2024-11-25,35868.23,0.32,190,52,1,50000.00,อาชีพอิสระ,0,ปกติ,7,0
L-26261,2024-11-25,19753.45,0.516,211,21,2,150000.00,อาชีพอิสระ,1,ปิดบัญชีแล้ว,10,0
L-26669,2024-11-25,51698.59,0.679,196,65,3,500000.00,ข้าราชการ,1,ปกติ,28,0
L-21913,2024-11-26,23593.52,0.56,207,44,6,50000.00,ข้าราชการ,0,ปกติ,5,0
L-22279,2024-11-26,34539.55,0.793,190,33,0,150000.00,ธุรกิจส่วนตัว,0,ปกติ,30,0
L-22446,2024-11-26,38773.66,0.388,36,41,2,300000.00,พนักงานประจำ,0,ปกติ,29,0
L-22702,2024-11-26,50697.17,0.321,200,48,0,50000.00,อาชีพอิสระ,0,ปกติ,29,0
L-22813,2024-11-26,39400.28,0.336,117,27,0,50000.00,ข้าราชการ,14,ค้างชำระ,67,1
L-23075,2024-11-26,51443.68,0.398,6,50,2,300000.00,ข้าราชการ,2,ปกติ,17,0
L-25148,2024-11-26,21994.79,0.02,25,51,4,200000.00,ธุรกิจส่วนตัว,1,ปกติ,24,0
L-25528,2024-11-26,46915.01,0.17,24,49,5,150000.00,ธุรกิจส่วนตัว,1,ปกติ,4,0
L-26186,2024-11-26,38924.20,0.136,0,52,4,300000.00,ธุรกิจส่วนตัว,1,ปกติ,14,0
L-26364,2024-11-26,31871.83,0.668,18,42,2,100000.00,พนักงานประจำ,0,ปกติ,4,0
L-27269,2024-11-26,14973.75,0.523,90,26,1,500000.00,ธุรกิจส่วนตัว,2,ปกติ,11,0
L-28043,2024-11-26,11804.83,0.511,33,40,5,100000.00,พนักงานประจำ,0,ปกติ,16,0
L-28364,2024-11-26,24408.67,0.329,153,51,0,100000.00,ธุรกิจส่วนตัว,2,ปกติ,4,0
L-29614,2024-11-26,41456.94,0.608,2,52,0,150000.00,พนักงานประจำ,1,ปิดบัญชีแล้ว,29,0
L-21446,2024-11-27,39327.28,0.237,113,33,6,200000.00,ข้าราชการ,1,ปกติ,26,0
L-21849,2024-11-27,28713.86,0.734,109,30,0,100000.00,ข้าราชการ,11,ค้างชำระ,153,1
L-24101,2024-11-27,20850.78,0.309,84,54,2,50000.00,พนักงานประจำ,2,ปกติ,4,0
L-25252,2024-11-27,13296.65,0.361,99,61,2,200000.00,ธุรกิจส่วนตัว,2,ปกติ,11,0
L-26195,2024-11-27,28604.60,0.074,36,61,1,150000.00,ข้าราชการ,8,ค้างชำระ,107,1
L-29274,2024-11-27,13739.94,0.271,239,23,1,50000.00,พนักงานประจำ,1,ปกติ,24,0
L-29894,2024-11-27,35712.20,0.532,172,49,0,200000.00,อาชีพอิสระ,2,ปกติ,27,0
L-31876,2024-11-27,20004.00,0.455,86,34,0,300000.00,ข้าราชการ,2,ปกติ,2,0
L-20214,2024-11-28,21423.59,0.347,11,58,2,200000.00,ธุรกิจส่วนตัว,1,ปิดบัญชีแล้ว,17,0
L-20921,2024-11-28,29522.41,0.362,212,38,2,150000.00,อาชีพอิสระ,0,ปกติ,7,0
L-21596,2024-11-28,49031.09,0.298,183,24,6,500000.00,อาชีพอิสระ,0,ปกติ,23,0
L-22019,2024-11-28,29636.53,0.675,131,45,6,300000.00,พนักงานประจำ,10,ค้างชำระ,83,1
L-22318,2024-11-28,38564.15,0.508,184,51,0,150000.00,พนักงานประจำ,1,ปกติ,5,0
L-23753,2024-11-28,41165.78,0.364,234,49,1,200000.00,ธุรกิจส่วนตัว,0,ปิดบัญชีแล้ว,19,0
L-23977,2024-11-28,32976.32,0.454,9,41,3,300000.00,ข้าราชการ,2,ปกติ,19,0
L-26596,2024-11-28,16115.88,0.483,42,40,4,300000.00,ข้าราชการ,2,ปกติ,30,0
L-26820,2024-11-28,38400.26,0.26,66,44,3,500000.00,ข้าราชการ,1,ปิดบัญชีแล้ว,18,0
L-28064,2024-11-28,51690.44,0.649,5,36,1,50000.00,ธุรกิจส่วนตัว,0,ปกติ,17,0
L-28294,2024-11-28,27626.32,0.542,153,63,3,150000.00,ข้าราชการ,0,ปกติ,9,0
L-28394,2024-11-28,37405.45,0.459,117,58,6,100000.00,ข้าราชการ,8,ค้างชำระ,140,1
L-28881,2024-11-28,10655.08,0.138,42,29,2,150000.00,พนักงานประจำ,1,ปกติ,20,0
L-20325,2024-11-29,30539.38,0.466,81,47,6,200000.00,พนักงานประจำ,2,ปิดบัญชีแล้ว,3,0
L-20345,2024-11-29,21990.66,0.222,194,57,3,150000.00,พนักงานประจำ,0,ปกติ,9,0
L-20404,2024-11-29,37177.11,0.654,167,46,6,150000.00,อาชีพอิสระ,1,ปกติ,8,0
L-20425,2024-11-29,26211.65,0.184,65,62,4,50000.00,พนักงานประจำ,0,ปกติ,4,0
L-21761,2024-11-29,33560.03,0.413,143,43,0,200000.00,อาชีพอิสระ,1,ปกติ,1,0
L-22400,2024-11-29,50496.31,0.454,78,54,2,200000.00,ข้าราชการ,5,ค้างชำระ,157,1
L-22961,2024-11-29,26598.07,0.436,144,58,2,300000.00,ข้าราชการ,1,ปิดบัญชีแล้ว,23,0
L-24896,2024-11-29,53605.70,0.453,47,52,1,50000.00,อาชีพอิสระ,2,ปกติ,2,0
L-25150,2024-11-29,30458.17,0.043,49,34,2,150000.00,อาชีพอิสระ,2,ปิดบัญชีแล้ว,0,0
L-26325,2024-11-29,35138.93,0.091,120,35,1,200000.00,พนักงานประจำ,13,ค้างชำระ,154,1
L-26864,2024-11-29,15250.16,0.367,225,49,0,150000.00,ธุรกิจส่วนตัว,5,ค้างชำระ,129,1
L-20504,2024-11-30,35619.43,0.14,204,38,6,50000.00,พนักงานประจำ,1,ปกติ,3,0
L-20801,2024-11-30,9000.00,0.354,18,63,4,300000.00,ธุรกิจส่วนตัว,14,ค้างชำระ,62,1
L-21401,2024-11-30,40353.36,0.355,73,32,4,300000.00,ข้าราชการ,13,ค้างชำระ,157,1
L-22494,2024-11-30,17914.50,0.097,113,39,0,200000.00,ธุรกิจส่วนตัว,0,ปิดบัญชีแล้ว,12,0
L-24435,2024-11-30,38213.44,0.159,18,22,4,300000.00,ธุรกิจส่วนตัว,0,ปิดบัญชีแล้ว,21,0
L-25646,2024-11-30,50577.16,0.66,79,39,5,500000.00,ข้าราชการ,0,ปกติ,27,0
L-25905,2024-11-30,35170.44,0.268,13,27,0,500000.00,พนักงานประจำ,2,ปกติ,27,0
L-27837,2024-11-30,36397.87,0.328,110,37,0,50000.00,อาชีพอิสระ,0,ปิดบัญชีแล้ว,25,0
L-29380,2024-11-30,44986.97,0.433,40,48,1,100000.00,พนักงานประจำ,1,ปกติ,13,0
L-29959,2024-11-30,37601.59,0.329,21,21,5,200000.00,ธุรกิจส่วนตัว,6,ค้างชำระ,73,1
L-30154,2024-11-30,14363.93,0.43,231,21,2,300000.00,พนักงานประจำ,0,ปิดบัญชีแล้ว,16,0
L-31279,2024-11-30,25584.73,0.4,131,53,1,200000.00,พนักงานประจำ,2,ปกติ,1,0
L-23804,2024-12-01,35722.01,0.604,120,35,5,300000.00,อาชีพอิสระ,12,ค้างชำระ,120,1
L-27219,2024-12-01,29744.02,0.367,213,48,3,500000.00,อาชีพอิสระ,2,ปกติ,12,0
L-27981,2024-12-01,21809.98,0.494,161,30,2,200000.00,อาชีพอิสระ,2,ปกติ,23,0
L-28129,2024-12-01,38945.67,0.218,157,27,4,50000.00,อาชีพอิสระ,0,ปกติ,25,0
L-28832,2024-12-01,25886.64,0.479,130,62,0,300000.00,ข้าราชการ,0,ปกติ,13,0
L-29640,2024-12-01,27484.84,0.413,182,39,3,300000.00,อาชีพอิสระ,1,ปกติ,7,0
L-30441,2024-12-01,43582.05,0.191,13,65,1,300000.00,อาชีพอิสระ,1,ปกติ,15,0
L-31439,2024-12-01,44632.31,0.276,170,49,2,200000.00,อาชีพอิสระ,2,ปกติ,20,0
L-31696,2024-12-01,15473.11,0.498,100,54,4,300000.00,พนักงานประจำ,2,ปกติ,19,0
L-20545,2024-12-02,44707.47,0.491,152,33,5,150000.00,ข้าราชการ,0,ปกติ,26,0
L-20855,2024-12-02,34038.84,0.452,230,57,3,50000.00,อาชีพอิสระ,1,ปกติ,22,0
L-21126,2024-12-02,37013.67,0.7,197,34,3,200000.00,ธุรกิจส่วนตัว,0,ปกติ,8,0
L-21542,2024-12-02,32627.59,0.503,178,30,0,50000.00,อาชีพอิสระ,1,ปกติ,13,0
L-21735,2024-12-02,38293.33,0.534,212,27,5,200000.00,อาชีพอิสระ,0,ปิดบัญชีแล้ว,14,0
L-22212,2024-12-02,42891.22,0.236,44,53,2,200000.00,พนักงานประจำ,2,ปกติ,7,0
L-22402,2024-12-02,33633.94,0.313,230,58,4,150000.00,ธุรกิจส่วนตัว,11,ค้างชำระ,73,1
L-23497,2024-12-02,22903.43,0.548,186,54,2,500000.00,อาชีพอิสระ,2,ปิดบัญชีแล้ว,8,0
L-24065,2024-12-02,11709.70,0.418,22,52,0,100000.00,อาชีพอิสระ,2,ปิดบัญชีแล้ว,0,0
L-25416,2024-12-02,45689.77,0.063,195,22,4,300000.00,ข้าราชการ,1,ปกติ,13,0
L-25971,2024-12-02,44601.26,0.191,35,59,6,200000.00,อาชีพอิสระ,12,ค้างชำระ,95,1
L-26238,2024-12-02,31890.31,0.421,33,60,3,300000.00,ข้าราชการ,0,ปกติ,21,0
L-26686,2024-12-02,16600.32,0.235,119,49,6,500000.00,ข้าราชการ,3,ค้างชำระ,79,1
L-28587,2024-12-02,26348.84,0.231,212,21,0,300000.00,อาชีพอิสระ,11,ค้างชำระ,155,1
L-28702,2024-12-02,16129.10,0.036,52,65,5,300000.00,พนักงานประจำ,0,ปกติ,6,0
L-29390,2024-12-02,33572.18,0.288,173,54,0,500000.00,อาชีพอิสระ,0,ปกติ,18,0
L-20634,2024-12-03,37168.34,0.635,149,54,1,150000.00,ธุรกิจส่วนตัว,0,ปกติ,2,0
L-23395,2024-12-03,32434.43,0.39,106,59,3,150000.00,ธุรกิจส่วนตัว,0,ปกติ,7,0
L-23428,2024-12-03,27604.50,0.16,200,48,0,500000.00,ข้าราชการ,2,ปิดบัญชีแล้ว,7,0
L-26883,2024-12-03,32567.15,0.349,70,26,3,300000.00,ข้าราชการ,0,ปกติ,8,0
L-28212,2024-12-03,26414.56,0.147,227,23,1,50000.00,ธุรกิจส่วนตัว,0,ปกติ,22,0
L-29156,2024-12-03,25435.91,0.465,5,31,6,300000.00,พนักงานประจำ,1,ปกติ,21,0
L-29328,2024-12-03,40111.61,0.185,108,27,6,150000.00,อาชีพอิสระ,2,ปกติ,18,0
L-31040,2024-12-03,34495.21,0.02,227,63,1,300000.00,ธุรกิจส่วนตัว,0,ปกติ,3,0
L-22027,2024-12-04,11125.12,0.514,81,62,4,50000.00,อาชีพอิสระ,0,ปกติ,21,0
L-25224,2024-12-04,21159.11,0.02,14,44,3,150000.00,ธุรกิจส่วนตัว,14,ค้างชำระ,174,1
L-25762,2024-12-04,13662.84,0.481,73,46,0,300000.00,ธุรกิจส่วนตัว,1,ปกติ,8,0
L-26987,2024-12-04,9000.00,0.564,196,21,3,300000.00,ข้าราชการ,2,ปกติ,16,0
L-30342,2024-12-04,27941.65,0.168,213,22,5,50000.00,ธุรกิจส่วนตัว,1,ปกติ,29,0
L-30434,2024-12-04,48206.38,0.563,185,52,6,50000.00,พนักงานประจำ,0,ปิดบัญชีแล้ว,19,0
L-30514,2024-12-04,39429.37,0.294,58,65,4,150000.00,อาชีพอิสระ,0,ปกติ,15,0
L-31005,2024-12-04,44334.89,0.36,59,62,1,500000.00,ข้าราชการ,0,ปกติ,1,0
L-31943,2024-12-04,9000.00,0.611,62,49,3,100000.00,พนักงานประจำ,2,ปกติ,1,0
L-20594,2024-12-05,32490.85,0.353,236,42,1,300000.00,พนักงานประจำ,0,ปิดบัญชีแล้ว,29,0
L-22024,2024-12-05,31613.19,0.388,43,38,1,500000.00,ธุรกิจส่วนตัว,2,ปกติ,11,0
L-23294,2024-12-05,32161.43,0.549,208,25,3,150000.00,อาชีพอิสระ,1,ปกติ,28,0
L-23536,2024-12-05,43485.96,0.296,43,29,2,100000.00,อาชีพอิสระ,1,ปกติ,3,0
L-23730,2024-12-05,39513.44,0.151,202,59,5,200000.00,พนักงานประจำ,1,ปกติ,27,0
L-24628,2024-12-05,18810.29,0.374,189,34,3,150000.00,พนักงานประจำ,2,ปกติ,8,0
L-24825,2024-12-05,24190.47,0.321,206,53,4,200000.00,พนักงานประจำ,0,ปกติ,11,0
L-25199,2024-12-05,21304.18,0.152,219,43,1,150000.00,อาชีพอิสระ,2,ปกติ,17,0
L-26310,2024-12-05,39972.73,0.46,17,46,4,500000.00,ข้าราชการ,12,ค้างชำระ,59,1
L-28052,2024-12-05,44684.53,0.219,76,61,4,200000.00,พนักงานประจำ,2,ปกติ,22,0
L-28225,2024-12-05,40093.20,0.314,58,49,0,500000.00,อาชีพอิสระ,1,ปกติ,4,0
L-28926,2024-12-05,20615.79,0.215,9,58,2,100000.00,อาชีพอิสระ,3,ค้างชำระ,135,1
L-20355,2024-12-06,28272.36,0.559,170,39,6,500000.00,พนักงานประจำ,1,ปกติ,27,0
L-20596,2024-12-06,30564.00,0.701,122,24,2,150000.00,พนักงานประจำ,0,ปิดบัญชีแล้ว,24,0
L-21554,2024-12-06,38981.92,0.106,95,59,5,150000.00,พนักงานประจำ,1,ปกติ,24,0
L-22001,2024-12-06,22542.11,0.426,110,34,1,500000.00,ธุรกิจส่วนตัว,1,ปกติ,27,0
L-24997,2024-12-06,27005.80,0.343,28,57,0,100000.00,พนักงานประจำ,1,ปกติ,28,0
L-26294,2024-12-06,29489.84,0.191,141,23,0,200000.00,พนักงานประจำ,0,ปกติ,11,0
L-26471,2024-12-06,61736.78,0.063,46,61,3,300000.00,ข้าราชการ,2,ปกติ,4,0
L-26584,2024-12-06,9000.00,0.226,50,36,6,300000.00,ข้าราชการ,1,ปิดบัญชีแล้ว,23,0
L-26614,2024-12-06,38004.58,0.13,49,55,0,300000.00,ธุรกิจส่วนตัว,2,ปกติ,28,0
L-28734,2024-12-06,20712.53,0.408,116,53,6,50000.00,ข้าราชการ,0,ปกติ,16,0
L-29570,2024-12-06,44193.98,0.687,169,57,5,150000.00,อาชีพอิสระ,0,ปกติ,16,0
L-30008,2024-12-06,18126.66,0.335,58,26,4,50000.00,อาชีพอิสระ,0,ปิดบัญชีแล้ว,24,0
L-31189,2024-12-06,25753.05,0.569,2,36,1,300000.00,ธุรกิจส่วนตัว,4,ค้างชำระ,153,1
L-31935,2024-12-06,18573.95,0.163,57,34,6,50000.00,ข้าราชการ,2,ปิดบัญชีแล้ว,2,0
L-20083,2024-12-07,38899.82,0.214,146,35,0,50000.00,ข้าราชการ,2,ปกติ,13,0
L-22502,2024-12-07,37959.72,0.23,232,52,3,300000.00,ข้าราชการ,1,ปกติ,8,0
L-23661,2024-12-07,31924.45,0.426,14,28,6,50000.00,ธุรกิจส่วนตัว,2,ปกติ,13,0
L-26205,2024-12-07,44921.60,0.639,118,58,3,500000.00,อาชีพอิสระ,12,ค้างชำระ,94,1
L-26682,2024-12-07,29824.56,0.354,162,23,0,50000.00,พนักงานประจำ,2,ปิดบัญชีแล้ว,21,0
L-27125,2024-12-07,35058.97,0.123,65,62,1,500000.00,ธุรกิจส่วนตัว,0,ปกติ,9,0
L-27399,2024-12-07,30179.00,0.351,39,41,2,50000.00,ข้าราชการ,2,ปกติ,8,0
L-30558,2024-12-07,61488.66,0.485,84,59,6,300000.00,พนักงานประจำ,1,ปกติ,26,0
L-21041,2024-12-08,15722.58,0.046,86,45,3,300000.00,ข้าราชการ,1,ปิดบัญชีแล้ว,19,0
L-21342,2024-12-08,28209.31,0.504,7,43,4,100000.00,ข้าราชการ,4,ค้างชำระ,123,1
L-21731,2024-12-08,28361.70,0.534,115,23,1,500000.00,ข้าราชการ,0,ปกติ,26,0
L-22547,2024-12-08,47444.55,0.385,130,51,5,50000.00,ข้าราชการ,0,ปิดบัญชีแล้ว,18,0
L-24740,2024-12-08,53109.76,0.4,229,49,3,150000.00,ธุรกิจส่วนตัว,1,ปิดบัญชีแล้ว,5,0
L-24986,2024-12-08,59949.23,0.137,27,35,3,200000.00,ข้าราชการ,0,ปิดบัญชีแล้ว,11,0
L-26034,2024-12-08,27563.17,0.174,15,43,3,500000.00,อาชีพอิสระ,0,ปกติ,25,0
L-26199,2024-12-08,17813.07,0.269,178,59,6,500000.00,ธุรกิจส่วนตัว,1,ปกติ,4,0
L-29374,2024-12-08,53430.38,0.486,112,35,0,300000.00,อาชีพอิสระ,2,ปกติ,18,0
L-31641,2024-12-08,38528.68,0.386,180,44,3,300000.00,ข้าราชการ,1,ปกติ,4,0
L-20263,2024-12-09,19144.51,0.422,55,45,6,100000.00,อาชีพอิสระ,1,ปิดบัญชีแล้ว,10,0
L-23330,2024-12-09,31037.28,0.488,59,45,1,200000.00,อาชีพอิสระ,2,ปกติ,11,0
L-24733,2024-12-09,41288.51,0.556,74,44,5,100000.00,อาชีพอิสระ,0,ปกติ,3,0
L-25007,2024-12-09,28704.79,0.361,133,32,4,200000.00,ธุรกิจส่วนตัว,9,ค้างชำระ,170,1
L-27570,2024-12-09,25373.41,0.463,78,22,0,100000.00,ข้าราชการ,9,ค้างชำระ,109,1
L-28791,2024-12-09,40624.13,0.318,114,59,0,100000.00,พนักงานประจำ,1,ปกติ,25,0
L-29255,2024-12-09,32624.38,0.454,66,50,5,300000.00,อาชีพอิสระ,1,ปกติ,22,0
L-20141,2024-12-10,44083.87,0.404,170,43,6,100000.00,ธุรกิจส่วนตัว,1,ปกติ,15,0
L-20481,2024-12-10,38318.10,0.404,205,35,1,100000.00,พนักงานประจำ,1,ปกติ,28,0
L-21108,2024-12-10,36268.62,0.333,179,23,4,500000.00,พนักงานประจำ,0,ปิดบัญชีแล้ว,22,0
L-21682,2024-12-10,33611.17,0.748,135,31,2,50000.00,ธุรกิจส่วนตัว,1,ปกติ,29,0
L-22474,2024-12-10,28885.96,0.334,104,28,5,50000.00,อาชีพอิสระ,1,ปกติ,2,0
L-24084,2024-12-10,38363.89,0.31,105,59,6,300000.00,อาชีพอิสระ,13,ค้างชำระ,63,1
L-24196,2024-12-10,36805.78,0.647,234,29,2,300000.00,พนักงานประจำ,1,ปิดบัญชีแล้ว,28,0
L-25868,2024-12-10,20628.73,0.254,135,35,4,150000.00,ข้าราชการ,2,ปกติ,8,0
L-26335,2024-12-10,23763.23,0.02,60,52,2,300000.00,พนักงานประจำ,0,ปกติ,1,0
L-27997,2024-12-10,58573.14,0.211,218,31,6,100000.00,พนักงานประจำ,1,ปกติ,4,0
L-28803,2024-12-10,30628.16,0.411,188,56,0,150000.00,ข้าราชการ,2,ปกติ,6,0
L-29202,2024-12-10,25758.27,0.502,16,49,5,100000.00,อาชีพอิสระ,10,ค้างชำระ,119,1
L-31256,2024-12-10,41859.43,0.356,131,41,6,100000.00,อาชีพอิสระ,0,ปกติ,25,0
L-20869,2024-12-11,18199.34,0.432,56,23,6,300000.00,พนักงานประจำ,2,ปิดบัญชีแล้ว,8,0
L-22710,2024-12-11,34053.20,0.216,78,58,6,200000.00,อาชีพอิสระ,0,ปิดบัญชีแล้ว,25,0
L-22984,2024-12-11,16641.43,0.277,29,49,3,200000.00,ธุรกิจส่วนตัว,2,ปิดบัญชีแล้ว,27,0
L-23601,2024-12-11,39492.23,0.138,167,22,0,150000.00,พนักงานประจำ,2,ปกติ,3,0
L-23831,2024-12-11,32640.87,0.369,14,40,6,300000.00,อาชีพอิสระ,0,ปกติ,15,0
L-24051,2024-12-11,30033.74,0.332,138,38,2,50000.00,พนักงานประจำ,1,ปกติ,17,0
L-24076,2024-12-11,37775.97,0.276,16,48,4,300000.00,ข้าราชการ,1,ปกติ,25,0
L-24247,2024-12-11,32346.44,0.287,118,44,0,500000.00,อาชีพอิสระ,2,ปกติ,12,0
L-25151,2024-12-11,22107.58,0.106,51,36,2,150000.00,ข้าราชการ,1,ปกติ,3,0
L-26134,2024-12-11,38360.30,0.575,99,58,0,100000.00,ข้าราชการ,0,ปกติ,26,0
L-27550,2024-12-11,39719.00,0.523,228,24,2,300000.00,อาชีพอิสระ,0,ปกติ,20,0
L-29071,2024-12-11,19111.72,0.487,202,35,3,100000.00,ข้าราชการ,2,ปิดบัญชีแล้ว,16,0
L-29500,2024-12-11,17788.82,0.217,110,48,6,100000.00,ข้าราชการ,0,ปกติ,0,0
L-30465,2024-12-11,29292.23,0.596,52,34,6,500000.00,ข้าราชการ,1,ปิดบัญชีแล้ว,22,0
L-30573,2024-12-11,15178.64,0.49,34,33,5,50000.00,พนักงานประจำ,0,ปิดบัญชีแล้ว,13,0
L-30814,2024-12-11,39563.49,0.35,13,48,3,100000.00,ข้าราชการ,2,ปกติ,13,0
L-31186,2024-12-11,9000.00,0.413,194,34,6,300000.00,ข้าราชการ,9,ค้างชำระ,50,1
L-31784,2024-12-11,9000.00,0.515,191,52,2,150000.00,ข้าราชการ,1,ปกติ,7,0
L-31971,2024-12-11,49113.90,0.419,115,23,4,200000.00,พนักงานประจำ,0,ปกติ,13,0
L-20448,2024-12-12,35925.71,0.02,54,26,5,200000.00,อาชีพอิสระ,2,ปกติ,26,0
L-20948,2024-12-12,35166.63,0.356,104,46,3,50000.00,ธุรกิจส่วนตัว,1,ปกติ,2,0
L-21419,2024-12-12,36149.15,0.22,216,56,3,300000.00,อาชีพอิสระ,0,ปกติ,26,0
L-24516,2024-12-12,23885.17,0.364,73,47,2,200000.00,ข้าราชการ,1,ปิดบัญชีแล้ว,5,0
L-24759,2024-12-12,39557.22,0.452,170,22,1,100000.00,พนักงานประจำ,2,ปกติ,29,0
L-24797,2024-12-12,28626.42,0.399,143,50,0,100000.00,ข้าราชการ,2,ปกติ,2,0
L-26380,2024-12-12,45452.50,0.387,196,59,5,300000.00,อาชีพอิสระ,0,ปิดบัญชีแล้ว,23,0
L-26642,2024-12-12,42686.60,0.301,178,35,4,100000.00,พนักงานประจำ,2,ปกติ,28,0
L-26678,2024-12-12,33156.24,0.566,185,54,4,500000.00,พนักงานประจำ,7,ค้างชำระ,94,1
L-29946,2024-12-12,24361.72,0.424,162,61,2,500000.00,ธุรกิจส่วนตัว,1,ปกติ,14,0
L-30951,2024-12-12,24230.47,0.712,147,55,5,100000.00,ข้าราชการ,0,ปกติ,18,0
L-20168,2024-12-13,51214.69,0.232,146,56,3,50000.00,ข้าราชการ,1,ปกติ,7,0
L-20313,2024-12-13,36716.66,0.133,39,33,1,100000.00,พนักงานประจำ,10,ค้างชำระ,117,1
L-20453,2024-12-13,26228.15,0.713,39,57,4,50000.00,ข้าราชการ,0,ปิดบัญชีแล้ว,7,0
L-22172,2024-12-13,23315.74,0.282,82,65,2,500000.00,พนักงานประจำ,1,ปกติ,11,0
L-22703,2024-12-13,16775.50,0.557,130,34,1,100000.00,อาชีพอิสระ,0,ปกติ,6,0
L-23066,2024-12-13,12231.62,0.58,202,63,0,100000.00,ข้าราชการ,2,ปิดบัญชีแล้ว,16,0
L-23821,2024-12-13,29031.48,0.3,7,39,1,100000.00,ธุรกิจส่วนตัว,8,ค้างชำระ,92,1
L-24381,2024-12-13,42437.60,0.469,96,21,1,100000.00,อาชีพอิสระ,0,ปิดบัญชีแล้ว,18,0
L-24523,2024-12-13,39056.42,0.507,210,27,0,500000.00,ข้าราชการ,1,ปกติ,6,0
L-26009,2024-12-13,9000.00,0.518,215,25,1,500000.00,ข้าราชการ,2,ปกติ,23,0
L-26819,2024-12-13,10045.95,0.345,152,24,4,300000.00,ข้าราชการ,0,ปกติ,21,0
L-28895,2024-12-13,34571.98,0.432,120,25,4,100000.00,พนักงานประจำ,0,ปิดบัญชีแล้ว,16,0
L-30924,2024-12-13,23193.21,0.418,167,55,3,300000.00,ข้าราชการ,1,ปกติ,29,0
L-21877,2024-12-14,32265.35,0.6,34,55,6,50000.00,อาชีพอิสระ,14,ค้างชำระ,118,1
L-23681,2024-12-14,22904.17,0.684,114,59,6,500000.00,ธุรกิจส่วนตัว,9,ค้างชำระ,74,1
L-25396,2024-12-14,22722.52,0.596,229,44,6,50000.00,พนักงานประจำ,1,ปกติ,0,0
L-25734,2024-12-14,31491.76,0.57,234,24,1,100000.00,ธุรกิจส่วนตัว,2,ปิดบัญชีแล้ว,11,0
L-26490,2024-12-14,30493.12,0.07,50,32,2,200000.00,อาชีพอิสระ,1,ปกติ,17,0
L-26870,2024-12-14,30851.17,0.41,80,60,0,50000.00,พนักงานประจำ,0,ปิดบัญชีแล้ว,16,0
L-26872,2024-12-14,32940.70,0.481,114,44,5,100000.00,พนักงานประจำ,9,ค้างชำระ,98,1
L-31185,2024-12-14,42775.85,0.376,138,55,1,150000.00,อาชีพอิสระ,1,ปิดบัญชีแล้ว,14,0
L-31455,2024-12-14,35399.66,0.712,78,55,6,300000.00,ข้าราชการ,13,ค้างชำระ,89,1
L-20233,2024-12-15,20902.46,0.263,183,31,6,200000.00,ข้าราชการ,0,ปิดบัญชีแล้ว,16,0
L-20281,2024-12-15,40763.48,0.075,52,28,2,100000.00,อาชีพอิสระ,1,ปกติ,29,0
L-21146,2024-12-15,17161.84,0.545,134,48,6,200000.00,ข้าราชการ,0,ปกติ,24,0
L-21291,2024-12-15,27874.87,0.513,41,50,0,100000.00,พนักงานประจำ,1,ปกติ,13,0
L-21387,2024-12-15,54100.30,0.56,28,59,0,100000.00,อาชีพอิสระ,0,ปกติ,23,0
L-21459,2024-12-15,13499.47,0.335,17,31,4,300000.00,ข้าราชการ,0,ปกติ,26,0
L-21670,2024-12-15,31973.67,0.505,75,27,3,100000.00,อาชีพอิสระ,1,ปกติ,0,0
L-21960,2024-12-15,25298.47,0.168,2,28,2,100000.00,อาชีพอิสระ,2,ปกติ,3,0
L-22868,2024-12-15,37005.19,0.187,118,26,5,50000.00,พนักงานประจำ,1,ปกติ,9,0
L-24317,2024-12-15,9000.00,0.228,184,55,5,500000.00,พนักงานประจำ,1,ปกติ,12,0
L-24810,2024-12-15,30593.38,0.591,222,24,1,200000.00,ธุรกิจส่วนตัว,1,ปกติ,25,0
L-26666,2024-12-15,62629.94,0.407,97,51,6,50000.00,อาชีพอิสระ,0,ปกติ,16,0
L-27131,2024-12-15,24518.45,0.26,52,33,0,200000.00,ข้าราชการ,0,ปิดบัญชีแล้ว,24,0
L-27868,2024-12-15,47486.45,0.375,104,39,0,300000.00,อาชีพอิสระ,11,ค้างชำระ,125,1
L-20982,2024-12-16,47385.98,0.199,54,51,4,50000.00,พนักงานประจำ,1,ปกติ,28,0
L-24371,2024-12-16,13524.59,0.1,235,21,1,50000.00,พนักงานประจำ,0,ปกติ,13,0
L-26561,2024-12-16,23117.01,0.05,171,49,2,150000.00,พนักงานประจำ,2,ปกติ,21,0
L-27278,2024-12-16,38927.85,0.327,7,65,1,500000.00,อาชีพอิสระ,14,ค้างชำระ,45,1
L-27386,2024-12-16,38744.52,0.534,74,44,1,200000.00,ธุรกิจส่วนตัว,1,ปกติ,19,0
L-28484,2024-12-16,19282.54,0.603,216,30,4,200000.00,อาชีพอิสระ,7,ค้างชำระ,81,1
L-31822,2024-12-16,21847.47,0.068,153,38,3,200000.00,อาชีพอิสระ,0,ปกติ,24,0
L-21195,2024-12-17,35328.40,0.158,165,48,5,200000.00,พนักงานประจำ,2,ปกติ,14,0
L-22235,2024-12-17,9000.00,0.66,106,42,2,150000.00,พนักงานประจำ,2,ปกติ,14,0
L-22605,2024-12-17,53346.64,0.173,127,57,4,100000.00,ธุรกิจส่วนตัว,1,ปกติ,12,0
L-23380,2024-12-17,16795.13,0.506,150,27,1,100000.00,พนักงานประจำ,0,ปกติ,19,0
L-23813,2024-12-17,42959.06,0.627,204,46,3,150000.00,ธุรกิจส่วนตัว,2,ปกติ,3,0
L-24348,2024-12-17,9000.00,0.571,178,46,2,300000.00,อาชีพอิสระ,0,ปกติ,7,0
L-24632,2024-12-17,18237.32,0.561,240,61,5,150000.00,อาชีพอิสระ,0,ปกติ,1,0
L-25728,2024-12-17,18620.95,0.225,79,53,0,150000.00,ข้าราชการ,0,ปิดบัญชีแล้ว,22,0
L-26044,2024-12-17,28197.05,0.024,174,44,5,50000.00,พนักงานประจำ,1,ปกติ,13,0
L-27214,2024-12-17,57900.40,0.49,112,31,2,200000.00,อาชีพอิสระ,1,ปกติ,11,0
L-28677,2024-12-17,34886.84,0.488,57,34,4,500000.00,ข้าราชการ,8,ค้างชำระ,49,1
L-30023,2024-12-17,50249.06,0.501,11,33,2,100000.00,ข้าราชการ,0,ปิดบัญชีแล้ว,10,0
L-30127,2024-12-17,23000.74,0.488,206,60,2,100000.00,ข้าราชการ,0,ปกติ,22,0
L-30173,2024-12-17,25231.03,0.311,198,29,4,150000.00,อาชีพอิสระ,0,ปกติ,8,0
L-30419,2024-12-17,16941.91,0.427,23,43,2,150000.00,อาชีพอิสระ,2,ปกติ,11,0
L-31175,2024-12-17,49989.69,0.279,230,45,1,100000.00,ข้าราชการ,0,ปิดบัญชีแล้ว,4,0
L-31372,2024-12-17,36108.09,0.114,40,43,2,100000.00,อาชีพอิสระ,0,ปกติ,14,0
L-31408,2024-12-17,30750.28,0.437,67,31,0,150000.00,ธุรกิจส่วนตัว,0,ปกติ,28,0
L-20556,2024-12-18,36590.29,0.166,71,24,3,50000.00,อาชีพอิสระ,1,ปกติ,19,0
L-21009,2024-12-18,38786.44,0.288,68,32,5,50000.00,พนักงานประจำ,2,ปกติ,15,0
L-21071,2024-12-18,28139.19,0.112,127,54,3,150000.00,ข้าราชการ,1,ปกติ,2,0
L-21817,2024-12-18,42654.17,0.366,83,35,0,500000.00,ข้าราชการ,1,ปกติ,15,0
L-22963,2024-12-18,38261.67,0.299,184,56,5,100000.00,ข้าราชการ,1,ปกติ,6,0
L-23175,2024-12-18,22685.74,0.409,236,21,5,200000.00,ข้าราชการ,2,ปกติ,17,0
L-26818,2024-12-18,38114.94,0.43,79,43,2,100000.00,อาชีพอิสระ,0,ปกติ,2,0
L-27016,2024-12-18,38685.16,0.617,161,43,1,300000.00,ธุรกิจส่วนตัว,0,ปิดบัญชีแล้ว,1,0
L-28458,2024-12-18,18160.49,0.699,198,49,3,500000.00,พนักงานประจำ,14,ค้างชำระ,88,1
L-29200,2024-12-18,20534.48,0.422,67,33,4,50000.00,อาชีพอิสระ,2,ปิดบัญชีแล้ว,13,0
L-29641,2024-12-18,45846.64,0.792,108,51,2,50000.00,อาชีพอิสระ,2,ปิดบัญชีแล้ว,29,0
L-30232,2024-12-18,22951.24,0.452,127,31,3,150000.00,พนักงานประจำ,11,ค้างชำระ,71,1
L-30762,2024-12-18,36342.85,0.144,164,21,5,500000.00,อาชีพอิสระ,0,ปกติ,4,0
L-31083,2024-12-18,25092.79,0.7,85,26,2,50000.00,อาชีพอิสระ,1,ปิดบัญชีแล้ว,15,0
L-21058,2024-12-19,42291.71,0.524,176,63,5,300000.00,อาชีพอิสระ,0,ปกติ,0,0
L-21796,2024-12-19,29136.99,0.4,214,41,5,300000.00,ธุรกิจส่วนตัว,0,ปิดบัญชีแล้ว,14,0
L-22150,2024-12-19,53936.83,0.555,147,41,3,100000.00,ข้าราชการ,2,ปกติ,13,0
L-22923,2024-12-19,9000.00,0.51,159,55,4,200000.00,ข้าราชการ,0,ปิดบัญชีแล้ว,1,0
L-23447,2024-12-19,48374.55,0.665,154,22,5,500000.00,ข้าราชการ,1,ปิดบัญชีแล้ว,4,0
L-25453,2024-12-19,39260.52,0.174,230,30,1,50000.00,ข้าราชการ,0,ปกติ,4,0
L-25892,2024-12-19,25624.12,0.305,5,59,3,300000.00,ข้าราชการ,0,ปกติ,28,0
L-26127,2024-12-19,26561.35,0.244,205,21,5,150000.00,อาชีพอิสระ,2,ปกติ,6,0
L-28451,2024-12-19,31118.18,0.302,120,65,1,150000.00,ข้าราชการ,7,ค้างชำระ,129,1
L-29578,2024-12-19,42068.65,0.513,24,59,6,500000.00,อาชีพอิสระ,1,ปกติ,9,0
L-30699,2024-12-19,32862.75,0.274,31,51,5,500000.00,ข้าราชการ,1,ปกติ,22,0
L-31320,2024-12-19,16130.07,0.352,111,28,2,500000.00,ข้าราชการ,0,ปกติ,8,0
L-21080,2024-12-20,27065.17,0.301,101,56,0,100000.00,ข้าราชการ,2,ปกติ,30,0
L-21622,2024-12-20,38635.43,0.158,34,40,0,500000.00,ธุรกิจส่วนตัว,0,ปกติ,27,0
L-21964,2024-12-20,29947.46,0.178,121,53,3,300000.00,อาชีพอิสระ,1,ปิดบัญชีแล้ว,6,0
L-22939,2024-12-20,22382.71,0.493,4,28,0,50000.00,พนักงานประจำ,12,ค้างชำระ,51,1
L-25974,2024-12-20,56123.58,0.15,153,24,0,500000.00,ธุรกิจส่วนตัว,0,ปกติ,15,0
L-26544,2024-12-20,30933.16,0.289,84,31,6,500000.00,พนักงานประจำ,1,ปกติ,9,0
L-26755,2024-12-20,23888.62,0.389,117,54,5,100000.00,อาชีพอิสระ,1,ปกติ,9,0
L-27302,2024-12-20,50679.92,0.401,220,26,3,50000.00,ธุรกิจส่วนตัว,1,ปิดบัญชีแล้ว,17,0
L-27560,2024-12-20,32678.49,0.476,101,55,0,500000.00,พนักงานประจำ,1,ปกติ,10,0
L-28275,2024-12-20,33512.37,0.406,87,59,6,150000.00,อาชีพอิสระ,1,ปกติ,7,0
L-28443,2024-12-20,50766.75,0.324,123,31,0,300000.00,พนักงานประจำ,1,ปกติ,14,0
L-28519,2024-12-20,11002.11,0.509,89,55,2,500000.00,ธุรกิจส่วนตัว,1,ปิดบัญชีแล้ว,23,0
L-29217,2024-12-20,16579.68,0.285,68,43,3,150000.00,พนักงานประจำ,1,ปกติ,22,0
L-31930,2024-12-20,36672.73,0.484,102,61,6,300000.00,ข้าราชการ,0,ปิดบัญชีแล้ว,14,0
L-21499,2024-12-21,36011.58,0.227,56,30,0,100000.00,ข้าราชการ,1,ปกติ,7,0
L-21618,2024-12-21,28612.16,0.446,134,52,6,300000.00,อาชีพอิสระ,4,ค้างชำระ,148,1
L-23708,2024-12-21,33630.09,0.053,177,36,4,300000.00,ธุรกิจส่วนตัว,1,ปกติ,14,0
L-25122,2024-12-21,33540.13,0.424,197,63,0,50000.00,พนักงานประจำ,2,ปิดบัญชีแล้ว,22,0
L-25689,2024-12-21,42067.60,0.488,8,25,0,100000.00,ข้าราชการ,0,ปกติ,17,0
L-26943,2024-12-21,27444.16,0.168,234,56,0,50000.00,อาชีพอิสระ,0,ปกติ,1,0
L-30236,2024-12-21,14666.46,0.107,40,37,1,500000.00,อาชีพอิสระ,1,ปิดบัญชีแล้ว,18,0
L-30746,2024-12-21,9097.91,0.35,169,48,3,500000.00,อาชีพอิสระ,0,ปกติ,0,0
L-31475,2024-12-21,16424.13,0.168,172,22,5,300000.00,อาชีพอิสระ,2,ปกติ,27,0
L-20195,2024-12-22,31994.62,0.293,240,35,2,500000.00,อาชีพอิสระ,2,ปกติ,19,0
L-21116,2024-12-22,37059.00,0.361,198,25,5,200000.00,ธุรกิจส่วนตัว,0,ปกติ,21,0
L-21340,2024-12-22,33657.93,0.306,34,46,0,500000.00,พนักงานประจำ,2,ปกติ,29,0
L-22190,2024-12-22,45273.88,0.372,215,42,5,300000.00,ธุรกิจส่วนตัว,1,ปิดบัญชีแล้ว,24,0
L-23057,2024-12-22,20127.67,0.27,99,48,3,100000.00,ธุรกิจส่วนตัว,0,ปกติ,29,0
L-24626,2024-12-22,24954.23,0.166,28,31,2,200000.00,พนักงานประจำ,1,ปกติ,3,0
L-29934,2024-12-22,57108.53,0.535,40,44,4,100000.00,ข้าราชการ,2,ปกติ,6,0
L-31103,2024-12-22,32764.82,0.171,95,23,0,500000.00,อาชีพอิสระ,2,ปกติ,27,0
L-20057,2024-12-23,60936.14,0.496,102,26,6,200000.00,อาชีพอิสระ,1,ปิดบัญชีแล้ว,19,0
L-21992,2024-12-23,52625.14,0.739,53,33,3,300000.00,ข้าราชการ,1,ปกติ,5,0
L-22289,2024-12-23,22948.60,0.283,85,48,4,300000.00,พนักงานประจำ,2,ปิดบัญชีแล้ว,1,0
L-22827,2024-12-23,9000.00,0.311,113,58,1,500000.00,พนักงานประจำ,0,ปกติ,26,0
L-23253,2024-12-23,13844.07,0.841,28,36,3,150000.00,ข้าราชการ,9,ค้างชำระ,171,1
L-25636,2024-12-23,28900.88,0.625,235,32,5,150000.00,ข้าราชการ,1,ปกติ,30,0
L-25723,2024-12-23,25222.90,0.595,175,53,0,500000.00,อาชีพอิสระ,1,ปกติ,17,0
L-26057,2024-12-23,35723.40,0.587,109,51,6,300000.00,ธุรกิจส่วนตัว,2,ปิดบัญชีแล้ว,0,0
L-28919,2024-12-23,18122.26,0.232,202,22,0,50000.00,ธุรกิจส่วนตัว,2,ปกติ,18,0
L-29015,2024-12-23,15927.76,0.252,222,53,3,200000.00,อาชีพอิสระ,0,ปกติ,24,0
L-30829,2024-12-23,35163.02,0.281,154,32,1,300000.00,ข้าราชการ,2,ปกติ,7,0
L-20919,2024-12-24,48171.26,0.146,217,54,3,100000.00,ธุรกิจส่วนตัว,2,ปกติ,26,0
L-20952,2024-12-24,36844.31,0.373,231,40,2,100000.00,ธุรกิจส่วนตัว,1,ปิดบัญชีแล้ว,30,0
L-21118,2024-12-24,9000.00,0.239,44,32,2,300000.00,ธุรกิจส่วนตัว,1,ปกติ,21,0
L-21404,2024-12-24,31189.76,0.346,203,38,6,300000.00,ข้าราชการ,0,ปกติ,14,0
L-22311,2024-12-24,56734.17,0.377,26,27,6,50000.00,ธุรกิจส่วนตัว,2,ปกติ,10,0
L-22607,2024-12-24,44089.68,0.599,103,30,1,200000.00,ข้าราชการ,1,ปกติ,5,0
L-23266,2024-12-24,44377.31,0.38,97,22,6,300000.00,ข้าราชการ,1,ปกติ,14,0
L-23749,2024-12-24,47793.59,0.378,235,56,6,150000.00,ธุรกิจส่วนตัว,0,ปกติ,2,0
L-24760,2024-12-24,51453.76,0.526,6,27,2,300000.00,พนักงานประจำ,1,ปิดบัญชีแล้ว,16,0
L-25206,2024-12-24,24543.22,0.086,60,27,2,150000.00,อาชีพอิสระ,0,ปกติ,24,0
L-25397,2024-12-24,42487.52,0.331,147,63,4,100000.00,พนักงานประจำ,1,ปกติ,5,0
L-25450,2024-12-24,38544.73,0.18,108,54,3,100000.00,พนักงานประจำ,2,ปกติ,20,0
L-25782,2024-12-24,22069.53,0.494,202,54,6,200000.00,ข้าราชการ,2,ปกติ,23,0
L-26460,2024-12-24,31535.93,0.466,140,25,0,50000.00,ธุรกิจส่วนตัว,0,ปกติ,8,0
L-26569,2024-12-24,35639.05,0.206,42,47,1,50000.00,ธุรกิจส่วนตัว,1,ปกติ,1,0
L-27275,2024-12-24,47347.54,0.652,76,65,5,50000.00,ข้าราชการ,3,ค้างชำระ,144,1
L-27852,2024-12-24,9000.00,0.233,85,31,0,100000.00,ข้าราชการ,0,ปกติ,27,0
L-29845,2024-12-24,27158.41,0.207,5,26,1,300000.00,พนักงานประจำ,0,ปกติ,25,0
L-30562,2024-12-24,37470.04,0.464,221,37,5,150000.00,พนักงานประจำ,1,ปกติ,18,0
L-30803,2024-12-24,9000.00,0.265,162,38,4,50000.00,ธุรกิจส่วนตัว,2,ปกติ,13,0
L-31548,2024-12-24,33211.41,0.575,65,27,4,200000.00,พนักงานประจำ,0,ปกติ,5,0
L-31928,2024-12-24,19402.06,0.044,110,64,1,300000.00,ข้าราชการ,1,ปกติ,11,0
L-20515,2024-12-25,9000.00,0.28,37,58,4,100000.00,ข้าราชการ,1,ปกติ,2,0
L-20896,2024-12-25,31481.31,0.02,29,56,6,500000.00,อาชีพอิสระ,0,ปิดบัญชีแล้ว,2,0
L-21942,2024-12-25,41076.50,0.316,214,36,4,500000.00,ข้าราชการ,1,ปกติ,19,0
L-22348,2024-12-25,36506.05,0.248,10,26,4,200000.00,ข้าราชการ,1,ปกติ,4,0
L-22578,2024-12-25,41507.59,0.556,115,62,0,150000.00,ข้าราชการ,1,ปกติ,2,0
L-23121,2024-12-25,31514.63,0.173,163,47,0,500000.00,พนักงานประจำ,0,ปกติ,9,0
L-24689,2024-12-25,40424.91,0.359,119,40,5,100000.00,พนักงานประจำ,2,ปกติ,29,0
L-25524,2024-12-25,30279.16,0.351,12,24,5,100000.00,พนักงานประจำ,0,ปกติ,12,0
L-27094,2024-12-25,37255.70,0.418,16,29,6,200000.00,อาชีพอิสระ,2,ปกติ,30,0
L-27217,2024-12-25,33162.52,0.229,31,30,6,150000.00,ข้าราชการ,0,ปกติ,2,0
L-28157,2024-12-25,31789.35,0.099,160,24,2,500000.00,อาชีพอิสระ,0,ปกติ,3,0
L-20132,2024-12-26,32985.89,0.416,200,33,0,500000.00,พนักงานประจำ,0,ปกติ,5,0
L-20243,2024-12-26,31738.95,0.733,206,32,3,300000.00,ข้าราชการ,0,ปกติ,26,0
L-20812,2024-12-26,39602.79,0.319,59,50,1,100000.00,อาชีพอิสระ,2,ปิดบัญชีแล้ว,27,0
L-21219,2024-12-26,36467.11,0.17,221,21,2,100000.00,ข้าราชการ,2,ปิดบัญชีแล้ว,27,0
L-22340,2024-12-26,9000.00,0.461,110,27,5,300000.00,ข้าราชการ,4,ค้างชำระ,116,1
L-27076,2024-12-26,46979.45,0.543,74,40,6,300000.00,ธุรกิจส่วนตัว,0,ปกติ,13,0
L-28690,2024-12-26,28075.12,0.191,119,56,3,150000.00,อาชีพอิสระ,0,ปกติ,30,0
L-29168,2024-12-26,56244.24,0.713,6,59,2,50000.00,พนักงานประจำ,1,ปกติ,30,0
L-29457,2024-12-26,71034.85,0.353,220,64,5,300000.00,ข้าราชการ,0,ปิดบัญชีแล้ว,14,0
L-29486,2024-12-26,13335.98,0.411,143,29,2,500000.00,ธุรกิจส่วนตัว,0,ปกติ,26,0
L-31678,2024-12-26,31772.86,0.511,76,56,3,300000.00,ข้าราชการ,0,ปกติ,14,0
L-31702,2024-12-26,21602.35,0.472,48,59,2,500000.00,อาชีพอิสระ,0,ปกติ,23,0
L-20094,2024-12-27,56443.82,0.353,114,57,4,150000.00,อาชีพอิสระ,0,ปิดบัญชีแล้ว,17,0
L-21142,2024-12-27,13111.32,0.454,126,48,1,500000.00,ธุรกิจส่วนตัว,2,ปิดบัญชีแล้ว,2,0
L-21923,2024-12-27,35994.51,0.199,234,29,0,50000.00,ธุรกิจส่วนตัว,2,ปกติ,5,0
L-23289,2024-12-27,28467.71,0.372,119,23,0,150000.00,ธุรกิจส่วนตัว,1,ปกติ,22,0
L-24580,2024-12-27,27771.51,0.136,236,63,2,300000.00,พนักงานประจำ,2,ปกติ,30,0
L-26060,2024-12-27,18943.72,0.312,130,54,2,150000.00,ธุรกิจส่วนตัว,0,ปกติ,27,0
L-26539,2024-12-27,9000.00,0.336,11,37,4,300000.00,ธุรกิจส่วนตัว,2,ปิดบัญชีแล้ว,0,0
L-27190,2024-12-27,43821.36,0.166,26,23,5,50000.00,ข้าราชการ,1,ปกติ,30,0
L-28831,2024-12-27,34771.97,0.478,79,56,3,100000.00,ข้าราชการ,1,ปิดบัญชีแล้ว,12,0
L-29021,2024-12-27,36592.91,0.468,11,39,5,50000.00,อาชีพอิสระ,2,ปกติ,3,0
L-29433,2024-12-27,18405.32,0.555,70,49,2,200000.00,ธุรกิจส่วนตัว,2,ปกติ,19,0
L-29576,2024-12-27,37234.70,0.258,156,34,1,300000.00,ข้าราชการ,0,ปกติ,23,0
L-29920,2024-12-27,60932.14,0.587,22,45,2,50000.00,ธุรกิจส่วนตัว,0,ปกติ,29,0
L-29992,2024-12-27,40227.69,0.471,50,56,3,50000.00,พนักงานประจำ,1,ปกติ,8,0
L-20412,2024-12-28,24243.45,0.436,221,53,5,500000.00,อาชีพอิสระ,0,ปกติ,28,0
L-20979,2024-12-28,27965.82,0.455,211,50,6,500000.00,อาชีพอิสระ,9,ค้างชำระ,95,1
L-21369,2024-12-28,49430.26,0.485,238,33,0,150000.00,พนักงานประจำ,1,ปิดบัญชีแล้ว,26,0
L-22161,2024-12-28,39453.48,0.634,203,51,1,500000.00,ข้าราชการ,2,ปกติ,20,0
L-22385,2024-12-28,61402.05,0.382,171,43,6,100000.00,อาชีพอิสระ,1,ปกติ,5,0
L-22639,2024-12-28,22727.35,0.288,178,64,5,150000.00,พนักงานประจำ,1,ปกติ,17,0
L-24257,2024-12-28,44201.65,0.303,134,23,5,500000.00,ธุรกิจส่วนตัว,0,ปกติ,10,0
L-24898,2024-12-28,43832.78,0.466,93,61,2,150000.00,อาชีพอิสระ,2,ปกติ,23,0
L-25732,2024-12-28,30248.91,0.314,206,43,1,500000.00,พนักงานประจำ,0,ปกติ,20,0
L-26055,2024-12-28,17367.99,0.309,52,41,4,500000.00,พนักงานประจำ,2,ปกติ,24,0
L-26445,2024-12-28,9000.00,0.345,154,31,5,150000.00,พนักงานประจำ,1,ปกติ,10,0
L-26906,2024-12-28,33055.27,0.441,159,62,3,50000.00,ธุรกิจส่วนตัว,2,ปกติ,3,0
L-27756,2024-12-28,41176.00,0.307,150,25,1,150000.00,ข้าราชการ,0,ปิดบัญชีแล้ว,0,0
L-27900,2024-12-28,35127.42,0.484,197,44,6,500000.00,พนักงานประจำ,0,ปกติ,15,0
L-28916,2024-12-28,34005.14,0.299,139,24,6,300000.00,ข้าราชการ,0,ปกติ,7,0
L-29360,2024-12-28,27217.77,0.395,94,54,5,50000.00,ธุรกิจส่วนตัว,1,ปิดบัญชีแล้ว,11,0
L-29418,2024-12-28,16511.35,0.409,36,59,5,200000.00,พนักงานประจำ,0,ปกติ,15,0
L-29695,2024-12-28,9000.00,0.68,10,59,3,300000.00,อาชีพอิสระ,0,ปกติ,20,0
L-30994,2024-12-28,9172.12,0.257,40,45,0,100000.00,อาชีพอิสระ,0,ปกติ,0,0
L-31353,2024-12-28,29206.22,0.211,64,23,3,200000.00,พนักงานประจำ,0,ปกติ,28,0
L-22838,2024-12-29,25408.65,0.197,127,59,0,200000.00,อาชีพอิสระ,0,ปกติ,29,0
L-24749,2024-12-29,42993.70,0.402,178,30,0,50000.00,ข้าราชการ,0,ปกติ,25,0
L-26154,2024-12-29,20430.43,0.379,39,63,4,300000.00,พนักงานประจำ,12,ค้างชำระ,127,1
L-28989,2024-12-29,36973.80,0.708,143,48,1,100000.00,พนักงานประจำ,8,ค้างชำระ,110,1
L-30347,2024-12-29,42312.69,0.385,198,37,1,300000.00,ธุรกิจส่วนตัว,0,ปกติ,8,0
L-20670,2024-12-30,38424.84,0.29,214,50,2,200000.00,พนักงานประจำ,2,ปิดบัญชีแล้ว,13,0
L-20748,2024-12-30,30341.91,0.322,190,48,1,200000.00,ข้าราชการ,0,ปิดบัญชีแล้ว,5,0
L-22618,2024-12-30,44978.51,0.46,190,56,1,150000.00,ธุรกิจส่วนตัว,3,ค้างชำระ,149,1
L-22751,2024-12-30,35898.28,0.532,203,65,1,50000.00,อาชีพอิสระ,1,ปกติ,30,0
L-22917,2024-12-30,37370.65,0.02,197,35,5,300000.00,ธุรกิจส่วนตัว,2,ปกติ,0,0
L-22921,2024-12-30,43811.46,0.533,185,37,6,200000.00,ข้าราชการ,1,ปกติ,12,0
L-23520,2024-12-30,24051.45,0.406,197,58,4,100000.00,ธุรกิจส่วนตัว,8,ค้างชำระ,169,1
L-25038,2024-12-30,9000.00,0.672,42,35,6,50000.00,อาชีพอิสระ,9,ค้างชำระ,79,1
L-25722,2024-12-30,30147.36,0.433,42,46,5,100000.00,อาชีพอิสระ,7,ค้างชำระ,104,1
L-25727,2024-12-30,9651.45,0.31,94,39,5,50000.00,อาชีพอิสระ,1,ปกติ,20,0
L-25842,2024-12-30,22948.64,0.253,230,46,0,150000.00,อาชีพอิสระ,2,ปกติ,10,0
L-25843,2024-12-30,37150.15,0.304,228,33,5,150000.00,ธุรกิจส่วนตัว,2,ปกติ,29,0
L-26141,2024-12-30,21140.77,0.02,207,35,2,300000.00,ข้าราชการ,2,ปิดบัญชีแล้ว,2,0
L-27101,2024-12-30,43316.71,0.198,28,34,1,500000.00,พนักงานประจำ,1,ปิดบัญชีแล้ว,6,0
L-27461,2024-12-30,9000.00,0.703,191,24,1,500000.00,ธุรกิจส่วนตัว,0,ปกติ,5,0
L-27846,2024-12-30,31801.03,0.413,233,38,3,300000.00,ธุรกิจส่วนตัว,2,ปกติ,20,0
L-27955,2024-12-30,35348.77,0.598,201,49,0,150000.00,ธุรกิจส่วนตัว,2,ปิดบัญชีแล้ว,0,0
L-28928,2024-12-30,41849.95,0.02,20,43,1,500000.00,พนักงานประจำ,0,ปกติ,4,0
L-29904,2024-12-30,33337.31,0.558,178,47,4,300000.00,อาชีพอิสระ,2,ปกติ,5,0
L-30519,2024-12-30,9000.00,0.041,99,33,2,500000.00,อาชีพอิสระ,2,ปกติ,16,0
L-31348,2024-12-30,21650.73,0.319,201,47,6,300000.00,ข้าราชการ,2,ปิดบัญชีแล้ว,1,0
L-20965,2024-12-31,50274.53,0.303,225,50,2,200000.00,ข้าราชการ,0,ปกติ,10,0
L-21276,2024-12-31,24008.90,0.341,61,46,5,300000.00,ข้าราชการ,1,ปกติ,20,0
L-21664,2024-12-31,21439.11,0.039,36,45,6,50000.00,ข้าราชการ,1,ปกติ,6,0
L-22603,2024-12-31,16160.13,0.379,189,44,3,300000.00,ข้าราชการ,2,ปิดบัญชีแล้ว,27,0
L-25000,2024-12-31,27781.66,0.471,206,50,1,50000.00,พนักงานประจำ,0,ปิดบัญชีแล้ว,21,0
L-26069,2024-12-31,48129.90,0.21,131,56,5,500000.00,พนักงานประจำ,0,ปกติ,6,0
L-28953,2024-12-31,26291.88,0.312,180,62,0,300000.00,พนักงานประจำ,2,ปิดบัญชีแล้ว,15,0
L-30152,2024-12-31,16957.20,0.211,197,32,1,300000.00,อาชีพอิสระ,2,ปกติ,28,0
L-30944,2024-12-31,40043.28,0.234,54,27,2,50000.00,พนักงานประจำ,1,ปิดบัญชีแล้ว,20,0
L-31956,2024-12-31,32708.01,0.096,6,43,1,50000.00,ข้าราชการ,1,ปิดบัญชีแล้ว,27,0
L-24093,2025-01-01,22766.40,0.515,91,34,1,200000.00,อาชีพอิสระ,1,ปิดบัญชีแล้ว,19,0
L-25753,2025-01-01,18309.59,0.242,65,37,1,500000.00,พนักงานประจำ,0,ปกติ,2,0
L-27665,2025-01-01,45928.95,0.428,93,40,3,150000.00,ธุรกิจส่วนตัว,2,ปกติ,29,0
L-31739,2025-01-01,13414.39,0.08,133,27,1,150000.00,ข้าราชการ,2,ปกติ,4,0
L-21093,2025-01-02,12047.52,0.179,21,46,4,150000.00,อาชีพอิสระ,0,ปกติ,25,0
L-21490,2025-01-02,17915.37,0.611,94,53,0,50000.00,ธุรกิจส่วนตัว,0,ปกติ,0,0
L-22571,2025-01-02,55749.94,0.02,141,41,5,200000.00,พนักงานประจำ,0,ปกติ,1,0
L-23002,2025-01-02,36869.48,0.31,218,47,1,100000.00,อาชีพอิสระ,7,ค้างชำระ,63,1
L-25172,2025-01-02,20812.47,0.6,159,28,3,200000.00,ธุรกิจส่วนตัว,2,ปกติ,6,0
L-27270,2025-01-02,17507.73,0.288,102,31,3,300000.00,อาชีพอิสระ,0,ปกติ,26,0
L-28746,2025-01-02,22018.05,0.364,37,54,3,300000.00,ข้าราชการ,1,ปกติ,21,0
L-28998,2025-01-02,38338.52,0.283,100,25,4,300000.00,อาชีพอิสระ,2,ปิดบัญชีแล้ว,14,0
L-20649,2025-01-03,15955.29,0.213,18,21,1,50000.00,พนักงานประจำ,5,ค้างชำระ,75,1
L-20732,2025-01-03,31807.26,0.46,228,63,5,150000.00,ธุรกิจส่วนตัว,0,ปกติ,2,0
L-21230,2025-01-03,31071.80,0.133,121,50,3,500000.00,ข้าราชการ,2,ปกติ,15,0
L-22682,2025-01-03,47897.62,0.288,117,34,0,50000.00,ธุรกิจส่วนตัว,1,ปิดบัญชีแล้ว,1,0
L-22720,2025-01-03,49947.11,0.523,99,44,6,500000.00,ข้าราชการ,1,ปกติ,10,0
L-24363,2025-01-03,23505.42,0.301,231,60,2,150000.00,อาชีพอิสระ,1,ปกติ,30,0
L-25212,2025-01-03,53637.39,0.665,198,57,1,200000.00,ธุรกิจส่วนตัว,3,ค้างชำระ,131,1
L-25692,2025-01-03,30252.14,0.336,208,64,1,200000.00,ธุรกิจส่วนตัว,0,ปกติ,30,0
L-26802,2025-01-03,21070.51,0.55,203,41,0,200000.00,พนักงานประจำ,1,ปกติ,12,0
L-27748,2025-01-03,22065.94,0.428,228,57,6,150000.00,พนักงานประจำ,1,ปิดบัญชีแล้ว,0,0
L-28017,2025-01-03,26129.11,0.391,168,33,4,100000.00,พนักงานประจำ,1,ปิดบัญชีแล้ว,11,0
L-28829,2025-01-03,37538.72,0.585,104,34,0,50000.00,พนักงานประจำ,2,ปกติ,25,0
L-28922,2025-01-03,29036.90,0.288,102,27,0,500000.00,อาชีพอิสระ,7,ค้างชำระ,50,1
L-29483,2025-01-03,43138.50,0.02,13,26,6,300000.00,ธุรกิจส่วนตัว,1,ปกติ,28,0
L-29841,2025-01-03,12098.65,0.419,190,59,2,500000.00,พนักงานประจำ,1,ปกติ,5,0
L-29980,2025-01-03,41700.33,0.696,148,31,4,300000.00,ธุรกิจส่วนตัว,0,ปกติ,9,0
L-30887,2025-01-03,41185.71,0.22,212,33,5,100000.00,ข้าราชการ,2,ปิดบัญชีแล้ว,2,0
L-20423,2025-01-04,26916.22,0.561,167,45,1,50000.00,อาชีพอิสระ,1,ปกติ,0,0
L-20937,2025-01-04,42577.73,0.372,84,31,5,300000.00,อาชีพอิสระ,2,ปกติ,27,0
L-21609,2025-01-04,37272.26,0.612,186,42,3,500000.00,ข้าราชการ,1,ปกติ,19,0
L-21709,2025-01-04,13510.60,0.254,160,29,5,150000.00,ข้าราชการ,1,ปกติ,30,0
L-22445,2025-01-04,30777.73,0.302,90,28,6,300000.00,อาชีพอิสระ,1,ปกติ,24,0
L-22473,2025-01-04,21289.47,0.392,87,39,3,100000.00,ข้าราชการ,0,ปกติ,27,0
L-23091,2025-01-04,20056.61,0.02,110,29,1,200000.00,พนักงานประจำ,1,ปิดบัญชีแล้ว,14,0
L-24854,2025-01-04,11070.94,0.469,173,31,4,150000.00,ข้าราชการ,2,ปกติ,18,0
L-25292,2025-01-04,19727.70,0.402,155,31,3,100000.00,อาชีพอิสระ,1,ปกติ,13,0
L-25352,2025-01-04,30994.36,0.181,173,27,0,100000.00,พนักงานประจำ,0,ปิดบัญชีแล้ว,29,0
L-25634,2025-01-04,46442.02,0.332,65,40,0,100000.00,พนักงานประจำ,2,ปิดบัญชีแล้ว,5,0
L-25883,2025-01-04,21328.37,0.457,203,48,6,500000.00,ธุรกิจส่วนตัว,0,ปิดบัญชีแล้ว,11,0
L-26109,2025-01-04,35812.91,0.455,35,24,0,100000.00,อาชีพอิสระ,10,ค้างชำระ,45,1
L-26125,2025-01-04,26039.77,0.293,65,49,4,150000.00,ธุรกิจส่วนตัว,0,ปกติ,26,0
L-26356,2025-01-04,15691.20,0.531,230,27,2,200000.00,อาชีพอิสระ,0,ปกติ,0,0
L-26559,2025-01-04,42220.03,0.034,30,54,6,50000.00,ข้าราชการ,0,ปกติ,24,0
L-27263,2025-01-04,33943.81,0.573,181,40,5,200000.00,อาชีพอิสระ,0,ปกติ,27,0
L-28120,2025-01-04,11095.29,0.665,115,30,0,200000.00,ข้าราชการ,1,ปกติ,14,0
L-29074,2025-01-04,38211.98,0.424,154,23,2,200000.00,ข้าราชการ,0,ปกติ,8,0
L-30305,2025-01-04,38399.82,0.565,18,22,2,200000.00,ข้าราชการ,7,ค้างชำระ,68,1
L-20316,2025-01-05,35215.17,0.647,35,54,0,100000.00,อาชีพอิสระ,0,ปกติ,15,0
L-20769,2025-01-05,25850.62,0.28,130,55,1,200000.00,ธุรกิจส่วนตัว,2,ปกติ,5,0
L-20882,2025-01-05,51985.56,0.168,222,22,2,200000.00,ข้าราชการ,0,ปกติ,24,0
L-21073,2025-01-05,27225.48,0.306,56,62,3,300000.00,ข้าราชการ,2,ปิดบัญชีแล้ว,21,0
L-21773,2025-01-05,15895.95,0.501,26,37,5,500000.00,อาชีพอิสระ,6,ค้างชำระ,78,1
L-21916,2025-01-05,16981.89,0.484,188,39,0,50000.00,ธุรกิจส่วนตัว,1,ปิดบัญชีแล้ว,14,0
L-22604,2025-01-05,9000.00,0.589,144,60,4,500000.00,ข้าราชการ,2,ปกติ,7,0
L-24028,2025-01-05,40051.40,0.444,60,45,1,150000.00,อาชีพอิสระ,0,ปกติ,30,0
L-24534,2025-01-05,19875.19,0.495,136,51,5,150000.00,พนักงานประจำ,12,ค้างชำระ,68,1
L-26458,2025-01-05,34288.31,0.41,14,43,6,100000.00,อาชีพอิสระ,13,ค้างชำระ,109,1
L-27066,2025-01-05,43901.66,0.435,97,29,6,50000.00,ข้าราชการ,4,ค้างชำระ,171,1
L-28374,2025-01-05,35144.19,0.343,26,56,1,200000.00,พนักงานประจำ,0,ปกติ,10,0
L-28553,2025-01-05,41577.41,0.479,63,49,5,200000.00,ธุรกิจส่วนตัว,1,ปกติ,10,0
L-29069,2025-01-05,51114.23,0.148,239,33,3,150000.00,พนักงานประจำ,2,ปกติ,13,0
L-29270,2025-01-05,34168.63,0.355,182,31,6,150000.00,ข้าราชการ,2,ปกติ,11,0
L-30145,2025-01-05,21426.33,0.08,177,65,2,50000.00,ธุรกิจส่วนตัว,2,ปิดบัญชีแล้ว,11,0
L-31919,2025-01-05,55376.40,0.097,132,54,0,100000.00,ข้าราชการ,1,ปกติ,29,0
L-20970,2025-01-06,29471.74,0.246,138,63,2,300000.00,ธุรกิจส่วนตัว,1,ปิดบัญชีแล้ว,24,0
L-23474,2025-01-06,21183.16,0.194,212,56,5,100000.00,ธุรกิจส่วนตัว,13,ค้างชำระ,126,1
L-23514,2025-01-06,22100.18,0.149,224,63,5,500000.00,ธุรกิจส่วนตัว,2,ปกติ,12,0
L-24167,2025-01-06,19593.53,0.433,50,59,1,100000.00,ข้าราชการ,2,ปกติ,30,0
L-24206,2025-01-06,43186.01,0.415,193,40,6,100000.00,พนักงานประจำ,0,ปกติ,18,0
L-24472,2025-01-06,23705.26,0.207,110,46,6,500000.00,อาชีพอิสระ,2,ปิดบัญชีแล้ว,14,0
L-24486,2025-01-06,40265.74,0.536,149,45,0,150000.00,พนักงานประจำ,0,ปิดบัญชีแล้ว,12,0
L-24648,2025-01-06,87580.74,0.331,176,41,2,200000.00,อาชีพอิสระ,2,ปิดบัญชีแล้ว,4,0
L-26277,2025-01-06,40987.55,0.252,31,46,4,150000.00,ข้าราชการ,2,ปิดบัญชีแล้ว,11,0
L-26484,2025-01-06,46982.18,0.56,163,49,5,500000.00,ธุรกิจส่วนตัว,0,ปิดบัญชีแล้ว,18,0
L-27634,2025-01-06,20862.02,0.522,145,59,4,150000.00,พนักงานประจำ,0,ปิดบัญชีแล้ว,13,0
L-28142,2025-01-06,52225.67,0.501,207,28,3,50000.00,ธุรกิจส่วนตัว,1,ปกติ,25,0
L-29115,2025-01-06,22180.07,0.465,233,65,0,300000.00,ข้าราชการ,1,ปกติ,26,0
L-29382,2025-01-06,45574.17,0.647,126,51,1,500000.00,ธุรกิจส่วนตัว,12,ค้างชำระ,145,1
L-29818,2025-01-06,20564.72,0.484,34,33,3,200000.00,ธุรกิจส่วนตัว,0,ปกติ,8,0
L-31371,2025-01-06,55712.40,0.594,135,22,3,200000.00,พนักงานประจำ,1,ปกติ,14,0
L-31458,2025-01-06,27809.49,0.39,15,37,5,150000.00,พนักงานประจำ,2,ปกติ,17,0
L-22373,2025-01-07,37566.41,0.31,23,48,4,300000.00,พนักงานประจำ,2,ปิดบัญชีแล้ว,20,0
L-23042,2025-01-07,20704.17,0.217,121,41,6,100000.00,ข้าราชการ,0,ปิดบัญชีแล้ว,4,0
L-24978,2025-01-07,27351.84,0.58,151,32,5,200000.00,ธุรกิจส่วนตัว,2,ปกติ,1,0
L-26741,2025-01-07,47180.08,0.583,55,26,3,200000.00,อาชีพอิสระ,1,ปิดบัญชีแล้ว,27,0
L-28627,2025-01-07,25568.41,0.066,163,31,2,300000.00,ข้าราชการ,1,ปกติ,18,0
L-30249,2025-01-07,27513.30,0.362,207,48,0,300000.00,อาชีพอิสระ,2,ปกติ,4,0
L-31008,2025-01-07,9000.00,0.389,234,47,5,200000.00,พนักงานประจำ,0,ปกติ,25,0
L-20600,2025-01-08,14664.41,0.122,112,50,6,50000.00,ข้าราชการ,1,ปกติ,3,0
L-23306,2025-01-08,29965.12,0.285,132,30,6,500000.00,ธุรกิจส่วนตัว,2,ปกติ,14,0
L-25237,2025-01-08,24218.84,0.321,208,33,1,200000.00,พนักงานประจำ,9,ค้างชำระ,56,1
L-25719,2025-01-08,9000.00,0.441,144,42,6,200000.00,ข้าราชการ,1,ปิดบัญชีแล้ว,28,0
L-27043,2025-01-08,22289.07,0.514,17,45,4,50000.00,ข้าราชการ,9,ค้างชำระ,67,1
L-29908,2025-01-08,40006.44,0.258,90,35,3,50000.00,อาชีพอิสระ,0,ปิดบัญชีแล้ว,25,0
L-30421,2025-01-08,9000.00,0.585,112,65,1,300000.00,อาชีพอิสระ,1,ปิดบัญชีแล้ว,2,0
L-21206,2025-01-09,45180.55,0.428,16,35,5,150000.00,ธุรกิจส่วนตัว,0,ปิดบัญชีแล้ว,25,0
L-21302,2025-01-09,48339.14,0.365,115,49,2,150000.00,พนักงานประจำ,1,ปิดบัญชีแล้ว,7,0
L-21334,2025-01-09,38513.27,0.283,207,22,3,100000.00,อาชีพอิสระ,1,ปิดบัญชีแล้ว,29,0
L-21453,2025-01-09,28935.73,0.02,202,60,4,500000.00,ข้าราชการ,1,ปกติ,30,0
L-23638,2025-01-09,46525.29,0.385,111,29,6,100000.00,ธุรกิจส่วนตัว,2,ปิดบัญชีแล้ว,17,0
L-26337,2025-01-09,45719.74,0.5,80,48,4,100000.00,อาชีพอิสระ,1,ปกติ,23,0
L-26934,2025-01-09,45923.09,0.383,14,39,5,150000.00,ข้าราชการ,7,ค้างชำระ,109,1
L-27090,2025-01-09,31752.17,0.338,208,46,2,200000.00,พนักงานประจำ,0,ปกติ,6,0
L-28920,2025-01-09,29087.35,0.417,191,60,0,50000.00,พนักงานประจำ,1,ปกติ,26,0
L-29556,2025-01-09,23219.64,0.078,94,59,0,500000.00,อาชีพอิสระ,1,ปกติ,13,0
L-29737,2025-01-09,26667.47,0.607,176,64,4,50000.00,ข้าราชการ,0,ปกติ,22,0
L-29810,2025-01-09,53757.65,0.68,159,58,2,150000.00,ธุรกิจส่วนตัว,2,ปิดบัญชีแล้ว,10,0
L-29816,2025-01-09,16169.89,0.138,71,25,0,500000.00,พนักงานประจำ,2,ปกติ,5,0
L-24569,2025-01-10,32646.37,0.105,220,57,5,200000.00,อาชีพอิสระ,0,ปกติ,21,0
L-25233,2025-01-10,21820.17,0.493,215,27,5,100000.00,อาชีพอิสระ,14,ค้างชำระ,130,1
L-25491,2025-01-10,47067.31,0.416,81,27,1,300000.00,ธุรกิจส่วนตัว,1,ปกติ,28,0
L-25537,2025-01-10,24604.31,0.488,91,24,5,300000.00,ข้าราชการ,6,ค้างชำระ,151,1
L-25904,2025-01-10,9000.00,0.205,179,52,2,150000.00,ธุรกิจส่วนตัว,0,ปิดบัญชีแล้ว,18,0
L-27150,2025-01-10,48639.99,0.031,230,57,2,200000.00,อาชีพอิสระ,0,ปกติ,8,0
L-27662,2025-01-10,28021.64,0.525,6,54,1,200000.00,อาชีพอิสระ,2,ปกติ,10,0
L-30186,2025-01-10,34891.21,0.338,56,38,1,200000.00,พนักงานประจำ,0,ปกติ,1,0
L-20808,2025-01-11,9487.79,0.476,60,46,5,200000.00,ธุรกิจส่วนตัว,0,ปิดบัญชีแล้ว,0,0
L-22617,2025-01-11,49602.96,0.312,38,46,6,500000.00,อาชีพอิสระ,0,ปกติ,5,0
L-22736,2025-01-11,38844.17,0.02,156,34,2,200000.00,ข้าราชการ,2,ปกติ,26,0
L-22775,2025-01-11,9000.00,0.439,72,41,3,50000.00,ข้าราชการ,2,ปกติ,26,0
L-23488,2025-01-11,34671.52,0.338,58,50,2,50000.00,ธุรกิจส่วนตัว,0,ปกติ,5,0
L-23846,2025-01-11,26605.58,0.187,35,42,2,200000.00,พนักงานประจำ,1,ปกติ,19,0
L-24795,2025-01-11,26162.02,0.23,225,21,0,200000.00,อาชีพอิสระ,0,ปกติ,15,0
L-25259,2025-01-11,27822.46,0.237,216,52,0,500000.00,ข้าราชการ,0,ปกติ,19,0
L-27607,2025-01-11,28472.54,0.34,50,39,1,200000.00,ข้าราชการ,1,ปกติ,2,0
L-28001,2025-01-11,52234.68,0.492,64,51,1,150000.00,ธุรกิจส่วนตัว,1,ปกติ,4,0
L-28066,2025-01-11,29673.74,0.321,117,28,5,200000.00,อาชีพอิสระ,0,ปกติ,22,0
L-28883,2025-01-11,23719.84,0.479,191,49,1,300000.00,อาชีพอิสระ,2,ปกติ,1,0
L-29339,2025-01-11,14274.02,0.458,6,29,3,300000.00,ธุรกิจส่วนตัว,2,ปกติ,9,0
L-29644,2025-01-11,19936.94,0.396,28,23,6,500000.00,ข้าราชการ,1,ปิดบัญชีแล้ว,0,0
L-29724,2025-01-11,13756.64,0.528,61,56,0,150000.00,อาชีพอิสระ,2,ปกติ,15,0
L-30473,2025-01-11,45824.22,0.427,213,21,0,100000.00,ธุรกิจส่วนตัว,0,ปกติ,28,0
L-30527,2025-01-11,41064.22,0.095,212,21,2,100000.00,อาชีพอิสระ,0,ปิดบัญชีแล้ว,23,0
L-31478,2025-01-11,27943.98,0.562,5,45,2,300000.00,ข้าราชการ,1,ปกติ,24,0
L-20248,2025-01-12,14200.05,0.432,108,61,0,200000.00,อาชีพอิสระ,2,ปกติ,5,0
L-22995,2025-01-12,56520.34,0.598,0,65,4,300000.00,ข้าราชการ,1,ปกติ,24,0
L-27381,2025-01-12,34898.13,0.366,44,58,3,50000.00,ข้าราชการ,1,ปกติ,12,0
L-28936,2025-01-12,37172.29,0.248,33,27,4,500000.00,ธุรกิจส่วนตัว,5,ค้างชำระ,71,1
L-29149,2025-01-12,39069.89,0.2,17,60,6,150000.00,อาชีพอิสระ,5,ค้างชำระ,174,1
L-20050,2025-01-13,25487.33,0.02,140,37,0,150000.00,พนักงานประจำ,0,ปกติ,19,0
L-21525,2025-01-13,36718.10,0.24,163,48,5,500000.00,ข้าราชการ,1,ปกติ,18,0
L-21633,2025-01-13,53852.64,0.515,8,35,0,200000.00,พนักงานประจำ,2,ปกติ,7,0
L-22227,2025-01-13,46061.90,0.218,190,44,4,200000.00,ข้าราชการ,0,ปกติ,24,0
L-23209,2025-01-13,46235.07,0.396,118,34,4,50000.00,พนักงานประจำ,1,ปกติ,0,0
L-24407,2025-01-13,47159.78,0.524,117,59,3,50000.00,อาชีพอิสระ,0,ปกติ,10,0
L-25065,2025-01-13,30180.23,0.258,224,59,3,150000.00,พนักงานประจำ,2,ปิดบัญชีแล้ว,9,0
L-25917,2025-01-13,25688.16,0.128,6,25,5,150000.00,พนักงานประจำ,1,ปิดบัญชีแล้ว,12,0
L-28098,2025-01-13,32861.15,0.114,106,64,0,100000.00,พนักงานประจำ,2,ปิดบัญชีแล้ว,16,0
L-23947,2025-01-14,48336.72,0.579,236,61,0,500000.00,ข้าราชการ,0,ปกติ,29,0
L-24408,2025-01-14,21050.80,0.248,192,58,2,300000.00,พนักงานประจำ,2,ปิดบัญชีแล้ว,17,0
L-25390,2025-01-14,26593.03,0.129,45,56,4,300000.00,พนักงานประจำ,1,ปิดบัญชีแล้ว,9,0
L-26814,2025-01-14,13330.94,0.423,145,26,5,150000.00,ข้าราชการ,2,ปกติ,13,0
L-27199,2025-01-14,54400.07,0.202,0,61,5,300000.00,ข้าราชการ,10,ค้างชำระ,148,1
L-27583,2025-01-14,46002.90,0.449,139,61,3,150000.00,อาชีพอิสระ,1,ปกติ,29,0
L-28686,2025-01-14,33571.71,0.189,143,55,3,200000.00,ธุรกิจส่วนตัว,2,ปกติ,0,0
L-28970,2025-01-14,58570.41,0.672,191,22,1,50000.00,พนักงานประจำ,2,ปกติ,10,0
L-29817,2025-01-14,22851.01,0.308,34,44,1,200000.00,ข้าราชการ,1,ปกติ,23,0
L-31608,2025-01-14,28555.94,0.486,154,62,5,500000.00,อาชีพอิสระ,2,ปิดบัญชีแล้ว,22,0
L-21768,2025-01-15,22539.90,0.181,49,46,0,500000.00,อาชีพอิสระ,0,ปกติ,30,0
L-21969,2025-01-15,50575.00,0.062,162,35,5,100000.00,พนักงานประจำ,1,ปกติ,6,0
L-22123,2025-01-15,46399.66,0.321,33,38,0,50000.00,อาชีพอิสระ,0,ปกติ,21,0
L-25026,2025-01-15,21165.24,0.072,174,34,1,300000.00,พนักงานประจำ,0,ปกติ,10,0
L-25169,2025-01-15,26727.85,0.317,184,51,6,150000.00,ข้าราชการ,1,ปกติ,30,0
L-25272,2025-01-15,42353.82,0.657,159,64,1,100000.00,อาชีพอิสระ,1,ปกติ,21,0
L-26931,2025-01-15,38468.91,0.415,39,45,2,100000.00,ธุรกิจส่วนตัว,1,ปิดบัญชีแล้ว,1,0
L-27437,2025-01-15,32253.46,0.295,69,27,0,150000.00,ธุรกิจส่วนตัว,1,ปกติ,21,0
L-27984,2025-01-15,23749.06,0.328,76,24,2,300000.00,พนักงานประจำ,1,ปกติ,28,0
L-28601,2025-01-15,33726.52,0.251,217,64,5,500000.00,อาชีพอิสระ,7,ค้างชำระ,74,1
L-28635,2025-01-15,38500.88,0.296,62,57,3,100000.00,อาชีพอิสระ,0,ปกติ,3,0
L-29144,2025-01-15,28000.20,0.444,165,53,5,200000.00,อาชีพอิสระ,1,ปกติ,13,0
L-29504,2025-01-15,35575.81,0.453,58,28,1,50000.00,อาชีพอิสระ,2,ปกติ,17,0
L-20223,2025-01-16,34374.38,0.484,81,29,5,150000.00,ข้าราชการ,5,ค้างชำระ,93,1
L-22021,2025-01-16,9000.00,0.471,117,23,0,150000.00,ข้าราชการ,13,ค้างชำระ,177,1
L-22801,2025-01-16,34489.73,0.329,160,37,1,500000.00,อาชีพอิสระ,0,ปกติ,24,0
L-25534,2025-01-16,51077.05,0.518,236,57,6,50000.00,ข้าราชการ,0,ปกติ,25,0
L-26887,2025-01-16,21326.74,0.294,36,51,3,50000.00,พนักงานประจำ,0,ปิดบัญชีแล้ว,17,0
L-27025,2025-01-16,41051.76,0.459,225,36,0,200000.00,ธุรกิจส่วนตัว,2,ปกติ,4,0
L-27188,2025-01-16,28694.76,0.502,221,54,3,300000.00,ธุรกิจส่วนตัว,1,ปกติ,0,0
L-27949,2025-01-16,44030.15,0.026,27,31,1,50000.00,พนักงานประจำ,2,ปิดบัญชีแล้ว,11,0
L-28104,2025-01-16,35573.09,0.259,58,62,6,50000.00,ข้าราชการ,1,ปกติ,11,0
L-28162,2025-01-16,23929.15,0.514,207,41,5,50000.00,อาชีพอิสระ,1,ปิดบัญชีแล้ว,19,0
L-28380,2025-01-16,45478.33,0.438,131,24,1,300000.00,พนักงานประจำ,0,ปิดบัญชีแล้ว,26,0
L-29039,2025-01-16,9000.00,0.33,9,55,3,150000.00,ธุรกิจส่วนตัว,0,ปิดบัญชีแล้ว,4,0
L-29231,2025-01-16,50820.04,0.341,216,60,3,100000.00,ข้าราชการ,2,ปกติ,19,0
L-31890,2025-01-16,18174.69,0.721,130,46,4,50000.00,ข้าราชการ,7,ค้างชำระ,167,1
L-21921,2025-01-17,34998.96,0.503,218,34,3,100000.00,อาชีพอิสระ,1,ปกติ,10,0
L-22477,2025-01-17,9000.00,0.333,236,24,1,150000.00,พนักงานประจำ,1,ปกติ,19,0
L-22495,2025-01-17,28996.39,0.138,98,38,5,150000.00,ข้าราชการ,2,ปิดบัญชีแล้ว,12,0
L-25612,2025-01-17,31187.10,0.329,16,64,1,150000.00,อาชีพอิสระ,1,ปกติ,1,0
L-28056,2025-01-17,36290.07,0.275,144,29,5,50000.00,ข้าราชการ,13,ค้างชำระ,118,1
L-29401,2025-01-17,9000.00,0.575,143,57,5,100000.00,พนักงานประจำ,2,ปกติ,13,0
L-29412,2025-01-17,27474.72,0.411,153,22,3,500000.00,พนักงานประจำ,1,ปิดบัญชีแล้ว,24,0
L-20364,2025-01-18,50800.53,0.394,206,28,0,100000.00,ธุรกิจส่วนตัว,2,ปกติ,2,0
L-20447,2025-01-18,27505.99,0.404,133,64,6,150000.00,ข้าราชการ,0,ปกติ,26,0
L-20885,2025-01-18,17101.15,0.715,181,60,0,50000.00,อาชีพอิสระ,8,ค้างชำระ,129,1
L-22875,2025-01-18,26488.96,0.526,100,36,2,500000.00,พนักงานประจำ,3,ค้างชำระ,176,1
L-24499,2025-01-18,14474.16,0.451,175,29,6,500000.00,ธุรกิจส่วนตัว,11,ค้างชำระ,92,1
L-25194,2025-01-18,29682.29,0.678,153,49,3,200000.00,พนักงานประจำ,2,ปกติ,10,0
L-25202,2025-01-18,30539.03,0.538,56,33,5,50000.00,อาชีพอิสระ,1,ปกติ,10,0
L-25951,2025-01-18,39478.96,0.478,162,35,5,200000.00,ข้าราชการ,1,ปกติ,28,0
L-26593,2025-01-18,36161.47,0.533,135,48,2,300000.00,ข้าราชการ,0,ปกติ,17,0
L-29195,2025-01-18,28498.25,0.443,24,65,4,500000.00,ธุรกิจส่วนตัว,5,ค้างชำระ,107,1
L-29420,2025-01-18,28782.36,0.384,154,36,0,300000.00,ข้าราชการ,0,ปกติ,30,0
L-29607,2025-01-18,32695.60,0.422,23,22,5,300000.00,อาชีพอิสระ,9,ค้างชำระ,76,1
L-30522,2025-01-18,27822.81,0.35,9,24,6,200000.00,ข้าราชการ,1,ปกติ,30,0
L-30756,2025-01-18,50286.63,0.658,149,27,5,500000.00,อาชีพอิสระ,1,ปิดบัญชีแล้ว,14,0
L-30838,2025-01-18,43515.27,0.401,63,62,2,50000.00,พนักงานประจำ,1,ปิดบัญชีแล้ว,30,0
L-31316,2025-01-18,11043.27,0.563,88,36,4,200000.00,อาชีพอิสระ,0,ปกติ,17,0
L-26793,2025-01-19,35554.60,0.106,133,21,2,200000.00,ข้าราชการ,0,ปกติ,28,0
L-26822,2025-01-19,38155.57,0.086,171,34,0,200000.00,ธุรกิจส่วนตัว,0,ปกติ,9,0
L-27033,2025-01-19,15738.03,0.435,182,35,3,500000.00,ข้าราชการ,2,ปกติ,19,0
L-27180,2025-01-19,30533.80,0.526,91,54,0,500000.00,พนักงานประจำ,5,ค้างชำระ,118,1
L-27679,2025-01-19,30827.68,0.719,85,63,3,300000.00,พนักงานประจำ,1,ปกติ,10,0
L-27902,2025-01-19,33334.39,0.339,108,46,2,100000.00,ธุรกิจส่วนตัว,2,ปิดบัญชีแล้ว,21,0
L-28013,2025-01-19,32442.67,0.438,112,48,5,500000.00,อาชีพอิสระ,0,ปิดบัญชีแล้ว,25,0
L-28639,2025-01-19,47637.98,0.419,55,29,0,300000.00,ธุรกิจส่วนตัว,2,ปกติ,29,0
L-29343,2025-01-19,46410.02,0.348,238,32,4,300000.00,อาชีพอิสระ,2,ปกติ,24,0
L-29395,2025-01-19,32254.97,0.298,222,32,6,150000.00,อาชีพอิสระ,2,ปกติ,22,0
L-30528,2025-01-19,30545.07,0.229,42,51,1,200000.00,อาชีพอิสระ,0,ปกติ,20,0
L-20666,2025-01-20,23501.36,0.602,160,23,3,150000.00,ธุรกิจส่วนตัว,2,ปกติ,29,0
L-21439,2025-01-20,9000.00,0.062,74,53,0,150000.00,ธุรกิจส่วนตัว,2,ปิดบัญชีแล้ว,19,0
L-22965,2025-01-20,17087.11,0.478,49,50,3,300000.00,อาชีพอิสระ,2,ปิดบัญชีแล้ว,9,0
L-22991,2025-01-20,24553.92,0.312,61,65,1,300000.00,ข้าราชการ,0,ปกติ,2,0
L-23215,2025-01-20,31643.28,0.64,5,38,3,100000.00,ธุรกิจส่วนตัว,1,ปิดบัญชีแล้ว,25,0
L-23417,2025-01-20,70981.55,0.514,154,63,4,200000.00,พนักงานประจำ,2,ปกติ,16,0
L-24784,2025-01-20,19550.43,0.367,140,30,4,50000.00,พนักงานประจำ,7,ค้างชำระ,112,1
L-24908,2025-01-20,27412.24,0.472,93,47,1,200000.00,ธุรกิจส่วนตัว,0,ปกติ,28,0
L-25121,2025-01-20,42171.97,0.148,117,48,5,100000.00,อาชีพอิสระ,1,ปกติ,23,0
L-25167,2025-01-20,38997.77,0.323,36,32,0,150000.00,พนักงานประจำ,1,ปิดบัญชีแล้ว,17,0
L-25335,2025-01-20,40283.59,0.473,58,28,6,300000.00,พนักงานประจำ,1,ปิดบัญชีแล้ว,7,0
L-25838,2025-01-20,32947.54,0.654,133,25,5,300000.00,อาชีพอิสระ,2,ปิดบัญชีแล้ว,2,0
L-26680,2025-01-20,42311.45,0.551,32,47,4,500000.00,อาชีพอิสระ,2,ปกติ,15,0
L-27000,2025-01-20,41229.47,0.462,10,37,5,300000.00,ข้าราชการ,1,ปิดบัญชีแล้ว,1,0
L-28366,2025-01-20,9000.00,0.204,199,29,3,50000.00,ข้าราชการ,1,ปกติ,3,0
L-30110,2025-01-20,28135.13,0.356,45,28,4,500000.00,ข้าราชการ,2,ปิดบัญชีแล้ว,18,0
L-30581,2025-01-20,36799.10,0.398,94,57,1,100000.00,อาชีพอิสระ,1,ปกติ,4,0
L-31349,2025-01-20,66230.93,0.555,211,22,0,50000.00,พนักงานประจำ,2,ปกติ,14,0
L-31523,2025-01-20,21301.30,0.284,66,37,5,500000.00,ข้าราชการ,1,ปกติ,28,0
L-22309,2025-01-21,43460.24,0.34,65,26,2,500000.00,พนักงานประจำ,0,ปกติ,5,0
L-22776,2025-01-21,36078.31,0.295,53,58,4,100000.00,ข้าราชการ,0,ปิดบัญชีแล้ว,28,0
L-23301,2025-01-21,46191.79,0.293,109,44,1,150000.00,ธุรกิจส่วนตัว,2,ปกติ,20,0
L-24738,2025-01-21,25401.81,0.043,164,53,6,50000.00,อาชีพอิสระ,2,ปกติ,25,0
L-24939,2025-01-21,30521.83,0.556,191,55,2,150000.00,ข้าราชการ,0,ปกติ,27,0
L-25873,2025-01-21,39261.84,0.496,220,27,4,150000.00,ข้าราชการ,2,ปกติ,6,0
L-26443,2025-01-21,37485.87,0.02,66,43,2,100000.00,พนักงานประจำ,2,ปกติ,29,0
L-28152,2025-01-21,14013.92,0.131,112,55,5,50000.00,พนักงานประจำ,0,ปกติ,28,0
L-31447,2025-01-21,9000.00,0.464,54,27,1,50000.00,ข้าราชการ,10,ค้างชำระ,69,1
L-20108,2025-01-22,13118.01,0.395,77,33,2,100000.00,อาชีพอิสระ,6,ค้างชำระ,142,1
L-21298,2025-01-22,24561.46,0.064,85,29,5,300000.00,ธุรกิจส่วนตัว,0,ปกติ,1,0
L-21705,2025-01-22,41309.71,0.307,56,28,5,150000.00,พนักงานประจำ,1,ปกติ,6,0
L-21891,2025-01-22,9000.00,0.148,126,63,6,150000.00,พนักงานประจำ,1,ปกติ,24,0
L-24470,2025-01-22,23086.88,0.02,137,47,6,100000.00,ข้าราชการ,0,ปิดบัญชีแล้ว,24,0
L-25223,2025-01-22,20680.15,0.313,189,21,3,300000.00,ข้าราชการ,1,ปกติ,23,0
L-26051,2025-01-22,62618.90,0.186,24,30,0,500000.00,ธุรกิจส่วนตัว,0,ปิดบัญชีแล้ว,24,0
L-26927,2025-01-22,12660.38,0.418,69,48,6,200000.00,ข้าราชการ,3,ค้างชำระ,47,1
L-27511,2025-01-22,24136.25,0.177,88,42,1,300000.00,พนักงานประจำ,1,ปิดบัญชีแล้ว,5,0
L-28725,2025-01-22,48682.13,0.375,39,37,0,300000.00,พนักงานประจำ,2,ปกติ,20,0
L-29857,2025-01-22,36552.76,0.6,207,26,3,150000.00,อาชีพอิสระ,2,ปกติ,20,0
L-29940,2025-01-22,55181.95,0.533,67,50,5,100000.00,อาชีพอิสระ,1,ปกติ,4,0
L-30758,2025-01-22,29463.57,0.058,28,62,3,50000.00,อาชีพอิสระ,0,ปกติ,15,0
L-20157,2025-01-23,30532.49,0.248,168,39,4,500000.00,พนักงานประจำ,2,ปกติ,6,0
L-21012,2025-01-23,9627.91,0.433,208,63,6,200000.00,ธุรกิจส่วนตัว,1,ปกติ,16,0
L-21743,2025-01-23,37340.40,0.255,130,63,6,150000.00,ข้าราชการ,2,ปกติ,4,0
L-22165,2025-01-23,19142.72,0.275,33,59,2,200000.00,ข้าราชการ,2,ปิดบัญชีแล้ว,20,0
L-23366,2025-01-23,45851.45,0.101,23,21,4,100000.00,พนักงานประจำ,0,ปกติ,13,0
L-24043,2025-01-23,48031.85,0.534,9,26,0,300000.00,ธุรกิจส่วนตัว,0,ปกติ,16,0
L-24894,2025-01-23,20694.03,0.258,158,29,4,500000.00,ธุรกิจส่วนตัว,0,ปิดบัญชีแล้ว,22,0
L-25098,2025-01-23,25235.11,0.241,131,49,5,100000.00,ธุรกิจส่วนตัว,2,ปกติ,4,0
L-25489,2025-01-23,32525.70,0.24,144,27,3,50000.00,ข้าราชการ,0,ปิดบัญชีแล้ว,26,0
L-26302,2025-01-23,33188.00,0.02,89,38,6,50000.00,ธุรกิจส่วนตัว,0,ปิดบัญชีแล้ว,13,0
L-26708,2025-01-23,39910.37,0.303,139,47,6,300000.00,ข้าราชการ,1,ปิดบัญชีแล้ว,0,0
L-27244,2025-01-23,16775.18,0.742,47,35,0,200000.00,ข้าราชการ,1,ปกติ,20,0
L-28210,2025-01-23,19403.60,0.183,190,32,0,50000.00,อาชีพอิสระ,0,ปิดบัญชีแล้ว,22,0
L-29484,2025-01-23,32470.75,0.588,191,31,4,300000.00,พนักงานประจำ,1,ปกติ,5,0
L-30131,2025-01-23,23051.63,0.296,210,27,2,50000.00,พนักงานประจำ,0,ปิดบัญชีแล้ว,25,0
L-30530,2025-01-23,43059.42,0.339,68,26,3,500000.00,ธุรกิจส่วนตัว,2,ปกติ,10,0
L-31418,2025-01-23,30341.34,0.654,42,25,1,200000.00,ธุรกิจส่วนตัว,1,ปกติ,25,0
L-31824,2025-01-23,44668.22,0.291,97,22,4,500000.00,ธุรกิจส่วนตัว,1,ปกติ,26,0
L-20655,2025-01-24,9000.00,0.529,134,62,1,100000.00,ข้าราชการ,0,ปกติ,18,0
L-22002,2025-01-24,32681.44,0.635,221,31,3,300000.00,ข้าราชการ,12,ค้างชำระ,69,1
L-22139,2025-01-24,48206.14,0.507,127,44,2,300000.00,ธุรกิจส่วนตัว,2,ปกติ,16,0
L-22145,2025-01-24,38505.88,0.174,5,63,0,300000.00,ข้าราชการ,0,ปกติ,12,0
L-22815,2025-01-24,14611.75,0.479,204,55,4,300000.00,ข้าราชการ,0,ปกติ,17,0
L-24819,2025-01-24,35126.60,0.459,167,61,6,100000.00,ข้าราชการ,0,ปกติ,17,0
L-25161,2025-01-24,47085.21,0.292,47,53,2,500000.00,พนักงานประจำ,1,ปิดบัญชีแล้ว,27,0
L-25755,2025-01-24,10336.11,0.277,93,21,4,200000.00,พนักงานประจำ,1,ปกติ,10,0
L-28911,2025-01-24,32139.47,0.093,36,40,5,150000.00,ธุรกิจส่วนตัว,2,ปกติ,27,0
L-29103,2025-01-24,42374.80,0.354,189,63,5,50000.00,ธุรกิจส่วนตัว,0,ปิดบัญชีแล้ว,9,0
L-29461,2025-01-24,53357.78,0.026,32,57,0,50000.00,พนักงานประจำ,1,ปกติ,23,0
L-29479,2025-01-24,26388.23,0.519,83,25,1,300000.00,ธุรกิจส่วนตัว,1,ปกติ,7,0
L-30175,2025-01-24,29876.38,0.731,170,45,0,150000.00,ข้าราชการ,0,ปิดบัญชีแล้ว,23,0
L-21737,2025-01-25,34954.89,0.391,87,62,0,300000.00,ธุรกิจส่วนตัว,2,ปกติ,19,0
L-26339,2025-01-25,13327.62,0.403,226,31,5,150000.00,พนักงานประจำ,1,ปกติ,15,0
L-26428,2025-01-25,32724.09,0.26,38,43,4,150000.00,ธุรกิจส่วนตัว,5,ค้างชำระ,174,1
L-27792,2025-01-25,35631.81,0.646,199,38,6,50000.00,พนักงานประจำ,0,ปกติ,3,0
L-27993,2025-01-25,20924.78,0.554,89,34,5,500000.00,อาชีพอิสระ,2,ปกติ,11,0
L-28097,2025-01-25,33449.20,0.044,215,29,2,100000.00,อาชีพอิสระ,0,ปกติ,19,0
L-28326,2025-01-25,25577.12,0.299,77,43,6,300000.00,พนักงานประจำ,0,ปกติ,20,0
L-29422,2025-01-25,51008.93,0.416,119,59,1,150000.00,พนักงานประจำ,1,ปกติ,0,0
L-30230,2025-01-25,35550.73,0.557,214,29,1,50000.00,พนักงานประจำ,2,ปิดบัญชีแล้ว,10,0
L-31691,2025-01-25,39228.09,0.538,134,41,3,500000.00,อาชีพอิสระ,0,ปกติ,16,0
L-20199,2025-01-26,21302.98,0.228,145,27,6,500000.00,ธุรกิจส่วนตัว,1,ปกติ,9,0
L-21391,2025-01-26,22081.73,0.474,210,39,3,200000.00,พนักงานประจำ,0,ปกติ,2,0
L-21911,2025-01-26,31172.38,0.657,98,22,5,150000.00,ข้าราชการ,0,ปกติ,27,0
L-22050,2025-01-26,44635.47,0.234,161,48,1,50000.00,พนักงานประจำ,0,ปกติ,19,0
L-22144,2025-01-26,34557.57,0.621,126,26,3,150000.00,อาชีพอิสระ,6,ค้างชำระ,165,1
L-22724,2025-01-26,26954.08,0.273,135,25,1,50000.00,อาชีพอิสระ,0,ปกติ,8,0
L-23120,2025-01-26,53736.90,0.24,123,41,3,500000.00,ธุรกิจส่วนตัว,2,ปิดบัญชีแล้ว,29,0
L-24290,2025-01-26,54908.56,0.283,236,62,2,200000.00,อาชีพอิสระ,2,ปกติ,10,0
L-24658,2025-01-26,30260.59,0.648,201,36,3,500000.00,พนักงานประจำ,2,ปกติ,3,0
L-24670,2025-01-26,25478.09,0.177,179,51,6,100000.00,อาชีพอิสระ,2,ปกติ,13,0
L-26139,2025-01-26,34141.45,0.558,31,26,0,100000.00,ธุรกิจส่วนตัว,1,ปกติ,26,0
L-26528,2025-01-26,42366.27,0.31,146,22,0,200000.00,อาชีพอิสระ,2,ปิดบัญชีแล้ว,9,0
L-27306,2025-01-26,45368.34,0.541,27,58,5,300000.00,ธุรกิจส่วนตัว,2,ปกติ,22,0
L-28353,2025-01-26,19051.51,0.607,231,22,2,100000.00,ข้าราชการ,1,ปกติ,17,0
L-28450,2025-01-26,32622.44,0.566,148,43,6,50000.00,ธุรกิจส่วนตัว,2,ปิดบัญชีแล้ว,1,0
L-22350,2025-01-27,28775.52,0.248,214,58,5,300000.00,อาชีพอิสระ,6,ค้างชำระ,71,1
L-25395,2025-01-27,46870.66,0.276,239,39,6,500000.00,ข้าราชการ,1,ปกติ,14,0
L-26919,2025-01-27,41443.27,0.02,50,29,4,150000.00,ธุรกิจส่วนตัว,0,ปกติ,15,0
L-29127,2025-01-27,42269.60,0.435,42,43,3,200000.00,พนักงานประจำ,0,ปกติ,30,0
L-29298,2025-01-27,53289.60,0.428,96,62,4,50000.00,ธุรกิจส่วนตัว,1,ปกติ,6,0
L-20139,2025-01-28,31541.95,0.578,16,24,3,50000.00,อาชีพอิสระ,0,ปกติ,19,0
L-20773,2025-01-28,21647.78,0.417,101,22,5,100000.00,ธุรกิจส่วนตัว,0,ปกติ,5,0
L-21423,2025-01-28,37071.16,0.331,162,45,6,100000.00,พนักงานประจำ,1,ปกติ,25,0
L-24419,2025-01-28,35681.21,0.371,180,47,2,50000.00,ข้าราชการ,2,ปกติ,20,0
L-24691,2025-01-28,37373.99,0.355,144,51,5,500000.00,ธุรกิจส่วนตัว,2,ปกติ,23,0
L-25387,2025-01-28,43573.90,0.298,0,45,5,100000.00,พนักงานประจำ,1,ปกติ,8,0
L-27537,2025-01-28,31832.86,0.565,55,56,3,50000.00,อาชีพอิสระ,1,ปกติ,23,0
L-28606,2025-01-28,17704.27,0.535,79,29,2,150000.00,พนักงานประจำ,12,ค้างชำระ,127,1
L-30628,2025-01-28,42223.61,0.636,191,59,3,300000.00,อาชีพอิสระ,2,ปกติ,29,0
L-30914,2025-01-28,50220.68,0.56,228,62,2,150000.00,พนักงานประจำ,2,ปกติ,21,0
L-31193,2025-01-28,22596.38,0.346,72,41,0,150000.00,ธุรกิจส่วนตัว,2,ปิดบัญชีแล้ว,11,0
L-31342,2025-01-28,41398.57,0.286,237,39,2,500000.00,ธุรกิจส่วนตัว,1,ปกติ,18,0
L-31997,2025-01-28,18739.72,0.31,92,46,6,100000.00,ธุรกิจส่วนตัว,2,ปกติ,28,0
L-20457,2025-01-29,46613.28,0.504,162,48,1,500000.00,ข้าราชการ,2,ปกติ,5,0
L-20568,2025-01-29,27611.94,0.548,99,63,4,150000.00,พนักงานประจำ,2,ปกติ,20,0
L-22007,2025-01-29,35646.31,0.168,66,56,0,150000.00,ข้าราชการ,2,ปกติ,23,0
L-23052,2025-01-29,50972.46,0.31,126,23,2,500000.00,พนักงานประจำ,0,ปกติ,21,0
L-23576,2025-01-29,43814.30,0.353,187,57,1,100000.00,พนักงานประจำ,2,ปกติ,13,0
L-24918,2025-01-29,13811.61,0.695,140,44,6,200000.00,ธุรกิจส่วนตัว,0,ปกติ,20,0
L-25513,2025-01-29,33414.99,0.366,181,45,1,500000.00,อาชีพอิสระ,8,ค้างชำระ,147,1
L-25602,2025-01-29,64734.77,0.038,72,57,4,200000.00,ธุรกิจส่วนตัว,1,ปิดบัญชีแล้ว,11,0
L-26355,2025-01-29,50295.99,0.305,165,46,5,50000.00,ข้าราชการ,2,ปกติ,11,0
L-26610,2025-01-29,9005.32,0.3,196,34,1,150000.00,พนักงานประจำ,2,ปิดบัญชีแล้ว,12,0
L-26856,2025-01-29,35401.15,0.187,230,54,3,200000.00,ข้าราชการ,11,ค้างชำระ,64,1
L-28418,2025-01-29,30775.95,0.5,79,26,0,150000.00,ข้าราชการ,1,ปิดบัญชีแล้ว,18,0
L-29005,2025-01-29,40627.20,0.419,202,53,0,500000.00,พนักงานประจำ,2,ปิดบัญชีแล้ว,2,0
L-30052,2025-01-29,36847.47,0.577,181,42,2,50000.00,พนักงานประจำ,1,ปกติ,16,0
L-31815,2025-01-29,41603.74,0.168,7,64,5,100000.00,ธุรกิจส่วนตัว,2,ปกติ,15,0
L-20709,2025-01-30,40739.32,0.222,181,25,1,50000.00,ธุรกิจส่วนตัว,2,ปกติ,10,0
L-20798,2025-01-30,40914.15,0.449,43,41,6,150000.00,พนักงานประจำ,5,ค้างชำระ,56,1
L-21013,2025-01-30,9000.00,0.501,192,60,4,300000.00,ธุรกิจส่วนตัว,5,ค้างชำระ,178,1
L-22247,2025-01-30,52776.38,0.538,130,58,2,150000.00,ข้าราชการ,2,ปกติ,29,0
L-22594,2025-01-30,42863.34,0.459,54,53,3,200000.00,พนักงานประจำ,12,ค้างชำระ,180,1
L-23063,2025-01-30,46165.13,0.403,179,50,6,100000.00,ธุรกิจส่วนตัว,2,ปกติ,17,0
L-23254,2025-01-30,55969.33,0.213,196,42,6,500000.00,พนักงานประจำ,1,ปิดบัญชีแล้ว,25,0
L-23757,2025-01-30,35445.56,0.291,125,36,1,500000.00,อาชีพอิสระ,0,ปกติ,1,0
L-24175,2025-01-30,28662.87,0.362,33,38,4,100000.00,อาชีพอิสระ,2,ปกติ,20,0
L-25988,2025-01-30,30308.50,0.418,83,62,0,50000.00,ข้าราชการ,1,ปกติ,27,0
L-26062,2025-01-30,40610.59,0.41,43,39,3,150000.00,อาชีพอิสระ,2,ปิดบัญชีแล้ว,3,0
L-26788,2025-01-30,55053.26,0.307,89,21,6,300000.00,พนักงานประจำ,2,ปกติ,22,0
L-27783,2025-01-30,38817.29,0.286,61,57,0,50000.00,พนักงานประจำ,2,ปกติ,23,0
L-29698,2025-01-30,33517.57,0.545,7,42,1,100000.00,ธุรกิจส่วนตัว,2,ปิดบัญชีแล้ว,1,0
L-31235,2025-01-30,22696.54,0.107,132,40,2,100000.00,ธุรกิจส่วนตัว,1,ปกติ,18,0
L-31891,2025-01-30,29336.65,0.269,219,50,4,50000.00,พนักงานประจำ,0,ปิดบัญชีแล้ว,18,0
L-20145,2025-01-31,21242.44,0.13,239,43,2,200000.00,ธุรกิจส่วนตัว,1,ปกติ,21,0
L-20989,2025-01-31,30973.91,0.285,16,25,6,300000.00,พนักงานประจำ,1,ปิดบัญชีแล้ว,20,0
L-21159,2025-01-31,28385.46,0.277,8,32,4,150000.00,พนักงานประจำ,2,ปกติ,24,0
L-22015,2025-01-31,9000.00,0.416,229,53,4,500000.00,ธุรกิจส่วนตัว,1,ปิดบัญชีแล้ว,15,0
L-24513,2025-01-31,33958.25,0.176,124,52,0,150000.00,อาชีพอิสระ,1,ปกติ,29,0
L-24790,2025-01-31,44022.04,0.272,161,56,2,500000.00,ธุรกิจส่วนตัว,0,ปิดบัญชีแล้ว,20,0
L-25347,2025-01-31,15534.61,0.292,115,53,4,100000.00,ข้าราชการ,1,ปิดบัญชีแล้ว,18,0
L-27514,2025-01-31,31358.61,0.724,4,54,0,150000.00,ข้าราชการ,2,ปิดบัญชีแล้ว,18,0
L-28634,2025-01-31,23946.62,0.371,169,39,1,100000.00,ข้าราชการ,1,ปกติ,27,0
L-28703,2025-01-31,47476.45,0.308,149,27,4,100000.00,พนักงานประจำ,1,ปกติ,18,0
L-29575,2025-01-31,25198.78,0.301,209,47,3,300000.00,ธุรกิจส่วนตัว,2,ปกติ,18,0
L-30120,2025-01-31,66391.76,0.02,40,38,1,300000.00,ข้าราชการ,0,ปกติ,13,0
L-30875,2025-01-31,36547.05,0.242,147,57,3,500000.00,พนักงานประจำ,1,ปกติ,5,0
L-31099,2025-01-31,55227.59,0.437,66,58,0,200000.00,ข้าราชการ,0,ปกติ,25,0
L-31693,2025-01-31,9000.00,0.245,21,45,6,50000.00,ข้าราชการ,0,ปกติ,25,0
L-20777,2025-02-01,38344.34,0.02,107,56,2,200000.00,ธุรกิจส่วนตัว,1,ปกติ,25,0
L-22651,2025-02-01,25847.65,0.256,21,54,3,150000.00,ธุรกิจส่วนตัว,2,ปกติ,30,0
L-23168,2025-02-01,36557.22,0.246,217,54,5,150000.00,ข้าราชการ,0,ปกติ,24,0
L-23255,2025-02-01,23690.47,0.369,232,63,4,500000.00,อาชีพอิสระ,1,ปกติ,15,0
L-23819,2025-02-01,25061.84,0.461,179,55,3,300000.00,พนักงานประจำ,0,ปกติ,27,0
L-24782,2025-02-01,37005.99,0.622,4,56,2,300000.00,อาชีพอิสระ,7,ค้างชำระ,167,1
L-25654,2025-02-01,21897.54,0.261,74,58,6,200000.00,อาชีพอิสระ,1,ปกติ,14,0
L-27743,2025-02-01,9000.00,0.557,200,26,6,300000.00,พนักงานประจำ,1,ปกติ,27,0
L-28053,2025-02-01,24718.83,0.367,165,31,6,200000.00,ธุรกิจส่วนตัว,1,ปกติ,26,0
L-31345,2025-02-01,41799.09,0.327,88,43,3,100000.00,อาชีพอิสระ,1,ปกติ,25,0
L-31542,2025-02-01,33953.92,0.387,156,28,2,100000.00,ธุรกิจส่วนตัว,0,ปกติ,11,0
L-20369,2025-02-02,44247.49,0.205,31,46,2,100000.00,อาชีพอิสระ,1,ปกติ,27,0
L-20513,2025-02-02,47002.51,0.299,235,25,4,500000.00,พนักงานประจำ,0,ปิดบัญชีแล้ว,22,0
L-22125,2025-02-02,26007.04,0.124,58,25,6,300000.00,ข้าราชการ,1,ปกติ,7,0
L-23334,2025-02-02,17168.66,0.38,37,25,5,150000.00,พนักงานประจำ,2,ปกติ,14,0
L-25490,2025-02-02,20526.47,0.071,217,29,0,150000.00,อาชีพอิสระ,1,ปกติ,25,0
L-27705,2025-02-02,46839.31,0.42,138,23,6,100000.00,พนักงานประจำ,1,ปกติ,1,0
L-27737,2025-02-02,16586.47,0.363,43,36,5,300000.00,ข้าราชการ,0,ปกติ,28,0
L-28227,2025-02-02,14782.89,0.262,150,44,5,50000.00,พนักงานประจำ,0,ปกติ,9,0
L-28382,2025-02-02,38882.51,0.537,196,64,6,50000.00,พนักงานประจำ,1,ปกติ,11,0
L-29028,2025-02-02,28333.85,0.327,5,32,0,200000.00,ธุรกิจส่วนตัว,0,ปกติ,26,0
L-29477,2025-02-02,46360.72,0.556,159,29,4,100000.00,ธุรกิจส่วนตัว,0,ปิดบัญชีแล้ว,19,0
L-30134,2025-02-02,43833.02,0.354,167,52,3,300000.00,ธุรกิจส่วนตัว,4,ค้างชำระ,117,1
L-30697,2025-02-02,52147.27,0.203,239,53,2,200000.00,ธุรกิจส่วนตัว,0,ปกติ,13,0
L-31679,2025-02-02,37050.77,0.605,199,58,6,50000.00,ข้าราชการ,1,ปกติ,30,0
L-20063,2025-02-03,34944.15,0.291,16,56,2,300000.00,อาชีพอิสระ,2,ปิดบัญชีแล้ว,15,0
L-20956,2025-02-03,21960.27,0.336,157,25,6,300000.00,พนักงานประจำ,0,ปกติ,26,0
L-21151,2025-02-03,37092.30,0.325,117,32,4,200000.00,ข้าราชการ,0,ปกติ,29,0
L-22310,2025-02-03,40231.14,0.678,226,53,6,500000.00,พนักงานประจำ,0,ปกติ,8,0
L-23644,2025-02-03,38008.31,0.541,154,23,5,500000.00,อาชีพอิสระ,2,ปกติ,10,0
L-23778,2025-02-03,45285.75,0.371,197,35,4,500000.00,พนักงานประจำ,8,ค้างชำระ,60,1
L-25457,2025-02-03,41698.44,0.23,204,50,5,50000.00,อาชีพอิสระ,0,ปกติ,1,0
L-26434,2025-02-03,45254.78,0.329,68,42,0,200000.00,ธุรกิจส่วนตัว,0,ปิดบัญชีแล้ว,2,0
L-26738,2025-02-03,49271.03,0.317,165,63,2,300000.00,พนักงานประจำ,5,ค้างชำระ,121,1
L-28208,2025-02-03,35892.73,0.455,23,60,6,100000.00,อาชีพอิสระ,0,ปกติ,1,0
L-29537,2025-02-03,49201.51,0.753,71,41,3,500000.00,อาชีพอิสระ,2,ปิดบัญชีแล้ว,0,0
L-20114,2025-02-04,44271.85,0.231,16,64,2,50000.00,ธุรกิจส่วนตัว,1,ปกติ,14,0
L-21015,2025-02-04,48003.27,0.481,5,34,6,150000.00,พนักงานประจำ,1,ปิดบัญชีแล้ว,28,0
L-22154,2025-02-04,22775.46,0.176,129,37,1,150000.00,อาชีพอิสระ,1,ปกติ,0,0
L-22335,2025-02-04,60684.04,0.585,70,65,1,50000.00,ข้าราชการ,2,ปิดบัญชีแล้ว,8,0
L-22497,2025-02-04,53545.84,0.593,175,31,6,50000.00,ข้าราชการ,1,ปกติ,23,0
L-23291,2025-02-04,34267.47,0.603,96,64,0,150000.00,ธุรกิจส่วนตัว,2,ปิดบัญชีแล้ว,18,0
L-25790,2025-02-04,30649.60,0.547,5,47,5,200000.00,ธุรกิจส่วนตัว,0,ปกติ,18,0
L-26001,2025-02-04,32096.00,0.706,151,62,4,100000.00,พนักงานประจำ,0,ปกติ,10,0
L-26265,2025-02-04,55506.05,0.099,15,61,0,500000.00,พนักงานประจำ,0,ปกติ,24,0
L-27276,2025-02-04,15623.00,0.365,155,22,3,50000.00,ข้าราชการ,1,ปกติ,1,0
L-27688,2025-02-04,53749.87,0.198,77,39,0,50000.00,อาชีพอิสระ,1,ปกติ,20,0
L-28396,2025-02-04,52998.14,0.02,211,45,3,300000.00,ข้าราชการ,1,ปกติ,17,0
L-28773,2025-02-04,32978.07,0.173,128,25,1,100000.00,พนักงานประจำ,2,ปิดบัญชีแล้ว,11,0
L-30401,2025-02-04,39985.04,0.735,158,56,5,50000.00,ธุรกิจส่วนตัว,10,ค้างชำระ,179,1
L-30403,2025-02-04,40459.99,0.311,84,50,2,100000.00,อาชีพอิสระ,1,ปกติ,5,0
L-30899,2025-02-04,12693.44,0.434,25,61,0,50000.00,ข้าราชการ,2,ปกติ,23,0
L-31962,2025-02-04,28004.04,0.227,91,31,1,50000.00,พนักงานประจำ,0,ปิดบัญชีแล้ว,15,0
L-20256,2025-02-05,33121.99,0.637,120,44,0,200000.00,พนักงานประจำ,10,ค้างชำระ,175,1
L-20931,2025-02-05,19519.61,0.407,158,27,1,300000.00,อาชีพอิสระ,2,ปกติ,3,0
L-21487,2025-02-05,22107.80,0.361,57,45,4,150000.00,พนักงานประจำ,2,ปิดบัญชีแล้ว,16,0
L-22907,2025-02-05,9000.00,0.289,217,51,5,300000.00,อาชีพอิสระ,11,ค้างชำระ,111,1
L-23190,2025-02-05,22342.64,0.223,165,41,5,300000.00,พนักงานประจำ,2,ปกติ,24,0
L-23199,2025-02-05,30389.81,0.208,35,38,6,150000.00,อาชีพอิสระ,1,ปิดบัญชีแล้ว,29,0
L-23726,2025-02-05,48980.50,0.402,25,60,5,300000.00,พนักงานประจำ,0,ปกติ,17,0
L-24225,2025-02-05,50804.08,0.433,211,46,3,50000.00,อาชีพอิสระ,1,ปกติ,28,0
L-24932,2025-02-05,41038.89,0.284,230,65,6,150000.00,อาชีพอิสระ,1,ปกติ,13,0
L-28888,2025-02-05,32672.49,0.49,31,42,3,50000.00,ข้าราชการ,2,ปิดบัญชีแล้ว,16,0
L-29194,2025-02-05,41831.92,0.416,219,38,1,300000.00,พนักงานประจำ,0,ปกติ,4,0
L-29663,2025-02-05,67918.39,0.396,109,45,1,300000.00,ธุรกิจส่วนตัว,2,ปิดบัญชีแล้ว,19,0
L-29937,2025-02-05,39340.36,0.237,6,27,6,100000.00,ธุรกิจส่วนตัว,2,ปกติ,30,0
L-30834,2025-02-05,22929.70,0.094,31,61,6,200000.00,ธุรกิจส่วนตัว,1,ปกติ,30,0
L-30958,2025-02-05,39049.62,0.336,104,56,4,300000.00,ธุรกิจส่วนตัว,0,ปิดบัญชีแล้ว,21,0
L-31208,2025-02-05,23945.35,0.588,47,46,0,300000.00,อาชีพอิสระ,7,ค้างชำระ,54,1
L-20532,2025-02-06,47199.47,0.505,101,53,2,100000.00,ธุรกิจส่วนตัว,2,ปกติ,27,0
L-20838,2025-02-06,27952.68,0.159,103,35,1,200000.00,ข้าราชการ,0,ปิดบัญชีแล้ว,7,0
L-22232,2025-02-06,45899.10,0.115,62,54,4,50000.00,ธุรกิจส่วนตัว,0,ปิดบัญชีแล้ว,6,0
L-22248,2025-02-06,30214.85,0.277,122,50,4,200000.00,ธุรกิจส่วนตัว,9,ค้างชำระ,133,1
L-22458,2025-02-06,16635.21,0.478,204,45,4,300000.00,อาชีพอิสระ,2,ปกติ,26,0
L-22784,2025-02-06,31125.71,0.39,153,26,6,150000.00,พนักงานประจำ,1,ปกติ,11,0
L-22902,2025-02-06,24326.34,0.323,239,30,2,150000.00,ธุรกิจส่วนตัว,0,ปกติ,30,0
L-25170,2025-02-06,41229.58,0.596,91,21,0,100000.00,พนักงานประจำ,4,ค้างชำระ,81,1
L-26244,2025-02-06,32649.36,0.279,203,43,6,200000.00,ข้าราชการ,1,ปิดบัญชีแล้ว,30,0
L-27627,2025-02-06,14562.91,0.556,115,65,5,500000.00,พนักงานประจำ,2,ปกติ,3,0
L-27989,2025-02-06,33788.87,0.36,115,58,4,50000.00,พนักงานประจำ,1,ปกติ,6,0
L-31069,2025-02-06,36065.06,0.338,127,62,4,500000.00,อาชีพอิสระ,0,ปกติ,2,0
L-21074,2025-02-07,9000.00,0.302,179,55,3,50000.00,อาชีพอิสระ,0,ปิดบัญชีแล้ว,30,0
L-22107,2025-02-07,40695.32,0.865,93,48,3,200000.00,พนักงานประจำ,2,ปกติ,30,0
L-22211,2025-02-07,54657.79,0.203,101,52,4,200000.00,ธุรกิจส่วนตัว,0,ปกติ,19,0
L-22569,2025-02-07,27170.91,0.491,67,45,5,500000.00,อาชีพอิสระ,2,ปิดบัญชีแล้ว,17,0
L-23004,2025-02-07,51489.22,0.335,99,38,2,100000.00,ธุรกิจส่วนตัว,1,ปกติ,21,0
L-23440,2025-02-07,49534.18,0.556,233,31,1,100000.00,พนักงานประจำ,11,ค้างชำระ,132,1
L-24026,2025-02-07,30105.54,0.489,209,48,4,200000.00,ข้าราชการ,2,ปิดบัญชีแล้ว,22,0
L-24342,2025-02-07,12199.23,0.507,35,46,1,200000.00,พนักงานประจำ,2,ปิดบัญชีแล้ว,10,0
L-24593,2025-02-07,38997.61,0.305,129,46,6,100000.00,ธุรกิจส่วนตัว,4,ค้างชำระ,109,1
L-24674,2025-02-07,45430.56,0.349,207,41,5,500000.00,อาชีพอิสระ,1,ปกติ,11,0
L-27661,2025-02-07,15683.79,0.305,50,57,4,500000.00,ข้าราชการ,5,ค้างชำระ,163,1
L-28664,2025-02-07,20065.85,0.528,5,32,6,200000.00,อาชีพอิสระ,1,ปกติ,26,0
L-30074,2025-02-07,22821.47,0.125,149,39,1,500000.00,ข้าราชการ,1,ปิดบัญชีแล้ว,3,0
L-30889,2025-02-07,20386.31,0.411,170,27,1,300000.00,ธุรกิจส่วนตัว,1,ปกติ,11,0
L-30979,2025-02-07,61523.65,0.163,33,24,1,100000.00,ข้าราชการ,2,ปกติ,3,0
L-20023,2025-02-08,21024.38,0.02,35,41,5,150000.00,พนักงานประจำ,1,ปกติ,29,0
L-24903,2025-02-08,34484.65,0.217,51,50,3,500000.00,ข้าราชการ,0,ปกติ,12,0
L-28637,2025-02-08,55269.41,0.469,180,60,1,100000.00,พนักงานประจำ,1,ปกติ,18,0
L-28741,2025-02-08,19666.81,0.658,180,61,1,50000.00,อาชีพอิสระ,1,ปกติ,2,0
L-29561,2025-02-08,29615.55,0.2,186,63,4,500000.00,อาชีพอิสระ,1,ปิดบัญชีแล้ว,24,0
L-30622,2025-02-08,39307.01,0.437,237,34,0,200000.00,อาชีพอิสระ,14,ค้างชำระ,121,1
L-31137,2025-02-08,48835.54,0.196,88,60,5,150000.00,ธุรกิจส่วนตัว,0,ปกติ,13,0
L-31909,2025-02-08,9850.22,0.743,187,48,6,500000.00,ธุรกิจส่วนตัว,0,ปิดบัญชีแล้ว,27,0
L-20004,2025-02-09,9000.00,0.27,228,29,5,300000.00,ธุรกิจส่วนตัว,2,ปกติ,5,0
L-22424,2025-02-09,13807.08,0.562,213,36,6,200000.00,พนักงานประจำ,1,ปิดบัญชีแล้ว,0,0
L-22470,2025-02-09,38378.73,0.339,133,34,1,50000.00,อาชีพอิสระ,2,ปกติ,11,0
L-22525,2025-02-09,55613.61,0.413,177,62,1,100000.00,พนักงานประจำ,2,ปกติ,24,0
L-23252,2025-02-09,32454.99,0.107,41,47,4,150000.00,ข้าราชการ,11,ค้างชำระ,149,1
L-24283,2025-02-09,16425.84,0.527,104,30,2,300000.00,พนักงานประจำ,12,ค้างชำระ,105,1
L-25826,2025-02-09,22695.93,0.275,6,62,3,200000.00,ธุรกิจส่วนตัว,2,ปกติ,27,0
L-26836,2025-02-09,12928.99,0.554,50,63,3,500000.00,อาชีพอิสระ,9,ค้างชำระ,141,1
L-27052,2025-02-09,31411.00,0.059,224,41,6,300000.00,อาชีพอิสระ,1,ปิดบัญชีแล้ว,14,0
L-27539,2025-02-09,51155.60,0.348,235,42,1,200000.00,ข้าราชการ,0,ปกติ,20,0
L-28939,2025-02-09,60952.95,0.566,84,64,3,500000.00,พนักงานประจำ,1,ปกติ,1,0
L-28952,2025-02-09,54724.45,0.453,142,48,6,100000.00,ธุรกิจส่วนตัว,0,ปกติ,28,0
L-29601,2025-02-09,38228.56,0.729,96,57,0,50000.00,ข้าราชการ,2,ปิดบัญชีแล้ว,5,0
L-26340,2025-02-10,36664.17,0.462,154,22,2,50000.00,พนักงานประจำ,2,ปกติ,3,0
L-26988,2025-02-10,27440.14,0.339,202,35,5,500000.00,อาชีพอิสระ,1,ปกติ,8,0
L-27195,2025-02-10,25960.52,0.323,136,35,0,500000.00,อาชีพอิสระ,0,ปกติ,10,0
L-28986,2025-02-10,21696.59,0.134,116,58,1,100000.00,พนักงานประจำ,0,ปกติ,24,0
L-20548,2025-02-11,50068.51,0.352,116,30,0,200000.00,ข้าราชการ,2,ปกติ,28,0
L-20695,2025-02-11,33219.32,0.402,201,24,6,300000.00,ข้าราชการ,3,ค้างชำระ,112,1
L-20805,2025-02-11,29137.72,0.472,56,34,0,200000.00,อาชีพอิสระ,8,ค้างชำระ,149,1
L-21484,2025-02-11,11960.36,0.062,100,59,2,150000.00,พนักงานประจำ,0,ปกติ,10,0
L-24412,2025-02-11,15198.76,0.402,43,43,3,200000.00,อาชีพอิสระ,0,ปิดบัญชีแล้ว,15,0
L-25569,2025-02-11,14213.24,0.118,176,38,3,150000.00,ธุรกิจส่วนตัว,1,ปกติ,11,0
L-27469,2025-02-11,22269.71,0.274,64,59,6,50000.00,พนักงานประจำ,1,ปกติ,7,0
L-27826,2025-02-11,20438.04,0.428,106,23,3,150000.00,อาชีพอิสระ,1,ปกติ,16,0
L-20470,2025-02-12,31132.43,0.371,233,31,5,500000.00,ธุรกิจส่วนตัว,6,ค้างชำระ,138,1
L-22768,2025-02-12,40342.48,0.565,50,60,4,300000.00,พนักงานประจำ,0,ปกติ,9,0
L-23836,2025-02-12,29562.66,0.196,41,32,2,300000.00,พนักงานประจำ,1,ปกติ,5,0
L-23951,2025-02-12,35212.70,0.296,136,24,0,150000.00,ข้าราชการ,0,ปกติ,14,0
L-25003,2025-02-12,38178.65,0.42,151,65,0,150000.00,พนักงานประจำ,0,ปิดบัญชีแล้ว,19,0
L-25178,2025-02-12,43289.58,0.5,183,50,0,500000.00,อาชีพอิสระ,2,ปกติ,14,0
L-25743,2025-02-12,22231.23,0.357,204,55,1,150000.00,ธุรกิจส่วนตัว,2,ปิดบัญชีแล้ว,26,0
L-27427,2025-02-12,30103.24,0.402,141,32,2,500000.00,พนักงานประจำ,11,ค้างชำระ,83,1
L-29106,2025-02-12,36104.70,0.151,150,35,0,50000.00,อาชีพอิสระ,2,ปกติ,27,0
L-31378,2025-02-12,13851.28,0.273,50,32,4,200000.00,ธุรกิจส่วนตัว,1,ปกติ,26,0
L-31591,2025-02-12,41659.82,0.64,122,29,3,150000.00,อาชีพอิสระ,4,ค้างชำระ,115,1
L-20076,2025-02-13,44984.91,0.123,184,28,2,500000.00,อาชีพอิสระ,0,ปกติ,10,0
L-20795,2025-02-13,25790.18,0.227,159,37,3,300000.00,ธุรกิจส่วนตัว,1,ปกติ,25,0
L-21252,2025-02-13,28802.32,0.271,20,38,6,50000.00,ธุรกิจส่วนตัว,6,ค้างชำระ,78,1
L-22549,2025-02-13,26199.99,0.02,227,29,2,100000.00,ธุรกิจส่วนตัว,0,ปกติ,4,0
L-25155,2025-02-13,21545.61,0.364,239,37,2,500000.00,อาชีพอิสระ,0,ปกติ,22,0
L-25296,2025-02-13,45778.79,0.142,32,45,2,100000.00,พนักงานประจำ,2,ปกติ,30,0
L-25736,2025-02-13,20797.70,0.373,154,46,2,50000.00,ธุรกิจส่วนตัว,0,ปกติ,22,0
L-26611,2025-02-13,37710.10,0.433,215,56,5,150000.00,พนักงานประจำ,2,ปิดบัญชีแล้ว,17,0
L-27787,2025-02-13,47703.82,0.118,229,28,5,150000.00,อาชีพอิสระ,0,ปิดบัญชีแล้ว,10,0
L-28682,2025-02-13,30487.63,0.052,108,56,4,300000.00,ข้าราชการ,0,ปกติ,8,0
L-29266,2025-02-13,24781.51,0.351,94,30,3,150000.00,อาชีพอิสระ,2,ปกติ,17,0
L-31108,2025-02-13,32867.69,0.593,89,46,5,200000.00,ธุรกิจส่วนตัว,0,ปิดบัญชีแล้ว,0,0
L-31388,2025-02-13,24264.99,0.5,65,58,6,500000.00,อาชีพอิสระ,2,ปิดบัญชีแล้ว,30,0
L-20198,2025-02-14,24284.69,0.502,195,43,1,300000.00,พนักงานประจำ,1,ปกติ,16,0
L-20990,2025-02-14,13710.42,0.221,99,65,4,50000.00,ธุรกิจส่วนตัว,2,ปิดบัญชีแล้ว,18,0
L-21087,2025-02-14,10196.56,0.099,175,37,1,300000.00,พนักงานประจำ,0,ปกติ,4,0
L-22265,2025-02-14,40327.80,0.15,1,42,1,100000.00,พนักงานประจำ,2,ปกติ,14,0
L-22483,2025-02-14,25387.12,0.02,36,46,0,500000.00,อาชีพอิสระ,2,ปกติ,8,0
L-22610,2025-02-14,38891.31,0.526,24,21,4,100000.00,พนักงานประจำ,1,ปิดบัญชีแล้ว,11,0
L-23122,2025-02-14,26021.45,0.02,12,28,1,150000.00,อาชีพอิสระ,0,ปกติ,7,0
L-23640,2025-02-14,27675.36,0.354,224,64,5,50000.00,ข้าราชการ,2,ปกติ,10,0
L-24889,2025-02-14,59829.78,0.518,177,44,1,200000.00,ข้าราชการ,0,ปิดบัญชีแล้ว,11,0
L-26221,2025-02-14,23700.21,0.45,29,63,1,50000.00,อาชีพอิสระ,2,ปกติ,26,0
L-26509,2025-02-14,38534.50,0.193,165,24,2,50000.00,อาชีพอิสระ,2,ปกติ,30,0
L-26575,2025-02-14,30574.36,0.384,16,29,5,100000.00,ข้าราชการ,1,ปกติ,13,0
L-27093,2025-02-14,42473.04,0.25,97,50,6,200000.00,ธุรกิจส่วนตัว,12,ค้างชำระ,150,1
L-28216,2025-02-14,49833.90,0.115,64,49,0,150000.00,ธุรกิจส่วนตัว,2,ปิดบัญชีแล้ว,8,0
L-29606,2025-02-14,42591.57,0.423,142,42,6,200000.00,ข้าราชการ,0,ปกติ,23,0
L-30116,2025-02-14,31059.90,0.02,27,39,1,300000.00,พนักงานประจำ,2,ปกติ,15,0
L-31468,2025-02-14,33178.85,0.445,150,27,2,300000.00,พนักงานประจำ,1,ปกติ,4,0
L-31655,2025-02-14,40936.20,0.214,225,21,5,200000.00,พนักงานประจำ,2,ปกติ,5,0
L-20036,2025-02-15,28539.68,0.099,123,45,5,50000.00,อาชีพอิสระ,0,ปกติ,4,0
L-22297,2025-02-15,52923.53,0.02,134,62,6,300000.00,ข้าราชการ,2,ปิดบัญชีแล้ว,22,0
L-23895,2025-02-15,17224.00,0.378,110,55,0,200000.00,พนักงานประจำ,2,ปกติ,14,0
L-24332,2025-02-15,25318.56,0.02,153,31,6,200000.00,อาชีพอิสระ,1,ปิดบัญชีแล้ว,23,0
L-25767,2025-02-15,11544.05,0.324,229,31,3,50000.00,ธุรกิจส่วนตัว,2,ปกติ,25,0
L-27268,2025-02-15,23298.27,0.188,179,24,0,200000.00,อาชีพอิสระ,2,ปกติ,14,0
L-27407,2025-02-15,16569.30,0.848,183,40,1,300000.00,ธุรกิจส่วนตัว,1,ปกติ,16,0
L-27819,2025-02-15,46436.60,0.196,100,41,2,300000.00,อาชีพอิสระ,0,ปกติ,28,0
L-28539,2025-02-15,39153.10,0.191,69,24,2,300000.00,ธุรกิจส่วนตัว,0,ปกติ,9,0
L-28909,2025-02-15,38888.64,0.435,22,55,3,150000.00,ข้าราชการ,10,ค้างชำระ,165,1
L-28961,2025-02-15,50532.03,0.649,43,30,0,300000.00,ธุรกิจส่วนตัว,0,ปกติ,0,0
L-29051,2025-02-15,47481.82,0.282,175,56,0,200000.00,ธุรกิจส่วนตัว,2,ปกติ,14,0
L-29994,2025-02-15,45532.37,0.651,75,49,4,50000.00,ธุรกิจส่วนตัว,2,ปิดบัญชีแล้ว,27,0
L-30377,2025-02-15,30098.36,0.508,240,51,4,150000.00,อาชีพอิสระ,1,ปกติ,0,0
L-31806,2025-02-15,52706.55,0.428,234,36,4,100000.00,ข้าราชการ,0,ปกติ,26,0
L-20098,2025-02-16,26544.67,0.388,6,55,0,50000.00,ข้าราชการ,2,ปกติ,16,0
L-21034,2025-02-16,35185.41,0.51,113,59,1,50000.00,ธุรกิจส่วนตัว,0,ปกติ,16,0
L-22928,2025-02-16,49827.05,0.146,44,37,4,100000.00,อาชีพอิสระ,2,ปกติ,24,0
L-24007,2025-02-16,41414.23,0.49,122,46,1,150000.00,พนักงานประจำ,0,ปกติ,16,0
L-24370,2025-02-16,37334.39,0.515,75,44,2,500000.00,พนักงานประจำ,1,ปกติ,3,0
L-25344,2025-02-16,32897.60,0.348,120,35,6,200000.00,อาชีพอิสระ,0,ปกติ,30,0
L-25742,2025-02-16,49588.05,0.563,64,47,2,300000.00,ข้าราชการ,2,ปกติ,3,0
L-26889,2025-02-16,31685.00,0.474,30,47,4,50000.00,ธุรกิจส่วนตัว,0,ปกติ,10,0
L-29025,2025-02-16,21255.31,0.344,94,56,6,500000.00,อาชีพอิสระ,4,ค้างชำระ,171,1
L-29917,2025-02-16,31322.59,0.147,64,36,3,300000.00,พนักงานประจำ,2,ปกติ,20,0
L-30339,2025-02-16,43593.39,0.563,69,22,0,200000.00,ธุรกิจส่วนตัว,0,ปิดบัญชีแล้ว,22,0
L-30356,2025-02-16,55385.23,0.152,119,45,6,50000.00,ธุรกิจส่วนตัว,1,ปกติ,17,0
L-30801,2025-02-16,20020.85,0.02,89,48,1,100000.00,พนักงานประจำ,1,ปิดบัญชีแล้ว,26,0
L-31229,2025-02-16,25697.24,0.422,139,56,4,500000.00,อาชีพอิสระ,2,ปกติ,0,0
L-20033,2025-02-17,41088.21,0.202,40,62,1,300000.00,ข้าราชการ,0,ปกติ,25,0
L-20824,2025-02-17,12866.31,0.419,129,59,4,200000.00,อาชีพอิสระ,0,ปกติ,20,0
L-22737,2025-02-17,29286.94,0.463,31,54,0,500000.00,อาชีพอิสระ,0,ปิดบัญชีแล้ว,25,0
L-25711,2025-02-17,28834.60,0.082,214,58,2,500000.00,อาชีพอิสระ,2,ปกติ,6,0
L-28235,2025-02-17,22944.65,0.632,146,51,6,100000.00,ข้าราชการ,2,ปิดบัญชีแล้ว,20,0
L-29083,2025-02-17,9000.00,0.471,80,48,6,200000.00,ข้าราชการ,1,ปกติ,3,0
L-30117,2025-02-17,35857.02,0.525,124,21,6,500000.00,ข้าราชการ,0,ปิดบัญชีแล้ว,24,0
L-31747,2025-02-17,43650.58,0.441,24,50,4,150000.00,พนักงานประจำ,2,ปกติ,15,0
L-21156,2025-02-18,9000.00,0.443,31,42,2,200000.00,ข้าราชการ,13,ค้างชำระ,69,1
L-21173,2025-02-18,25656.31,0.432,84,50,0,50000.00,ธุรกิจส่วนตัว,1,ปกติ,30,0
L-21807,2025-02-18,40505.71,0.326,71,46,1,50000.00,ข้าราชการ,1,ปิดบัญชีแล้ว,9,0
L-21882,2025-02-18,43664.31,0.385,170,21,1,500000.00,ข้าราชการ,2,ปกติ,24,0
L-22034,2025-02-18,32003.13,0.48,182,54,1,500000.00,ข้าราชการ,1,ปกติ,6,0
L-22093,2025-02-18,28479.61,0.319,156,46,6,500000.00,พนักงานประจำ,1,ปกติ,15,0
L-22209,2025-02-18,52832.59,0.293,232,21,5,300000.00,อาชีพอิสระ,0,ปิดบัญชีแล้ว,27,0
L-23272,2025-02-18,13820.78,0.498,160,31,3,500000.00,พนักงานประจำ,1,ปกติ,14,0
L-23718,2025-02-18,35513.57,0.374,164,21,1,300000.00,อาชีพอิสระ,1,ปกติ,7,0
L-24358,2025-02-18,26206.50,0.79,74,44,0,150000.00,ข้าราชการ,0,ปิดบัญชีแล้ว,22,0
L-25729,2025-02-18,29724.20,0.2,104,45,1,100000.00,อาชีพอิสระ,0,ปกติ,13,0
L-26855,2025-02-18,53175.14,0.211,136,27,6,300000.00,ธุรกิจส่วนตัว,2,ปกติ,6,0
L-29613,2025-02-18,43741.10,0.554,79,27,3,300000.00,พนักงานประจำ,2,ปกติ,12,0
L-30209,2025-02-18,20997.37,0.249,203,40,4,150000.00,พนักงานประจำ,0,ปกติ,6,0
L-30670,2025-02-18,25524.29,0.229,225,55,4,200000.00,ธุรกิจส่วนตัว,2,ปกติ,28,0
L-21861,2025-02-19,48547.67,0.582,231,25,6,500000.00,อาชีพอิสระ,0,ปกติ,4,0
L-23510,2025-02-19,20126.82,0.328,195,39,5,300000.00,พนักงานประจำ,2,ปกติ,1,0
L-23627,2025-02-19,52649.44,0.185,154,58,2,200000.00,ธุรกิจส่วนตัว,1,ปิดบัญชีแล้ว,28,0
L-24947,2025-02-19,23854.54,0.644,207,46,6,300000.00,อาชีพอิสระ,2,ปกติ,13,0
L-25129,2025-02-19,38625.33,0.245,82,64,0,150000.00,พนักงานประจำ,2,ปกติ,23,0
L-25492,2025-02-19,20751.21,0.489,110,24,0,100000.00,พนักงานประจำ,13,ค้างชำระ,160,1
L-27566,2025-02-19,40100.06,0.46,175,48,2,150000.00,อาชีพอิสระ,1,ปกติ,21,0
L-28456,2025-02-19,35091.64,0.394,222,52,5,150000.00,พนักงานประจำ,2,ปิดบัญชีแล้ว,19,0
L-28556,2025-02-19,22312.32,0.543,124,32,1,200000.00,อาชีพอิสระ,0,ปิดบัญชีแล้ว,12,0
L-28561,2025-02-19,9000.00,0.607,170,46,0,300000.00,อาชีพอิสระ,1,ปิดบัญชีแล้ว,30,0
L-29151,2025-02-19,42330.15,0.332,229,25,5,150000.00,อาชีพอิสระ,1,ปิดบัญชีแล้ว,18,0
L-29787,2025-02-19,49775.00,0.337,110,53,6,500000.00,อาชีพอิสระ,0,ปกติ,16,0
L-30500,2025-02-19,14956.70,0.212,119,58,6,500000.00,พนักงานประจำ,2,ปกติ,22,0
L-30698,2025-02-19,55171.83,0.568,227,30,1,100000.00,ข้าราชการ,0,ปกติ,29,0
L-22797,2025-02-20,13373.44,0.437,5,24,2,50000.00,อาชีพอิสระ,0,ปกติ,12,0
L-23695,2025-02-20,14589.62,0.594,31,56,0,150000.00,พนักงานประจำ,2,ปิดบัญชีแล้ว,29,0
L-25190,2025-02-20,46618.95,0.375,156,29,4,300000.00,อาชีพอิสระ,2,ปิดบัญชีแล้ว,12,0
L-25521,2025-02-20,9021.29,0.428,216,26,2,300000.00,ธุรกิจส่วนตัว,0,ปกติ,17,0
L-28958,2025-02-20,22140.91,0.568,68,41,5,200000.00,อาชีพอิสระ,4,ค้างชำระ,58,1
L-29079,2025-02-20,25272.77,0.531,109,65,5,500000.00,อาชีพอิสระ,12,ค้างชำระ,89,1
L-29777,2025-02-20,43874.58,0.394,164,51,3,200000.00,อาชีพอิสระ,6,ค้างชำระ,84,1
L-30552,2025-02-20,39250.19,0.13,17,42,0,500000.00,พนักงานประจำ,0,ปกติ,9,0
L-20230,2025-02-21,9000.00,0.456,185,22,0,500000.00,พนักงานประจำ,2,ปกติ,30,0
L-20567,2025-02-21,24843.54,0.368,164,63,1,500000.00,ข้าราชการ,1,ปิดบัญชีแล้ว,16,0
L-21855,2025-02-21,13969.25,0.551,214,41,6,500000.00,ธุรกิจส่วนตัว,0,ปิดบัญชีแล้ว,27,0
L-24452,2025-02-21,25157.77,0.177,92,23,1,150000.00,พนักงานประจำ,1,ปิดบัญชีแล้ว,25,0
L-26419,2025-02-21,41797.42,0.209,70,49,2,100000.00,ข้าราชการ,0,ปกติ,22,0
L-28781,2025-02-21,33525.12,0.238,54,32,2,150000.00,ข้าราชการ,0,ปิดบัญชีแล้ว,14,0
L-29862,2025-02-21,42112.12,0.696,42,63,6,150000.00,พนักงานประจำ,12,ค้างชำระ,127,1
L-30819,2025-02-21,12277.39,0.5,66,30,0,300000.00,ข้าราชการ,1,ปกติ,16,0
L-20691,2025-02-22,35269.04,0.602,97,48,3,100000.00,พนักงานประจำ,1,ปกติ,28,0
L-21361,2025-02-22,24437.48,0.262,178,39,2,100000.00,อาชีพอิสระ,1,ปกติ,0,0
L-21511,2025-02-22,26989.81,0.472,72,64,2,100000.00,อาชีพอิสระ,1,ปกติ,26,0
L-21941,2025-02-22,27530.46,0.28,19,23,5,300000.00,อาชีพอิสระ,2,ปกติ,0,0
L-22094,2025-02-22,33543.29,0.455,35,25,1,200000.00,พนักงานประจำ,2,ปกติ,15,0
L-24731,2025-02-22,42725.20,0.558,54,53,4,150000.00,พนักงานประจำ,2,ปิดบัญชีแล้ว,20,0
L-24812,2025-02-22,43148.70,0.351,141,65,0,300000.00,อาชีพอิสระ,0,ปกติ,8,0
L-24841,2025-02-22,39128.90,0.528,176,26,4,300000.00,พนักงานประจำ,2,ปิดบัญชีแล้ว,5,0
L-24862,2025-02-22,20453.61,0.254,141,41,2,50000.00,อาชีพอิสระ,2,ปิดบัญชีแล้ว,24,0
L-25523,2025-02-22,27359.56,0.658,71,64,6,500000.00,อาชีพอิสระ,13,ค้างชำระ,178,1
L-26072,2025-02-22,9000.00,0.453,178,23,1,500000.00,พนักงานประจำ,2,ปกติ,8,0
L-27220,2025-02-22,9000.00,0.335,90,27,0,300000.00,ข้าราชการ,2,ปกติ,7,0
L-27714,2025-02-22,40669.03,0.144,146,35,4,150000.00,ธุรกิจส่วนตัว,0,ปิดบัญชีแล้ว,18,0
L-27827,2025-02-22,31818.05,0.255,138,61,1,150000.00,อาชีพอิสระ,4,ค้างชำระ,72,1
L-30355,2025-02-22,41116.02,0.342,135,26,3,500000.00,ธุรกิจส่วนตัว,11,ค้างชำระ,72,1
L-30481,2025-02-22,21913.51,0.109,103,65,0,150000.00,อาชีพอิสระ,2,ปิดบัญชีแล้ว,3,0
L-30920,2025-02-22,21366.23,0.4,27,39,6,100000.00,ธุรกิจส่วนตัว,1,ปกติ,8,0
L-31063,2025-02-22,31868.88,0.351,1,48,5,150000.00,ธุรกิจส่วนตัว,1,ปกติ,8,0
L-31128,2025-02-22,36662.58,0.49,30,63,6,100000.00,ธุรกิจส่วนตัว,0,ปกติ,18,0
L-31226,2025-02-22,35861.91,0.333,104,51,6,100000.00,อาชีพอิสระ,0,ปิดบัญชีแล้ว,7,0
L-21038,2025-02-23,58791.00,0.419,178,49,6,500000.00,พนักงานประจำ,0,ปกติ,18,0
L-21479,2025-02-23,22952.03,0.574,169,49,5,200000.00,พนักงานประจำ,1,ปกติ,20,0
L-21975,2025-02-23,25388.08,0.554,204,39,5,200000.00,พนักงานประจำ,1,ปกติ,21,0
L-24041,2025-02-23,15011.35,0.482,49,21,3,100000.00,ข้าราชการ,0,ปกติ,7,0
L-27963,2025-02-23,33764.33,0.435,42,32,3,300000.00,พนักงานประจำ,0,ปกติ,18,0
L-30011,2025-02-23,44714.58,0.619,20,56,3,300000.00,ข้าราชการ,13,ค้างชำระ,170,1
L-31025,2025-02-23,9000.00,0.332,109,54,5,100000.00,ข้าราชการ,0,ปกติ,1,0
L-31652,2025-02-23,46040.26,0.363,58,56,1,50000.00,ธุรกิจส่วนตัว,0,ปกติ,8,0
L-20630,2025-02-24,27801.93,0.457,193,43,0,500000.00,ข้าราชการ,0,ปกติ,1,0
L-21543,2025-02-24,19678.45,0.18,161,48,1,300000.00,พนักงานประจำ,2,ปกติ,5,0
L-21583,2025-02-24,45030.51,0.381,216,46,6,50000.00,ข้าราชการ,0,ปกติ,21,0
L-22520,2025-02-24,30106.01,0.488,142,64,2,500000.00,ธุรกิจส่วนตัว,14,ค้างชำระ,166,1
L-22834,2025-02-24,45121.82,0.319,123,31,5,200000.00,พนักงานประจำ,0,ปกติ,24,0
L-25641,2025-02-24,20740.00,0.181,194,22,2,150000.00,อาชีพอิสระ,1,ปกติ,30,0
L-25845,2025-02-24,47626.67,0.336,67,46,1,150000.00,พนักงานประจำ,1,ปกติ,23,0
L-26600,2025-02-24,9000.00,0.373,157,42,3,50000.00,ธุรกิจส่วนตัว,2,ปิดบัญชีแล้ว,10,0
L-26800,2025-02-24,40014.91,0.509,192,34,4,300000.00,ธุรกิจส่วนตัว,0,ปกติ,12,0
L-29932,2025-02-24,54787.51,0.471,45,28,4,50000.00,ข้าราชการ,12,ค้างชำระ,127,1
L-30868,2025-02-24,60133.94,0.02,15,52,3,100000.00,พนักงานประจำ,1,ปกติ,19,0
L-21207,2025-02-25,27128.10,0.403,68,50,6,100000.00,พนักงานประจำ,1,ปิดบัญชีแล้ว,25,0
L-21223,2025-02-25,47841.30,0.595,107,38,0,200000.00,อาชีพอิสระ,0,ปกติ,2,0
L-21779,2025-02-25,14183.28,0.463,1,52,5,300000.00,ข้าราชการ,0,ปิดบัญชีแล้ว,20,0
L-23779,2025-02-25,50315.03,0.593,53,60,0,500000.00,ธุรกิจส่วนตัว,2,ปกติ,5,0
L-24057,2025-02-25,16417.51,0.302,206,27,1,500000.00,ธุรกิจส่วนตัว,1,ปกติ,0,0
L-24150,2025-02-25,50154.44,0.46,153,21,3,50000.00,ธุรกิจส่วนตัว,0,ปกติ,1,0
L-24273,2025-02-25,44614.72,0.475,173,52,1,100000.00,ธุรกิจส่วนตัว,0,ปกติ,4,0
L-24425,2025-02-25,52636.67,0.547,11,26,1,500000.00,อาชีพอิสระ,1,ปกติ,18,0
L-28246,2025-02-25,40143.46,0.481,221,42,1,200000.00,ข้าราชการ,2,ปิดบัญชีแล้ว,20,0
L-29347,2025-02-25,20688.22,0.1,97,46,4,200000.00,ธุรกิจส่วนตัว,1,ปิดบัญชีแล้ว,11,0
L-31506,2025-02-25,26755.90,0.02,106,32,4,50000.00,ข้าราชการ,0,ปิดบัญชีแล้ว,13,0
L-31512,2025-02-25,9006.44,0.02,144,43,0,300000.00,อาชีพอิสระ,1,ปกติ,25,0
L-20415,2025-02-26,22024.36,0.461,105,39,6,150000.00,พนักงานประจำ,2,ปกติ,18,0
L-21136,2025-02-26,50577.21,0.61,146,30,6,200000.00,ข้าราชการ,2,ปิดบัญชีแล้ว,27,0
L-25356,2025-02-26,39010.71,0.359,4,25,3,100000.00,พนักงานประจำ,11,ค้างชำระ,92,1
L-25441,2025-02-26,15440.98,0.363,185,55,1,500000.00,ธุรกิจส่วนตัว,0,ปกติ,26,0
L-26102,2025-02-26,23176.66,0.613,228,41,2,200000.00,ข้าราชการ,2,ปกติ,25,0
L-26915,2025-02-26,35299.16,0.239,212,30,5,50000.00,อาชีพอิสระ,2,ปกติ,13,0
L-29325,2025-02-26,9000.00,0.455,0,38,0,150000.00,อาชีพอิสระ,0,ปกติ,19,0
L-30909,2025-02-26,24611.22,0.461,14,22,2,500000.00,พนักงานประจำ,2,ปกติ,5,0
L-31764,2025-02-26,9408.54,0.486,0,41,2,300000.00,อาชีพอิสระ,1,ปกติ,27,0
L-20330,2025-02-27,17633.34,0.366,20,57,4,200000.00,อาชีพอิสระ,0,ปกติ,21,0
L-21884,2025-02-27,20590.57,0.261,219,43,1,100000.00,อาชีพอิสระ,1,ปกติ,17,0
L-24581,2025-02-27,42820.94,0.279,171,45,6,150000.00,อาชีพอิสระ,2,ปกติ,0,0
L-26353,2025-02-27,32640.26,0.364,214,31,5,200000.00,ธุรกิจส่วนตัว,0,ปกติ,29,0
L-26572,2025-02-27,20757.82,0.65,68,56,2,500000.00,พนักงานประจำ,2,ปิดบัญชีแล้ว,23,0
L-28503,2025-02-27,54085.64,0.465,50,30,0,50000.00,ข้าราชการ,2,ปกติ,19,0
L-28622,2025-02-27,42841.71,0.354,199,34,0,50000.00,อาชีพอิสระ,0,ปิดบัญชีแล้ว,7,0
L-30098,2025-02-27,17407.53,0.608,127,34,2,100000.00,ข้าราชการ,1,ปิดบัญชีแล้ว,20,0
L-31239,2025-02-27,36884.52,0.373,162,47,1,500000.00,อาชีพอิสระ,0,ปกติ,27,0
L-31374,2025-02-27,35799.26,0.354,147,57,6,200000.00,ธุรกิจส่วนตัว,2,ปิดบัญชีแล้ว,0,0
L-31944,2025-02-27,36029.20,0.265,153,27,2,100000.00,ธุรกิจส่วนตัว,0,ปกติ,20,0
L-20234,2025-02-28,39182.05,0.188,79,63,4,150000.00,อาชีพอิสระ,2,ปกติ,18,0
L-20461,2025-02-28,24981.53,0.774,52,44,2,50000.00,ธุรกิจส่วนตัว,7,ค้างชำระ,75,1
L-21850,2025-02-28,16547.58,0.294,147,54,3,500000.00,อาชีพอิสระ,1,ปิดบัญชีแล้ว,20,0
L-23109,2025-02-28,44331.56,0.445,98,34,4,50000.00,ธุรกิจส่วนตัว,2,ปกติ,16,0
L-23455,2025-02-28,13537.80,0.538,8,29,2,300000.00,ธุรกิจส่วนตัว,1,ปิดบัญชีแล้ว,0,0
L-23721,2025-02-28,43706.87,0.519,207,38,6,300000.00,ธุรกิจส่วนตัว,0,ปกติ,3,0
L-25326,2025-02-28,37390.14,0.426,223,33,5,150000.00,ข้าราชการ,2,ปกติ,12,0
L-26493,2025-02-28,28596.06,0.378,64,43,6,150000.00,ธุรกิจส่วนตัว,1,ปกติ,23,0
L-27252,2025-02-28,31101.93,0.688,85,50,2,100000.00,พนักงานประจำ,14,ค้างชำระ,69,1
L-29794,2025-02-28,27856.38,0.178,240,58,5,200000.00,อาชีพอิสระ,2,ปกติ,1,0
L-29903,2025-02-28,42673.21,0.185,78,51,5,500000.00,ธุรกิจส่วนตัว,0,ปิดบัญชีแล้ว,29,0
L-30061,2025-02-28,27072.41,0.454,8,36,6,100000.00,พนักงานประจำ,0,ปกติ,10,0
L-30604,2025-02-28,39093.87,0.348,213,38,2,50000.00,ธุรกิจส่วนตัว,1,ปกติ,19,0
L-31681,2025-02-28,39385.59,0.657,173,50,1,300000.00,ข้าราชการ,13,ค้างชำระ,65,1
L-20307,2025-03-01,32247.95,0.055,99,45,1,200000.00,ข้าราชการ,0,ปิดบัญชีแล้ว,25,0
L-22692,2025-03-01,33639.85,0.95,237,43,3,200000.00,ธุรกิจส่วนตัว,1,ปกติ,24,0
L-23777,2025-03-01,9834.84,0.595,0,31,0,150000.00,อาชีพอิสระ,0,ปกติ,6,0
L-23911,2025-03-01,49463.00,0.179,105,44,4,200000.00,ธุรกิจส่วนตัว,0,ปกติ,30,0
L-28435,2025-03-01,27689.30,0.038,154,25,1,50000.00,พนักงานประจำ,1,ปิดบัญชีแล้ว,10,0
L-28806,2025-03-01,61988.83,0.385,32,60,1,500000.00,พนักงานประจำ,2,ปกติ,23,0
L-29534,2025-03-01,35756.03,0.75,3,37,0,100000.00,พนักงานประจำ,2,ปกติ,0,0
L-30316,2025-03-01,51558.72,0.135,9,47,0,500000.00,ข้าราชการ,0,ปกติ,18,0
L-31309,2025-03-01,53055.58,0.541,76,51,2,150000.00,พนักงานประจำ,2,ปกติ,9,0
L-20935,2025-03-02,36238.69,0.46,104,53,5,150000.00,ข้าราชการ,2,ปกติ,28,0
L-21944,2025-03-02,41407.98,0.296,181,47,1,300000.00,ข้าราชการ,0,ปกติ,1,0
L-21989,2025-03-02,20007.00,0.179,153,36,3,150000.00,ข้าราชการ,1,ปิดบัญชีแล้ว,3,0
L-23242,2025-03-02,25012.90,0.387,152,23,2,200000.00,พนักงานประจำ,2,ปกติ,16,0
L-23352,2025-03-02,36650.18,0.229,234,32,2,100000.00,อาชีพอิสระ,1,ปกติ,20,0
L-26735,2025-03-02,27278.56,0.556,26,48,3,100000.00,อาชีพอิสระ,1,ปกติ,0,0
L-28469,2025-03-02,30426.39,0.531,63,25,3,150000.00,ข้าราชการ,10,ค้างชำระ,163,1
L-30254,2025-03-02,48972.53,0.305,163,59,5,200000.00,ข้าราชการ,0,ปกติ,20,0
L-31779,2025-03-02,19837.85,0.393,179,54,1,200000.00,พนักงานประจำ,2,ปิดบัญชีแล้ว,21,0
L-21974,2025-03-03,51211.95,0.449,178,59,0,200000.00,อาชีพอิสระ,2,ปกติ,15,0
L-22544,2025-03-03,31402.40,0.16,28,63,1,500000.00,พนักงานประจำ,1,ปิดบัญชีแล้ว,7,0
L-22686,2025-03-03,47719.88,0.213,159,24,2,200000.00,ธุรกิจส่วนตัว,2,ปกติ,16,0
L-23281,2025-03-03,13473.97,0.453,239,23,1,200000.00,อาชีพอิสระ,1,ปกติ,21,0
L-23521,2025-03-03,30486.97,0.335,147,53,1,100000.00,อาชีพอิสระ,2,ปกติ,19,0
L-24509,2025-03-03,28352.50,0.628,69,25,0,50000.00,ธุรกิจส่วนตัว,10,ค้างชำระ,99,1
L-24859,2025-03-03,28102.67,0.202,48,23,1,150000.00,ข้าราชการ,0,ปิดบัญชีแล้ว,17,0
L-25682,2025-03-03,26331.45,0.47,61,46,4,200000.00,ธุรกิจส่วนตัว,2,ปิดบัญชีแล้ว,8,0
L-25939,2025-03-03,16296.85,0.269,83,48,6,150000.00,ข้าราชการ,2,ปกติ,7,0
L-26665,2025-03-03,30658.05,0.02,11,55,6,300000.00,อาชีพอิสระ,1,ปิดบัญชีแล้ว,10,0
L-27116,2025-03-03,25238.27,0.319,49,41,2,150000.00,ธุรกิจส่วนตัว,1,ปกติ,4,0
L-27409,2025-03-03,29277.99,0.1,125,58,3,200000.00,อาชีพอิสระ,0,ปกติ,14,0
L-28191,2025-03-03,36058.05,0.447,47,36,5,200000.00,ธุรกิจส่วนตัว,1,ปกติ,12,0
L-28342,2025-03-03,59186.83,0.587,130,35,0,200000.00,ข้าราชการ,1,ปิดบัญชีแล้ว,8,0
L-29277,2025-03-03,29266.16,0.347,146,54,5,50000.00,พนักงานประจำ,1,ปกติ,1,0
L-30853,2025-03-03,39352.24,0.44,61,57,3,200000.00,พนักงานประจำ,1,ปกติ,16,0
L-31106,2025-03-03,18125.59,0.629,139,33,6,100000.00,อาชีพอิสระ,0,ปิดบัญชีแล้ว,3,0
L-31163,2025-03-03,58575.80,0.354,220,40,5,150000.00,ธุรกิจส่วนตัว,1,ปิดบัญชีแล้ว,3,0
L-31352,2025-03-03,24847.46,0.401,4,52,4,50000.00,อาชีพอิสระ,2,ปกติ,0,0
L-21838,2025-03-04,30388.89,0.115,218,60,5,300000.00,ธุรกิจส่วนตัว,1,ปกติ,19,0
L-23192,2025-03-04,31439.85,0.471,148,54,5,150000.00,พนักงานประจำ,2,ปิดบัญชีแล้ว,13,0
L-24154,2025-03-04,27898.52,0.259,183,39,6,500000.00,อาชีพอิสระ,2,ปกติ,7,0
L-24392,2025-03-04,29894.79,0.55,120,38,5,200000.00,ธุรกิจส่วนตัว,12,ค้างชำระ,149,1
L-25093,2025-03-04,34347.30,0.443,217,49,6,500000.00,พนักงานประจำ,2,ปกติ,26,0
L-26612,2025-03-04,30574.81,0.046,157,39,5,500000.00,ข้าราชการ,1,ปกติ,25,0
L-27344,2025-03-04,38396.83,0.907,166,40,3,300000.00,ธุรกิจส่วนตัว,11,ค้างชำระ,70,1
L-28101,2025-03-04,48039.41,0.276,213,32,5,50000.00,ธุรกิจส่วนตัว,2,ปิดบัญชีแล้ว,25,0
L-30696,2025-03-04,24077.00,0.538,177,65,5,150000.00,ข้าราชการ,2,ปกติ,15,0
L-31129,2025-03-04,25833.18,0.383,77,32,2,500000.00,พนักงานประจำ,0,ปกติ,0,0
L-31335,2025-03-04,20704.14,0.076,63,61,5,50000.00,ธุรกิจส่วนตัว,11,ค้างชำระ,73,1
L-20090,2025-03-05,34309.52,0.374,96,52,5,50000.00,อาชีพอิสระ,0,ปกติ,25,0
L-24722,2025-03-05,14587.41,0.021,61,55,1,500000.00,ธุรกิจส่วนตัว,2,ปกติ,2,0
L-27179,2025-03-05,50219.86,0.387,128,36,0,300000.00,ข้าราชการ,0,ปิดบัญชีแล้ว,2,0
L-27913,2025-03-05,29622.55,0.444,195,40,1,100000.00,ข้าราชการ,0,ปิดบัญชีแล้ว,16,0
L-28597,2025-03-05,46723.87,0.14,90,48,3,300000.00,ธุรกิจส่วนตัว,1,ปิดบัญชีแล้ว,28,0
L-29131,2025-03-05,23602.30,0.519,132,24,5,300000.00,ธุรกิจส่วนตัว,13,ค้างชำระ,71,1
L-29865,2025-03-05,20355.89,0.487,36,63,4,200000.00,อาชีพอิสระ,3,ค้างชำระ,168,1
L-30694,2025-03-05,20582.25,0.486,76,62,4,150000.00,อาชีพอิสระ,0,ปกติ,14,0
L-31441,2025-03-05,33406.93,0.427,50,45,0,200000.00,ธุรกิจส่วนตัว,0,ปกติ,18,0
L-31831,2025-03-05,9000.00,0.414,203,38,5,500000.00,พนักงานประจำ,0,ปกติ,6,0
L-21362,2025-03-06,61734.99,0.585,98,57,3,500000.00,พนักงานประจำ,2,ปกติ,21,0
L-22685,2025-03-06,9000.00,0.513,236,33,4,150000.00,อาชีพอิสระ,0,ปกติ,3,0
L-22721,2025-03-06,20276.87,0.563,18,34,2,50000.00,ธุรกิจส่วนตัว,0,ปกติ,18,0
L-24129,2025-03-06,24409.37,0.507,12,51,2,200000.00,ข้าราชการ,1,ปกติ,17,0
L-25240,2025-03-06,41994.50,0.44,167,44,4,200000.00,ธุรกิจส่วนตัว,2,ปกติ,7,0
L-26129,2025-03-06,33528.41,0.536,9,48,4,200000.00,ข้าราชการ,0,ปกติ,23,0
L-26251,2025-03-06,50017.09,0.128,238,32,2,500000.00,พนักงานประจำ,2,ปกติ,28,0
L-26401,2025-03-06,28530.26,0.033,35,45,2,300000.00,อาชีพอิสระ,8,ค้างชำระ,89,1
L-26977,2025-03-06,26645.68,0.577,26,51,5,200000.00,อาชีพอิสระ,2,ปกติ,30,0
L-27876,2025-03-06,25152.88,0.391,109,60,2,50000.00,พนักงานประจำ,0,ปกติ,11,0
L-28211,2025-03-06,41723.45,0.565,184,41,4,500000.00,พนักงานประจำ,0,ปกติ,26,0
L-28671,2025-03-06,30056.64,0.291,146,28,6,300000.00,ข้าราชการ,5,ค้างชำระ,161,1
L-29513,2025-03-06,19025.50,0.092,90,44,2,300000.00,ธุรกิจส่วนตัว,0,ปกติ,5,0
L-29627,2025-03-06,37169.40,0.398,195,26,6,300000.00,อาชีพอิสระ,1,ปกติ,21,0
L-29822,2025-03-06,33207.96,0.687,230,52,5,100000.00,ข้าราชการ,1,ปกติ,26,0
L-30188,2025-03-06,9000.00,0.468,30,28,6,300000.00,ธุรกิจส่วนตัว,2,ปกติ,11,0
L-20358,2025-03-07,23802.07,0.318,7,51,3,300000.00,อาชีพอิสระ,2,ปกติ,25,0
L-22014,2025-03-07,28278.00,0.415,4,51,0,100000.00,อาชีพอิสระ,2,ปกติ,3,0
L-22127,2025-03-07,9000.00,0.47,119,51,6,50000.00,อาชีพอิสระ,2,ปกติ,24,0
L-22695,2025-03-07,25064.77,0.517,94,34,6,150000.00,ข้าราชการ,4,ค้างชำระ,138,1
L-23481,2025-03-07,23711.96,0.41,156,44,0,300000.00,ธุรกิจส่วนตัว,2,ปกติ,1,0
L-24885,2025-03-07,9000.00,0.299,38,64,4,500000.00,ข้าราชการ,7,ค้างชำระ,97,1
L-25046,2025-03-07,16407.46,0.601,39,31,5,150000.00,ธุรกิจส่วนตัว,3,ค้างชำระ,117,1
L-25916,2025-03-07,28999.47,0.684,93,32,3,500000.00,พนักงานประจำ,0,ปกติ,0,0
L-29967,2025-03-07,40558.71,0.33,0,26,2,150000.00,พนักงานประจำ,1,ปกติ,14,0
L-30557,2025-03-07,53657.47,0.115,87,22,3,150000.00,พนักงานประจำ,2,ปกติ,16,0
L-20206,2025-03-08,36873.85,0.434,72,54,1,50000.00,อาชีพอิสระ,3,ค้างชำระ,112,1
L-23262,2025-03-08,30369.56,0.573,50,59,4,150000.00,อาชีพอิสระ,2,ปิดบัญชีแล้ว,26,0
L-25271,2025-03-08,24877.65,0.738,72,23,0,300000.00,ธุรกิจส่วนตัว,0,ปกติ,26,0
L-25406,2025-03-08,24294.30,0.369,167,58,2,500000.00,อาชีพอิสระ,2,ปกติ,1,0
L-26774,2025-03-08,47591.88,0.299,37,35,2,500000.00,อาชีพอิสระ,10,ค้างชำระ,124,1
L-26997,2025-03-08,20204.98,0.059,11,50,5,100000.00,ข้าราชการ,0,ปิดบัญชีแล้ว,27,0
L-27154,2025-03-08,35016.74,0.594,157,30,6,100000.00,พนักงานประจำ,0,ปกติ,16,0
L-28309,2025-03-08,22162.01,0.274,30,58,4,200000.00,ข้าราชการ,1,ปกติ,23,0
L-29449,2025-03-08,9000.00,0.363,75,30,1,150000.00,อาชีพอิสระ,2,ปิดบัญชีแล้ว,24,0
L-30053,2025-03-08,37097.29,0.334,119,56,6,200000.00,พนักงานประจำ,2,ปกติ,28,0
L-30626,2025-03-08,37553.44,0.244,50,35,0,150000.00,พนักงานประจำ,1,ปกติ,16,0
L-31214,2025-03-08,21326.91,0.091,196,24,1,50000.00,อาชีพอิสระ,0,ปกติ,19,0
L-31459,2025-03-08,9000.00,0.622,188,53,4,50000.00,ข้าราชการ,2,ปกติ,12,0
L-31857,2025-03-08,45062.24,0.356,17,41,0,300000.00,พนักงานประจำ,1,ปกติ,15,0
L-22307,2025-03-09,32369.37,0.349,39,43,2,200000.00,อาชีพอิสระ,1,ปกติ,7,0
L-25650,2025-03-09,18277.29,0.166,236,33,1,200000.00,ข้าราชการ,2,ปกติ,19,0
L-26011,2025-03-09,44479.44,0.416,90,44,4,100000.00,อาชีพอิสระ,2,ปกติ,2,0
L-26233,2025-03-09,34114.14,0.787,127,42,2,100000.00,ข้าราชการ,0,ปิดบัญชีแล้ว,3,0
L-27652,2025-03-09,43700.04,0.712,72,30,2,150000.00,ธุรกิจส่วนตัว,1,ปกติ,28,0
L-27707,2025-03-09,30413.89,0.023,69,42,5,500000.00,พนักงานประจำ,0,ปิดบัญชีแล้ว,8,0
L-27744,2025-03-09,26024.94,0.272,36,40,2,500000.00,ธุรกิจส่วนตัว,2,ปกติ,28,0
L-28405,2025-03-09,33853.72,0.501,148,51,5,300000.00,พนักงานประจำ,2,ปกติ,26,0
L-30398,2025-03-09,52649.35,0.349,209,32,3,150000.00,ข้าราชการ,13,ค้างชำระ,106,1
L-30498,2025-03-09,9000.00,0.45,23,48,5,150000.00,ธุรกิจส่วนตัว,13,ค้างชำระ,49,1
L-31510,2025-03-09,31785.39,0.512,16,41,4,50000.00,อาชีพอิสระ,0,ปกติ,22,0
L-20424,2025-03-10,32678.28,0.588,83,56,4,500000.00,ข้าราชการ,2,ปกติ,0,0
L-20589,2025-03-10,41930.62,0.251,204,24,4,200000.00,ธุรกิจส่วนตัว,1,ปกติ,10,0
L-21514,2025-03-10,37451.41,0.247,11,30,3,100000.00,พนักงานประจำ,1,ปกติ,0,0
L-26577,2025-03-10,41821.87,0.155,134,32,1,150000.00,ธุรกิจส่วนตัว,7,ค้างชำระ,45,1
L-26579,2025-03-10,19007.69,0.137,142,55,6,500000.00,พนักงานประจำ,1,ปกติ,9,0
L-26998,2025-03-10,34547.56,0.365,131,64,1,300000.00,อาชีพอิสระ,2,ปกติ,24,0
L-27768,2025-03-10,13459.89,0.479,166,53,2,200000.00,ข้าราชการ,2,ปกติ,29,0
L-28732,2025-03-10,27229.82,0.586,234,59,4,500000.00,ข้าราชการ,11,ค้างชำระ,110,1
L-31694,2025-03-10,9000.00,0.135,198,23,0,150000.00,ข้าราชการ,1,ปกติ,3,0
L-20419,2025-03-11,22682.36,0.194,103,31,4,100000.00,ข้าราชการ,2,ปกติ,24,0
L-21194,2025-03-11,59888.62,0.538,14,62,6,200000.00,พนักงานประจำ,2,ปกติ,17,0
L-21786,2025-03-11,48476.48,0.602,177,58,1,100000.00,ธุรกิจส่วนตัว,1,ปิดบัญชีแล้ว,10,0
L-22543,2025-03-11,24322.20,0.223,48,48,0,50000.00,อาชีพอิสระ,0,ปกติ,5,0
L-23728,2025-03-11,58077.33,0.39,222,63,0,100000.00,พนักงานประจำ,2,ปกติ,15,0
L-24884,2025-03-11,38357.15,0.246,224,51,2,500000.00,ข้าราชการ,1,ปิดบัญชีแล้ว,18,0
L-25706,2025-03-11,47505.46,0.176,66,31,6,300000.00,พนักงานประจำ,0,ปิดบัญชีแล้ว,6,0
L-26064,2025-03-11,31549.62,0.365,14,36,2,150000.00,อาชีพอิสระ,1,ปกติ,18,0
L-26138,2025-03-11,44127.92,0.429,192,47,5,200000.00,ข้าราชการ,0,ปกติ,20,0
L-26436,2025-03-11,15745.09,0.242,53,47,4,100000.00,อาชีพอิสระ,7,ค้างชำระ,63,1
L-27299,2025-03-11,41888.25,0.445,26,41,6,500000.00,ข้าราชการ,8,ค้างชำระ,46,1
L-27869,2025-03-11,32761.32,0.386,159,23,5,500000.00,พนักงานประจำ,2,ปกติ,19,0
L-29232,2025-03-11,48709.25,0.377,22,52,6,500000.00,อาชีพอิสระ,1,ปิดบัญชีแล้ว,10,0
L-31134,2025-03-11,32240.84,0.293,20,29,6,300000.00,พนักงานประจำ,1,ปกติ,9,0
L-20939,2025-03-12,31453.11,0.682,162,47,0,300000.00,ข้าราชการ,0,ปกติ,10,0
L-21050,2025-03-12,47645.73,0.622,29,56,1,500000.00,ข้าราชการ,2,ปกติ,19,0
L-23048,2025-03-12,26647.52,0.345,130,49,1,300000.00,ธุรกิจส่วนตัว,0,ปกติ,18,0
L-23056,2025-03-12,30029.72,0.513,46,62,1,500000.00,ข้าราชการ,2,ปิดบัญชีแล้ว,7,0
L-23347,2025-03-12,28184.08,0.721,25,47,2,50000.00,ธุรกิจส่วนตัว,0,ปกติ,22,0
L-23572,2025-03-12,49810.55,0.406,50,62,6,50000.00,ธุรกิจส่วนตัว,2,ปกติ,29,0
L-24591,2025-03-12,38256.75,0.413,231,21,4,500000.00,พนักงานประจำ,1,ปิดบัญชีแล้ว,16,0
L-25902,2025-03-12,33915.14,0.425,57,39,0,150000.00,ข้าราชการ,1,ปกติ,26,0
L-26760,2025-03-12,37821.25,0.215,224,34,3,50000.00,ข้าราชการ,0,ปกติ,18,0
L-26770,2025-03-12,38564.13,0.164,232,37,2,200000.00,ธุรกิจส่วนตัว,0,ปกติ,22,0
L-27370,2025-03-12,38177.30,0.48,231,35,3,150000.00,ข้าราชการ,2,ปกติ,29,0
L-28077,2025-03-12,36874.84,0.513,93,37,5,500000.00,พนักงานประจำ,8,ค้างชำระ,119,1
L-28621,2025-03-12,27610.89,0.421,5,35,5,200000.00,พนักงานประจำ,0,ปกติ,2,0
L-29629,2025-03-12,30025.66,0.417,133,41,4,300000.00,ข้าราชการ,2,ปิดบัญชีแล้ว,24,0
L-30241,2025-03-12,34892.95,0.078,7,55,2,100000.00,พนักงานประจำ,2,ปิดบัญชีแล้ว,25,0
L-31245,2025-03-12,38578.14,0.092,115,37,1,200000.00,อาชีพอิสระ,14,ค้างชำระ,84,1
L-31823,2025-03-12,23852.57,0.385,219,36,6,100000.00,พนักงานประจำ,13,ค้างชำระ,82,1
L-20816,2025-03-13,35020.02,0.417,55,55,6,500000.00,ข้าราชการ,1,ปิดบัญชีแล้ว,23,0
L-23480,2025-03-13,26322.59,0.402,192,48,0,100000.00,ธุรกิจส่วนตัว,2,ปกติ,2,0
L-24517,2025-03-13,50380.43,0.264,169,36,4,200000.00,ธุรกิจส่วนตัว,0,ปกติ,30,0
L-24944,2025-03-13,49883.42,0.335,171,62,1,500000.00,พนักงานประจำ,0,ปกติ,3,0
L-28065,2025-03-13,29560.30,0.287,155,38,3,150000.00,ข้าราชการ,0,ปกติ,29,0
L-28286,2025-03-13,36983.58,0.436,238,57,6,300000.00,พนักงานประจำ,1,ปกติ,17,0
L-30379,2025-03-13,9000.00,0.451,73,50,3,150000.00,ธุรกิจส่วนตัว,1,ปกติ,17,0
L-30932,2025-03-13,13970.62,0.525,139,63,5,50000.00,พนักงานประจำ,3,ค้างชำระ,81,1
L-31844,2025-03-13,40927.78,0.411,112,52,6,50000.00,พนักงานประจำ,0,ปกติ,1,0
L-20605,2025-03-14,28867.10,0.535,232,31,0,50000.00,อาชีพอิสระ,1,ปกติ,30,0
L-22814,2025-03-14,41977.50,0.04,158,25,3,150000.00,ธุรกิจส่วนตัว,2,ปกติ,17,0
L-22905,2025-03-14,34879.33,0.618,61,43,5,150000.00,ข้าราชการ,0,ปกติ,17,0
L-23338,2025-03-14,47351.52,0.675,240,24,2,300000.00,อาชีพอิสระ,2,ปกติ,18,0
L-23478,2025-03-14,22202.95,0.327,226,49,0,50000.00,พนักงานประจำ,1,ปิดบัญชีแล้ว,4,0
L-24035,2025-03-14,35207.28,0.037,204,57,1,100000.00,ข้าราชการ,1,ปกติ,4,0
L-26223,2025-03-14,24461.52,0.252,46,47,6,150000.00,ข้าราชการ,1,ปกติ,15,0
L-27081,2025-03-14,40519.88,0.393,202,62,1,200000.00,อาชีพอิสระ,1,ปกติ,8,0
L-27936,2025-03-14,18063.05,0.259,145,49,6,100000.00,ข้าราชการ,1,ปกติ,21,0
L-28619,2025-03-14,31832.11,0.532,175,29,5,150000.00,อาชีพอิสระ,0,ปกติ,13,0
L-28767,2025-03-14,25194.47,0.408,125,41,5,50000.00,ข้าราชการ,6,ค้างชำระ,136,1
L-28812,2025-03-14,32586.17,0.433,71,41,1,500000.00,อาชีพอิสระ,1,ปิดบัญชีแล้ว,11,0
L-29731,2025-03-14,33090.72,0.02,205,23,6,200000.00,พนักงานประจำ,0,ปกติ,23,0
L-20524,2025-03-15,30704.82,0.237,17,25,4,300000.00,พนักงานประจำ,1,ปกติ,25,0
L-23067,2025-03-15,16994.96,0.238,35,24,1,500000.00,พนักงานประจำ,1,ปกติ,26,0
L-23709,2025-03-15,14579.26,0.473,57,39,4,500000.00,อาชีพอิสระ,10,ค้างชำระ,47,1
L-24483,2025-03-15,53160.15,0.555,87,21,6,150000.00,อาชีพอิสระ,11,ค้างชำระ,133,1
L-25130,2025-03-15,42200.40,0.445,226,33,6,500000.00,ข้าราชการ,12,ค้างชำระ,112,1
L-26483,2025-03-15,28994.36,0.483,53,59,1,200000.00,ข้าราชการ,1,ปกติ,8,0
L-28474,2025-03-15,44855.69,0.546,84,62,4,200000.00,พนักงานประจำ,1,ปิดบัญชีแล้ว,12,0
L-28537,2025-03-15,36046.28,0.298,230,44,5,300000.00,ธุรกิจส่วนตัว,1,ปิดบัญชีแล้ว,2,0
L-29159,2025-03-15,40791.51,0.374,152,33,3,50000.00,ข้าราชการ,3,ค้างชำระ,163,1
L-29719,2025-03-15,47390.03,0.513,200,31,3,200000.00,อาชีพอิสระ,1,ปิดบัญชีแล้ว,25,0
L-30144,2025-03-15,37392.99,0.564,159,48,3,100000.00,อาชีพอิสระ,0,ปิดบัญชีแล้ว,18,0
L-31343,2025-03-15,18396.14,0.305,25,48,2,100000.00,ธุรกิจส่วนตัว,0,ปกติ,1,0
L-20704,2025-03-16,24106.50,0.383,132,54,5,500000.00,ธุรกิจส่วนตัว,2,ปกติ,23,0
L-21064,2025-03-16,38889.96,0.802,93,64,1,500000.00,ธุรกิจส่วนตัว,1,ปกติ,4,0
L-21533,2025-03-16,42664.07,0.338,177,35,2,100000.00,ธุรกิจส่วนตัว,0,ปิดบัญชีแล้ว,29,0
L-22375,2025-03-16,41466.94,0.02,183,64,2,300000.00,พนักงานประจำ,0,ปิดบัญชีแล้ว,19,0
L-26876,2025-03-16,27608.73,0.086,141,58,0,100000.00,ข้าราชการ,1,ปิดบัญชีแล้ว,11,0
L-29462,2025-03-16,58924.47,0.255,213,27,3,100000.00,ธุรกิจส่วนตัว,0,ปกติ,17,0
L-29792,2025-03-16,34105.87,0.375,13,31,0,200000.00,อาชีพอิสระ,12,ค้างชำระ,55,1
L-30156,2025-03-16,23967.86,0.36,225,49,2,200000.00,ข้าราชการ,1,ปกติ,28,0
L-30597,2025-03-16,24099.67,0.62,35,32,5,150000.00,พนักงานประจำ,0,ปิดบัญชีแล้ว,13,0
L-31973,2025-03-16,48890.15,0.108,53,55,6,150000.00,อาชีพอิสระ,0,ปกติ,29,0
L-20156,2025-03-17,61658.37,0.605,83,48,2,50000.00,ข้าราชการ,0,ปิดบัญชีแล้ว,16,0
L-25482,2025-03-17,9000.00,0.546,94,48,2,500000.00,พนักงานประจำ,1,ปกติ,29,0
L-26052,2025-03-17,9057.63,0.238,18,55,1,150000.00,ธุรกิจส่วนตัว,0,ปกติ,3,0
L-26151,2025-03-17,41372.61,0.549,11,26,1,150000.00,ธุรกิจส่วนตัว,2,ปกติ,17,0
L-31060,2025-03-17,63417.69,0.436,216,28,5,150000.00,ข้าราชการ,2,ปิดบัญชีแล้ว,21,0
L-31907,2025-03-17,29633.63,0.48,93,49,0,100000.00,ธุรกิจส่วนตัว,2,ปิดบัญชีแล้ว,15,0
L-20210,2025-03-18,35739.07,0.656,66,44,0,200000.00,อาชีพอิสระ,0,ปกติ,21,0
L-20301,2025-03-18,47971.80,0.28,141,25,4,100000.00,ข้าราชการ,2,ปกติ,3,0
L-21233,2025-03-18,34198.18,0.02,61,54,1,50000.00,พนักงานประจำ,0,ปกติ,21,0
L-21788,2025-03-18,50402.13,0.307,216,38,6,300000.00,ข้าราชการ,4,ค้างชำระ,143,1
L-22462,2025-03-18,45992.46,0.366,236,39,4,100000.00,พนักงานประจำ,2,ปกติ,19,0
L-22591,2025-03-18,37121.63,0.95,99,22,2,300000.00,พนักงานประจำ,0,ปกติ,11,0
L-23427,2025-03-18,20832.02,0.311,8,28,3,200000.00,อาชีพอิสระ,2,ปกติ,15,0
L-25730,2025-03-18,16322.68,0.349,47,31,6,150000.00,ธุรกิจส่วนตัว,2,ปกติ,27,0
L-25921,2025-03-18,35284.53,0.076,141,25,4,50000.00,อาชีพอิสระ,0,ปิดบัญชีแล้ว,25,0
L-26751,2025-03-18,19886.64,0.469,48,64,4,150000.00,อาชีพอิสระ,5,ค้างชำระ,55,1
L-28943,2025-03-18,21981.87,0.546,24,60,2,150000.00,พนักงานประจำ,1,ปกติ,27,0
L-31376,2025-03-18,42687.17,0.065,132,36,5,50000.00,อาชีพอิสระ,1,ปกติ,14,0
L-20380,2025-03-19,49789.87,0.636,151,33,2,50000.00,พนักงานประจำ,1,ปิดบัญชีแล้ว,10,0
L-20835,2025-03-19,13430.32,0.528,211,57,4,150000.00,ข้าราชการ,0,ปกติ,11,0
L-21624,2025-03-19,42167.74,0.148,187,61,3,300000.00,อาชีพอิสระ,2,ปกติ,19,0
L-22681,2025-03-19,43331.32,0.234,176,51,1,300000.00,ธุรกิจส่วนตัว,2,ปกติ,12,0
L-23424,2025-03-19,45865.89,0.277,68,42,0,100000.00,ข้าราชการ,2,ปกติ,22,0
L-23723,2025-03-19,28689.48,0.02,167,52,6,150000.00,พนักงานประจำ,2,ปกติ,8,0
L-25740,2025-03-19,13669.06,0.216,235,54,4,300000.00,พนักงานประจำ,0,ปกติ,16,0
L-26080,2025-03-19,25771.26,0.557,144,52,6,200000.00,พนักงานประจำ,1,ปกติ,1,0
L-26166,2025-03-19,36849.57,0.088,128,64,3,200000.00,ข้าราชการ,2,ปกติ,28,0
L-26698,2025-03-19,42654.93,0.03,158,24,6,200000.00,อาชีพอิสระ,2,ปกติ,16,0
L-27475,2025-03-19,15017.95,0.416,213,29,3,500000.00,พนักงานประจำ,0,ปกติ,23,0
L-28186,2025-03-19,19722.99,0.352,130,30,2,500000.00,อาชีพอิสระ,1,ปกติ,13,0
L-28335,2025-03-19,25342.22,0.344,196,21,0,200000.00,ข้าราชการ,1,ปกติ,22,0
L-28560,2025-03-19,25296.98,0.368,188,39,1,150000.00,ข้าราชการ,0,ปกติ,7,0
L-29407,2025-03-19,41248.69,0.574,21,25,2,150000.00,ธุรกิจส่วนตัว,1,ปกติ,11,0
L-31854,2025-03-19,43008.82,0.02,26,40,5,200000.00,พนักงานประจำ,2,ปิดบัญชีแล้ว,7,0
L-21821,2025-03-20,32245.18,0.386,217,24,3,50000.00,อาชีพอิสระ,0,ปิดบัญชีแล้ว,23,0
L-21987,2025-03-20,29728.75,0.132,102,46,4,500000.00,ธุรกิจส่วนตัว,1,ปิดบัญชีแล้ว,29,0
L-22312,2025-03-20,36267.70,0.484,43,29,6,500000.00,ธุรกิจส่วนตัว,1,ปกติ,0,0
L-22316,2025-03-20,40823.65,0.02,194,60,1,100000.00,ข้าราชการ,0,ปกติ,16,0
L-22447,2025-03-20,65819.64,0.273,4,53,1,50000.00,อาชีพอิสระ,0,ปกติ,1,0
L-23022,2025-03-20,30029.72,0.149,71,28,2,200000.00,ข้าราชการ,2,ปิดบัญชีแล้ว,28,0
L-23452,2025-03-20,75512.88,0.195,51,37,2,100000.00,ธุรกิจส่วนตัว,2,ปิดบัญชีแล้ว,5,0
L-23915,2025-03-20,21106.14,0.471,173,33,2,150000.00,พนักงานประจำ,0,ปิดบัญชีแล้ว,3,0
L-24996,2025-03-20,30363.73,0.339,91,54,3,100000.00,ธุรกิจส่วนตัว,0,ปกติ,22,0
L-25200,2025-03-20,69447.91,0.322,0,62,6,150000.00,พนักงานประจำ,2,ปกติ,23,0
L-26155,2025-03-20,23405.75,0.453,135,63,6,200000.00,พนักงานประจำ,1,ปกติ,13,0
L-27671,2025-03-20,54406.80,0.252,225,46,4,150000.00,อาชีพอิสระ,1,ปกติ,14,0
L-30785,2025-03-20,41476.35,0.773,53,22,5,150000.00,ธุรกิจส่วนตัว,12,ค้างชำระ,102,1
L-31727,2025-03-20,16782.28,0.412,193,34,1,50000.00,ธุรกิจส่วนตัว,4,ค้างชำระ,160,1
L-20465,2025-03-21,23206.30,0.471,59,33,5,300000.00,ธุรกิจส่วนตัว,2,ปกติ,2,0
L-20579,2025-03-21,44787.77,0.301,166,41,1,50000.00,ข้าราชการ,2,ปกติ,12,0
L-20701,2025-03-21,16156.02,0.219,191,60,2,50000.00,ข้าราชการ,0,ปกติ,6,0
L-21536,2025-03-21,30506.17,0.187,75,21,6,300000.00,พนักงานประจำ,1,ปกติ,30,0
L-22217,2025-03-21,40120.74,0.543,126,55,5,150000.00,พนักงานประจำ,2,ปกติ,6,0
L-23637,2025-03-21,9000.00,0.635,215,51,1,150000.00,ธุรกิจส่วนตัว,2,ปกติ,2,0
L-28173,2025-03-21,18970.91,0.685,82,46,6,150000.00,ข้าราชการ,1,ปกติ,2,0
L-28285,2025-03-21,31202.34,0.523,236,30,1,150000.00,อาชีพอิสระ,1,ปิดบัญชีแล้ว,10,0
L-28726,2025-03-21,23099.89,0.477,90,63,3,300000.00,ธุรกิจส่วนตัว,13,ค้างชำระ,69,1
L-30810,2025-03-21,37788.43,0.555,146,34,4,200000.00,พนักงานประจำ,0,ปิดบัญชีแล้ว,2,0
L-31470,2025-03-21,10638.90,0.192,58,64,1,50000.00,อาชีพอิสระ,1,ปกติ,6,0
L-22421,2025-03-22,34729.31,0.265,239,32,2,200000.00,ข้าราชการ,2,ปกติ,6,0
L-23225,2025-03-22,12435.14,0.621,88,44,1,200000.00,ธุรกิจส่วนตัว,1,ปิดบัญชีแล้ว,3,0
L-26077,2025-03-22,50746.04,0.706,120,56,0,100000.00,ข้าราชการ,2,ปกติ,20,0
L-26464,2025-03-22,38065.50,0.172,20,51,4,500000.00,ข้าราชการ,11,ค้างชำระ,76,1
L-26605,2025-03-22,42794.84,0.342,218,30,5,500000.00,พนักงานประจำ,2,ปกติ,17,0
L-26868,2025-03-22,21583.81,0.635,141,21,0,300000.00,ธุรกิจส่วนตัว,2,ปิดบัญชีแล้ว,12,0
L-26947,2025-03-22,32203.25,0.394,235,24,4,150000.00,อาชีพอิสระ,2,ปกติ,4,0
L-28866,2025-03-22,40070.90,0.7,199,34,4,500000.00,อาชีพอิสระ,1,ปกติ,14,0
L-30828,2025-03-22,9000.00,0.297,135,30,6,200000.00,อาชีพอิสระ,1,ปกติ,1,0
L-31660,2025-03-22,35793.82,0.356,208,23,4,50000.00,พนักงานประจำ,0,ปกติ,12,0
L-20292,2025-03-23,17524.22,0.02,63,37,6,100000.00,ข้าราชการ,1,ปิดบัญชีแล้ว,18,0
L-20822,2025-03-23,21812.19,0.58,11,50,3,200000.00,ธุรกิจส่วนตัว,0,ปกติ,11,0
L-22643,2025-03-23,35538.29,0.716,167,39,1,50000.00,พนักงานประจำ,1,ปกติ,28,0
L-24791,2025-03-23,23032.37,0.338,82,27,5,50000.00,ข้าราชการ,0,ปกติ,7,0
L-26189,2025-03-23,35900.23,0.02,82,42,2,200000.00,พนักงานประจำ,0,ปกติ,7,0
L-26663,2025-03-23,11054.16,0.341,149,42,0,300000.00,อาชีพอิสระ,2,ปกติ,18,0
L-29352,2025-03-23,21122.95,0.238,45,33,2,200000.00,อาชีพอิสระ,0,ปกติ,9,0
L-30393,2025-03-23,56756.11,0.647,203,48,5,300000.00,อาชีพอิสระ,10,ค้างชำระ,61,1
L-30848,2025-03-23,33117.10,0.434,202,40,4,100000.00,อาชีพอิสระ,0,ปกติ,20,0
L-31098,2025-03-23,32804.07,0.433,96,41,0,500000.00,ธุรกิจส่วนตัว,8,ค้างชำระ,61,1
L-31198,2025-03-23,24469.97,0.365,54,25,6,150000.00,อาชีพอิสระ,0,ปิดบัญชีแล้ว,15,0
L-31706,2025-03-23,9000.00,0.291,205,52,4,500000.00,พนักงานประจำ,2,ปกติ,15,0
L-21635,2025-03-24,45770.32,0.59,228,46,4,150000.00,ข้าราชการ,13,ค้างชำระ,71,1
L-22688,2025-03-24,53884.93,0.184,133,37,3,500000.00,อาชีพอิสระ,2,ปกติ,24,0
L-23227,2025-03-24,21977.21,0.119,200,61,6,300000.00,ข้าราชการ,2,ปกติ,12,0
L-24902,2025-03-24,48629.40,0.213,80,50,5,150000.00,ธุรกิจส่วนตัว,2,ปิดบัญชีแล้ว,6,0
L-25468,2025-03-24,44429.22,0.321,192,32,5,50000.00,ธุรกิจส่วนตัว,0,ปิดบัญชีแล้ว,25,0
L-25741,2025-03-24,38741.09,0.558,63,30,6,500000.00,ธุรกิจส่วนตัว,0,ปกติ,7,0
L-27862,2025-03-24,25247.00,0.561,135,26,4,150000.00,ธุรกิจส่วนตัว,2,ปกติ,23,0
L-29632,2025-03-24,66138.82,0.39,71,49,3,300000.00,อาชีพอิสระ,0,ปกติ,23,0
L-30713,2025-03-24,41258.16,0.365,93,36,6,300000.00,อาชีพอิสระ,2,ปกติ,18,0
L-31209,2025-03-24,39488.51,0.386,78,53,2,300000.00,ธุรกิจส่วนตัว,0,ปิดบัญชีแล้ว,16,0
L-31327,2025-03-24,45128.34,0.418,19,58,2,200000.00,ธุรกิจส่วนตัว,1,ปกติ,1,0
L-31347,2025-03-24,42590.06,0.271,74,45,5,50000.00,อาชีพอิสระ,2,ปกติ,24,0
L-20621,2025-03-25,9000.00,0.313,115,53,1,500000.00,อาชีพอิสระ,2,ปกติ,4,0
L-23064,2025-03-25,18760.65,0.505,34,42,5,150000.00,ธุรกิจส่วนตัว,7,ค้างชำระ,172,1
L-24643,2025-03-25,48777.90,0.322,192,57,6,500000.00,ข้าราชการ,0,ปกติ,1,0
L-24690,2025-03-25,31125.55,0.401,84,60,0,300000.00,พนักงานประจำ,0,ปกติ,10,0
L-25788,2025-03-25,19250.17,0.509,140,25,6,300000.00,พนักงานประจำ,2,ปิดบัญชีแล้ว,12,0
L-26476,2025-03-25,23840.48,0.494,236,65,6,100000.00,ข้าราชการ,1,ปิดบัญชีแล้ว,0,0
L-29364,2025-03-25,22990.37,0.47,226,40,1,100000.00,ข้าราชการ,1,ปกติ,9,0
L-31763,2025-03-25,11599.30,0.323,12,37,1,500000.00,อาชีพอิสระ,2,ปกติ,16,0
L-31950,2025-03-25,28424.91,0.281,225,40,0,100000.00,พนักงานประจำ,2,ปิดบัญชีแล้ว,15,0
L-22111,2025-03-26,62158.80,0.3,168,42,1,500000.00,ธุรกิจส่วนตัว,1,ปกติ,24,0
L-22828,2025-03-26,16046.32,0.455,15,41,4,300000.00,อาชีพอิสระ,1,ปกติ,5,0
L-22950,2025-03-26,38735.33,0.638,44,33,0,500000.00,พนักงานประจำ,1,ปิดบัญชีแล้ว,8,0
L-24422,2025-03-26,26378.19,0.283,239,46,0,150000.00,อาชีพอิสระ,0,ปกติ,24,0
L-26433,2025-03-26,53519.39,0.281,97,53,5,500000.00,พนักงานประจำ,1,ปิดบัญชีแล้ว,17,0
L-26845,2025-03-26,30748.30,0.154,34,29,2,100000.00,อาชีพอิสระ,2,ปกติ,26,0
L-27400,2025-03-26,25058.48,0.351,218,38,4,100000.00,พนักงานประจำ,2,ปกติ,9,0
L-31350,2025-03-26,31127.65,0.56,240,51,1,200000.00,ข้าราชการ,0,ปิดบัญชีแล้ว,23,0
L-20088,2025-03-27,36779.83,0.461,85,63,5,500000.00,อาชีพอิสระ,1,ปิดบัญชีแล้ว,26,0
L-22039,2025-03-27,31006.10,0.245,117,37,0,500000.00,ข้าราชการ,12,ค้างชำระ,137,1
L-23161,2025-03-27,32092.47,0.546,12,26,0,500000.00,ข้าราชการ,13,ค้างชำระ,94,1
L-23335,2025-03-27,31051.39,0.472,221,56,1,200000.00,พนักงานประจำ,0,ปกติ,13,0
L-23399,2025-03-27,30417.39,0.514,15,54,4,50000.00,อาชีพอิสระ,2,ปกติ,13,0
L-25972,2025-03-27,38194.10,0.25,38,39,0,50000.00,พนักงานประจำ,1,ปิดบัญชีแล้ว,7,0
L-26133,2025-03-27,15173.44,0.02,61,58,5,300000.00,ข้าราชการ,0,ปกติ,15,0
L-26153,2025-03-27,37546.25,0.515,198,43,0,200000.00,อาชีพอิสระ,2,ปกติ,23,0
L-26500,2025-03-27,24757.31,0.218,152,36,6,200000.00,อาชีพอิสระ,0,ปกติ,22,0
L-26650,2025-03-27,40663.05,0.533,72,25,2,500000.00,พนักงานประจำ,1,ปกติ,27,0
L-27621,2025-03-27,50359.07,0.653,52,22,5,50000.00,อาชีพอิสระ,3,ค้างชำระ,79,1
L-27853,2025-03-27,42697.10,0.64,226,41,0,100000.00,พนักงานประจำ,2,ปกติ,1,0
L-28314,2025-03-27,35152.39,0.551,114,63,6,200000.00,ข้าราชการ,0,ปกติ,16,0
L-28966,2025-03-27,46337.27,0.214,225,37,3,200000.00,พนักงานประจำ,2,ปิดบัญชีแล้ว,24,0
L-20092,2025-03-28,40686.29,0.805,203,57,5,150000.00,ข้าราชการ,5,ค้างชำระ,126,1
L-21954,2025-03-28,16834.73,0.031,152,53,4,500000.00,อาชีพอิสระ,2,ปกติ,24,0
L-23076,2025-03-28,52755.45,0.515,95,47,5,200000.00,อาชีพอิสระ,2,ปกติ,8,0
L-23137,2025-03-28,25092.59,0.766,89,55,1,50000.00,ข้าราชการ,1,ปกติ,19,0
L-25072,2025-03-28,14017.59,0.67,16,32,2,150000.00,ธุรกิจส่วนตัว,0,ปิดบัญชีแล้ว,30,0
L-25284,2025-03-28,41276.29,0.101,112,43,6,500000.00,ข้าราชการ,1,ปิดบัญชีแล้ว,9,0
L-25886,2025-03-28,16928.52,0.348,175,52,1,200000.00,พนักงานประจำ,1,ปกติ,22,0
L-26945,2025-03-28,21942.94,0.304,205,45,3,200000.00,อาชีพอิสระ,1,ปกติ,12,0
L-27604,2025-03-28,14315.56,0.195,12,50,5,150000.00,ธุรกิจส่วนตัว,1,ปิดบัญชีแล้ว,4,0
L-29373,2025-03-28,23157.30,0.402,67,26,6,150000.00,ธุรกิจส่วนตัว,0,ปกติ,8,0
L-30280,2025-03-28,9000.00,0.362,66,51,1,300000.00,อาชีพอิสระ,1,ปกติ,20,0
L-20288,2025-03-29,60230.81,0.421,17,21,3,150000.00,อาชีพอิสระ,1,ปิดบัญชีแล้ว,9,0
L-22499,2025-03-29,9000.00,0.363,178,26,5,100000.00,ธุรกิจส่วนตัว,1,ปกติ,23,0
L-22588,2025-03-29,41195.50,0.374,156,26,5,300000.00,พนักงานประจำ,0,ปกติ,2,0
L-22740,2025-03-29,57867.66,0.653,182,23,6,50000.00,ธุรกิจส่วนตัว,0,ปกติ,30,0
L-22964,2025-03-29,58737.75,0.27,157,33,0,300000.00,อาชีพอิสระ,0,ปกติ,17,0
L-23295,2025-03-29,24605.26,0.325,24,28,2,200000.00,ธุรกิจส่วนตัว,0,ปกติ,25,0
L-23585,2025-03-29,33883.56,0.315,56,57,6,50000.00,พนักงานประจำ,2,ปิดบัญชีแล้ว,18,0
L-25638,2025-03-29,33440.12,0.562,78,44,3,150000.00,ข้าราชการ,11,ค้างชำระ,146,1
L-26230,2025-03-29,12833.77,0.305,11,63,6,300000.00,ธุรกิจส่วนตัว,0,ปกติ,23,0
L-28841,2025-03-29,31697.68,0.48,238,27,6,150000.00,อาชีพอิสระ,1,ปิดบัญชีแล้ว,4,0
L-29592,2025-03-29,45731.02,0.59,4,53,6,150000.00,พนักงานประจำ,2,ปกติ,5,0
L-30158,2025-03-29,63954.19,0.596,20,36,1,50000.00,ธุรกิจส่วนตัว,2,ปิดบัญชีแล้ว,12,0
L-30470,2025-03-29,40771.71,0.662,89,32,6,200000.00,ข้าราชการ,1,ปกติ,11,0
L-20334,2025-03-30,20172.79,0.385,97,49,0,150000.00,อาชีพอิสระ,7,ค้างชำระ,141,1
L-20351,2025-03-30,25950.06,0.276,20,63,0,50000.00,ข้าราชการ,2,ปกติ,5,0
L-21055,2025-03-30,10887.48,0.483,195,39,3,200000.00,พนักงานประจำ,2,ปกติ,13,0
L-21557,2025-03-30,42600.43,0.255,209,28,6,150000.00,ธุรกิจส่วนตัว,1,ปกติ,4,0
L-22149,2025-03-30,19754.55,0.291,151,58,4,300000.00,อาชีพอิสระ,11,ค้างชำระ,90,1
L-22224,2025-03-30,30444.04,0.379,27,26,1,300000.00,อาชีพอิสระ,2,ปกติ,10,0
L-22896,2025-03-30,29301.43,0.035,239,22,0,500000.00,อาชีพอิสระ,0,ปกติ,3,0
L-22926,2025-03-30,43372.64,0.251,219,59,4,300000.00,อาชีพอิสระ,1,ปิดบัญชีแล้ว,20,0
L-23639,2025-03-30,55631.43,0.486,222,30,6,500000.00,พนักงานประจำ,1,ปกติ,11,0
L-25639,2025-03-30,26726.08,0.512,61,63,0,150000.00,อาชีพอิสระ,0,ปกติ,18,0
L-27200,2025-03-30,9000.00,0.469,139,44,1,50000.00,ธุรกิจส่วนตัว,1,ปกติ,21,0
L-27265,2025-03-30,26768.62,0.597,143,46,0,150000.00,ข้าราชการ,14,ค้างชำระ,177,1
L-29451,2025-03-30,37823.04,0.561,53,36,2,200000.00,ข้าราชการ,1,ปกติ,3,0
L-29474,2025-03-30,41216.46,0.276,123,40,0,100000.00,พนักงานประจำ,1,ปกติ,14,0
L-30160,2025-03-30,51589.50,0.182,87,41,1,150000.00,ข้าราชการ,2,ปกติ,8,0
L-30516,2025-03-30,40108.69,0.558,164,38,5,200000.00,ข้าราชการ,1,ปกติ,15,0
L-30599,2025-03-30,31208.74,0.116,87,44,0,150000.00,พนักงานประจำ,2,ปิดบัญชีแล้ว,1,0
L-31440,2025-03-30,37085.55,0.231,61,58,2,200000.00,พนักงานประจำ,2,ปกติ,5,0
L-31586,2025-03-30,23588.67,0.334,9,34,2,500000.00,พนักงานประจำ,2,ปกติ,11,0
L-31855,2025-03-30,9000.00,0.29,62,36,2,100000.00,ธุรกิจส่วนตัว,1,ปิดบัญชีแล้ว,28,0
L-22417,2025-03-31,42854.95,0.204,116,32,1,100000.00,พนักงานประจำ,2,ปกติ,10,0
L-25314,2025-03-31,40312.80,0.274,46,57,6,300000.00,พนักงานประจำ,0,ปกติ,4,0
L-25635,2025-03-31,15060.13,0.308,125,49,5,300000.00,อาชีพอิสระ,1,ปกติ,15,0
L-26513,2025-03-31,13326.47,0.283,154,59,5,50000.00,อาชีพอิสระ,0,ปิดบัญชีแล้ว,17,0
L-27099,2025-03-31,14114.92,0.096,160,41,1,50000.00,ข้าราชการ,0,ปกติ,27,0
L-27659,2025-03-31,47192.02,0.477,234,63,4,500000.00,ธุรกิจส่วนตัว,0,ปกติ,30,0
L-28795,2025-03-31,48851.05,0.44,196,24,4,50000.00,อาชีพอิสระ,2,ปกติ,20,0
L-28933,2025-03-31,41068.07,0.255,58,39,0,500000.00,ข้าราชการ,2,ปิดบัญชีแล้ว,7,0
L-29438,2025-03-31,10268.14,0.555,100,65,1,100000.00,อาชีพอิสระ,9,ค้างชำระ,157,1
L-29730,2025-03-31,28594.92,0.287,125,43,3,150000.00,ข้าราชการ,0,ปกติ,17,0
L-30523,2025-03-31,33162.59,0.479,166,61,0,100000.00,อาชีพอิสระ,1,ปกติ,17,0
L-31671,2025-03-31,15477.95,0.185,72,40,1,500000.00,อาชีพอิสระ,1,ปิดบัญชีแล้ว,18,0
L-20683,2025-04-01,58635.05,0.02,3,29,6,300000.00,พนักงานประจำ,0,ปกติ,12,0
L-23204,2025-04-01,45130.10,0.402,125,58,0,150000.00,ข้าราชการ,1,ปกติ,18,0
L-23852,2025-04-01,19297.43,0.249,65,48,3,200000.00,ข้าราชการ,0,ปกติ,4,0
L-24002,2025-04-01,23549.96,0.458,75,21,3,100000.00,อาชีพอิสระ,1,ปิดบัญชีแล้ว,14,0
L-24136,2025-04-01,68653.07,0.374,228,57,5,300000.00,ธุรกิจส่วนตัว,1,ปกติ,25,0
L-24297,2025-04-01,30548.37,0.136,119,42,5,100000.00,ธุรกิจส่วนตัว,2,ปกติ,23,0
L-24322,2025-04-01,18215.17,0.328,216,57,3,50000.00,อาชีพอิสระ,0,ปกติ,0,0
L-24349,2025-04-01,44038.85,0.439,29,23,3,200000.00,ข้าราชการ,0,ปิดบัญชีแล้ว,9,0
L-26144,2025-04-01,42724.37,0.29,229,49,6,300000.00,ข้าราชการ,9,ค้างชำระ,129,1
L-26334,2025-04-01,43153.06,0.065,60,29,4,200000.00,ธุรกิจส่วนตัว,0,ปกติ,6,0
L-26933,2025-04-01,23746.37,0.454,81,46,2,300000.00,อาชีพอิสระ,6,ค้างชำระ,57,1
L-27133,2025-04-01,46952.87,0.505,190,40,4,100000.00,ข้าราชการ,0,ปกติ,12,0
L-27757,2025-04-01,42118.51,0.721,78,22,2,100000.00,ข้าราชการ,7,ค้างชำระ,46,1
L-29442,2025-04-01,45526.33,0.403,216,23,4,100000.00,อาชีพอิสระ,1,ปกติ,8,0
L-29657,2025-04-01,36309.71,0.396,78,53,2,500000.00,อาชีพอิสระ,0,ปกติ,14,0
L-30705,2025-04-01,23987.62,0.138,33,31,2,100000.00,พนักงานประจำ,2,ปกติ,15,0
L-31297,2025-04-01,45102.25,0.494,6,53,5,300000.00,ธุรกิจส่วนตัว,0,ปกติ,8,0
L-31744,2025-04-01,65737.78,0.186,66,36,6,200000.00,ธุรกิจส่วนตัว,2,ปิดบัญชีแล้ว,13,0
L-20009,2025-04-02,14597.51,0.197,62,57,2,200000.00,ธุรกิจส่วนตัว,0,ปกติ,1,0
L-20617,2025-04-02,45766.56,0.47,20,36,2,200000.00,อาชีพอิสระ,1,ปิดบัญชีแล้ว,7,0
L-20725,2025-04-02,13846.89,0.582,137,48,0,50000.00,ธุรกิจส่วนตัว,2,ปกติ,16,0
L-21356,2025-04-02,32047.66,0.439,231,30,2,150000.00,ข้าราชการ,1,ปิดบัญชีแล้ว,8,0
L-21368,2025-04-02,47562.58,0.02,106,40,5,100000.00,พนักงานประจำ,1,ปิดบัญชีแล้ว,5,0
L-22916,2025-04-02,28440.62,0.443,120,23,0,300000.00,พนักงานประจำ,2,ปกติ,7,0
L-23083,2025-04-02,27291.67,0.509,233,54,1,500000.00,ธุรกิจส่วนตัว,2,ปกติ,16,0
L-23492,2025-04-02,27215.20,0.192,214,59,4,300000.00,ข้าราชการ,1,ปกติ,14,0
L-24638,2025-04-02,43075.63,0.572,221,58,6,100000.00,พนักงานประจำ,0,ปกติ,18,0
L-24774,2025-04-02,40532.35,0.302,182,29,4,500000.00,ธุรกิจส่วนตัว,2,ปกติ,10,0
L-27522,2025-04-02,39883.47,0.823,115,30,1,200000.00,อาชีพอิสระ,0,ปกติ,19,0
L-27870,2025-04-02,9000.00,0.458,207,28,0,50000.00,ธุรกิจส่วนตัว,0,ปกติ,28,0
L-30871,2025-04-02,53930.55,0.045,159,54,1,500000.00,ธุรกิจส่วนตัว,1,ปกติ,24,0
L-20122,2025-04-03,53335.80,0.399,179,48,5,500000.00,ธุรกิจส่วนตัว,1,ปิดบัญชีแล้ว,9,0
L-22122,2025-04-03,53921.91,0.508,65,50,0,100000.00,ข้าราชการ,0,ปกติ,3,0
L-25343,2025-04-03,34461.00,0.5,36,36,4,300000.00,ข้าราชการ,2,ปิดบัญชีแล้ว,1,0
L-26975,2025-04-03,39760.23,0.48,17,37,0,300000.00,พนักงานประจำ,1,ปกติ,24,0
L-26991,2025-04-03,53874.11,0.57,175,23,6,200000.00,ธุรกิจส่วนตัว,2,ปกติ,24,0
L-27666,2025-04-03,38486.49,0.365,201,28,1,200000.00,ข้าราชการ,2,ปกติ,16,0
L-28226,2025-04-03,43634.83,0.42,83,63,1,50000.00,พนักงานประจำ,2,ปิดบัญชีแล้ว,23,0
L-29068,2025-04-03,23756.63,0.304,64,57,2,50000.00,พนักงานประจำ,2,ปิดบัญชีแล้ว,15,0
L-29367,2025-04-03,31008.45,0.283,181,35,5,200000.00,อาชีพอิสระ,1,ปิดบัญชีแล้ว,11,0
L-29739,2025-04-03,14247.62,0.769,209,32,5,150000.00,อาชีพอิสระ,2,ปกติ,10,0
L-30510,2025-04-03,29776.31,0.295,109,60,0,150000.00,พนักงานประจำ,1,ปกติ,9,0
L-31070,2025-04-03,31353.20,0.233,75,33,0,200000.00,ธุรกิจส่วนตัว,1,ปกติ,21,0
L-31834,2025-04-03,42949.74,0.335,213,52,4,50000.00,ธุรกิจส่วนตัว,2,ปกติ,5,0
L-21358,2025-04-04,9000.00,0.198,72,22,3,200000.00,อาชีพอิสระ,3,ค้างชำระ,121,1
L-21565,2025-04-04,40736.62,0.346,220,37,1,300000.00,อาชีพอิสระ,2,ปกติ,15,0
L-21894,2025-04-04,61787.87,0.332,43,50,0,300000.00,อาชีพอิสระ,0,ปกติ,18,0
L-22329,2025-04-04,24675.25,0.405,63,26,2,100000.00,ธุรกิจส่วนตัว,2,ปกติ,15,0
L-24144,2025-04-04,46864.50,0.336,161,37,3,50000.00,พนักงานประจำ,1,ปกติ,23,0
L-25549,2025-04-04,25931.23,0.353,15,44,2,100000.00,อาชีพอิสระ,2,ปกติ,27,0
L-26618,2025-04-04,31540.03,0.755,88,58,0,500000.00,ธุรกิจส่วนตัว,0,ปกติ,7,0
L-27943,2025-04-04,29613.56,0.045,134,37,1,100000.00,พนักงานประจำ,1,ปกติ,24,0
L-28119,2025-04-04,34457.63,0.804,89,62,6,300000.00,อาชีพอิสระ,2,ปกติ,17,0
L-28529,2025-04-04,18527.73,0.327,135,57,5,100000.00,ข้าราชการ,1,ปกติ,9,0
L-29764,2025-04-04,36824.33,0.425,202,59,3,150000.00,พนักงานประจำ,2,ปิดบัญชีแล้ว,15,0
L-20849,2025-04-05,33623.80,0.427,89,60,1,200000.00,พนักงานประจำ,0,ปกติ,24,0
L-22018,2025-04-05,9000.00,0.493,27,21,5,50000.00,พนักงานประจำ,5,ค้างชำระ,127,1
L-22260,2025-04-05,21813.96,0.373,125,52,1,100000.00,ข้าราชการ,5,ค้างชำระ,96,1
L-23142,2025-04-05,36061.96,0.145,88,58,5,100000.00,ข้าราชการ,1,ปกติ,20,0
L-25068,2025-04-05,9000.00,0.437,209,38,0,500000.00,พนักงานประจำ,2,ปิดบัญชีแล้ว,21,0
L-25078,2025-04-05,29390.13,0.035,111,51,3,50000.00,พนักงานประจำ,0,ปกติ,25,0
L-28834,2025-04-05,30378.93,0.732,178,37,5,500000.00,อาชีพอิสระ,2,ปิดบัญชีแล้ว,10,0
L-28886,2025-04-05,26351.50,0.08,225,27,0,150000.00,อาชีพอิสระ,0,ปิดบัญชีแล้ว,28,0
L-28959,2025-04-05,42786.30,0.462,164,59,2,300000.00,อาชีพอิสระ,0,ปกติ,6,0
L-30072,2025-04-05,22835.42,0.186,189,62,2,200000.00,พนักงานประจำ,0,ปกติ,18,0
L-31534,2025-04-05,30386.99,0.56,101,61,5,100000.00,ข้าราชการ,2,ปกติ,4,0
L-31724,2025-04-05,26914.14,0.286,99,57,2,300000.00,อาชีพอิสระ,0,ปกติ,13,0
L-20138,2025-04-06,30641.46,0.292,4,34,5,300000.00,พนักงานประจำ,0,ปกติ,6,0
L-20303,2025-04-06,34289.14,0.418,150,39,6,500000.00,พนักงานประจำ,2,ปกติ,30,0
L-20321,2025-04-06,39220.04,0.3,122,50,0,500000.00,อาชีพอิสระ,0,ปกติ,25,0
L-21269,2025-04-06,32940.55,0.131,177,29,5,100000.00,ธุรกิจส่วนตัว,14,ค้างชำระ,158,1
L-21650,2025-04-06,30179.97,0.02,163,41,2,100000.00,ข้าราชการ,11,ค้างชำระ,77,1
L-22893,2025-04-06,32870.71,0.452,72,21,1,50000.00,พนักงานประจำ,1,ปกติ,2,0
L-24222,2025-04-06,27858.64,0.039,117,44,6,300000.00,อาชีพอิสระ,5,ค้างชำระ,166,1
L-30101,2025-04-06,60045.09,0.382,196,42,4,150000.00,ข้าราชการ,2,ปกติ,17,0
L-30886,2025-04-06,17103.20,0.177,63,45,0,200000.00,ข้าราชการ,2,ปิดบัญชีแล้ว,29,0
L-20653,2025-04-07,27390.68,0.025,98,49,2,150000.00,อาชีพอิสระ,2,ปกติ,9,0
L-22182,2025-04-07,51101.37,0.225,129,27,5,300000.00,อาชีพอิสระ,0,ปกติ,29,0
L-22244,2025-04-07,40692.87,0.304,187,34,6,50000.00,ข้าราชการ,2,ปกติ,0,0
L-22773,2025-04-07,31953.10,0.41,39,46,0,50000.00,อาชีพอิสระ,0,ปกติ,1,0
L-23112,2025-04-07,56444.32,0.271,109,26,1,200000.00,อาชีพอิสระ,1,ปกติ,3,0
L-23389,2025-04-07,37945.55,0.641,131,31,2,150000.00,ข้าราชการ,1,ปกติ,16,0
L-23793,2025-04-07,37257.77,0.352,105,31,3,300000.00,พนักงานประจำ,3,ค้างชำระ,65,1
L-27382,2025-04-07,50198.46,0.384,206,38,5,300000.00,พนักงานประจำ,0,ปกติ,28,0
L-27978,2025-04-07,44934.45,0.615,82,33,4,100000.00,ข้าราชการ,1,ปกติ,20,0
L-28021,2025-04-07,22761.72,0.302,134,54,0,150000.00,พนักงานประจำ,2,ปกติ,27,0
L-28588,2025-04-07,19624.30,0.23,196,51,0,200000.00,อาชีพอิสระ,0,ปกติ,2,0
L-29988,2025-04-07,41599.41,0.451,101,51,0,50000.00,ข้าราชการ,1,ปกติ,8,0
L-30417,2025-04-07,9460.72,0.755,11,43,4,300000.00,พนักงานประจำ,1,ปิดบัญชีแล้ว,17,0
L-31611,2025-04-07,34020.02,0.357,95,59,0,100000.00,อาชีพอิสระ,2,ปกติ,18,0
L-20440,2025-04-08,21944.48,0.314,73,54,2,200000.00,ธุรกิจส่วนตัว,1,ปกติ,4,0
L-20468,2025-04-08,29033.67,0.472,52,43,6,200000.00,อาชีพอิสระ,6,ค้างชำระ,118,1
L-20997,2025-04-08,26241.43,0.53,116,47,2,200000.00,ธุรกิจส่วนตัว,2,ปิดบัญชีแล้ว,24,0
L-21114,2025-04-08,36756.77,0.327,209,51,2,150000.00,พนักงานประจำ,1,ปิดบัญชีแล้ว,24,0
L-22820,2025-04-08,29878.39,0.323,70,34,1,50000.00,ธุรกิจส่วนตัว,1,ปกติ,28,0
L-23557,2025-04-08,9826.72,0.474,9,42,3,300000.00,ธุรกิจส่วนตัว,0,ปกติ,30,0
L-24157,2025-04-08,37159.28,0.195,233,47,5,500000.00,พนักงานประจำ,0,ปกติ,13,0
L-24180,2025-04-08,50922.22,0.346,80,49,2,200000.00,พนักงานประจำ,0,ปกติ,12,0
L-25908,2025-04-08,28054.82,0.366,159,56,1,500000.00,พนักงานประจำ,0,ปกติ,2,0
L-28762,2025-04-08,33043.53,0.495,85,32,4,150000.00,ธุรกิจส่วนตัว,1,ปิดบัญชีแล้ว,13,0
L-28776,2025-04-08,39179.42,0.582,148,48,2,100000.00,ข้าราชการ,1,ปกติ,16,0
L-30572,2025-04-08,44697.37,0.619,40,62,1,100000.00,ข้าราชการ,2,ปกติ,20,0
L-30727,2025-04-08,54324.75,0.529,73,23,2,200000.00,พนักงานประจำ,2,ปกติ,8,0
L-31403,2025-04-08,44726.21,0.43,118,53,0,100000.00,ธุรกิจส่วนตัว,1,ปกติ,29,0
L-31862,2025-04-08,18263.74,0.546,178,42,4,200000.00,พนักงานประจำ,2,ปิดบัญชีแล้ว,11,0
L-20847,2025-04-09,43034.84,0.289,130,37,5,100000.00,พนักงานประจำ,2,ปิดบัญชีแล้ว,12,0
L-21491,2025-04-09,19756.00,0.077,20,65,3,200000.00,พนักงานประจำ,0,ปกติ,8,0
L-25485,2025-04-09,52170.98,0.499,188,47,2,500000.00,อาชีพอิสระ,1,ปกติ,7,0
L-25647,2025-04-09,31578.97,0.26,46,48,0,50000.00,อาชีพอิสระ,2,ปกติ,4,0
L-25983,2025-04-09,31322.70,0.33,31,42,4,300000.00,ข้าราชการ,4,ค้างชำระ,80,1
L-29024,2025-04-09,25204.67,0.403,59,49,3,500000.00,อาชีพอิสระ,0,ปกติ,10,0
L-30248,2025-04-09,34642.11,0.096,146,65,4,150000.00,ข้าราชการ,1,ปิดบัญชีแล้ว,1,0
L-30677,2025-04-09,30517.73,0.604,210,38,2,100000.00,ข้าราชการ,1,ปกติ,22,0
L-20124,2025-04-10,36232.86,0.172,72,47,5,300000.00,อาชีพอิสระ,1,ปกติ,17,0
L-21226,2025-04-10,56770.44,0.509,3,29,6,300000.00,พนักงานประจำ,1,ปิดบัญชีแล้ว,17,0
L-23028,2025-04-10,31507.90,0.384,180,46,2,50000.00,ธุรกิจส่วนตัว,1,ปิดบัญชีแล้ว,15,0
L-23799,2025-04-10,15698.37,0.259,53,23,5,150000.00,พนักงานประจำ,2,ปกติ,23,0
L-25859,2025-04-10,21822.02,0.102,233,49,3,50000.00,ข้าราชการ,0,ปกติ,10,0
L-29289,2025-04-10,46895.99,0.246,154,46,1,50000.00,อาชีพอิสระ,0,ปกติ,24,0
L-30578,2025-04-10,64810.74,0.463,195,47,5,50000.00,อาชีพอิสระ,1,ปกติ,7,0
L-31122,2025-04-10,9000.00,0.499,24,63,5,100000.00,อาชีพอิสระ,1,ปิดบัญชีแล้ว,8,0
L-20072,2025-04-11,41162.82,0.141,186,35,3,50000.00,อาชีพอิสระ,0,ปกติ,13,0
L-20183,2025-04-11,9000.00,0.357,28,63,2,300000.00,พนักงานประจำ,0,ปกติ,25,0
L-20587,2025-04-11,56237.56,0.479,51,37,5,500000.00,อาชีพอิสระ,0,ปิดบัญชีแล้ว,29,0
L-24212,2025-04-11,28358.05,0.268,176,35,3,100000.00,ธุรกิจส่วนตัว,1,ปกติ,1,0
L-24913,2025-04-11,29880.22,0.186,208,33,5,300000.00,ธุรกิจส่วนตัว,1,ปกติ,23,0
L-25287,2025-04-11,32393.39,0.419,8,55,2,150000.00,อาชีพอิสระ,2,ปกติ,13,0
L-25746,2025-04-11,19178.73,0.417,16,55,4,200000.00,พนักงานประจำ,12,ค้างชำระ,125,1
L-26505,2025-04-11,30377.25,0.374,90,28,5,50000.00,อาชีพอิสระ,1,ปิดบัญชีแล้ว,21,0
L-27327,2025-04-11,36115.25,0.878,10,50,1,200000.00,ธุรกิจส่วนตัว,0,ปกติ,26,0
L-27559,2025-04-11,40082.88,0.677,75,39,0,150000.00,อาชีพอิสระ,0,ปกติ,18,0
L-30741,2025-04-11,29916.74,0.031,231,46,5,500000.00,อาชีพอิสระ,2,ปกติ,14,0
L-31298,2025-04-11,35852.54,0.254,61,29,6,150000.00,อาชีพอิสระ,6,ค้างชำระ,176,1
L-31498,2025-04-11,17449.19,0.722,206,60,3,500000.00,พนักงานประจำ,1,ปกติ,18,0
L-31959,2025-04-11,31501.88,0.407,120,53,5,150000.00,ข้าราชการ,2,ปกติ,7,0
L-22031,2025-04-12,39545.01,0.26,239,29,0,500000.00,อาชีพอิสระ,2,ปกติ,12,0
L-22054,2025-04-12,22908.56,0.441,220,36,6,150000.00,ข้าราชการ,1,ปกติ,11,0
L-22766,2025-04-12,35403.34,0.403,37,43,4,300000.00,ข้าราชการ,5,ค้างชำระ,121,1
L-24249,2025-04-12,16092.06,0.555,137,27,6,50000.00,ธุรกิจส่วนตัว,1,ปกติ,8,0
L-25800,2025-04-12,28899.95,0.37,166,36,5,200000.00,ธุรกิจส่วนตัว,1,ปกติ,21,0
L-27102,2025-04-12,9000.00,0.61,142,63,1,500000.00,ข้าราชการ,2,ปกติ,18,0
L-28057,2025-04-12,26525.35,0.449,114,33,5,100000.00,พนักงานประจำ,0,ปิดบัญชีแล้ว,21,0
L-28379,2025-04-12,25939.31,0.57,179,33,6,500000.00,อาชีพอิสระ,1,ปิดบัญชีแล้ว,0,0
L-29393,2025-04-12,56739.56,0.556,35,21,6,150000.00,ธุรกิจส่วนตัว,1,ปกติ,6,0
L-31000,2025-04-12,51946.07,0.234,145,27,5,200000.00,ธุรกิจส่วนตัว,2,ปิดบัญชีแล้ว,5,0
L-31041,2025-04-12,38144.80,0.436,138,58,5,50000.00,ข้าราชการ,14,ค้างชำระ,180,1
L-20056,2025-04-13,35481.67,0.548,86,53,0,500000.00,ธุรกิจส่วนตัว,6,ค้างชำระ,155,1
L-22683,2025-04-13,42096.85,0.483,0,24,4,500000.00,ข้าราชการ,2,ปกติ,30,0
L-22725,2025-04-13,25566.39,0.157,233,37,3,500000.00,ข้าราชการ,0,ปกติ,20,0
L-23150,2025-04-13,41214.22,0.467,91,54,1,150000.00,พนักงานประจำ,0,ปกติ,19,0
L-23323,2025-04-13,49736.28,0.601,141,64,6,50000.00,พนักงานประจำ,0,ปิดบัญชีแล้ว,18,0
L-23592,2025-04-13,16788.03,0.079,97,48,5,300000.00,พนักงานประจำ,2,ปกติ,10,0
L-25827,2025-04-13,16553.74,0.269,117,64,6,150000.00,ธุรกิจส่วนตัว,1,ปิดบัญชีแล้ว,11,0
L-26318,2025-04-13,20224.46,0.218,12,33,1,200000.00,อาชีพอิสระ,1,ปกติ,3,0
L-26762,2025-04-13,30636.49,0.262,178,28,1,100000.00,ข้าราชการ,0,ปกติ,23,0
L-28074,2025-04-13,33975.63,0.101,53,38,2,500000.00,ธุรกิจส่วนตัว,2,ปกติ,10,0
L-28688,2025-04-13,13191.31,0.257,139,49,4,150000.00,พนักงานประจำ,1,ปกติ,7,0
L-28992,2025-04-13,35682.71,0.361,204,53,4,150000.00,พนักงานประจำ,0,ปกติ,19,0
L-29796,2025-04-13,29021.95,0.11,113,24,6,150000.00,พนักงานประจำ,2,ปกติ,30,0
L-30014,2025-04-13,32078.73,0.227,216,59,4,50000.00,ธุรกิจส่วนตัว,1,ปิดบัญชีแล้ว,30,0
L-30584,2025-04-13,10916.85,0.581,172,26,0,50000.00,อาชีพอิสระ,0,ปกติ,27,0
L-31704,2025-04-13,18701.49,0.27,54,61,6,100000.00,พนักงานประจำ,2,ปิดบัญชีแล้ว,8,0
L-21549,2025-04-14,22201.69,0.625,177,25,4,150000.00,พนักงานประจำ,0,ปกติ,5,0
L-23357,2025-04-14,55270.01,0.087,198,24,4,150000.00,พนักงานประจำ,2,ปกติ,15,0
L-23833,2025-04-14,35606.80,0.377,3,60,6,200000.00,พนักงานประจำ,2,ปกติ,0,0
L-24823,2025-04-14,22553.63,0.498,9,34,5,100000.00,พนักงานประจำ,13,ค้างชำระ,72,1
L-24991,2025-04-14,45047.11,0.501,4,63,6,200000.00,ธุรกิจส่วนตัว,1,ปกติ,19,0
L-26438,2025-04-14,19214.35,0.543,214,46,5,500000.00,ข้าราชการ,1,ปกติ,28,0
L-27113,2025-04-14,13813.98,0.675,162,61,2,50000.00,ธุรกิจส่วนตัว,13,ค้างชำระ,141,1
L-27151,2025-04-14,31162.96,0.648,228,40,1,100000.00,ข้าราชการ,1,ปกติ,2,0
L-30206,2025-04-14,35022.98,0.579,53,38,0,100000.00,ธุรกิจส่วนตัว,1,ปกติ,14,0
L-30668,2025-04-14,17302.98,0.299,68,56,6,50000.00,ธุรกิจส่วนตัว,14,ค้างชำระ,170,1
L-30905,2025-04-14,16346.43,0.271,157,30,3,100000.00,ธุรกิจส่วนตัว,1,ปกติ,11,0
L-20217,2025-04-15,37958.80,0.384,22,27,3,500000.00,ข้าราชการ,0,ปกติ,4,0
L-23050,2025-04-15,17889.42,0.484,66,31,1,300000.00,ข้าราชการ,2,ปิดบัญชีแล้ว,11,0
L-23904,2025-04-15,44863.84,0.331,140,47,5,500000.00,อาชีพอิสระ,3,ค้างชำระ,80,1
L-24627,2025-04-15,35586.02,0.142,58,48,1,500000.00,พนักงานประจำ,2,ปกติ,0,0
L-25407,2025-04-15,30125.78,0.362,238,59,4,50000.00,ข้าราชการ,1,ปกติ,27,0
L-25817,2025-04-15,37346.17,0.679,206,46,1,100000.00,อาชีพอิสระ,1,ปกติ,23,0
L-26827,2025-04-15,33342.33,0.632,116,37,5,200000.00,ธุรกิจส่วนตัว,0,ปกติ,20,0
L-26935,2025-04-15,47348.91,0.607,204,34,5,200000.00,ข้าราชการ,0,ปกติ,22,0
L-27279,2025-04-15,44052.36,0.461,180,27,1,300000.00,ธุรกิจส่วนตัว,0,ปกติ,25,0
L-28401,2025-04-15,9000.00,0.692,182,35,1,500000.00,อาชีพอิสระ,0,ปกติ,27,0
L-28515,2025-04-15,10957.72,0.198,190,39,4,50000.00,อาชีพอิสระ,0,ปกติ,1,0
L-29948,2025-04-15,38143.75,0.02,151,62,3,500000.00,อาชีพอิสระ,0,ปกติ,5,0
L-31434,2025-04-15,39193.02,0.165,103,23,1,100000.00,พนักงานประจำ,1,ปกติ,27,0
L-31759,2025-04-15,42252.99,0.404,227,58,2,300000.00,ข้าราชการ,1,ปกติ,5,0
L-20007,2025-04-16,25756.96,0.267,210,23,0,150000.00,พนักงานประจำ,2,ปกติ,13,0
L-20484,2025-04-16,9000.00,0.059,82,50,4,200000.00,อาชีพอิสระ,1,ปกติ,17,0
L-21139,2025-04-16,47060.45,0.4,130,37,4,100000.00,พนักงานประจำ,5,ค้างชำระ,142,1
L-22269,2025-04-16,28968.33,0.632,201,60,5,50000.00,ธุรกิจส่วนตัว,7,ค้างชำระ,76,1
L-25041,2025-04-16,33073.70,0.652,239,26,4,50000.00,พนักงานประจำ,1,ปิดบัญชีแล้ว,11,0
L-25113,2025-04-16,24004.95,0.772,231,55,0,200000.00,ข้าราชการ,14,ค้างชำระ,99,1
L-26491,2025-04-16,28477.04,0.291,152,57,6,500000.00,ข้าราชการ,2,ปกติ,18,0
L-27171,2025-04-16,9000.00,0.646,116,28,1,50000.00,ธุรกิจส่วนตัว,4,ค้างชำระ,180,1
L-28755,2025-04-16,53071.52,0.42,67,53,0,300000.00,อาชีพอิสระ,2,ปกติ,15,0
L-29552,2025-04-16,35691.21,0.366,125,27,1,200000.00,ธุรกิจส่วนตัว,1,ปกติ,1,0
L-29803,2025-04-16,45444.55,0.237,53,30,6,100000.00,ข้าราชการ,0,ปกติ,4,0
L-30411,2025-04-16,25422.20,0.425,5,32,4,300000.00,พนักงานประจำ,0,ปิดบัญชีแล้ว,3,0
L-21052,2025-04-17,56249.37,0.113,135,33,6,50000.00,ธุรกิจส่วนตัว,0,ปกติ,9,0
L-21903,2025-04-17,10102.37,0.094,32,59,0,300000.00,อาชีพอิสระ,2,ปกติ,8,0
L-21979,2025-04-17,34344.20,0.526,218,45,3,100000.00,ธุรกิจส่วนตัว,0,ปกติ,11,0
L-22858,2025-04-17,40001.53,0.495,203,57,3,200000.00,พนักงานประจำ,0,ปกติ,1,0
L-24924,2025-04-17,24965.43,0.262,133,23,1,500000.00,ข้าราชการ,0,ปกติ,9,0
L-25181,2025-04-17,45624.91,0.511,109,29,1,150000.00,ข้าราชการ,13,ค้างชำระ,120,1
L-26769,2025-04-17,9000.00,0.36,197,40,4,300000.00,อาชีพอิสระ,0,ปกติ,23,0
L-27208,2025-04-17,20311.49,0.583,13,36,6,500000.00,พนักงานประจำ,4,ค้างชำระ,110,1
L-27474,2025-04-17,40334.94,0.493,32,34,4,100000.00,ธุรกิจส่วนตัว,1,ปกติ,27,0
L-27766,2025-04-17,40835.05,0.158,40,34,6,300000.00,ข้าราชการ,2,ปกติ,23,0
L-28257,2025-04-17,40166.62,0.533,0,35,3,100000.00,ข้าราชการ,10,ค้างชำระ,178,1
L-29169,2025-04-17,16259.27,0.713,160,64,2,150000.00,พนักงานประจำ,2,ปกติ,15,0
L-29533,2025-04-17,32879.85,0.438,89,34,2,150000.00,ธุรกิจส่วนตัว,7,ค้างชำระ,51,1
L-29696,2025-04-17,32875.11,0.699,34,47,2,50000.00,ข้าราชการ,1,ปกติ,1,0
L-29991,2025-04-17,27990.69,0.192,5,61,4,100000.00,พนักงานประจำ,1,ปกติ,26,0
L-30125,2025-04-17,25493.47,0.345,25,26,2,150000.00,อาชีพอิสระ,2,ปิดบัญชีแล้ว,16,0
L-31407,2025-04-17,23711.14,0.341,98,54,5,200000.00,อาชีพอิสระ,7,ค้างชำระ,157,1
L-31597,2025-04-17,9000.00,0.272,51,43,5,50000.00,ข้าราชการ,2,ปกติ,13,0
L-20254,2025-04-18,9000.00,0.356,5,61,2,100000.00,ข้าราชการ,2,ปกติ,21,0
L-21257,2025-04-18,16258.25,0.02,15,61,4,150000.00,พนักงานประจำ,0,ปกติ,27,0
L-22958,2025-04-18,41640.93,0.338,180,62,0,50000.00,อาชีพอิสระ,1,ปกติ,0,0
L-23373,2025-04-18,48945.87,0.382,114,61,6,200000.00,อาชีพอิสระ,1,ปกติ,15,0
L-26017,2025-04-18,43565.97,0.369,163,63,4,200000.00,ข้าราชการ,1,ปกติ,6,0
L-26268,2025-04-18,47635.10,0.184,204,62,0,500000.00,ข้าราชการ,0,ปกติ,20,0
L-27035,2025-04-18,34845.32,0.557,109,22,1,200000.00,ธุรกิจส่วนตัว,0,ปกติ,18,0
L-28171,2025-04-18,35134.26,0.454,148,24,5,300000.00,ธุรกิจส่วนตัว,2,ปิดบัญชีแล้ว,25,0
L-28971,2025-04-18,9000.00,0.384,32,51,6,50000.00,พนักงานประจำ,0,ปิดบัญชีแล้ว,7,0
L-29080,2025-04-18,24957.90,0.276,239,42,3,100000.00,ธุรกิจส่วนตัว,1,ปกติ,16,0
L-29179,2025-04-18,23523.29,0.334,231,24,6,300000.00,พนักงานประจำ,0,ปกติ,20,0
L-30893,2025-04-18,25297.39,0.53,155,52,2,200000.00,อาชีพอิสระ,2,ปกติ,3,0
L-31141,2025-04-18,52782.26,0.66,207,33,4,100000.00,พนักงานประจำ,2,ปกติ,12,0
L-31490,2025-04-18,42327.62,0.386,133,48,3,150000.00,อาชีพอิสระ,2,ปกติ,22,0
L-31494,2025-04-18,40690.80,0.394,52,64,1,500000.00,พนักงานประจำ,8,ค้างชำระ,131,1
L-20211,2025-04-19,49104.45,0.341,61,64,2,300000.00,ธุรกิจส่วนตัว,1,ปกติ,2,0
L-21051,2025-04-19,18749.37,0.508,69,42,0,200000.00,ข้าราชการ,0,ปกติ,24,0
L-22504,2025-04-19,27463.12,0.135,229,34,1,500000.00,พนักงานประจำ,2,ปิดบัญชีแล้ว,29,0
L-23650,2025-04-19,36246.73,0.475,204,53,2,100000.00,อาชีพอิสระ,1,ปกติ,11,0
L-24539,2025-04-19,9000.00,0.469,121,27,4,200000.00,พนักงานประจำ,1,ปกติ,2,0
L-25676,2025-04-19,39280.69,0.628,195,54,2,50000.00,ธุรกิจส่วนตัว,2,ปกติ,29,0
L-26321,2025-04-19,48623.91,0.527,90,24,0,50000.00,ธุรกิจส่วนตัว,0,ปิดบัญชีแล้ว,7,0
L-27492,2025-04-19,20731.81,0.479,136,52,6,500000.00,พนักงานประจำ,2,ปกติ,2,0
L-28557,2025-04-19,33288.44,0.348,15,52,0,300000.00,พนักงานประจำ,2,ปกติ,30,0
L-29162,2025-04-19,15829.46,0.315,75,26,4,150000.00,อาชีพอิสระ,0,ปกติ,28,0
L-29394,2025-04-19,59782.60,0.396,2,36,1,150000.00,ข้าราชการ,0,ปิดบัญชีแล้ว,15,0
L-30278,2025-04-19,33591.41,0.475,167,64,4,150000.00,ธุรกิจส่วนตัว,2,ปกติ,6,0
L-20253,2025-04-20,10032.87,0.434,158,60,3,100000.00,พนักงานประจำ,1,ปกติ,22,0
L-20459,2025-04-20,44044.77,0.144,170,61,2,500000.00,พนักงานประจำ,0,ปกติ,28,0
L-21210,2025-04-20,59524.32,0.418,68,65,6,50000.00,ธุรกิจส่วนตัว,1,ปกติ,22,0
L-21858,2025-04-20,9000.00,0.678,240,22,5,150000.00,อาชีพอิสระ,2,ปกติ,9,0
L-23500,2025-04-20,45495.84,0.255,28,41,0,300000.00,ธุรกิจส่วนตัว,1,ปิดบัญชีแล้ว,25,0
L-25009,2025-04-20,20308.82,0.546,65,56,0,300000.00,พนักงานประจำ,2,ปกติ,28,0
L-28521,2025-04-20,34618.20,0.341,212,29,3,500000.00,ธุรกิจส่วนตัว,2,ปิดบัญชีแล้ว,2,0
L-29573,2025-04-20,9000.00,0.479,195,49,1,50000.00,พนักงานประจำ,2,ปกติ,3,0
L-20517,2025-04-21,32784.98,0.476,121,65,6,100000.00,ธุรกิจส่วนตัว,0,ปกติ,14,0
L-21144,2025-04-21,44460.39,0.535,39,42,0,300000.00,ข้าราชการ,2,ปกติ,26,0
L-22790,2025-04-21,15597.89,0.532,53,23,5,100000.00,ธุรกิจส่วนตัว,0,ปกติ,7,0
L-23914,2025-04-21,54633.98,0.162,72,30,3,150000.00,ธุรกิจส่วนตัว,2,ปิดบัญชีแล้ว,4,0
L-25657,2025-04-21,34611.96,0.251,238,41,0,200000.00,ธุรกิจส่วนตัว,2,ปกติ,10,0
L-26427,2025-04-21,45510.96,0.467,192,43,1,100000.00,พนักงานประจำ,0,ปกติ,8,0
L-28008,2025-04-21,28692.71,0.419,59,50,5,100000.00,อาชีพอิสระ,2,ปกติ,1,0
L-28231,2025-04-21,14951.21,0.328,23,47,0,300000.00,อาชีพอิสระ,1,ปิดบัญชีแล้ว,21,0
L-28333,2025-04-21,9000.00,0.516,114,63,5,50000.00,ธุรกิจส่วนตัว,2,ปกติ,27,0
L-28368,2025-04-21,28542.41,0.774,156,44,1,150000.00,พนักงานประจำ,5,ค้างชำระ,106,1
L-29055,2025-04-21,35516.61,0.35,25,65,5,100000.00,ธุรกิจส่วนตัว,1,ปิดบัญชีแล้ว,7,0
L-30384,2025-04-21,23069.64,0.518,134,34,1,300000.00,ธุรกิจส่วนตัว,0,ปิดบัญชีแล้ว,5,0
L-20081,2025-04-22,31044.91,0.372,33,65,3,100000.00,พนักงานประจำ,1,ปกติ,15,0
L-20408,2025-04-22,42741.15,0.65,148,52,3,300000.00,ข้าราชการ,0,ปกติ,15,0
L-20485,2025-04-22,13407.39,0.519,185,53,3,200000.00,ธุรกิจส่วนตัว,0,ปกติ,10,0
L-20602,2025-04-22,22445.25,0.584,117,59,1,100000.00,พนักงานประจำ,2,ปกติ,21,0
L-23764,2025-04-22,9000.00,0.373,199,60,2,150000.00,พนักงานประจำ,0,ปิดบัญชีแล้ว,16,0
L-26122,2025-04-22,42965.79,0.459,48,39,1,300000.00,อาชีพอิสระ,1,ปกติ,19,0
L-26213,2025-04-22,46249.57,0.02,75,64,5,200000.00,พนักงานประจำ,2,ปกติ,17,0
L-28871,2025-04-22,41455.18,0.624,137,59,4,50000.00,ข้าราชการ,1,ปกติ,1,0
L-29456,2025-04-22,43891.38,0.693,229,41,5,50000.00,ธุรกิจส่วนตัว,2,ปกติ,22,0
L-22691,2025-04-23,51534.90,0.337,203,40,4,100000.00,ข้าราชการ,0,ปกติ,17,0
L-23114,2025-04-23,54076.10,0.563,168,24,4,50000.00,อาชีพอิสระ,2,ปกติ,14,0
L-23156,2025-04-23,39313.36,0.495,130,56,1,200000.00,อาชีพอิสระ,0,ปิดบัญชีแล้ว,14,0
L-23233,2025-04-23,12903.31,0.403,3,60,5,200000.00,ธุรกิจส่วนตัว,2,ปกติ,28,0
L-23703,2025-04-23,21486.06,0.315,186,22,1,500000.00,ข้าราชการ,0,ปิดบัญชีแล้ว,8,0
L-25820,2025-04-23,34617.29,0.429,143,23,6,50000.00,ข้าราชการ,2,ปิดบัญชีแล้ว,9,0
L-27160,2025-04-23,10701.84,0.314,17,50,5,100000.00,พนักงานประจำ,0,ปกติ,25,0
L-27580,2025-04-23,21682.71,0.169,98,62,6,300000.00,อาชีพอิสระ,5,ค้างชำระ,136,1
L-28228,2025-04-23,33423.76,0.453,97,26,2,200000.00,ธุรกิจส่วนตัว,0,ปกติ,24,0
L-28616,2025-04-23,9097.63,0.382,198,53,2,100000.00,อาชีพอิสระ,0,ปกติ,18,0
L-30077,2025-04-23,27285.52,0.268,59,54,2,100000.00,พนักงานประจำ,0,ปกติ,17,0
L-30141,2025-04-23,33498.69,0.229,188,33,5,200000.00,พนักงานประจำ,0,ปกติ,19,0
L-30701,2025-04-23,41413.43,0.713,157,24,4,150000.00,ข้าราชการ,2,ปกติ,8,0
L-31553,2025-04-23,13372.57,0.256,33,48,4,200000.00,ธุรกิจส่วนตัว,2,ปิดบัญชีแล้ว,16,0
L-31889,2025-04-23,19110.44,0.355,227,65,3,500000.00,ธุรกิจส่วนตัว,1,ปกติ,1,0
L-20531,2025-04-24,33501.81,0.369,15,50,5,100000.00,ข้าราชการ,2,ปกติ,9,0
L-21636,2025-04-24,14677.75,0.2,119,48,1,50000.00,ข้าราชการ,2,ปิดบัญชีแล้ว,9,0
L-22582,2025-04-24,27226.52,0.186,19,49,3,100000.00,พนักงานประจำ,2,ปิดบัญชีแล้ว,10,0
L-22728,2025-04-24,20652.16,0.306,119,28,0,300000.00,อาชีพอิสระ,0,ปกติ,17,0
L-23965,2025-04-24,37559.95,0.454,142,31,6,150000.00,ธุรกิจส่วนตัว,2,ปิดบัญชีแล้ว,4,0
L-24109,2025-04-24,33972.21,0.383,209,22,4,300000.00,ข้าราชการ,1,ปิดบัญชีแล้ว,20,0
L-24995,2025-04-24,47552.62,0.348,24,39,3,100000.00,ข้าราชการ,1,ปกติ,3,0
L-26849,2025-04-24,25449.52,0.346,77,34,3,200000.00,ข้าราชการ,2,ปิดบัญชีแล้ว,7,0
L-28181,2025-04-24,37672.69,0.111,147,30,1,150000.00,พนักงานประจำ,2,ปกติ,26,0
L-31409,2025-04-24,69443.58,0.309,19,59,4,200000.00,ข้าราชการ,3,ค้างชำระ,87,1
L-22042,2025-04-25,31207.53,0.415,107,60,0,500000.00,ข้าราชการ,1,ปกติ,14,0
L-22158,2025-04-25,42621.11,0.264,221,30,1,300000.00,ข้าราชการ,0,ปกติ,27,0
L-24267,2025-04-25,61941.63,0.128,89,27,0,100000.00,อาชีพอิสระ,1,ปกติ,24,0
L-25367,2025-04-25,37516.23,0.364,63,51,2,200000.00,พนักงานประจำ,13,ค้างชำระ,157,1
L-26093,2025-04-25,30101.53,0.151,12,23,2,150000.00,พนักงานประจำ,1,ปิดบัญชีแล้ว,24,0
L-26606,2025-04-25,35952.24,0.177,212,45,4,300000.00,ธุรกิจส่วนตัว,2,ปกติ,11,0
L-27495,2025-04-25,47551.63,0.27,238,64,1,150000.00,อาชีพอิสระ,2,ปกติ,26,0
L-28217,2025-04-25,33965.48,0.276,43,59,0,300000.00,พนักงานประจำ,1,ปกติ,7,0
L-28807,2025-04-25,38464.42,0.612,5,49,0,50000.00,ธุรกิจส่วนตัว,7,ค้างชำระ,120,1
L-20785,2025-04-26,34804.56,0.184,91,43,0,300000.00,พนักงานประจำ,1,ปกติ,14,0
L-21752,2025-04-26,36779.23,0.404,137,62,1,300000.00,ธุรกิจส่วนตัว,0,ปกติ,29,0
L-22109,2025-04-26,25018.98,0.612,234,47,0,500000.00,อาชีพอิสระ,2,ปิดบัญชีแล้ว,11,0
L-24629,2025-04-26,56935.71,0.414,101,26,3,500000.00,ข้าราชการ,13,ค้างชำระ,164,1
L-25608,2025-04-26,30125.06,0.579,198,23,5,150000.00,พนักงานประจำ,2,ปกติ,24,0
L-26024,2025-04-26,51270.65,0.048,121,23,6,50000.00,ธุรกิจส่วนตัว,1,ปกติ,1,0
L-26598,2025-04-26,39630.62,0.349,134,46,3,150000.00,ธุรกิจส่วนตัว,1,ปกติ,16,0
L-27059,2025-04-26,21875.20,0.376,20,54,3,50000.00,พนักงานประจำ,1,ปกติ,13,0
L-29375,2025-04-26,9000.00,0.479,167,51,5,100000.00,ข้าราชการ,1,ปกติ,0,0
L-30328,2025-04-26,22226.47,0.098,155,34,0,50000.00,พนักงานประจำ,1,ปกติ,17,0
L-20421,2025-04-27,32598.33,0.689,97,29,4,200000.00,พนักงานประจำ,0,ปกติ,16,0
L-21970,2025-04-27,33454.49,0.041,91,58,1,150000.00,พนักงานประจำ,0,ปกติ,7,0
L-23956,2025-04-27,34921.32,0.564,133,47,5,100000.00,อาชีพอิสระ,2,ปกติ,4,0
L-25696,2025-04-27,34003.26,0.321,179,22,5,150000.00,ข้าราชการ,2,ปกติ,27,0
L-25797,2025-04-27,15003.43,0.02,116,30,0,100000.00,พนักงานประจำ,2,ปกติ,5,0
L-25806,2025-04-27,45155.34,0.438,165,29,4,300000.00,อาชีพอิสระ,0,ปิดบัญชีแล้ว,13,0
L-26107,2025-04-27,45864.16,0.168,70,33,2,500000.00,ข้าราชการ,0,ปกติ,19,0
L-26914,2025-04-27,43450.23,0.591,69,22,2,100000.00,อาชีพอิสระ,2,ปกติ,18,0
L-28149,2025-04-27,15150.67,0.534,142,42,4,50000.00,อาชีพอิสระ,3,ค้างชำระ,118,1
L-28963,2025-04-27,52703.09,0.329,162,59,4,500000.00,ข้าราชการ,9,ค้างชำระ,164,1
L-29112,2025-04-27,39310.11,0.355,109,36,3,300000.00,อาชีพอิสระ,2,ปกติ,28,0
L-29873,2025-04-27,36338.85,0.454,115,38,0,50000.00,ธุรกิจส่วนตัว,1,ปิดบัญชีแล้ว,23,0
L-30180,2025-04-27,29017.85,0.374,236,23,3,500000.00,ข้าราชการ,1,ปกติ,24,0
L-20627,2025-04-28,48052.90,0.511,188,46,6,300000.00,ข้าราชการ,2,ปกติ,5,0
L-23954,2025-04-28,24647.41,0.632,144,48,3,200000.00,ข้าราชการ,1,ปกติ,25,0
L-24063,2025-04-28,46500.81,0.395,101,42,2,500000.00,ธุรกิจส่วนตัว,2,ปกติ,27,0
L-24159,2025-04-28,45492.01,0.159,58,57,0,150000.00,ข้าราชการ,2,ปกติ,5,0
L-24748,2025-04-28,9000.00,0.452,195,54,3,300000.00,ข้าราชการ,1,ปกติ,26,0
L-26039,2025-04-28,47941.40,0.371,127,49,1,50000.00,ข้าราชการ,2,ปกติ,1,0
L-27187,2025-04-28,24786.05,0.267,148,37,5,100000.00,พนักงานประจำ,8,ค้างชำระ,67,1
L-28273,2025-04-28,25891.07,0.092,22,52,6,50000.00,พนักงานประจำ,0,ปกติ,17,0
L-30106,2025-04-28,35648.48,0.441,195,52,5,500000.00,พนักงานประจำ,0,ปกติ,1,0
L-30264,2025-04-28,33088.72,0.585,213,51,1,50000.00,ข้าราชการ,1,ปิดบัญชีแล้ว,13,0
L-31155,2025-04-28,29547.27,0.538,122,31,5,100000.00,ข้าราชการ,2,ปกติ,26,0
L-21297,2025-04-29,13918.42,0.395,118,42,4,150000.00,ข้าราชการ,1,ปกติ,2,0
L-22712,2025-04-29,20994.26,0.152,144,34,1,100000.00,พนักงานประจำ,2,ปกติ,8,0
L-24998,2025-04-29,22413.32,0.348,60,30,1,150000.00,อาชีพอิสระ,1,ปกติ,0,0
L-25180,2025-04-29,33805.03,0.573,145,59,2,500000.00,พนักงานประจำ,0,ปกติ,17,0
L-25512,2025-04-29,35944.57,0.465,152,32,4,200000.00,ธุรกิจส่วนตัว,1,ปกติ,0,0
L-27083,2025-04-29,23163.21,0.443,85,47,5,100000.00,ธุรกิจส่วนตัว,0,ปกติ,1,0
L-27612,2025-04-29,29980.67,0.435,192,47,1,500000.00,ธุรกิจส่วนตัว,0,ปิดบัญชีแล้ว,26,0
L-28091,2025-04-29,21106.44,0.304,132,22,5,100000.00,อาชีพอิสระ,0,ปิดบัญชีแล้ว,6,0
L-28453,2025-04-29,35202.63,0.62,95,52,1,200000.00,อาชีพอิสระ,0,ปิดบัญชีแล้ว,18,0
L-20067,2025-04-30,25427.53,0.465,95,61,0,300000.00,อาชีพอิสระ,2,ปกติ,1,0
L-22583,2025-04-30,45279.60,0.33,146,45,6,500000.00,อาชีพอิสระ,14,ค้างชำระ,90,1
L-22806,2025-04-30,36296.78,0.473,199,48,4,500000.00,พนักงานประจำ,0,ปกติ,13,0
L-23105,2025-04-30,30444.45,0.235,181,37,6,100000.00,ธุรกิจส่วนตัว,1,ปิดบัญชีแล้ว,23,0
L-23342,2025-04-30,9000.00,0.067,10,36,5,200000.00,ธุรกิจส่วนตัว,1,ปิดบัญชีแล้ว,21,0
L-24576,2025-04-30,41419.36,0.204,66,33,4,50000.00,อาชีพอิสระ,1,ปกติ,8,0
L-26007,2025-04-30,53237.73,0.442,37,44,0,100000.00,ธุรกิจส่วนตัว,1,ปกติ,0,0
L-27504,2025-04-30,41746.56,0.089,221,64,6,300000.00,ข้าราชการ,1,ปกติ,4,0
L-27812,2025-04-30,28877.08,0.089,199,23,0,300000.00,พนักงานประจำ,0,ปกติ,17,0
L-21415,2025-05-01,38588.78,0.416,72,62,3,500000.00,ข้าราชการ,1,ปิดบัญชีแล้ว,9,0
L-21898,2025-05-01,19267.93,0.587,154,31,4,300000.00,พนักงานประจำ,1,ปกติ,11,0
L-22199,2025-05-01,20836.92,0.044,182,21,1,100000.00,ข้าราชการ,2,ปกติ,19,0
L-26188,2025-05-01,19624.23,0.633,126,30,1,500000.00,ธุรกิจส่วนตัว,1,ปกติ,4,0
L-26222,2025-05-01,35296.60,0.663,164,64,2,150000.00,ธุรกิจส่วนตัว,2,ปกติ,16,0
L-27479,2025-05-01,34654.10,0.02,68,47,4,100000.00,ธุรกิจส่วนตัว,1,ปิดบัญชีแล้ว,1,0
L-27630,2025-05-01,32325.97,0.192,167,28,3,50000.00,อาชีพอิสระ,1,ปิดบัญชีแล้ว,10,0
L-30442,2025-05-01,19576.49,0.303,15,29,4,50000.00,ข้าราชการ,2,ปิดบัญชีแล้ว,16,0
L-30592,2025-05-01,41974.98,0.276,109,41,4,100000.00,ข้าราชการ,0,ปกติ,18,0
L-20541,2025-05-02,39350.79,0.678,80,21,4,50000.00,ธุรกิจส่วนตัว,2,ปกติ,19,0
L-23422,2025-05-02,37133.21,0.44,85,61,0,200000.00,ข้าราชการ,0,ปิดบัญชีแล้ว,12,0
L-24563,2025-05-02,50458.18,0.586,156,28,2,300000.00,ธุรกิจส่วนตัว,0,ปกติ,24,0
L-25451,2025-05-02,19457.86,0.239,184,25,0,200000.00,พนักงานประจำ,2,ปิดบัญชีแล้ว,7,0
L-26090,2025-05-02,32269.08,0.206,72,48,1,500000.00,อาชีพอิสระ,0,ปกติ,6,0
L-27165,2025-05-02,47505.56,0.277,149,49,4,500000.00,ข้าราชการ,2,ปิดบัญชีแล้ว,14,0
L-30993,2025-05-02,42647.63,0.588,81,35,1,100000.00,พนักงานประจำ,2,ปิดบัญชีแล้ว,7,0
L-21045,2025-05-03,42432.94,0.342,180,55,5,300000.00,อาชีพอิสระ,1,ปิดบัญชีแล้ว,22,0
L-21317,2025-05-03,29997.93,0.421,153,30,4,100000.00,ข้าราชการ,1,ปิดบัญชีแล้ว,10,0
L-21454,2025-05-03,26051.42,0.35,28,61,0,300000.00,ข้าราชการ,1,ปกติ,16,0
L-22301,2025-05-03,28547.66,0.481,116,29,3,200000.00,ธุรกิจส่วนตัว,0,ปกติ,30,0
L-22892,2025-05-03,23506.35,0.176,20,33,1,100000.00,ธุรกิจส่วนตัว,0,ปกติ,9,0
L-23037,2025-05-03,29901.14,0.507,79,33,6,200000.00,พนักงานประจำ,2,ปกติ,6,0
L-23567,2025-05-03,36173.52,0.361,8,65,4,300000.00,อาชีพอิสระ,0,ปกติ,5,0
L-23866,2025-05-03,44635.85,0.368,50,65,5,300000.00,ข้าราชการ,7,ค้างชำระ,136,1
L-26550,2025-05-03,9000.00,0.303,156,62,5,50000.00,อาชีพอิสระ,2,ปกติ,13,0
L-27375,2025-05-03,21145.31,0.257,209,59,2,200000.00,อาชีพอิสระ,0,ปกติ,2,0
L-28116,2025-05-03,16034.19,0.292,85,55,3,100000.00,ธุรกิจส่วนตัว,0,ปกติ,2,0
L-28188,2025-05-03,32250.04,0.315,94,62,0,150000.00,พนักงานประจำ,1,ปกติ,11,0
L-28821,2025-05-03,20812.38,0.438,157,21,3,500000.00,อาชีพอิสระ,2,ปกติ,5,0
L-29257,2025-05-03,19942.78,0.514,105,61,3,100000.00,ข้าราชการ,2,ปกติ,28,0
L-29732,2025-05-03,34992.52,0.269,47,35,5,300000.00,ข้าราชการ,2,ปกติ,10,0
L-29735,2025-05-03,24307.85,0.119,177,28,3,500000.00,อาชีพอิสระ,1,ปกติ,22,0
L-20400,2025-05-04,49770.12,0.152,92,58,1,200000.00,พนักงานประจำ,2,ปิดบัญชีแล้ว,27,0
L-20520,2025-05-04,9000.00,0.05,28,62,0,300000.00,พนักงานประจำ,0,ปกติ,14,0
L-20538,2025-05-04,43017.74,0.412,21,46,6,200000.00,ธุรกิจส่วนตัว,2,ปกติ,3,0
L-20837,2025-05-04,27712.00,0.294,85,44,1,200000.00,อาชีพอิสระ,0,ปิดบัญชีแล้ว,4,0
L-22826,2025-05-04,9000.00,0.353,101,43,4,200000.00,ธุรกิจส่วนตัว,7,ค้างชำระ,46,1
L-23283,2025-05-04,21294.98,0.35,135,32,2,150000.00,ธุรกิจส่วนตัว,2,ปกติ,21,0
L-23517,2025-05-04,49093.90,0.474,24,26,4,100000.00,ธุรกิจส่วนตัว,2,ปกติ,9,0
L-30826,2025-05-04,48587.57,0.254,6,23,2,300000.00,อาชีพอิสระ,2,ปิดบัญชีแล้ว,17,0
L-20730,2025-05-05,22643.15,0.149,73,42,3,500000.00,อาชีพอิสระ,7,ค้างชำระ,128,1
L-20897,2025-05-05,16662.65,0.1,13,55,5,100000.00,อาชีพอิสระ,1,ปกติ,15,0
L-21503,2025-05-05,27075.44,0.351,62,60,5,150000.00,ข้าราชการ,2,ปกติ,18,0
L-21859,2025-05-05,31496.61,0.265,195,47,2,200000.00,ธุรกิจส่วนตัว,1,ปกติ,1,0
L-21900,2025-05-05,28362.86,0.09,28,32,2,300000.00,พนักงานประจำ,2,ปกติ,24,0
L-22561,2025-05-05,23576.22,0.136,41,30,6,300000.00,ข้าราชการ,1,ปกติ,10,0
L-23292,2025-05-05,62528.15,0.451,158,59,1,50000.00,ธุรกิจส่วนตัว,2,ปกติ,3,0
L-23580,2025-05-05,60937.98,0.451,124,52,1,500000.00,อาชีพอิสระ,0,ปกติ,21,0
L-23861,2025-05-05,36771.06,0.421,11,65,0,150000.00,พนักงานประจำ,0,ปิดบัญชีแล้ว,5,0
L-25854,2025-05-05,52688.87,0.519,200,56,1,150000.00,อาชีพอิสระ,2,ปกติ,1,0
L-26050,2025-05-05,36222.82,0.549,140,28,0,500000.00,พนักงานประจำ,1,ปกติ,14,0
L-27312,2025-05-05,11501.18,0.351,92,25,0,50000.00,พนักงานประจำ,2,ปกติ,7,0
L-30323,2025-05-05,14075.04,0.267,198,46,5,500000.00,ข้าราชการ,1,ปิดบัญชีแล้ว,5,0
L-30485,2025-05-05,30451.09,0.744,163,42,0,100000.00,ข้าราชการ,0,ปกติ,21,0
L-30894,2025-05-05,26603.00,0.349,96,22,1,150000.00,อาชีพอิสระ,0,ปิดบัญชีแล้ว,20,0
L-20591,2025-05-06,27018.85,0.258,22,42,0,50000.00,ธุรกิจส่วนตัว,1,ปกติ,30,0
L-22362,2025-05-06,50096.58,0.669,170,29,3,500000.00,ธุรกิจส่วนตัว,0,ปกติ,24,0
L-23604,2025-05-06,22555.19,0.863,84,45,3,100000.00,พนักงานประจำ,0,ปกติ,19,0
L-28408,2025-05-06,9000.00,0.405,98,30,4,200000.00,ข้าราชการ,0,ปกติ,20,0
L-29727,2025-05-06,43328.46,0.552,60,31,4,300000.00,ข้าราชการ,1,ปกติ,9,0
L-29773,2025-05-06,40576.81,0.359,18,61,3,100000.00,พนักงานประจำ,1,ปกติ,15,0
L-29964,2025-05-06,47274.02,0.337,12,27,4,500000.00,อาชีพอิสระ,0,ปกติ,1,0
L-30166,2025-05-06,29925.63,0.229,212,22,2,150000.00,พนักงานประจำ,2,ปกติ,26,0
L-31362,2025-05-06,27663.63,0.314,115,38,5,150000.00,ธุรกิจส่วนตัว,2,ปิดบัญชีแล้ว,20,0
L-22887,2025-05-07,34628.29,0.387,226,55,1,500000.00,พนักงานประจำ,1,ปกติ,2,0
L-24922,2025-05-07,19623.89,0.749,78,38,2,150000.00,ธุรกิจส่วนตัว,2,ปกติ,13,0
L-24959,2025-05-07,29935.01,0.383,121,45,0,100000.00,อาชีพอิสระ,0,ปกติ,15,0
L-26585,2025-05-07,16796.05,0.3,112,27,2,300000.00,ข้าราชการ,0,ปกติ,10,0
L-28559,2025-05-07,46619.37,0.611,165,54,4,100000.00,ข้าราชการ,2,ปิดบัญชีแล้ว,3,0
L-29349,2025-05-07,11588.73,0.662,52,28,0,200000.00,พนักงานประจำ,2,ปกติ,1,0
L-29821,2025-05-07,14416.41,0.255,42,37,2,100000.00,ธุรกิจส่วนตัว,2,ปิดบัญชีแล้ว,25,0
L-30196,2025-05-07,12498.45,0.329,104,39,6,300000.00,พนักงานประจำ,12,ค้างชำระ,123,1
L-31104,2025-05-07,15858.68,0.631,195,64,2,500000.00,ข้าราชการ,9,ค้างชำระ,156,1
L-31202,2025-05-07,32939.20,0.659,180,22,2,500000.00,ข้าราชการ,9,ค้างชำระ,55,1
L-20213,2025-05-08,22202.69,0.491,182,53,4,150000.00,พนักงานประจำ,0,ปกติ,18,0
L-20877,2025-05-08,14992.74,0.287,54,24,5,50000.00,ข้าราชการ,0,ปกติ,7,0
L-24460,2025-05-08,59551.58,0.496,156,26,3,300000.00,อาชีพอิสระ,12,ค้างชำระ,113,1
L-26298,2025-05-08,23212.78,0.417,20,22,6,50000.00,ข้าราชการ,1,ปกติ,3,0
L-26685,2025-05-08,18433.30,0.656,129,42,4,100000.00,พนักงานประจำ,1,ปิดบัญชีแล้ว,18,0
L-26861,2025-05-08,10877.58,0.223,233,46,4,100000.00,พนักงานประจำ,2,ปกติ,17,0
L-27261,2025-05-08,39972.66,0.495,222,31,1,50000.00,อาชีพอิสระ,0,ปกติ,24,0
L-27387,2025-05-08,9000.00,0.602,91,53,2,50000.00,อาชีพอิสระ,2,ปกติ,27,0
L-28236,2025-05-08,40820.41,0.184,73,42,5,100000.00,อาชีพอิสระ,0,ปิดบัญชีแล้ว,26,0
L-20099,2025-05-09,32357.71,0.408,145,45,5,200000.00,พนักงานประจำ,2,ปกติ,7,0
L-20694,2025-05-09,16340.25,0.02,13,57,4,300000.00,อาชีพอิสระ,2,ปกติ,10,0
L-24172,2025-05-09,18126.09,0.496,16,63,3,150000.00,ธุรกิจส่วนตัว,0,ปกติ,4,0
L-25656,2025-05-09,30450.44,0.689,233,23,5,150000.00,ข้าราชการ,1,ปกติ,27,0
L-26429,2025-05-09,9000.00,0.396,234,60,3,500000.00,พนักงานประจำ,0,ปิดบัญชีแล้ว,9,0
L-26899,2025-05-09,39170.79,0.561,214,42,3,200000.00,พนักงานประจำ,2,ปิดบัญชีแล้ว,17,0
L-28377,2025-05-09,27568.42,0.48,15,24,4,500000.00,พนักงานประจำ,1,ปกติ,16,0
L-28406,2025-05-09,13887.34,0.374,117,25,2,500000.00,ข้าราชการ,2,ปิดบัญชีแล้ว,16,0
L-29927,2025-05-09,10209.73,0.371,189,45,5,150000.00,อาชีพอิสระ,2,ปกติ,12,0
L-30493,2025-05-09,39596.93,0.18,141,64,5,500000.00,ธุรกิจส่วนตัว,6,ค้างชำระ,121,1
L-21435,2025-05-10,60528.41,0.202,41,64,0,200000.00,ข้าราชการ,2,ปกติ,17,0
L-23296,2025-05-10,21225.50,0.66,89,38,3,50000.00,ข้าราชการ,10,ค้างชำระ,153,1
L-23462,2025-05-10,19824.70,0.362,18,64,4,50000.00,ธุรกิจส่วนตัว,2,ปกติ,30,0
L-25551,2025-05-10,45813.54,0.037,231,21,5,300000.00,พนักงานประจำ,1,ปกติ,4,0
L-26184,2025-05-10,32615.52,0.226,117,58,2,500000.00,ธุรกิจส่วนตัว,0,ปิดบัญชีแล้ว,18,0
L-27645,2025-05-10,66818.87,0.393,213,29,0,50000.00,ธุรกิจส่วนตัว,1,ปกติ,27,0
L-28317,2025-05-10,19259.01,0.347,204,31,2,200000.00,พนักงานประจำ,2,ปกติ,17,0
L-28656,2025-05-10,33864.68,0.534,149,35,0,50000.00,อาชีพอิสระ,0,ปกติ,20,0
L-28938,2025-05-10,33237.49,0.213,28,46,1,150000.00,อาชีพอิสระ,1,ปกติ,24,0
L-29921,2025-05-10,33756.84,0.371,39,28,6,200000.00,ธุรกิจส่วนตัว,0,ปิดบัญชีแล้ว,11,0
L-20010,2025-05-11,13789.50,0.089,22,49,6,100000.00,ธุรกิจส่วนตัว,12,ค้างชำระ,47,1
L-20834,2025-05-11,58072.66,0.54,115,44,5,50000.00,ข้าราชการ,0,ปกติ,19,0
L-21245,2025-05-11,18087.35,0.02,45,58,5,100000.00,อาชีพอิสระ,0,ปิดบัญชีแล้ว,15,0
L-21457,2025-05-11,39339.62,0.426,98,44,0,50000.00,ธุรกิจส่วนตัว,2,ปกติ,5,0
L-22673,2025-05-11,24142.19,0.437,229,26,5,100000.00,อาชีพอิสระ,0,ปกติ,14,0
L-24003,2025-05-11,50302.21,0.343,123,35,6,100000.00,พนักงานประจำ,3,ค้างชำระ,55,1
L-25962,2025-05-11,28167.77,0.103,82,41,6,50000.00,ข้าราชการ,1,ปกติ,2,0
L-26304,2025-05-11,47773.13,0.24,139,48,5,150000.00,ธุรกิจส่วนตัว,1,ปกติ,24,0
L-28251,2025-05-11,49390.78,0.394,72,21,5,50000.00,อาชีพอิสระ,1,ปกติ,25,0
L-28712,2025-05-11,24503.63,0.358,34,21,5,500000.00,ธุรกิจส่วนตัว,5,ค้างชำระ,90,1
L-31722,2025-05-11,41741.81,0.509,72,57,0,500000.00,ข้าราชการ,0,ปกติ,9,0
L-20652,2025-05-12,9000.00,0.423,50,38,5,50000.00,ธุรกิจส่วนตัว,11,ค้างชำระ,162,1
L-21143,2025-05-12,26371.81,0.405,233,62,4,50000.00,พนักงานประจำ,2,ปกติ,30,0
L-21213,2025-05-12,42453.80,0.336,146,24,4,300000.00,พนักงานประจำ,1,ปิดบัญชีแล้ว,13,0
L-22408,2025-05-12,18195.67,0.228,160,39,2,500000.00,ข้าราชการ,0,ปิดบัญชีแล้ว,6,0
L-22804,2025-05-12,53440.78,0.519,83,34,1,50000.00,อาชีพอิสระ,2,ปกติ,15,0
L-23217,2025-05-12,41222.24,0.752,29,62,1,200000.00,อาชีพอิสระ,12,ค้างชำระ,53,1
L-23258,2025-05-12,47156.18,0.203,56,56,4,300000.00,อาชีพอิสระ,1,ปกติ,28,0
L-25611,2025-05-12,24451.15,0.457,237,58,1,150000.00,ธุรกิจส่วนตัว,5,ค้างชำระ,126,1
L-26978,2025-05-12,24046.72,0.749,146,30,5,500000.00,อาชีพอิสระ,1,ปกติ,14,0
L-28167,2025-05-12,9000.00,0.37,155,46,1,300000.00,ธุรกิจส่วนตัว,0,ปกติ,16,0
L-28375,2025-05-12,36697.85,0.066,46,45,1,100000.00,พนักงานประจำ,2,ปกติ,13,0
L-28506,2025-05-12,52556.41,0.226,173,61,5,100000.00,พนักงานประจำ,0,ปกติ,11,0
L-29093,2025-05-12,50516.29,0.249,227,49,3,150000.00,ธุรกิจส่วนตัว,1,ปกติ,16,0
L-21327,2025-05-13,30223.60,0.502,111,60,1,150000.00,อาชีพอิสระ,2,ปกติ,5,0
L-22202,2025-05-13,19610.54,0.333,236,30,1,150000.00,อาชีพอิสระ,0,ปิดบัญชีแล้ว,5,0
L-22475,2025-05-13,49616.55,0.222,107,34,0,50000.00,ธุรกิจส่วนตัว,2,ปกติ,20,0
L-23991,2025-05-13,34614.10,0.348,91,50,1,500000.00,อาชีพอิสระ,0,ปกติ,6,0
L-24858,2025-05-13,44838.12,0.02,88,47,4,200000.00,ธุรกิจส่วนตัว,1,ปกติ,7,0
L-24960,2025-05-13,12189.64,0.461,160,24,4,100000.00,พนักงานประจำ,0,ปกติ,0,0
L-25057,2025-05-13,33695.89,0.676,42,63,6,500000.00,ธุรกิจส่วนตัว,1,ปิดบัญชีแล้ว,1,0
L-27153,2025-05-13,40870.63,0.461,60,47,3,100000.00,อาชีพอิสระ,2,ปกติ,2,0
L-28220,2025-05-13,44957.54,0.608,221,50,1,150000.00,ข้าราชการ,2,ปิดบัญชีแล้ว,29,0
L-29750,2025-05-13,38557.14,0.143,25,48,4,500000.00,อาชีพอิสระ,1,ปกติ,5,0
L-29804,2025-05-13,16741.02,0.476,72,59,5,500000.00,พนักงานประจำ,0,ปกติ,21,0
L-30235,2025-05-13,43712.38,0.267,0,21,6,150000.00,พนักงานประจำ,7,ค้างชำระ,150,1
L-30394,2025-05-13,43508.53,0.401,102,41,0,300000.00,อาชีพอิสระ,2,ปกติ,19,0
L-30567,2025-05-13,25503.20,0.503,190,55,2,100000.00,ธุรกิจส่วนตัว,0,ปกติ,19,0
L-31984,2025-05-13,51242.05,0.649,103,29,5,300000.00,ข้าราชการ,2,ปิดบัญชีแล้ว,3,0
L-20774,2025-05-14,48605.21,0.28,107,57,2,100000.00,พนักงานประจำ,0,ปกติ,21,0
L-20957,2025-05-14,28401.18,0.373,172,52,0,200000.00,ธุรกิจส่วนตัว,1,ปกติ,16,0
L-20991,2025-05-14,15571.29,0.275,174,65,3,300000.00,ข้าราชการ,2,ปกติ,15,0
L-21209,2025-05-14,35723.39,0.712,134,44,1,500000.00,อาชีพอิสระ,2,ปกติ,21,0
L-21283,2025-05-14,30781.68,0.603,208,45,5,100000.00,อาชีพอิสระ,0,ปกติ,26,0
L-23768,2025-05-14,18425.53,0.431,5,35,2,100000.00,อาชีพอิสระ,0,ปิดบัญชีแล้ว,3,0
L-23848,2025-05-14,53219.26,0.432,78,31,4,500000.00,ธุรกิจส่วนตัว,1,ปกติ,30,0
L-24210,2025-05-14,38920.01,0.395,239,31,1,50000.00,อาชีพอิสระ,1,ปกติ,4,0
L-25249,2025-05-14,54165.46,0.649,39,49,4,200000.00,พนักงานประจำ,7,ค้างชำระ,76,1
L-25463,2025-05-14,40087.48,0.181,204,25,5,200000.00,พนักงานประจำ,0,ปกติ,27,0
L-26882,2025-05-14,15684.40,0.729,48,47,3,50000.00,ธุรกิจส่วนตัว,7,ค้างชำระ,86,1
L-27845,2025-05-14,14899.59,0.431,166,41,6,50000.00,ข้าราชการ,5,ค้างชำระ,59,1
L-30046,2025-05-14,35191.89,0.253,1,49,3,150000.00,ธุรกิจส่วนตัว,1,ปกติ,20,0
L-30081,2025-05-14,33263.18,0.786,100,21,1,300000.00,ธุรกิจส่วนตัว,10,ค้างชำระ,135,1
L-30647,2025-05-14,9000.00,0.747,19,64,4,500000.00,ธุรกิจส่วนตัว,5,ค้างชำระ,123,1
L-20372,2025-05-15,57226.30,0.051,128,34,6,150000.00,ธุรกิจส่วนตัว,0,ปกติ,12,0
L-20987,2025-05-15,29803.78,0.394,177,31,0,150000.00,พนักงานประจำ,1,ปกติ,27,0
L-22969,2025-05-15,40314.06,0.26,15,30,0,200000.00,ข้าราชการ,2,ปกติ,14,0
L-25177,2025-05-15,24380.34,0.594,206,40,3,100000.00,ธุรกิจส่วนตัว,2,ปิดบัญชีแล้ว,13,0
L-25462,2025-05-15,39108.24,0.2,129,61,1,500000.00,ธุรกิจส่วนตัว,1,ปกติ,27,0
L-25483,2025-05-15,38517.40,0.438,116,40,4,50000.00,พนักงานประจำ,0,ปิดบัญชีแล้ว,22,0
L-25802,2025-05-15,51172.15,0.454,48,32,5,500000.00,ธุรกิจส่วนตัว,1,ปกติ,14,0
L-26016,2025-05-15,9000.00,0.349,149,63,2,300000.00,ธุรกิจส่วนตัว,0,ปกติ,22,0
L-28752,2025-05-15,50413.09,0.477,11,29,1,100000.00,พนักงานประจำ,2,ปกติ,17,0
L-28758,2025-05-15,35628.87,0.343,120,34,5,500000.00,ธุรกิจส่วนตัว,11,ค้างชำระ,67,1
L-29387,2025-05-15,18438.54,0.468,133,62,6,100000.00,ข้าราชการ,10,ค้างชำระ,138,1
L-30082,2025-05-15,41303.12,0.25,114,55,2,500000.00,ธุรกิจส่วนตัว,1,ปกติ,6,0
L-30211,2025-05-15,41818.60,0.611,189,64,1,150000.00,ธุรกิจส่วนตัว,0,ปกติ,8,0
L-31004,2025-05-15,36051.00,0.242,88,50,1,50000.00,อาชีพอิสระ,0,ปกติ,26,0
L-20264,2025-05-16,43915.15,0.582,50,41,5,50000.00,พนักงานประจำ,1,ปกติ,16,0
L-20993,2025-05-16,19818.83,0.598,185,44,3,150000.00,ข้าราชการ,0,ปกติ,30,0
L-22016,2025-05-16,34340.09,0.064,9,39,0,100000.00,อาชีพอิสระ,0,ปิดบัญชีแล้ว,30,0
L-22087,2025-05-16,19068.23,0.276,211,59,6,50000.00,ข้าราชการ,0,ปกติ,19,0
L-22860,2025-05-16,35706.58,0.351,22,46,4,50000.00,ข้าราชการ,0,ปกติ,20,0
L-24880,2025-05-16,32704.55,0.439,138,56,0,100000.00,ธุรกิจส่วนตัว,0,ปิดบัญชีแล้ว,13,0
L-25796,2025-05-16,34121.77,0.02,224,56,6,150000.00,ธุรกิจส่วนตัว,0,ปกติ,14,0
L-25851,2025-05-16,40002.03,0.068,90,26,1,150000.00,ข้าราชการ,2,ปิดบัญชีแล้ว,7,0
L-27085,2025-05-16,20179.99,0.264,71,29,0,50000.00,ธุรกิจส่วนตัว,0,ปกติ,30,0
L-27232,2025-05-16,42893.55,0.072,159,48,2,200000.00,อาชีพอิสระ,1,ปิดบัญชีแล้ว,2,0
L-28022,2025-05-16,29604.09,0.548,118,52,2,500000.00,พนักงานประจำ,0,ปกติ,2,0
L-28429,2025-05-16,25373.12,0.263,25,23,3,200000.00,พนักงานประจำ,7,ค้างชำระ,47,1
L-31151,2025-05-16,31896.27,0.02,220,32,2,300000.00,ข้าราชการ,1,ปกติ,0,0
L-31856,2025-05-16,33733.50,0.127,213,57,3,100000.00,อาชีพอิสระ,1,ปกติ,13,0
L-31858,2025-05-16,25211.14,0.465,11,57,5,500000.00,ธุรกิจส่วนตัว,2,ปกติ,12,0
L-23062,2025-05-17,43348.55,0.159,170,33,5,150000.00,ธุรกิจส่วนตัว,2,ปกติ,9,0
L-23073,2025-05-17,16947.39,0.749,53,56,5,150000.00,ข้าราชการ,0,ปกติ,0,0
L-23131,2025-05-17,14997.90,0.435,148,25,5,100000.00,พนักงานประจำ,0,ปิดบัญชีแล้ว,15,0
L-23682,2025-05-17,39437.93,0.31,103,65,3,200000.00,ธุรกิจส่วนตัว,0,ปกติ,0,0
L-23781,2025-05-17,22491.32,0.483,20,61,3,150000.00,อาชีพอิสระ,1,ปิดบัญชีแล้ว,4,0
L-24271,2025-05-17,36284.12,0.449,132,47,5,300000.00,ข้าราชการ,1,ปิดบัญชีแล้ว,6,0
L-24489,2025-05-17,15405.12,0.072,81,60,5,500000.00,ธุรกิจส่วนตัว,1,ปกติ,30,0
L-25333,2025-05-17,50257.20,0.216,183,60,5,100000.00,อาชีพอิสระ,9,ค้างชำระ,140,1
L-26121,2025-05-17,36337.54,0.406,18,52,0,300000.00,อาชีพอิสระ,2,ปกติ,25,0
L-26411,2025-05-17,37683.23,0.12,103,49,4,100000.00,ข้าราชการ,1,ปิดบัญชีแล้ว,27,0
L-26467,2025-05-17,48984.85,0.342,98,32,1,50000.00,อาชีพอิสระ,1,ปิดบัญชีแล้ว,5,0
L-26984,2025-05-17,29978.15,0.34,43,50,1,200000.00,พนักงานประจำ,1,ปกติ,27,0
L-29324,2025-05-17,27508.03,0.587,100,60,1,50000.00,ข้าราชการ,2,ปกติ,14,0
L-29965,2025-05-17,36962.03,0.362,104,25,2,500000.00,ธุรกิจส่วนตัว,5,ค้างชำระ,145,1
L-31398,2025-05-17,34743.40,0.127,119,38,5,200000.00,ข้าราชการ,2,ปกติ,8,0
L-21260,2025-05-18,38592.30,0.369,134,54,0,150000.00,อาชีพอิสระ,13,ค้างชำระ,113,1
L-22954,2025-05-18,13031.33,0.333,19,45,1,100000.00,ข้าราชการ,2,ปกติ,28,0
L-25290,2025-05-18,41361.09,0.244,100,57,3,50000.00,อาชีพอิสระ,1,ปกติ,23,0
L-25496,2025-05-18,31347.50,0.416,49,48,3,500000.00,อาชีพอิสระ,13,ค้างชำระ,169,1
L-26742,2025-05-18,27234.73,0.209,29,23,3,100000.00,ธุรกิจส่วนตัว,1,ปกติ,10,0
L-28581,2025-05-18,39043.18,0.376,188,47,3,500000.00,พนักงานประจำ,1,ปิดบัญชีแล้ว,2,0
L-28774,2025-05-18,22280.90,0.552,205,40,0,500000.00,ข้าราชการ,2,ปกติ,26,0
L-29450,2025-05-18,23034.21,0.125,195,47,0,200000.00,อาชีพอิสระ,0,ปกติ,23,0
L-30654,2025-05-18,33815.63,0.385,136,54,1,150000.00,พนักงานประจำ,1,ปกติ,3,0
L-31100,2025-05-18,37761.71,0.55,31,65,6,150000.00,ข้าราชการ,10,ค้างชำระ,167,1
L-31340,2025-05-18,39834.13,0.363,184,46,0,300000.00,อาชีพอิสระ,0,ปกติ,14,0
L-31630,2025-05-18,19248.89,0.597,64,29,1,500000.00,ธุรกิจส่วนตัว,6,ค้างชำระ,115,1
L-31690,2025-05-18,60173.98,0.615,59,36,0,50000.00,ธุรกิจส่วนตัว,1,ปกติ,7,0
L-20366,2025-05-19,9000.00,0.331,55,57,2,50000.00,พนักงานประจำ,1,ปกติ,10,0
L-20734,2025-05-19,38716.11,0.681,46,64,3,50000.00,ข้าราชการ,2,ปกติ,14,0
L-20792,2025-05-19,40207.48,0.486,46,32,4,200000.00,อาชีพอิสระ,2,ปิดบัญชีแล้ว,10,0
L-21471,2025-05-19,33796.48,0.064,89,37,0,200000.00,ธุรกิจส่วนตัว,2,ปกติ,12,0
L-22453,2025-05-19,23873.15,0.299,49,25,6,500000.00,ธุรกิจส่วนตัว,2,ปกติ,22,0
L-23046,2025-05-19,65955.42,0.375,14,57,5,50000.00,ข้าราชการ,2,ปกติ,28,0
L-23367,2025-05-19,16746.00,0.478,71,64,0,500000.00,ข้าราชการ,2,ปกติ,28,0
L-23538,2025-05-19,26855.58,0.372,191,30,6,200000.00,อาชีพอิสระ,0,ปกติ,21,0
L-23928,2025-05-19,25810.73,0.02,232,39,0,50000.00,อาชีพอิสระ,1,ปกติ,21,0
L-24442,2025-05-19,27755.81,0.504,166,36,0,200000.00,พนักงานประจำ,0,ปกติ,1,0
L-25353,2025-05-19,16848.89,0.421,6,46,0,100000.00,อาชีพอิสระ,1,ปกติ,18,0
L-26018,2025-05-19,51772.03,0.465,112,53,4,100000.00,อาชีพอิสระ,2,ปกติ,16,0
L-27851,2025-05-19,17682.74,0.45,210,30,3,50000.00,ธุรกิจส่วนตัว,2,ปกติ,20,0
L-28030,2025-05-19,21732.86,0.531,236,49,3,50000.00,ข้าราชการ,1,ปกติ,27,0
L-29569,2025-05-19,32638.21,0.35,194,39,0,300000.00,อาชีพอิสระ,2,ปกติ,16,0
L-22392,2025-05-20,21693.57,0.617,220,52,0,50000.00,พนักงานประจำ,2,ปกติ,18,0
L-24087,2025-05-20,36338.00,0.316,29,53,2,150000.00,ข้าราชการ,1,ปิดบัญชีแล้ว,18,0
L-24488,2025-05-20,20441.15,0.245,53,30,6,200000.00,ธุรกิจส่วนตัว,0,ปกติ,18,0
L-27152,2025-05-20,15118.38,0.14,29,54,6,150000.00,ข้าราชการ,1,ปิดบัญชีแล้ว,20,0
L-28696,2025-05-20,27323.18,0.459,19,34,6,100000.00,ข้าราชการ,1,ปกติ,20,0
L-30219,2025-05-20,20329.59,0.284,165,53,6,100000.00,อาชีพอิสระ,1,ปิดบัญชีแล้ว,21,0
L-30447,2025-05-20,28110.92,0.646,86,24,2,300000.00,อาชีพอิสระ,8,ค้างชำระ,111,1
L-31547,2025-05-20,31193.67,0.521,175,56,6,150000.00,พนักงานประจำ,0,ปกติ,29,0
L-21692,2025-05-21,9000.00,0.506,94,25,4,100000.00,ธุรกิจส่วนตัว,1,ปกติ,28,0
L-22258,2025-05-21,43001.76,0.581,197,27,6,100000.00,พนักงานประจำ,1,ปกติ,1,0
L-23931,2025-05-21,34214.44,0.837,17,25,1,200000.00,พนักงานประจำ,13,ค้างชำระ,68,1
L-27178,2025-05-21,27150.65,0.359,112,64,5,500000.00,พนักงานประจำ,4,ค้างชำระ,101,1
L-28460,2025-05-21,37791.91,0.331,67,63,5,50000.00,อาชีพอิสระ,1,ปกติ,29,0
L-31036,2025-05-21,32450.29,0.473,182,54,2,50000.00,ข้าราชการ,0,ปิดบัญชีแล้ว,18,0
L-31794,2025-05-21,9000.00,0.3,61,23,1,50000.00,ข้าราชการ,0,ปกติ,11,0
L-21124,2025-05-22,29308.71,0.52,62,27,4,150000.00,ธุรกิจส่วนตัว,12,ค้างชำระ,171,1
L-21736,2025-05-22,38881.63,0.468,45,53,0,500000.00,ข้าราชการ,0,ปิดบัญชีแล้ว,26,0
L-22680,2025-05-22,20863.76,0.661,13,26,6,150000.00,อาชีพอิสระ,2,ปกติ,0,0
L-24375,2025-05-22,22360.11,0.599,216,54,2,200000.00,พนักงานประจำ,0,ปกติ,14,0
L-30437,2025-05-22,9000.00,0.367,239,34,2,100000.00,อาชีพอิสระ,0,ปกติ,26,0
L-31996,2025-05-22,43959.85,0.246,221,59,0,100000.00,ธุรกิจส่วนตัว,1,ปกติ,22,0
L-20430,2025-05-23,48985.42,0.457,63,64,5,300000.00,ข้าราชการ,7,ค้างชำระ,168,1
L-21008,2025-05-23,9413.67,0.435,188,48,3,150000.00,อาชีพอิสระ,2,ปกติ,10,0
L-21322,2025-05-23,33759.27,0.384,7,40,5,500000.00,ธุรกิจส่วนตัว,13,ค้างชำระ,67,1
L-23525,2025-05-23,44792.95,0.597,43,53,5,150000.00,ธุรกิจส่วนตัว,1,ปกติ,29,0
L-23545,2025-05-23,49256.24,0.153,167,44,3,150000.00,ข้าราชการ,0,ปิดบัญชีแล้ว,7,0
L-23615,2025-05-23,18235.46,0.72,170,48,3,300000.00,ธุรกิจส่วนตัว,2,ปกติ,29,0
L-24074,2025-05-23,19771.54,0.359,154,40,0,50000.00,ข้าราชการ,0,ปิดบัญชีแล้ว,27,0
L-24430,2025-05-23,36238.63,0.251,164,58,0,300000.00,ข้าราชการ,1,ปกติ,6,0
L-24864,2025-05-23,29143.53,0.543,209,32,3,50000.00,พนักงานประจำ,0,ปกติ,18,0
L-25205,2025-05-23,9795.68,0.552,216,27,5,200000.00,พนักงานประจำ,0,ปิดบัญชีแล้ว,30,0
L-26303,2025-05-23,32395.80,0.503,226,63,4,50000.00,ข้าราชการ,1,ปิดบัญชีแล้ว,1,0
L-27923,2025-05-23,42022.73,0.114,44,38,1,200000.00,ข้าราชการ,0,ปกติ,11,0
L-28464,2025-05-23,47922.66,0.528,51,61,3,50000.00,ธุรกิจส่วนตัว,2,ปิดบัญชีแล้ว,13,0
L-28906,2025-05-23,33014.12,0.25,69,33,5,300000.00,พนักงานประจำ,2,ปกติ,13,0
L-31627,2025-05-23,11401.08,0.61,178,39,3,150000.00,อาชีพอิสระ,2,ปิดบัญชีแล้ว,28,0
L-20460,2025-05-24,30149.00,0.155,141,53,2,100000.00,ธุรกิจส่วนตัว,2,ปกติ,29,0
L-24636,2025-05-24,9000.00,0.606,114,31,0,300000.00,อาชีพอิสระ,1,ปิดบัญชีแล้ว,5,0
L-24899,2025-05-24,40901.06,0.492,30,25,1,500000.00,อาชีพอิสระ,0,ปกติ,19,0
L-25166,2025-05-24,20273.32,0.405,129,49,3,50000.00,ข้าราชการ,0,ปกติ,13,0
L-26344,2025-05-24,30487.94,0.48,197,45,1,200000.00,ธุรกิจส่วนตัว,2,ปกติ,6,0
L-28819,2025-05-24,22847.22,0.511,127,65,5,300000.00,ข้าราชการ,0,ปิดบัญชีแล้ว,25,0
L-30031,2025-05-24,33325.51,0.098,209,25,4,200000.00,ธุรกิจส่วนตัว,0,ปกติ,22,0
L-30881,2025-05-24,17440.34,0.838,34,29,3,150000.00,พนักงานประจำ,14,ค้างชำระ,84,1
L-31899,2025-05-24,72258.61,0.467,158,61,2,100000.00,ธุรกิจส่วนตัว,2,ปกติ,22,0
L-24814,2025-05-25,58894.04,0.33,68,53,3,500000.00,ข้าราชการ,0,ปกติ,15,0
L-27256,2025-05-25,31720.86,0.573,57,24,5,50000.00,ธุรกิจส่วนตัว,0,ปกติ,0,0
L-28024,2025-05-25,40269.26,0.584,200,28,1,150000.00,พนักงานประจำ,2,ปกติ,18,0
L-29278,2025-05-25,27780.64,0.382,149,40,1,50000.00,ข้าราชการ,2,ปิดบัญชีแล้ว,26,0
L-31149,2025-05-25,9000.00,0.449,148,34,2,300000.00,อาชีพอิสระ,0,ปกติ,12,0
L-31726,2025-05-25,27189.28,0.317,50,45,4,100000.00,ข้าราชการ,2,ปกติ,7,0
L-20224,2025-05-26,39657.97,0.509,166,31,3,500000.00,พนักงานประจำ,2,ปกติ,2,0
L-21573,2025-05-26,51883.48,0.343,100,29,0,100000.00,ธุรกิจส่วนตัว,2,ปกติ,8,0
L-22330,2025-05-26,23791.27,0.02,218,35,5,100000.00,ธุรกิจส่วนตัว,0,ปกติ,26,0
L-23219,2025-05-26,27722.73,0.423,43,55,4,300000.00,พนักงานประจำ,2,ปกติ,14,0
L-23606,2025-05-26,22850.56,0.586,232,36,0,150000.00,อาชีพอิสระ,2,ปกติ,7,0
L-24177,2025-05-26,38148.50,0.399,166,43,3,150000.00,อาชีพอิสระ,1,ปกติ,14,0
L-25555,2025-05-26,24816.41,0.303,41,22,6,500000.00,อาชีพอิสระ,1,ปกติ,10,0
L-25978,2025-05-26,31208.49,0.02,55,28,2,150000.00,พนักงานประจำ,13,ค้างชำระ,119,1
L-26660,2025-05-26,24940.32,0.108,44,21,0,50000.00,พนักงานประจำ,1,ปกติ,3,0
L-27718,2025-05-26,32005.01,0.414,149,28,2,300000.00,ธุรกิจส่วนตัว,0,ปกติ,13,0
L-28047,2025-05-26,13511.36,0.228,230,46,6,50000.00,อาชีพอิสระ,0,ปกติ,15,0
L-30237,2025-05-26,19421.53,0.731,54,56,1,100000.00,ข้าราชการ,14,ค้างชำระ,116,1
L-31551,2025-05-26,26345.87,0.311,25,59,4,50000.00,ข้าราชการ,2,ปกติ,3,0
L-22148,2025-05-27,9000.00,0.413,168,33,6,200000.00,ข้าราชการ,2,ปกติ,17,0
L-24128,2025-05-27,9000.00,0.684,129,59,0,150000.00,ธุรกิจส่วนตัว,0,ปกติ,11,0
L-24477,2025-05-27,55977.59,0.275,162,61,0,150000.00,อาชีพอิสระ,2,ปกติ,4,0
L-24720,2025-05-27,31984.14,0.508,155,41,2,150000.00,ข้าราชการ,0,ปิดบัญชีแล้ว,16,0
L-24992,2025-05-27,35907.19,0.305,219,65,4,300000.00,ข้าราชการ,0,ปกติ,8,0
L-25412,2025-05-27,44492.32,0.478,142,59,1,200000.00,พนักงานประจำ,2,ปกติ,22,0
L-25687,2025-05-27,25250.57,0.229,38,36,2,150000.00,พนักงานประจำ,0,ปกติ,18,0
L-27462,2025-05-27,21482.13,0.534,4,57,0,200000.00,ข้าราชการ,2,ปกติ,11,0
L-27657,2025-05-27,22327.67,0.428,103,29,4,100000.00,ธุรกิจส่วนตัว,1,ปกติ,1,0
L-28161,2025-05-27,29508.15,0.364,121,51,1,300000.00,อาชีพอิสระ,0,ปกติ,24,0
L-29012,2025-05-27,29470.45,0.514,67,21,4,500000.00,พนักงานประจำ,0,ปกติ,2,0
L-29219,2025-05-27,18496.15,0.778,2,40,6,50000.00,อาชีพอิสระ,4,ค้างชำระ,78,1
L-30436,2025-05-27,42938.62,0.433,39,56,3,50000.00,ข้าราชการ,1,ปกติ,28,0
L-30823,2025-05-27,22890.73,0.02,112,56,6,150000.00,ธุรกิจส่วนตัว,0,ปกติ,11,0
L-20580,2025-05-28,18974.16,0.386,26,31,4,500000.00,อาชีพอิสระ,1,ปกติ,6,0
L-20742,2025-05-28,15769.99,0.441,138,40,5,150000.00,อาชีพอิสระ,1,ปกติ,4,0
L-21258,2025-05-28,40970.77,0.266,49,38,3,200000.00,ข้าราชการ,2,ปกติ,10,0
L-25460,2025-05-28,35082.73,0.276,43,64,5,200000.00,ข้าราชการ,2,ปกติ,7,0
L-26243,2025-05-28,20636.08,0.569,90,47,0,150000.00,พนักงานประจำ,2,ปกติ,26,0
L-26424,2025-05-28,21615.33,0.304,19,43,6,200000.00,ข้าราชการ,1,ปกติ,18,0
L-26797,2025-05-28,22652.77,0.322,48,29,6,200000.00,พนักงานประจำ,0,ปิดบัญชีแล้ว,20,0
L-27103,2025-05-28,40743.34,0.553,32,40,1,300000.00,ธุรกิจส่วนตัว,0,ปกติ,26,0
L-28828,2025-05-28,40965.43,0.135,43,37,6,500000.00,ข้าราชการ,2,ปกติ,10,0
L-29381,2025-05-28,47842.60,0.41,171,49,5,150000.00,อาชีพอิสระ,2,ปิดบัญชีแล้ว,20,0
L-29790,2025-05-28,34715.30,0.259,128,56,5,50000.00,พนักงานประจำ,1,ปกติ,14,0
L-31446,2025-05-28,42793.19,0.269,43,49,0,200000.00,อาชีพอิสระ,1,ปกติ,28,0
L-31605,2025-05-28,47239.35,0.677,180,57,2,50000.00,ข้าราชการ,2,ปกติ,20,0
L-21211,2025-05-29,28837.90,0.489,160,41,4,50000.00,ข้าราชการ,1,ปกติ,7,0
L-21277,2025-05-29,38482.02,0.37,57,58,5,50000.00,อาชีพอิสระ,2,ปกติ,10,0
L-22097,2025-05-29,34382.32,0.51,74,63,6,500000.00,ข้าราชการ,0,ปกติ,21,0
L-24734,2025-05-29,22984.58,0.506,112,64,6,300000.00,พนักงานประจำ,0,ปิดบัญชีแล้ว,5,0
L-25642,2025-05-29,25676.29,0.357,123,54,3,500000.00,อาชีพอิสระ,1,ปิดบัญชีแล้ว,27,0
L-26815,2025-05-29,21373.69,0.02,42,55,5,200000.00,พนักงานประจำ,1,ปกติ,13,0
L-26963,2025-05-29,47488.12,0.389,196,22,3,200000.00,ข้าราชการ,0,ปิดบัญชีแล้ว,6,0
L-28145,2025-05-29,50293.86,0.294,88,55,1,100000.00,ธุรกิจส่วนตัว,2,ปกติ,9,0
L-28170,2025-05-29,44520.82,0.349,228,31,1,100000.00,ธุรกิจส่วนตัว,0,ปิดบัญชีแล้ว,0,0
L-29564,2025-05-29,38606.49,0.394,217,39,5,500000.00,ข้าราชการ,2,ปกติ,13,0
L-29713,2025-05-29,29955.05,0.02,158,21,1,50000.00,ธุรกิจส่วนตัว,0,ปิดบัญชีแล้ว,13,0
L-30661,2025-05-29,15207.92,0.098,164,40,2,50000.00,ธุรกิจส่วนตัว,0,ปกติ,10,0
L-30844,2025-05-29,34071.43,0.617,33,45,0,500000.00,อาชีพอิสระ,14,ค้างชำระ,162,1
L-31073,2025-05-29,13845.68,0.658,179,49,6,150000.00,พนักงานประจำ,1,ปิดบัญชีแล้ว,22,0
L-31387,2025-05-29,20370.45,0.16,36,63,6,200000.00,ข้าราชการ,4,ค้างชำระ,68,1
L-31804,2025-05-29,41528.15,0.369,19,43,3,300000.00,พนักงานประจำ,2,ปกติ,18,0
L-20005,2025-05-30,62484.58,0.536,76,25,5,300000.00,ข้าราชการ,1,ปกติ,25,0
L-20577,2025-05-30,32515.83,0.156,231,29,5,500000.00,อาชีพอิสระ,2,ปิดบัญชีแล้ว,19,0
L-21516,2025-05-30,43576.56,0.286,173,63,6,200000.00,ข้าราชการ,14,ค้างชำระ,177,1
L-22640,2025-05-30,9442.30,0.691,128,51,4,50000.00,อาชีพอิสระ,5,ค้างชำระ,134,1
L-22862,2025-05-30,32747.57,0.48,78,64,3,300000.00,ธุรกิจส่วนตัว,1,ปกติ,15,0
L-23248,2025-05-30,24728.15,0.02,12,32,4,300000.00,ข้าราชการ,0,ปกติ,18,0
L-23570,2025-05-30,39554.68,0.483,30,28,5,150000.00,พนักงานประจำ,11,ค้างชำระ,60,1
L-24095,2025-05-30,54290.53,0.518,171,45,2,300000.00,ข้าราชการ,2,ปกติ,14,0
L-25013,2025-05-30,40327.07,0.203,79,61,4,300000.00,พนักงานประจำ,0,ปกติ,30,0
L-25301,2025-05-30,41595.42,0.443,129,56,5,500000.00,ธุรกิจส่วนตัว,1,ปกติ,11,0
L-25368,2025-05-30,32073.57,0.58,221,38,6,50000.00,พนักงานประจำ,1,ปกติ,29,0
L-25517,2025-05-30,47047.58,0.02,26,41,3,50000.00,อาชีพอิสระ,2,ปกติ,22,0
L-26031,2025-05-30,32286.00,0.491,98,45,4,500000.00,ข้าราชการ,2,ปกติ,21,0
L-26700,2025-05-30,37544.53,0.123,68,25,2,500000.00,ข้าราชการ,0,ปกติ,4,0
L-26871,2025-05-30,18854.81,0.274,77,32,6,150000.00,ข้าราชการ,0,ปิดบัญชีแล้ว,0,0
L-28835,2025-05-30,21716.84,0.625,19,63,3,200000.00,ธุรกิจส่วนตัว,2,ปกติ,13,0
L-28980,2025-05-30,30363.24,0.451,177,63,4,500000.00,พนักงานประจำ,1,ปกติ,27,0
L-29881,2025-05-30,36703.35,0.547,162,33,6,300000.00,อาชีพอิสระ,1,ปิดบัญชีแล้ว,23,0
L-30376,2025-05-30,32313.79,0.212,41,65,0,150000.00,อาชีพอิสระ,0,ปกติ,21,0
L-31273,2025-05-30,16988.07,0.228,167,53,1,300000.00,ธุรกิจส่วนตัว,2,ปกติ,5,0
L-21915,2025-05-31,15687.98,0.443,206,60,0,50000.00,พนักงานประจำ,0,ปกติ,24,0
L-22388,2025-05-31,17511.89,0.684,146,35,5,300000.00,อาชีพอิสระ,0,ปกติ,16,0
L-22752,2025-05-31,17287.60,0.36,29,40,6,200000.00,พนักงานประจำ,1,ปกติ,29,0
L-24056,2025-05-31,9000.00,0.589,183,65,5,500000.00,พนักงานประจำ,2,ปกติ,13,0
L-25404,2025-05-31,42318.02,0.19,79,31,3,200000.00,อาชีพอิสระ,0,ปกติ,5,0
L-25415,2025-05-31,26248.16,0.421,16,54,3,200000.00,ข้าราชการ,0,ปกติ,30,0
L-27762,2025-05-31,15341.85,0.363,210,28,1,200000.00,ธุรกิจส่วนตัว,0,ปกติ,12,0
L-28026,2025-05-31,33140.25,0.149,32,26,1,300000.00,พนักงานประจำ,1,ปกติ,12,0
L-30256,2025-05-31,54278.40,0.27,231,61,1,50000.00,ธุรกิจส่วนตัว,1,ปิดบัญชีแล้ว,13,0
L-31400,2025-05-31,42710.20,0.446,207,51,3,200000.00,อาชีพอิสระ,2,ปกติ,9,0
L-31552,2025-05-31,37023.01,0.251,30,25,2,150000.00,อาชีพอิสระ,1,ปิดบัญชีแล้ว,12,0
L-20165,2025-06-01,9000.00,0.129,176,36,0,200000.00,ธุรกิจส่วนตัว,1,ปิดบัญชีแล้ว,17,0
L-21200,2025-06-01,24095.35,0.655,121,58,4,50000.00,ธุรกิจส่วนตัว,1,ปกติ,27,0
L-23857,2025-06-01,9179.97,0.837,153,48,0,150000.00,อาชีพอิสระ,6,ค้างชำระ,70,1
L-23961,2025-06-01,26529.19,0.519,22,23,3,50000.00,ข้าราชการ,1,ปิดบัญชีแล้ว,7,0
L-24397,2025-06-01,30218.96,0.734,22,32,1,50000.00,อาชีพอิสระ,0,ปกติ,10,0
L-24729,2025-06-01,23436.57,0.265,45,30,0,500000.00,ข้าราชการ,2,ปกติ,23,0
L-25498,2025-06-01,26919.08,0.288,31,38,5,150000.00,ธุรกิจส่วนตัว,1,ปกติ,27,0
L-26198,2025-06-01,22803.80,0.278,94,61,3,50000.00,อาชีพอิสระ,1,ปิดบัญชีแล้ว,21,0
L-26308,2025-06-01,21866.61,0.48,202,24,0,300000.00,ธุรกิจส่วนตัว,1,ปกติ,24,0
L-27183,2025-06-01,30622.86,0.385,157,27,4,500000.00,อาชีพอิสระ,2,ปกติ,25,0
L-27426,2025-06-01,37576.71,0.436,80,34,5,50000.00,ธุรกิจส่วนตัว,0,ปกติ,24,0
L-27493,2025-06-01,40411.08,0.216,138,55,0,150000.00,อาชีพอิสระ,2,ปกติ,1,0
L-28184,2025-06-01,22303.51,0.29,191,51,3,50000.00,พนักงานประจำ,1,ปิดบัญชีแล้ว,13,0
L-29026,2025-06-01,34976.08,0.172,75,60,2,300000.00,พนักงานประจำ,1,ปกติ,19,0
L-29747,2025-06-01,59791.34,0.02,102,37,4,50000.00,พนักงานประจำ,2,ปิดบัญชีแล้ว,3,0
L-22863,2025-06-02,9000.00,0.394,91,35,3,50000.00,ธุรกิจส่วนตัว,2,ปกติ,10,0
L-24221,2025-06-02,17274.23,0.343,206,26,2,500000.00,ธุรกิจส่วนตัว,0,ปกติ,17,0
L-24372,2025-06-02,54077.31,0.43,70,32,5,300000.00,อาชีพอิสระ,1,ปิดบัญชีแล้ว,2,0
L-24707,2025-06-02,49448.76,0.522,234,39,1,300000.00,พนักงานประจำ,0,ปกติ,13,0
L-25076,2025-06-02,49079.26,0.741,165,64,0,100000.00,พนักงานประจำ,1,ปิดบัญชีแล้ว,28,0
L-26761,2025-06-02,17157.57,0.02,215,58,0,150000.00,ธุรกิจส่วนตัว,1,ปกติ,26,0
L-30927,2025-06-02,42576.73,0.275,219,57,1,50000.00,ธุรกิจส่วนตัว,2,ปกติ,29,0
L-20102,2025-06-03,24214.37,0.664,7,33,5,50000.00,ธุรกิจส่วนตัว,4,ค้างชำระ,168,1
L-20118,2025-06-03,27022.96,0.472,221,34,5,500000.00,อาชีพอิสระ,2,ปกติ,19,0
L-21750,2025-06-03,11840.97,0.499,106,63,6,100000.00,พนักงานประจำ,2,ปกติ,17,0
L-23879,2025-06-03,23471.23,0.351,53,45,1,500000.00,ธุรกิจส่วนตัว,1,ปกติ,14,0
L-26472,2025-06-03,47681.55,0.593,2,26,6,500000.00,อาชีพอิสระ,10,ค้างชำระ,170,1
L-27395,2025-06-03,19346.55,0.61,218,49,3,150000.00,ธุรกิจส่วนตัว,2,ปกติ,2,0
L-28183,2025-06-03,25646.60,0.393,186,65,4,300000.00,อาชีพอิสระ,2,ปกติ,28,0
L-22999,2025-06-04,39625.58,0.811,121,36,1,150000.00,ธุรกิจส่วนตัว,0,ปกติ,24,0
L-23363,2025-06-04,45704.02,0.71,151,62,5,50000.00,พนักงานประจำ,0,ปกติ,17,0
L-23459,2025-06-04,38035.72,0.618,42,37,2,300000.00,อาชีพอิสระ,1,ปกติ,6,0
L-24347,2025-06-04,30955.64,0.267,135,53,6,50000.00,ธุรกิจส่วนตัว,0,ปิดบัญชีแล้ว,27,0
L-24654,2025-06-04,27731.25,0.309,124,46,0,500000.00,ธุรกิจส่วนตัว,2,ปกติ,17,0
L-25035,2025-06-04,41508.27,0.427,144,36,2,300000.00,ธุรกิจส่วนตัว,1,ปิดบัญชีแล้ว,11,0
L-25036,2025-06-04,26906.08,0.314,92,51,2,50000.00,พนักงานประจำ,0,ปกติ,25,0
L-26373,2025-06-04,21143.50,0.129,62,47,3,200000.00,อาชีพอิสระ,2,ปิดบัญชีแล้ว,12,0
L-26449,2025-06-04,29446.11,0.504,79,59,3,150000.00,ธุรกิจส่วนตัว,12,ค้างชำระ,134,1
L-26910,2025-06-04,53770.18,0.362,56,32,3,50000.00,อาชีพอิสระ,1,ปกติ,9,0
L-27341,2025-06-04,38849.69,0.518,167,55,0,500000.00,พนักงานประจำ,0,ปิดบัญชีแล้ว,2,0
L-27596,2025-06-04,42498.42,0.183,38,23,0,500000.00,อาชีพอิสระ,0,ปกติ,4,0
L-28957,2025-06-04,9000.00,0.26,62,31,5,50000.00,อาชีพอิสระ,0,ปิดบัญชีแล้ว,11,0
L-29846,2025-06-04,26460.15,0.742,146,44,1,150000.00,อาชีพอิสระ,0,ปิดบัญชีแล้ว,21,0
L-29962,2025-06-04,9000.00,0.448,45,64,0,150000.00,ธุรกิจส่วนตัว,0,ปิดบัญชีแล้ว,20,0
L-31248,2025-06-04,37877.32,0.623,175,60,5,100000.00,อาชีพอิสระ,0,ปกติ,6,0
L-31559,2025-06-04,49463.62,0.376,152,50,4,500000.00,ธุรกิจส่วนตัว,1,ปกติ,2,0
L-20282,2025-06-05,36325.05,0.361,36,62,2,100000.00,อาชีพอิสระ,1,ปกติ,26,0
L-21672,2025-06-05,40401.80,0.539,41,51,2,150000.00,อาชีพอิสระ,1,ปกติ,4,0
L-22833,2025-06-05,53032.72,0.412,96,58,0,100000.00,ธุรกิจส่วนตัว,0,ปกติ,7,0
L-24218,2025-06-05,41064.72,0.335,77,60,1,150000.00,อาชีพอิสระ,1,ปกติ,24,0
L-25458,2025-06-05,29826.87,0.183,37,30,4,150000.00,อาชีพอิสระ,2,ปิดบัญชีแล้ว,24,0
L-25648,2025-06-05,26137.19,0.72,186,45,3,200000.00,อาชีพอิสระ,0,ปกติ,13,0
L-26503,2025-06-05,26524.23,0.403,228,58,1,500000.00,ข้าราชการ,0,ปกติ,3,0
L-27915,2025-06-05,43863.83,0.425,60,61,3,150000.00,ข้าราชการ,3,ค้างชำระ,114,1
L-30827,2025-06-05,32028.94,0.44,122,36,1,300000.00,พนักงานประจำ,0,ปิดบัญชีแล้ว,4,0
L-31549,2025-06-05,31144.92,0.487,24,45,4,500000.00,พนักงานประจำ,1,ปกติ,1,0
L-21840,2025-06-06,42622.01,0.417,33,37,1,100000.00,พนักงานประจำ,2,ปกติ,14,0
L-21906,2025-06-06,27236.69,0.636,99,58,2,50000.00,ข้าราชการ,3,ค้างชำระ,85,1
L-23840,2025-06-06,51018.08,0.38,113,23,5,150000.00,ธุรกิจส่วนตัว,0,ปกติ,14,0
L-24665,2025-06-06,52401.82,0.18,154,61,4,500000.00,อาชีพอิสระ,1,ปิดบัญชีแล้ว,25,0
L-24936,2025-06-06,49222.00,0.218,180,26,3,500000.00,ข้าราชการ,0,ปกติ,4,0
L-25861,2025-06-06,16540.28,0.224,235,21,5,200000.00,อาชีพอิสระ,2,ปิดบัญชีแล้ว,19,0
L-26079,2025-06-06,29940.96,0.425,231,51,3,200000.00,พนักงานประจำ,1,ปกติ,18,0
L-27429,2025-06-06,15412.14,0.213,68,54,4,300000.00,อาชีพอิสระ,1,ปกติ,8,0
L-27860,2025-06-06,40788.81,0.468,29,54,6,100000.00,อาชีพอิสระ,2,ปกติ,8,0
L-28882,2025-06-06,17126.72,0.465,213,44,5,200000.00,อาชีพอิสระ,0,ปกติ,12,0
L-28991,2025-06-06,21891.98,0.053,214,52,4,100000.00,ธุรกิจส่วนตัว,0,ปิดบัญชีแล้ว,19,0
L-29295,2025-06-06,26214.37,0.332,39,22,4,200000.00,ธุรกิจส่วนตัว,1,ปกติ,1,0
L-30312,2025-06-06,29336.37,0.448,78,24,6,300000.00,ข้าราชการ,2,ปกติ,15,0
L-30869,2025-06-06,13376.30,0.451,74,21,6,150000.00,ข้าราชการ,14,ค้างชำระ,97,1
L-31082,2025-06-06,13658.56,0.421,80,39,4,200000.00,ข้าราชการ,0,ปิดบัญชีแล้ว,6,0
L-21235,2025-06-07,73815.59,0.325,128,37,0,150000.00,ข้าราชการ,1,ปกติ,23,0
L-22055,2025-06-07,34335.67,0.259,209,41,2,150000.00,ข้าราชการ,2,ปกติ,7,0
L-23320,2025-06-07,46884.57,0.758,138,31,0,50000.00,อาชีพอิสระ,13,ค้างชำระ,61,1
L-25778,2025-06-07,15194.84,0.53,27,41,0,300000.00,ธุรกิจส่วนตัว,13,ค้างชำระ,84,1
L-26498,2025-06-07,48241.59,0.306,49,46,5,100000.00,ธุรกิจส่วนตัว,2,ปกติ,4,0
L-26813,2025-06-07,27549.03,0.439,144,25,5,200000.00,พนักงานประจำ,13,ค้างชำระ,123,1
L-27365,2025-06-07,18169.01,0.302,156,61,2,500000.00,ข้าราชการ,14,ค้างชำระ,122,1
L-27598,2025-06-07,42271.26,0.296,47,31,1,500000.00,อาชีพอิสระ,0,ปกติ,27,0
L-27735,2025-06-07,29749.54,0.337,54,33,1,500000.00,ธุรกิจส่วนตัว,2,ปกติ,8,0
L-28080,2025-06-07,35736.89,0.421,129,28,1,150000.00,พนักงานประจำ,2,ปกติ,21,0
L-29443,2025-06-07,40612.72,0.02,143,28,3,300000.00,พนักงานประจำ,1,ปิดบัญชีแล้ว,17,0
L-29697,2025-06-07,37197.94,0.537,107,26,6,150000.00,พนักงานประจำ,0,ปกติ,13,0
L-30108,2025-06-07,11823.67,0.732,166,32,4,100000.00,อาชีพอิสระ,5,ค้างชำระ,87,1
L-30360,2025-06-07,25240.77,0.365,51,65,3,50000.00,พนักงานประจำ,0,ปกติ,17,0
L-31964,2025-06-07,51224.24,0.82,222,28,1,50000.00,ธุรกิจส่วนตัว,1,ปกติ,3,0
L-22487,2025-06-08,35285.36,0.317,15,36,0,50000.00,ธุรกิจส่วนตัว,2,ปกติ,11,0
L-23406,2025-06-08,23527.73,0.374,111,49,2,100000.00,ธุรกิจส่วนตัว,2,ปกติ,0,0
L-23832,2025-06-08,32937.32,0.337,240,53,1,100000.00,ข้าราชการ,4,ค้างชำระ,122,1
L-24289,2025-06-08,41694.12,0.427,112,44,3,50000.00,ข้าราชการ,14,ค้างชำระ,157,1
L-25781,2025-06-08,41176.57,0.471,177,57,0,200000.00,ธุรกิจส่วนตัว,0,ปิดบัญชีแล้ว,26,0
L-27968,2025-06-08,37103.60,0.458,15,38,1,100000.00,ธุรกิจส่วนตัว,2,ปิดบัญชีแล้ว,1,0
L-28935,2025-06-08,14496.89,0.225,222,30,5,200000.00,อาชีพอิสระ,1,ปกติ,20,0
L-29121,2025-06-08,35945.90,0.2,108,37,3,500000.00,ธุรกิจส่วนตัว,2,ปกติ,2,0
L-30420,2025-06-08,22998.11,0.401,215,21,0,150000.00,ธุรกิจส่วนตัว,0,ปกติ,8,0
L-31064,2025-06-08,29303.88,0.427,79,39,6,300000.00,ข้าราชการ,1,ปกติ,5,0
L-31701,2025-06-08,48848.59,0.02,125,29,6,200000.00,พนักงานประจำ,0,ปิดบัญชีแล้ว,18,0
L-21172,2025-06-09,44585.38,0.466,212,44,1,100000.00,ข้าราชการ,0,ปกติ,30,0
L-21475,2025-06-09,10631.49,0.328,172,65,4,50000.00,อาชีพอิสระ,0,ปกติ,8,0
L-21668,2025-06-09,28968.26,0.406,67,44,0,200000.00,อาชีพอิสระ,1,ปกติ,3,0
L-21871,2025-06-09,49797.29,0.402,143,27,0,500000.00,ข้าราชการ,0,ปกติ,27,0
L-23548,2025-06-09,28987.44,0.139,131,64,0,100000.00,อาชีพอิสระ,0,ปกติ,17,0
L-27355,2025-06-09,25096.26,0.113,41,28,4,150000.00,ข้าราชการ,0,ปิดบัญชีแล้ว,11,0
L-29423,2025-06-09,44207.66,0.596,34,47,6,150000.00,พนักงานประจำ,0,ปิดบัญชีแล้ว,25,0
L-20069,2025-06-10,43230.02,0.484,147,57,0,100000.00,พนักงานประจำ,0,ปกติ,16,0
L-20848,2025-06-10,59246.46,0.101,94,48,5,50000.00,ธุรกิจส่วนตัว,1,ปิดบัญชีแล้ว,7,0
L-22570,2025-06-10,57035.25,0.613,180,23,5,50000.00,ข้าราชการ,1,ปกติ,15,0
L-23018,2025-06-10,35664.28,0.75,193,23,3,200000.00,อาชีพอิสระ,1,ปิดบัญชีแล้ว,17,0
L-23692,2025-06-10,26339.96,0.532,201,45,0,200000.00,ธุรกิจส่วนตัว,2,ปิดบัญชีแล้ว,20,0
L-23842,2025-06-10,51214.05,0.314,88,30,0,300000.00,พนักงานประจำ,2,ปกติ,1,0
L-24060,2025-06-10,46332.40,0.394,126,46,1,100000.00,ธุรกิจส่วนตัว,0,ปิดบัญชีแล้ว,18,0
L-25653,2025-06-10,33349.92,0.268,4,26,6,500000.00,อาชีพอิสระ,1,ปกติ,7,0
L-27937,2025-06-10,59526.63,0.472,4,60,3,150000.00,พนักงานประจำ,0,ปกติ,22,0
L-28640,2025-06-10,53462.33,0.461,140,43,3,500000.00,อาชีพอิสระ,2,ปกติ,24,0
L-29304,2025-06-10,55548.11,0.386,100,62,4,500000.00,ข้าราชการ,1,ปกติ,28,0
L-29795,2025-06-10,49096.12,0.19,18,39,6,300000.00,ข้าราชการ,1,ปกติ,16,0
L-20804,2025-06-11,31448.86,0.518,231,61,1,150000.00,อาชีพอิสระ,1,ปกติ,27,0
L-21060,2025-06-11,54734.48,0.35,131,45,6,500000.00,ธุรกิจส่วนตัว,2,ปกติ,24,0
L-21315,2025-06-11,55245.89,0.698,195,30,1,300000.00,พนักงานประจำ,2,ปกติ,4,0
L-21550,2025-06-11,10771.71,0.537,63,38,5,300000.00,ธุรกิจส่วนตัว,12,ค้างชำระ,95,1
L-21844,2025-06-11,24317.49,0.47,224,42,4,200000.00,อาชีพอิสระ,4,ค้างชำระ,158,1
L-22739,2025-06-11,28700.39,0.325,98,32,0,500000.00,พนักงานประจำ,1,ปกติ,9,0
L-23698,2025-06-11,25808.86,0.453,30,27,2,300000.00,อาชีพอิสระ,2,ปกติ,17,0
L-24702,2025-06-11,19078.09,0.377,54,46,6,100000.00,ธุรกิจส่วนตัว,0,ปกติ,6,0
L-24848,2025-06-11,21591.85,0.512,77,33,2,300000.00,อาชีพอิสระ,2,ปิดบัญชีแล้ว,17,0
L-24930,2025-06-11,33721.52,0.588,79,60,4,200000.00,อาชีพอิสระ,1,ปิดบัญชีแล้ว,1,0
L-25313,2025-06-11,19182.41,0.346,104,59,2,200000.00,อาชีพอิสระ,0,ปิดบัญชีแล้ว,11,0
L-25385,2025-06-11,17525.13,0.068,11,57,2,500000.00,ข้าราชการ,0,ปกติ,29,0
L-26979,2025-06-11,25084.36,0.476,34,61,6,300000.00,ธุรกิจส่วนตัว,1,ปกติ,11,0
L-28244,2025-06-11,9000.00,0.373,203,31,5,200000.00,ธุรกิจส่วนตัว,1,ปกติ,27,0
L-29102,2025-06-11,48948.35,0.482,87,39,3,200000.00,ข้าราชการ,2,ปิดบัญชีแล้ว,11,0
L-29466,2025-06-11,29309.38,0.488,12,37,1,500000.00,อาชีพอิสระ,2,ปกติ,4,0
L-29549,2025-06-11,28190.70,0.268,60,48,1,500000.00,ธุรกิจส่วนตัว,1,ปิดบัญชีแล้ว,15,0
L-31746,2025-06-11,43523.05,0.468,147,59,0,150000.00,พนักงานประจำ,1,ปิดบัญชีแล้ว,7,0
L-20429,2025-06-12,25646.22,0.223,177,42,5,300000.00,ข้าราชการ,0,ปกติ,0,0
L-20467,2025-06-12,17032.03,0.387,209,47,1,200000.00,ข้าราชการ,1,ปกติ,26,0
L-21161,2025-06-12,23190.97,0.264,21,26,5,200000.00,อาชีพอิสระ,1,ปิดบัญชีแล้ว,26,0
L-21972,2025-06-12,35996.70,0.458,196,25,0,500000.00,ธุรกิจส่วนตัว,1,ปกติ,28,0
L-24183,2025-06-12,42430.05,0.472,59,43,0,300000.00,ธุรกิจส่วนตัว,2,ปกติ,18,0
L-24341,2025-06-12,46053.66,0.647,77,46,6,100000.00,ข้าราชการ,0,ปกติ,2,0
L-25927,2025-06-12,19596.78,0.417,6,59,0,150000.00,พนักงานประจำ,1,ปิดบัญชีแล้ว,24,0
L-26479,2025-06-12,27451.57,0.214,45,55,0,100000.00,อาชีพอิสระ,1,ปกติ,8,0
L-26587,2025-06-12,29133.75,0.383,39,27,3,50000.00,ธุรกิจส่วนตัว,5,ค้างชำระ,109,1
L-27026,2025-06-12,22035.25,0.2,150,59,0,200000.00,อาชีพอิสระ,8,ค้างชำระ,179,1
L-28096,2025-06-12,51750.34,0.218,73,23,6,50000.00,ธุรกิจส่วนตัว,2,ปิดบัญชีแล้ว,6,0
L-28811,2025-06-12,34807.02,0.579,22,23,5,50000.00,อาชีพอิสระ,0,ปกติ,14,0
L-29052,2025-06-12,9000.00,0.487,222,25,2,500000.00,พนักงานประจำ,0,ปิดบัญชีแล้ว,30,0
L-29819,2025-06-12,35858.79,0.537,222,39,6,300000.00,พนักงานประจำ,1,ปิดบัญชีแล้ว,22,0
L-29899,2025-06-12,33874.13,0.311,188,63,6,500000.00,ข้าราชการ,8,ค้างชำระ,105,1
L-30333,2025-06-12,28345.32,0.174,30,60,4,500000.00,ข้าราชการ,1,ปกติ,28,0
L-20331,2025-06-13,20377.73,0.02,118,49,1,100000.00,ข้าราชการ,0,ปกติ,21,0
L-21793,2025-06-13,41324.31,0.359,162,43,0,300000.00,พนักงานประจำ,2,ปกติ,1,0
L-23769,2025-06-13,32382.48,0.507,128,30,2,100000.00,ธุรกิจส่วนตัว,0,ปิดบัญชีแล้ว,29,0
L-25649,2025-06-13,26714.47,0.02,177,33,3,50000.00,พนักงานประจำ,1,ปิดบัญชีแล้ว,7,0
L-26865,2025-06-13,24202.70,0.516,140,40,1,500000.00,อาชีพอิสระ,2,ปกติ,2,0
L-26930,2025-06-13,32049.10,0.136,9,26,6,200000.00,พนักงานประจำ,1,ปกติ,19,0
L-27777,2025-06-13,28057.50,0.352,11,54,5,300000.00,พนักงานประจำ,1,ปกติ,21,0
L-28328,2025-06-13,40223.47,0.216,0,46,2,300000.00,พนักงานประจำ,1,ปกติ,15,0
L-28391,2025-06-13,55078.16,0.353,193,33,2,300000.00,อาชีพอิสระ,1,ปกติ,0,0
L-20164,2025-06-14,39470.39,0.509,212,28,2,200000.00,อาชีพอิสระ,1,ปกติ,26,0
L-21994,2025-06-14,60263.59,0.4,161,37,4,150000.00,อาชีพอิสระ,2,ปกติ,28,0
L-24481,2025-06-14,59028.17,0.291,157,63,1,100000.00,ธุรกิจส่วนตัว,2,ปกติ,12,0
L-24920,2025-06-14,36708.24,0.388,112,58,2,300000.00,อาชีพอิสระ,11,ค้างชำระ,53,1
L-25111,2025-06-14,27472.48,0.432,12,61,4,500000.00,อาชีพอิสระ,2,ปิดบัญชีแล้ว,11,0
L-25116,2025-06-14,9000.00,0.318,24,43,4,150000.00,อาชีพอิสระ,5,ค้างชำระ,83,1
L-27801,2025-06-14,30760.03,0.023,35,57,1,300000.00,ธุรกิจส่วนตัว,0,ปกติ,2,0
L-28381,2025-06-14,54245.26,0.403,232,61,5,50000.00,ธุรกิจส่วนตัว,3,ค้างชำระ,71,1
L-29705,2025-06-14,44085.32,0.4,188,37,2,50000.00,พนักงานประจำ,0,ปิดบัญชีแล้ว,9,0
L-20089,2025-06-15,36724.86,0.296,65,25,2,150000.00,อาชีพอิสระ,2,ปิดบัญชีแล้ว,20,0
L-20112,2025-06-15,9548.93,0.608,170,48,6,200000.00,พนักงานประจำ,0,ปกติ,20,0
L-20506,2025-06-15,33742.52,0.226,180,29,3,300000.00,ข้าราชการ,0,ปิดบัญชีแล้ว,5,0
L-20803,2025-06-15,24260.28,0.254,73,32,3,50000.00,พนักงานประจำ,2,ปกติ,11,0
L-21876,2025-06-15,29903.64,0.456,63,27,3,200000.00,อาชีพอิสระ,8,ค้างชำระ,166,1
L-22944,2025-06-15,31542.36,0.383,191,53,2,300000.00,พนักงานประจำ,0,ปกติ,22,0
L-25847,2025-06-15,49936.09,0.342,192,39,3,150000.00,พนักงานประจำ,0,ปกติ,9,0
L-26219,2025-06-15,28196.80,0.374,87,37,1,300000.00,ข้าราชการ,2,ปกติ,28,0
L-27301,2025-06-15,27065.74,0.481,205,32,3,100000.00,อาชีพอิสระ,2,ปกติ,0,0
L-27418,2025-06-15,27697.98,0.706,51,63,0,500000.00,ข้าราชการ,0,ปกติ,1,0
L-28973,2025-06-15,11606.78,0.548,138,63,2,200000.00,ธุรกิจส่วนตัว,13,ค้างชำระ,86,1
L-29122,2025-06-15,31212.67,0.452,25,59,4,300000.00,ข้าราชการ,1,ปกติ,12,0
L-29624,2025-06-15,25294.97,0.823,180,63,0,200000.00,พนักงานประจำ,0,ปกติ,29,0
L-30870,2025-06-15,55043.03,0.573,96,60,6,50000.00,อาชีพอิสระ,1,ปกติ,9,0
L-20640,2025-06-16,25613.13,0.512,82,33,0,200000.00,อาชีพอิสระ,1,ปกติ,20,0
L-20724,2025-06-16,16597.83,0.282,125,42,4,200000.00,อาชีพอิสระ,0,ปกติ,26,0
L-22422,2025-06-16,32700.00,0.386,78,21,0,200000.00,พนักงานประจำ,0,ปกติ,22,0
L-23274,2025-06-16,53345.79,0.156,186,38,6,50000.00,พนักงานประจำ,9,ค้างชำระ,101,1
L-23648,2025-06-16,19527.57,0.567,50,43,5,500000.00,ธุรกิจส่วนตัว,5,ค้างชำระ,147,1
L-24498,2025-06-16,56221.79,0.088,101,43,5,150000.00,อาชีพอิสระ,0,ปกติ,1,0
L-29049,2025-06-16,40331.47,0.315,50,31,5,500000.00,อาชีพอิสระ,0,ปกติ,9,0
L-29243,2025-06-16,49153.68,0.436,118,45,5,100000.00,อาชีพอิสระ,0,ปิดบัญชีแล้ว,22,0
L-30317,2025-06-16,12465.45,0.555,19,24,5,100000.00,ข้าราชการ,0,ปกติ,5,0
L-31423,2025-06-16,25770.11,0.289,67,46,0,200000.00,ข้าราชการ,0,ปกติ,17,0
L-31686,2025-06-16,32337.61,0.214,65,56,2,200000.00,พนักงานประจำ,1,ปิดบัญชีแล้ว,10,0
L-31835,2025-06-16,18758.93,0.279,180,38,5,50000.00,พนักงานประจำ,2,ปิดบัญชีแล้ว,19,0
L-20817,2025-06-17,12704.88,0.651,82,50,0,300000.00,ข้าราชการ,9,ค้างชำระ,66,1
L-20920,2025-06-17,34503.60,0.487,163,55,4,100000.00,อาชีพอิสระ,1,ปกติ,7,0
L-21094,2025-06-17,30039.99,0.675,7,36,4,150000.00,อาชีพอิสระ,2,ปกติ,8,0
L-23072,2025-06-17,24299.69,0.299,107,52,3,300000.00,ข้าราชการ,1,ปกติ,30,0
L-23628,2025-06-17,10586.28,0.404,200,44,0,300000.00,พนักงานประจำ,2,ปกติ,7,0
L-24021,2025-06-17,45542.90,0.182,135,65,3,300000.00,อาชีพอิสระ,1,ปกติ,16,0
L-24272,2025-06-17,62480.55,0.493,204,35,2,500000.00,พนักงานประจำ,3,ค้างชำระ,81,1
L-25604,2025-06-17,18628.23,0.237,165,48,5,200000.00,ธุรกิจส่วนตัว,1,ปกติ,17,0
L-27009,2025-06-17,28852.22,0.587,176,28,0,200000.00,ข้าราชการ,0,ปกติ,15,0
L-29171,2025-06-17,67445.33,0.083,204,24,6,150000.00,อาชีพอิสระ,2,ปิดบัญชีแล้ว,6,0
L-29353,2025-06-17,49901.75,0.021,158,39,2,100000.00,ธุรกิจส่วนตัว,0,ปกติ,25,0
L-30731,2025-06-17,18167.84,0.715,131,21,6,200000.00,ข้าราชการ,2,ปกติ,8,0
L-20129,2025-06-18,22777.42,0.283,95,22,6,300000.00,ข้าราชการ,1,ปกติ,21,0
L-21267,2025-06-18,43135.37,0.267,196,59,6,200000.00,อาชีพอิสระ,0,ปกติ,13,0
L-21292,2025-06-18,17089.77,0.329,215,44,4,50000.00,พนักงานประจำ,0,ปกติ,13,0
L-21797,2025-06-18,18148.78,0.525,57,55,4,200000.00,ธุรกิจส่วนตัว,1,ปกติ,0,0
L-22432,2025-06-18,26943.11,0.288,54,49,5,100000.00,พนักงานประจำ,0,ปิดบัญชีแล้ว,17,0
L-22723,2025-06-18,12033.18,0.489,69,48,6,150000.00,อาชีพอิสระ,2,ปิดบัญชีแล้ว,3,0
L-24588,2025-06-18,17488.30,0.528,176,34,6,500000.00,ข้าราชการ,1,ปกติ,18,0
L-25221,2025-06-18,37722.99,0.508,222,41,2,500000.00,พนักงานประจำ,5,ค้างชำระ,111,1
L-27192,2025-06-18,37629.22,0.457,171,59,2,500000.00,พนักงานประจำ,2,ปกติ,5,0
L-27431,2025-06-18,41225.42,0.647,62,28,2,150000.00,ธุรกิจส่วนตัว,1,ปิดบัญชีแล้ว,24,0
L-30526,2025-06-18,46689.54,0.56,152,62,4,200000.00,ธุรกิจส่วนตัว,0,ปกติ,15,0
L-30807,2025-06-18,9000.00,0.335,201,29,5,50000.00,ธุรกิจส่วนตัว,2,ปกติ,4,0
L-31300,2025-06-18,55258.54,0.392,162,28,1,500000.00,อาชีพอิสระ,2,ปกติ,9,0
L-20760,2025-06-19,21572.24,0.469,152,60,2,50000.00,ธุรกิจส่วนตัว,0,ปกติ,23,0
L-21982,2025-06-19,28471.94,0.273,79,37,3,100000.00,ธุรกิจส่วนตัว,0,ปกติ,1,0
L-26637,2025-06-19,38876.06,0.504,224,53,0,100000.00,อาชีพอิสระ,0,ปกติ,2,0
L-27331,2025-06-19,67906.68,0.672,93,23,2,200000.00,พนักงานประจำ,2,ปกติ,30,0
L-29524,2025-06-19,22992.02,0.617,63,43,2,500000.00,อาชีพอิสระ,0,ปกติ,26,0
L-31698,2025-06-19,10571.87,0.602,43,22,5,500000.00,ธุรกิจส่วนตัว,0,ปิดบัญชีแล้ว,22,0
L-21321,2025-06-20,13901.99,0.125,153,64,6,100000.00,อาชีพอิสระ,0,ปิดบัญชีแล้ว,9,0
L-22151,2025-06-20,13273.65,0.494,105,43,2,100000.00,พนักงานประจำ,13,ค้างชำระ,81,1
L-23868,2025-06-20,13337.45,0.806,121,50,1,200000.00,ข้าราชการ,2,ปกติ,4,0
L-24678,2025-06-20,12318.79,0.331,236,59,2,50000.00,อาชีพอิสระ,1,ปกติ,3,0
L-30285,2025-06-20,44045.71,0.454,228,22,1,500000.00,ธุรกิจส่วนตัว,0,ปกติ,23,0
L-30858,2025-06-20,47428.37,0.402,14,56,5,300000.00,ข้าราชการ,0,ปิดบัญชีแล้ว,27,0
L-31406,2025-06-20,23704.77,0.345,18,46,1,150000.00,ธุรกิจส่วนตัว,2,ปกติ,7,0
L-21372,2025-06-21,32336.26,0.32,85,37,2,200000.00,ข้าราชการ,2,ปกติ,12,0
L-21676,2025-06-21,27757.01,0.418,52,33,4,50000.00,ข้าราชการ,1,ปกติ,18,0
L-23256,2025-06-21,48014.13,0.478,66,33,1,500000.00,พนักงานประจำ,0,ปกติ,19,0
L-23651,2025-06-21,53599.11,0.63,7,50,3,500000.00,ข้าราชการ,2,ปกติ,14,0
L-26078,2025-06-21,28628.71,0.212,59,23,5,50000.00,ข้าราชการ,0,ปกติ,14,0
L-26512,2025-06-21,14324.76,0.453,13,38,2,150000.00,พนักงานประจำ,2,ปกติ,26,0
L-28536,2025-06-21,30720.85,0.565,48,23,1,50000.00,ธุรกิจส่วนตัว,2,ปกติ,15,0
L-29836,2025-06-21,38113.87,0.142,138,29,6,500000.00,อาชีพอิสระ,1,ปกติ,9,0
L-30122,2025-06-21,9000.00,0.355,25,51,5,300000.00,พนักงานประจำ,2,ปิดบัญชีแล้ว,20,0
L-20294,2025-06-22,49133.02,0.155,109,44,2,500000.00,พนักงานประจำ,2,ปกติ,27,0
L-20381,2025-06-22,27413.58,0.184,148,29,2,100000.00,อาชีพอิสระ,0,ปิดบัญชีแล้ว,8,0
L-20386,2025-06-22,21294.63,0.484,49,38,3,200000.00,พนักงานประจำ,2,ปกติ,12,0
L-21588,2025-06-22,39641.29,0.283,94,39,3,50000.00,พนักงานประจำ,2,ปกติ,8,0
L-23244,2025-06-22,9000.00,0.523,203,28,6,150000.00,พนักงานประจำ,0,ปิดบัญชีแล้ว,24,0
L-23788,2025-06-22,44416.63,0.272,184,58,1,500000.00,ธุรกิจส่วนตัว,0,ปกติ,28,0
L-24545,2025-06-22,32112.36,0.531,46,47,6,100000.00,พนักงานประจำ,11,ค้างชำระ,100,1
L-26776,2025-06-22,55443.26,0.19,174,49,2,150000.00,ข้าราชการ,2,ปิดบัญชีแล้ว,21,0
L-27438,2025-06-22,37571.41,0.378,162,23,1,300000.00,อาชีพอิสระ,2,ปกติ,7,0
L-29228,2025-06-22,28486.57,0.254,213,25,6,100000.00,อาชีพอิสระ,1,ปกติ,29,0
L-30627,2025-06-22,41083.14,0.335,230,33,4,150000.00,ข้าราชการ,1,ปกติ,3,0
L-31946,2025-06-22,19785.93,0.16,194,45,5,500000.00,อาชีพอิสระ,0,ปกติ,3,0
L-22166,2025-06-23,37720.49,0.023,2,32,2,50000.00,พนักงานประจำ,2,ปกติ,10,0
L-22420,2025-06-23,42459.27,0.519,152,26,0,500000.00,ธุรกิจส่วนตัว,1,ปกติ,20,0
L-24032,2025-06-23,22438.44,0.428,196,26,1,200000.00,อาชีพอิสระ,0,ปกติ,12,0
L-25371,2025-06-23,38066.67,0.181,114,37,5,50000.00,พนักงานประจำ,11,ค้างชำระ,98,1
L-25799,2025-06-23,21336.52,0.575,218,61,4,100000.00,อาชีพอิสระ,2,ปกติ,11,0
L-25897,2025-06-23,31820.21,0.237,135,29,4,50000.00,อาชีพอิสระ,10,ค้างชำระ,105,1
L-26622,2025-06-23,52478.94,0.242,62,49,6,500000.00,ข้าราชการ,2,ปกติ,6,0
L-26677,2025-06-23,28193.42,0.451,119,42,1,150000.00,ธุรกิจส่วนตัว,2,ปกติ,12,0
L-30496,2025-06-23,32018.12,0.418,126,24,6,150000.00,อาชีพอิสระ,0,ปิดบัญชีแล้ว,28,0
L-31531,2025-06-23,17033.74,0.193,52,32,3,300000.00,อาชีพอิสระ,1,ปกติ,23,0
L-20789,2025-06-24,46519.06,0.807,51,32,5,500000.00,ธุรกิจส่วนตัว,13,ค้างชำระ,176,1
L-21082,2025-06-24,38006.00,0.403,48,60,6,500000.00,พนักงานประจำ,0,ปกติ,13,0
L-21376,2025-06-24,18269.36,0.444,138,58,6,150000.00,ธุรกิจส่วนตัว,0,ปกติ,16,0
L-23507,2025-06-24,29213.25,0.261,75,37,0,100000.00,ธุรกิจส่วนตัว,0,ปกติ,20,0
L-23664,2025-06-24,28195.34,0.082,9,28,3,50000.00,ข้าราชการ,2,ปกติ,15,0
L-24445,2025-06-24,26590.53,0.46,185,21,3,200000.00,ธุรกิจส่วนตัว,0,ปิดบัญชีแล้ว,3,0
L-24631,2025-06-24,32602.75,0.163,11,35,3,300000.00,ข้าราชการ,2,ปกติ,22,0
L-25675,2025-06-24,17592.98,0.637,74,23,0,500000.00,ธุรกิจส่วนตัว,14,ค้างชำระ,59,1
L-26250,2025-06-24,24092.85,0.123,8,49,1,200000.00,ข้าราชการ,1,ปกติ,26,0
L-26362,2025-06-24,31871.03,0.3,213,65,4,500000.00,ข้าราชการ,9,ค้างชำระ,73,1
L-27482,2025-06-24,25648.29,0.447,32,45,6,150000.00,ข้าราชการ,2,ปกติ,18,0
L-29593,2025-06-24,36536.31,0.607,153,28,4,200000.00,ธุรกิจส่วนตัว,1,ปกติ,15,0
L-29840,2025-06-24,22887.03,0.276,103,62,0,500000.00,อาชีพอิสระ,0,ปกติ,10,0
L-30768,2025-06-24,24229.32,0.425,59,29,2,100000.00,อาชีพอิสระ,0,ปกติ,17,0
L-30837,2025-06-24,28322.37,0.548,83,41,2,200000.00,อาชีพอิสระ,14,ค้างชำระ,120,1
L-31292,2025-06-24,32037.92,0.627,216,59,0,500000.00,อาชีพอิสระ,0,ปกติ,8,0
L-20065,2025-06-25,17670.63,0.271,72,26,1,200000.00,ข้าราชการ,0,ปิดบัญชีแล้ว,3,0
L-20713,2025-06-25,13848.37,0.631,175,62,2,50000.00,พนักงานประจำ,0,ปกติ,19,0
L-21406,2025-06-25,16773.80,0.48,209,34,2,50000.00,พนักงานประจำ,2,ปกติ,2,0
L-22940,2025-06-25,41476.44,0.415,185,35,3,100000.00,พนักงานประจำ,1,ปกติ,19,0
L-23240,2025-06-25,19191.15,0.599,206,47,5,50000.00,ธุรกิจส่วนตัว,0,ปกติ,21,0
L-25401,2025-06-25,44655.24,0.422,3,30,5,500000.00,ธุรกิจส่วนตัว,2,ปกติ,24,0
L-27148,2025-06-25,21005.64,0.153,61,43,2,200000.00,อาชีพอิสระ,2,ปกติ,8,0
L-28019,2025-06-25,41236.10,0.562,206,64,0,150000.00,ธุรกิจส่วนตัว,0,ปกติ,25,0
L-28365,2025-06-25,38230.71,0.66,55,29,5,150000.00,อาชีพอิสระ,6,ค้างชำระ,46,1
L-29756,2025-06-25,28146.01,0.557,42,61,5,150000.00,ข้าราชการ,2,ปกติ,28,0
L-30309,2025-06-25,41461.82,0.376,83,53,3,500000.00,อาชีพอิสระ,0,ปกติ,1,0
L-31259,2025-06-25,40508.95,0.681,167,26,6,500000.00,อาชีพอิสระ,6,ค้างชำระ,167,1
L-31602,2025-06-25,41459.84,0.346,126,39,1,150000.00,พนักงานประจำ,1,ปกติ,10,0
L-31699,2025-06-25,29932.56,0.151,96,45,5,500000.00,พนักงานประจำ,1,ปกติ,14,0
L-20490,2025-06-26,65810.27,0.442,71,60,4,200000.00,พนักงานประจำ,2,ปกติ,3,0
L-21306,2025-06-26,22287.55,0.212,153,34,4,300000.00,ธุรกิจส่วนตัว,2,ปกติ,7,0
L-22146,2025-06-26,45504.74,0.291,71,65,5,150000.00,ธุรกิจส่วนตัว,0,ปกติ,5,0
L-22881,2025-06-26,20600.68,0.411,166,47,0,500000.00,พนักงานประจำ,2,ปิดบัญชีแล้ว,17,0
L-23766,2025-06-26,30453.74,0.321,188,51,0,150000.00,อาชีพอิสระ,2,ปกติ,4,0
L-24818,2025-06-26,51340.67,0.5,229,56,3,150000.00,พนักงานประจำ,1,ปกติ,28,0
L-27749,2025-06-26,24869.98,0.183,232,30,5,50000.00,อาชีพอิสระ,2,ปกติ,9,0
L-30598,2025-06-26,9000.00,0.02,239,42,0,500000.00,อาชีพอิสระ,0,ปกติ,5,0
L-31062,2025-06-26,30238.83,0.318,74,38,0,500000.00,ข้าราชการ,0,ปกติ,23,0
L-20368,2025-06-27,34572.02,0.178,202,32,1,150000.00,อาชีพอิสระ,2,ปกติ,11,0
L-21760,2025-06-27,27227.57,0.311,226,22,0,500000.00,อาชีพอิสระ,0,ปกติ,17,0
L-22207,2025-06-27,32177.96,0.443,123,45,4,150000.00,ข้าราชการ,2,ปิดบัญชีแล้ว,9,0
L-25589,2025-06-27,30904.31,0.496,150,65,3,150000.00,อาชีพอิสระ,0,ปิดบัญชีแล้ว,24,0
L-26842,2025-06-27,22385.58,0.143,10,58,2,200000.00,พนักงานประจำ,1,ปกติ,16,0
L-28693,2025-06-27,31838.65,0.597,109,32,2,50000.00,ธุรกิจส่วนตัว,0,ปกติ,1,0
L-29196,2025-06-27,9000.00,0.304,23,60,1,50000.00,ข้าราชการ,1,ปกติ,26,0
L-29609,2025-06-27,21587.89,0.56,99,44,1,200000.00,อาชีพอิสระ,0,ปกติ,26,0
L-30663,2025-06-27,49591.06,0.482,144,65,2,500000.00,อาชีพอิสระ,0,ปกติ,9,0
L-31284,2025-06-27,22555.55,0.193,52,47,1,150000.00,ข้าราชการ,0,ปกติ,14,0
L-31887,2025-06-27,20725.71,0.391,98,61,6,50000.00,ข้าราชการ,0,ปกติ,12,0
L-21117,2025-06-28,24883.07,0.282,88,23,5,100000.00,อาชีพอิสระ,12,ค้างชำระ,52,1
L-21411,2025-06-28,38339.88,0.589,41,22,0,150000.00,อาชีพอิสระ,1,ปิดบัญชีแล้ว,22,0
L-22308,2025-06-28,31272.86,0.203,172,57,5,300000.00,พนักงานประจำ,2,ปกติ,14,0
L-22816,2025-06-28,22068.21,0.49,108,42,6,150000.00,อาชีพอิสระ,3,ค้างชำระ,139,1
L-22837,2025-06-28,48427.97,0.5,10,49,6,50000.00,ธุรกิจส่วนตัว,6,ค้างชำระ,89,1
L-23761,2025-06-28,22932.39,0.315,24,32,0,50000.00,พนักงานประจำ,1,ปกติ,18,0
L-25084,2025-06-28,48743.38,0.02,57,62,0,500000.00,ข้าราชการ,2,ปกติ,17,0
L-26547,2025-06-28,46241.26,0.444,53,27,6,200000.00,พนักงานประจำ,2,ปกติ,16,0
L-28424,2025-06-28,39913.57,0.461,69,32,2,150000.00,พนักงานประจำ,2,ปกติ,20,0
L-28511,2025-06-28,18987.38,0.613,161,27,2,100000.00,อาชีพอิสระ,1,ปกติ,15,0
L-29192,2025-06-28,56258.82,0.321,69,61,1,50000.00,อาชีพอิสระ,2,ปกติ,9,0
L-30642,2025-06-28,42937.00,0.129,108,27,5,100000.00,ธุรกิจส่วนตัว,0,ปกติ,13,0
L-30646,2025-06-28,32123.46,0.299,91,55,4,200000.00,พนักงานประจำ,2,ปกติ,7,0
L-31825,2025-06-28,34278.55,0.216,213,33,5,300000.00,พนักงานประจำ,2,ปิดบัญชีแล้ว,1,0
L-21299,2025-06-29,30063.41,0.337,54,51,3,100000.00,ธุรกิจส่วนตัว,1,ปิดบัญชีแล้ว,26,0
L-21745,2025-06-29,30033.73,0.187,234,54,5,200000.00,อาชีพอิสระ,2,ปกติ,12,0
L-22083,2025-06-29,28615.47,0.106,32,26,2,50000.00,ข้าราชการ,0,ปิดบัญชีแล้ว,10,0
L-23107,2025-06-29,35481.36,0.446,229,60,2,200000.00,ข้าราชการ,2,ปกติ,14,0
L-23875,2025-06-29,39180.18,0.456,150,45,6,150000.00,ธุรกิจส่วนตัว,13,ค้างชำระ,72,1
L-23975,2025-06-29,28963.45,0.54,3,49,3,150000.00,พนักงานประจำ,1,ปกติ,9,0
L-25133,2025-06-29,38578.87,0.486,115,62,4,150000.00,ธุรกิจส่วนตัว,1,ปิดบัญชีแล้ว,20,0
L-25922,2025-06-29,54845.86,0.352,203,22,5,500000.00,ธุรกิจส่วนตัว,4,ค้างชำระ,156,1
L-28785,2025-06-29,26652.79,0.258,170,65,3,100000.00,อาชีพอิสระ,0,ปกติ,5,0
L-30638,2025-06-29,61874.77,0.334,206,58,1,500000.00,ข้าราชการ,1,ปกติ,22,0
L-22085,2025-06-30,34162.88,0.541,216,28,6,100000.00,อาชีพอิสระ,2,ปิดบัญชีแล้ว,2,0
L-22521,2025-06-30,10018.07,0.375,134,53,4,300000.00,ธุรกิจส่วนตัว,6,ค้างชำระ,64,1
L-23560,2025-06-30,21819.11,0.093,121,25,2,200000.00,ธุรกิจส่วนตัว,2,ปกติ,7,0
L-24091,2025-06-30,24240.87,0.397,69,32,6,150000.00,ธุรกิจส่วนตัว,1,ปิดบัญชีแล้ว,6,0
L-24506,2025-06-30,35690.05,0.334,144,44,5,100000.00,อาชีพอิสระ,2,ปกติ,2,0
L-24617,2025-06-30,28764.04,0.162,176,42,2,300000.00,ข้าราชการ,1,ปกติ,5,0
L-25012,2025-06-30,17645.92,0.086,54,30,3,300000.00,ธุรกิจส่วนตัว,0,ปกติ,13,0
L-25243,2025-06-30,31405.95,0.268,102,54,6,150000.00,ข้าราชการ,0,ปกติ,21,0
L-25677,2025-06-30,47364.66,0.585,102,61,3,500000.00,ข้าราชการ,2,ปิดบัญชีแล้ว,29,0
L-26194,2025-06-30,9000.00,0.276,37,35,5,150000.00,อาชีพอิสระ,1,ปกติ,5,0
L-28006,2025-06-30,10869.86,0.348,98,62,2,200000.00,ข้าราชการ,2,ปกติ,20,0
L-29218,2025-06-30,27093.11,0.272,212,58,1,500000.00,อาชีพอิสระ,0,ปกติ,20,0
L-30824,2025-06-30,39165.10,0.215,68,35,3,500000.00,ธุรกิจส่วนตัว,0,ปกติ,21,0
L-30880,2025-06-30,42319.43,0.555,222,48,6,300000.00,พนักงานประจำ,2,ปกติ,14,0
L-31546,2025-06-30,49987.20,0.95,81,27,0,150000.00,พนักงานประจำ,0,ปิดบัญชีแล้ว,16,0
L-21039,2025-07-01,48887.82,0.162,210,22,4,100000.00,พนักงานประจำ,1,ปกติ,6,0
L-23245,2025-07-01,12949.44,0.645,138,54,0,50000.00,อาชีพอิสระ,0,ปกติ,26,0
L-23588,2025-07-01,20567.71,0.106,222,47,4,100000.00,ธุรกิจส่วนตัว,0,ปกติ,18,0
L-24293,2025-07-01,54038.77,0.208,153,56,3,150000.00,ธุรกิจส่วนตัว,2,ปิดบัญชีแล้ว,3,0
L-26576,2025-07-01,42666.61,0.44,162,33,3,150000.00,อาชีพอิสระ,1,ปกติ,20,0
L-26580,2025-07-01,53358.64,0.192,235,31,1,300000.00,ธุรกิจส่วนตัว,0,ปกติ,28,0
L-26620,2025-07-01,47545.88,0.167,219,65,4,50000.00,อาชีพอิสระ,0,ปกติ,26,0
L-27287,2025-07-01,13114.83,0.347,172,50,1,200000.00,อาชีพอิสระ,1,ปิดบัญชีแล้ว,28,0
L-27451,2025-07-01,22865.59,0.02,162,32,1,100000.00,พนักงานประจำ,0,ปิดบัญชีแล้ว,26,0
L-28550,2025-07-01,36798.19,0.852,23,52,6,500000.00,อาชีพอิสระ,5,ค้างชำระ,105,1
L-28893,2025-07-01,57418.73,0.277,203,29,5,100000.00,ข้าราชการ,0,ปกติ,26,0
L-28955,2025-07-01,16818.77,0.603,228,37,0,50000.00,ข้าราชการ,0,ปกติ,1,0
L-30344,2025-07-01,16731.41,0.15,186,34,6,200000.00,อาชีพอิสระ,1,ปกติ,1,0
L-21642,2025-07-02,53007.68,0.296,20,64,4,300000.00,อาชีพอิสระ,1,ปกติ,15,0
L-24281,2025-07-02,33853.16,0.387,43,41,5,500000.00,พนักงานประจำ,2,ปิดบัญชีแล้ว,7,0
L-24897,2025-07-02,39310.60,0.146,47,54,1,150000.00,ข้าราชการ,1,ปิดบัญชีแล้ว,22,0
L-25428,2025-07-02,41556.91,0.494,227,33,5,500000.00,ธุรกิจส่วนตัว,1,ปกติ,1,0
L-29480,2025-07-02,44374.51,0.556,54,52,3,200000.00,ธุรกิจส่วนตัว,1,ปกติ,7,0
L-30291,2025-07-02,9000.00,0.105,126,58,3,100000.00,ข้าราชการ,6,ค้างชำระ,106,1
L-31012,2025-07-02,20718.96,0.627,184,46,4,100000.00,ธุรกิจส่วนตัว,2,ปกติ,14,0
L-31606,2025-07-02,36589.34,0.163,231,25,6,150000.00,พนักงานประจำ,0,ปกติ,11,0
L-20128,2025-07-03,30024.20,0.219,167,56,6,500000.00,อาชีพอิสระ,9,ค้างชำระ,91,1
L-20150,2025-07-03,25279.45,0.213,161,26,3,500000.00,อาชีพอิสระ,1,ปกติ,22,0
L-20463,2025-07-03,36929.96,0.516,167,62,2,300000.00,พนักงานประจำ,0,ปกติ,3,0
L-23187,2025-07-03,9000.00,0.304,0,59,1,300000.00,ข้าราชการ,3,ค้างชำระ,119,1
L-23331,2025-07-03,30546.33,0.413,116,22,5,200000.00,อาชีพอิสระ,2,ปิดบัญชีแล้ว,18,0
L-23364,2025-07-03,35042.24,0.318,79,57,5,500000.00,ธุรกิจส่วนตัว,2,ปกติ,29,0
L-23509,2025-07-03,27274.15,0.772,88,25,0,300000.00,อาชีพอิสระ,1,ปกติ,13,0
L-26076,2025-07-03,35865.89,0.603,194,40,0,300000.00,ข้าราชการ,2,ปกติ,30,0
L-28540,2025-07-03,21780.62,0.502,43,27,0,300000.00,อาชีพอิสระ,12,ค้างชำระ,83,1
L-28609,2025-07-03,33747.08,0.287,231,25,3,300000.00,พนักงานประจำ,0,ปกติ,5,0
L-29303,2025-07-03,23643.18,0.234,192,24,0,150000.00,อาชีพอิสระ,1,ปกติ,11,0
L-29687,2025-07-03,35623.41,0.31,235,45,3,200000.00,ธุรกิจส่วนตัว,1,ปกติ,14,0
L-29833,2025-07-03,60497.94,0.747,12,52,1,150000.00,อาชีพอิสระ,0,ปิดบัญชีแล้ว,3,0
L-30612,2025-07-03,42996.28,0.289,234,64,1,100000.00,ข้าราชการ,1,ปิดบัญชีแล้ว,13,0
L-30759,2025-07-03,17947.43,0.732,163,54,0,200000.00,ธุรกิจส่วนตัว,7,ค้างชำระ,121,1
L-31007,2025-07-03,36142.96,0.409,128,64,3,150000.00,อาชีพอิสระ,1,ปิดบัญชีแล้ว,10,0
L-31207,2025-07-03,27682.65,0.526,133,56,1,500000.00,พนักงานประจำ,1,ปกติ,3,0
L-31566,2025-07-03,27838.94,0.793,45,45,5,500000.00,ธุรกิจส่วนตัว,13,ค้างชำระ,106,1
L-31916,2025-07-03,27733.04,0.461,8,23,5,500000.00,ข้าราชการ,0,ปกติ,26,0
L-21158,2025-07-04,32122.67,0.062,221,44,6,100000.00,อาชีพอิสระ,0,ปกติ,15,0
L-21646,2025-07-04,18865.02,0.43,178,35,4,100000.00,อาชีพอิสระ,0,ปกติ,3,0
L-22041,2025-07-04,14750.16,0.402,116,32,2,300000.00,อาชีพอิสระ,2,ปกติ,24,0
L-22261,2025-07-04,20756.98,0.089,31,36,0,100000.00,พนักงานประจำ,0,ปกติ,22,0
L-24503,2025-07-04,9827.36,0.261,144,53,5,50000.00,ธุรกิจส่วนตัว,10,ค้างชำระ,53,1
L-25304,2025-07-04,37036.85,0.246,140,22,4,300000.00,พนักงานประจำ,2,ปิดบัญชีแล้ว,22,0
L-26462,2025-07-04,26273.53,0.545,91,45,5,200000.00,พนักงานประจำ,1,ปกติ,29,0
L-27529,2025-07-04,24317.03,0.116,84,24,4,50000.00,ข้าราชการ,2,ปกติ,2,0
L-29986,2025-07-04,55994.38,0.793,143,52,0,150000.00,อาชีพอิสระ,2,ปกติ,24,0
L-30794,2025-07-04,33855.43,0.341,7,25,2,500000.00,อาชีพอิสระ,1,ปิดบัญชีแล้ว,20,0
L-31096,2025-07-04,24462.68,0.562,183,58,0,100000.00,พนักงานประจำ,4,ค้างชำระ,107,1
L-20245,2025-07-05,20390.49,0.331,229,62,0,50000.00,อาชีพอิสระ,2,ปกติ,2,0
L-25276,2025-07-05,24348.91,0.484,220,54,2,500000.00,อาชีพอิสระ,0,ปกติ,3,0
L-25478,2025-07-05,25507.90,0.445,10,34,2,200000.00,พนักงานประจำ,2,ปกติ,12,0
L-26570,2025-07-05,57034.55,0.149,145,45,1,500000.00,อาชีพอิสระ,1,ปกติ,4,0
L-28446,2025-07-05,42863.83,0.085,24,61,2,300000.00,อาชีพอิสระ,0,ปกติ,30,0
L-30717,2025-07-05,42114.44,0.41,108,51,1,500000.00,ข้าราชการ,2,ปิดบัญชีแล้ว,19,0
L-31543,2025-07-05,20752.78,0.356,139,47,3,150000.00,พนักงานประจำ,0,ปิดบัญชีแล้ว,9,0
L-31587,2025-07-05,32939.77,0.271,4,39,3,150000.00,พนักงานประจำ,0,ปกติ,22,0
L-21753,2025-07-06,25457.42,0.302,231,26,2,300000.00,ธุรกิจส่วนตัว,2,ปกติ,11,0
L-21780,2025-07-06,23294.74,0.199,218,33,0,150000.00,อาชีพอิสระ,1,ปกติ,28,0
L-22689,2025-07-06,9000.00,0.308,195,28,3,150000.00,พนักงานประจำ,0,ปกติ,22,0
L-24004,2025-07-06,17209.60,0.209,129,56,4,200000.00,อาชีพอิสระ,2,ปิดบัญชีแล้ว,2,0
L-25780,2025-07-06,9000.00,0.369,101,43,4,50000.00,ข้าราชการ,0,ปิดบัญชีแล้ว,21,0
L-26131,2025-07-06,29218.23,0.535,90,35,3,500000.00,อาชีพอิสระ,2,ปกติ,27,0
L-26392,2025-07-06,42135.93,0.398,31,23,4,500000.00,ข้าราชการ,0,ปกติ,28,0
L-27750,2025-07-06,9000.00,0.285,87,58,1,500000.00,พนักงานประจำ,11,ค้างชำระ,177,1
L-28117,2025-07-06,33431.02,0.463,157,38,3,500000.00,พนักงานประจำ,7,ค้างชำระ,83,1
L-28929,2025-07-06,56264.40,0.466,109,53,3,50000.00,ข้าราชการ,1,ปกติ,18,0
L-28962,2025-07-06,24185.97,0.53,179,41,2,300000.00,ธุรกิจส่วนตัว,2,ปกติ,30,0
L-29279,2025-07-06,24691.50,0.247,217,39,0,300000.00,ธุรกิจส่วนตัว,1,ปิดบัญชีแล้ว,7,0
L-31278,2025-07-06,21896.45,0.274,92,25,1,300000.00,อาชีพอิสระ,2,ปกติ,0,0
L-24673,2025-07-07,26078.82,0.581,9,61,1,200000.00,พนักงานประจำ,1,ปิดบัญชีแล้ว,21,0
L-25365,2025-07-07,15270.46,0.56,126,42,6,50000.00,พนักงานประจำ,2,ปิดบัญชีแล้ว,9,0
L-25425,2025-07-07,32690.72,0.368,201,31,0,100000.00,อาชีพอิสระ,0,ปกติ,13,0
L-25630,2025-07-07,31488.70,0.448,91,38,4,200000.00,พนักงานประจำ,2,ปกติ,1,0
L-25631,2025-07-07,12461.81,0.403,77,29,6,150000.00,ธุรกิจส่วนตัว,2,ปกติ,21,0
L-25808,2025-07-07,20607.11,0.508,117,50,5,200000.00,ธุรกิจส่วนตัว,2,ปกติ,25,0
L-26170,2025-07-07,9000.00,0.28,102,25,0,100000.00,พนักงานประจำ,0,ปกติ,25,0
L-27779,2025-07-07,27411.48,0.533,218,39,4,500000.00,อาชีพอิสระ,0,ปิดบัญชีแล้ว,27,0
L-28454,2025-07-07,34545.99,0.552,161,34,6,500000.00,ข้าราชการ,0,ปิดบัญชีแล้ว,8,0
L-28816,2025-07-07,31323.58,0.02,62,52,4,500000.00,ธุรกิจส่วนตัว,2,ปกติ,19,0
L-29113,2025-07-07,21341.44,0.556,230,62,5,100000.00,ข้าราชการ,1,ปิดบัญชีแล้ว,23,0
L-29340,2025-07-07,71756.39,0.214,113,65,4,500000.00,ข้าราชการ,2,ปกติ,13,0
L-29426,2025-07-07,12883.66,0.407,209,28,5,200000.00,ธุรกิจส่วนตัว,1,ปกติ,6,0
L-29898,2025-07-07,11564.24,0.279,163,58,6,100000.00,อาชีพอิสระ,2,ปกติ,17,0
L-30060,2025-07-07,20755.29,0.432,234,31,5,200000.00,พนักงานประจำ,2,ปกติ,6,0
L-31416,2025-07-07,56971.87,0.494,223,24,0,150000.00,อาชีพอิสระ,0,ปิดบัญชีแล้ว,5,0
L-31628,2025-07-07,33239.75,0.441,30,31,5,200000.00,อาชีพอิสระ,2,ปกติ,3,0
L-20646,2025-07-08,32593.51,0.395,198,36,1,50000.00,ข้าราชการ,2,ปกติ,7,0
L-21077,2025-07-08,26794.88,0.386,67,31,0,50000.00,ธุรกิจส่วนตัว,2,ปิดบัญชีแล้ว,2,0
L-21567,2025-07-08,27484.79,0.225,110,40,6,500000.00,อาชีพอิสระ,6,ค้างชำระ,171,1
L-22389,2025-07-08,27741.79,0.39,89,45,6,500000.00,อาชีพอิสระ,10,ค้างชำระ,120,1
L-23260,2025-07-08,26220.12,0.545,213,36,2,100000.00,อาชีพอิสระ,2,ปกติ,3,0
L-24253,2025-07-08,16345.33,0.771,158,39,1,150000.00,พนักงานประจำ,2,ปิดบัญชีแล้ว,8,0
L-25255,2025-07-08,35222.91,0.435,77,60,6,50000.00,ธุรกิจส่วนตัว,1,ปิดบัญชีแล้ว,0,0
L-25795,2025-07-08,31853.24,0.25,152,39,6,200000.00,ข้าราชการ,2,ปกติ,8,0
L-26895,2025-07-08,44923.76,0.599,203,24,6,200000.00,อาชีพอิสระ,1,ปิดบัญชีแล้ว,29,0
L-27368,2025-07-08,47055.16,0.295,106,27,0,200000.00,พนักงานประจำ,1,ปกติ,14,0
L-28571,2025-07-08,43303.37,0.376,84,47,6,200000.00,ธุรกิจส่วนตัว,12,ค้างชำระ,84,1
L-28796,2025-07-08,45302.50,0.522,145,26,0,50000.00,ข้าราชการ,2,ปิดบัญชีแล้ว,26,0
L-29667,2025-07-08,29378.59,0.288,152,34,5,200000.00,พนักงานประจำ,0,ปกติ,20,0
L-20992,2025-07-09,57891.80,0.392,35,42,1,150000.00,พนักงานประจำ,2,ปกติ,30,0
L-21170,2025-07-09,36079.21,0.31,119,58,4,100000.00,พนักงานประจำ,0,ปกติ,10,0
L-21231,2025-07-09,34345.09,0.213,77,33,2,500000.00,ธุรกิจส่วนตัว,2,ปกติ,30,0
L-24798,2025-07-09,49706.82,0.104,46,40,3,100000.00,พนักงานประจำ,0,ปกติ,28,0
L-25918,2025-07-09,30285.36,0.326,17,26,4,100000.00,ข้าราชการ,1,ปิดบัญชีแล้ว,7,0
L-25989,2025-07-09,32110.13,0.421,93,59,4,100000.00,ข้าราชการ,1,ปกติ,7,0
L-27333,2025-07-09,9000.00,0.627,123,38,6,50000.00,ธุรกิจส่วนตัว,0,ปกติ,11,0
L-27804,2025-07-09,30538.20,0.343,46,26,5,150000.00,ข้าราชการ,12,ค้างชำระ,110,1
L-28000,2025-07-09,23197.11,0.454,62,40,3,100000.00,อาชีพอิสระ,1,ปกติ,2,0
L-28789,2025-07-09,32676.73,0.02,203,27,0,300000.00,ธุรกิจส่วนตัว,0,ปิดบัญชีแล้ว,30,0
L-29580,2025-07-09,33087.01,0.507,136,25,1,300000.00,พนักงานประจำ,2,ปกติ,1,0
L-30308,2025-07-09,28208.23,0.214,159,36,5,500000.00,อาชีพอิสระ,2,ปิดบัญชีแล้ว,18,0
L-30788,2025-07-09,17665.93,0.215,4,33,4,150000.00,ธุรกิจส่วนตัว,1,ปกติ,9,0
L-31204,2025-07-09,50656.67,0.205,182,31,0,150000.00,ข้าราชการ,0,ปกติ,6,0
L-20179,2025-07-10,34257.09,0.461,185,62,0,100000.00,พนักงานประจำ,0,ปกติ,3,0
L-21546,2025-07-10,9000.00,0.464,206,39,0,50000.00,ธุรกิจส่วนตัว,0,ปกติ,6,0
L-21577,2025-07-10,40054.19,0.208,155,29,2,50000.00,อาชีพอิสระ,1,ปกติ,1,0
L-22124,2025-07-10,34781.31,0.278,107,45,3,500000.00,อาชีพอิสระ,2,ปกติ,13,0
L-23906,2025-07-10,25204.03,0.52,193,30,0,300000.00,พนักงานประจำ,0,ปกติ,2,0
L-25004,2025-07-10,46559.16,0.415,191,25,2,150000.00,พนักงานประจำ,0,ปกติ,15,0
L-25230,2025-07-10,15234.20,0.395,220,59,5,50000.00,พนักงานประจำ,1,ปกติ,13,0
L-25318,2025-07-10,34686.05,0.57,222,41,6,500000.00,ข้าราชการ,1,ปกติ,18,0
L-25382,2025-07-10,48455.07,0.435,104,38,4,50000.00,ข้าราชการ,0,ปกติ,28,0
L-20247,2025-07-11,26745.03,0.257,230,53,0,150000.00,ข้าราชการ,1,ปกติ,7,0
L-20350,2025-07-11,35393.49,0.55,108,48,4,50000.00,พนักงานประจำ,12,ค้างชำระ,106,1
L-20716,2025-07-11,38209.88,0.326,72,48,6,200000.00,พนักงานประจำ,1,ปกติ,15,0
L-21135,2025-07-11,54314.97,0.362,220,27,6,50000.00,พนักงานประจำ,1,ปกติ,27,0
L-21222,2025-07-11,35118.25,0.02,192,59,1,200000.00,ธุรกิจส่วนตัว,2,ปกติ,11,0
L-21296,2025-07-11,21790.31,0.477,153,33,4,150000.00,ข้าราชการ,11,ค้างชำระ,173,1
L-22602,2025-07-11,26979.86,0.629,44,27,4,300000.00,อาชีพอิสระ,0,ปกติ,7,0
L-23189,2025-07-11,22613.25,0.288,126,54,4,150000.00,พนักงานประจำ,1,ปิดบัญชีแล้ว,19,0
L-24139,2025-07-11,14461.93,0.281,223,51,0,50000.00,พนักงานประจำ,0,ปกติ,21,0
L-25140,2025-07-11,17318.25,0.421,230,47,1,300000.00,พนักงานประจำ,2,ปิดบัญชีแล้ว,7,0
L-25695,2025-07-11,40680.72,0.507,213,54,5,300000.00,อาชีพอิสระ,2,ปกติ,15,0
L-30109,2025-07-11,51369.67,0.454,15,25,2,100000.00,ข้าราชการ,0,ปิดบัญชีแล้ว,11,0
L-30977,2025-07-11,56745.78,0.538,62,40,3,500000.00,ธุรกิจส่วนตัว,1,ปกติ,23,0
L-20929,2025-07-12,66029.57,0.667,222,35,4,150000.00,ธุรกิจส่วนตัว,2,ปกติ,24,0
L-21498,2025-07-12,20467.38,0.153,117,29,0,200000.00,ข้าราชการ,1,ปกติ,22,0
L-21831,2025-07-12,48061.77,0.439,83,40,3,50000.00,ธุรกิจส่วนตัว,2,ปิดบัญชีแล้ว,7,0
L-22920,2025-07-12,39253.49,0.149,93,50,5,200000.00,ข้าราชการ,2,ปกติ,13,0
L-25393,2025-07-12,49216.92,0.599,155,25,6,200000.00,พนักงานประจำ,1,ปกติ,26,0
L-26756,2025-07-12,52717.71,0.393,115,21,3,150000.00,พนักงานประจำ,0,ปกติ,30,0
L-26809,2025-07-12,50395.66,0.273,45,57,0,300000.00,อาชีพอิสระ,2,ปกติ,7,0
L-27528,2025-07-12,43191.27,0.41,5,42,1,500000.00,พนักงานประจำ,1,ปกติ,24,0
L-27650,2025-07-12,16203.91,0.261,58,32,0,150000.00,ธุรกิจส่วนตัว,2,ปกติ,26,0
L-29267,2025-07-12,36484.81,0.271,12,58,4,500000.00,ธุรกิจส่วนตัว,0,ปิดบัญชีแล้ว,20,0
L-29661,2025-07-12,25499.57,0.354,152,40,2,100000.00,ข้าราชการ,0,ปิดบัญชีแล้ว,30,0
L-30952,2025-07-12,39638.20,0.225,124,28,2,50000.00,พนักงานประจำ,0,ปิดบัญชีแล้ว,21,0
L-31598,2025-07-12,42283.41,0.41,234,45,4,300000.00,ธุรกิจส่วนตัว,0,ปิดบัญชีแล้ว,30,0
L-22397,2025-07-13,25748.86,0.435,222,25,2,500000.00,พนักงานประจำ,0,ปกติ,18,0
L-23894,2025-07-13,34731.77,0.363,159,56,5,200000.00,ข้าราชการ,1,ปกติ,21,0
L-28494,2025-07-13,25822.23,0.51,226,58,5,100000.00,ข้าราชการ,1,ปกติ,25,0
L-28857,2025-07-13,29516.10,0.455,69,31,0,300000.00,อาชีพอิสระ,0,ปิดบัญชีแล้ว,25,0
L-28997,2025-07-13,45226.69,0.315,103,63,5,50000.00,พนักงานประจำ,0,ปกติ,30,0
L-29099,2025-07-13,41281.85,0.023,26,56,4,50000.00,อาชีพอิสระ,1,ปกติ,26,0
L-29160,2025-07-13,41921.09,0.596,138,22,3,200000.00,พนักงานประจำ,1,ปกติ,20,0
L-29356,2025-07-13,49417.36,0.302,145,55,4,100000.00,อาชีพอิสระ,0,ปกติ,21,0
L-30808,2025-07-13,37142.60,0.471,162,26,4,150000.00,อาชีพอิสระ,1,ปิดบัญชีแล้ว,19,0
L-20062,2025-07-14,31427.15,0.121,73,53,3,150000.00,ธุรกิจส่วนตัว,1,ปกติ,23,0
L-20444,2025-07-14,35369.94,0.5,177,45,2,50000.00,อาชีพอิสระ,1,ปกติ,29,0
L-21456,2025-07-14,32509.97,0.347,222,57,4,50000.00,ธุรกิจส่วนตัว,0,ปิดบัญชีแล้ว,9,0
L-22641,2025-07-14,30686.14,0.512,158,46,6,150000.00,พนักงานประจำ,0,ปกติ,7,0
L-22857,2025-07-14,45531.50,0.486,203,22,1,100000.00,อาชีพอิสระ,0,ปกติ,13,0
L-23351,2025-07-14,30902.88,0.464,94,25,1,50000.00,อาชีพอิสระ,2,ปิดบัญชีแล้ว,24,0
L-24066,2025-07-14,37445.56,0.55,232,26,3,100000.00,พนักงานประจำ,0,ปิดบัญชีแล้ว,18,0
L-25775,2025-07-14,45459.72,0.334,102,50,0,150000.00,พนักงานประจำ,2,ปกติ,9,0
L-26165,2025-07-14,55918.47,0.076,90,61,0,100000.00,ข้าราชการ,8,ค้างชำระ,124,1
L-27498,2025-07-14,58439.93,0.252,7,34,2,500000.00,ข้าราชการ,2,ปกติ,10,0
L-29220,2025-07-14,27122.38,0.274,73,31,5,500000.00,พนักงานประจำ,1,ปิดบัญชีแล้ว,15,0
L-30764,2025-07-14,35040.63,0.451,168,33,5,300000.00,อาชีพอิสระ,1,ปิดบัญชีแล้ว,2,0
L-31951,2025-07-14,35149.48,0.059,160,45,4,50000.00,ข้าราชการ,0,ปกติ,22,0
L-23074,2025-07-15,38603.76,0.336,171,33,1,200000.00,ธุรกิจส่วนตัว,1,ปกติ,25,0
L-24030,2025-07-15,50935.61,0.229,170,24,3,300000.00,พนักงานประจำ,0,ปกติ,24,0
L-25850,2025-07-15,22425.42,0.263,72,64,0,50000.00,ข้าราชการ,2,ปกติ,0,0
L-26126,2025-07-15,40155.13,0.346,64,32,1,200000.00,ข้าราชการ,3,ค้างชำระ,133,1
L-26621,2025-07-15,18172.87,0.404,28,48,1,150000.00,ธุรกิจส่วนตัว,3,ค้างชำระ,52,1
L-27687,2025-07-15,28739.13,0.168,204,30,5,150000.00,พนักงานประจำ,2,ปิดบัญชีแล้ว,8,0
L-28324,2025-07-15,20607.19,0.662,187,44,0,300000.00,ข้าราชการ,2,ปกติ,23,0
L-30184,2025-07-15,44438.88,0.4,167,48,3,500000.00,ธุรกิจส่วนตัว,0,ปิดบัญชีแล้ว,2,0
L-31044,2025-07-15,34544.65,0.41,85,35,1,100000.00,พนักงานประจำ,0,ปิดบัญชีแล้ว,1,0
L-31233,2025-07-15,33630.71,0.497,60,38,4,200000.00,อาชีพอิสระ,2,ปกติ,3,0
L-21438,2025-07-16,63087.08,0.7,184,37,3,200000.00,ข้าราชการ,2,ปกติ,13,0
L-21667,2025-07-16,33975.46,0.461,141,39,0,500000.00,ธุรกิจส่วนตัว,1,ปกติ,29,0
L-22515,2025-07-16,52020.31,0.462,53,44,1,500000.00,พนักงานประจำ,2,ปกติ,14,0
L-24015,2025-07-16,14076.97,0.281,199,64,6,50000.00,ข้าราชการ,0,ปกติ,2,0
L-26527,2025-07-16,17243.86,0.644,157,33,6,50000.00,ข้าราชการ,2,ปกติ,12,0
L-27349,2025-07-16,26974.22,0.389,83,24,0,100000.00,อาชีพอิสระ,0,ปกติ,30,0
L-28558,2025-07-16,35810.62,0.86,43,64,1,150000.00,อาชีพอิสระ,1,ปกติ,3,0
L-28737,2025-07-16,27057.33,0.269,204,61,5,150000.00,ข้าราชการ,2,ปกติ,29,0
L-29720,2025-07-16,22524.17,0.154,55,64,6,150000.00,อาชีพอิสระ,2,ปกติ,7,0
L-30228,2025-07-16,49802.81,0.323,195,44,1,100000.00,พนักงานประจำ,0,ปิดบัญชีแล้ว,20,0
L-31303,2025-07-16,12392.43,0.537,37,59,0,500000.00,ธุรกิจส่วนตัว,4,ค้างชำระ,47,1
L-20486,2025-07-17,18885.67,0.587,222,52,0,100000.00,ธุรกิจส่วนตัว,1,ปกติ,12,0
L-21400,2025-07-17,24017.81,0.347,81,27,6,200000.00,อาชีพอิสระ,2,ปิดบัญชีแล้ว,12,0
L-21958,2025-07-17,55774.32,0.02,96,43,6,500000.00,พนักงานประจำ,1,ปกติ,3,0
L-23960,2025-07-17,23407.20,0.133,132,50,0,50000.00,ธุรกิจส่วนตัว,1,ปิดบัญชีแล้ว,2,0
L-24965,2025-07-17,25266.06,0.278,230,31,5,300000.00,ธุรกิจส่วนตัว,0,ปกติ,18,0
L-25250,2025-07-17,29901.62,0.302,13,54,0,100000.00,พนักงานประจำ,1,ปิดบัญชีแล้ว,7,0
L-29043,2025-07-17,39568.25,0.37,28,37,3,100000.00,ธุรกิจส่วนตัว,1,ปกติ,24,0
L-30049,2025-07-17,9215.32,0.489,156,63,6,200000.00,อาชีพอิสระ,2,ปิดบัญชีแล้ว,29,0
L-30476,2025-07-17,29244.64,0.256,36,49,5,150000.00,ธุรกิจส่วนตัว,0,ปกติ,27,0
L-30515,2025-07-17,34589.53,0.031,54,31,4,50000.00,พนักงานประจำ,0,ปกติ,30,0
L-31417,2025-07-17,53328.62,0.182,175,28,6,300000.00,พนักงานประจำ,1,ปกติ,11,0
L-31488,2025-07-17,11398.72,0.384,106,54,5,200000.00,ข้าราชการ,0,ปกติ,11,0
L-20846,2025-07-18,23011.17,0.16,85,25,6,150000.00,ข้าราชการ,2,ปกติ,3,0
L-21265,2025-07-18,51628.16,0.396,223,56,4,300000.00,อาชีพอิสระ,2,ปิดบัญชีแล้ว,20,0
L-22722,2025-07-18,50411.05,0.299,130,47,5,200000.00,ข้าราชการ,2,ปกติ,6,0
L-23518,2025-07-18,34057.40,0.533,141,63,6,500000.00,ข้าราชการ,1,ปิดบัญชีแล้ว,6,0
L-23676,2025-07-18,52636.58,0.37,13,30,5,300000.00,ธุรกิจส่วนตัว,0,ปกติ,21,0
L-23729,2025-07-18,19165.39,0.454,180,23,0,300000.00,พนักงานประจำ,0,ปกติ,17,0
L-23971,2025-07-18,25739.69,0.41,238,54,0,150000.00,ธุรกิจส่วนตัว,1,ปกติ,18,0
L-25198,2025-07-18,9170.49,0.583,129,26,5,50000.00,ข้าราชการ,2,ปกติ,7,0
L-26257,2025-07-18,38189.37,0.085,87,56,5,200000.00,อาชีพอิสระ,2,ปิดบัญชีแล้ว,27,0
L-27408,2025-07-18,22435.57,0.243,215,30,1,500000.00,อาชีพอิสระ,2,ปกติ,28,0
L-29204,2025-07-18,45669.36,0.02,92,64,2,500000.00,อาชีพอิสระ,2,ปกติ,7,0
L-29844,2025-07-18,49475.54,0.437,136,52,0,500000.00,ข้าราชการ,2,ปกติ,13,0
L-30761,2025-07-18,16042.44,0.56,110,54,2,150000.00,อาชีพอิสระ,0,ปกติ,11,0
L-31048,2025-07-18,37721.40,0.343,235,50,3,50000.00,พนักงานประจำ,2,ปกติ,11,0
L-31133,2025-07-18,42474.53,0.242,197,51,5,150000.00,พนักงานประจำ,1,ปกติ,8,0
L-31461,2025-07-18,41324.87,0.389,150,44,1,150000.00,พนักงานประจำ,0,ปกติ,1,0
L-20435,2025-07-19,27623.32,0.378,70,49,1,50000.00,ข้าราชการ,0,ปกติ,15,0
L-20544,2025-07-19,46774.19,0.188,72,23,1,100000.00,ธุรกิจส่วนตัว,2,ปิดบัญชีแล้ว,27,0
L-20923,2025-07-19,39302.52,0.485,52,21,2,100000.00,พนักงานประจำ,1,ปกติ,12,0
L-24890,2025-07-19,20811.07,0.464,28,34,0,50000.00,พนักงานประจำ,7,ค้างชำระ,127,1
L-25064,2025-07-19,15060.00,0.255,118,61,5,200000.00,อาชีพอิสระ,2,ปิดบัญชีแล้ว,3,0
L-26162,2025-07-19,11760.51,0.058,144,63,3,500000.00,อาชีพอิสระ,2,ปกติ,0,0
L-27834,2025-07-19,46317.51,0.383,1,58,2,300000.00,ข้าราชการ,0,ปกติ,2,0
L-28037,2025-07-19,38180.84,0.366,224,37,3,100000.00,อาชีพอิสระ,0,ปกติ,18,0
L-29963,2025-07-19,17535.60,0.394,11,21,3,150000.00,อาชีพอิสระ,8,ค้างชำระ,63,1
L-21872,2025-07-20,12359.18,0.365,194,53,5,50000.00,อาชีพอิสระ,1,ปกติ,30,0
L-22888,2025-07-20,54217.03,0.543,106,30,4,500000.00,อาชีพอิสระ,0,ปกติ,6,0
L-22914,2025-07-20,48387.77,0.174,232,61,3,200000.00,พนักงานประจำ,2,ปกติ,5,0
L-24785,2025-07-20,11454.02,0.446,150,47,2,150000.00,พนักงานประจำ,2,ปิดบัญชีแล้ว,12,0
L-24956,2025-07-20,29677.66,0.263,208,39,5,150000.00,ธุรกิจส่วนตัว,0,ปกติ,5,0
L-28081,2025-07-20,27016.05,0.206,40,32,3,200000.00,ข้าราชการ,2,ปกติ,3,0
L-28878,2025-07-20,42490.78,0.334,216,25,4,200000.00,ข้าราชการ,0,ปกติ,8,0
L-29158,2025-07-20,35582.88,0.233,120,42,5,500000.00,ข้าราชการ,2,ปกติ,0,0
L-29430,2025-07-20,44904.28,0.215,146,24,1,300000.00,อาชีพอิสระ,0,ปกติ,22,0
L-31955,2025-07-20,38292.61,0.143,180,33,1,50000.00,ธุรกิจส่วนตัว,2,ปกติ,21,0
L-20041,2025-07-21,45276.59,0.413,88,51,5,100000.00,ธุรกิจส่วนตัว,0,ปิดบัญชีแล้ว,0,0
L-22787,2025-07-21,46829.91,0.361,22,43,4,500000.00,ธุรกิจส่วนตัว,0,ปกติ,7,0
L-22840,2025-07-21,9196.90,0.364,121,56,1,100000.00,อาชีพอิสระ,1,ปกติ,6,0
L-23055,2025-07-21,9000.00,0.342,63,65,5,50000.00,พนักงานประจำ,0,ปิดบัญชีแล้ว,5,0
L-26739,2025-07-21,9000.00,0.02,39,34,2,150000.00,อาชีพอิสระ,2,ปกติ,7,0
L-27799,2025-07-21,22590.42,0.438,146,32,6,200000.00,พนักงานประจำ,13,ค้างชำระ,133,1
L-27883,2025-07-21,9000.00,0.396,139,56,6,50000.00,ข้าราชการ,1,ปกติ,11,0
L-29336,2025-07-21,78258.79,0.427,185,23,3,200000.00,อาชีพอิสระ,2,ปกติ,21,0
L-30035,2025-07-21,39514.19,0.474,132,38,3,50000.00,พนักงานประจำ,1,ปิดบัญชีแล้ว,15,0
L-31562,2025-07-21,30369.92,0.434,168,62,1,500000.00,พนักงานประจำ,2,ปกติ,2,0
L-31716,2025-07-21,9000.00,0.489,35,45,5,200000.00,ธุรกิจส่วนตัว,4,ค้างชำระ,52,1
L-21538,2025-07-22,9000.00,0.37,29,55,5,100000.00,พนักงานประจำ,0,ปกติ,8,0
L-23298,2025-07-22,58797.65,0.166,199,39,5,150000.00,อาชีพอิสระ,0,ปกติ,2,0
L-23594,2025-07-22,37261.29,0.122,205,40,6,500000.00,ข้าราชการ,1,ปกติ,8,0
L-23701,2025-07-22,34379.91,0.35,234,40,3,200000.00,พนักงานประจำ,2,ปิดบัญชีแล้ว,13,0
L-23838,2025-07-22,20368.36,0.496,83,52,2,50000.00,พนักงานประจำ,12,ค้างชำระ,150,1
L-23917,2025-07-22,17145.39,0.375,75,64,1,300000.00,ข้าราชการ,8,ค้างชำระ,155,1
L-24138,2025-07-22,46848.26,0.145,130,44,1,100000.00,ธุรกิจส่วนตัว,2,ปิดบัญชีแล้ว,15,0
L-24706,2025-07-22,11007.53,0.448,212,51,1,300000.00,พนักงานประจำ,2,ปกติ,27,0
L-25105,2025-07-22,37950.60,0.044,15,30,2,300000.00,พนักงานประจำ,2,ปกติ,2,0
L-25852,2025-07-22,45297.57,0.297,28,31,4,150000.00,ธุรกิจส่วนตัว,0,ปกติ,11,0
L-26099,2025-07-22,33436.60,0.412,140,51,0,50000.00,ข้าราชการ,1,ปกติ,18,0
L-26161,2025-07-22,32238.35,0.549,92,29,0,50000.00,ธุรกิจส่วนตัว,0,ปิดบัญชีแล้ว,10,0
L-26821,2025-07-22,42816.06,0.148,139,46,2,150000.00,ข้าราชการ,0,ปกติ,19,0
L-28794,2025-07-22,55256.26,0.505,70,44,4,50000.00,ธุรกิจส่วนตัว,0,ปกติ,18,0
L-29316,2025-07-22,43136.39,0.411,234,54,0,100000.00,อาชีพอิสระ,2,ปกติ,5,0
L-31124,2025-07-22,38594.61,0.525,19,42,0,100000.00,พนักงานประจำ,7,ค้างชำระ,52,1
L-31798,2025-07-22,47932.80,0.246,105,56,3,50000.00,ธุรกิจส่วนตัว,0,ปกติ,30,0
L-20337,2025-07-23,40994.11,0.426,53,22,1,500000.00,อาชีพอิสระ,1,ปกติ,2,0
L-20707,2025-07-23,31291.24,0.049,209,32,5,150000.00,ธุรกิจส่วนตัว,1,ปิดบัญชีแล้ว,6,0
L-21448,2025-07-23,44565.89,0.381,147,33,4,500000.00,ธุรกิจส่วนตัว,0,ปกติ,1,0
L-22511,2025-07-23,31826.79,0.476,111,51,2,500000.00,ข้าราชการ,2,ปิดบัญชีแล้ว,21,0
L-22554,2025-07-23,26886.54,0.216,159,32,4,50000.00,ธุรกิจส่วนตัว,2,ปกติ,5,0
L-24436,2025-07-23,47231.00,0.651,220,56,3,200000.00,ข้าราชการ,0,ปิดบัญชีแล้ว,19,0
L-25824,2025-07-23,29249.20,0.256,50,27,5,200000.00,พนักงานประจำ,8,ค้างชำระ,129,1
L-28272,2025-07-23,21321.50,0.125,126,31,1,200000.00,ธุรกิจส่วนตัว,1,ปกติ,19,0
L-29085,2025-07-23,13884.65,0.112,93,43,3,50000.00,ข้าราชการ,0,ปกติ,17,0
L-29358,2025-07-23,28626.79,0.338,184,44,2,500000.00,ธุรกิจส่วนตัว,0,ปกติ,18,0
L-29812,2025-07-23,43835.94,0.335,40,22,6,150000.00,ข้าราชการ,2,ปกติ,25,0
L-29975,2025-07-23,50895.59,0.204,64,34,3,50000.00,พนักงานประจำ,0,ปกติ,8,0
L-30635,2025-07-23,32548.90,0.589,39,54,0,150000.00,ข้าราชการ,2,ปกติ,26,0
L-30878,2025-07-23,44559.59,0.591,190,22,6,100000.00,อาชีพอิสระ,1,ปกติ,3,0
L-31529,2025-07-23,26704.35,0.385,139,31,1,50000.00,อาชีพอิสระ,2,ปกติ,15,0
L-21183,2025-07-24,29811.81,0.173,148,61,2,150000.00,อาชีพอิสระ,1,ปกติ,10,0
L-24153,2025-07-24,49444.52,0.075,225,29,4,200000.00,พนักงานประจำ,0,ปกติ,21,0
L-25256,2025-07-24,41297.71,0.343,1,28,1,500000.00,พนักงานประจำ,6,ค้างชำระ,122,1
L-26667,2025-07-24,24901.55,0.264,207,39,0,50000.00,พนักงานประจำ,2,ปกติ,9,0
L-27763,2025-07-24,34178.18,0.42,51,46,4,200000.00,ข้าราชการ,2,ปกติ,17,0
L-28413,2025-07-24,21105.21,0.054,132,24,3,150000.00,อาชีพอิสระ,1,ปกติ,27,0
L-29310,2025-07-24,27611.00,0.353,193,43,4,500000.00,พนักงานประจำ,1,ปกติ,21,0
L-29615,2025-07-24,57282.47,0.508,73,52,4,50000.00,พนักงานประจำ,0,ปกติ,19,0
L-29675,2025-07-24,52743.83,0.306,13,24,3,50000.00,ธุรกิจส่วนตัว,1,ปกติ,3,0
L-29928,2025-07-24,32576.17,0.434,53,45,3,500000.00,พนักงานประจำ,8,ค้างชำระ,70,1
L-30133,2025-07-24,47458.77,0.493,166,26,2,100000.00,ธุรกิจส่วนตัว,0,ปกติ,14,0
L-20469,2025-07-25,46426.44,0.507,5,63,4,300000.00,อาชีพอิสระ,0,ปกติ,11,0
L-21308,2025-07-25,24970.98,0.301,153,50,6,300000.00,อาชีพอิสระ,2,ปกติ,10,0
L-22899,2025-07-25,36633.65,0.45,212,21,5,100000.00,ธุรกิจส่วนตัว,2,ปกติ,11,0
L-23276,2025-07-25,15868.30,0.574,35,30,2,200000.00,ธุรกิจส่วนตัว,2,ปกติ,18,0
L-24434,2025-07-25,27881.39,0.373,179,55,5,200000.00,พนักงานประจำ,1,ปกติ,3,0
L-25006,2025-07-25,31880.87,0.424,52,48,5,200000.00,อาชีพอิสระ,1,ปกติ,10,0
L-25959,2025-07-25,39695.74,0.3,48,46,1,100000.00,ข้าราชการ,2,ปกติ,1,0
L-26132,2025-07-25,17647.40,0.486,130,58,2,500000.00,อาชีพอิสระ,4,ค้างชำระ,112,1
L-26366,2025-07-25,32389.05,0.48,81,31,0,150000.00,ธุรกิจส่วนตัว,0,ปิดบัญชีแล้ว,23,0
L-26765,2025-07-25,29236.13,0.401,217,63,3,200000.00,อาชีพอิสระ,1,ปกติ,3,0
L-26909,2025-07-25,40372.72,0.453,82,44,4,50000.00,อาชีพอิสระ,0,ปิดบัญชีแล้ว,9,0
L-28739,2025-07-25,54414.79,0.597,88,35,1,150000.00,อาชีพอิสระ,12,ค้างชำระ,89,1
L-28802,2025-07-25,30196.39,0.686,166,30,5,200000.00,อาชีพอิสระ,0,ปกติ,7,0
L-29054,2025-07-25,46731.51,0.666,93,43,5,100000.00,ข้าราชการ,2,ปกติ,9,0
L-29989,2025-07-25,35704.65,0.104,68,37,5,300000.00,ข้าราชการ,0,ปิดบัญชีแล้ว,0,0
L-20832,2025-07-26,27338.69,0.477,151,44,0,50000.00,ธุรกิจส่วนตัว,0,ปกติ,20,0
L-21658,2025-07-26,27831.63,0.02,136,51,5,200000.00,อาชีพอิสระ,2,ปกติ,10,0
L-24793,2025-07-26,29192.91,0.266,119,30,3,150000.00,ธุรกิจส่วนตัว,1,ปกติ,14,0
L-25384,2025-07-26,53954.11,0.531,155,49,6,50000.00,พนักงานประจำ,2,ปกติ,2,0
L-25540,2025-07-26,49569.77,0.21,59,33,3,100000.00,อาชีพอิสระ,0,ปกติ,22,0
L-25925,2025-07-26,43431.54,0.144,171,44,5,200000.00,ข้าราชการ,2,ปกติ,26,0
L-26573,2025-07-26,9000.00,0.353,175,62,0,200000.00,อาชีพอิสระ,4,ค้างชำระ,111,1
L-27196,2025-07-26,37491.37,0.271,217,30,1,200000.00,ข้าราชการ,2,ปิดบัญชีแล้ว,27,0
L-27449,2025-07-26,9000.00,0.229,106,31,3,200000.00,ข้าราชการ,1,ปิดบัญชีแล้ว,11,0
L-27471,2025-07-26,28934.13,0.681,65,65,2,150000.00,ข้าราชการ,1,ปกติ,9,0
L-28293,2025-07-26,39719.33,0.484,178,64,1,500000.00,อาชีพอิสระ,0,ปกติ,5,0
L-30231,2025-07-26,17498.83,0.225,113,53,4,50000.00,ข้าราชการ,2,ปกติ,30,0
L-31472,2025-07-26,41336.64,0.592,122,25,3,100000.00,พนักงานประจำ,1,ปกติ,11,0
L-20926,2025-07-27,11548.38,0.118,103,33,1,100000.00,พนักงานประจำ,1,ปิดบัญชีแล้ว,18,0
L-21312,2025-07-27,26942.09,0.676,157,29,1,200000.00,ธุรกิจส่วนตัว,0,ปกติ,5,0
L-22693,2025-07-27,21635.06,0.376,71,53,5,150000.00,ข้าราชการ,1,ปกติ,7,0
L-23035,2025-07-27,41591.36,0.411,11,62,6,500000.00,ธุรกิจส่วนตัว,0,ปกติ,18,0
L-23379,2025-07-27,20860.41,0.514,200,52,0,100000.00,ธุรกิจส่วนตัว,2,ปกติ,10,0
L-23864,2025-07-27,25585.62,0.646,24,26,6,150000.00,อาชีพอิสระ,4,ค้างชำระ,103,1
L-24856,2025-07-27,36898.61,0.388,198,25,0,100000.00,อาชีพอิสระ,2,ปิดบัญชีแล้ว,2,0
L-25191,2025-07-27,42441.48,0.442,191,26,4,50000.00,พนักงานประจำ,2,ปกติ,11,0
L-26149,2025-07-27,9000.00,0.154,31,51,3,50000.00,อาชีพอิสระ,0,ปกติ,0,0
L-29584,2025-07-27,35007.25,0.424,76,24,3,300000.00,พนักงานประจำ,2,ปกติ,25,0
L-31107,2025-07-27,37525.87,0.725,46,39,6,50000.00,อาชีพอิสระ,14,ค้างชำระ,91,1
L-31625,2025-07-27,42464.73,0.347,151,49,4,500000.00,ธุรกิจส่วนตัว,1,ปกติ,21,0
L-31692,2025-07-27,13153.08,0.501,75,25,4,300000.00,ธุรกิจส่วนตัว,0,ปกติ,29,0
L-20772,2025-07-28,22517.59,0.498,7,57,6,150000.00,ธุรกิจส่วนตัว,1,ปกติ,9,0
L-21003,2025-07-28,50773.80,0.41,117,21,5,300000.00,ธุรกิจส่วนตัว,11,ค้างชำระ,149,1
L-21505,2025-07-28,17309.30,0.071,15,45,6,200000.00,พนักงานประจำ,0,ปกติ,29,0
L-21608,2025-07-28,9000.00,0.245,131,53,1,500000.00,ข้าราชการ,0,ปกติ,12,0
L-22254,2025-07-28,18415.29,0.535,93,52,3,200000.00,อาชีพอิสระ,0,ปกติ,23,0
L-22802,2025-07-28,29770.32,0.226,16,62,4,200000.00,อาชีพอิสระ,0,ปิดบัญชีแล้ว,29,0
L-26116,2025-07-28,49653.05,0.138,44,30,3,500000.00,ธุรกิจส่วนตัว,0,ปกติ,29,0
L-26833,2025-07-28,41829.52,0.264,57,60,0,150000.00,พนักงานประจำ,1,ปกติ,14,0
L-28745,2025-07-28,32540.34,0.532,12,31,4,500000.00,ธุรกิจส่วนตัว,1,ปกติ,24,0
L-29403,2025-07-28,34906.54,0.388,164,65,3,300000.00,ธุรกิจส่วนตัว,1,ปิดบัญชีแล้ว,15,0
L-29583,2025-07-28,50181.16,0.071,143,25,1,50000.00,พนักงานประจำ,1,ปกติ,6,0
L-30781,2025-07-28,25675.16,0.56,236,54,3,500000.00,ข้าราชการ,0,ปกติ,22,0
L-31333,2025-07-28,28897.25,0.762,75,35,6,150000.00,พนักงานประจำ,11,ค้างชำระ,133,1
L-31467,2025-07-28,41507.15,0.356,190,35,4,150000.00,อาชีพอิสระ,2,ปกติ,27,0
L-20011,2025-07-29,21721.40,0.537,136,26,0,150000.00,ข้าราชการ,1,ปกติ,29,0
L-20082,2025-07-29,15078.08,0.126,23,49,2,100000.00,พนักงานประจำ,1,ปกติ,21,0
L-21092,2025-07-29,24959.14,0.02,110,24,5,200000.00,ข้าราชการ,2,ปกติ,27,0
L-21447,2025-07-29,23702.55,0.582,152,32,6,500000.00,ข้าราชการ,2,ปกติ,24,0
L-22283,2025-07-29,26332.93,0.385,206,22,3,100000.00,ข้าราชการ,12,ค้างชำระ,116,1
L-22404,2025-07-29,37150.02,0.129,188,58,4,50000.00,พนักงานประจำ,2,ปกติ,12,0
L-25264,2025-07-29,9000.00,0.118,45,60,1,200000.00,พนักงานประจำ,2,ปกติ,29,0
L-25268,2025-07-29,46192.65,0.365,63,27,6,300000.00,ธุรกิจส่วนตัว,9,ค้างชำระ,171,1
L-25299,2025-07-29,20605.63,0.363,182,53,3,500000.00,ธุรกิจส่วนตัว,0,ปกติ,19,0
L-26187,2025-07-29,38364.71,0.02,154,33,0,300000.00,พนักงานประจำ,0,ปกติ,4,0
L-27058,2025-07-29,44248.14,0.27,159,38,2,50000.00,อาชีพอิสระ,2,ปิดบัญชีแล้ว,3,0
L-28479,2025-07-29,43438.26,0.547,31,60,2,50000.00,ธุรกิจส่วนตัว,0,ปิดบัญชีแล้ว,5,0
L-29752,2025-07-29,41236.77,0.552,27,33,2,300000.00,ข้าราชการ,2,ปกติ,7,0
L-30240,2025-07-29,34134.93,0.571,91,45,4,300000.00,ข้าราชการ,1,ปกติ,27,0
L-30428,2025-07-29,45024.22,0.712,35,45,3,500000.00,ธุรกิจส่วนตัว,2,ปกติ,10,0
L-31087,2025-07-29,53331.83,0.153,94,37,6,300000.00,ธุรกิจส่วนตัว,0,ปกติ,27,0
L-20576,2025-07-30,29770.49,0.533,132,53,0,500000.00,พนักงานประจำ,1,ปกติ,29,0
L-20746,2025-07-30,36171.59,0.582,162,61,1,50000.00,อาชีพอิสระ,1,ปกติ,9,0
L-21896,2025-07-30,9000.00,0.462,98,38,5,300000.00,พนักงานประจำ,2,ปกติ,24,0
L-23210,2025-07-30,47358.12,0.446,129,37,1,150000.00,ข้าราชการ,2,ปกติ,26,0
L-23449,2025-07-30,27067.86,0.469,170,64,1,200000.00,อาชีพอิสระ,0,ปกติ,5,0
L-26668,2025-07-30,50331.96,0.806,79,38,2,200000.00,อาชีพอิสระ,1,ปิดบัญชีแล้ว,7,0
L-26912,2025-07-30,42505.25,0.748,90,38,5,150000.00,อาชีพอิสระ,2,ปกติ,1,0
L-29776,2025-07-30,23641.83,0.554,163,21,1,100000.00,พนักงานประจำ,0,ปกติ,16,0
L-20024,2025-07-31,21687.55,0.526,234,31,5,50000.00,อาชีพอิสระ,1,ปกติ,3,0
L-20110,2025-07-31,10213.16,0.321,185,55,4,50000.00,ธุรกิจส่วนตัว,0,ปกติ,12,0
L-22225,2025-07-31,23517.06,0.515,145,29,6,50000.00,ธุรกิจส่วนตัว,2,ปกติ,2,0
L-22528,2025-07-31,34165.31,0.593,150,49,6,100000.00,พนักงานประจำ,1,ปิดบัญชีแล้ว,7,0
L-25924,2025-07-31,9000.00,0.194,170,29,0,300000.00,ข้าราชการ,1,ปกติ,23,0
L-26982,2025-07-31,35307.43,0.301,60,51,6,150000.00,ธุรกิจส่วนตัว,0,ปิดบัญชีแล้ว,3,0
L-29751,2025-07-31,29585.39,0.439,112,51,2,300000.00,ธุรกิจส่วนตัว,1,ปกติ,19,0
L-21847,2025-08-01,35062.36,0.451,143,53,4,300000.00,พนักงานประจำ,2,ปิดบัญชีแล้ว,29,0
L-21865,2025-08-01,37993.14,0.185,56,35,1,150000.00,ธุรกิจส่วนตัว,1,ปกติ,19,0
L-21910,2025-08-01,13096.82,0.564,206,26,5,200000.00,ข้าราชการ,1,ปิดบัญชีแล้ว,20,0
L-22781,2025-08-01,15969.40,0.111,145,23,6,300000.00,ธุรกิจส่วนตัว,2,ปิดบัญชีแล้ว,1,0
L-22856,2025-08-01,20618.35,0.02,60,65,2,50000.00,พนักงานประจำ,8,ค้างชำระ,70,1
L-23020,2025-08-01,35677.85,0.57,119,63,5,200000.00,ธุรกิจส่วนตัว,0,ปิดบัญชีแล้ว,5,0
L-24268,2025-08-01,9000.00,0.292,131,31,4,300000.00,ธุรกิจส่วนตัว,1,ปกติ,11,0
L-25377,2025-08-01,32508.72,0.406,125,34,3,300000.00,ข้าราชการ,8,ค้างชำระ,156,1
L-27030,2025-08-01,32263.76,0.098,162,60,3,100000.00,พนักงานประจำ,1,ปกติ,30,0
L-28843,2025-08-01,23869.41,0.317,32,29,2,100000.00,พนักงานประจำ,2,ปกติ,5,0
L-29540,2025-08-01,42368.13,0.338,236,53,2,100000.00,พนักงานประจำ,1,ปิดบัญชีแล้ว,10,0
L-31334,2025-08-01,48752.65,0.147,1,38,3,150000.00,ข้าราชการ,0,ปกติ,21,0
L-31877,2025-08-01,33023.66,0.534,111,21,4,500000.00,พนักงานประจำ,1,ปกติ,12,0
L-20954,2025-08-02,41535.42,0.441,227,35,1,150000.00,ธุรกิจส่วนตัว,1,ปิดบัญชีแล้ว,17,0
L-23763,2025-08-02,25840.10,0.109,190,46,1,300000.00,ข้าราชการ,2,ปกติ,23,0
L-25809,2025-08-02,34085.33,0.138,129,31,1,300000.00,อาชีพอิสระ,1,ปกติ,1,0
L-28551,2025-08-02,30062.40,0.513,18,39,6,300000.00,พนักงานประจำ,0,ปกติ,15,0
L-28948,2025-08-02,24820.70,0.303,214,49,3,50000.00,ธุรกิจส่วนตัว,1,ปกติ,6,0
L-20306,2025-08-03,38526.61,0.02,199,55,4,300000.00,พนักงานประจำ,2,ปกติ,7,0
L-21033,2025-08-03,50926.32,0.456,80,35,3,300000.00,ธุรกิจส่วนตัว,2,ปกติ,4,0
L-21097,2025-08-03,22540.56,0.34,0,35,2,50000.00,พนักงานประจำ,2,ปกติ,7,0
L-21755,2025-08-03,25766.08,0.689,164,50,5,500000.00,ข้าราชการ,1,ปกติ,25,0
L-21869,2025-08-03,38554.35,0.357,185,42,6,50000.00,พนักงานประจำ,2,ปกติ,2,0
L-22455,2025-08-03,49595.99,0.18,106,60,6,200000.00,ข้าราชการ,0,ปกติ,30,0
L-22847,2025-08-03,36462.05,0.258,71,48,1,150000.00,พนักงานประจำ,2,ปกติ,30,0
L-25947,2025-08-03,43759.23,0.5,167,24,0,50000.00,ข้าราชการ,0,ปกติ,3,0
L-27921,2025-08-03,45360.95,0.398,87,35,6,500000.00,ข้าราชการ,1,ปกติ,8,0
L-28016,2025-08-03,37585.19,0.25,37,23,6,50000.00,อาชีพอิสระ,0,ปกติ,5,0
L-30450,2025-08-03,39255.38,0.369,210,58,4,150000.00,ข้าราชการ,2,ปกติ,29,0
L-20270,2025-08-04,22585.84,0.2,4,30,3,100000.00,อาชีพอิสระ,2,ปกติ,25,0
L-20969,2025-08-04,22813.16,0.674,14,63,0,200000.00,ข้าราชการ,0,ปกติ,0,0
L-21204,2025-08-04,26661.21,0.598,106,43,6,150000.00,ข้าราชการ,14,ค้างชำระ,154,1
L-24099,2025-08-04,27712.46,0.13,177,57,0,200000.00,พนักงานประจำ,0,ปิดบัญชีแล้ว,0,0
L-26023,2025-08-04,27913.65,0.446,145,47,3,200000.00,พนักงานประจำ,1,ปกติ,9,0
L-27316,2025-08-04,9000.00,0.421,112,27,6,200000.00,ข้าราชการ,1,ปกติ,7,0
L-27715,2025-08-04,32940.69,0.515,240,25,3,200000.00,ธุรกิจส่วนตัว,1,ปิดบัญชีแล้ว,4,0
L-29240,2025-08-04,19174.96,0.193,199,60,0,50000.00,ธุรกิจส่วนตัว,0,ปกติ,22,0
L-30299,2025-08-04,55002.10,0.669,19,46,3,500000.00,พนักงานประจำ,2,ปกติ,16,0
L-20578,2025-08-05,51409.99,0.419,62,49,5,300000.00,พนักงานประจำ,0,ปกติ,2,0
L-20794,2025-08-05,46993.40,0.603,164,58,0,50000.00,พนักงานประจำ,0,ปกติ,22,0
L-20866,2025-08-05,44610.90,0.425,220,49,0,150000.00,ธุรกิจส่วนตัว,0,ปกติ,10,0
L-22117,2025-08-05,34843.30,0.767,10,46,3,50000.00,อาชีพอิสระ,0,ปกติ,4,0
L-22705,2025-08-05,48107.11,0.118,14,41,6,200000.00,อาชีพอิสระ,2,ปกติ,3,0
L-23756,2025-08-05,9000.00,0.4,180,27,4,150000.00,พนักงานประจำ,1,ปิดบัญชีแล้ว,5,0
L-25666,2025-08-05,40793.79,0.529,163,31,4,50000.00,ธุรกิจส่วนตัว,2,ปกติ,25,0
L-26106,2025-08-05,14159.47,0.413,129,58,0,150000.00,อาชีพอิสระ,2,ปิดบัญชีแล้ว,15,0
L-26247,2025-08-05,38798.92,0.336,141,23,3,500000.00,พนักงานประจำ,2,ปกติ,11,0
L-27836,2025-08-05,49550.80,0.256,69,25,4,100000.00,พนักงานประจำ,0,ปกติ,9,0
L-29725,2025-08-05,9000.00,0.189,119,52,4,200000.00,พนักงานประจำ,1,ปกติ,20,0
L-20163,2025-08-06,38929.64,0.479,14,42,6,300000.00,ธุรกิจส่วนตัว,2,ปกติ,7,0
L-21669,2025-08-06,34034.33,0.212,133,28,5,50000.00,ข้าราชการ,1,ปกติ,21,0
L-23147,2025-08-06,12811.83,0.311,185,33,2,200000.00,พนักงานประจำ,1,ปกติ,25,0
L-23625,2025-08-06,37626.17,0.314,216,53,4,300000.00,ธุรกิจส่วนตัว,2,ปิดบัญชีแล้ว,22,0
L-25471,2025-08-06,26814.58,0.18,133,24,5,200000.00,พนักงานประจำ,1,ปกติ,9,0
L-26873,2025-08-06,55407.59,0.282,20,53,3,500000.00,ข้าราชการ,7,ค้างชำระ,160,1
L-27144,2025-08-06,21339.62,0.344,193,60,6,500000.00,ธุรกิจส่วนตัว,2,ปกติ,14,0
L-28455,2025-08-06,64483.51,0.533,18,25,2,100000.00,พนักงานประจำ,2,ปกติ,25,0
L-30976,2025-08-06,58939.50,0.442,183,28,1,100000.00,พนักงานประจำ,2,ปิดบัญชีแล้ว,10,0
L-20113,2025-08-07,34178.05,0.274,7,37,5,100000.00,ธุรกิจส่วนตัว,0,ปกติ,14,0
L-20658,2025-08-07,9946.38,0.464,54,43,3,300000.00,ข้าราชการ,0,ปกติ,15,0
L-20697,2025-08-07,26691.33,0.561,22,26,2,300000.00,ข้าราชการ,1,ปกติ,24,0
L-21819,2025-08-07,56542.03,0.53,168,25,6,500000.00,อาชีพอิสระ,0,ปิดบัญชีแล้ว,0,0
L-23386,2025-08-07,9000.00,0.306,196,58,0,100000.00,อาชีพอิสระ,1,ปกติ,30,0
L-23687,2025-08-07,44488.74,0.249,236,33,6,500000.00,ธุรกิจส่วนตัว,0,ปกติ,2,0
L-23696,2025-08-07,49442.49,0.02,198,54,0,500000.00,พนักงานประจำ,0,ปกติ,14,0
L-27139,2025-08-07,32298.90,0.44,45,61,3,300000.00,ข้าราชการ,0,ปกติ,22,0
L-27433,2025-08-07,29465.61,0.4,210,50,3,100000.00,อาชีพอิสระ,2,ปกติ,7,0
L-28085,2025-08-07,42961.54,0.269,195,64,1,500000.00,ข้าราชการ,2,ปกติ,26,0
L-28243,2025-08-07,46326.21,0.524,43,22,1,100000.00,อาชีพอิสระ,6,ค้างชำระ,93,1
L-28583,2025-08-07,32672.57,0.058,53,61,0,150000.00,ข้าราชการ,1,ปกติ,9,0
L-29832,2025-08-07,16461.08,0.45,14,27,6,200000.00,ธุรกิจส่วนตัว,0,ปกติ,15,0
L-30555,2025-08-07,43627.90,0.158,167,42,1,100000.00,ข้าราชการ,1,ปกติ,28,0
L-20717,2025-08-08,34863.69,0.427,40,39,2,200000.00,ธุรกิจส่วนตัว,2,ปกติ,0,0
L-21166,2025-08-08,34767.22,0.156,82,55,2,100000.00,พนักงานประจำ,7,ค้างชำระ,95,1
L-21266,2025-08-08,44022.60,0.362,29,36,3,50000.00,ธุรกิจส่วนตัว,0,ปกติ,5,0
L-21834,2025-08-08,26935.41,0.518,143,28,0,150000.00,อาชีพอิสระ,1,ปกติ,28,0
L-27334,2025-08-08,28909.33,0.344,17,60,6,200000.00,ข้าราชการ,2,ปกติ,24,0
L-27402,2025-08-08,44803.55,0.208,89,21,5,150000.00,ธุรกิจส่วนตัว,0,ปิดบัญชีแล้ว,11,0
L-28658,2025-08-08,27245.81,0.197,97,41,1,300000.00,ธุรกิจส่วนตัว,0,ปกติ,1,0
L-29242,2025-08-08,17731.95,0.506,22,24,0,500000.00,ธุรกิจส่วนตัว,12,ค้างชำระ,61,1
L-30609,2025-08-08,9000.00,0.259,73,55,4,200000.00,อาชีพอิสระ,2,ปกติ,0,0
L-30804,2025-08-08,41460.07,0.393,188,40,4,150000.00,อาชีพอิสระ,1,ปกติ,27,0
L-31003,2025-08-08,9000.00,0.725,137,58,6,300000.00,อาชีพอิสระ,2,ปิดบัญชีแล้ว,20,0
L-31474,2025-08-08,61210.85,0.592,168,48,1,500000.00,อาชีพอิสระ,0,ปกติ,23,0
L-21054,2025-08-09,32290.98,0.54,79,46,0,50000.00,ข้าราชการ,1,ปกติ,14,0
L-21774,2025-08-09,40573.75,0.345,65,21,5,500000.00,ธุรกิจส่วนตัว,2,ปกติ,29,0
L-24847,2025-08-09,30993.75,0.468,14,30,0,50000.00,ธุรกิจส่วนตัว,2,ปกติ,18,0
L-25724,2025-08-09,39970.17,0.289,166,21,5,200000.00,อาชีพอิสระ,12,ค้างชำระ,60,1
L-26681,2025-08-09,13202.70,0.173,15,63,4,150000.00,อาชีพอิสระ,0,ปิดบัญชีแล้ว,7,0
L-29672,2025-08-09,29891.90,0.02,52,57,5,300000.00,ธุรกิจส่วนตัว,0,ปิดบัญชีแล้ว,12,0
L-30925,2025-08-09,31765.79,0.409,154,54,1,50000.00,ข้าราชการ,2,ปกติ,22,0
L-20015,2025-08-10,9000.00,0.529,193,41,5,200000.00,อาชีพอิสระ,2,ปกติ,0,0
L-21946,2025-08-10,16173.27,0.434,27,54,6,300000.00,ข้าราชการ,7,ค้างชำระ,138,1
L-23300,2025-08-10,39300.34,0.183,180,33,6,500000.00,ข้าราชการ,2,ปกติ,22,0
L-23460,2025-08-10,43660.15,0.32,87,47,6,100000.00,ข้าราชการ,2,ปกติ,0,0
L-23953,2025-08-10,47364.46,0.418,6,65,1,500000.00,พนักงานประจำ,1,ปกติ,11,0
L-26378,2025-08-10,16523.60,0.222,132,23,3,300000.00,ธุรกิจส่วนตัว,0,ปกติ,21,0
L-28223,2025-08-10,32933.11,0.433,39,59,0,300000.00,พนักงานประจำ,0,ปิดบัญชีแล้ว,25,0
L-30676,2025-08-10,30298.06,0.408,184,65,3,200000.00,พนักงานประจำ,0,ปกติ,14,0
L-20714,2025-08-11,34832.02,0.45,81,31,2,50000.00,ธุรกิจส่วนตัว,0,ปกติ,12,0
L-21007,2025-08-11,21698.76,0.825,203,58,1,100000.00,ธุรกิจส่วนตัว,0,ปกติ,9,0
L-22443,2025-08-11,36775.04,0.358,190,22,3,150000.00,ข้าราชการ,0,ปกติ,6,0
L-22496,2025-08-11,16858.42,0.456,210,39,4,300000.00,ข้าราชการ,2,ปกติ,13,0
L-23564,2025-08-11,34045.57,0.119,165,52,6,300000.00,พนักงานประจำ,9,ค้างชำระ,118,1
L-26775,2025-08-11,41882.58,0.116,206,59,6,200000.00,ข้าราชการ,1,ปกติ,28,0
L-27624,2025-08-11,28853.72,0.651,31,25,4,50000.00,ธุรกิจส่วนตัว,2,ปกติ,15,0
L-31668,2025-08-11,37481.83,0.436,20,37,0,500000.00,อาชีพอิสระ,0,ปกติ,8,0
L-31735,2025-08-11,9000.00,0.41,129,59,1,500000.00,ข้าราชการ,2,ปิดบัญชีแล้ว,13,0
L-20026,2025-08-12,20945.24,0.302,177,35,4,500000.00,อาชีพอิสระ,2,ปกติ,29,0
L-23045,2025-08-12,20971.83,0.111,124,27,2,500000.00,พนักงานประจำ,1,ปิดบัญชีแล้ว,25,0
L-25071,2025-08-12,18591.23,0.363,144,23,3,100000.00,อาชีพอิสระ,1,ปิดบัญชีแล้ว,7,0
L-25348,2025-08-12,40143.16,0.555,14,40,2,150000.00,อาชีพอิสระ,0,ปกติ,19,0
L-26504,2025-08-12,12995.06,0.377,35,54,5,100000.00,ข้าราชการ,2,ปกติ,19,0
L-27424,2025-08-12,53074.66,0.395,5,25,2,100000.00,อาชีพอิสระ,0,ปกติ,10,0
L-29800,2025-08-12,19270.79,0.353,137,53,6,300000.00,ข้าราชการ,9,ค้างชำระ,131,1
L-30732,2025-08-12,30155.29,0.396,111,38,4,150000.00,อาชีพอิสระ,2,ปกติ,23,0
L-21857,2025-08-13,20986.21,0.854,223,37,0,300000.00,ข้าราชการ,2,ปกติ,27,0
L-22026,2025-08-13,18974.73,0.147,94,32,1,50000.00,ข้าราชการ,2,ปกติ,25,0
L-22099,2025-08-13,9000.00,0.531,240,59,3,100000.00,ธุรกิจส่วนตัว,0,ปิดบัญชีแล้ว,19,0
L-26146,2025-08-13,38382.28,0.55,161,31,4,500000.00,ข้าราชการ,0,ปกติ,15,0
L-27028,2025-08-13,39226.65,0.523,33,49,4,300000.00,ข้าราชการ,2,ปกติ,10,0
L-27670,2025-08-13,33058.10,0.357,210,60,3,300000.00,อาชีพอิสระ,1,ปิดบัญชีแล้ว,21,0
L-28873,2025-08-13,20357.83,0.5,145,24,4,150000.00,อาชีพอิสระ,0,ปกติ,28,0
L-29323,2025-08-13,26011.79,0.382,62,42,6,100000.00,พนักงานประจำ,1,ปกติ,3,0
L-30389,2025-08-13,9000.00,0.379,115,39,2,150000.00,ธุรกิจส่วนตัว,2,ปกติ,27,0
L-31419,2025-08-13,34063.15,0.362,229,60,0,150000.00,พนักงานประจำ,4,ค้างชำระ,167,1
L-31614,2025-08-13,61439.70,0.467,58,61,1,150000.00,ข้าราชการ,1,ปกติ,28,0
L-21569,2025-08-14,33432.12,0.231,136,34,6,500000.00,ข้าราชการ,1,ปกติ,6,0
L-21691,2025-08-14,33491.21,0.262,56,41,4,500000.00,ธุรกิจส่วนตัว,1,ปิดบัญชีแล้ว,24,0
L-22843,2025-08-14,54781.19,0.07,116,52,6,50000.00,ธุรกิจส่วนตัว,2,ปกติ,21,0
L-23451,2025-08-14,15985.79,0.361,71,27,2,200000.00,ธุรกิจส่วนตัว,1,ปกติ,27,0
L-24077,2025-08-14,36655.25,0.397,228,60,2,150000.00,ธุรกิจส่วนตัว,1,ปิดบัญชีแล้ว,22,0
L-24350,2025-08-14,14230.64,0.542,67,53,3,500000.00,ข้าราชการ,2,ปกติ,10,0
L-24639,2025-08-14,48370.36,0.289,166,50,2,300000.00,ธุรกิจส่วนตัว,2,ปกติ,22,0
L-25094,2025-08-14,42796.35,0.414,127,37,0,200000.00,ธุรกิจส่วนตัว,2,ปิดบัญชีแล้ว,19,0
L-25678,2025-08-14,39937.24,0.27,137,21,0,50000.00,พนักงานประจำ,1,ปกติ,5,0
L-25772,2025-08-14,21622.33,0.221,172,21,1,200000.00,ข้าราชการ,0,ปกติ,16,0
L-26956,2025-08-14,36756.34,0.581,17,43,4,100000.00,พนักงานประจำ,9,ค้างชำระ,75,1
L-27167,2025-08-14,31005.81,0.338,209,55,2,300000.00,ข้าราชการ,1,ปิดบัญชีแล้ว,21,0
L-27238,2025-08-14,20570.61,0.712,175,53,2,200000.00,ธุรกิจส่วนตัว,2,ปิดบัญชีแล้ว,27,0
L-28187,2025-08-14,9000.00,0.02,129,34,6,100000.00,อาชีพอิสระ,0,ปิดบัญชีแล้ว,18,0
L-28403,2025-08-14,70555.86,0.352,179,46,3,150000.00,ธุรกิจส่วนตัว,0,ปกติ,21,0
L-29900,2025-08-14,43842.41,0.372,205,38,4,150000.00,ธุรกิจส่วนตัว,6,ค้างชำระ,93,1
L-30029,2025-08-14,36036.63,0.307,81,24,1,100000.00,อาชีพอิสระ,2,ปกติ,30,0
L-21927,2025-08-15,19509.10,0.319,42,26,3,200000.00,พนักงานประจำ,0,ปกติ,28,0
L-23599,2025-08-15,39455.42,0.28,173,42,3,200000.00,ข้าราชการ,7,ค้างชำระ,164,1
L-24426,2025-08-15,50673.00,0.557,230,35,5,500000.00,พนักงานประจำ,1,ปิดบัญชีแล้ว,11,0
L-25934,2025-08-15,29704.52,0.258,184,46,6,200000.00,ธุรกิจส่วนตัว,0,ปกติ,2,0
L-26197,2025-08-15,46252.78,0.291,151,36,1,300000.00,ธุรกิจส่วนตัว,1,ปกติ,28,0
L-26315,2025-08-15,21020.53,0.593,41,58,6,300000.00,พนักงานประจำ,0,ปกติ,20,0
L-28291,2025-08-15,50719.11,0.382,183,42,0,150000.00,ธุรกิจส่วนตัว,0,ปิดบัญชีแล้ว,13,0
L-28344,2025-08-15,32507.55,0.371,33,45,6,300000.00,ธุรกิจส่วนตัว,2,ปกติ,23,0
L-28577,2025-08-15,39138.37,0.743,231,26,4,150000.00,พนักงานประจำ,2,ปิดบัญชีแล้ว,25,0
L-29926,2025-08-15,42563.20,0.282,214,52,3,100000.00,ธุรกิจส่วนตัว,0,ปกติ,4,0
L-31970,2025-08-15,24792.85,0.308,108,51,1,200000.00,อาชีพอิสระ,0,ปกติ,27,0
L-22430,2025-08-16,41949.91,0.193,178,42,1,500000.00,อาชีพอิสระ,2,ปกติ,3,0
L-22567,2025-08-16,29400.54,0.218,213,28,3,200000.00,ธุรกิจส่วนตัว,1,ปกติ,15,0
L-23950,2025-08-16,28841.97,0.02,165,36,3,500000.00,พนักงานประจำ,2,ปกติ,27,0
L-24613,2025-08-16,27767.69,0.378,167,28,2,50000.00,พนักงานประจำ,1,ปกติ,17,0
L-25984,2025-08-16,39717.44,0.433,174,30,3,300000.00,อาชีพอิสระ,1,ปกติ,21,0
L-26365,2025-08-16,38447.08,0.237,113,40,1,150000.00,อาชีพอิสระ,1,ปิดบัญชีแล้ว,5,0
L-27404,2025-08-16,32216.18,0.525,129,40,2,100000.00,พนักงานประจำ,0,ปิดบัญชีแล้ว,13,0
L-28221,2025-08-16,22897.26,0.436,86,44,4,500000.00,พนักงานประจำ,10,ค้างชำระ,60,1
L-29096,2025-08-16,43275.77,0.129,187,26,4,50000.00,ข้าราชการ,1,ปกติ,17,0
L-29311,2025-08-16,26134.98,0.164,109,38,6,150000.00,ข้าราชการ,0,ปกติ,13,0
L-29956,2025-08-16,39141.37,0.425,139,36,1,150000.00,พนักงานประจำ,2,ปิดบัญชีแล้ว,11,0
L-30065,2025-08-16,50164.05,0.143,180,65,6,500000.00,พนักงานประจำ,2,ปกติ,3,0
L-31289,2025-08-16,32911.80,0.375,72,40,1,300000.00,พนักงานประจำ,1,ปกติ,2,0
L-20259,2025-08-17,23961.79,0.123,187,53,1,150000.00,อาชีพอิสระ,1,ปกติ,22,0
L-24168,2025-08-17,36678.18,0.293,50,60,0,100000.00,พนักงานประจำ,2,ปกติ,16,0
L-27253,2025-08-17,25741.63,0.038,185,50,1,500000.00,ข้าราชการ,1,ปิดบัญชีแล้ว,6,0
L-27564,2025-08-17,9000.00,0.528,199,50,4,150000.00,ธุรกิจส่วนตัว,0,ปกติ,25,0
L-29400,2025-08-17,36365.70,0.277,96,28,5,200000.00,พนักงานประจำ,2,ปกติ,0,0
L-31077,2025-08-17,33843.74,0.124,79,26,2,100000.00,พนักงานประจำ,0,ปิดบัญชีแล้ว,26,0
L-20572,2025-08-18,43654.26,0.214,4,36,5,150000.00,ข้าราชการ,0,ปิดบัญชีแล้ว,29,0
L-21738,2025-08-18,22320.86,0.187,227,61,4,50000.00,ข้าราชการ,1,ปกติ,22,0
L-22187,2025-08-18,19525.59,0.558,29,44,5,300000.00,ข้าราชการ,2,ปกติ,1,0
L-22915,2025-08-18,47494.84,0.564,119,62,0,50000.00,ธุรกิจส่วนตัว,0,ปิดบัญชีแล้ว,4,0
L-23411,2025-08-18,53445.01,0.248,124,49,3,300000.00,อาชีพอิสระ,2,ปกติ,11,0
L-24080,2025-08-18,50435.72,0.362,85,31,0,100000.00,พนักงานประจำ,11,ค้างชำระ,177,1
L-24543,2025-08-18,15420.75,0.283,180,33,2,150000.00,อาชีพอิสระ,0,ปกติ,23,0
L-24935,2025-08-18,16808.77,0.291,143,53,4,200000.00,พนักงานประจำ,2,ปิดบัญชีแล้ว,23,0
L-26562,2025-08-18,20359.23,0.298,12,29,0,300000.00,ธุรกิจส่วนตัว,1,ปกติ,25,0
L-27186,2025-08-18,27424.05,0.426,115,33,2,300000.00,ข้าราชการ,2,ปกติ,14,0
L-31182,2025-08-18,27619.28,0.479,87,58,3,200000.00,พนักงานประจำ,1,ปกติ,23,0
L-22634,2025-08-19,26607.08,0.02,90,30,3,200000.00,ธุรกิจส่วนตัว,2,ปกติ,12,0
L-22955,2025-08-19,39766.70,0.352,188,56,3,500000.00,ข้าราชการ,2,ปกติ,19,0
L-23106,2025-08-19,30114.78,0.759,180,59,1,100000.00,พนักงานประจำ,1,ปกติ,9,0
L-23464,2025-08-19,23785.10,0.653,123,60,1,100000.00,ธุรกิจส่วนตัว,0,ปกติ,23,0
L-23933,2025-08-19,11081.09,0.425,165,61,1,300000.00,ข้าราชการ,0,ปกติ,2,0
L-24601,2025-08-19,16706.19,0.291,0,52,3,200000.00,พนักงานประจำ,8,ค้างชำระ,59,1
L-26004,2025-08-19,32950.13,0.532,134,37,4,50000.00,พนักงานประจำ,1,ปกติ,28,0
L-26724,2025-08-19,40253.71,0.409,220,45,1,50000.00,อาชีพอิสระ,0,ปกติ,14,0
L-27330,2025-08-19,29786.16,0.207,17,61,1,500000.00,พนักงานประจำ,1,ปกติ,9,0
L-29235,2025-08-19,42838.36,0.647,182,61,2,300000.00,พนักงานประจำ,1,ปกติ,26,0
L-29745,2025-08-19,29207.57,0.427,110,28,3,300000.00,ข้าราชการ,0,ปกติ,18,0
L-30536,2025-08-19,45052.94,0.395,34,42,0,300000.00,ข้าราชการ,1,ปกติ,20,0
L-23565,2025-08-20,36523.76,0.059,175,45,4,500000.00,ข้าราชการ,2,ปกติ,25,0
L-24439,2025-08-20,9000.00,0.319,87,58,4,100000.00,ธุรกิจส่วนตัว,1,ปกติ,20,0
L-24540,2025-08-20,23147.71,0.51,230,59,6,50000.00,อาชีพอิสระ,4,ค้างชำระ,173,1
L-26684,2025-08-20,29122.11,0.672,126,52,2,300000.00,ธุรกิจส่วนตัว,2,ปกติ,0,0
L-27191,2025-08-20,24204.81,0.371,225,34,3,500000.00,พนักงานประจำ,10,ค้างชำระ,82,1
L-28069,2025-08-20,45033.63,0.412,182,43,0,300000.00,ข้าราชการ,1,ปกติ,24,0
L-28261,2025-08-20,53089.41,0.472,88,21,1,200000.00,ข้าราชการ,1,ปกติ,12,0
L-28378,2025-08-20,40797.17,0.483,63,53,3,500000.00,พนักงานประจำ,1,ปกติ,27,0
L-28786,2025-08-20,9000.00,0.697,12,35,4,300000.00,ข้าราชการ,2,ปกติ,18,0
L-31751,2025-08-20,41740.73,0.327,21,49,6,300000.00,ธุรกิจส่วนตัว,1,ปกติ,20,0
L-31859,2025-08-20,38361.76,0.132,94,24,0,300000.00,ธุรกิจส่วนตัว,2,ปกติ,26,0
L-24127,2025-08-21,21148.80,0.474,150,30,6,150000.00,ธุรกิจส่วนตัว,5,ค้างชำระ,59,1
L-27508,2025-08-21,30060.79,0.514,17,46,1,150000.00,พนักงานประจำ,14,ค้างชำระ,167,1
L-29016,2025-08-21,29743.08,0.365,211,61,1,50000.00,ธุรกิจส่วนตัว,0,ปิดบัญชีแล้ว,27,0
L-29281,2025-08-21,10288.97,0.223,111,48,0,50000.00,ข้าราชการ,0,ปกติ,18,0
L-29972,2025-08-21,16599.39,0.15,42,31,3,200000.00,ธุรกิจส่วนตัว,2,ปกติ,9,0
L-30243,2025-08-21,34239.97,0.576,64,59,5,150000.00,พนักงานประจำ,6,ค้างชำระ,46,1
L-30287,2025-08-21,19760.06,0.215,192,28,3,300000.00,ข้าราชการ,1,ปกติ,9,0
L-31318,2025-08-21,57238.27,0.404,129,60,6,100000.00,อาชีพอิสระ,2,ปกติ,27,0
L-31976,2025-08-21,32004.71,0.444,211,33,6,150000.00,อาชีพอิสระ,2,ปิดบัญชีแล้ว,13,0
L-20571,2025-08-22,17980.26,0.246,96,30,2,50000.00,พนักงานประจำ,2,ปกติ,1,0
L-20784,2025-08-22,54906.92,0.678,150,47,2,500000.00,ธุรกิจส่วนตัว,1,ปกติ,18,0
L-21685,2025-08-22,57427.70,0.202,147,53,5,500000.00,ธุรกิจส่วนตัว,1,ปกติ,0,0
L-22256,2025-08-22,32142.73,0.699,198,52,3,300000.00,พนักงานประจำ,10,ค้างชำระ,122,1
L-22620,2025-08-22,35309.83,0.287,125,62,1,300000.00,อาชีพอิสระ,2,ปกติ,16,0
L-22922,2025-08-22,14151.19,0.268,190,32,0,150000.00,ธุรกิจส่วนตัว,0,ปกติ,1,0
L-23508,2025-08-22,37045.26,0.326,5,43,6,300000.00,อาชีพอิสระ,13,ค้างชำระ,91,1
L-23858,2025-08-22,40584.12,0.113,62,34,4,500000.00,ธุรกิจส่วนตัว,2,ปกติ,8,0
L-25070,2025-08-22,20019.86,0.504,212,58,2,100000.00,ข้าราชการ,1,ปกติ,5,0
L-25147,2025-08-22,29396.79,0.683,195,46,5,200000.00,ธุรกิจส่วนตัว,0,ปกติ,29,0
L-26853,2025-08-22,54140.70,0.368,194,43,5,50000.00,ธุรกิจส่วนตัว,4,ค้างชำระ,124,1
L-27260,2025-08-22,38547.34,0.265,229,59,6,150000.00,ธุรกิจส่วนตัว,1,ปกติ,7,0
L-28388,2025-08-22,46876.74,0.258,133,26,3,200000.00,อาชีพอิสระ,0,ปกติ,6,0
L-29621,2025-08-22,54189.48,0.477,159,58,0,500000.00,ธุรกิจส่วนตัว,0,ปกติ,24,0
L-30263,2025-08-22,40397.97,0.868,125,60,4,200000.00,พนักงานประจำ,12,ค้างชำระ,134,1
L-30743,2025-08-22,41733.40,0.299,154,42,6,500000.00,อาชีพอิสระ,0,ปกติ,12,0
L-31728,2025-08-22,23633.38,0.154,157,41,3,300000.00,พนักงานประจำ,0,ปิดบัญชีแล้ว,19,0
L-20097,2025-08-23,9000.00,0.251,237,42,3,50000.00,อาชีพอิสระ,1,ปิดบัญชีแล้ว,3,0
L-21943,2025-08-23,36062.66,0.206,184,37,3,100000.00,ข้าราชการ,2,ปกติ,1,0
L-23802,2025-08-23,33278.48,0.605,220,52,2,300000.00,ข้าราชการ,0,ปกติ,13,0
L-23870,2025-08-23,33487.41,0.6,109,50,4,200000.00,ธุรกิจส่วนตัว,0,ปิดบัญชีแล้ว,12,0
L-25294,2025-08-23,58199.81,0.468,114,34,0,50000.00,ข้าราชการ,1,ปกติ,7,0
L-28222,2025-08-23,18968.17,0.364,15,42,5,100000.00,พนักงานประจำ,0,ปกติ,19,0
L-28800,2025-08-23,39157.22,0.623,114,47,1,150000.00,อาชีพอิสระ,0,ปกติ,17,0
L-20856,2025-08-24,37342.72,0.761,232,49,6,150000.00,ข้าราชการ,2,ปิดบัญชีแล้ว,8,0
L-23948,2025-08-24,36128.95,0.618,207,31,5,100000.00,ธุรกิจส่วนตัว,2,ปกติ,25,0
L-24094,2025-08-24,52325.02,0.02,13,63,1,100000.00,พนักงานประจำ,2,ปกติ,2,0
L-24573,2025-08-24,55571.32,0.599,59,49,2,200000.00,ธุรกิจส่วนตัว,2,ปกติ,11,0
L-26807,2025-08-24,31367.70,0.424,163,26,4,100000.00,ข้าราชการ,2,ปกติ,2,0
L-26937,2025-08-24,32498.71,0.529,149,41,0,500000.00,อาชีพอิสระ,2,ปกติ,16,0
L-27310,2025-08-24,33236.85,0.246,128,41,3,300000.00,ข้าราชการ,0,ปกติ,17,0
L-28063,2025-08-24,29875.73,0.195,182,44,5,150000.00,ธุรกิจส่วนตัว,0,ปกติ,23,0
L-28346,2025-08-24,38285.76,0.332,199,65,1,200000.00,อาชีพอิสระ,1,ปกติ,16,0
L-28615,2025-08-24,31184.48,0.261,235,63,0,500000.00,ธุรกิจส่วนตัว,1,ปกติ,21,0
L-29413,2025-08-24,30731.48,0.349,108,49,6,500000.00,ข้าราชการ,1,ปกติ,15,0
L-20392,2025-08-25,26592.82,0.325,46,65,5,300000.00,ธุรกิจส่วนตัว,0,ปกติ,0,0
L-21762,2025-08-25,30660.13,0.035,45,22,6,300000.00,ข้าราชการ,8,ค้างชำระ,164,1
L-22563,2025-08-25,37998.63,0.464,143,35,5,300000.00,ธุรกิจส่วนตัว,14,ค้างชำระ,81,1
L-22719,2025-08-25,30759.58,0.625,129,57,0,500000.00,ธุรกิจส่วนตัว,1,ปกติ,13,0
L-25515,2025-08-25,31411.37,0.592,180,41,3,200000.00,พนักงานประจำ,1,ปิดบัญชีแล้ว,8,0
L-25752,2025-08-25,9000.00,0.425,139,56,6,300000.00,อาชีพอิสระ,0,ปกติ,15,0
L-26891,2025-08-25,46879.81,0.229,165,37,0,500000.00,อาชีพอิสระ,0,ปกติ,21,0
L-26922,2025-08-25,50035.57,0.332,217,34,1,200000.00,อาชีพอิสระ,0,ปกติ,28,0
L-27207,2025-08-25,46073.11,0.632,16,46,6,50000.00,อาชีพอิสระ,6,ค้างชำระ,58,1
L-27460,2025-08-25,9000.00,0.407,173,33,2,50000.00,พนักงานประจำ,1,ปกติ,21,0
L-28204,2025-08-25,24896.64,0.02,224,31,4,100000.00,พนักงานประจำ,1,ปกติ,4,0
L-28527,2025-08-25,44986.47,0.32,134,27,5,150000.00,พนักงานประจำ,11,ค้างชำระ,78,1
L-29229,2025-08-25,10019.99,0.277,73,52,6,300000.00,ข้าราชการ,2,ปกติ,7,0
L-29470,2025-08-25,22535.24,0.431,78,62,5,500000.00,ข้าราชการ,0,ปกติ,22,0
L-30655,2025-08-25,9000.00,0.492,18,46,2,200000.00,อาชีพอิสระ,0,ปกติ,24,0
L-30817,2025-08-25,45838.62,0.246,182,50,0,100000.00,อาชีพอิสระ,2,ปกติ,0,0
L-30937,2025-08-25,51644.84,0.609,101,35,1,150000.00,ข้าราชการ,1,ปกติ,19,0
L-21918,2025-08-26,40637.22,0.436,86,37,3,300000.00,ข้าราชการ,2,ปกติ,4,0
L-22053,2025-08-26,26951.71,0.266,42,22,4,50000.00,พนักงานประจำ,1,ปกติ,28,0
L-22507,2025-08-26,48997.10,0.542,187,36,3,50000.00,ข้าราชการ,2,ปกติ,2,0
L-22653,2025-08-26,42153.97,0.155,17,36,4,100000.00,ธุรกิจส่วนตัว,2,ปกติ,18,0
L-22656,2025-08-26,27674.10,0.55,181,62,5,50000.00,อาชีพอิสระ,4,ค้างชำระ,125,1
L-23041,2025-08-26,35632.74,0.314,25,21,0,100000.00,ข้าราชการ,2,ปิดบัญชีแล้ว,17,0
L-24680,2025-08-26,39852.43,0.446,174,44,4,50000.00,ข้าราชการ,1,ปกติ,20,0
L-24710,2025-08-26,25864.14,0.686,217,64,0,500000.00,พนักงานประจำ,11,ค้างชำระ,107,1
L-25208,2025-08-26,32267.20,0.34,234,22,3,200000.00,พนักงานประจำ,1,ปิดบัญชีแล้ว,22,0
L-25270,2025-08-26,40932.89,0.356,31,28,1,50000.00,ธุรกิจส่วนตัว,1,ปกติ,28,0
L-26785,2025-08-26,49073.87,0.507,182,28,3,500000.00,ข้าราชการ,2,ปกติ,24,0
L-27565,2025-08-26,45154.67,0.479,142,22,0,150000.00,พนักงานประจำ,1,ปิดบัญชีแล้ว,4,0
L-31390,2025-08-26,42187.79,0.332,145,54,0,50000.00,ข้าราชการ,2,ปิดบัญชีแล้ว,29,0
L-31450,2025-08-26,41519.77,0.245,90,23,5,150000.00,อาชีพอิสระ,1,ปกติ,22,0
L-31816,2025-08-26,53270.45,0.205,223,48,6,150000.00,ข้าราชการ,0,ปกติ,22,0
L-20013,2025-08-27,43877.49,0.596,238,28,2,100000.00,พนักงานประจำ,1,ปิดบัญชีแล้ว,23,0
L-20761,2025-08-27,35394.78,0.437,51,23,4,300000.00,อาชีพอิสระ,2,ปกติ,22,0
L-22072,2025-08-27,39690.93,0.459,72,32,1,500000.00,ธุรกิจส่วนตัว,1,ปกติ,11,0
L-23445,2025-08-27,9985.73,0.162,120,21,3,150000.00,พนักงานประจำ,0,ปกติ,12,0
L-25798,2025-08-27,25926.62,0.466,6,23,3,200000.00,พนักงานประจำ,1,ปกติ,7,0
L-25966,2025-08-27,36720.84,0.61,166,41,6,200000.00,อาชีพอิสระ,1,ปกติ,14,0
L-26591,2025-08-27,32043.70,0.161,135,51,6,100000.00,ข้าราชการ,0,ปิดบัญชีแล้ว,20,0
L-27578,2025-08-27,40877.84,0.399,82,35,3,50000.00,อาชีพอิสระ,0,ปกติ,1,0
L-30797,2025-08-27,9463.30,0.583,14,49,2,200000.00,พนักงานประจำ,0,ปิดบัญชีแล้ว,15,0
L-30857,2025-08-27,19650.47,0.476,221,50,3,50000.00,ธุรกิจส่วนตัว,1,ปกติ,30,0
L-31051,2025-08-27,22136.77,0.437,79,22,4,500000.00,ข้าราชการ,1,ปกติ,13,0
L-31321,2025-08-27,25970.42,0.463,39,23,2,150000.00,ธุรกิจส่วนตัว,1,ปกติ,19,0
L-31967,2025-08-27,58574.52,0.25,196,61,1,200000.00,พนักงานประจำ,0,ปกติ,24,0
L-20925,2025-08-28,24721.01,0.239,238,45,2,500000.00,อาชีพอิสระ,2,ปกติ,22,0
L-22821,2025-08-28,40213.87,0.162,22,46,0,100000.00,พนักงานประจำ,0,ปกติ,20,0
L-24360,2025-08-28,10293.55,0.138,19,57,3,100000.00,อาชีพอิสระ,0,ปกติ,16,0
L-25414,2025-08-28,18756.95,0.402,111,58,0,50000.00,อาชีพอิสระ,0,ปกติ,24,0
L-25480,2025-08-28,11851.56,0.555,182,45,2,500000.00,อาชีพอิสระ,3,ค้างชำระ,115,1
L-26174,2025-08-28,50355.01,0.321,157,42,5,500000.00,พนักงานประจำ,1,ปิดบัญชีแล้ว,1,0
L-26627,2025-08-28,60599.66,0.445,100,63,3,100000.00,ธุรกิจส่วนตัว,0,ปกติ,22,0
L-30168,2025-08-28,36018.39,0.301,121,59,4,150000.00,ธุรกิจส่วนตัว,1,ปกติ,0,0
L-20074,2025-08-29,21561.41,0.462,53,38,2,300000.00,ธุรกิจส่วนตัว,6,ค้างชำระ,175,1
L-20278,2025-08-29,28113.15,0.119,240,33,6,200000.00,ข้าราชการ,0,ปกติ,22,0
L-20322,2025-08-29,52154.96,0.43,179,65,4,100000.00,อาชีพอิสระ,0,ปิดบัญชีแล้ว,19,0
L-21429,2025-08-29,32338.24,0.066,133,44,5,500000.00,ข้าราชการ,0,ปกติ,5,0
L-22275,2025-08-29,40906.33,0.399,232,51,6,300000.00,อาชีพอิสระ,2,ปิดบัญชีแล้ว,26,0
L-24092,2025-08-29,26823.59,0.594,153,23,6,150000.00,ธุรกิจส่วนตัว,7,ค้างชำระ,104,1
L-24507,2025-08-29,34340.99,0.165,142,40,6,100000.00,อาชีพอิสระ,8,ค้างชำระ,112,1
L-25146,2025-08-29,35020.18,0.318,223,33,0,300000.00,ธุรกิจส่วนตัว,2,ปกติ,24,0
L-28163,2025-08-29,32182.57,0.077,182,28,3,50000.00,อาชีพอิสระ,1,ปกติ,30,0
L-28289,2025-08-29,44161.63,0.307,203,29,6,200000.00,ข้าราชการ,1,ปกติ,23,0
L-28715,2025-08-29,51019.12,0.187,158,49,3,50000.00,ข้าราชการ,1,ปกติ,24,0
L-28950,2025-08-29,21159.89,0.667,59,26,6,500000.00,ข้าราชการ,4,ค้างชำระ,115,1
L-21023,2025-08-30,60220.29,0.493,221,64,0,50000.00,อาชีพอิสระ,1,ปกติ,14,0
L-23544,2025-08-30,27639.50,0.175,231,59,3,200000.00,ธุรกิจส่วนตัว,0,ปิดบัญชีแล้ว,1,0
L-25469,2025-08-30,9000.00,0.355,236,23,4,200000.00,ข้าราชการ,0,ปิดบัญชีแล้ว,6,0
L-26466,2025-08-30,9000.00,0.393,163,60,0,300000.00,ธุรกิจส่วนตัว,0,ปิดบัญชีแล้ว,1,0
L-26753,2025-08-30,26109.85,0.476,45,24,5,300000.00,พนักงานประจำ,1,ปกติ,24,0
L-27293,2025-08-30,33270.23,0.516,99,46,3,300000.00,ธุรกิจส่วนตัว,0,ปกติ,26,0
L-27423,2025-08-30,41967.50,0.671,232,26,6,200000.00,อาชีพอิสระ,0,ปิดบัญชีแล้ว,27,0
L-29284,2025-08-30,51268.32,0.593,43,43,2,100000.00,พนักงานประจำ,0,ปกติ,10,0
L-30415,2025-08-30,19708.66,0.069,182,34,1,100000.00,ข้าราชการ,0,ปิดบัญชีแล้ว,9,0
L-30957,2025-08-30,26766.34,0.511,139,24,6,200000.00,อาชีพอิสระ,2,ปกติ,29,0
L-31412,2025-08-30,23950.36,0.429,37,39,0,500000.00,ธุรกิจส่วนตัว,6,ค้างชำระ,164,1
L-20208,2025-08-31,47219.79,0.861,116,27,6,150000.00,ข้าราชการ,2,ปกติ,28,0
L-21031,2025-08-31,41952.90,0.268,6,54,5,100000.00,พนักงานประจำ,2,ปกติ,11,0
L-21405,2025-08-31,39378.44,0.572,48,24,1,200000.00,อาชีพอิสระ,3,ค้างชำระ,124,1
L-21926,2025-08-31,31291.08,0.354,148,22,3,150000.00,ข้าราชการ,2,ปกติ,15,0
L-22476,2025-08-31,41636.18,0.243,15,39,6,200000.00,ธุรกิจส่วนตัว,0,ปิดบัญชีแล้ว,25,0
L-22597,2025-08-31,18437.55,0.391,231,31,3,200000.00,พนักงานประจำ,1,ปิดบัญชีแล้ว,20,0
L-23724,2025-08-31,9000.00,0.408,46,63,0,100000.00,พนักงานประจำ,1,ปิดบัญชีแล้ว,18,0
L-27946,2025-08-31,30203.45,0.349,43,56,4,100000.00,ข้าราชการ,2,ปกติ,8,0
L-28255,2025-08-31,30045.79,0.357,93,64,4,500000.00,ธุรกิจส่วนตัว,6,ค้างชำระ,116,1
L-29506,2025-08-31,31678.41,0.174,91,21,6,500000.00,อาชีพอิสระ,0,ปกติ,24,0
L-30518,2025-08-31,30010.18,0.02,38,29,5,300000.00,ธุรกิจส่วนตัว,14,ค้างชำระ,148,1
L-20100,2025-09-01,39581.30,0.315,181,46,6,500000.00,ธุรกิจส่วนตัว,3,ค้างชำระ,109,1
L-20456,2025-09-01,28614.42,0.091,203,45,2,300000.00,อาชีพอิสระ,1,ปกติ,9,0
L-21025,2025-09-01,43452.67,0.198,130,61,3,200000.00,พนักงานประจำ,1,ปกติ,12,0
L-21057,2025-09-01,30959.59,0.276,197,31,6,200000.00,อาชีพอิสระ,2,ปิดบัญชีแล้ว,16,0
L-22500,2025-09-01,35116.01,0.704,194,47,2,500000.00,ข้าราชการ,2,ปกติ,5,0
L-23290,2025-09-01,37178.79,0.364,201,46,4,300000.00,ข้าราชการ,0,ปกติ,3,0
L-24337,2025-09-01,9000.00,0.498,2,32,0,100000.00,อาชีพอิสระ,2,ปกติ,16,0
L-27701,2025-09-01,48773.09,0.02,164,65,6,50000.00,อาชีพอิสระ,0,ปกติ,11,0
L-28700,2025-09-01,44979.89,0.361,192,50,6,150000.00,อาชีพอิสระ,2,ปกติ,27,0
L-28999,2025-09-01,48345.45,0.02,88,32,0,100000.00,ข้าราชการ,0,ปิดบัญชีแล้ว,0,0
L-29738,2025-09-01,54689.68,0.395,144,26,6,500000.00,ธุรกิจส่วนตัว,0,ปกติ,12,0
L-29766,2025-09-01,10559.22,0.468,91,39,5,150000.00,ธุรกิจส่วนตัว,1,ปกติ,10,0
L-31509,2025-09-01,35724.28,0.183,213,45,6,150000.00,ธุรกิจส่วนตัว,1,ปกติ,3,0
L-20446,2025-09-02,47195.97,0.343,123,63,3,300000.00,อาชีพอิสระ,0,ปกติ,3,0
L-21441,2025-09-02,25562.16,0.418,134,35,1,200000.00,ข้าราชการ,0,ปกติ,3,0
L-22009,2025-09-02,36556.05,0.068,41,38,5,300000.00,อาชีพอิสระ,0,ปกติ,17,0
L-22323,2025-09-02,27836.41,0.18,36,57,4,500000.00,ข้าราชการ,1,ปิดบัญชีแล้ว,26,0
L-22741,2025-09-02,31202.29,0.429,181,51,2,50000.00,อาชีพอิสระ,1,ปกติ,11,0
L-23649,2025-09-02,24313.92,0.34,236,54,5,300000.00,อาชีพอิสระ,2,ปกติ,15,0
L-25132,2025-09-02,38570.52,0.316,59,63,5,500000.00,พนักงานประจำ,2,ปกติ,21,0
L-25980,2025-09-02,21235.93,0.566,240,60,4,50000.00,พนักงานประจำ,2,ปกติ,14,0
L-27206,2025-09-02,32477.93,0.186,223,62,1,500000.00,ข้าราชการ,2,ปกติ,14,0
L-30549,2025-09-02,35505.27,0.274,118,33,5,200000.00,พนักงานประจำ,0,ปกติ,14,0
L-31452,2025-09-02,26747.72,0.635,146,29,2,100000.00,ธุรกิจส่วนตัว,2,ปกติ,24,0
L-20449,2025-09-03,9000.00,0.558,165,34,1,150000.00,ธุรกิจส่วนตัว,7,ค้างชำระ,112,1
L-20620,2025-09-03,33017.15,0.618,145,40,1,100000.00,อาชีพอิสระ,0,ปิดบัญชีแล้ว,0,0
L-21452,2025-09-03,10323.83,0.566,62,44,6,200000.00,ข้าราชการ,0,ปิดบัญชีแล้ว,15,0
L-21463,2025-09-03,55579.78,0.131,227,49,6,50000.00,ข้าราชการ,2,ปกติ,26,0
L-21545,2025-09-03,11393.32,0.49,161,63,6,300000.00,พนักงานประจำ,2,ปกติ,8,0
L-22403,2025-09-03,32337.74,0.513,79,57,5,150000.00,ข้าราชการ,7,ค้างชำระ,107,1
L-23206,2025-09-03,21511.96,0.886,157,28,6,100000.00,ข้าราชการ,0,ปิดบัญชีแล้ว,6,0
L-23746,2025-09-03,9000.00,0.486,215,35,3,500000.00,ข้าราชการ,2,ปิดบัญชีแล้ว,17,0
L-24011,2025-09-03,50655.23,0.514,196,54,6,150000.00,อาชีพอิสระ,2,ปกติ,12,0
L-25015,2025-09-03,26207.57,0.652,41,39,0,500000.00,ธุรกิจส่วนตัว,0,ปกติ,30,0
L-26000,2025-09-03,31326.23,0.47,179,37,1,100000.00,ธุรกิจส่วนตัว,0,ปิดบัญชีแล้ว,19,0
L-26689,2025-09-03,29407.78,0.579,213,55,2,500000.00,อาชีพอิสระ,12,ค้างชำระ,56,1
L-31659,2025-09-03,42686.15,0.272,173,31,3,300000.00,พนักงานประจำ,2,ปกติ,19,0
L-21888,2025-09-04,37270.12,0.559,114,39,5,500000.00,พนักงานประจำ,2,ปกติ,20,0
L-22263,2025-09-04,32801.58,0.262,184,45,4,100000.00,ข้าราชการ,2,ปิดบัญชีแล้ว,12,0
L-25495,2025-09-04,9000.00,0.362,216,53,3,100000.00,พนักงานประจำ,1,ปกติ,1,0
L-26027,2025-09-04,35573.64,0.373,144,28,0,200000.00,พนักงานประจำ,2,ปกติ,13,0
L-28230,2025-09-04,35048.95,0.283,234,42,5,500000.00,ธุรกิจส่วนตัว,0,ปิดบัญชีแล้ว,28,0
L-28591,2025-09-04,42394.70,0.298,186,39,2,500000.00,ธุรกิจส่วนตัว,0,ปิดบัญชีแล้ว,1,0
L-30162,2025-09-04,19100.93,0.411,10,64,2,150000.00,อาชีพอิสระ,11,ค้างชำระ,163,1
L-30334,2025-09-04,20989.68,0.357,93,61,3,200000.00,พนักงานประจำ,0,ปกติ,1,0
L-20252,2025-09-05,34446.88,0.333,90,56,4,500000.00,ธุรกิจส่วนตัว,13,ค้างชำระ,127,1
L-20710,2025-09-05,27450.86,0.805,184,42,2,150000.00,ข้าราชการ,0,ปกติ,1,0
L-21145,2025-09-05,22426.50,0.15,164,59,4,50000.00,ธุรกิจส่วนตัว,1,ปิดบัญชีแล้ว,2,0
L-21551,2025-09-05,24809.59,0.416,101,41,0,500000.00,อาชีพอิสระ,1,ปกติ,23,0
L-22079,2025-09-05,28086.98,0.525,200,31,3,150000.00,ข้าราชการ,0,ปกติ,6,0
L-22539,2025-09-05,33392.81,0.368,158,21,5,300000.00,ข้าราชการ,0,ปกติ,29,0
L-22793,2025-09-05,29027.97,0.112,21,50,5,150000.00,ข้าราชการ,0,ปกติ,24,0
L-23647,2025-09-05,45659.16,0.48,155,52,0,50000.00,ธุรกิจส่วนตัว,2,ปิดบัญชีแล้ว,24,0
L-23689,2025-09-05,30243.58,0.641,182,53,1,300000.00,ข้าราชการ,0,ปกติ,29,0
L-24415,2025-09-05,35649.64,0.528,238,37,0,50000.00,ข้าราชการ,1,ปกติ,22,0
L-24980,2025-09-05,36590.47,0.414,183,39,0,100000.00,อาชีพอิสระ,0,ปกติ,28,0
L-29999,2025-09-05,12389.16,0.192,164,44,2,200000.00,พนักงานประจำ,2,ปกติ,2,0
L-21037,2025-09-06,30971.09,0.264,99,56,4,500000.00,ธุรกิจส่วนตัว,1,ปิดบัญชีแล้ว,19,0
L-22975,2025-09-06,23554.23,0.734,12,38,3,200000.00,ข้าราชการ,3,ค้างชำระ,89,1
L-23955,2025-09-06,42841.34,0.514,174,23,6,300000.00,อาชีพอิสระ,0,ปกติ,16,0
L-24163,2025-09-06,31732.19,0.695,181,47,3,500000.00,ธุรกิจส่วนตัว,2,ปกติ,3,0
L-26453,2025-09-06,41362.01,0.244,19,29,2,500000.00,ธุรกิจส่วนตัว,0,ปกติ,22,0
L-27916,2025-09-06,36476.91,0.378,221,23,6,300000.00,อาชีพอิสระ,2,ปกติ,17,0
L-28425,2025-09-06,26521.01,0.398,196,50,6,50000.00,อาชีพอิสระ,2,ปกติ,0,0
L-28463,2025-09-06,46626.91,0.328,90,43,2,500000.00,พนักงานประจำ,1,ปกติ,9,0
L-28631,2025-09-06,24576.80,0.592,15,45,3,50000.00,ข้าราชการ,1,ปกติ,25,0
L-29190,2025-09-06,14245.31,0.154,218,30,2,50000.00,ธุรกิจส่วนตัว,13,ค้างชำระ,54,1
L-20255,2025-09-07,20211.98,0.02,123,59,6,300000.00,ธุรกิจส่วนตัว,7,ค้างชำระ,78,1
L-21535,2025-09-07,36537.65,0.497,238,43,1,150000.00,ธุรกิจส่วนตัว,1,ปกติ,5,0
L-23512,2025-09-07,39101.61,0.442,150,45,0,200000.00,พนักงานประจำ,2,ปิดบัญชีแล้ว,0,0
L-24379,2025-09-07,27268.10,0.563,3,25,2,500000.00,ธุรกิจส่วนตัว,1,ปกติ,13,0
L-25118,2025-09-07,33265.29,0.258,203,26,5,500000.00,ธุรกิจส่วนตัว,1,ปกติ,4,0
L-25592,2025-09-07,36376.06,0.319,96,46,4,100000.00,อาชีพอิสระ,1,ปกติ,21,0
L-29330,2025-09-07,31373.48,0.226,210,41,2,500000.00,ข้าราชการ,0,ปิดบัญชีแล้ว,20,0
L-30396,2025-09-07,21991.53,0.948,122,45,2,500000.00,ข้าราชการ,2,ปกติ,21,0
L-31410,2025-09-07,39164.82,0.134,201,41,5,100000.00,อาชีพอิสระ,1,ปกติ,13,0
L-20864,2025-09-08,17267.60,0.02,79,53,3,100000.00,อาชีพอิสระ,0,ปกติ,16,0
L-21983,2025-09-08,29664.78,0.109,155,24,0,200000.00,อาชีพอิสระ,0,ปกติ,20,0
L-22080,2025-09-08,24871.44,0.153,231,53,3,200000.00,ข้าราชการ,1,ปิดบัญชีแล้ว,26,0
L-22419,2025-09-08,48110.16,0.448,163,38,6,100000.00,ธุรกิจส่วนตัว,0,ปิดบัญชีแล้ว,5,0
L-22533,2025-09-08,23618.42,0.545,157,43,6,150000.00,ข้าราชการ,9,ค้างชำระ,138,1
L-23337,2025-09-08,56275.61,0.438,237,52,6,200000.00,ธุรกิจส่วนตัว,1,ปกติ,27,0
L-26907,2025-09-08,14809.05,0.505,158,55,4,500000.00,ข้าราชการ,1,ปิดบัญชีแล้ว,15,0
L-27136,2025-09-08,31422.71,0.531,210,43,2,50000.00,อาชีพอิสระ,1,ปกติ,3,0
L-28613,2025-09-08,9519.40,0.476,41,51,6,100000.00,ข้าราชการ,4,ค้างชำระ,104,1
L-30992,2025-09-08,52222.94,0.355,116,35,4,200000.00,พนักงานประจำ,3,ค้างชำระ,83,1
L-31828,2025-09-08,11475.41,0.267,23,48,0,100000.00,พนักงานประจำ,2,ปิดบัญชีแล้ว,30,0
L-20046,2025-09-09,49906.30,0.619,191,61,6,100000.00,ธุรกิจส่วนตัว,14,ค้างชำระ,143,1
L-20618,2025-09-09,50738.43,0.354,92,49,0,150000.00,ธุรกิจส่วนตัว,2,ปกติ,13,0
L-20687,2025-09-09,18053.45,0.346,137,27,5,150000.00,ธุรกิจส่วนตัว,2,ปกติ,16,0
L-22070,2025-09-09,18398.76,0.291,159,55,2,500000.00,ธุรกิจส่วนตัว,0,ปกติ,10,0
L-22184,2025-09-09,20613.40,0.304,198,38,4,500000.00,พนักงานประจำ,1,ปิดบัญชีแล้ว,29,0
L-22632,2025-09-09,42396.19,0.333,215,28,2,100000.00,พนักงานประจำ,1,ปกติ,26,0
L-22971,2025-09-09,19860.86,0.292,65,54,0,150000.00,พนักงานประจำ,0,ปกติ,14,0
L-24315,2025-09-09,9000.00,0.151,150,32,0,100000.00,พนักงานประจำ,1,ปิดบัญชีแล้ว,1,0
L-25745,2025-09-09,20000.42,0.568,207,61,2,500000.00,ข้าราชการ,3,ค้างชำระ,121,1
L-27829,2025-09-09,19288.77,0.02,188,38,1,50000.00,พนักงานประจำ,1,ปกติ,25,0
L-29034,2025-09-09,46202.60,0.755,113,53,5,200000.00,อาชีพอิสระ,2,ปิดบัญชีแล้ว,9,0
L-30679,2025-09-09,29925.49,0.601,48,60,4,50000.00,อาชีพอิสระ,0,ปกติ,20,0
L-31708,2025-09-09,34565.57,0.509,76,54,5,300000.00,พนักงานประจำ,1,ปกติ,19,0
L-31851,2025-09-09,26498.38,0.465,80,44,2,200000.00,พนักงานประจำ,0,ปกติ,12,0
L-20547,2025-09-10,38949.67,0.4,148,55,5,300000.00,อาชีพอิสระ,1,ปิดบัญชีแล้ว,0,0
L-21778,2025-09-10,26914.84,0.587,105,45,5,150000.00,อาชีพอิสระ,14,ค้างชำระ,151,1
L-23597,2025-09-10,40641.46,0.495,221,45,4,500000.00,พนักงานประจำ,2,ปกติ,3,0
L-23918,2025-09-10,51936.91,0.504,240,57,5,50000.00,ธุรกิจส่วนตัว,2,ปกติ,12,0
L-24777,2025-09-10,47090.34,0.78,185,57,6,300000.00,ข้าราชการ,1,ปกติ,16,0
L-24829,2025-09-10,16014.87,0.135,111,49,6,500000.00,ธุรกิจส่วนตัว,0,ปกติ,15,0
L-24982,2025-09-10,27814.02,0.333,189,43,4,200000.00,พนักงานประจำ,11,ค้างชำระ,123,1
L-27972,2025-09-10,30377.81,0.36,72,24,4,50000.00,อาชีพอิสระ,1,ปกติ,21,0
L-30330,2025-09-10,44639.79,0.63,48,33,6,50000.00,พนักงานประจำ,0,ปิดบัญชีแล้ว,7,0
L-31066,2025-09-10,37252.08,0.8,201,45,3,500000.00,ธุรกิจส่วนตัว,1,ปิดบัญชีแล้ว,23,0
L-31689,2025-09-10,29400.57,0.357,199,31,4,100000.00,พนักงานประจำ,2,ปกติ,15,0
L-20022,2025-09-11,46271.35,0.395,9,48,4,300000.00,อาชีพอิสระ,2,ปกติ,18,0
L-20271,2025-09-11,38847.69,0.422,40,53,3,100000.00,ธุรกิจส่วนตัว,2,ปกติ,18,0
L-23882,2025-09-11,39649.09,0.345,75,58,0,200000.00,พนักงานประจำ,2,ปิดบัญชีแล้ว,23,0
L-25658,2025-09-11,63622.57,0.311,180,53,4,150000.00,ธุรกิจส่วนตัว,0,ปกติ,5,0
L-26234,2025-09-11,9000.00,0.284,54,23,5,300000.00,อาชีพอิสระ,10,ค้างชำระ,136,1
L-28562,2025-09-11,44430.45,0.482,1,28,6,100000.00,ธุรกิจส่วนตัว,2,ปกติ,4,0
L-31324,2025-09-11,9000.00,0.46,228,29,0,200000.00,พนักงานประจำ,0,ปกติ,29,0
L-31645,2025-09-11,64318.35,0.204,150,24,3,50000.00,ข้าราชการ,2,ปกติ,14,0
L-20116,2025-09-12,34341.12,0.02,63,60,6,100000.00,อาชีพอิสระ,2,ปิดบัญชีแล้ว,3,0
L-20302,2025-09-12,33658.83,0.446,214,43,3,300000.00,ธุรกิจส่วนตัว,1,ปกติ,3,0
L-20994,2025-09-12,38057.01,0.391,210,38,2,500000.00,ข้าราชการ,1,ปกติ,14,0
L-21436,2025-09-12,18285.48,0.266,70,36,6,150000.00,พนักงานประจำ,2,ปกติ,25,0
L-23392,2025-09-12,70495.54,0.555,194,41,3,200000.00,ธุรกิจส่วนตัว,3,ค้างชำระ,110,1
L-23683,2025-09-12,64646.86,0.438,13,44,2,300000.00,พนักงานประจำ,13,ค้างชำระ,173,1
L-25053,2025-09-12,28611.05,0.303,219,61,1,100000.00,ข้าราชการ,2,ปิดบัญชีแล้ว,6,0
L-25306,2025-09-12,23810.28,0.513,90,48,1,500000.00,ข้าราชการ,0,ปกติ,20,0
L-26520,2025-09-12,28786.17,0.878,107,48,3,100000.00,ข้าราชการ,14,ค้างชำระ,69,1
L-26633,2025-09-12,36931.31,0.594,88,39,0,50000.00,ธุรกิจส่วนตัว,2,ปิดบัญชีแล้ว,11,0
L-27007,2025-09-12,32814.53,0.452,83,49,1,150000.00,อาชีพอิสระ,0,ปกติ,24,0
L-27854,2025-09-12,40170.13,0.213,213,25,5,50000.00,พนักงานประจำ,2,ปกติ,27,0
L-29082,2025-09-12,28261.34,0.324,224,26,6,50000.00,ข้าราชการ,1,ปิดบัญชีแล้ว,5,0
L-29824,2025-09-12,48268.16,0.818,55,31,0,100000.00,ข้าราชการ,8,ค้างชำระ,175,1
L-30688,2025-09-12,16814.58,0.357,116,47,4,200000.00,ธุรกิจส่วนตัว,1,ปกติ,2,0
L-31017,2025-09-12,32129.99,0.343,193,46,0,500000.00,พนักงานประจำ,0,ปกติ,25,0
L-20906,2025-09-13,9441.53,0.06,158,45,3,300000.00,ธุรกิจส่วนตัว,1,ปกติ,6,0
L-23243,2025-09-13,35661.48,0.09,137,42,0,150000.00,อาชีพอิสระ,0,ปิดบัญชีแล้ว,19,0
L-24039,2025-09-13,23113.38,0.635,52,48,0,150000.00,ธุรกิจส่วนตัว,0,ปกติ,13,0
L-24195,2025-09-13,66211.32,0.584,207,26,1,500000.00,ธุรกิจส่วนตัว,1,ปกติ,4,0
L-27307,2025-09-13,29818.39,0.358,78,32,6,100000.00,พนักงานประจำ,2,ปกติ,5,0
L-27810,2025-09-13,13436.57,0.111,164,45,0,50000.00,อาชีพอิสระ,2,ปกติ,18,0
L-28349,2025-09-13,49410.18,0.251,141,65,2,300000.00,พนักงานประจำ,2,ปิดบัญชีแล้ว,4,0
L-29870,2025-09-13,37496.38,0.249,194,46,2,500000.00,ธุรกิจส่วนตัว,0,ปกติ,1,0
L-31240,2025-09-13,40159.89,0.534,195,24,2,50000.00,ธุรกิจส่วนตัว,0,ปกติ,30,0
L-21131,2025-09-14,39060.02,0.579,0,49,3,500000.00,พนักงานประจำ,2,ปกติ,7,0
L-22579,2025-09-14,30802.39,0.305,101,36,0,500000.00,พนักงานประจำ,1,ปกติ,10,0
L-22750,2025-09-14,33073.03,0.17,12,61,3,100000.00,พนักงานประจำ,2,ปกติ,6,0
L-23148,2025-09-14,22120.57,0.616,102,47,6,500000.00,ธุรกิจส่วนตัว,1,ปกติ,21,0
L-23874,2025-09-14,23076.45,0.515,18,62,3,200000.00,พนักงานประจำ,0,ปิดบัญชีแล้ว,6,0
L-23901,2025-09-14,12389.85,0.488,202,39,2,150000.00,พนักงานประจำ,1,ปิดบัญชีแล้ว,26,0
L-25953,2025-09-14,9000.00,0.345,87,42,0,150000.00,ข้าราชการ,0,ปกติ,17,0
L-27567,2025-09-14,34798.04,0.315,160,32,3,150000.00,ข้าราชการ,2,ปกติ,1,0
L-28158,2025-09-14,10146.31,0.416,187,53,4,300000.00,ธุรกิจส่วนตัว,1,ปิดบัญชีแล้ว,26,0
L-30540,2025-09-14,30872.57,0.528,199,22,0,150000.00,ธุรกิจส่วนตัว,0,ปกติ,9,0
L-30611,2025-09-14,53540.68,0.408,122,30,1,50000.00,อาชีพอิสระ,11,ค้างชำระ,164,1
L-30842,2025-09-14,45540.46,0.257,6,36,3,100000.00,อาชีพอิสระ,0,ปกติ,9,0
L-20137,2025-09-15,51390.74,0.212,99,35,5,50000.00,ข้าราชการ,1,ปกติ,19,0
L-20908,2025-09-15,9000.00,0.196,13,32,5,200000.00,ธุรกิจส่วนตัว,2,ปกติ,24,0
L-21472,2025-09-15,11849.40,0.599,14,27,3,200000.00,อาชีพอิสระ,2,ปกติ,16,0
L-21519,2025-09-15,12499.78,0.158,14,49,0,150000.00,อาชีพอิสระ,1,ปกติ,6,0
L-22296,2025-09-15,58112.38,0.158,187,59,1,100000.00,พนักงานประจำ,2,ปกติ,30,0
L-22509,2025-09-15,20651.34,0.45,224,42,4,150000.00,ข้าราชการ,2,ปกติ,14,0
L-24098,2025-09-15,15238.42,0.519,204,56,2,200000.00,ข้าราชการ,0,ปกติ,20,0
L-25058,2025-09-15,36933.55,0.612,136,23,4,100000.00,อาชีพอิสระ,2,ปกติ,18,0
L-27034,2025-09-15,40899.52,0.464,66,58,6,200000.00,ข้าราชการ,1,ปกติ,22,0
L-29342,2025-09-15,24147.10,0.377,211,37,1,100000.00,อาชีพอิสระ,2,ปกติ,1,0
L-30297,2025-09-15,54548.22,0.11,57,65,6,150000.00,พนักงานประจำ,0,ปกติ,7,0
L-30341,2025-09-15,31958.61,0.312,188,51,6,100000.00,ข้าราชการ,1,ปกติ,24,0
L-31250,2025-09-15,42635.80,0.257,118,63,4,300000.00,อาชีพอิสระ,8,ค้างชำระ,154,1
L-20599,2025-09-16,42985.75,0.322,183,23,3,150000.00,ธุรกิจส่วนตัว,0,ปกติ,19,0
L-20637,2025-09-16,46253.34,0.428,72,38,5,100000.00,พนักงานประจำ,4,ค้างชำระ,151,1
L-20733,2025-09-16,21380.61,0.254,231,21,6,200000.00,อาชีพอิสระ,1,ปกติ,18,0
L-20810,2025-09-16,44936.60,0.407,196,47,6,150000.00,ข้าราชการ,0,ปกติ,24,0
L-21659,2025-09-16,13825.80,0.451,236,26,6,300000.00,อาชีพอิสระ,3,ค้างชำระ,93,1
L-23138,2025-09-16,46852.54,0.372,64,52,3,300000.00,ข้าราชการ,1,ปกติ,19,0
L-24103,2025-09-16,34951.82,0.501,236,27,1,300000.00,ข้าราชการ,1,ปกติ,27,0
L-24404,2025-09-16,35880.25,0.454,1,37,5,150000.00,ธุรกิจส่วนตัว,1,ปิดบัญชีแล้ว,29,0
L-24459,2025-09-16,51978.71,0.647,233,21,3,300000.00,อาชีพอิสระ,13,ค้างชำระ,95,1
L-25844,2025-09-16,28522.27,0.323,152,51,6,150000.00,ข้าราชการ,1,ปิดบัญชีแล้ว,24,0
L-26422,2025-09-16,38281.25,0.213,163,63,6,200000.00,พนักงานประจำ,2,ปิดบัญชีแล้ว,20,0
L-26545,2025-09-16,44822.59,0.332,59,22,0,150000.00,ธุรกิจส่วนตัว,2,ปิดบัญชีแล้ว,29,0
L-27114,2025-09-16,9000.00,0.316,63,40,1,300000.00,พนักงานประจำ,0,ปกติ,6,0
L-27291,2025-09-16,46306.94,0.386,221,55,3,200000.00,ธุรกิจส่วนตัว,1,ปกติ,20,0
L-27413,2025-09-16,39241.00,0.355,67,22,1,150000.00,ข้าราชการ,0,ปิดบัญชีแล้ว,17,0
L-28103,2025-09-16,17320.94,0.353,41,33,6,300000.00,พนักงานประจำ,1,ปิดบัญชีแล้ว,30,0
L-28320,2025-09-16,24003.34,0.27,88,52,6,50000.00,พนักงานประจำ,0,ปกติ,29,0
L-28710,2025-09-16,26873.68,0.689,216,48,0,150000.00,อาชีพอิสระ,1,ปกติ,3,0
L-29290,2025-09-16,48556.56,0.402,212,58,4,200000.00,พนักงานประจำ,1,ปิดบัญชีแล้ว,2,0
L-29617,2025-09-16,26032.45,0.363,77,40,1,50000.00,ข้าราชการ,2,ปิดบัญชีแล้ว,17,0
L-31282,2025-09-16,22567.00,0.342,14,56,1,50000.00,อาชีพอิสระ,0,ปกติ,25,0
L-31664,2025-09-16,48558.11,0.117,221,65,0,150000.00,ธุรกิจส่วนตัว,1,ปกติ,1,0
L-20751,2025-09-17,46282.33,0.132,20,21,3,50000.00,อาชีพอิสระ,2,ปิดบัญชีแล้ว,28,0
L-22216,2025-09-17,32998.59,0.308,170,30,5,150000.00,ธุรกิจส่วนตัว,1,ปิดบัญชีแล้ว,24,0
L-22510,2025-09-17,25026.61,0.465,60,56,6,500000.00,อาชีพอิสระ,0,ปกติ,19,0
L-22645,2025-09-17,23934.14,0.24,220,43,2,500000.00,อาชีพอิสระ,2,ปกติ,3,0
L-23542,2025-09-17,53477.79,0.574,66,54,6,200000.00,ข้าราชการ,0,ปกติ,29,0
L-23849,2025-09-17,45438.19,0.359,102,56,3,50000.00,ข้าราชการ,1,ปกติ,20,0
L-24296,2025-09-17,23873.60,0.673,38,63,5,150000.00,พนักงานประจำ,13,ค้างชำระ,64,1
L-24752,2025-09-17,37957.84,0.568,170,30,4,50000.00,อาชีพอิสระ,1,ปิดบัญชีแล้ว,23,0
L-27115,2025-09-17,38030.36,0.319,27,35,3,150000.00,พนักงานประจำ,2,ปิดบัญชีแล้ว,6,0
L-28731,2025-09-17,49758.63,0.488,141,36,0,500000.00,ข้าราชการ,0,ปิดบัญชีแล้ว,4,0
L-29417,2025-09-17,45160.05,0.034,205,31,4,50000.00,อาชีพอิสระ,2,ปิดบัญชีแล้ว,11,0
L-30176,2025-09-17,29876.21,0.344,232,41,0,200000.00,ข้าราชการ,2,ปิดบัญชีแล้ว,18,0
L-30324,2025-09-17,25846.19,0.293,178,55,3,150000.00,ธุรกิจส่วนตัว,1,ปกติ,8,0
L-30449,2025-09-17,9000.00,0.373,57,29,0,300000.00,ข้าราชการ,1,ปกติ,6,0
L-31135,2025-09-17,52860.33,0.339,122,24,1,300000.00,อาชีพอิสระ,0,ปกติ,23,0
L-31766,2025-09-17,13202.45,0.212,117,65,5,500000.00,ธุรกิจส่วนตัว,1,ปกติ,18,0
L-20161,2025-09-18,40884.54,0.181,220,45,2,200000.00,ธุรกิจส่วนตัว,2,ปกติ,0,0
L-20273,2025-09-18,46881.64,0.168,21,35,2,100000.00,ธุรกิจส่วนตัว,1,ปิดบัญชีแล้ว,22,0
L-20964,2025-09-18,28937.43,0.408,133,44,2,100000.00,อาชีพอิสระ,1,ปกติ,4,0
L-22282,2025-09-18,33801.27,0.243,88,37,3,50000.00,ธุรกิจส่วนตัว,1,ปกติ,22,0
L-26526,2025-09-18,35901.73,0.144,12,51,5,200000.00,พนักงานประจำ,0,ปกติ,10,0
L-29065,2025-09-18,18297.77,0.18,148,21,5,300000.00,อาชีพอิสระ,1,ปกติ,26,0
L-29404,2025-09-18,36510.96,0.379,72,38,5,50000.00,ธุรกิจส่วนตัว,1,ปกติ,7,0
L-31271,2025-09-18,35543.27,0.502,236,44,4,100000.00,ธุรกิจส่วนตัว,0,ปกติ,0,0
L-31663,2025-09-18,28809.95,0.359,150,37,4,200000.00,ข้าราชการ,0,ปกติ,1,0
L-31913,2025-09-18,10097.61,0.538,70,49,2,200000.00,อาชีพอิสระ,1,ปกติ,25,0
L-20151,2025-09-19,48454.03,0.739,192,27,2,50000.00,ข้าราชการ,1,ปิดบัญชีแล้ว,5,0
L-20304,2025-09-19,9153.78,0.033,37,50,1,50000.00,ธุรกิจส่วนตัว,0,ปกติ,24,0
L-21478,2025-09-19,33179.51,0.329,23,40,6,100000.00,อาชีพอิสระ,11,ค้างชำระ,155,1
L-22246,2025-09-19,42434.37,0.317,223,28,2,300000.00,ข้าราชการ,1,ปกติ,5,0
L-22966,2025-09-19,16608.22,0.335,174,53,0,150000.00,ข้าราชการ,2,ปิดบัญชีแล้ว,15,0
L-26831,2025-09-19,34999.29,0.13,10,24,2,500000.00,อาชีพอิสระ,0,ปิดบัญชีแล้ว,22,0
L-27248,2025-09-19,38142.11,0.431,238,43,1,100000.00,ข้าราชการ,2,ปกติ,9,0
L-27289,2025-09-19,23246.24,0.309,197,59,3,50000.00,อาชีพอิสระ,2,ปกติ,13,0
L-28282,2025-09-19,29147.91,0.469,201,49,3,300000.00,พนักงานประจำ,1,ปกติ,16,0
L-28778,2025-09-19,34567.58,0.781,192,48,4,150000.00,อาชีพอิสระ,2,ปิดบัญชีแล้ว,6,0
L-28902,2025-09-19,47997.53,0.4,48,30,2,100000.00,ข้าราชการ,2,ปกติ,6,0
L-29372,2025-09-19,38147.01,0.486,225,56,3,50000.00,ข้าราชการ,1,ปิดบัญชีแล้ว,28,0
L-31782,2025-09-19,24636.15,0.641,47,56,5,100000.00,อาชีพอิสระ,2,ปกติ,21,0
L-21217,2025-09-20,43161.43,0.42,16,22,0,50000.00,พนักงานประจำ,1,ปกติ,12,0
L-24609,2025-09-20,34954.47,0.499,47,27,1,100000.00,พนักงานประจำ,2,ปกติ,10,0
L-25234,2025-09-20,35788.34,0.373,82,65,4,500000.00,อาชีพอิสระ,2,ปกติ,8,0
L-25803,2025-09-20,33100.95,0.221,49,33,3,300000.00,พนักงานประจำ,2,ปกติ,4,0
L-26085,2025-09-20,31898.25,0.521,153,55,5,100000.00,ธุรกิจส่วนตัว,6,ค้างชำระ,162,1
L-26300,2025-09-20,40061.05,0.319,21,27,3,50000.00,พนักงานประจำ,1,ปกติ,8,0
L-26375,2025-09-20,48995.27,0.366,61,52,5,50000.00,พนักงานประจำ,0,ปิดบัญชีแล้ว,7,0
L-26451,2025-09-20,29540.53,0.561,62,38,0,150000.00,พนักงานประจำ,0,ปิดบัญชีแล้ว,13,0
L-28827,2025-09-20,58662.82,0.02,147,57,6,200000.00,พนักงานประจำ,0,ปกติ,27,0
L-30939,2025-09-20,33233.45,0.461,131,38,2,500000.00,ข้าราชการ,2,ปกติ,4,0
L-20180,2025-09-21,40832.66,0.135,66,34,4,200000.00,ธุรกิจส่วนตัว,1,ปกติ,10,0
L-24453,2025-09-21,9000.00,0.31,199,30,5,100000.00,ข้าราชการ,1,ปกติ,21,0
L-25302,2025-09-21,31274.08,0.302,69,63,6,150000.00,อาชีพอิสระ,0,ปกติ,29,0
L-25388,2025-09-21,25851.61,0.293,178,32,3,300000.00,อาชีพอิสระ,2,ปกติ,27,0
L-26652,2025-09-21,31216.30,0.538,226,52,4,100000.00,ธุรกิจส่วนตัว,1,ปกติ,21,0
L-28851,2025-09-21,34542.93,0.256,9,35,5,200000.00,ข้าราชการ,0,ปกติ,20,0
L-29636,2025-09-21,44311.43,0.066,166,41,1,150000.00,ธุรกิจส่วนตัว,2,ปกติ,2,0
L-30001,2025-09-21,30901.52,0.373,43,40,2,50000.00,พนักงานประจำ,1,ปกติ,9,0
L-30452,2025-09-21,29920.00,0.527,211,45,3,300000.00,ธุรกิจส่วนตัว,0,ปกติ,24,0
L-30575,2025-09-21,30679.80,0.469,179,24,1,150000.00,ธุรกิจส่วนตัว,2,ปกติ,23,0
L-31338,2025-09-21,37193.93,0.177,124,28,4,300000.00,ธุรกิจส่วนตัว,0,ปกติ,10,0
L-20442,2025-09-22,26547.58,0.452,101,61,4,500000.00,ข้าราชการ,2,ปิดบัญชีแล้ว,2,0
L-21424,2025-09-22,39516.14,0.048,11,37,3,200000.00,อาชีพอิสระ,2,ปกติ,20,0
L-22927,2025-09-22,33951.15,0.463,28,63,5,300000.00,พนักงานประจำ,2,ปกติ,21,0
L-23986,2025-09-22,55915.45,0.326,214,31,3,100000.00,ข้าราชการ,2,ปกติ,4,0
L-25506,2025-09-22,36357.52,0.241,197,54,1,200000.00,ข้าราชการ,0,ปกติ,29,0
L-27648,2025-09-22,50561.24,0.303,162,27,1,300000.00,อาชีพอิสระ,2,ปิดบัญชีแล้ว,4,0
L-27818,2025-09-22,45220.41,0.294,108,42,5,50000.00,พนักงานประจำ,2,ปกติ,7,0
L-27831,2025-09-22,29977.47,0.141,41,61,3,50000.00,ธุรกิจส่วนตัว,0,ปกติ,11,0
L-29066,2025-09-22,40163.64,0.438,208,36,4,150000.00,ข้าราชการ,0,ปกติ,7,0
L-29322,2025-09-22,40518.54,0.428,156,60,6,50000.00,พนักงานประจำ,6,ค้างชำระ,158,1
L-31426,2025-09-22,41302.33,0.529,213,40,0,150000.00,พนักงานประจำ,1,ปกติ,18,0
L-31527,2025-09-22,41700.45,0.617,87,55,5,500000.00,ข้าราชการ,1,ปิดบัญชีแล้ว,19,0
L-20383,2025-09-23,16810.92,0.468,200,28,3,200000.00,พนักงานประจำ,4,ค้างชำระ,169,1
L-20726,2025-09-23,45845.60,0.393,1,33,1,150000.00,พนักงานประจำ,7,ค้างชำระ,45,1
L-21560,2025-09-23,47853.91,0.43,124,54,1,150000.00,พนักงานประจำ,0,ปกติ,2,0
L-22642,2025-09-23,18863.85,0.032,214,60,1,300000.00,พนักงานประจำ,0,ปิดบัญชีแล้ว,11,0
L-23595,2025-09-23,39565.65,0.462,239,50,2,50000.00,ข้าราชการ,1,ปกติ,29,0
L-24131,2025-09-23,48454.84,0.351,138,21,3,200000.00,ข้าราชการ,2,ปกติ,2,0
L-25279,2025-09-23,15649.68,0.173,141,48,5,100000.00,พนักงานประจำ,0,ปิดบัญชีแล้ว,17,0
L-25561,2025-09-23,14038.92,0.147,125,56,5,150000.00,ธุรกิจส่วนตัว,0,ปกติ,28,0
L-27542,2025-09-23,34247.87,0.486,202,22,0,300000.00,ธุรกิจส่วนตัว,1,ปกติ,25,0
L-27732,2025-09-23,46636.98,0.451,238,37,1,300000.00,ข้าราชการ,0,ปกติ,6,0
L-28818,2025-09-23,38388.79,0.459,50,29,2,300000.00,ธุรกิจส่วนตัว,2,ปิดบัญชีแล้ว,13,0
L-29631,2025-09-23,9000.00,0.303,22,60,1,50000.00,พนักงานประจำ,1,ปิดบัญชีแล้ว,6,0
L-22882,2025-09-24,44188.39,0.303,181,38,6,150000.00,อาชีพอิสระ,0,ปกติ,8,0
L-23011,2025-09-24,52184.74,0.571,161,52,5,100000.00,อาชีพอิสระ,0,ปกติ,6,0
L-24871,2025-09-24,13616.92,0.577,45,47,0,200000.00,ข้าราชการ,3,ค้างชำระ,143,1
L-26059,2025-09-24,21719.50,0.739,13,25,1,150000.00,อาชีพอิสระ,2,ปกติ,5,0
L-27581,2025-09-24,26174.75,0.661,185,55,6,150000.00,พนักงานประจำ,0,ปิดบัญชีแล้ว,5,0
L-27584,2025-09-24,36648.54,0.367,95,58,4,200000.00,พนักงานประจำ,0,ปกติ,8,0
L-27651,2025-09-24,43651.60,0.625,211,42,2,200000.00,ธุรกิจส่วนตัว,6,ค้างชำระ,162,1
L-29458,2025-09-24,42419.09,0.211,198,54,5,100000.00,ธุรกิจส่วนตัว,2,ปกติ,3,0
L-29545,2025-09-24,48131.38,0.583,47,55,0,100000.00,อาชีพอิสระ,10,ค้างชำระ,151,1
L-30284,2025-09-24,23945.95,0.453,204,51,4,100000.00,พนักงานประจำ,1,ปกติ,13,0
L-31731,2025-09-24,52217.19,0.245,73,60,2,150000.00,พนักงานประจำ,2,ปิดบัญชีแล้ว,22,0
L-31807,2025-09-24,21256.01,0.092,28,47,6,300000.00,พนักงานประจำ,0,ปิดบัญชีแล้ว,29,0
L-21335,2025-09-25,42383.66,0.327,100,54,3,100000.00,ข้าราชการ,1,ปกติ,8,0
L-24767,2025-09-25,22173.49,0.595,70,62,4,200000.00,พนักงานประจำ,0,ปิดบัญชีแล้ว,2,0
L-27108,2025-09-25,33841.76,0.105,42,43,4,100000.00,ธุรกิจส่วนตัว,0,ปิดบัญชีแล้ว,6,0
L-27859,2025-09-25,41743.74,0.406,203,39,0,300000.00,อาชีพอิสระ,2,ปกติ,20,0
L-28023,2025-09-25,58473.73,0.039,48,38,1,500000.00,อาชีพอิสระ,1,ปกติ,16,0
L-31052,2025-09-25,20901.70,0.544,145,52,4,50000.00,ข้าราชการ,1,ปกติ,17,0
L-20650,2025-09-26,10617.42,0.227,126,63,1,200000.00,ธุรกิจส่วนตัว,0,ปกติ,0,0
L-21398,2025-09-26,16994.27,0.402,76,38,1,500000.00,ธุรกิจส่วนตัว,9,ค้างชำระ,96,1
L-23691,2025-09-26,34871.71,0.097,31,48,1,100000.00,ข้าราชการ,2,ปกติ,28,0
L-23782,2025-09-26,37316.95,0.594,24,25,1,300000.00,พนักงานประจำ,0,ปกติ,29,0
L-24458,2025-09-26,25835.84,0.237,187,23,0,200000.00,ธุรกิจส่วนตัว,0,ปกติ,26,0
L-24564,2025-09-26,53311.87,0.595,200,40,0,300000.00,พนักงานประจำ,2,ปกติ,5,0
L-26299,2025-09-26,27465.66,0.286,19,24,3,500000.00,ธุรกิจส่วนตัว,1,ปกติ,2,0
L-26345,2025-09-26,9000.00,0.753,239,64,5,300000.00,ธุรกิจส่วนตัว,0,ปกติ,12,0
L-28465,2025-09-26,9000.00,0.137,189,62,1,100000.00,พนักงานประจำ,2,ปกติ,17,0
L-30172,2025-09-26,39391.28,0.25,144,59,5,500000.00,ข้าราชการ,2,ปิดบัญชีแล้ว,20,0
L-30777,2025-09-26,11627.08,0.059,164,53,6,200000.00,ข้าราชการ,2,ปกติ,6,0
L-31234,2025-09-26,30042.13,0.542,77,31,4,100000.00,ข้าราชการ,1,ปกติ,0,0
L-21591,2025-09-27,20850.02,0.246,15,60,1,150000.00,ธุรกิจส่วนตัว,3,ค้างชำระ,97,1
L-22245,2025-09-27,9000.00,0.459,55,47,5,150000.00,ธุรกิจส่วนตัว,0,ปิดบัญชีแล้ว,19,0
L-23017,2025-09-27,16420.13,0.398,111,33,5,500000.00,ข้าราชการ,1,ปกติ,15,0
L-24019,2025-09-27,29301.03,0.382,237,29,2,500000.00,อาชีพอิสระ,11,ค้างชำระ,164,1
L-25052,2025-09-27,38837.86,0.515,113,26,3,300000.00,อาชีพอิสระ,2,ปิดบัญชีแล้ว,12,0
L-28449,2025-09-27,24470.63,0.37,121,39,2,200000.00,ข้าราชการ,0,ปกติ,18,0
L-28820,2025-09-27,58342.31,0.377,179,35,0,50000.00,พนักงานประจำ,1,ปกติ,23,0
L-29508,2025-09-27,37593.90,0.545,67,34,5,500000.00,ข้าราชการ,3,ค้างชำระ,164,1
L-29547,2025-09-27,38562.08,0.626,88,32,4,500000.00,ธุรกิจส่วนตัว,2,ปิดบัญชีแล้ว,5,0
L-30373,2025-09-27,45909.42,0.95,142,51,2,100000.00,ข้าราชการ,0,ปิดบัญชีแล้ว,23,0
L-31558,2025-09-27,24533.05,0.022,63,33,3,200000.00,ธุรกิจส่วนตัว,0,ปกติ,6,0
