transaction_id,txn_date,item
T-200000,2025-07-25,กาแฟสด
T-200000,2025-07-25,น้ำดื่ม
T-200000,2025-07-25,เบียร์
T-200001,2025-07-15,ถุงพลาสติก
T-200001,2025-07-15,น้ำดื่ม
T-200002,2025-07-20,กาแฟสด
T-200002,2025-07-20,เบียร์
T-200002,2025-07-20,ไข่ไก่
T-200003,2025-07-23,กาแฟสด
T-200003,2025-07-23,ขนมปัง
T-200003,2025-07-23,ถุงพลาสติก
T-200004,2025-07-27,ถุงพลาสติก
T-200004,2025-07-27,นมสด
T-200004,2025-07-27,ไข่ไก่
T-200005,2025-08-03,บะหมี่กึ่งสำเร็จรูป
T-200006,2025-09-26,ขนมปัง
T-200006,2025-09-26,ชาเขียว
T-200006,2025-09-26,บะหมี่กึ่งสำเร็จรูป
T-200007,2025-08-07,ขนมปัง
T-200007,2025-08-07,ถุงพลาสติก
T-200007,2025-08-07,ผ้าอ้อม
T-200007,2025-08-07,ผ้าเช็ดทำความสะอาด
T-200008,2025-07-21,ชาเขียว
T-200008,2025-07-21,นมสด
T-200008,2025-07-21,มันฝรั่งทอด
T-200008,2025-07-21,เบียร์
T-200008,2025-07-21,ไข่ไก่
T-200009,2025-07-11,ขนมปัง
T-200009,2025-07-11,ถุงพลาสติก
T-200009,2025-07-11,บะหมี่กึ่งสำเร็จรูป
T-200009,2025-07-11,เบียร์
T-200010,2025-07-19,ถุงพลาสติก
T-200010,2025-07-19,นมสด
T-200010,2025-07-19,น้ำดื่ม
T-200010,2025-07-19,แชมพู
T-200011,2025-09-07,ชาเขียว
T-200011,2025-09-07,ถุงพลาสติก
T-200012,2025-08-25,ขนมปัง
T-200012,2025-08-25,ถุงพลาสติก
T-200012,2025-08-25,นมสด
T-200013,2025-07-16,กาแฟสด
T-200013,2025-07-16,ขนมปัง
T-200013,2025-07-16,ถุงพลาสติก
T-200013,2025-07-16,บะหมี่กึ่งสำเร็จรูป
T-200013,2025-07-16,ผ้าอ้อม
T-200013,2025-07-16,ผ้าเช็ดทำความสะอาด
T-200014,2025-08-18,ถุงพลาสติก
T-200014,2025-08-18,นมสด
T-200014,2025-08-18,แชมพู
T-200015,2025-09-27,ขนมปัง
T-200015,2025-09-27,ชาเขียว
T-200015,2025-09-27,มันฝรั่งทอด
T-200015,2025-09-27,เบียร์
T-200015,2025-09-27,ไข่ไก่
T-200016,2025-07-04,ขนมปัง
T-200016,2025-07-04,ถุงพลาสติก
T-200016,2025-07-04,น้ำดื่ม
T-200016,2025-07-04,เบียร์
T-200017,2025-07-15,ขนมปัง
T-200017,2025-07-15,ถุงพลาสติก
T-200017,2025-07-15,น้ำดื่ม
T-200017,2025-07-15,มันฝรั่งทอด
T-200018,2025-07-22,กาแฟสด
T-200018,2025-07-22,ถุงพลาสติก
T-200018,2025-07-22,ผ้าอ้อม
T-200018,2025-07-22,ผ้าเช็ดทำความสะอาด
T-200018,2025-07-22,มันฝรั่งทอด
T-200018,2025-07-22,ไข่ไก่
T-200019,2025-08-25,ถุงพลาสติก
T-200019,2025-08-25,บะหมี่กึ่งสำเร็จรูป
T-200020,2025-09-23,ขนมปัง
T-200020,2025-09-23,แชมพู
T-200021,2025-07-02,กาแฟสด
T-200021,2025-07-02,ขนมปัง
T-200021,2025-07-02,ถุงพลาสติก
T-200021,2025-07-02,บะหมี่กึ่งสำเร็จรูป
T-200021,2025-07-02,ผ้าอ้อม
T-200021,2025-07-02,ผ้าเช็ดทำความสะอาด
T-200021,2025-07-02,เบียร์
T-200022,2025-07-16,ถุงพลาสติก
T-200022,2025-07-16,นมสด
T-200022,2025-07-16,ไข่ไก่
T-200023,2025-09-04,ชาเขียว
T-200023,2025-09-04,บะหมี่กึ่งสำเร็จรูป
T-200023,2025-09-04,มันฝรั่งทอด
T-200023,2025-09-04,เบียร์
T-200024,2025-08-13,ขนมปัง
T-200024,2025-08-13,ถุงพลาสติก
T-200024,2025-08-13,นมสด
T-200024,2025-08-13,ผ้าเช็ดทำความสะอาด
T-200025,2025-08-14,กาแฟสด
T-200025,2025-08-14,ถุงพลาสติก
T-200025,2025-08-14,นมสด
T-200026,2025-09-25,ถุงพลาสติก
T-200026,2025-09-25,น้ำดื่ม
T-200026,2025-09-25,เบียร์
T-200026,2025-09-25,แชมพู
T-200027,2025-07-30,กาแฟสด
T-200027,2025-07-30,ถุงพลาสติก
T-200027,2025-07-30,น้ำดื่ม
T-200027,2025-07-30,เบียร์
T-200027,2025-07-30,ไข่ไก่
T-200028,2025-09-17,น้ำดื่ม
T-200028,2025-09-17,บะหมี่กึ่งสำเร็จรูป
T-200028,2025-09-17,ผงซักฟอก
T-200029,2025-07-16,ขนมปัง
T-200029,2025-07-16,ถุงพลาสติก
T-200029,2025-07-16,บะหมี่กึ่งสำเร็จรูป
T-200030,2025-07-01,ชาเขียว
T-200031,2025-07-23,ถุงพลาสติก
T-200031,2025-07-23,น้ำดื่ม
T-200031,2025-07-23,ผงซักฟอก
T-200031,2025-07-23,ผ้าอ้อม
T-200031,2025-07-23,ผ้าเช็ดทำความสะอาด
T-200031,2025-07-23,เบียร์
T-200032,2025-09-01,ชาเขียว
T-200032,2025-09-01,ถุงพลาสติก
T-200033,2025-09-14,ขนมปัง
T-200033,2025-09-14,ถุงพลาสติก
T-200033,2025-09-14,แชมพู
T-200034,2025-08-05,ถุงพลาสติก
T-200034,2025-08-05,นมสด
T-200034,2025-08-05,บะหมี่กึ่งสำเร็จรูป
T-200034,2025-08-05,ผงซักฟอก
T-200034,2025-08-05,แชมพู
T-200035,2025-07-28,ถุงพลาสติก
T-200035,2025-07-28,ผ้าอ้อม
T-200035,2025-07-28,ผ้าเช็ดทำความสะอาด
T-200036,2025-07-23,ชาเขียว
T-200036,2025-07-23,ถุงพลาสติก
T-200036,2025-07-23,ผ้าเช็ดทำความสะอาด
T-200036,2025-07-23,แชมพู
T-200036,2025-07-23,ไข่ไก่
T-200037,2025-07-14,กาแฟสด
T-200037,2025-07-14,ถุงพลาสติก
T-200037,2025-07-14,นมสด
T-200038,2025-08-17,ถุงพลาสติก
T-200038,2025-08-17,เบียร์
T-200039,2025-09-18,ชาเขียว
T-200039,2025-09-18,บะหมี่กึ่งสำเร็จรูป
T-200039,2025-09-18,เบียร์
T-200040,2025-08-12,ถุงพลาสติก
T-200040,2025-08-12,บะหมี่กึ่งสำเร็จรูป
T-200040,2025-08-12,ผ้าเช็ดทำความสะอาด
T-200040,2025-08-12,เบียร์
T-200041,2025-08-09,ชาเขียว
T-200041,2025-08-09,ถุงพลาสติก
T-200041,2025-08-09,นมสด
T-200042,2025-09-07,ขนมปัง
T-200042,2025-09-07,ผ้าอ้อม
T-200043,2025-09-17,กาแฟสด
T-200043,2025-09-17,ถุงพลาสติก
T-200043,2025-09-17,นมสด
T-200043,2025-09-17,น้ำดื่ม
T-200043,2025-09-17,บะหมี่กึ่งสำเร็จรูป
T-200043,2025-09-17,มันฝรั่งทอด
T-200043,2025-09-17,เบียร์
T-200043,2025-09-17,แชมพู
T-200044,2025-09-26,กาแฟสด
T-200044,2025-09-26,ผ้าอ้อม
T-200044,2025-09-26,ผ้าเช็ดทำความสะอาด
T-200044,2025-09-26,มันฝรั่งทอด
T-200045,2025-09-26,กาแฟสด
T-200045,2025-09-26,ถุงพลาสติก
T-200045,2025-09-26,เบียร์
T-200046,2025-09-28,ขนมปัง
T-200046,2025-09-28,ชาเขียว
T-200046,2025-09-28,เบียร์
T-200046,2025-09-28,ไข่ไก่
T-200047,2025-09-23,ถุงพลาสติก
T-200047,2025-09-23,บะหมี่กึ่งสำเร็จรูป
T-200048,2025-09-20,ขนมปัง
T-200048,2025-09-20,ถุงพลาสติก
T-200049,2025-09-08,ชาเขียว
T-200049,2025-09-08,ถุงพลาสติก
T-200050,2025-09-16,ขนมปัง
T-200050,2025-09-16,ถุงพลาสติก
T-200050,2025-09-16,นมสด
T-200051,2025-07-26,กาแฟสด
T-200051,2025-07-26,ถุงพลาสติก
T-200051,2025-07-26,บะหมี่กึ่งสำเร็จรูป
T-200051,2025-07-26,มันฝรั่งทอด
T-200051,2025-07-26,ไข่ไก่
T-200052,2025-07-23,ขนมปัง
T-200052,2025-07-23,ถุงพลาสติก
T-200052,2025-07-23,บะหมี่กึ่งสำเร็จรูป
T-200052,2025-07-23,เบียร์
T-200052,2025-07-23,แชมพู
T-200053,2025-08-18,ถุงพลาสติก
T-200053,2025-08-18,นมสด
T-200053,2025-08-18,น้ำดื่ม
T-200053,2025-08-18,มันฝรั่งทอด
T-200054,2025-08-27,กาแฟสด
T-200054,2025-08-27,ถุงพลาสติก
T-200054,2025-08-27,เบียร์
T-200055,2025-08-26,ถุงพลาสติก
T-200055,2025-08-26,ผงซักฟอก
T-200056,2025-07-31,ขนมปัง
T-200056,2025-07-31,ถุงพลาสติก
T-200057,2025-07-01,กาแฟสด
T-200057,2025-07-01,ถุงพลาสติก
T-200057,2025-07-01,นมสด
T-200057,2025-07-01,น้ำดื่ม
T-200057,2025-07-01,ผ้าอ้อม
T-200057,2025-07-01,ผ้าเช็ดทำความสะอาด
T-200058,2025-08-13,ถุงพลาสติก
T-200058,2025-08-13,มันฝรั่งทอด
T-200059,2025-07-31,ถุงพลาสติก
T-200059,2025-07-31,น้ำดื่ม
T-200059,2025-07-31,บะหมี่กึ่งสำเร็จรูป
T-200060,2025-09-12,เบียร์
T-200061,2025-09-24,ถุงพลาสติก
T-200061,2025-09-24,บะหมี่กึ่งสำเร็จรูป
T-200062,2025-08-20,ชาเขียว
T-200062,2025-08-20,ถุงพลาสติก
T-200062,2025-08-20,มันฝรั่งทอด
T-200063,2025-07-17,ขนมปัง
T-200063,2025-07-17,ชาเขียว
T-200063,2025-07-17,ถุงพลาสติก
T-200064,2025-09-01,ถุงพลาสติก
T-200064,2025-09-01,ผ้าเช็ดทำความสะอาด
T-200064,2025-09-01,มันฝรั่งทอด
T-200064,2025-09-01,ไข่ไก่
T-200065,2025-08-04,กาแฟสด
T-200065,2025-08-04,ถุงพลาสติก
T-200065,2025-08-04,น้ำดื่ม
T-200065,2025-08-04,บะหมี่กึ่งสำเร็จรูป
T-200065,2025-08-04,ผ้าอ้อม
T-200065,2025-08-04,ผ้าเช็ดทำความสะอาด
T-200065,2025-08-04,มันฝรั่งทอด
T-200065,2025-08-04,ไข่ไก่
T-200066,2025-08-07,กาแฟสด
T-200066,2025-08-07,ขนมปัง
T-200066,2025-08-07,ถุงพลาสติก
T-200066,2025-08-07,นมสด
T-200066,2025-08-07,ไข่ไก่
T-200067,2025-07-04,ถุงพลาสติก
T-200067,2025-07-04,ผงซักฟอก
T-200068,2025-07-14,ชาเขียว
T-200068,2025-07-14,ถุงพลาสติก
T-200068,2025-07-14,แชมพู
T-200069,2025-09-26,กาแฟสด
T-200069,2025-09-26,ขนมปัง
T-200069,2025-09-26,ถุงพลาสติก
T-200069,2025-09-26,ผงซักฟอก
T-200069,2025-09-26,มันฝรั่งทอด
T-200069,2025-09-26,แชมพู
T-200070,2025-08-03,กาแฟสด
T-200070,2025-08-03,บะหมี่กึ่งสำเร็จรูป
T-200070,2025-08-03,มันฝรั่งทอด
T-200071,2025-07-14,ถุงพลาสติก
T-200071,2025-07-14,บะหมี่กึ่งสำเร็จรูป
T-200071,2025-07-14,มันฝรั่งทอด
T-200072,2025-09-25,ขนมปัง
T-200072,2025-09-25,เบียร์
T-200072,2025-09-25,แชมพู
T-200073,2025-09-22,ถุงพลาสติก
T-200073,2025-09-22,น้ำดื่ม
T-200073,2025-09-22,มันฝรั่งทอด
T-200074,2025-07-22,กาแฟสด
T-200074,2025-07-22,ขนมปัง
T-200074,2025-07-22,ผงซักฟอก
T-200074,2025-07-22,ผ้าเช็ดทำความสะอาด
T-200074,2025-07-22,แชมพู
T-200074,2025-07-22,ไข่ไก่
T-200075,2025-09-24,กาแฟสด
T-200075,2025-09-24,ขนมปัง
T-200075,2025-09-24,ถุงพลาสติก
T-200075,2025-09-24,น้ำดื่ม
T-200076,2025-07-10,มันฝรั่งทอด
T-200076,2025-07-10,แชมพู
T-200077,2025-07-26,ถุงพลาสติก
T-200077,2025-07-26,น้ำดื่ม
T-200077,2025-07-26,ผ้าอ้อม
T-200077,2025-07-26,มันฝรั่งทอด
T-200077,2025-07-26,เบียร์
T-200077,2025-07-26,ไข่ไก่
T-200078,2025-08-03,ขนมปัง
T-200078,2025-08-03,ถุงพลาสติก
T-200078,2025-08-03,น้ำดื่ม
T-200079,2025-07-13,กาแฟสด
T-200079,2025-07-13,ขนมปัง
T-200079,2025-07-13,ถุงพลาสติก
T-200079,2025-07-13,ไข่ไก่
T-200080,2025-07-13,กาแฟสด
T-200080,2025-07-13,ถุงพลาสติก
T-200080,2025-07-13,มันฝรั่งทอด
T-200080,2025-07-13,ไข่ไก่
T-200081,2025-07-01,กาแฟสด
T-200081,2025-07-01,ขนมปัง
T-200081,2025-07-01,ถุงพลาสติก
T-200081,2025-07-01,น้ำดื่ม
T-200081,2025-07-01,บะหมี่กึ่งสำเร็จรูป
T-200082,2025-07-16,กาแฟสด
T-200082,2025-07-16,ถุงพลาสติก
T-200082,2025-07-16,นมสด
T-200082,2025-07-16,น้ำดื่ม
T-200082,2025-07-16,บะหมี่กึ่งสำเร็จรูป
T-200082,2025-07-16,ผ้าอ้อม
T-200083,2025-07-11,กาแฟสด
T-200083,2025-07-11,ถุงพลาสติก
T-200083,2025-07-11,บะหมี่กึ่งสำเร็จรูป
T-200083,2025-07-11,ไข่ไก่
T-200084,2025-08-06,ขนมปัง
T-200084,2025-08-06,นมสด
T-200084,2025-08-06,ผ้าเช็ดทำความสะอาด
T-200084,2025-08-06,แชมพู
T-200084,2025-08-06,ไข่ไก่
T-200085,2025-09-11,ถุงพลาสติก
T-200085,2025-09-11,น้ำดื่ม
T-200086,2025-07-29,กาแฟสด
T-200086,2025-07-29,ขนมปัง
T-200086,2025-07-29,ถุงพลาสติก
T-200086,2025-07-29,น้ำดื่ม
T-200086,2025-07-29,มันฝรั่งทอด
T-200087,2025-09-19,ขนมปัง
T-200087,2025-09-19,ถุงพลาสติก
T-200087,2025-09-19,ผงซักฟอก
T-200088,2025-08-18,ผงซักฟอก
T-200088,2025-08-18,เบียร์
T-200089,2025-07-06,ถุงพลาสติก
T-200089,2025-07-06,น้ำดื่ม
T-200089,2025-07-06,มันฝรั่งทอด
T-200090,2025-08-13,ถุงพลาสติก
T-200090,2025-08-13,นมสด
T-200090,2025-08-13,เบียร์
T-200091,2025-08-20,ขนมปัง
T-200091,2025-08-20,ถุงพลาสติก
T-200091,2025-08-20,มันฝรั่งทอด
T-200092,2025-08-23,น้ำดื่ม
T-200092,2025-08-23,มันฝรั่งทอด
T-200093,2025-08-18,ถุงพลาสติก
T-200093,2025-08-18,ไข่ไก่
T-200094,2025-08-30,ถุงพลาสติก
T-200094,2025-08-30,น้ำดื่ม
T-200094,2025-08-30,ผ้าอ้อม
T-200095,2025-09-12,ถุงพลาสติก
T-200095,2025-09-12,น้ำดื่ม
T-200095,2025-09-12,บะหมี่กึ่งสำเร็จรูป
T-200095,2025-09-12,เบียร์
T-200096,2025-07-11,กาแฟสด
T-200096,2025-07-11,ถุงพลาสติก
T-200096,2025-07-11,น้ำดื่ม
T-200096,2025-07-11,เบียร์
T-200096,2025-07-11,แชมพู
T-200097,2025-09-21,ถุงพลาสติก
T-200097,2025-09-21,นมสด
T-200097,2025-09-21,ผงซักฟอก
T-200098,2025-08-15,ถุงพลาสติก
T-200098,2025-08-15,น้ำดื่ม
T-200099,2025-07-21,กาแฟสด
T-200099,2025-07-21,ถุงพลาสติก
T-200099,2025-07-21,นมสด
T-200099,2025-07-21,น้ำดื่ม
T-200099,2025-07-21,ผ้าอ้อม
T-200099,2025-07-21,ผ้าเช็ดทำความสะอาด
T-200099,2025-07-21,เบียร์
T-200100,2025-09-28,ชาเขียว
T-200100,2025-09-28,ถุงพลาสติก
T-200100,2025-09-28,น้ำดื่ม
T-200100,2025-09-28,มันฝรั่งทอด
T-200101,2025-08-16,ชาเขียว
T-200101,2025-08-16,นมสด
T-200101,2025-08-16,ไข่ไก่
T-200102,2025-08-24,ถุงพลาสติก
T-200102,2025-08-24,บะหมี่กึ่งสำเร็จรูป
T-200103,2025-08-05,ถุงพลาสติก
T-200103,2025-08-05,มันฝรั่งทอด
T-200104,2025-08-11,ขนมปัง
T-200104,2025-08-11,ถุงพลาสติก
T-200104,2025-08-11,ไข่ไก่
T-200105,2025-07-21,ถุงพลาสติก
T-200105,2025-07-21,นมสด
T-200105,2025-07-21,มันฝรั่งทอด
T-200106,2025-09-24,กาแฟสด
T-200106,2025-09-24,น้ำดื่ม
T-200106,2025-09-24,บะหมี่กึ่งสำเร็จรูป
T-200106,2025-09-24,ผ้าอ้อม
T-200106,2025-09-24,ผ้าเช็ดทำความสะอาด
T-200106,2025-09-24,เบียร์
T-200107,2025-08-12,ถุงพลาสติก
T-200108,2025-07-27,กาแฟสด
T-200108,2025-07-27,ถุงพลาสติก
T-200108,2025-07-27,มันฝรั่งทอด
T-200108,2025-07-27,ไข่ไก่
T-200109,2025-08-09,ถุงพลาสติก
T-200109,2025-08-09,นมสด
T-200109,2025-08-09,แชมพู
T-200110,2025-09-01,กาแฟสด
T-200110,2025-09-01,ถุงพลาสติก
T-200111,2025-09-13,ขนมปัง
T-200111,2025-09-13,ถุงพลาสติก
T-200111,2025-09-13,เบียร์
T-200111,2025-09-13,ไข่ไก่
T-200112,2025-07-28,ชาเขียว
T-200112,2025-07-28,ถุงพลาสติก
T-200112,2025-07-28,น้ำดื่ม
T-200112,2025-07-28,มันฝรั่งทอด
T-200113,2025-07-19,กาแฟสด
T-200113,2025-07-19,ถุงพลาสติก
T-200114,2025-07-31,ถุงพลาสติก
T-200115,2025-09-28,ขนมปัง
T-200115,2025-09-28,ถุงพลาสติก
T-200115,2025-09-28,มันฝรั่งทอด
T-200115,2025-09-28,แชมพู
T-200116,2025-09-13,กาแฟสด
T-200116,2025-09-13,ถุงพลาสติก
T-200116,2025-09-13,น้ำดื่ม
T-200116,2025-09-13,แชมพู
T-200116,2025-09-13,ไข่ไก่
T-200117,2025-07-13,ขนมปัง
T-200117,2025-07-13,ถุงพลาสติก
T-200118,2025-09-05,ชาเขียว
T-200118,2025-09-05,ถุงพลาสติก
T-200118,2025-09-05,นมสด
T-200118,2025-09-05,ไข่ไก่
T-200119,2025-09-14,ขนมปัง
T-200119,2025-09-14,ถุงพลาสติก
T-200119,2025-09-14,น้ำดื่ม
T-200119,2025-09-14,ผงซักฟอก
T-200119,2025-09-14,ไข่ไก่
T-200120,2025-09-22,กาแฟสด
T-200120,2025-09-22,ถุงพลาสติก
T-200120,2025-09-22,น้ำดื่ม
T-200120,2025-09-22,บะหมี่กึ่งสำเร็จรูป
T-200120,2025-09-22,แชมพู
T-200120,2025-09-22,ไข่ไก่
T-200121,2025-09-27,ขนมปัง
T-200121,2025-09-27,ผ้าอ้อม
T-200121,2025-09-27,เบียร์
T-200122,2025-08-30,ถุงพลาสติก
T-200122,2025-08-30,มันฝรั่งทอด
T-200123,2025-08-07,กาแฟสด
T-200123,2025-08-07,ถุงพลาสติก
T-200123,2025-08-07,บะหมี่กึ่งสำเร็จรูป
T-200124,2025-07-18,ชาเขียว
T-200124,2025-07-18,ถุงพลาสติก
T-200124,2025-07-18,แชมพู
T-200125,2025-07-17,ชาเขียว
T-200125,2025-07-17,ถุงพลาสติก
T-200125,2025-07-17,มันฝรั่งทอด
T-200126,2025-07-22,ถุงพลาสติก
T-200126,2025-07-22,นมสด
T-200127,2025-07-31,ชาเขียว
T-200127,2025-07-31,ถุงพลาสติก
T-200127,2025-07-31,มันฝรั่งทอด
T-200128,2025-08-12,มันฝรั่งทอด
T-200129,2025-07-29,ถุงพลาสติก
T-200130,2025-08-07,กาแฟสด
T-200130,2025-08-07,ถุงพลาสติก
T-200130,2025-08-07,มันฝรั่งทอด
T-200130,2025-08-07,เบียร์
T-200131,2025-08-25,ขนมปัง
T-200131,2025-08-25,ชาเขียว
T-200131,2025-08-25,นมสด
T-200131,2025-08-25,บะหมี่กึ่งสำเร็จรูป
T-200132,2025-09-23,กาแฟสด
T-200132,2025-09-23,ถุงพลาสติก
T-200132,2025-09-23,นมสด
T-200132,2025-09-23,บะหมี่กึ่งสำเร็จรูป
T-200132,2025-09-23,ไข่ไก่
T-200133,2025-07-06,กาแฟสด
T-200133,2025-07-06,ถุงพลาสติก
T-200133,2025-07-06,บะหมี่กึ่งสำเร็จรูป
T-200133,2025-07-06,ไข่ไก่
T-200134,2025-07-19,กาแฟสด
T-200134,2025-07-19,ถุงพลาสติก
T-200134,2025-07-19,บะหมี่กึ่งสำเร็จรูป
T-200135,2025-07-01,ขนมปัง
T-200135,2025-07-01,นมสด
T-200135,2025-07-01,น้ำดื่ม
T-200136,2025-08-20,ขนมปัง
T-200136,2025-08-20,น้ำดื่ม
T-200136,2025-08-20,บะหมี่กึ่งสำเร็จรูป
T-200137,2025-08-25,กาแฟสด
T-200137,2025-08-25,ถุงพลาสติก
T-200137,2025-08-25,มันฝรั่งทอด
T-200137,2025-08-25,แชมพู
T-200138,2025-08-12,ขนมปัง
T-200138,2025-08-12,ถุงพลาสติก
T-200138,2025-08-12,ผงซักฟอก
T-200139,2025-07-11,ถุงพลาสติก
T-200139,2025-07-11,ผ้าอ้อม
T-200139,2025-07-11,ผ้าเช็ดทำความสะอาด
T-200139,2025-07-11,มันฝรั่งทอด
T-200139,2025-07-11,แชมพู
T-200140,2025-08-10,ถุงพลาสติก
T-200140,2025-08-10,น้ำดื่ม
T-200140,2025-08-10,บะหมี่กึ่งสำเร็จรูป
T-200140,2025-08-10,มันฝรั่งทอด
T-200141,2025-08-16,ขนมปัง
T-200141,2025-08-16,ถุงพลาสติก
T-200141,2025-08-16,นมสด
T-200141,2025-08-16,น้ำดื่ม
T-200141,2025-08-16,ผ้าอ้อม
T-200141,2025-08-16,มันฝรั่งทอด
T-200141,2025-08-16,ไข่ไก่
T-200142,2025-07-12,กาแฟสด
T-200142,2025-07-12,ถุงพลาสติก
T-200142,2025-07-12,บะหมี่กึ่งสำเร็จรูป
T-200142,2025-07-12,มันฝรั่งทอด
T-200142,2025-07-12,ไข่ไก่
T-200143,2025-07-10,ขนมปัง
T-200143,2025-07-10,ถุงพลาสติก
T-200143,2025-07-10,น้ำดื่ม
T-200143,2025-07-10,ผงซักฟอก
T-200144,2025-09-13,กาแฟสด
T-200144,2025-09-13,ขนมปัง
T-200144,2025-09-13,ถุงพลาสติก
T-200144,2025-09-13,น้ำดื่ม
T-200144,2025-09-13,ผงซักฟอก
T-200145,2025-08-28,ถุงพลาสติก
T-200145,2025-08-28,น้ำดื่ม
T-200145,2025-08-28,ผ้าอ้อม
T-200145,2025-08-28,ผ้าเช็ดทำความสะอาด
T-200145,2025-08-28,มันฝรั่งทอด
T-200146,2025-08-15,กาแฟสด
T-200146,2025-08-15,ถุงพลาสติก
T-200146,2025-08-15,นมสด
T-200146,2025-08-15,ไข่ไก่
T-200147,2025-09-02,ชาเขียว
T-200147,2025-09-02,ถุงพลาสติก
T-200147,2025-09-02,น้ำดื่ม
T-200147,2025-09-02,ผ้าอ้อม
T-200147,2025-09-02,ผ้าเช็ดทำความสะอาด
T-200147,2025-09-02,ไข่ไก่
T-200148,2025-08-07,ขนมปัง
T-200148,2025-08-07,ถุงพลาสติก
T-200149,2025-08-18,ขนมปัง
T-200149,2025-08-18,ถุงพลาสติก
T-200149,2025-08-18,ไข่ไก่
T-200150,2025-08-08,กาแฟสด
T-200150,2025-08-08,น้ำดื่ม
T-200151,2025-07-24,กาแฟสด
T-200151,2025-07-24,ขนมปัง
T-200151,2025-07-24,ถุงพลาสติก
T-200151,2025-07-24,นมสด
T-200152,2025-07-27,ขนมปัง
T-200152,2025-07-27,ถุงพลาสติก
T-200152,2025-07-27,น้ำดื่ม
T-200153,2025-08-08,ถุงพลาสติก
T-200153,2025-08-08,ผงซักฟอก
T-200154,2025-07-10,ขนมปัง
T-200154,2025-07-10,ถุงพลาสติก
T-200154,2025-07-10,นมสด
T-200154,2025-07-10,น้ำดื่ม
T-200154,2025-07-10,ไข่ไก่
T-200155,2025-09-09,ถุงพลาสติก
T-200155,2025-09-09,ผงซักฟอก
T-200155,2025-09-09,แชมพู
T-200156,2025-07-11,ถุงพลาสติก
T-200156,2025-07-11,น้ำดื่ม
T-200156,2025-07-11,ผ้าอ้อม
T-200156,2025-07-11,แชมพู
T-200156,2025-07-11,ไข่ไก่
T-200157,2025-08-16,กาแฟสด
T-200157,2025-08-16,ขนมปัง
T-200157,2025-08-16,มันฝรั่งทอด
T-200158,2025-09-20,ชาเขียว
T-200158,2025-09-20,นมสด
T-200159,2025-08-16,ถุงพลาสติก
T-200159,2025-08-16,น้ำดื่ม
T-200159,2025-08-16,มันฝรั่งทอด
T-200160,2025-09-08,ชาเขียว
T-200160,2025-09-08,ถุงพลาสติก
T-200160,2025-09-08,บะหมี่กึ่งสำเร็จรูป
T-200160,2025-09-08,ไข่ไก่
T-200161,2025-07-19,กาแฟสด
T-200161,2025-07-19,ขนมปัง
T-200161,2025-07-19,บะหมี่กึ่งสำเร็จรูป
T-200161,2025-07-19,ผ้าเช็ดทำความสะอาด
T-200161,2025-07-19,เบียร์
T-200162,2025-08-13,ถุงพลาสติก
T-200162,2025-08-13,ไข่ไก่
T-200163,2025-08-13,ถุงพลาสติก
T-200163,2025-08-13,ผ้าอ้อม
T-200163,2025-08-13,ผ้าเช็ดทำความสะอาด
T-200164,2025-07-24,ถุงพลาสติก
T-200164,2025-07-24,น้ำดื่ม
T-200164,2025-07-24,เบียร์
T-200165,2025-09-24,ถุงพลาสติก
T-200165,2025-09-24,นมสด
T-200166,2025-09-15,น้ำดื่ม
T-200167,2025-08-26,กาแฟสด
T-200167,2025-08-26,ขนมปัง
T-200167,2025-08-26,ถุงพลาสติก
T-200167,2025-08-26,นมสด
T-200167,2025-08-26,ผงซักฟอก
T-200168,2025-07-31,ขนมปัง
T-200168,2025-07-31,ถุงพลาสติก
T-200168,2025-07-31,นมสด
T-200168,2025-07-31,น้ำดื่ม
T-200169,2025-08-08,ขนมปัง
T-200169,2025-08-08,ชาเขียว
T-200169,2025-08-08,ถุงพลาสติก
T-200169,2025-08-08,น้ำดื่ม
T-200169,2025-08-08,เบียร์
T-200170,2025-09-09,กาแฟสด
T-200170,2025-09-09,นมสด
T-200170,2025-09-09,แชมพู
T-200171,2025-08-30,กาแฟสด
T-200171,2025-08-30,ขนมปัง
T-200171,2025-08-30,ถุงพลาสติก
T-200171,2025-08-30,เบียร์
T-200171,2025-08-30,แชมพู
T-200172,2025-09-11,ชาเขียว
T-200172,2025-09-11,นมสด
T-200172,2025-09-11,น้ำดื่ม
T-200172,2025-09-11,ผ้าอ้อม
T-200172,2025-09-11,ผ้าเช็ดทำความสะอาด
T-200173,2025-07-09,ขนมปัง
T-200173,2025-07-09,ถุงพลาสติก
T-200173,2025-07-09,ไข่ไก่
T-200174,2025-09-14,ชาเขียว
T-200174,2025-09-14,ถุงพลาสติก
T-200174,2025-09-14,มันฝรั่งทอด
T-200174,2025-09-14,เบียร์
T-200175,2025-08-29,กาแฟสด
T-200175,2025-08-29,ถุงพลาสติก
T-200175,2025-08-29,นมสด
T-200175,2025-08-29,เบียร์
T-200176,2025-09-09,กาแฟสด
T-200176,2025-09-09,ถุงพลาสติก
T-200176,2025-09-09,น้ำดื่ม
T-200177,2025-07-16,ชาเขียว
T-200177,2025-07-16,ถุงพลาสติก
T-200177,2025-07-16,นมสด
T-200177,2025-07-16,น้ำดื่ม
T-200177,2025-07-16,บะหมี่กึ่งสำเร็จรูป
T-200177,2025-07-16,ผ้าอ้อม
T-200177,2025-07-16,ผ้าเช็ดทำความสะอาด
T-200177,2025-07-16,ไข่ไก่
T-200178,2025-07-24,ถุงพลาสติก
T-200178,2025-07-24,น้ำดื่ม
T-200178,2025-07-24,แชมพู
T-200179,2025-08-08,กาแฟสด
T-200179,2025-08-08,นมสด
T-200179,2025-08-08,น้ำดื่ม
T-200179,2025-08-08,มันฝรั่งทอด
T-200180,2025-08-08,ชาเขียว
T-200180,2025-08-08,ถุงพลาสติก
T-200180,2025-08-08,ผงซักฟอก
T-200181,2025-08-19,กาแฟสด
T-200181,2025-08-19,ขนมปัง
T-200181,2025-08-19,น้ำดื่ม
T-200181,2025-08-19,มันฝรั่งทอด
T-200181,2025-08-19,ไข่ไก่
T-200182,2025-07-27,ชาเขียว
T-200182,2025-07-27,ถุงพลาสติก
T-200182,2025-07-27,บะหมี่กึ่งสำเร็จรูป
T-200182,2025-07-27,มันฝรั่งทอด
T-200183,2025-09-07,ถุงพลาสติก
T-200183,2025-09-07,นมสด
T-200183,2025-09-07,เบียร์
T-200184,2025-07-07,ชาเขียว
T-200184,2025-07-07,ถุงพลาสติก
T-200184,2025-07-07,น้ำดื่ม
T-200184,2025-07-07,บะหมี่กึ่งสำเร็จรูป
T-200184,2025-07-07,มันฝรั่งทอด
T-200184,2025-07-07,แชมพู
T-200185,2025-07-15,ขนมปัง
T-200185,2025-07-15,ถุงพลาสติก
T-200185,2025-07-15,นมสด
T-200185,2025-07-15,บะหมี่กึ่งสำเร็จรูป
T-200185,2025-07-15,เบียร์
T-200186,2025-08-22,บะหมี่กึ่งสำเร็จรูป
T-200187,2025-09-18,ถุงพลาสติก
T-200187,2025-09-18,ผ้าอ้อม
T-200187,2025-09-18,ผ้าเช็ดทำความสะอาด
T-200188,2025-07-11,ชาเขียว
T-200189,2025-07-09,ขนมปัง
T-200189,2025-07-09,ผงซักฟอก
T-200190,2025-09-22,กาแฟสด
T-200190,2025-09-22,เบียร์
T-200190,2025-09-22,ไข่ไก่
T-200191,2025-07-04,ไข่ไก่
T-200192,2025-07-14,กาแฟสด
T-200192,2025-07-14,ถุงพลาสติก
T-200192,2025-07-14,บะหมี่กึ่งสำเร็จรูป
T-200192,2025-07-14,ผ้าอ้อม
T-200192,2025-07-14,ผ้าเช็ดทำความสะอาด
T-200192,2025-07-14,แชมพู
T-200192,2025-07-14,ไข่ไก่
T-200193,2025-08-09,ถุงพลาสติก
T-200193,2025-08-09,นมสด
T-200193,2025-08-09,น้ำดื่ม
T-200193,2025-08-09,ผ้าอ้อม
T-200193,2025-08-09,ผ้าเช็ดทำความสะอาด
T-200194,2025-08-23,ขนมปัง
T-200194,2025-08-23,ชาเขียว
T-200194,2025-08-23,ถุงพลาสติก
T-200194,2025-08-23,น้ำดื่ม
T-200195,2025-07-17,ไข่ไก่
T-200196,2025-09-18,ถุงพลาสติก
T-200196,2025-09-18,ผงซักฟอก
T-200197,2025-09-07,ผงซักฟอก
T-200197,2025-09-07,ผ้าอ้อม
T-200197,2025-09-07,เบียร์
T-200198,2025-09-22,ถุงพลาสติก
T-200198,2025-09-22,น้ำดื่ม
T-200198,2025-09-22,มันฝรั่งทอด
T-200198,2025-09-22,เบียร์
T-200199,2025-07-06,กาแฟสด
T-200199,2025-07-06,ถุงพลาสติก
T-200199,2025-07-06,นมสด
T-200199,2025-07-06,น้ำดื่ม
T-200199,2025-07-06,บะหมี่กึ่งสำเร็จรูป
T-200199,2025-07-06,ไข่ไก่
T-200200,2025-08-06,ถุงพลาสติก
T-200200,2025-08-06,บะหมี่กึ่งสำเร็จรูป
T-200201,2025-08-02,ถุงพลาสติก
T-200202,2025-09-24,ชาเขียว
T-200202,2025-09-24,ถุงพลาสติก
T-200203,2025-08-21,ขนมปัง
T-200203,2025-08-21,ถุงพลาสติก
T-200203,2025-08-21,น้ำดื่ม
T-200203,2025-08-21,บะหมี่กึ่งสำเร็จรูป
T-200204,2025-09-26,ถุงพลาสติก
T-200204,2025-09-26,นมสด
T-200204,2025-09-26,บะหมี่กึ่งสำเร็จรูป
T-200204,2025-09-26,ผงซักฟอก
T-200205,2025-08-17,ขนมปัง
T-200205,2025-08-17,นมสด
T-200205,2025-08-17,แชมพู
T-200205,2025-08-17,ไข่ไก่
T-200206,2025-09-15,กาแฟสด
T-200206,2025-09-15,ถุงพลาสติก
T-200206,2025-09-15,นมสด
T-200207,2025-07-21,ถุงพลาสติก
T-200207,2025-07-21,ผ้าอ้อม
T-200207,2025-07-21,เบียร์
T-200207,2025-07-21,แชมพู
T-200208,2025-07-03,ถุงพลาสติก
T-200208,2025-07-03,ผงซักฟอก
T-200209,2025-08-09,กาแฟสด
T-200209,2025-08-09,น้ำดื่ม
T-200209,2025-08-09,ไข่ไก่
T-200210,2025-09-20,นมสด
T-200210,2025-09-20,น้ำดื่ม
T-200211,2025-07-18,กาแฟสด
T-200211,2025-07-18,ไข่ไก่
T-200212,2025-07-07,ถุงพลาสติก
T-200212,2025-07-07,มันฝรั่งทอด
T-200212,2025-07-07,แชมพู
T-200213,2025-08-20,ชาเขียว
T-200213,2025-08-20,ถุงพลาสติก
T-200213,2025-08-20,เบียร์
T-200213,2025-08-20,แชมพู
T-200214,2025-09-02,ขนมปัง
T-200214,2025-09-02,ถุงพลาสติก
T-200214,2025-09-02,ไข่ไก่
T-200215,2025-08-03,ถุงพลาสติก
T-200215,2025-08-03,เบียร์
T-200216,2025-09-02,ถุงพลาสติก
T-200216,2025-09-02,น้ำดื่ม
T-200216,2025-09-02,มันฝรั่งทอด
T-200217,2025-08-12,ถุงพลาสติก
T-200217,2025-08-12,เบียร์
T-200217,2025-08-12,ไข่ไก่
T-200218,2025-08-01,ถุงพลาสติก
T-200218,2025-08-01,น้ำดื่ม
T-200219,2025-08-17,น้ำดื่ม
T-200219,2025-08-17,ไข่ไก่
T-200220,2025-07-11,น้ำดื่ม
T-200220,2025-07-11,ผ้าเช็ดทำความสะอาด
T-200220,2025-07-11,แชมพู
T-200220,2025-07-11,ไข่ไก่
T-200221,2025-08-10,ขนมปัง
T-200221,2025-08-10,ถุงพลาสติก
T-200222,2025-09-28,ขนมปัง
T-200222,2025-09-28,ถุงพลาสติก
T-200222,2025-09-28,น้ำดื่ม
T-200222,2025-09-28,บะหมี่กึ่งสำเร็จรูป
T-200223,2025-08-20,ถุงพลาสติก
T-200223,2025-08-20,นมสด
T-200224,2025-09-28,ถุงพลาสติก
T-200225,2025-09-14,ขนมปัง
T-200225,2025-09-14,ไข่ไก่
T-200226,2025-08-26,นมสด
T-200226,2025-08-26,น้ำดื่ม
T-200227,2025-07-04,ขนมปัง
T-200227,2025-07-04,ถุงพลาสติก
T-200227,2025-07-04,บะหมี่กึ่งสำเร็จรูป
T-200228,2025-08-11,ชาเขียว
T-200228,2025-08-11,ถุงพลาสติก
T-200228,2025-08-11,นมสด
T-200228,2025-08-11,น้ำดื่ม
T-200228,2025-08-11,แชมพู
T-200229,2025-08-31,ชาเขียว
T-200229,2025-08-31,ถุงพลาสติก
T-200229,2025-08-31,นมสด
T-200230,2025-08-21,ขนมปัง
T-200230,2025-08-21,ถุงพลาสติก
T-200230,2025-08-21,ผงซักฟอก
T-200230,2025-08-21,มันฝรั่งทอด
T-200231,2025-08-15,ถุงพลาสติก
T-200231,2025-08-15,นมสด
T-200231,2025-08-15,น้ำดื่ม
T-200231,2025-08-15,ผงซักฟอก
T-200232,2025-08-13,กาแฟสด
T-200232,2025-08-13,ถุงพลาสติก
T-200232,2025-08-13,นมสด
T-200232,2025-08-13,ผงซักฟอก
T-200232,2025-08-13,ผ้าอ้อม
T-200232,2025-08-13,ผ้าเช็ดทำความสะอาด
T-200232,2025-08-13,มันฝรั่งทอด
T-200232,2025-08-13,เบียร์
T-200233,2025-08-01,กาแฟสด
T-200233,2025-08-01,ถุงพลาสติก
T-200233,2025-08-01,น้ำดื่ม
T-200233,2025-08-01,บะหมี่กึ่งสำเร็จรูป
T-200233,2025-08-01,แชมพู
T-200234,2025-09-02,ขนมปัง
T-200234,2025-09-02,ถุงพลาสติก
T-200234,2025-09-02,ไข่ไก่
T-200235,2025-09-10,ขนมปัง
T-200235,2025-09-10,บะหมี่กึ่งสำเร็จรูป
T-200235,2025-09-10,เบียร์
T-200236,2025-08-06,ขนมปัง
T-200236,2025-08-06,ถุงพลาสติก
T-200236,2025-08-06,นมสด
T-200236,2025-08-06,แชมพู
T-200237,2025-09-25,กาแฟสด
T-200237,2025-09-25,ถุงพลาสติก
T-200237,2025-09-25,นมสด
T-200237,2025-09-25,ผ้าอ้อม
T-200237,2025-09-25,ผ้าเช็ดทำความสะอาด
T-200237,2025-09-25,เบียร์
T-200237,2025-09-25,ไข่ไก่
T-200238,2025-07-18,กาแฟสด
T-200238,2025-07-18,ขนมปัง
T-200238,2025-07-18,ถุงพลาสติก
T-200239,2025-07-02,ชาเขียว
T-200239,2025-07-02,น้ำดื่ม
T-200240,2025-08-17,ถุงพลาสติก
T-200240,2025-08-17,น้ำดื่ม
T-200240,2025-08-17,มันฝรั่งทอด
T-200240,2025-08-17,เบียร์
T-200241,2025-09-23,ถุงพลาสติก
T-200241,2025-09-23,นมสด
T-200241,2025-09-23,ผ้าอ้อม
T-200241,2025-09-23,ผ้าเช็ดทำความสะอาด
T-200242,2025-09-11,ถุงพลาสติก
T-200242,2025-09-11,น้ำดื่ม
T-200243,2025-07-18,กาแฟสด
T-200243,2025-07-18,ถุงพลาสติก
T-200243,2025-07-18,ผ้าอ้อม
T-200243,2025-07-18,มันฝรั่งทอด
T-200244,2025-08-12,ถุงพลาสติก
T-200244,2025-08-12,น้ำดื่ม
T-200244,2025-08-12,ไข่ไก่
T-200245,2025-09-03,ถุงพลาสติก
T-200246,2025-07-21,กาแฟสด
T-200246,2025-07-21,ถุงพลาสติก
T-200246,2025-07-21,นมสด
T-200246,2025-07-21,เบียร์
T-200247,2025-07-18,ขนมปัง
T-200247,2025-07-18,ชาเขียว
T-200247,2025-07-18,ถุงพลาสติก
T-200247,2025-07-18,น้ำดื่ม
T-200247,2025-07-18,แชมพู
T-200248,2025-07-01,ถุงพลาสติก
T-200248,2025-07-01,น้ำดื่ม
T-200249,2025-07-26,ถุงพลาสติก
T-200249,2025-07-26,นมสด
T-200249,2025-07-26,ไข่ไก่
T-200250,2025-09-17,ขนมปัง
T-200250,2025-09-17,ถุงพลาสติก
T-200250,2025-09-17,ผ้าเช็ดทำความสะอาด
T-200251,2025-08-22,กาแฟสด
T-200251,2025-08-22,ขนมปัง
T-200251,2025-08-22,มันฝรั่งทอด
T-200252,2025-09-18,ถุงพลาสติก
T-200252,2025-09-18,นมสด
T-200252,2025-09-18,น้ำดื่ม
T-200252,2025-09-18,ไข่ไก่
T-200253,2025-08-04,ถุงพลาสติก
T-200253,2025-08-04,ไข่ไก่
T-200254,2025-07-03,กาแฟสด
T-200254,2025-07-03,ถุงพลาสติก
T-200254,2025-07-03,แชมพู
T-200255,2025-08-10,ถุงพลาสติก
T-200255,2025-08-10,บะหมี่กึ่งสำเร็จรูป
T-200255,2025-08-10,มันฝรั่งทอด
T-200256,2025-09-02,ขนมปัง
T-200256,2025-09-02,ถุงพลาสติก
T-200256,2025-09-02,มันฝรั่งทอด
T-200257,2025-07-10,ถุงพลาสติก
T-200257,2025-07-10,บะหมี่กึ่งสำเร็จรูป
T-200257,2025-07-10,ผ้าเช็ดทำความสะอาด
T-200257,2025-07-10,มันฝรั่งทอด
T-200257,2025-07-10,ไข่ไก่
T-200258,2025-09-26,ขนมปัง
T-200258,2025-09-26,ถุงพลาสติก
T-200258,2025-09-26,น้ำดื่ม
T-200259,2025-09-08,ถุงพลาสติก
T-200259,2025-09-08,น้ำดื่ม
T-200259,2025-09-08,แชมพู
T-200260,2025-08-25,ถุงพลาสติก
T-200260,2025-08-25,เบียร์
T-200260,2025-08-25,ไข่ไก่
T-200261,2025-07-15,กาแฟสด
T-200261,2025-07-15,ขนมปัง
T-200261,2025-07-15,ถุงพลาสติก
T-200261,2025-07-15,เบียร์
T-200262,2025-07-26,ขนมปัง
T-200262,2025-07-26,นมสด
T-200262,2025-07-26,น้ำดื่ม
T-200262,2025-07-26,บะหมี่กึ่งสำเร็จรูป
T-200263,2025-09-12,เบียร์
T-200264,2025-09-26,ขนมปัง
T-200264,2025-09-26,ถุงพลาสติก
T-200264,2025-09-26,แชมพู
T-200265,2025-08-02,กาแฟสด
T-200265,2025-08-02,ถุงพลาสติก
T-200265,2025-08-02,นมสด
T-200265,2025-08-02,น้ำดื่ม
T-200266,2025-09-18,ชาเขียว
T-200267,2025-08-10,ถุงพลาสติก
T-200268,2025-09-26,ขนมปัง
T-200268,2025-09-26,ถุงพลาสติก
T-200268,2025-09-26,นมสด
T-200268,2025-09-26,ผงซักฟอก
T-200269,2025-07-28,ถุงพลาสติก
T-200269,2025-07-28,นมสด
T-200269,2025-07-28,ไข่ไก่
T-200270,2025-08-11,กาแฟสด
T-200270,2025-08-11,ขนมปัง
T-200270,2025-08-11,ถุงพลาสติก
T-200270,2025-08-11,นมสด
T-200270,2025-08-11,น้ำดื่ม
T-200271,2025-09-17,ชาเขียว
T-200271,2025-09-17,ถุงพลาสติก
T-200272,2025-08-31,ชาเขียว
T-200272,2025-08-31,ถุงพลาสติก
T-200272,2025-08-31,ผงซักฟอก
T-200272,2025-08-31,มันฝรั่งทอด
T-200273,2025-07-05,ขนมปัง
T-200273,2025-07-05,ถุงพลาสติก
T-200273,2025-07-05,นมสด
T-200273,2025-07-05,น้ำดื่ม
T-200273,2025-07-05,ไข่ไก่
T-200274,2025-07-26,ขนมปัง
T-200274,2025-07-26,ชาเขียว
T-200274,2025-07-26,ไข่ไก่
T-200275,2025-09-26,ขนมปัง
T-200275,2025-09-26,ชาเขียว
T-200275,2025-09-26,ถุงพลาสติก
T-200275,2025-09-26,ไข่ไก่
T-200276,2025-09-26,ชาเขียว
T-200276,2025-09-26,ถุงพลาสติก
T-200276,2025-09-26,มันฝรั่งทอด
T-200277,2025-07-05,ขนมปัง
T-200277,2025-07-05,ถุงพลาสติก
T-200278,2025-07-06,ขนมปัง
T-200278,2025-07-06,ชาเขียว
T-200278,2025-07-06,ถุงพลาสติก
T-200278,2025-07-06,น้ำดื่ม
T-200278,2025-07-06,บะหมี่กึ่งสำเร็จรูป
T-200278,2025-07-06,มันฝรั่งทอด
T-200278,2025-07-06,แชมพู
T-200279,2025-07-17,น้ำดื่ม
T-200279,2025-07-17,มันฝรั่งทอด
T-200280,2025-09-19,ขนมปัง
T-200280,2025-09-19,ถุงพลาสติก
T-200281,2025-08-13,ขนมปัง
T-200281,2025-08-13,ชาเขียว
T-200281,2025-08-13,ถุงพลาสติก
T-200281,2025-08-13,น้ำดื่ม
T-200281,2025-08-13,บะหมี่กึ่งสำเร็จรูป
T-200282,2025-07-09,ขนมปัง
T-200282,2025-07-09,ชาเขียว
T-200282,2025-07-09,ถุงพลาสติก
T-200282,2025-07-09,นมสด
T-200282,2025-07-09,น้ำดื่ม
T-200282,2025-07-09,เบียร์
T-200283,2025-08-26,ถุงพลาสติก
T-200283,2025-08-26,น้ำดื่ม
T-200283,2025-08-26,บะหมี่กึ่งสำเร็จรูป
T-200283,2025-08-26,ผงซักฟอก
T-200283,2025-08-26,แชมพู
T-200284,2025-09-26,กาแฟสด
T-200284,2025-09-26,บะหมี่กึ่งสำเร็จรูป
T-200284,2025-09-26,มันฝรั่งทอด
T-200284,2025-09-26,ไข่ไก่
T-200285,2025-08-08,ถุงพลาสติก
T-200285,2025-08-08,นมสด
T-200286,2025-09-22,ถุงพลาสติก
T-200286,2025-09-22,ผงซักฟอก
T-200286,2025-09-22,แชมพู
T-200286,2025-09-22,ไข่ไก่
T-200287,2025-08-28,ถุงพลาสติก
T-200288,2025-07-15,ถุงพลาสติก
T-200288,2025-07-15,นมสด
T-200288,2025-07-15,ไข่ไก่
T-200289,2025-07-13,กาแฟสด
T-200289,2025-07-13,ถุงพลาสติก
T-200290,2025-08-20,กาแฟสด
T-200290,2025-08-20,ถุงพลาสติก
T-200290,2025-08-20,นมสด
T-200290,2025-08-20,บะหมี่กึ่งสำเร็จรูป
T-200291,2025-07-19,ขนมปัง
T-200291,2025-07-19,ถุงพลาสติก
T-200291,2025-07-19,น้ำดื่ม
T-200292,2025-08-08,ชาเขียว
T-200292,2025-08-08,ถุงพลาสติก
T-200292,2025-08-08,ผ้าเช็ดทำความสะอาด
T-200292,2025-08-08,เบียร์
T-200293,2025-09-13,ถุงพลาสติก
T-200293,2025-09-13,บะหมี่กึ่งสำเร็จรูป
T-200294,2025-07-17,กาแฟสด
T-200294,2025-07-17,ถุงพลาสติก
T-200294,2025-07-17,ผ้าอ้อม
T-200294,2025-07-17,ผ้าเช็ดทำความสะอาด
T-200295,2025-09-09,กาแฟสด
T-200295,2025-09-09,ขนมปัง
T-200295,2025-09-09,ถุงพลาสติก
T-200295,2025-09-09,นมสด
T-200295,2025-09-09,ผ้าอ้อม
T-200295,2025-09-09,ผ้าเช็ดทำความสะอาด
T-200296,2025-08-12,ขนมปัง
T-200296,2025-08-12,ถุงพลาสติก
T-200296,2025-08-12,น้ำดื่ม
T-200296,2025-08-12,มันฝรั่งทอด
T-200296,2025-08-12,แชมพู
T-200297,2025-09-05,กาแฟสด
T-200297,2025-09-05,ถุงพลาสติก
T-200297,2025-09-05,นมสด
T-200297,2025-09-05,มันฝรั่งทอด
T-200298,2025-08-20,กาแฟสด
T-200298,2025-08-20,ถุงพลาสติก
T-200298,2025-08-20,บะหมี่กึ่งสำเร็จรูป
T-200298,2025-08-20,เบียร์
T-200299,2025-07-30,ถุงพลาสติก
T-200299,2025-07-30,เบียร์
T-200299,2025-07-30,ไข่ไก่
T-200300,2025-09-28,ถุงพลาสติก
T-200300,2025-09-28,มันฝรั่งทอด
T-200301,2025-07-02,ขนมปัง
T-200302,2025-07-13,ถุงพลาสติก
T-200302,2025-07-13,น้ำดื่ม
T-200303,2025-09-23,ขนมปัง
T-200303,2025-09-23,ถุงพลาสติก
T-200303,2025-09-23,มันฝรั่งทอด
T-200303,2025-09-23,ไข่ไก่
T-200304,2025-09-26,ขนมปัง
T-200304,2025-09-26,ถุงพลาสติก
T-200304,2025-09-26,น้ำดื่ม
T-200304,2025-09-26,แชมพู
T-200304,2025-09-26,ไข่ไก่
T-200305,2025-09-15,ถุงพลาสติก
T-200305,2025-09-15,บะหมี่กึ่งสำเร็จรูป
T-200306,2025-07-07,ขนมปัง
T-200306,2025-07-07,ชาเขียว
T-200306,2025-07-07,ถุงพลาสติก
T-200306,2025-07-07,นมสด
T-200307,2025-07-21,ขนมปัง
T-200307,2025-07-21,น้ำดื่ม
T-200307,2025-07-21,บะหมี่กึ่งสำเร็จรูป
T-200308,2025-09-09,ชาเขียว
T-200308,2025-09-09,ถุงพลาสติก
T-200308,2025-09-09,เบียร์
T-200308,2025-09-09,ไข่ไก่
T-200309,2025-09-13,ขนมปัง
T-200309,2025-09-13,ชาเขียว
T-200309,2025-09-13,ผ้าอ้อม
T-200309,2025-09-13,ไข่ไก่
T-200310,2025-07-10,ถุงพลาสติก
T-200310,2025-07-10,ไข่ไก่
T-200311,2025-08-17,ชาเขียว
T-200311,2025-08-17,ถุงพลาสติก
T-200311,2025-08-17,น้ำดื่ม
T-200311,2025-08-17,บะหมี่กึ่งสำเร็จรูป
T-200311,2025-08-17,มันฝรั่งทอด
T-200312,2025-08-22,ถุงพลาสติก
T-200312,2025-08-22,น้ำดื่ม
T-200313,2025-07-13,ชาเขียว
T-200313,2025-07-13,ถุงพลาสติก
T-200313,2025-07-13,นมสด
T-200313,2025-07-13,ผ้าอ้อม
T-200313,2025-07-13,ผ้าเช็ดทำความสะอาด
T-200313,2025-07-13,มันฝรั่งทอด
T-200313,2025-07-13,เบียร์
T-200313,2025-07-13,แชมพู
T-200314,2025-08-27,ถุงพลาสติก
T-200314,2025-08-27,น้ำดื่ม
T-200315,2025-07-05,ถุงพลาสติก
T-200315,2025-07-05,เบียร์
T-200316,2025-08-24,ถุงพลาสติก
T-200316,2025-08-24,ผ้าอ้อม
T-200316,2025-08-24,ผ้าเช็ดทำความสะอาด
T-200316,2025-08-24,มันฝรั่งทอด
T-200316,2025-08-24,ไข่ไก่
T-200317,2025-07-18,ชาเขียว
T-200317,2025-07-18,ถุงพลาสติก
T-200317,2025-07-18,น้ำดื่ม
T-200317,2025-07-18,ผ้าอ้อม
T-200317,2025-07-18,ผ้าเช็ดทำความสะอาด
T-200318,2025-08-03,ถุงพลาสติก
T-200318,2025-08-03,น้ำดื่ม
T-200319,2025-07-01,ขนมปัง
T-200319,2025-07-01,ถุงพลาสติก
T-200320,2025-09-20,ถุงพลาสติก
T-200320,2025-09-20,นมสด
T-200320,2025-09-20,น้ำดื่ม
T-200320,2025-09-20,บะหมี่กึ่งสำเร็จรูป
T-200320,2025-09-20,ผงซักฟอก
T-200320,2025-09-20,มันฝรั่งทอด
T-200320,2025-09-20,เบียร์
T-200320,2025-09-20,ไข่ไก่
T-200321,2025-08-12,ถุงพลาสติก
T-200321,2025-08-12,นมสด
T-200321,2025-08-12,น้ำดื่ม
T-200321,2025-08-12,ไข่ไก่
T-200322,2025-07-14,ถุงพลาสติก
T-200322,2025-07-14,เบียร์
T-200323,2025-07-30,กาแฟสด
T-200323,2025-07-30,ถุงพลาสติก
T-200323,2025-07-30,น้ำดื่ม
T-200323,2025-07-30,ผ้าอ้อม
T-200323,2025-07-30,ผ้าเช็ดทำความสะอาด
T-200323,2025-07-30,แชมพู
T-200324,2025-08-12,ขนมปัง
T-200324,2025-08-12,ถุงพลาสติก
T-200324,2025-08-12,น้ำดื่ม
T-200324,2025-08-12,มันฝรั่งทอด
T-200325,2025-07-18,ชาเขียว
T-200325,2025-07-18,ถุงพลาสติก
T-200326,2025-09-06,ถุงพลาสติก
T-200326,2025-09-06,น้ำดื่ม
T-200327,2025-07-13,ชาเขียว
T-200327,2025-07-13,ถุงพลาสติก
T-200327,2025-07-13,นมสด
T-200327,2025-07-13,ผ้าอ้อม
T-200328,2025-07-14,ถุงพลาสติก
T-200328,2025-07-14,ผงซักฟอก
T-200328,2025-07-14,ผ้าเช็ดทำความสะอาด
T-200328,2025-07-14,ไข่ไก่
T-200329,2025-08-24,ขนมปัง
T-200329,2025-08-24,ถุงพลาสติก
T-200329,2025-08-24,ไข่ไก่
T-200330,2025-07-02,นมสด
T-200330,2025-07-02,บะหมี่กึ่งสำเร็จรูป
T-200330,2025-07-02,ผงซักฟอก
T-200331,2025-09-23,ถุงพลาสติก
T-200331,2025-09-23,เบียร์
T-200331,2025-09-23,แชมพู
T-200331,2025-09-23,ไข่ไก่
T-200332,2025-07-20,มันฝรั่งทอด
T-200332,2025-07-20,ไข่ไก่
T-200333,2025-09-05,ถุงพลาสติก
T-200333,2025-09-05,น้ำดื่ม
T-200333,2025-09-05,ไข่ไก่
T-200334,2025-09-06,ขนมปัง
T-200334,2025-09-06,น้ำดื่ม
T-200334,2025-09-06,แชมพู
T-200335,2025-07-16,กาแฟสด
T-200335,2025-07-16,ถุงพลาสติก
T-200335,2025-07-16,นมสด
T-200335,2025-07-16,น้ำดื่ม
T-200335,2025-07-16,ไข่ไก่
T-200336,2025-07-28,ขนมปัง
T-200336,2025-07-28,ถุงพลาสติก
T-200336,2025-07-28,ผ้าเช็ดทำความสะอาด
T-200337,2025-08-13,กาแฟสด
T-200337,2025-08-13,ขนมปัง
T-200337,2025-08-13,นมสด
T-200337,2025-08-13,แชมพู
T-200338,2025-07-25,ขนมปัง
T-200338,2025-07-25,ชาเขียว
T-200338,2025-07-25,ถุงพลาสติก
T-200338,2025-07-25,แชมพู
T-200339,2025-08-21,กาแฟสด
T-200339,2025-08-21,ขนมปัง
T-200339,2025-08-21,ถุงพลาสติก
T-200339,2025-08-21,นมสด
T-200339,2025-08-21,ผ้าอ้อม
T-200339,2025-08-21,ผ้าเช็ดทำความสะอาด
T-200340,2025-07-05,ถุงพลาสติก
T-200340,2025-07-05,น้ำดื่ม
T-200340,2025-07-05,บะหมี่กึ่งสำเร็จรูป
T-200341,2025-08-07,ขนมปัง
T-200341,2025-08-07,ถุงพลาสติก
T-200341,2025-08-07,น้ำดื่ม
T-200341,2025-08-07,แชมพู
T-200342,2025-07-16,ถุงพลาสติก
T-200342,2025-07-16,น้ำดื่ม
T-200343,2025-09-25,ถุงพลาสติก
T-200343,2025-09-25,นมสด
T-200343,2025-09-25,น้ำดื่ม
T-200343,2025-09-25,ผ้าอ้อม
T-200343,2025-09-25,ผ้าเช็ดทำความสะอาด
T-200344,2025-08-25,ถุงพลาสติก
T-200344,2025-08-25,นมสด
T-200344,2025-08-25,น้ำดื่ม
T-200344,2025-08-25,ผ้าอ้อม
T-200344,2025-08-25,ผ้าเช็ดทำความสะอาด
T-200344,2025-08-25,เบียร์
T-200344,2025-08-25,ไข่ไก่
T-200345,2025-07-18,ชาเขียว
T-200345,2025-07-18,ถุงพลาสติก
T-200346,2025-09-09,ถุงพลาสติก
T-200346,2025-09-09,นมสด
T-200346,2025-09-09,มันฝรั่งทอด
T-200346,2025-09-09,ไข่ไก่
T-200347,2025-07-21,ถุงพลาสติก
T-200347,2025-07-21,น้ำดื่ม
T-200347,2025-07-21,บะหมี่กึ่งสำเร็จรูป
T-200347,2025-07-21,แชมพู
T-200347,2025-07-21,ไข่ไก่
T-200348,2025-08-08,ถุงพลาสติก
T-200348,2025-08-08,ผ้าอ้อม
T-200348,2025-08-08,มันฝรั่งทอด
T-200349,2025-08-31,กาแฟสด
T-200349,2025-08-31,ถุงพลาสติก
T-200349,2025-08-31,นมสด
T-200349,2025-08-31,น้ำดื่ม
T-200350,2025-08-11,กาแฟสด
T-200350,2025-08-11,น้ำดื่ม
T-200350,2025-08-11,ผงซักฟอก
T-200351,2025-08-11,ถุงพลาสติก
T-200351,2025-08-11,น้ำดื่ม
T-200351,2025-08-11,เบียร์
T-200351,2025-08-11,ไข่ไก่
T-200352,2025-08-02,ชาเขียว
T-200352,2025-08-02,ถุงพลาสติก
T-200352,2025-08-02,ผ้าอ้อม
T-200352,2025-08-02,แชมพู
T-200352,2025-08-02,ไข่ไก่
T-200353,2025-08-01,ชาเขียว
T-200353,2025-08-01,ถุงพลาสติก
T-200353,2025-08-01,นมสด
T-200353,2025-08-01,น้ำดื่ม
T-200353,2025-08-01,ไข่ไก่
T-200354,2025-07-31,ถุงพลาสติก
T-200354,2025-07-31,น้ำดื่ม
T-200354,2025-07-31,บะหมี่กึ่งสำเร็จรูป
T-200354,2025-07-31,ผ้าอ้อม
T-200354,2025-07-31,ผ้าเช็ดทำความสะอาด
T-200355,2025-09-05,ขนมปัง
T-200355,2025-09-05,ชาเขียว
T-200355,2025-09-05,ถุงพลาสติก
T-200355,2025-09-05,บะหมี่กึ่งสำเร็จรูป
T-200355,2025-09-05,ผ้าอ้อม
T-200355,2025-09-05,ผ้าเช็ดทำความสะอาด
T-200356,2025-07-18,ถุงพลาสติก
T-200357,2025-07-15,ขนมปัง
T-200357,2025-07-15,ถุงพลาสติก
T-200358,2025-07-12,กาแฟสด
T-200358,2025-07-12,ถุงพลาสติก
T-200358,2025-07-12,น้ำดื่ม
T-200358,2025-07-12,มันฝรั่งทอด
T-200359,2025-07-31,ถุงพลาสติก
T-200359,2025-07-31,นมสด
T-200359,2025-07-31,บะหมี่กึ่งสำเร็จรูป
T-200359,2025-07-31,แชมพู
T-200359,2025-07-31,ไข่ไก่
T-200360,2025-09-02,ถุงพลาสติก
T-200360,2025-09-02,นมสด
T-200360,2025-09-02,เบียร์
T-200360,2025-09-02,ไข่ไก่
T-200361,2025-08-19,ถุงพลาสติก
T-200362,2025-09-22,ผงซักฟอก
T-200362,2025-09-22,ผ้าอ้อม
T-200362,2025-09-22,มันฝรั่งทอด
T-200362,2025-09-22,ไข่ไก่
T-200363,2025-07-03,ถุงพลาสติก
T-200363,2025-07-03,นมสด
T-200363,2025-07-03,บะหมี่กึ่งสำเร็จรูป
T-200364,2025-09-03,ขนมปัง
T-200364,2025-09-03,ไข่ไก่
T-200365,2025-08-27,ขนมปัง
T-200365,2025-08-27,ถุงพลาสติก
T-200366,2025-07-16,ถุงพลาสติก
T-200366,2025-07-16,นมสด
T-200366,2025-07-16,น้ำดื่ม
T-200366,2025-07-16,ผงซักฟอก
T-200366,2025-07-16,เบียร์
T-200367,2025-07-19,ขนมปัง
T-200367,2025-07-19,ถุงพลาสติก
T-200367,2025-07-19,แชมพู
T-200368,2025-08-08,ขนมปัง
T-200368,2025-08-08,ถุงพลาสติก
T-200368,2025-08-08,น้ำดื่ม
T-200368,2025-08-08,มันฝรั่งทอด
T-200368,2025-08-08,เบียร์
T-200368,2025-08-08,แชมพู
T-200369,2025-09-12,กาแฟสด
T-200369,2025-09-12,ถุงพลาสติก
T-200369,2025-09-12,น้ำดื่ม
T-200370,2025-09-01,ถุงพลาสติก
T-200370,2025-09-01,นมสด
T-200370,2025-09-01,ผ้าอ้อม
T-200370,2025-09-01,ผ้าเช็ดทำความสะอาด
T-200370,2025-09-01,เบียร์
T-200371,2025-07-25,กาแฟสด
T-200371,2025-07-25,ถุงพลาสติก
T-200371,2025-07-25,ไข่ไก่
T-200372,2025-07-18,ผ้าเช็ดทำความสะอาด
T-200373,2025-09-22,ชาเขียว
T-200373,2025-09-22,นมสด
T-200373,2025-09-22,แชมพู
T-200374,2025-08-16,กาแฟสด
T-200374,2025-08-16,ถุงพลาสติก
T-200374,2025-08-16,นมสด
T-200374,2025-08-16,บะหมี่กึ่งสำเร็จรูป
T-200374,2025-08-16,ผงซักฟอก
T-200374,2025-08-16,ผ้าอ้อม
T-200374,2025-08-16,ผ้าเช็ดทำความสะอาด
T-200375,2025-07-25,กาแฟสด
T-200375,2025-07-25,ขนมปัง
T-200375,2025-07-25,ถุงพลาสติก
T-200375,2025-07-25,ผ้าอ้อม
T-200375,2025-07-25,ผ้าเช็ดทำความสะอาด
T-200375,2025-07-25,เบียร์
T-200375,2025-07-25,แชมพู
T-200376,2025-07-07,กาแฟสด
T-200376,2025-07-07,ถุงพลาสติก
T-200376,2025-07-07,นมสด
T-200376,2025-07-07,น้ำดื่ม
T-200377,2025-09-26,ผงซักฟอก
T-200378,2025-08-28,ถุงพลาสติก
T-200378,2025-08-28,น้ำดื่ม
T-200378,2025-08-28,ผงซักฟอก
T-200378,2025-08-28,เบียร์
T-200379,2025-07-10,ถุงพลาสติก
T-200379,2025-07-10,นมสด
T-200379,2025-07-10,น้ำดื่ม
T-200379,2025-07-10,ผ้าอ้อม
T-200380,2025-09-19,ถุงพลาสติก
T-200380,2025-09-19,นมสด
T-200380,2025-09-19,น้ำดื่ม
T-200380,2025-09-19,บะหมี่กึ่งสำเร็จรูป
T-200380,2025-09-19,ผ้าเช็ดทำความสะอาด
T-200380,2025-09-19,มันฝรั่งทอด
T-200380,2025-09-19,ไข่ไก่
T-200381,2025-07-12,ถุงพลาสติก
T-200381,2025-07-12,บะหมี่กึ่งสำเร็จรูป
T-200381,2025-07-12,ผงซักฟอก
T-200381,2025-07-12,เบียร์
T-200382,2025-08-04,ชาเขียว
T-200382,2025-08-04,ถุงพลาสติก
T-200382,2025-08-04,นมสด
T-200382,2025-08-04,เบียร์
T-200382,2025-08-04,ไข่ไก่
T-200383,2025-09-28,กาแฟสด
T-200383,2025-09-28,ถุงพลาสติก
T-200383,2025-09-28,นมสด
T-200383,2025-09-28,น้ำดื่ม
T-200384,2025-07-11,กาแฟสด
T-200384,2025-07-11,ขนมปัง
T-200384,2025-07-11,ถุงพลาสติก
T-200384,2025-07-11,นมสด
T-200384,2025-07-11,บะหมี่กึ่งสำเร็จรูป
T-200384,2025-07-11,ไข่ไก่
T-200385,2025-07-14,ถุงพลาสติก
T-200385,2025-07-14,บะหมี่กึ่งสำเร็จรูป
T-200386,2025-09-08,ถุงพลาสติก
T-200386,2025-09-08,นมสด
T-200386,2025-09-08,ผงซักฟอก
T-200386,2025-09-08,ไข่ไก่
T-200387,2025-08-09,น้ำดื่ม
T-200387,2025-08-09,บะหมี่กึ่งสำเร็จรูป
T-200387,2025-08-09,มันฝรั่งทอด
T-200387,2025-08-09,ไข่ไก่
T-200388,2025-09-13,น้ำดื่ม
T-200389,2025-07-24,ถุงพลาสติก
T-200389,2025-07-24,นมสด
T-200389,2025-07-24,น้ำดื่ม
T-200389,2025-07-24,บะหมี่กึ่งสำเร็จรูป
T-200389,2025-07-24,เบียร์
T-200390,2025-07-19,ขนมปัง
T-200390,2025-07-19,ถุงพลาสติก
T-200390,2025-07-19,นมสด
T-200390,2025-07-19,น้ำดื่ม
T-200390,2025-07-19,ผ้าอ้อม
T-200390,2025-07-19,ผ้าเช็ดทำความสะอาด
T-200390,2025-07-19,ไข่ไก่
T-200391,2025-08-23,กาแฟสด
T-200391,2025-08-23,ถุงพลาสติก
T-200392,2025-08-04,ถุงพลาสติก
T-200392,2025-08-04,นมสด
T-200392,2025-08-04,ผงซักฟอก
T-200393,2025-08-06,ถุงพลาสติก
T-200393,2025-08-06,บะหมี่กึ่งสำเร็จรูป
T-200393,2025-08-06,ผ้าอ้อม
T-200393,2025-08-06,ผ้าเช็ดทำความสะอาด
T-200393,2025-08-06,เบียร์
T-200394,2025-08-12,ถุงพลาสติก
T-200395,2025-09-16,ชาเขียว
T-200395,2025-09-16,ถุงพลาสติก
T-200395,2025-09-16,น้ำดื่ม
T-200396,2025-09-09,ขนมปัง
T-200396,2025-09-09,ถุงพลาสติก
T-200396,2025-09-09,บะหมี่กึ่งสำเร็จรูป
T-200396,2025-09-09,มันฝรั่งทอด
T-200397,2025-08-18,กาแฟสด
T-200397,2025-08-18,ถุงพลาสติก
T-200397,2025-08-18,น้ำดื่ม
T-200397,2025-08-18,มันฝรั่งทอด
T-200398,2025-09-06,ถุงพลาสติก
T-200398,2025-09-06,น้ำดื่ม
T-200398,2025-09-06,ผ้าเช็ดทำความสะอาด
T-200398,2025-09-06,มันฝรั่งทอด
T-200399,2025-07-29,ถุงพลาสติก
T-200399,2025-07-29,น้ำดื่ม
T-200400,2025-08-05,ขนมปัง
T-200400,2025-08-05,ถุงพลาสติก
T-200400,2025-08-05,นมสด
T-200400,2025-08-05,บะหมี่กึ่งสำเร็จรูป
T-200400,2025-08-05,ผ้าอ้อม
T-200400,2025-08-05,ผ้าเช็ดทำความสะอาด
T-200400,2025-08-05,แชมพู
T-200401,2025-09-12,ถุงพลาสติก
T-200401,2025-09-12,มันฝรั่งทอด
T-200401,2025-09-12,ไข่ไก่
T-200402,2025-07-02,กาแฟสด
T-200402,2025-07-02,ถุงพลาสติก
T-200402,2025-07-02,น้ำดื่ม
T-200402,2025-07-02,แชมพู
T-200403,2025-08-12,ชาเขียว
T-200403,2025-08-12,ถุงพลาสติก
T-200403,2025-08-12,ผงซักฟอก
T-200404,2025-07-02,ถุงพลาสติก
T-200404,2025-07-02,นมสด
T-200404,2025-07-02,ผ้าอ้อม
T-200404,2025-07-02,ไข่ไก่
T-200405,2025-08-22,ชาเขียว
T-200405,2025-08-22,ถุงพลาสติก
T-200405,2025-08-22,น้ำดื่ม
T-200405,2025-08-22,แชมพู
T-200406,2025-07-30,กาแฟสด
T-200406,2025-07-30,ถุงพลาสติก
T-200406,2025-07-30,เบียร์
T-200407,2025-09-26,ถุงพลาสติก
T-200407,2025-09-26,น้ำดื่ม
T-200407,2025-09-26,เบียร์
T-200408,2025-09-19,ขนมปัง
T-200408,2025-09-19,ชาเขียว
T-200408,2025-09-19,ถุงพลาสติก
T-200409,2025-08-17,ถุงพลาสติก
T-200409,2025-08-17,น้ำดื่ม
T-200409,2025-08-17,เบียร์
T-200410,2025-08-29,ถุงพลาสติก
T-200411,2025-08-01,นมสด
T-200411,2025-08-01,มันฝรั่งทอด
T-200411,2025-08-01,ไข่ไก่
T-200412,2025-09-13,ขนมปัง
T-200412,2025-09-13,ถุงพลาสติก
T-200412,2025-09-13,นมสด
T-200412,2025-09-13,น้ำดื่ม
T-200413,2025-08-28,ถุงพลาสติก
T-200413,2025-08-28,มันฝรั่งทอด
T-200414,2025-09-24,ผงซักฟอก
T-200414,2025-09-24,แชมพู
T-200415,2025-09-16,กาแฟสด
T-200415,2025-09-16,ขนมปัง
T-200415,2025-09-16,ถุงพลาสติก
T-200415,2025-09-16,นมสด
T-200416,2025-08-22,ขนมปัง
T-200416,2025-08-22,ชาเขียว
T-200416,2025-08-22,ถุงพลาสติก
T-200416,2025-08-22,บะหมี่กึ่งสำเร็จรูป
T-200416,2025-08-22,เบียร์
T-200416,2025-08-22,ไข่ไก่
T-200417,2025-08-15,ถุงพลาสติก
T-200417,2025-08-15,ผงซักฟอก
T-200418,2025-07-01,กาแฟสด
T-200418,2025-07-01,ถุงพลาสติก
T-200418,2025-07-01,นมสด
T-200419,2025-08-14,ขนมปัง
T-200419,2025-08-14,ถุงพลาสติก
T-200419,2025-08-14,แชมพู
T-200420,2025-07-24,กาแฟสด
T-200420,2025-07-24,ถุงพลาสติก
T-200421,2025-09-11,ถุงพลาสติก
T-200421,2025-09-11,น้ำดื่ม
T-200422,2025-09-07,ถุงพลาสติก
T-200423,2025-07-17,ขนมปัง
T-200423,2025-07-17,ถุงพลาสติก
T-200424,2025-08-17,กาแฟสด
T-200424,2025-08-17,ขนมปัง
T-200424,2025-08-17,ถุงพลาสติก
T-200424,2025-08-17,เบียร์
T-200425,2025-09-23,กาแฟสด
T-200425,2025-09-23,ถุงพลาสติก
T-200425,2025-09-23,น้ำดื่ม
T-200426,2025-08-14,ขนมปัง
T-200426,2025-08-14,ชาเขียว
T-200426,2025-08-14,ถุงพลาสติก
T-200426,2025-08-14,เบียร์
T-200427,2025-08-22,กาแฟสด
T-200427,2025-08-22,ขนมปัง
T-200427,2025-08-22,ถุงพลาสติก
T-200427,2025-08-22,น้ำดื่ม
T-200427,2025-08-22,ผงซักฟอก
T-200428,2025-08-20,ชาเขียว
T-200428,2025-08-20,น้ำดื่ม
T-200429,2025-09-04,ขนมปัง
T-200429,2025-09-04,ผ้าเช็ดทำความสะอาด
T-200430,2025-08-31,ถุงพลาสติก
T-200430,2025-08-31,เบียร์
T-200431,2025-09-05,กาแฟสด
T-200431,2025-09-05,ผ้าอ้อม
T-200431,2025-09-05,ผ้าเช็ดทำความสะอาด
T-200431,2025-09-05,เบียร์
T-200432,2025-08-08,ชาเขียว
T-200432,2025-08-08,ถุงพลาสติก
T-200432,2025-08-08,นมสด
T-200432,2025-08-08,น้ำดื่ม
T-200432,2025-08-08,ไข่ไก่
T-200433,2025-07-08,บะหมี่กึ่งสำเร็จรูป
T-200433,2025-07-08,ไข่ไก่
T-200434,2025-07-06,ขนมปัง
T-200434,2025-07-06,ชาเขียว
T-200434,2025-07-06,ถุงพลาสติก
T-200435,2025-08-27,ขนมปัง
T-200435,2025-08-27,ถุงพลาสติก
T-200435,2025-08-27,นมสด
T-200436,2025-07-05,นมสด
T-200436,2025-07-05,น้ำดื่ม
T-200436,2025-07-05,บะหมี่กึ่งสำเร็จรูป
T-200437,2025-08-08,ขนมปัง
T-200437,2025-08-08,ถุงพลาสติก
T-200438,2025-09-20,ถุงพลาสติก
T-200438,2025-09-20,บะหมี่กึ่งสำเร็จรูป
T-200439,2025-07-04,กาแฟสด
T-200439,2025-07-04,ถุงพลาสติก
T-200439,2025-07-04,นมสด
T-200439,2025-07-04,น้ำดื่ม
T-200439,2025-07-04,เบียร์
T-200440,2025-09-11,ชาเขียว
T-200440,2025-09-11,น้ำดื่ม
T-200441,2025-09-16,ขนมปัง
T-200441,2025-09-16,ถุงพลาสติก
T-200441,2025-09-16,บะหมี่กึ่งสำเร็จรูป
T-200441,2025-09-16,เบียร์
T-200441,2025-09-16,แชมพู
T-200442,2025-08-05,ถุงพลาสติก
T-200442,2025-08-05,นมสด
T-200443,2025-07-04,ขนมปัง
T-200443,2025-07-04,ถุงพลาสติก
T-200443,2025-07-04,บะหมี่กึ่งสำเร็จรูป
T-200443,2025-07-04,ไข่ไก่
T-200444,2025-09-12,กาแฟสด
T-200444,2025-09-12,ไข่ไก่
T-200445,2025-09-18,ชาเขียว
T-200445,2025-09-18,ถุงพลาสติก
T-200445,2025-09-18,บะหมี่กึ่งสำเร็จรูป
T-200445,2025-09-18,มันฝรั่งทอด
T-200446,2025-07-12,ถุงพลาสติก
T-200446,2025-07-12,น้ำดื่ม
T-200446,2025-07-12,ผ้าเช็ดทำความสะอาด
T-200446,2025-07-12,มันฝรั่งทอด
T-200446,2025-07-12,เบียร์
T-200447,2025-08-26,กาแฟสด
T-200447,2025-08-26,บะหมี่กึ่งสำเร็จรูป
T-200447,2025-08-26,ผงซักฟอก
T-200448,2025-08-03,ขนมปัง
T-200449,2025-07-29,ถุงพลาสติก
T-200449,2025-07-29,นมสด
T-200449,2025-07-29,มันฝรั่งทอด
T-200449,2025-07-29,แชมพู
T-200450,2025-08-08,มันฝรั่งทอด
T-200451,2025-07-26,ชาเขียว
T-200451,2025-07-26,ถุงพลาสติก
T-200451,2025-07-26,เบียร์
T-200452,2025-09-06,ชาเขียว
T-200452,2025-09-06,ถุงพลาสติก
T-200453,2025-07-17,กาแฟสด
T-200453,2025-07-17,ถุงพลาสติก
T-200453,2025-07-17,ไข่ไก่
T-200454,2025-07-21,นมสด
T-200454,2025-07-21,น้ำดื่ม
T-200455,2025-07-23,ขนมปัง
T-200455,2025-07-23,ถุงพลาสติก
T-200455,2025-07-23,น้ำดื่ม
T-200455,2025-07-23,ผ้าอ้อม
T-200455,2025-07-23,ผ้าเช็ดทำความสะอาด
T-200455,2025-07-23,เบียร์
T-200455,2025-07-23,แชมพู
T-200456,2025-09-22,กาแฟสด
T-200456,2025-09-22,ขนมปัง
T-200456,2025-09-22,นมสด
T-200456,2025-09-22,เบียร์
T-200457,2025-07-21,ชาเขียว
T-200457,2025-07-21,ถุงพลาสติก
T-200457,2025-07-21,ผงซักฟอก
T-200457,2025-07-21,เบียร์
T-200458,2025-09-01,กาแฟสด
T-200458,2025-09-01,นมสด
T-200458,2025-09-01,บะหมี่กึ่งสำเร็จรูป
T-200458,2025-09-01,เบียร์
T-200459,2025-09-14,ถุงพลาสติก
T-200459,2025-09-14,นมสด
T-200459,2025-09-14,น้ำดื่ม
T-200459,2025-09-14,ผงซักฟอก
T-200459,2025-09-14,ผ้าอ้อม
T-200459,2025-09-14,ผ้าเช็ดทำความสะอาด
T-200460,2025-09-16,กาแฟสด
T-200460,2025-09-16,ถุงพลาสติก
T-200460,2025-09-16,มันฝรั่งทอด
T-200461,2025-09-16,กาแฟสด
T-200461,2025-09-16,ขนมปัง
T-200461,2025-09-16,ถุงพลาสติก
T-200462,2025-08-06,ถุงพลาสติก
T-200462,2025-08-06,น้ำดื่ม
T-200462,2025-08-06,ไข่ไก่
T-200463,2025-09-27,ถุงพลาสติก
T-200463,2025-09-27,น้ำดื่ม
T-200463,2025-09-27,บะหมี่กึ่งสำเร็จรูป
T-200463,2025-09-27,ไข่ไก่
T-200464,2025-08-18,ขนมปัง
T-200464,2025-08-18,ถุงพลาสติก
T-200464,2025-08-18,นมสด
T-200464,2025-08-18,ผงซักฟอก
T-200464,2025-08-18,ไข่ไก่
T-200465,2025-09-15,ขนมปัง
T-200465,2025-09-15,ชาเขียว
T-200465,2025-09-15,ถุงพลาสติก
T-200465,2025-09-15,นมสด
T-200466,2025-07-03,นมสด
T-200466,2025-07-03,มันฝรั่งทอด
T-200467,2025-09-10,ชาเขียว
T-200467,2025-09-10,ถุงพลาสติก
T-200467,2025-09-10,นมสด
T-200467,2025-09-10,มันฝรั่งทอด
T-200467,2025-09-10,เบียร์
T-200468,2025-07-06,ถุงพลาสติก
T-200468,2025-07-06,น้ำดื่ม
T-200469,2025-08-29,กาแฟสด
T-200469,2025-08-29,ถุงพลาสติก
T-200469,2025-08-29,น้ำดื่ม
T-200470,2025-07-24,กาแฟสด
T-200470,2025-07-24,ถุงพลาสติก
T-200470,2025-07-24,นมสด
T-200470,2025-07-24,เบียร์
T-200471,2025-09-16,ถุงพลาสติก
T-200471,2025-09-16,นมสด
T-200471,2025-09-16,น้ำดื่ม
T-200471,2025-09-16,ไข่ไก่
T-200472,2025-09-09,กาแฟสด
T-200472,2025-09-09,ถุงพลาสติก
T-200472,2025-09-09,นมสด
T-200472,2025-09-09,น้ำดื่ม
T-200473,2025-08-03,ขนมปัง
T-200473,2025-08-03,ถุงพลาสติก
T-200474,2025-09-05,ขนมปัง
T-200474,2025-09-05,ชาเขียว
T-200474,2025-09-05,ถุงพลาสติก
T-200474,2025-09-05,น้ำดื่ม
T-200475,2025-09-12,ขนมปัง
T-200475,2025-09-12,ถุงพลาสติก
T-200475,2025-09-12,มันฝรั่งทอด
T-200476,2025-09-10,ถุงพลาสติก
T-200476,2025-09-10,นมสด
T-200477,2025-07-28,กาแฟสด
T-200477,2025-07-28,ถุงพลาสติก
T-200478,2025-08-19,ถุงพลาสติก
T-200478,2025-08-19,นมสด
T-200478,2025-08-19,ไข่ไก่
T-200479,2025-08-30,กาแฟสด
T-200479,2025-08-30,ขนมปัง
T-200479,2025-08-30,ถุงพลาสติก
T-200479,2025-08-30,ผ้าอ้อม
T-200479,2025-08-30,มันฝรั่งทอด
T-200480,2025-09-20,ชาเขียว
T-200481,2025-09-27,กาแฟสด
T-200481,2025-09-27,ถุงพลาสติก
T-200481,2025-09-27,น้ำดื่ม
T-200481,2025-09-27,ผ้าอ้อม
T-200481,2025-09-27,ผ้าเช็ดทำความสะอาด
T-200482,2025-09-01,ขนมปัง
T-200482,2025-09-01,ถุงพลาสติก
T-200482,2025-09-01,ผ้าอ้อม
T-200482,2025-09-01,ผ้าเช็ดทำความสะอาด
T-200482,2025-09-01,มันฝรั่งทอด
T-200483,2025-07-06,ถุงพลาสติก
T-200483,2025-07-06,มันฝรั่งทอด
T-200483,2025-07-06,ไข่ไก่
T-200484,2025-07-12,ขนมปัง
T-200484,2025-07-12,ชาเขียว
T-200484,2025-07-12,ถุงพลาสติก
T-200484,2025-07-12,น้ำดื่ม
T-200484,2025-07-12,ผ้าเช็ดทำความสะอาด
T-200484,2025-07-12,เบียร์
T-200485,2025-09-10,ขนมปัง
T-200485,2025-09-10,ถุงพลาสติก
T-200486,2025-08-23,กาแฟสด
T-200486,2025-08-23,ขนมปัง
T-200486,2025-08-23,ไข่ไก่
T-200487,2025-09-09,กาแฟสด
T-200487,2025-09-09,ถุงพลาสติก
T-200488,2025-07-22,ถุงพลาสติก
T-200488,2025-07-22,เบียร์
T-200489,2025-07-28,ขนมปัง
T-200489,2025-07-28,ถุงพลาสติก
T-200489,2025-07-28,นมสด
T-200489,2025-07-28,บะหมี่กึ่งสำเร็จรูป
T-200489,2025-07-28,ผงซักฟอก
T-200489,2025-07-28,ไข่ไก่
T-200490,2025-08-30,ขนมปัง
T-200490,2025-08-30,ถุงพลาสติก
T-200490,2025-08-30,น้ำดื่ม
T-200491,2025-07-14,ถุงพลาสติก
T-200491,2025-07-14,นมสด
T-200491,2025-07-14,บะหมี่กึ่งสำเร็จรูป
T-200491,2025-07-14,ผ้าเช็ดทำความสะอาด
T-200491,2025-07-14,มันฝรั่งทอด
T-200492,2025-08-31,ขนมปัง
T-200492,2025-08-31,ถุงพลาสติก
T-200492,2025-08-31,น้ำดื่ม
T-200493,2025-08-02,ถุงพลาสติก
T-200493,2025-08-02,บะหมี่กึ่งสำเร็จรูป
T-200493,2025-08-02,ผงซักฟอก
T-200493,2025-08-02,แชมพู
T-200494,2025-08-19,กาแฟสด
T-200494,2025-08-19,ถุงพลาสติก
T-200494,2025-08-19,นมสด
T-200494,2025-08-19,มันฝรั่งทอด
T-200495,2025-07-28,กาแฟสด
T-200495,2025-07-28,ถุงพลาสติก
T-200495,2025-07-28,ผ้าเช็ดทำความสะอาด
T-200496,2025-09-08,ถุงพลาสติก
T-200496,2025-09-08,นมสด
T-200497,2025-09-11,ขนมปัง
T-200497,2025-09-11,ถุงพลาสติก
T-200497,2025-09-11,นมสด
T-200497,2025-09-11,บะหมี่กึ่งสำเร็จรูป
T-200497,2025-09-11,ผ้าอ้อม
T-200497,2025-09-11,ผ้าเช็ดทำความสะอาด
T-200497,2025-09-11,ไข่ไก่
T-200498,2025-08-07,ชาเขียว
T-200498,2025-08-07,ไข่ไก่
T-200499,2025-07-29,ชาเขียว
T-200499,2025-07-29,ถุงพลาสติก
T-200499,2025-07-29,ไข่ไก่
T-200500,2025-07-14,ถุงพลาสติก
T-200500,2025-07-14,น้ำดื่ม
T-200501,2025-07-18,ถุงพลาสติก
T-200501,2025-07-18,นมสด
T-200501,2025-07-18,น้ำดื่ม
T-200502,2025-08-21,ถุงพลาสติก
T-200502,2025-08-21,น้ำดื่ม
T-200502,2025-08-21,บะหมี่กึ่งสำเร็จรูป
T-200502,2025-08-21,มันฝรั่งทอด
T-200502,2025-08-21,แชมพู
T-200503,2025-08-22,ชาเขียว
T-200503,2025-08-22,บะหมี่กึ่งสำเร็จรูป
T-200504,2025-07-27,ชาเขียว
T-200504,2025-07-27,ถุงพลาสติก
T-200504,2025-07-27,น้ำดื่ม
T-200504,2025-07-27,ไข่ไก่
T-200505,2025-09-04,ชาเขียว
T-200505,2025-09-04,ถุงพลาสติก
T-200506,2025-07-17,กาแฟสด
T-200506,2025-07-17,ขนมปัง
T-200506,2025-07-17,ถุงพลาสติก
T-200506,2025-07-17,บะหมี่กึ่งสำเร็จรูป
T-200506,2025-07-17,มันฝรั่งทอด
T-200507,2025-09-12,เบียร์
T-200508,2025-07-18,ถุงพลาสติก
T-200508,2025-07-18,นมสด
T-200508,2025-07-18,น้ำดื่ม
T-200508,2025-07-18,ไข่ไก่
T-200509,2025-08-04,ถุงพลาสติก
T-200509,2025-08-04,แชมพู
T-200509,2025-08-04,ไข่ไก่
T-200510,2025-09-25,น้ำดื่ม
T-200511,2025-08-11,ขนมปัง
T-200511,2025-08-11,ชาเขียว
T-200511,2025-08-11,ถุงพลาสติก
T-200511,2025-08-11,บะหมี่กึ่งสำเร็จรูป
T-200511,2025-08-11,แชมพู
T-200512,2025-08-21,ชาเขียว
T-200512,2025-08-21,น้ำดื่ม
T-200512,2025-08-21,ไข่ไก่
T-200513,2025-09-17,ถุงพลาสติก
T-200513,2025-09-17,น้ำดื่ม
T-200514,2025-09-13,ถุงพลาสติก
T-200514,2025-09-13,มันฝรั่งทอด
T-200515,2025-08-29,ถุงพลาสติก
T-200515,2025-08-29,น้ำดื่ม
T-200516,2025-09-20,ผงซักฟอก
T-200516,2025-09-20,มันฝรั่งทอด
T-200516,2025-09-20,แชมพู
T-200516,2025-09-20,ไข่ไก่
T-200517,2025-09-02,ถุงพลาสติก
T-200517,2025-09-02,นมสด
T-200517,2025-09-02,น้ำดื่ม
T-200517,2025-09-02,มันฝรั่งทอด
T-200517,2025-09-02,แชมพู
T-200517,2025-09-02,ไข่ไก่
T-200518,2025-08-13,ถุงพลาสติก
T-200518,2025-08-13,มันฝรั่งทอด
T-200519,2025-07-24,กาแฟสด
T-200519,2025-07-24,ถุงพลาสติก
T-200519,2025-07-24,นมสด
T-200519,2025-07-24,น้ำดื่ม
T-200519,2025-07-24,ผ้าอ้อม
T-200519,2025-07-24,ผ้าเช็ดทำความสะอาด
T-200519,2025-07-24,เบียร์
T-200520,2025-08-01,ขนมปัง
T-200520,2025-08-01,ชาเขียว
T-200520,2025-08-01,ถุงพลาสติก
T-200521,2025-08-14,กาแฟสด
T-200521,2025-08-14,ขนมปัง
T-200521,2025-08-14,ผ้าอ้อม
T-200522,2025-07-30,ถุงพลาสติก
T-200522,2025-07-30,น้ำดื่ม
T-200523,2025-07-17,ขนมปัง
T-200523,2025-07-17,ถุงพลาสติก
T-200523,2025-07-17,น้ำดื่ม
T-200524,2025-07-27,ถุงพลาสติก
T-200524,2025-07-27,นมสด
T-200524,2025-07-27,บะหมี่กึ่งสำเร็จรูป
T-200524,2025-07-27,ผงซักฟอก
T-200525,2025-07-06,ถุงพลาสติก
T-200525,2025-07-06,ไข่ไก่
T-200526,2025-08-14,ถุงพลาสติก
T-200526,2025-08-14,บะหมี่กึ่งสำเร็จรูป
T-200526,2025-08-14,มันฝรั่งทอด
T-200527,2025-07-15,น้ำดื่ม
T-200527,2025-07-15,ผ้าอ้อม
T-200527,2025-07-15,ไข่ไก่
T-200528,2025-07-01,ถุงพลาสติก
T-200528,2025-07-01,น้ำดื่ม
T-200528,2025-07-01,ผ้าอ้อม
T-200528,2025-07-01,ผ้าเช็ดทำความสะอาด
T-200529,2025-09-02,กาแฟสด
T-200529,2025-09-02,ถุงพลาสติก
T-200529,2025-09-02,น้ำดื่ม
T-200529,2025-09-02,บะหมี่กึ่งสำเร็จรูป
T-200529,2025-09-02,ผ้าอ้อม
T-200529,2025-09-02,ผ้าเช็ดทำความสะอาด
T-200529,2025-09-02,เบียร์
T-200530,2025-09-11,กาแฟสด
T-200530,2025-09-11,ขนมปัง
T-200530,2025-09-11,ถุงพลาสติก
T-200530,2025-09-11,ผงซักฟอก
T-200531,2025-07-26,น้ำดื่ม
T-200531,2025-07-26,เบียร์
T-200531,2025-07-26,ไข่ไก่
T-200532,2025-07-15,ถุงพลาสติก
T-200532,2025-07-15,เบียร์
T-200532,2025-07-15,ไข่ไก่
T-200533,2025-08-05,ขนมปัง
T-200533,2025-08-05,ถุงพลาสติก
T-200533,2025-08-05,นมสด
T-200534,2025-07-24,ชาเขียว
T-200534,2025-07-24,ถุงพลาสติก
T-200535,2025-08-03,กาแฟสด
T-200535,2025-08-03,ถุงพลาสติก
T-200535,2025-08-03,น้ำดื่ม
T-200535,2025-08-03,แชมพู
T-200536,2025-07-31,ถุงพลาสติก
T-200536,2025-07-31,เบียร์
T-200537,2025-07-15,กาแฟสด
T-200537,2025-07-15,ขนมปัง
T-200537,2025-07-15,น้ำดื่ม
T-200537,2025-07-15,เบียร์
T-200537,2025-07-15,แชมพู
T-200538,2025-09-06,กาแฟสด
T-200538,2025-09-06,ขนมปัง
T-200538,2025-09-06,ถุงพลาสติก
T-200538,2025-09-06,ไข่ไก่
T-200539,2025-08-12,ถุงพลาสติก
T-200539,2025-08-12,ผ้าอ้อม
T-200540,2025-08-16,กาแฟสด
T-200540,2025-08-16,ขนมปัง
T-200540,2025-08-16,ถุงพลาสติก
T-200540,2025-08-16,นมสด
T-200540,2025-08-16,บะหมี่กึ่งสำเร็จรูป
T-200540,2025-08-16,ไข่ไก่
T-200541,2025-09-11,ชาเขียว
T-200541,2025-09-11,มันฝรั่งทอด
T-200542,2025-07-01,ขนมปัง
T-200542,2025-07-01,ถุงพลาสติก
T-200542,2025-07-01,นมสด
T-200542,2025-07-01,น้ำดื่ม
T-200543,2025-08-05,ขนมปัง
T-200543,2025-08-05,ชาเขียว
T-200543,2025-08-05,ถุงพลาสติก
T-200543,2025-08-05,บะหมี่กึ่งสำเร็จรูป
T-200543,2025-08-05,แชมพู
T-200543,2025-08-05,ไข่ไก่
T-200544,2025-09-27,กาแฟสด
T-200544,2025-09-27,ถุงพลาสติก
T-200544,2025-09-27,นมสด
T-200544,2025-09-27,น้ำดื่ม
T-200545,2025-08-09,ถุงพลาสติก
T-200546,2025-08-21,ถุงพลาสติก
T-200546,2025-08-21,นมสด
T-200546,2025-08-21,มันฝรั่งทอด
T-200547,2025-08-18,กาแฟสด
T-200547,2025-08-18,ถุงพลาสติก
T-200547,2025-08-18,มันฝรั่งทอด
T-200548,2025-08-09,ถุงพลาสติก
T-200548,2025-08-09,น้ำดื่ม
T-200548,2025-08-09,ผงซักฟอก
T-200548,2025-08-09,มันฝรั่งทอด
T-200548,2025-08-09,แชมพู
T-200549,2025-09-04,ถุงพลาสติก
T-200549,2025-09-04,บะหมี่กึ่งสำเร็จรูป
T-200549,2025-09-04,มันฝรั่งทอด
T-200550,2025-09-25,ชาเขียว
T-200550,2025-09-25,ถุงพลาสติก
T-200550,2025-09-25,มันฝรั่งทอด
T-200551,2025-07-30,ขนมปัง
T-200551,2025-07-30,ถุงพลาสติก
T-200551,2025-07-30,บะหมี่กึ่งสำเร็จรูป
T-200551,2025-07-30,เบียร์
T-200552,2025-07-04,ถุงพลาสติก
T-200552,2025-07-04,บะหมี่กึ่งสำเร็จรูป
T-200553,2025-09-03,ถุงพลาสติก
T-200553,2025-09-03,นมสด
T-200554,2025-09-16,กาแฟสด
T-200554,2025-09-16,ถุงพลาสติก
T-200554,2025-09-16,มันฝรั่งทอด
T-200554,2025-09-16,แชมพู
T-200555,2025-07-30,ถุงพลาสติก
T-200555,2025-07-30,ผ้าอ้อม
T-200555,2025-07-30,ผ้าเช็ดทำความสะอาด
T-200555,2025-07-30,มันฝรั่งทอด
T-200556,2025-09-10,ขนมปัง
T-200556,2025-09-10,ถุงพลาสติก
T-200556,2025-09-10,น้ำดื่ม
T-200557,2025-07-10,กาแฟสด
T-200557,2025-07-10,ขนมปัง
T-200557,2025-07-10,ถุงพลาสติก
T-200557,2025-07-10,นมสด
T-200558,2025-08-23,กาแฟสด
T-200558,2025-08-23,ถุงพลาสติก
T-200558,2025-08-23,ผ้าเช็ดทำความสะอาด
T-200558,2025-08-23,มันฝรั่งทอด
T-200559,2025-08-08,กาแฟสด
T-200559,2025-08-08,ถุงพลาสติก
T-200559,2025-08-08,น้ำดื่ม
T-200559,2025-08-08,บะหมี่กึ่งสำเร็จรูป
T-200559,2025-08-08,ผงซักฟอก
T-200559,2025-08-08,ไข่ไก่
T-200560,2025-07-15,ขนมปัง
T-200560,2025-07-15,ชาเขียว
T-200560,2025-07-15,ผงซักฟอก
T-200560,2025-07-15,ไข่ไก่
T-200561,2025-09-28,ผ้าอ้อม
T-200561,2025-09-28,ผ้าเช็ดทำความสะอาด
T-200561,2025-09-28,มันฝรั่งทอด
T-200562,2025-07-20,ถุงพลาสติก
T-200562,2025-07-20,นมสด
T-200562,2025-07-20,น้ำดื่ม
T-200563,2025-09-07,ถุงพลาสติก
T-200563,2025-09-07,นมสด
T-200563,2025-09-07,น้ำดื่ม
T-200564,2025-08-29,กาแฟสด
T-200564,2025-08-29,ขนมปัง
T-200564,2025-08-29,ถุงพลาสติก
T-200565,2025-07-29,ชาเขียว
T-200565,2025-07-29,ถุงพลาสติก
T-200565,2025-07-29,ผงซักฟอก
T-200565,2025-07-29,ไข่ไก่
T-200566,2025-08-16,ถุงพลาสติก
T-200566,2025-08-16,มันฝรั่งทอด
T-200567,2025-07-25,ถุงพลาสติก
T-200568,2025-08-27,ขนมปัง
T-200568,2025-08-27,นมสด
T-200568,2025-08-27,ผงซักฟอก
T-200568,2025-08-27,ผ้าอ้อม
T-200568,2025-08-27,มันฝรั่งทอด
T-200569,2025-08-22,ถุงพลาสติก
T-200569,2025-08-22,น้ำดื่ม
T-200569,2025-08-22,ผงซักฟอก
T-200570,2025-08-07,ขนมปัง
T-200570,2025-08-07,ชาเขียว
T-200570,2025-08-07,ถุงพลาสติก
T-200570,2025-08-07,นมสด
T-200570,2025-08-07,น้ำดื่ม
T-200570,2025-08-07,ผ้าอ้อม
T-200570,2025-08-07,มันฝรั่งทอด
T-200570,2025-08-07,แชมพู
T-200571,2025-07-08,ถุงพลาสติก
T-200571,2025-07-08,บะหมี่กึ่งสำเร็จรูป
T-200571,2025-07-08,มันฝรั่งทอด
T-200572,2025-08-04,ชาเขียว
T-200572,2025-08-04,ถุงพลาสติก
T-200572,2025-08-04,มันฝรั่งทอด
T-200572,2025-08-04,แชมพู
T-200572,2025-08-04,ไข่ไก่
T-200573,2025-09-18,ผ้าอ้อม
T-200573,2025-09-18,ผ้าเช็ดทำความสะอาด
T-200573,2025-09-18,เบียร์
T-200574,2025-09-24,ถุงพลาสติก
T-200574,2025-09-24,ผงซักฟอก
T-200574,2025-09-24,ผ้าเช็ดทำความสะอาด
T-200574,2025-09-24,เบียร์
T-200575,2025-07-05,ถุงพลาสติก
T-200575,2025-07-05,มันฝรั่งทอด
T-200576,2025-09-23,นมสด
T-200576,2025-09-23,ผงซักฟอก
T-200576,2025-09-23,มันฝรั่งทอด
T-200576,2025-09-23,แชมพู
T-200576,2025-09-23,ไข่ไก่
T-200577,2025-09-16,ถุงพลาสติก
T-200577,2025-09-16,นมสด
T-200577,2025-09-16,น้ำดื่ม
T-200577,2025-09-16,บะหมี่กึ่งสำเร็จรูป
T-200578,2025-09-18,ชาเขียว
T-200578,2025-09-18,ถุงพลาสติก
T-200578,2025-09-18,บะหมี่กึ่งสำเร็จรูป
T-200578,2025-09-18,มันฝรั่งทอด
T-200579,2025-08-09,ถุงพลาสติก
T-200579,2025-08-09,น้ำดื่ม
T-200579,2025-08-09,มันฝรั่งทอด
T-200579,2025-08-09,ไข่ไก่
T-200580,2025-08-27,กาแฟสด
T-200580,2025-08-27,ถุงพลาสติก
T-200580,2025-08-27,น้ำดื่ม
T-200580,2025-08-27,ผ้าเช็ดทำความสะอาด
T-200580,2025-08-27,แชมพู
T-200581,2025-08-15,ถุงพลาสติก
T-200581,2025-08-15,บะหมี่กึ่งสำเร็จรูป
T-200582,2025-07-21,ถุงพลาสติก
T-200582,2025-07-21,มันฝรั่งทอด
T-200583,2025-08-17,ชาเขียว
T-200583,2025-08-17,ถุงพลาสติก
T-200584,2025-09-27,ถุงพลาสติก
T-200584,2025-09-27,น้ำดื่ม
T-200584,2025-09-27,มันฝรั่งทอด
T-200584,2025-09-27,เบียร์
T-200585,2025-08-15,กาแฟสด
T-200585,2025-08-15,ถุงพลาสติก
T-200585,2025-08-15,น้ำดื่ม
T-200586,2025-08-02,กาแฟสด
T-200586,2025-08-02,ถุงพลาสติก
T-200586,2025-08-02,บะหมี่กึ่งสำเร็จรูป
T-200587,2025-08-12,ชาเขียว
T-200587,2025-08-12,ถุงพลาสติก
T-200587,2025-08-12,บะหมี่กึ่งสำเร็จรูป
T-200587,2025-08-12,ผงซักฟอก
T-200587,2025-08-12,แชมพู
T-200588,2025-09-11,ชาเขียว
T-200588,2025-09-11,น้ำดื่ม
T-200588,2025-09-11,ไข่ไก่
T-200589,2025-07-27,ถุงพลาสติก
T-200589,2025-07-27,นมสด
T-200589,2025-07-27,ผงซักฟอก
T-200590,2025-08-29,ขนมปัง
T-200590,2025-08-29,ผงซักฟอก
T-200590,2025-08-29,ไข่ไก่
T-200591,2025-08-26,ชาเขียว
T-200591,2025-08-26,ถุงพลาสติก
T-200591,2025-08-26,นมสด
T-200591,2025-08-26,ผ้าเช็ดทำความสะอาด
T-200591,2025-08-26,เบียร์
T-200591,2025-08-26,ไข่ไก่
T-200592,2025-07-24,ชาเขียว
T-200592,2025-07-24,ถุงพลาสติก
T-200592,2025-07-24,ผงซักฟอก
T-200593,2025-07-04,ถุงพลาสติก
T-200593,2025-07-04,น้ำดื่ม
T-200593,2025-07-04,ผ้าเช็ดทำความสะอาด
T-200594,2025-08-12,ชาเขียว
T-200594,2025-08-12,น้ำดื่ม
T-200594,2025-08-12,บะหมี่กึ่งสำเร็จรูป
T-200594,2025-08-12,ผงซักฟอก
T-200594,2025-08-12,ผ้าอ้อม
T-200594,2025-08-12,แชมพู
T-200595,2025-07-08,น้ำดื่ม
T-200595,2025-07-08,ผ้าอ้อม
T-200595,2025-07-08,ผ้าเช็ดทำความสะอาด
T-200596,2025-09-04,ถุงพลาสติก
T-200597,2025-08-23,ถุงพลาสติก
T-200597,2025-08-23,นมสด
T-200598,2025-09-09,ถุงพลาสติก
T-200598,2025-09-09,นมสด
T-200598,2025-09-09,น้ำดื่ม
T-200598,2025-09-09,มันฝรั่งทอด
T-200598,2025-09-09,เบียร์
T-200599,2025-07-01,ขนมปัง
T-200599,2025-07-01,ถุงพลาสติก
T-200600,2025-08-06,ถุงพลาสติก
T-200600,2025-08-06,นมสด
T-200600,2025-08-06,น้ำดื่ม
T-200600,2025-08-06,บะหมี่กึ่งสำเร็จรูป
T-200600,2025-08-06,เบียร์
T-200601,2025-08-19,กาแฟสด
T-200601,2025-08-19,ถุงพลาสติก
T-200601,2025-08-19,นมสด
T-200601,2025-08-19,น้ำดื่ม
T-200601,2025-08-19,ผ้าอ้อม
T-200601,2025-08-19,มันฝรั่งทอด
T-200601,2025-08-19,เบียร์
T-200602,2025-09-07,กาแฟสด
T-200602,2025-09-07,ขนมปัง
T-200602,2025-09-07,ถุงพลาสติก
T-200602,2025-09-07,บะหมี่กึ่งสำเร็จรูป
T-200603,2025-09-05,กาแฟสด
T-200603,2025-09-05,ถุงพลาสติก
T-200603,2025-09-05,นมสด
T-200603,2025-09-05,ผ้าอ้อม
T-200603,2025-09-05,ผ้าเช็ดทำความสะอาด
T-200603,2025-09-05,มันฝรั่งทอด
T-200603,2025-09-05,เบียร์
T-200604,2025-08-01,กาแฟสด
T-200604,2025-08-01,ถุงพลาสติก
T-200604,2025-08-01,นมสด
T-200604,2025-08-01,ผงซักฟอก
T-200605,2025-09-03,ชาเขียว
T-200606,2025-07-03,กาแฟสด
T-200607,2025-07-17,กาแฟสด
T-200608,2025-07-09,กาแฟสด
T-200608,2025-07-09,ขนมปัง
T-200608,2025-07-09,บะหมี่กึ่งสำเร็จรูป
T-200608,2025-07-09,มันฝรั่งทอด
T-200608,2025-07-09,เบียร์
T-200609,2025-07-04,ชาเขียว
T-200609,2025-07-04,ถุงพลาสติก
T-200609,2025-07-04,บะหมี่กึ่งสำเร็จรูป
T-200610,2025-09-22,นมสด
T-200611,2025-08-11,ขนมปัง
T-200611,2025-08-11,ถุงพลาสติก
T-200611,2025-08-11,น้ำดื่ม
T-200611,2025-08-11,ไข่ไก่
T-200612,2025-08-23,ถุงพลาสติก
T-200612,2025-08-23,น้ำดื่ม
T-200613,2025-08-24,ขนมปัง
T-200613,2025-08-24,ชาเขียว
T-200613,2025-08-24,น้ำดื่ม
T-200613,2025-08-24,บะหมี่กึ่งสำเร็จรูป
T-200613,2025-08-24,ไข่ไก่
T-200614,2025-09-03,ถุงพลาสติก
T-200614,2025-09-03,ผงซักฟอก
T-200614,2025-09-03,เบียร์
T-200615,2025-09-08,ถุงพลาสติก
T-200615,2025-09-08,นมสด
T-200615,2025-09-08,ผ้าอ้อม
T-200616,2025-09-06,ถุงพลาสติก
T-200616,2025-09-06,บะหมี่กึ่งสำเร็จรูป
T-200616,2025-09-06,ผงซักฟอก
T-200616,2025-09-06,แชมพู
T-200617,2025-09-08,ขนมปัง
T-200617,2025-09-08,ถุงพลาสติก
T-200617,2025-09-08,น้ำดื่ม
T-200617,2025-09-08,ผ้าอ้อม
T-200617,2025-09-08,ผ้าเช็ดทำความสะอาด
T-200618,2025-08-18,ชาเขียว
T-200618,2025-08-18,ถุงพลาสติก
T-200619,2025-07-08,กาแฟสด
T-200619,2025-07-08,ขนมปัง
T-200619,2025-07-08,ถุงพลาสติก
T-200619,2025-07-08,บะหมี่กึ่งสำเร็จรูป
T-200619,2025-07-08,ไข่ไก่
T-200620,2025-07-23,ถุงพลาสติก
T-200620,2025-07-23,ผงซักฟอก
T-200621,2025-07-25,ถุงพลาสติก
T-200621,2025-07-25,ผ้าเช็ดทำความสะอาด
T-200622,2025-08-15,ชาเขียว
T-200622,2025-08-15,ถุงพลาสติก
T-200622,2025-08-15,นมสด
T-200622,2025-08-15,แชมพู
T-200623,2025-08-23,กาแฟสด
T-200623,2025-08-23,ถุงพลาสติก
T-200624,2025-08-17,ถุงพลาสติก
T-200624,2025-08-17,ผ้าอ้อม
T-200624,2025-08-17,ผ้าเช็ดทำความสะอาด
T-200624,2025-08-17,เบียร์
T-200625,2025-07-18,ถุงพลาสติก
T-200625,2025-07-18,น้ำดื่ม
T-200626,2025-08-03,ชาเขียว
T-200626,2025-08-03,ถุงพลาสติก
T-200626,2025-08-03,นมสด
T-200626,2025-08-03,ไข่ไก่
T-200627,2025-07-16,ถุงพลาสติก
T-200628,2025-07-19,ถุงพลาสติก
T-200628,2025-07-19,ผ้าเช็ดทำความสะอาด
T-200629,2025-08-27,กาแฟสด
T-200629,2025-08-27,ขนมปัง
T-200629,2025-08-27,ถุงพลาสติก
T-200629,2025-08-27,ผงซักฟอก
T-200629,2025-08-27,ผ้าอ้อม
T-200629,2025-08-27,ผ้าเช็ดทำความสะอาด
T-200629,2025-08-27,มันฝรั่งทอด
T-200630,2025-09-17,ขนมปัง
T-200630,2025-09-17,ชาเขียว
T-200630,2025-09-17,ถุงพลาสติก
T-200630,2025-09-17,น้ำดื่ม
T-200630,2025-09-17,ผงซักฟอก
T-200631,2025-09-26,ถุงพลาสติก
T-200631,2025-09-26,ผ้าอ้อม
T-200631,2025-09-26,ไข่ไก่
T-200632,2025-07-15,ชาเขียว
T-200632,2025-07-15,ถุงพลาสติก
T-200632,2025-07-15,นมสด
T-200632,2025-07-15,น้ำดื่ม
T-200632,2025-07-15,เบียร์
T-200633,2025-07-02,ถุงพลาสติก
T-200633,2025-07-02,น้ำดื่ม
T-200633,2025-07-02,ไข่ไก่
T-200634,2025-08-25,ถุงพลาสติก
T-200634,2025-08-25,บะหมี่กึ่งสำเร็จรูป
T-200634,2025-08-25,มันฝรั่งทอด
T-200634,2025-08-25,เบียร์
T-200635,2025-08-29,กาแฟสด
T-200635,2025-08-29,น้ำดื่ม
T-200636,2025-08-17,ขนมปัง
T-200636,2025-08-17,ชาเขียว
T-200636,2025-08-17,ถุงพลาสติก
T-200636,2025-08-17,น้ำดื่ม
T-200636,2025-08-17,มันฝรั่งทอด
T-200637,2025-09-16,ถุงพลาสติก
T-200637,2025-09-16,ผ้าอ้อม
T-200637,2025-09-16,ผ้าเช็ดทำความสะอาด
T-200638,2025-09-09,ถุงพลาสติก
T-200638,2025-09-09,น้ำดื่ม
T-200638,2025-09-09,เบียร์
T-200638,2025-09-09,ไข่ไก่
T-200639,2025-08-24,กาแฟสด
T-200639,2025-08-24,ถุงพลาสติก
T-200639,2025-08-24,ไข่ไก่
T-200640,2025-07-24,ถุงพลาสติก
T-200640,2025-07-24,บะหมี่กึ่งสำเร็จรูป
T-200641,2025-07-04,ถุงพลาสติก
T-200641,2025-07-04,น้ำดื่ม
T-200641,2025-07-04,ไข่ไก่
T-200642,2025-08-03,ถุงพลาสติก
T-200642,2025-08-03,นมสด
T-200642,2025-08-03,แชมพู
T-200643,2025-09-07,ถุงพลาสติก
T-200643,2025-09-07,น้ำดื่ม
T-200643,2025-09-07,บะหมี่กึ่งสำเร็จรูป
T-200643,2025-09-07,ผ้าอ้อม
T-200643,2025-09-07,ผ้าเช็ดทำความสะอาด
T-200643,2025-09-07,เบียร์
T-200643,2025-09-07,แชมพู
T-200644,2025-08-05,ขนมปัง
T-200644,2025-08-05,ถุงพลาสติก
T-200644,2025-08-05,ผ้าเช็ดทำความสะอาด
T-200644,2025-08-05,มันฝรั่งทอด
T-200644,2025-08-05,เบียร์
T-200645,2025-09-01,ถุงพลาสติก
T-200645,2025-09-01,มันฝรั่งทอด
T-200646,2025-08-30,ขนมปัง
T-200646,2025-08-30,ถุงพลาสติก
T-200646,2025-08-30,ผ้าเช็ดทำความสะอาด
T-200646,2025-08-30,เบียร์
T-200647,2025-07-08,ชาเขียว
T-200647,2025-07-08,ถุงพลาสติก
T-200647,2025-07-08,นมสด
T-200648,2025-09-09,กาแฟสด
T-200648,2025-09-09,ถุงพลาสติก
T-200648,2025-09-09,ผ้าอ้อม
T-200648,2025-09-09,ผ้าเช็ดทำความสะอาด
T-200648,2025-09-09,เบียร์
T-200649,2025-08-27,ชาเขียว
T-200649,2025-08-27,ถุงพลาสติก
T-200649,2025-08-27,บะหมี่กึ่งสำเร็จรูป
T-200649,2025-08-27,มันฝรั่งทอด
T-200649,2025-08-27,ไข่ไก่
T-200650,2025-09-02,ผงซักฟอก
T-200650,2025-09-02,เบียร์
T-200650,2025-09-02,แชมพู
T-200650,2025-09-02,ไข่ไก่
T-200651,2025-08-23,มันฝรั่งทอด
T-200651,2025-08-23,เบียร์
T-200652,2025-08-01,ขนมปัง
T-200652,2025-08-01,ถุงพลาสติก
T-200652,2025-08-01,มันฝรั่งทอด
T-200653,2025-08-18,ถุงพลาสติก
T-200653,2025-08-18,ผงซักฟอก
T-200654,2025-07-06,กาแฟสด
T-200654,2025-07-06,ถุงพลาสติก
T-200654,2025-07-06,น้ำดื่ม
T-200654,2025-07-06,บะหมี่กึ่งสำเร็จรูป
T-200654,2025-07-06,ผงซักฟอก
T-200654,2025-07-06,แชมพู
T-200655,2025-08-04,ถุงพลาสติก
T-200655,2025-08-04,นมสด
T-200655,2025-08-04,บะหมี่กึ่งสำเร็จรูป
T-200655,2025-08-04,ผ้าอ้อม
T-200655,2025-08-04,ไข่ไก่
T-200656,2025-07-19,บะหมี่กึ่งสำเร็จรูป
T-200657,2025-08-25,ขนมปัง
T-200657,2025-08-25,ถุงพลาสติก
T-200657,2025-08-25,นมสด
T-200657,2025-08-25,ผ้าเช็ดทำความสะอาด
T-200658,2025-09-19,ขนมปัง
T-200658,2025-09-19,ถุงพลาสติก
T-200658,2025-09-19,น้ำดื่ม
T-200658,2025-09-19,มันฝรั่งทอด
T-200659,2025-07-23,ขนมปัง
T-200659,2025-07-23,แชมพู
T-200660,2025-09-25,ถุงพลาสติก
T-200660,2025-09-25,นมสด
T-200660,2025-09-25,ไข่ไก่
T-200661,2025-09-24,ขนมปัง
T-200661,2025-09-24,ถุงพลาสติก
T-200661,2025-09-24,น้ำดื่ม
T-200662,2025-09-27,ถุงพลาสติก
T-200662,2025-09-27,บะหมี่กึ่งสำเร็จรูป
T-200662,2025-09-27,มันฝรั่งทอด
T-200663,2025-08-23,ถุงพลาสติก
T-200663,2025-08-23,นมสด
T-200663,2025-08-23,บะหมี่กึ่งสำเร็จรูป
T-200663,2025-08-23,เบียร์
T-200664,2025-07-06,น้ำดื่ม
T-200664,2025-07-06,เบียร์
T-200665,2025-08-12,ขนมปัง
T-200665,2025-08-12,ถุงพลาสติก
T-200665,2025-08-12,มันฝรั่งทอด
T-200665,2025-08-12,แชมพู
T-200666,2025-09-02,ชาเขียว
T-200666,2025-09-02,ถุงพลาสติก
T-200666,2025-09-02,นมสด
T-200666,2025-09-02,ไข่ไก่
T-200667,2025-08-31,กาแฟสด
T-200667,2025-08-31,ขนมปัง
T-200667,2025-08-31,ไข่ไก่
T-200668,2025-07-04,ถุงพลาสติก
T-200668,2025-07-04,น้ำดื่ม
T-200668,2025-07-04,ผงซักฟอก
T-200669,2025-07-15,ขนมปัง
T-200669,2025-07-15,ถุงพลาสติก
T-200670,2025-09-20,กาแฟสด
T-200670,2025-09-20,ขนมปัง
T-200670,2025-09-20,ถุงพลาสติก
T-200670,2025-09-20,ไข่ไก่
T-200671,2025-07-30,ขนมปัง
T-200671,2025-07-30,ถุงพลาสติก
T-200671,2025-07-30,น้ำดื่ม
T-200671,2025-07-30,บะหมี่กึ่งสำเร็จรูป
T-200672,2025-07-22,ถุงพลาสติก
T-200673,2025-08-10,ขนมปัง
T-200673,2025-08-10,ชาเขียว
T-200673,2025-08-10,ถุงพลาสติก
T-200674,2025-08-03,กาแฟสด
T-200674,2025-08-03,ถุงพลาสติก
T-200674,2025-08-03,นมสด
T-200675,2025-07-17,ถุงพลาสติก
T-200675,2025-07-17,บะหมี่กึ่งสำเร็จรูป
T-200675,2025-07-17,ผงซักฟอก
T-200675,2025-07-17,เบียร์
T-200675,2025-07-17,ไข่ไก่
T-200676,2025-09-17,กาแฟสด
T-200676,2025-09-17,ถุงพลาสติก
T-200676,2025-09-17,บะหมี่กึ่งสำเร็จรูป
T-200677,2025-09-17,ผงซักฟอก
T-200678,2025-09-17,ถุงพลาสติก
T-200678,2025-09-17,มันฝรั่งทอด
T-200679,2025-08-20,ถุงพลาสติก
T-200679,2025-08-20,เบียร์
T-200680,2025-07-30,กาแฟสด
T-200680,2025-07-30,ถุงพลาสติก
T-200680,2025-07-30,นมสด
T-200680,2025-07-30,แชมพู
T-200681,2025-09-28,ถุงพลาสติก
T-200681,2025-09-28,นมสด
T-200681,2025-09-28,น้ำดื่ม
T-200681,2025-09-28,บะหมี่กึ่งสำเร็จรูป
T-200681,2025-09-28,ผ้าอ้อม
T-200681,2025-09-28,ผ้าเช็ดทำความสะอาด
T-200681,2025-09-28,มันฝรั่งทอด
T-200682,2025-07-19,ถุงพลาสติก
T-200682,2025-07-19,น้ำดื่ม
T-200682,2025-07-19,มันฝรั่งทอด
T-200683,2025-08-18,ขนมปัง
T-200683,2025-08-18,ถุงพลาสติก
T-200683,2025-08-18,นมสด
T-200683,2025-08-18,น้ำดื่ม
T-200683,2025-08-18,ผ้าอ้อม
T-200684,2025-07-15,กาแฟสด
T-200684,2025-07-15,ถุงพลาสติก
T-200684,2025-07-15,น้ำดื่ม
T-200684,2025-07-15,บะหมี่กึ่งสำเร็จรูป
T-200685,2025-07-01,กาแฟสด
T-200686,2025-08-10,กาแฟสด
T-200687,2025-09-27,ขนมปัง
T-200687,2025-09-27,ถุงพลาสติก
T-200687,2025-09-27,มันฝรั่งทอด
T-200688,2025-08-10,ถุงพลาสติก
T-200688,2025-08-10,ผ้าอ้อม
T-200688,2025-08-10,ผ้าเช็ดทำความสะอาด
T-200689,2025-09-16,ถุงพลาสติก
T-200689,2025-09-16,แชมพู
T-200690,2025-08-04,นมสด
T-200690,2025-08-04,เบียร์
T-200691,2025-09-03,นมสด
T-200691,2025-09-03,น้ำดื่ม
T-200691,2025-09-03,บะหมี่กึ่งสำเร็จรูป
T-200691,2025-09-03,ผ้าอ้อม
T-200691,2025-09-03,ผ้าเช็ดทำความสะอาด
T-200691,2025-09-03,มันฝรั่งทอด
T-200692,2025-09-22,ชาเขียว
T-200692,2025-09-22,ถุงพลาสติก
T-200692,2025-09-22,ผงซักฟอก
T-200692,2025-09-22,มันฝรั่งทอด
T-200693,2025-08-09,ขนมปัง
T-200693,2025-08-09,ชาเขียว
T-200693,2025-08-09,ถุงพลาสติก
T-200693,2025-08-09,มันฝรั่งทอด
T-200693,2025-08-09,เบียร์
T-200694,2025-07-10,ถุงพลาสติก
T-200695,2025-07-04,น้ำดื่ม
T-200695,2025-07-04,แชมพู
T-200696,2025-09-15,ชาเขียว
T-200697,2025-09-25,ชาเขียว
T-200697,2025-09-25,ถุงพลาสติก
T-200697,2025-09-25,นมสด
T-200698,2025-09-14,ชาเขียว
T-200698,2025-09-14,ถุงพลาสติก
T-200698,2025-09-14,น้ำดื่ม
T-200699,2025-07-05,ถุงพลาสติก
T-200700,2025-07-03,ถุงพลาสติก
T-200700,2025-07-03,น้ำดื่ม
T-200701,2025-09-13,ถุงพลาสติก
T-200701,2025-09-13,น้ำดื่ม
T-200701,2025-09-13,บะหมี่กึ่งสำเร็จรูป
T-200701,2025-09-13,ผ้าอ้อม
T-200701,2025-09-13,ผ้าเช็ดทำความสะอาด
T-200702,2025-09-03,ชาเขียว
T-200702,2025-09-03,ถุงพลาสติก
T-200702,2025-09-03,บะหมี่กึ่งสำเร็จรูป
T-200702,2025-09-03,ผงซักฟอก
T-200703,2025-07-21,ถุงพลาสติก
T-200703,2025-07-21,มันฝรั่งทอด
T-200703,2025-07-21,เบียร์
T-200704,2025-07-23,กาแฟสด
T-200704,2025-07-23,ขนมปัง
T-200704,2025-07-23,ถุงพลาสติก
T-200704,2025-07-23,บะหมี่กึ่งสำเร็จรูป
T-200705,2025-07-07,กาแฟสด
T-200705,2025-07-07,ถุงพลาสติก
T-200705,2025-07-07,มันฝรั่งทอด
T-200705,2025-07-07,เบียร์
T-200706,2025-09-14,ขนมปัง
T-200706,2025-09-14,ถุงพลาสติก
T-200706,2025-09-14,บะหมี่กึ่งสำเร็จรูป
T-200706,2025-09-14,เบียร์
T-200706,2025-09-14,ไข่ไก่
T-200707,2025-09-28,กาแฟสด
T-200707,2025-09-28,ถุงพลาสติก
T-200708,2025-08-29,ขนมปัง
T-200708,2025-08-29,ชาเขียว
T-200708,2025-08-29,ถุงพลาสติก
T-200708,2025-08-29,นมสด
T-200709,2025-09-16,ถุงพลาสติก
T-200709,2025-09-16,บะหมี่กึ่งสำเร็จรูป
T-200709,2025-09-16,ไข่ไก่
T-200710,2025-07-24,ถุงพลาสติก
T-200710,2025-07-24,บะหมี่กึ่งสำเร็จรูป
T-200710,2025-07-24,เบียร์
T-200711,2025-08-18,ขนมปัง
T-200711,2025-08-18,ชาเขียว
T-200711,2025-08-18,ถุงพลาสติก
T-200711,2025-08-18,น้ำดื่ม
T-200711,2025-08-18,ไข่ไก่
T-200712,2025-08-21,กาแฟสด
T-200712,2025-08-21,ถุงพลาสติก
T-200712,2025-08-21,น้ำดื่ม
T-200712,2025-08-21,บะหมี่กึ่งสำเร็จรูป
T-200712,2025-08-21,ผ้าอ้อม
T-200712,2025-08-21,ผ้าเช็ดทำความสะอาด
T-200713,2025-07-04,ถุงพลาสติก
T-200713,2025-07-04,ผ้าอ้อม
T-200713,2025-07-04,ผ้าเช็ดทำความสะอาด
T-200713,2025-07-04,เบียร์
T-200714,2025-08-12,ถุงพลาสติก
T-200714,2025-08-12,นมสด
T-200714,2025-08-12,ผงซักฟอก
T-200714,2025-08-12,ไข่ไก่
T-200715,2025-08-19,กาแฟสด
T-200715,2025-08-19,ถุงพลาสติก
T-200715,2025-08-19,นมสด
T-200715,2025-08-19,น้ำดื่ม
T-200715,2025-08-19,เบียร์
T-200716,2025-08-18,ถุงพลาสติก
T-200716,2025-08-18,ผ้าอ้อม
T-200716,2025-08-18,ผ้าเช็ดทำความสะอาด
T-200716,2025-08-18,แชมพู
T-200717,2025-09-04,ถุงพลาสติก
T-200717,2025-09-04,น้ำดื่ม
T-200717,2025-09-04,มันฝรั่งทอด
T-200717,2025-09-04,ไข่ไก่
T-200718,2025-09-06,ขนมปัง
T-200718,2025-09-06,ชาเขียว
T-200718,2025-09-06,ถุงพลาสติก
T-200718,2025-09-06,นมสด
T-200718,2025-09-06,น้ำดื่ม
T-200719,2025-08-09,ขนมปัง
T-200719,2025-08-09,ถุงพลาสติก
T-200719,2025-08-09,ผงซักฟอก
T-200719,2025-08-09,เบียร์
T-200720,2025-07-20,ถุงพลาสติก
T-200720,2025-07-20,น้ำดื่ม
T-200720,2025-07-20,มันฝรั่งทอด
T-200720,2025-07-20,ไข่ไก่
T-200721,2025-09-23,ขนมปัง
T-200721,2025-09-23,ถุงพลาสติก
T-200721,2025-09-23,บะหมี่กึ่งสำเร็จรูป
T-200722,2025-09-22,ขนมปัง
T-200722,2025-09-22,นมสด
T-200722,2025-09-22,น้ำดื่ม
T-200722,2025-09-22,มันฝรั่งทอด
T-200723,2025-07-03,กาแฟสด
T-200723,2025-07-03,ถุงพลาสติก
T-200723,2025-07-03,บะหมี่กึ่งสำเร็จรูป
T-200723,2025-07-03,ไข่ไก่
T-200724,2025-08-12,น้ำดื่ม
T-200724,2025-08-12,บะหมี่กึ่งสำเร็จรูป
T-200725,2025-08-05,ขนมปัง
T-200725,2025-08-05,ถุงพลาสติก
T-200725,2025-08-05,ผ้าอ้อม
T-200725,2025-08-05,ผ้าเช็ดทำความสะอาด
T-200725,2025-08-05,มันฝรั่งทอด
T-200725,2025-08-05,ไข่ไก่
T-200726,2025-08-22,ถุงพลาสติก
T-200726,2025-08-22,ผ้าเช็ดทำความสะอาด
T-200726,2025-08-22,มันฝรั่งทอด
T-200727,2025-09-03,ถุงพลาสติก
T-200727,2025-09-03,น้ำดื่ม
T-200727,2025-09-03,ผ้าอ้อม
T-200727,2025-09-03,ผ้าเช็ดทำความสะอาด
T-200727,2025-09-03,ไข่ไก่
T-200728,2025-07-01,ถุงพลาสติก
T-200729,2025-07-26,ขนมปัง
T-200729,2025-07-26,ถุงพลาสติก
T-200729,2025-07-26,ผ้าอ้อม
T-200729,2025-07-26,ไข่ไก่
T-200730,2025-09-24,ชาเขียว
T-200730,2025-09-24,ถุงพลาสติก
T-200731,2025-09-08,ถุงพลาสติก
T-200731,2025-09-08,น้ำดื่ม
T-200732,2025-08-13,ถุงพลาสติก
T-200732,2025-08-13,น้ำดื่ม
T-200733,2025-09-17,ถุงพลาสติก
T-200733,2025-09-17,บะหมี่กึ่งสำเร็จรูป
T-200733,2025-09-17,ผ้าอ้อม
T-200733,2025-09-17,ผ้าเช็ดทำความสะอาด
T-200734,2025-08-11,ถุงพลาสติก
T-200734,2025-08-11,ไข่ไก่
T-200735,2025-09-16,ชาเขียว
T-200735,2025-09-16,ถุงพลาสติก
T-200735,2025-09-16,นมสด
T-200735,2025-09-16,ไข่ไก่
T-200736,2025-09-21,กาแฟสด
T-200736,2025-09-21,น้ำดื่ม
T-200737,2025-09-13,กาแฟสด
T-200737,2025-09-13,ขนมปัง
T-200737,2025-09-13,ถุงพลาสติก
T-200737,2025-09-13,ไข่ไก่
T-200738,2025-07-24,ถุงพลาสติก
T-200738,2025-07-24,ผงซักฟอก
T-200739,2025-07-24,ขนมปัง
T-200739,2025-07-24,ถุงพลาสติก
T-200740,2025-09-15,ผงซักฟอก
T-200741,2025-08-22,ขนมปัง
T-200741,2025-08-22,ชาเขียว
T-200741,2025-08-22,ถุงพลาสติก
T-200741,2025-08-22,น้ำดื่ม
T-200741,2025-08-22,บะหมี่กึ่งสำเร็จรูป
T-200742,2025-08-29,ถุงพลาสติก
T-200742,2025-08-29,บะหมี่กึ่งสำเร็จรูป
T-200742,2025-08-29,ผงซักฟอก
T-200743,2025-09-27,ถุงพลาสติก
T-200743,2025-09-27,นมสด
T-200743,2025-09-27,ผ้าเช็ดทำความสะอาด
T-200744,2025-08-04,ขนมปัง
T-200744,2025-08-04,ถุงพลาสติก
T-200744,2025-08-04,น้ำดื่ม
T-200744,2025-08-04,บะหมี่กึ่งสำเร็จรูป
T-200745,2025-09-24,กาแฟสด
T-200745,2025-09-24,ถุงพลาสติก
T-200745,2025-09-24,นมสด
T-200745,2025-09-24,เบียร์
T-200746,2025-08-05,ผงซักฟอก
T-200746,2025-08-05,ไข่ไก่
T-200747,2025-09-01,ขนมปัง
T-200747,2025-09-01,น้ำดื่ม
T-200748,2025-07-29,กาแฟสด
T-200748,2025-07-29,ถุงพลาสติก
T-200748,2025-07-29,นมสด
T-200748,2025-07-29,น้ำดื่ม
T-200748,2025-07-29,ผงซักฟอก
T-200749,2025-09-15,ขนมปัง
T-200749,2025-09-15,ถุงพลาสติก
T-200749,2025-09-15,น้ำดื่ม
T-200749,2025-09-15,มันฝรั่งทอด
T-200750,2025-08-24,ขนมปัง
T-200751,2025-07-25,ถุงพลาสติก
T-200751,2025-07-25,บะหมี่กึ่งสำเร็จรูป
T-200752,2025-08-07,ขนมปัง
T-200753,2025-07-09,ขนมปัง
T-200753,2025-07-09,ถุงพลาสติก
T-200753,2025-07-09,บะหมี่กึ่งสำเร็จรูป
T-200753,2025-07-09,เบียร์
T-200753,2025-07-09,ไข่ไก่
T-200754,2025-09-08,ขนมปัง
T-200754,2025-09-08,ถุงพลาสติก
T-200754,2025-09-08,น้ำดื่ม
T-200754,2025-09-08,บะหมี่กึ่งสำเร็จรูป
T-200755,2025-09-18,กาแฟสด
T-200755,2025-09-18,ถุงพลาสติก
T-200755,2025-09-18,นมสด
T-200756,2025-09-14,ขนมปัง
T-200756,2025-09-14,ถุงพลาสติก
T-200756,2025-09-14,นมสด
T-200756,2025-09-14,มันฝรั่งทอด
T-200757,2025-07-22,น้ำดื่ม
T-200757,2025-07-22,ผ้าอ้อม
T-200757,2025-07-22,ผ้าเช็ดทำความสะอาด
T-200757,2025-07-22,ไข่ไก่
T-200758,2025-07-20,ขนมปัง
T-200758,2025-07-20,นมสด
T-200758,2025-07-20,บะหมี่กึ่งสำเร็จรูป
T-200759,2025-09-24,ขนมปัง
T-200759,2025-09-24,ถุงพลาสติก
T-200759,2025-09-24,นมสด
T-200759,2025-09-24,บะหมี่กึ่งสำเร็จรูป
T-200759,2025-09-24,ไข่ไก่
T-200760,2025-09-05,ขนมปัง
T-200760,2025-09-05,ชาเขียว
T-200760,2025-09-05,ถุงพลาสติก
T-200760,2025-09-05,ผ้าอ้อม
T-200760,2025-09-05,ผ้าเช็ดทำความสะอาด
T-200760,2025-09-05,เบียร์
T-200760,2025-09-05,ไข่ไก่
T-200761,2025-08-12,ถุงพลาสติก
T-200761,2025-08-12,นมสด
T-200761,2025-08-12,ผ้าอ้อม
T-200761,2025-08-12,ไข่ไก่
T-200762,2025-09-10,กาแฟสด
T-200762,2025-09-10,ถุงพลาสติก
T-200762,2025-09-10,นมสด
T-200762,2025-09-10,น้ำดื่ม
T-200763,2025-07-13,ขนมปัง
T-200763,2025-07-13,ถุงพลาสติก
T-200763,2025-07-13,น้ำดื่ม
T-200763,2025-07-13,ผ้าเช็ดทำความสะอาด
T-200763,2025-07-13,ไข่ไก่
T-200764,2025-08-06,กาแฟสด
T-200764,2025-08-06,ถุงพลาสติก
T-200764,2025-08-06,นมสด
T-200764,2025-08-06,น้ำดื่ม
T-200764,2025-08-06,ผงซักฟอก
T-200765,2025-07-01,ชาเขียว
T-200765,2025-07-01,ถุงพลาสติก
T-200765,2025-07-01,บะหมี่กึ่งสำเร็จรูป
T-200765,2025-07-01,มันฝรั่งทอด
T-200766,2025-09-17,ถุงพลาสติก
T-200766,2025-09-17,นมสด
T-200766,2025-09-17,ไข่ไก่
T-200767,2025-08-19,กาแฟสด
T-200767,2025-08-19,ถุงพลาสติก
T-200767,2025-08-19,น้ำดื่ม
T-200767,2025-08-19,มันฝรั่งทอด
T-200768,2025-09-04,ถุงพลาสติก
T-200768,2025-09-04,ผ้าอ้อม
T-200768,2025-09-04,ผ้าเช็ดทำความสะอาด
T-200768,2025-09-04,มันฝรั่งทอด
T-200769,2025-08-21,ถุงพลาสติก
T-200769,2025-08-21,นมสด
T-200769,2025-08-21,บะหมี่กึ่งสำเร็จรูป
T-200769,2025-08-21,ผงซักฟอก
T-200769,2025-08-21,มันฝรั่งทอด
T-200770,2025-09-25,ถุงพลาสติก
T-200770,2025-09-25,บะหมี่กึ่งสำเร็จรูป
T-200770,2025-09-25,ผ้าเช็ดทำความสะอาด
T-200770,2025-09-25,ไข่ไก่
T-200771,2025-07-27,แชมพู
T-200771,2025-07-27,ไข่ไก่
T-200772,2025-08-17,ถุงพลาสติก
T-200772,2025-08-17,น้ำดื่ม
T-200772,2025-08-17,บะหมี่กึ่งสำเร็จรูป
T-200773,2025-07-21,ชาเขียว
T-200773,2025-07-21,ถุงพลาสติก
T-200773,2025-07-21,เบียร์
T-200774,2025-09-13,ถุงพลาสติก
T-200774,2025-09-13,นมสด
T-200774,2025-09-13,น้ำดื่ม
T-200774,2025-09-13,บะหมี่กึ่งสำเร็จรูป
T-200775,2025-09-22,ขนมปัง
T-200775,2025-09-22,ถุงพลาสติก
T-200775,2025-09-22,บะหมี่กึ่งสำเร็จรูป
T-200776,2025-08-29,ขนมปัง
T-200776,2025-08-29,ถุงพลาสติก
T-200776,2025-08-29,น้ำดื่ม
T-200777,2025-09-05,ชาเขียว
T-200777,2025-09-05,ถุงพลาสติก
T-200778,2025-07-19,ถุงพลาสติก
T-200778,2025-07-19,ผงซักฟอก
T-200778,2025-07-19,ไข่ไก่
T-200779,2025-07-17,ถุงพลาสติก
T-200779,2025-07-17,น้ำดื่ม
T-200779,2025-07-17,ผ้าอ้อม
T-200779,2025-07-17,ผ้าเช็ดทำความสะอาด
T-200779,2025-07-17,เบียร์
T-200780,2025-09-25,ถุงพลาสติก
T-200781,2025-08-28,ถุงพลาสติก
T-200781,2025-08-28,แชมพู
T-200782,2025-09-13,ถุงพลาสติก
T-200782,2025-09-13,นมสด
T-200782,2025-09-13,บะหมี่กึ่งสำเร็จรูป
T-200782,2025-09-13,มันฝรั่งทอด
T-200783,2025-07-22,ถุงพลาสติก
T-200783,2025-07-22,นมสด
T-200783,2025-07-22,น้ำดื่ม
T-200784,2025-07-12,กาแฟสด
T-200784,2025-07-12,มันฝรั่งทอด
T-200785,2025-07-31,เบียร์
T-200785,2025-07-31,ไข่ไก่
T-200786,2025-08-26,ถุงพลาสติก
T-200786,2025-08-26,ไข่ไก่
T-200787,2025-09-13,ถุงพลาสติก
T-200788,2025-08-28,กาแฟสด
T-200788,2025-08-28,ถุงพลาสติก
T-200788,2025-08-28,บะหมี่กึ่งสำเร็จรูป
T-200788,2025-08-28,มันฝรั่งทอด
T-200789,2025-07-07,ขนมปัง
T-200789,2025-07-07,ถุงพลาสติก
T-200789,2025-07-07,น้ำดื่ม
T-200790,2025-08-18,ขนมปัง
T-200790,2025-08-18,ถุงพลาสติก
T-200790,2025-08-18,น้ำดื่ม
T-200790,2025-08-18,เบียร์
T-200790,2025-08-18,แชมพู
T-200791,2025-09-24,ขนมปัง
T-200791,2025-09-24,ถุงพลาสติก
T-200791,2025-09-24,น้ำดื่ม
T-200791,2025-09-24,มันฝรั่งทอด
T-200791,2025-09-24,ไข่ไก่
T-200792,2025-07-20,ขนมปัง
T-200792,2025-07-20,ถุงพลาสติก
T-200793,2025-07-12,ถุงพลาสติก
T-200794,2025-08-27,กาแฟสด
T-200794,2025-08-27,ถุงพลาสติก
T-200794,2025-08-27,น้ำดื่ม
T-200794,2025-08-27,เบียร์
T-200795,2025-09-04,กาแฟสด
T-200795,2025-09-04,ถุงพลาสติก
T-200796,2025-08-25,กาแฟสด
T-200796,2025-08-25,ถุงพลาสติก
T-200796,2025-08-25,นมสด
T-200796,2025-08-25,ผงซักฟอก
T-200796,2025-08-25,เบียร์
T-200797,2025-07-10,นมสด
T-200797,2025-07-10,มันฝรั่งทอด
T-200797,2025-07-10,เบียร์
T-200798,2025-08-17,ถุงพลาสติก
T-200798,2025-08-17,น้ำดื่ม
T-200798,2025-08-17,ผงซักฟอก
T-200798,2025-08-17,เบียร์
T-200799,2025-08-03,ถุงพลาสติก
T-200799,2025-08-03,นมสด
T-200799,2025-08-03,บะหมี่กึ่งสำเร็จรูป
T-200800,2025-09-09,กาแฟสด
T-200800,2025-09-09,มันฝรั่งทอด
T-200800,2025-09-09,เบียร์
T-200800,2025-09-09,แชมพู
T-200801,2025-08-06,ถุงพลาสติก
T-200801,2025-08-06,น้ำดื่ม
T-200802,2025-08-05,ถุงพลาสติก
T-200802,2025-08-05,ผงซักฟอก
T-200802,2025-08-05,แชมพู
T-200803,2025-09-26,ขนมปัง
T-200803,2025-09-26,ถุงพลาสติก
T-200803,2025-09-26,น้ำดื่ม
T-200803,2025-09-26,ผ้าอ้อม
T-200803,2025-09-26,ผ้าเช็ดทำความสะอาด
T-200803,2025-09-26,ไข่ไก่
T-200804,2025-09-21,ขนมปัง
T-200804,2025-09-21,ชาเขียว
T-200804,2025-09-21,ถุงพลาสติก
T-200804,2025-09-21,น้ำดื่ม
T-200804,2025-09-21,ผ้าอ้อม
T-200804,2025-09-21,ผ้าเช็ดทำความสะอาด
T-200804,2025-09-21,ไข่ไก่
T-200805,2025-09-11,ถุงพลาสติก
T-200805,2025-09-11,ผงซักฟอก
T-200805,2025-09-11,ผ้าอ้อม
T-200806,2025-07-01,ขนมปัง
T-200806,2025-07-01,ถุงพลาสติก
T-200806,2025-07-01,น้ำดื่ม
T-200807,2025-09-11,ถุงพลาสติก
T-200807,2025-09-11,นมสด
T-200807,2025-09-11,น้ำดื่ม
T-200807,2025-09-11,บะหมี่กึ่งสำเร็จรูป
T-200807,2025-09-11,ไข่ไก่
T-200808,2025-08-31,ขนมปัง
T-200808,2025-08-31,ชาเขียว
T-200808,2025-08-31,ถุงพลาสติก
T-200809,2025-08-06,ชาเขียว
T-200810,2025-09-26,ถุงพลาสติก
T-200810,2025-09-26,นมสด
T-200810,2025-09-26,น้ำดื่ม
T-200810,2025-09-26,เบียร์
T-200811,2025-08-14,ถุงพลาสติก
T-200811,2025-08-14,นมสด
T-200811,2025-08-14,น้ำดื่ม
T-200812,2025-09-15,ถุงพลาสติก
T-200812,2025-09-15,น้ำดื่ม
T-200812,2025-09-15,ไข่ไก่
T-200813,2025-07-11,ขนมปัง
T-200813,2025-07-11,ถุงพลาสติก
T-200813,2025-07-11,น้ำดื่ม
T-200813,2025-07-11,บะหมี่กึ่งสำเร็จรูป
T-200814,2025-07-24,ขนมปัง
T-200814,2025-07-24,ถุงพลาสติก
T-200814,2025-07-24,บะหมี่กึ่งสำเร็จรูป
T-200815,2025-08-18,กาแฟสด
T-200815,2025-08-18,ถุงพลาสติก
T-200815,2025-08-18,น้ำดื่ม
T-200815,2025-08-18,บะหมี่กึ่งสำเร็จรูป
T-200816,2025-07-22,ขนมปัง
T-200816,2025-07-22,ถุงพลาสติก
T-200816,2025-07-22,มันฝรั่งทอด
T-200817,2025-08-04,ชาเขียว
T-200817,2025-08-04,ถุงพลาสติก
T-200817,2025-08-04,บะหมี่กึ่งสำเร็จรูป
T-200817,2025-08-04,มันฝรั่งทอด
T-200818,2025-08-13,ถุงพลาสติก
T-200819,2025-09-19,ชาเขียว
T-200819,2025-09-19,ถุงพลาสติก
T-200819,2025-09-19,น้ำดื่ม
T-200819,2025-09-19,บะหมี่กึ่งสำเร็จรูป
T-200819,2025-09-19,ผ้าอ้อม
T-200819,2025-09-19,ผ้าเช็ดทำความสะอาด
T-200820,2025-07-04,กาแฟสด
T-200820,2025-07-04,ถุงพลาสติก
T-200820,2025-07-04,บะหมี่กึ่งสำเร็จรูป
T-200820,2025-07-04,แชมพู
T-200821,2025-08-15,กาแฟสด
T-200821,2025-08-15,ถุงพลาสติก
T-200821,2025-08-15,บะหมี่กึ่งสำเร็จรูป
T-200821,2025-08-15,มันฝรั่งทอด
T-200822,2025-09-06,ถุงพลาสติก
T-200822,2025-09-06,น้ำดื่ม
T-200822,2025-09-06,มันฝรั่งทอด
T-200823,2025-07-05,ชาเขียว
T-200823,2025-07-05,ถุงพลาสติก
T-200823,2025-07-05,ผงซักฟอก
T-200824,2025-09-24,ขนมปัง
T-200824,2025-09-24,ถุงพลาสติก
T-200824,2025-09-24,นมสด
T-200824,2025-09-24,น้ำดื่ม
T-200824,2025-09-24,ผงซักฟอก
T-200824,2025-09-24,ผ้าเช็ดทำความสะอาด
T-200825,2025-08-20,ถุงพลาสติก
T-200825,2025-08-20,น้ำดื่ม
T-200825,2025-08-20,ไข่ไก่
T-200826,2025-07-25,ถุงพลาสติก
T-200826,2025-07-25,บะหมี่กึ่งสำเร็จรูป
T-200826,2025-07-25,แชมพู
T-200826,2025-07-25,ไข่ไก่
T-200827,2025-07-22,กาแฟสด
T-200827,2025-07-22,ถุงพลาสติก
T-200827,2025-07-22,ผ้าเช็ดทำความสะอาด
T-200828,2025-07-26,กาแฟสด
T-200828,2025-07-26,ขนมปัง
T-200828,2025-07-26,ถุงพลาสติก
T-200828,2025-07-26,ไข่ไก่
T-200829,2025-08-28,ถุงพลาสติก
T-200829,2025-08-28,บะหมี่กึ่งสำเร็จรูป
T-200829,2025-08-28,ผงซักฟอก
T-200830,2025-08-06,ขนมปัง
T-200830,2025-08-06,น้ำดื่ม
T-200830,2025-08-06,บะหมี่กึ่งสำเร็จรูป
T-200831,2025-07-12,ขนมปัง
T-200831,2025-07-12,น้ำดื่ม
T-200832,2025-08-15,ถุงพลาสติก
T-200832,2025-08-15,บะหมี่กึ่งสำเร็จรูป
T-200832,2025-08-15,ผ้าเช็ดทำความสะอาด
T-200833,2025-08-23,ขนมปัง
T-200833,2025-08-23,ถุงพลาสติก
T-200833,2025-08-23,นมสด
T-200834,2025-07-30,น้ำดื่ม
T-200834,2025-07-30,มันฝรั่งทอด
T-200834,2025-07-30,เบียร์
T-200835,2025-09-15,ชาเขียว
T-200835,2025-09-15,นมสด
T-200835,2025-09-15,น้ำดื่ม
T-200836,2025-07-14,ชาเขียว
T-200836,2025-07-14,ถุงพลาสติก
T-200836,2025-07-14,นมสด
T-200836,2025-07-14,ผงซักฟอก
T-200836,2025-07-14,มันฝรั่งทอด
T-200837,2025-07-15,กาแฟสด
T-200837,2025-07-15,เบียร์
T-200838,2025-09-04,นมสด
T-200839,2025-09-18,กาแฟสด
T-200839,2025-09-18,มันฝรั่งทอด
T-200839,2025-09-18,เบียร์
T-200840,2025-09-19,ผ้าอ้อม
T-200840,2025-09-19,ผ้าเช็ดทำความสะอาด
T-200840,2025-09-19,เบียร์
T-200841,2025-07-11,ถุงพลาสติก
T-200842,2025-08-19,ถุงพลาสติก
T-200842,2025-08-19,น้ำดื่ม
T-200842,2025-08-19,เบียร์
T-200842,2025-08-19,แชมพู
T-200843,2025-07-30,ผ้าอ้อม
T-200843,2025-07-30,ผ้าเช็ดทำความสะอาด
T-200843,2025-07-30,แชมพู
T-200844,2025-08-20,ชาเขียว
T-200844,2025-08-20,ถุงพลาสติก
T-200844,2025-08-20,ไข่ไก่
T-200845,2025-08-27,ขนมปัง
T-200845,2025-08-27,ถุงพลาสติก
T-200845,2025-08-27,มันฝรั่งทอด
T-200846,2025-07-15,ถุงพลาสติก
T-200846,2025-07-15,ผงซักฟอก
T-200847,2025-08-14,กาแฟสด
T-200847,2025-08-14,ถุงพลาสติก
T-200847,2025-08-14,นมสด
T-200847,2025-08-14,น้ำดื่ม
T-200847,2025-08-14,มันฝรั่งทอด
T-200848,2025-09-28,ขนมปัง
T-200848,2025-09-28,ถุงพลาสติก
T-200848,2025-09-28,น้ำดื่ม
T-200848,2025-09-28,เบียร์
T-200848,2025-09-28,แชมพู
T-200849,2025-07-30,ขนมปัง
T-200849,2025-07-30,ชาเขียว
T-200849,2025-07-30,ถุงพลาสติก
T-200849,2025-07-30,ผงซักฟอก
T-200850,2025-08-12,ผ้าอ้อม
T-200850,2025-08-12,แชมพู
T-200851,2025-08-01,ขนมปัง
T-200851,2025-08-01,ผ้าอ้อม
T-200851,2025-08-01,ผ้าเช็ดทำความสะอาด
T-200851,2025-08-01,เบียร์
T-200851,2025-08-01,ไข่ไก่
T-200852,2025-09-05,กาแฟสด
T-200852,2025-09-05,ถุงพลาสติก
T-200852,2025-09-05,นมสด
T-200852,2025-09-05,น้ำดื่ม
T-200852,2025-09-05,ไข่ไก่
T-200853,2025-09-19,ขนมปัง
T-200853,2025-09-19,ถุงพลาสติก
T-200853,2025-09-19,ไข่ไก่
T-200854,2025-08-26,กาแฟสด
T-200854,2025-08-26,ถุงพลาสติก
T-200854,2025-08-26,บะหมี่กึ่งสำเร็จรูป
T-200855,2025-09-22,ถุงพลาสติก
T-200855,2025-09-22,น้ำดื่ม
T-200856,2025-08-06,กาแฟสด
T-200856,2025-08-06,ถุงพลาสติก
T-200856,2025-08-06,น้ำดื่ม
T-200856,2025-08-06,ผ้าอ้อม
T-200856,2025-08-06,ผ้าเช็ดทำความสะอาด
T-200856,2025-08-06,ไข่ไก่
T-200857,2025-08-12,ขนมปัง
T-200857,2025-08-12,ชาเขียว
T-200857,2025-08-12,ถุงพลาสติก
T-200857,2025-08-12,นมสด
T-200857,2025-08-12,น้ำดื่ม
T-200857,2025-08-12,บะหมี่กึ่งสำเร็จรูป
T-200857,2025-08-12,ผงซักฟอก
T-200858,2025-07-10,ขนมปัง
T-200858,2025-07-10,ถุงพลาสติก
T-200858,2025-07-10,นมสด
T-200858,2025-07-10,น้ำดื่ม
T-200858,2025-07-10,ผ้าอ้อม
T-200858,2025-07-10,ผ้าเช็ดทำความสะอาด
T-200858,2025-07-10,เบียร์
T-200859,2025-09-25,ถุงพลาสติก
T-200860,2025-07-02,ถุงพลาสติก
T-200861,2025-09-13,ขนมปัง
T-200861,2025-09-13,ถุงพลาสติก
T-200861,2025-09-13,แชมพู
T-200862,2025-08-30,ผ้าอ้อม
T-200863,2025-07-15,ขนมปัง
T-200863,2025-07-15,น้ำดื่ม
T-200864,2025-07-17,ขนมปัง
T-200864,2025-07-17,ถุงพลาสติก
T-200865,2025-09-04,น้ำดื่ม
T-200865,2025-09-04,ไข่ไก่
T-200866,2025-07-12,ถุงพลาสติก
T-200866,2025-07-12,น้ำดื่ม
T-200867,2025-07-31,ขนมปัง
T-200867,2025-07-31,ถุงพลาสติก
T-200867,2025-07-31,มันฝรั่งทอด
T-200868,2025-09-09,ถุงพลาสติก
T-200868,2025-09-09,แชมพู
T-200869,2025-08-05,ถุงพลาสติก
T-200870,2025-07-06,ถุงพลาสติก
T-200870,2025-07-06,นมสด
T-200870,2025-07-06,ผงซักฟอก
T-200870,2025-07-06,ผ้าอ้อม
T-200870,2025-07-06,ผ้าเช็ดทำความสะอาด
T-200871,2025-09-20,ขนมปัง
T-200872,2025-07-12,กาแฟสด
T-200872,2025-07-12,ถุงพลาสติก
T-200872,2025-07-12,ไข่ไก่
T-200873,2025-08-25,ถุงพลาสติก
T-200873,2025-08-25,เบียร์
T-200874,2025-09-06,น้ำดื่ม
T-200874,2025-09-06,บะหมี่กึ่งสำเร็จรูป
T-200874,2025-09-06,ผงซักฟอก
T-200875,2025-08-21,กาแฟสด
T-200875,2025-08-21,ถุงพลาสติก
T-200875,2025-08-21,มันฝรั่งทอด
T-200876,2025-07-06,ขนมปัง
T-200876,2025-07-06,ถุงพลาสติก
T-200876,2025-07-06,น้ำดื่ม
T-200876,2025-07-06,แชมพู
T-200877,2025-08-16,ถุงพลาสติก
T-200877,2025-08-16,มันฝรั่งทอด
T-200877,2025-08-16,แชมพู
T-200878,2025-09-04,ชาเขียว
T-200878,2025-09-04,ถุงพลาสติก
T-200879,2025-08-01,ขนมปัง
T-200879,2025-08-01,ชาเขียว
T-200879,2025-08-01,ถุงพลาสติก
T-200879,2025-08-01,มันฝรั่งทอด
T-200879,2025-08-01,ไข่ไก่
T-200880,2025-08-18,ชาเขียว
T-200880,2025-08-18,ผงซักฟอก
T-200880,2025-08-18,ผ้าเช็ดทำความสะอาด
T-200881,2025-09-13,ถุงพลาสติก
T-200881,2025-09-13,เบียร์
T-200882,2025-08-13,น้ำดื่ม
T-200882,2025-08-13,เบียร์
T-200882,2025-08-13,แชมพู
T-200883,2025-08-21,ถุงพลาสติก
T-200883,2025-08-21,น้ำดื่ม
T-200883,2025-08-21,บะหมี่กึ่งสำเร็จรูป
T-200884,2025-08-02,กาแฟสด
T-200884,2025-08-02,นมสด
T-200884,2025-08-02,น้ำดื่ม
T-200884,2025-08-02,ผงซักฟอก
T-200885,2025-09-06,กาแฟสด
T-200885,2025-09-06,ถุงพลาสติก
T-200885,2025-09-06,นมสด
T-200885,2025-09-06,ผ้าอ้อม
T-200885,2025-09-06,ผ้าเช็ดทำความสะอาด
T-200886,2025-07-29,ถุงพลาสติก
T-200886,2025-07-29,ไข่ไก่
T-200887,2025-09-21,ขนมปัง
T-200887,2025-09-21,ชาเขียว
T-200887,2025-09-21,ถุงพลาสติก
T-200887,2025-09-21,ไข่ไก่
T-200888,2025-08-23,ขนมปัง
T-200888,2025-08-23,ถุงพลาสติก
T-200888,2025-08-23,นมสด
T-200889,2025-09-22,ถุงพลาสติก
T-200889,2025-09-22,ผ้าเช็ดทำความสะอาด
T-200889,2025-09-22,มันฝรั่งทอด
T-200889,2025-09-22,เบียร์
T-200890,2025-09-25,น้ำดื่ม
T-200890,2025-09-25,บะหมี่กึ่งสำเร็จรูป
T-200891,2025-07-04,กาแฟสด
T-200891,2025-07-04,ถุงพลาสติก
T-200891,2025-07-04,น้ำดื่ม
T-200891,2025-07-04,ผ้าอ้อม
T-200891,2025-07-04,ผ้าเช็ดทำความสะอาด
T-200891,2025-07-04,ไข่ไก่
T-200892,2025-07-15,ขนมปัง
T-200892,2025-07-15,ถุงพลาสติก
T-200892,2025-07-15,น้ำดื่ม
T-200893,2025-07-26,ถุงพลาสติก
T-200893,2025-07-26,ผ้าเช็ดทำความสะอาด
T-200893,2025-07-26,เบียร์
T-200894,2025-09-25,ถุงพลาสติก
T-200894,2025-09-25,ไข่ไก่
T-200895,2025-09-11,ชาเขียว
T-200895,2025-09-11,ถุงพลาสติก
T-200896,2025-08-13,ถุงพลาสติก
T-200896,2025-08-13,มันฝรั่งทอด
T-200896,2025-08-13,ไข่ไก่
T-200897,2025-09-01,ถุงพลาสติก
T-200897,2025-09-01,น้ำดื่ม
T-200897,2025-09-01,แชมพู
T-200898,2025-07-06,ถุงพลาสติก
T-200898,2025-07-06,นมสด
T-200898,2025-07-06,บะหมี่กึ่งสำเร็จรูป
T-200898,2025-07-06,มันฝรั่งทอด
T-200899,2025-08-02,ขนมปัง
T-200899,2025-08-02,ถุงพลาสติก
T-200899,2025-08-02,นมสด
T-200899,2025-08-02,น้ำดื่ม
T-200899,2025-08-02,ผ้าอ้อม
T-200899,2025-08-02,ผ้าเช็ดทำความสะอาด
T-200899,2025-08-02,ไข่ไก่
T-200900,2025-07-01,ถุงพลาสติก
T-200900,2025-07-01,น้ำดื่ม
T-200901,2025-07-28,กาแฟสด
T-200901,2025-07-28,ถุงพลาสติก
T-200901,2025-07-28,น้ำดื่ม
T-200901,2025-07-28,มันฝรั่งทอด
T-200901,2025-07-28,ไข่ไก่
T-200902,2025-09-15,ถุงพลาสติก
T-200902,2025-09-15,น้ำดื่ม
T-200902,2025-09-15,บะหมี่กึ่งสำเร็จรูป
T-200903,2025-09-07,ถุงพลาสติก
T-200903,2025-09-07,นมสด
T-200904,2025-07-13,ถุงพลาสติก
T-200904,2025-07-13,น้ำดื่ม
T-200904,2025-07-13,ผ้าอ้อม
T-200904,2025-07-13,ผ้าเช็ดทำความสะอาด
T-200905,2025-08-19,ผ้าอ้อม
T-200905,2025-08-19,ผ้าเช็ดทำความสะอาด
T-200906,2025-07-16,ขนมปัง
T-200906,2025-07-16,มันฝรั่งทอด
T-200906,2025-07-16,ไข่ไก่
T-200907,2025-07-05,น้ำดื่ม
T-200908,2025-07-08,ขนมปัง
T-200908,2025-07-08,ถุงพลาสติก
T-200908,2025-07-08,ไข่ไก่
T-200909,2025-09-24,ชาเขียว
T-200909,2025-09-24,ถุงพลาสติก
T-200909,2025-09-24,แชมพู
T-200910,2025-07-11,กาแฟสด
T-200910,2025-07-11,ถุงพลาสติก
T-200910,2025-07-11,นมสด
T-200910,2025-07-11,น้ำดื่ม
T-200910,2025-07-11,เบียร์
T-200910,2025-07-11,ไข่ไก่
T-200911,2025-07-08,บะหมี่กึ่งสำเร็จรูป
T-200911,2025-07-08,ผงซักฟอก
T-200911,2025-07-08,เบียร์
T-200912,2025-07-16,ถุงพลาสติก
T-200912,2025-07-16,น้ำดื่ม
T-200913,2025-09-27,ถุงพลาสติก
T-200913,2025-09-27,ผ้าอ้อม
T-200913,2025-09-27,ผ้าเช็ดทำความสะอาด
T-200913,2025-09-27,เบียร์
T-200914,2025-07-08,ชาเขียว
T-200914,2025-07-08,ถุงพลาสติก
T-200914,2025-07-08,บะหมี่กึ่งสำเร็จรูป
T-200914,2025-07-08,เบียร์
T-200915,2025-09-22,ถุงพลาสติก
T-200915,2025-09-22,นมสด
T-200915,2025-09-22,บะหมี่กึ่งสำเร็จรูป
T-200916,2025-08-03,ชาเขียว
T-200916,2025-08-03,ถุงพลาสติก
T-200916,2025-08-03,นมสด
T-200916,2025-08-03,ผงซักฟอก
T-200916,2025-08-03,เบียร์
T-200916,2025-08-03,แชมพู
T-200916,2025-08-03,ไข่ไก่
T-200917,2025-07-27,ขนมปัง
T-200917,2025-07-27,ชาเขียว
T-200917,2025-07-27,น้ำดื่ม
T-200917,2025-07-27,เบียร์
T-200918,2025-09-13,กาแฟสด
T-200918,2025-09-13,ขนมปัง
T-200918,2025-09-13,น้ำดื่ม
T-200918,2025-09-13,ผงซักฟอก
T-200918,2025-09-13,แชมพู
T-200919,2025-07-22,กาแฟสด
T-200919,2025-07-22,ผ้าอ้อม
T-200919,2025-07-22,ผ้าเช็ดทำความสะอาด
T-200919,2025-07-22,เบียร์
T-200920,2025-09-07,ถุงพลาสติก
T-200920,2025-09-07,นมสด
T-200920,2025-09-07,มันฝรั่งทอด
T-200920,2025-09-07,แชมพู
T-200921,2025-08-18,กาแฟสด
T-200921,2025-08-18,ถุงพลาสติก
T-200921,2025-08-18,น้ำดื่ม
T-200921,2025-08-18,บะหมี่กึ่งสำเร็จรูป
T-200921,2025-08-18,ผ้าอ้อม
T-200921,2025-08-18,เบียร์
T-200922,2025-09-09,น้ำดื่ม
T-200923,2025-08-11,กาแฟสด
T-200923,2025-08-11,ขนมปัง
T-200923,2025-08-11,ถุงพลาสติก
T-200923,2025-08-11,น้ำดื่ม
T-200923,2025-08-11,มันฝรั่งทอด
T-200924,2025-07-17,ชาเขียว
T-200924,2025-07-17,ถุงพลาสติก
T-200924,2025-07-17,แชมพู
T-200925,2025-08-13,ขนมปัง
T-200925,2025-08-13,ถุงพลาสติก
T-200925,2025-08-13,มันฝรั่งทอด
T-200925,2025-08-13,ไข่ไก่
T-200926,2025-09-14,กาแฟสด
T-200926,2025-09-14,ถุงพลาสติก
T-200927,2025-08-25,กาแฟสด
T-200927,2025-08-25,ขนมปัง
T-200927,2025-08-25,ถุงพลาสติก
T-200927,2025-08-25,แชมพู
T-200928,2025-08-30,ถุงพลาสติก
T-200928,2025-08-30,แชมพู
T-200929,2025-08-11,กาแฟสด
T-200930,2025-08-27,ถุงพลาสติก
T-200931,2025-08-25,ชาเขียว
T-200931,2025-08-25,ถุงพลาสติก
T-200931,2025-08-25,เบียร์
T-200932,2025-08-11,ถุงพลาสติก
T-200932,2025-08-11,ผงซักฟอก
T-200932,2025-08-11,เบียร์
T-200932,2025-08-11,ไข่ไก่
T-200933,2025-08-15,ชาเขียว
T-200933,2025-08-15,ถุงพลาสติก
T-200933,2025-08-15,บะหมี่กึ่งสำเร็จรูป
T-200934,2025-07-14,ขนมปัง
T-200934,2025-07-14,ถุงพลาสติก
T-200934,2025-07-14,ไข่ไก่
T-200935,2025-09-05,กาแฟสด
T-200935,2025-09-05,ถุงพลาสติก
T-200935,2025-09-05,ไข่ไก่
T-200936,2025-08-06,ขนมปัง
T-200936,2025-08-06,ชาเขียว
T-200936,2025-08-06,ถุงพลาสติก
T-200937,2025-08-26,ถุงพลาสติก
T-200937,2025-08-26,แชมพู
T-200938,2025-07-02,ถุงพลาสติก
T-200938,2025-07-02,นมสด
T-200939,2025-08-16,ชาเขียว
T-200939,2025-08-16,ถุงพลาสติก
T-200939,2025-08-16,น้ำดื่ม
T-200939,2025-08-16,เบียร์
T-200939,2025-08-16,ไข่ไก่
T-200940,2025-09-27,ชาเขียว
T-200941,2025-08-04,ถุงพลาสติก
T-200941,2025-08-04,ผ้าเช็ดทำความสะอาด
T-200941,2025-08-04,แชมพู
T-200942,2025-09-06,นมสด
T-200943,2025-08-29,ถุงพลาสติก
T-200943,2025-08-29,ไข่ไก่
T-200944,2025-07-21,น้ำดื่ม
T-200944,2025-07-21,ผงซักฟอก
T-200944,2025-07-21,ผ้าอ้อม
T-200944,2025-07-21,แชมพู
T-200945,2025-07-11,กาแฟสด
T-200945,2025-07-11,ถุงพลาสติก
T-200945,2025-07-11,น้ำดื่ม
T-200946,2025-08-16,ชาเขียว
T-200946,2025-08-16,ถุงพลาสติก
T-200946,2025-08-16,น้ำดื่ม
T-200947,2025-07-29,บะหมี่กึ่งสำเร็จรูป
T-200947,2025-07-29,เบียร์
T-200948,2025-08-24,ขนมปัง
T-200948,2025-08-24,ถุงพลาสติก
T-200948,2025-08-24,เบียร์
T-200949,2025-07-22,ถุงพลาสติก
T-200949,2025-07-22,น้ำดื่ม
T-200949,2025-07-22,ไข่ไก่
T-200950,2025-08-15,ถุงพลาสติก
T-200950,2025-08-15,นมสด
T-200950,2025-08-15,แชมพู
T-200951,2025-08-02,ขนมปัง
T-200951,2025-08-02,ชาเขียว
T-200951,2025-08-02,ถุงพลาสติก
T-200951,2025-08-02,น้ำดื่ม
T-200951,2025-08-02,มันฝรั่งทอด
T-200952,2025-09-01,กาแฟสด
T-200952,2025-09-01,ถุงพลาสติก
T-200952,2025-09-01,ผ้าเช็ดทำความสะอาด
T-200953,2025-07-04,น้ำดื่ม
T-200953,2025-07-04,เบียร์
T-200953,2025-07-04,แชมพู
T-200954,2025-07-06,กาแฟสด
T-200954,2025-07-06,ถุงพลาสติก
T-200954,2025-07-06,นมสด
T-200954,2025-07-06,บะหมี่กึ่งสำเร็จรูป
T-200954,2025-07-06,ผ้าอ้อม
T-200954,2025-07-06,ผ้าเช็ดทำความสะอาด
T-200955,2025-08-02,กาแฟสด
T-200955,2025-08-02,ขนมปัง
T-200955,2025-08-02,ถุงพลาสติก
T-200955,2025-08-02,มันฝรั่งทอด
T-200956,2025-08-13,ถุงพลาสติก
T-200956,2025-08-13,ผ้าอ้อม
T-200956,2025-08-13,เบียร์
T-200956,2025-08-13,แชมพู
T-200957,2025-08-12,ถุงพลาสติก
T-200957,2025-08-12,น้ำดื่ม
T-200958,2025-07-21,กาแฟสด
T-200958,2025-07-21,ถุงพลาสติก
T-200958,2025-07-21,น้ำดื่ม
T-200958,2025-07-21,บะหมี่กึ่งสำเร็จรูป
T-200958,2025-07-21,ผ้าอ้อม
T-200958,2025-07-21,ผ้าเช็ดทำความสะอาด
T-200958,2025-07-21,ไข่ไก่
T-200959,2025-09-19,กาแฟสด
T-200959,2025-09-19,ถุงพลาสติก
T-200959,2025-09-19,นมสด
T-200959,2025-09-19,ผ้าอ้อม
T-200959,2025-09-19,ผ้าเช็ดทำความสะอาด
T-200959,2025-09-19,ไข่ไก่
T-200960,2025-07-23,ถุงพลาสติก
T-200960,2025-07-23,นมสด
T-200960,2025-07-23,มันฝรั่งทอด
T-200961,2025-07-04,ขนมปัง
T-200961,2025-07-04,ชาเขียว
T-200961,2025-07-04,ผงซักฟอก
T-200962,2025-09-21,ถุงพลาสติก
T-200962,2025-09-21,แชมพู
T-200963,2025-07-31,ขนมปัง
T-200963,2025-07-31,ชาเขียว
T-200963,2025-07-31,ถุงพลาสติก
T-200963,2025-07-31,บะหมี่กึ่งสำเร็จรูป
T-200963,2025-07-31,เบียร์
T-200964,2025-07-07,ถุงพลาสติก
T-200964,2025-07-07,นมสด
T-200964,2025-07-07,น้ำดื่ม
T-200964,2025-07-07,มันฝรั่งทอด
T-200965,2025-09-13,กาแฟสด
T-200965,2025-09-13,ถุงพลาสติก
T-200965,2025-09-13,น้ำดื่ม
T-200966,2025-07-29,กาแฟสด
T-200966,2025-07-29,ถุงพลาสติก
T-200966,2025-07-29,ไข่ไก่
T-200967,2025-07-20,ถุงพลาสติก
T-200967,2025-07-20,นมสด
T-200967,2025-07-20,บะหมี่กึ่งสำเร็จรูป
T-200967,2025-07-20,ไข่ไก่
T-200968,2025-08-08,ชาเขียว
T-200968,2025-08-08,ถุงพลาสติก
T-200968,2025-08-08,บะหมี่กึ่งสำเร็จรูป
T-200968,2025-08-08,ผ้าอ้อม
T-200968,2025-08-08,ผ้าเช็ดทำความสะอาด
T-200968,2025-08-08,เบียร์
T-200969,2025-07-09,ถุงพลาสติก
T-200969,2025-07-09,น้ำดื่ม
T-200969,2025-07-09,บะหมี่กึ่งสำเร็จรูป
T-200969,2025-07-09,ผงซักฟอก
T-200970,2025-09-01,ถุงพลาสติก
T-200970,2025-09-01,น้ำดื่ม
T-200970,2025-09-01,ผ้าอ้อม
T-200971,2025-09-17,ชาเขียว
T-200971,2025-09-17,ถุงพลาสติก
T-200971,2025-09-17,นมสด
T-200971,2025-09-17,ผ้าเช็ดทำความสะอาด
T-200971,2025-09-17,เบียร์
T-200971,2025-09-17,แชมพู
T-200972,2025-09-20,ขนมปัง
T-200972,2025-09-20,ถุงพลาสติก
T-200972,2025-09-20,เบียร์
T-200973,2025-07-03,กาแฟสด
T-200973,2025-07-03,บะหมี่กึ่งสำเร็จรูป
T-200973,2025-07-03,ผงซักฟอก
T-200973,2025-07-03,เบียร์
T-200973,2025-07-03,ไข่ไก่
T-200974,2025-09-05,กาแฟสด
T-200974,2025-09-05,ถุงพลาสติก
T-200974,2025-09-05,นมสด
T-200974,2025-09-05,น้ำดื่ม
T-200974,2025-09-05,เบียร์
T-200974,2025-09-05,แชมพู
T-200975,2025-07-31,กาแฟสด
T-200975,2025-07-31,ขนมปัง
T-200975,2025-07-31,ถุงพลาสติก
T-200975,2025-07-31,มันฝรั่งทอด
T-200976,2025-09-05,ถุงพลาสติก
T-200976,2025-09-05,นมสด
T-200976,2025-09-05,ไข่ไก่
T-200977,2025-07-17,กาแฟสด
T-200977,2025-07-17,ขนมปัง
T-200977,2025-07-17,ถุงพลาสติก
T-200978,2025-08-10,บะหมี่กึ่งสำเร็จรูป
T-200978,2025-08-10,มันฝรั่งทอด
T-200979,2025-07-14,กาแฟสด
T-200979,2025-07-14,ถุงพลาสติก
T-200979,2025-07-14,น้ำดื่ม
T-200979,2025-07-14,เบียร์
T-200979,2025-07-14,ไข่ไก่
T-200980,2025-08-11,กาแฟสด
T-200980,2025-08-11,ผ้าอ้อม
T-200980,2025-08-11,ผ้าเช็ดทำความสะอาด
T-200980,2025-08-11,ไข่ไก่
T-200981,2025-09-26,ถุงพลาสติก
T-200981,2025-09-26,นมสด
T-200981,2025-09-26,บะหมี่กึ่งสำเร็จรูป
T-200981,2025-09-26,เบียร์
T-200981,2025-09-26,ไข่ไก่
T-200982,2025-07-07,ชาเขียว
T-200982,2025-07-07,ถุงพลาสติก
T-200982,2025-07-07,น้ำดื่ม
T-200982,2025-07-07,บะหมี่กึ่งสำเร็จรูป
T-200983,2025-07-17,ถุงพลาสติก
T-200983,2025-07-17,นมสด
T-200983,2025-07-17,ผ้าเช็ดทำความสะอาด
T-200983,2025-07-17,มันฝรั่งทอด
T-200983,2025-07-17,ไข่ไก่
T-200984,2025-07-14,กาแฟสด
T-200984,2025-07-14,ขนมปัง
T-200984,2025-07-14,ไข่ไก่
T-200985,2025-07-03,ถุงพลาสติก
T-200986,2025-08-18,ถุงพลาสติก
T-200986,2025-08-18,นมสด
T-200987,2025-07-09,ถุงพลาสติก
T-200988,2025-08-17,ชาเขียว
T-200988,2025-08-17,ถุงพลาสติก
T-200988,2025-08-17,น้ำดื่ม
T-200988,2025-08-17,มันฝรั่งทอด
T-200989,2025-07-07,ถุงพลาสติก
T-200990,2025-07-08,ชาเขียว
T-200991,2025-07-05,ถุงพลาสติก
T-200991,2025-07-05,แชมพู
T-200992,2025-09-08,ถุงพลาสติก
T-200992,2025-09-08,นมสด
T-200992,2025-09-08,น้ำดื่ม
T-200993,2025-07-06,กาแฟสด
T-200993,2025-07-06,ถุงพลาสติก
T-200993,2025-07-06,น้ำดื่ม
T-200993,2025-07-06,ผงซักฟอก
T-200993,2025-07-06,ไข่ไก่
T-200994,2025-09-11,นมสด
T-200995,2025-09-01,บะหมี่กึ่งสำเร็จรูป
T-200996,2025-07-19,ถุงพลาสติก
T-200996,2025-07-19,น้ำดื่ม
T-200996,2025-07-19,แชมพู
T-200997,2025-09-11,กาแฟสด
T-200997,2025-09-11,ถุงพลาสติก
T-200997,2025-09-11,เบียร์
T-200997,2025-09-11,แชมพู
T-200998,2025-07-06,ถุงพลาสติก
T-200999,2025-08-05,กาแฟสด
T-200999,2025-08-05,ขนมปัง
T-200999,2025-08-05,ถุงพลาสติก
T-200999,2025-08-05,นมสด
T-200999,2025-08-05,ผ้าอ้อม
T-200999,2025-08-05,ผ้าเช็ดทำความสะอาด
T-200999,2025-08-05,ไข่ไก่
T-201000,2025-08-08,กาแฟสด
T-201000,2025-08-08,ถุงพลาสติก
T-201000,2025-08-08,น้ำดื่ม
T-201000,2025-08-08,มันฝรั่งทอด
T-201001,2025-07-28,ขนมปัง
T-201001,2025-07-28,ชาเขียว
T-201001,2025-07-28,บะหมี่กึ่งสำเร็จรูป
T-201002,2025-07-28,ขนมปัง
T-201002,2025-07-28,ถุงพลาสติก
T-201002,2025-07-28,น้ำดื่ม
T-201003,2025-07-15,ถุงพลาสติก
T-201003,2025-07-15,ผงซักฟอก
T-201003,2025-07-15,ผ้าอ้อม
T-201003,2025-07-15,ผ้าเช็ดทำความสะอาด
T-201003,2025-07-15,แชมพู
T-201004,2025-09-08,ขนมปัง
T-201004,2025-09-08,ชาเขียว
T-201004,2025-09-08,ถุงพลาสติก
T-201004,2025-09-08,ผงซักฟอก
T-201005,2025-09-28,ถุงพลาสติก
T-201005,2025-09-28,นมสด
T-201005,2025-09-28,น้ำดื่ม
T-201006,2025-07-22,ชาเขียว
T-201006,2025-07-22,น้ำดื่ม
T-201007,2025-08-08,ถุงพลาสติก
T-201008,2025-08-08,กาแฟสด
T-201008,2025-08-08,ถุงพลาสติก
T-201008,2025-08-08,บะหมี่กึ่งสำเร็จรูป
T-201008,2025-08-08,ผงซักฟอก
T-201009,2025-09-20,กาแฟสด
T-201009,2025-09-20,ขนมปัง
T-201009,2025-09-20,ถุงพลาสติก
T-201009,2025-09-20,น้ำดื่ม
T-201009,2025-09-20,บะหมี่กึ่งสำเร็จรูป
T-201009,2025-09-20,ผ้าอ้อม
T-201009,2025-09-20,ผ้าเช็ดทำความสะอาด
T-201010,2025-09-07,ขนมปัง
T-201010,2025-09-07,ถุงพลาสติก
T-201010,2025-09-07,น้ำดื่ม
T-201010,2025-09-07,ไข่ไก่
T-201011,2025-09-02,กาแฟสด
T-201011,2025-09-02,ขนมปัง
T-201011,2025-09-02,ถุงพลาสติก
T-201011,2025-09-02,น้ำดื่ม
T-201011,2025-09-02,บะหมี่กึ่งสำเร็จรูป
T-201011,2025-09-02,ผงซักฟอก
T-201011,2025-09-02,ผ้าอ้อม
T-201011,2025-09-02,ผ้าเช็ดทำความสะอาด
T-201011,2025-09-02,ไข่ไก่
T-201012,2025-09-22,น้ำดื่ม
T-201012,2025-09-22,มันฝรั่งทอด
T-201013,2025-09-06,ถุงพลาสติก
T-201013,2025-09-06,นมสด
T-201013,2025-09-06,บะหมี่กึ่งสำเร็จรูป
T-201013,2025-09-06,เบียร์
T-201014,2025-09-09,ถุงพลาสติก
T-201014,2025-09-09,ผ้าเช็ดทำความสะอาด
T-201015,2025-09-09,กาแฟสด
T-201015,2025-09-09,ถุงพลาสติก
T-201016,2025-07-16,ถุงพลาสติก
T-201016,2025-07-16,มันฝรั่งทอด
T-201016,2025-07-16,แชมพู
T-201017,2025-08-25,ชาเขียว
T-201017,2025-08-25,ถุงพลาสติก
T-201017,2025-08-25,บะหมี่กึ่งสำเร็จรูป
T-201017,2025-08-25,เบียร์
T-201017,2025-08-25,ไข่ไก่
T-201018,2025-09-10,ขนมปัง
T-201018,2025-09-10,ชาเขียว
T-201018,2025-09-10,น้ำดื่ม
T-201018,2025-09-10,ผ้าเช็ดทำความสะอาด
T-201019,2025-07-26,ถุงพลาสติก
T-201019,2025-07-26,น้ำดื่ม
T-201020,2025-08-06,ชาเขียว
T-201021,2025-09-15,ขนมปัง
T-201021,2025-09-15,ถุงพลาสติก
T-201022,2025-09-07,ถุงพลาสติก
T-201023,2025-08-01,ถุงพลาสติก
T-201023,2025-08-01,นมสด
T-201024,2025-08-09,ถุงพลาสติก
T-201024,2025-08-09,น้ำดื่ม
T-201024,2025-08-09,ผงซักฟอก
T-201024,2025-08-09,เบียร์
T-201025,2025-08-30,ชาเขียว
T-201025,2025-08-30,นมสด
T-201025,2025-08-30,น้ำดื่ม
T-201025,2025-08-30,ผ้าอ้อม
T-201025,2025-08-30,ผ้าเช็ดทำความสะอาด
T-201025,2025-08-30,เบียร์
T-201026,2025-09-16,ขนมปัง
T-201026,2025-09-16,ชาเขียว
T-201026,2025-09-16,ถุงพลาสติก
T-201026,2025-09-16,น้ำดื่ม
T-201027,2025-07-06,ถุงพลาสติก
T-201027,2025-07-06,ไข่ไก่
T-201028,2025-09-01,ชาเขียว
T-201028,2025-09-01,ถุงพลาสติก
T-201028,2025-09-01,น้ำดื่ม
T-201028,2025-09-01,ผงซักฟอก
T-201028,2025-09-01,เบียร์
T-201029,2025-07-20,ถุงพลาสติก
T-201029,2025-07-20,น้ำดื่ม
T-201030,2025-07-07,ถุงพลาสติก
T-201030,2025-07-07,บะหมี่กึ่งสำเร็จรูป
T-201031,2025-09-13,ชาเขียว
T-201031,2025-09-13,ถุงพลาสติก
T-201031,2025-09-13,น้ำดื่ม
T-201031,2025-09-13,เบียร์
T-201032,2025-09-16,ถุงพลาสติก
T-201032,2025-09-16,มันฝรั่งทอด
T-201033,2025-09-15,น้ำดื่ม
T-201033,2025-09-15,ไข่ไก่
T-201034,2025-08-27,ขนมปัง
T-201034,2025-08-27,ผ้าอ้อม
T-201035,2025-08-30,มันฝรั่งทอด
T-201036,2025-08-19,ถุงพลาสติก
T-201036,2025-08-19,แชมพู
T-201037,2025-07-21,กาแฟสด
T-201037,2025-07-21,ถุงพลาสติก
T-201037,2025-07-21,น้ำดื่ม
T-201037,2025-07-21,เบียร์
T-201037,2025-07-21,แชมพู
T-201038,2025-09-19,กาแฟสด
T-201038,2025-09-19,ถุงพลาสติก
T-201038,2025-09-19,ไข่ไก่
T-201039,2025-07-01,ขนมปัง
T-201039,2025-07-01,ถุงพลาสติก
T-201039,2025-07-01,น้ำดื่ม
T-201039,2025-07-01,ผ้าอ้อม
T-201039,2025-07-01,ผ้าเช็ดทำความสะอาด
T-201040,2025-07-04,ถุงพลาสติก
T-201040,2025-07-04,มันฝรั่งทอด
T-201040,2025-07-04,ไข่ไก่
T-201041,2025-07-08,ถุงพลาสติก
T-201041,2025-07-08,นมสด
T-201042,2025-08-18,ขนมปัง
T-201042,2025-08-18,ถุงพลาสติก
T-201042,2025-08-18,แชมพู
T-201043,2025-07-28,กาแฟสด
T-201043,2025-07-28,ถุงพลาสติก
T-201043,2025-07-28,นมสด
T-201044,2025-08-31,ชาเขียว
T-201044,2025-08-31,น้ำดื่ม
T-201044,2025-08-31,ผงซักฟอก
T-201044,2025-08-31,ผ้าอ้อม
T-201044,2025-08-31,เบียร์
T-201045,2025-09-07,นมสด
T-201045,2025-09-07,ไข่ไก่
T-201046,2025-08-05,ชาเขียว
T-201046,2025-08-05,น้ำดื่ม
T-201047,2025-07-15,ชาเขียว
T-201047,2025-07-15,น้ำดื่ม
T-201048,2025-07-01,ชาเขียว
T-201048,2025-07-01,ถุงพลาสติก
T-201048,2025-07-01,นมสด
T-201048,2025-07-01,น้ำดื่ม
T-201048,2025-07-01,ผ้าอ้อม
T-201048,2025-07-01,ผ้าเช็ดทำความสะอาด
T-201048,2025-07-01,มันฝรั่งทอด
T-201048,2025-07-01,เบียร์
T-201049,2025-08-30,ถุงพลาสติก
T-201049,2025-08-30,นมสด
T-201049,2025-08-30,น้ำดื่ม
T-201049,2025-08-30,ผงซักฟอก
T-201050,2025-08-29,กาแฟสด
T-201050,2025-08-29,ถุงพลาสติก
T-201050,2025-08-29,ผ้าอ้อม
T-201051,2025-08-26,กาแฟสด
T-201051,2025-08-26,ถุงพลาสติก
T-201051,2025-08-26,บะหมี่กึ่งสำเร็จรูป
T-201051,2025-08-26,ผ้าอ้อม
T-201051,2025-08-26,ผ้าเช็ดทำความสะอาด
T-201051,2025-08-26,แชมพู
T-201052,2025-08-27,ถุงพลาสติก
T-201052,2025-08-27,ผ้าอ้อม
T-201052,2025-08-27,เบียร์
T-201053,2025-07-10,ถุงพลาสติก
T-201054,2025-08-14,ถุงพลาสติก
T-201054,2025-08-14,บะหมี่กึ่งสำเร็จรูป
T-201054,2025-08-14,ผ้าเช็ดทำความสะอาด
T-201055,2025-09-26,น้ำดื่ม
T-201055,2025-09-26,ผ้าอ้อม
T-201056,2025-09-06,ขนมปัง
T-201056,2025-09-06,ชาเขียว
T-201056,2025-09-06,ถุงพลาสติก
T-201056,2025-09-06,ผ้าอ้อม
T-201056,2025-09-06,ผ้าเช็ดทำความสะอาด
T-201056,2025-09-06,มันฝรั่งทอด
T-201057,2025-07-13,ถุงพลาสติก
T-201057,2025-07-13,น้ำดื่ม
T-201057,2025-07-13,บะหมี่กึ่งสำเร็จรูป
T-201058,2025-08-09,ถุงพลาสติก
T-201058,2025-08-09,นมสด
T-201059,2025-09-03,ขนมปัง
T-201059,2025-09-03,ถุงพลาสติก
T-201059,2025-09-03,น้ำดื่ม
T-201059,2025-09-03,บะหมี่กึ่งสำเร็จรูป
T-201060,2025-07-20,ถุงพลาสติก
T-201060,2025-07-20,ผ้าเช็ดทำความสะอาด
T-201061,2025-09-08,ขนมปัง
T-201061,2025-09-08,น้ำดื่ม
T-201061,2025-09-08,มันฝรั่งทอด
T-201061,2025-09-08,แชมพู
T-201061,2025-09-08,ไข่ไก่
T-201062,2025-07-12,ถุงพลาสติก
T-201062,2025-07-12,นมสด
T-201062,2025-07-12,น้ำดื่ม
T-201062,2025-07-12,บะหมี่กึ่งสำเร็จรูป
T-201062,2025-07-12,ผ้าอ้อม
T-201062,2025-07-12,ผ้าเช็ดทำความสะอาด
T-201062,2025-07-12,เบียร์
T-201063,2025-08-24,ถุงพลาสติก
T-201063,2025-08-24,มันฝรั่งทอด
T-201063,2025-08-24,ไข่ไก่
T-201064,2025-08-26,ถุงพลาสติก
T-201064,2025-08-26,นมสด
T-201064,2025-08-26,ผ้าอ้อม
T-201064,2025-08-26,ผ้าเช็ดทำความสะอาด
T-201064,2025-08-26,เบียร์
T-201064,2025-08-26,ไข่ไก่
T-201065,2025-07-17,ถุงพลาสติก
T-201065,2025-07-17,น้ำดื่ม
T-201065,2025-07-17,ไข่ไก่
T-201066,2025-08-27,ขนมปัง
T-201066,2025-08-27,ชาเขียว
T-201066,2025-08-27,ถุงพลาสติก
T-201066,2025-08-27,บะหมี่กึ่งสำเร็จรูป
T-201066,2025-08-27,เบียร์
T-201067,2025-07-11,กาแฟสด
T-201067,2025-07-11,นมสด
T-201068,2025-07-29,กาแฟสด
T-201068,2025-07-29,ถุงพลาสติก
T-201068,2025-07-29,น้ำดื่ม
T-201069,2025-08-21,ชาเขียว
T-201069,2025-08-21,ถุงพลาสติก
T-201069,2025-08-21,นมสด
T-201069,2025-08-21,ไข่ไก่
T-201070,2025-07-26,ถุงพลาสติก
T-201070,2025-07-26,ผ้าอ้อม
T-201070,2025-07-26,ผ้าเช็ดทำความสะอาด
T-201070,2025-07-26,มันฝรั่งทอด
T-201070,2025-07-26,ไข่ไก่
T-201071,2025-09-12,กาแฟสด
T-201071,2025-09-12,ถุงพลาสติก
T-201071,2025-09-12,น้ำดื่ม
T-201071,2025-09-12,ผ้าเช็ดทำความสะอาด
T-201071,2025-09-12,เบียร์
T-201071,2025-09-12,ไข่ไก่
T-201072,2025-09-16,บะหมี่กึ่งสำเร็จรูป
T-201073,2025-07-08,เบียร์
T-201073,2025-07-08,ไข่ไก่
T-201074,2025-09-01,ถุงพลาสติก
T-201074,2025-09-01,มันฝรั่งทอด
T-201075,2025-08-10,กาแฟสด
T-201075,2025-08-10,ถุงพลาสติก
T-201075,2025-08-10,ผ้าอ้อม
T-201075,2025-08-10,มันฝรั่งทอด
T-201075,2025-08-10,เบียร์
T-201076,2025-07-31,นมสด
T-201076,2025-07-31,ผงซักฟอก
T-201076,2025-07-31,เบียร์
T-201077,2025-09-09,ถุงพลาสติก
T-201077,2025-09-09,ผงซักฟอก
T-201077,2025-09-09,ผ้าอ้อม
T-201077,2025-09-09,ผ้าเช็ดทำความสะอาด
T-201077,2025-09-09,เบียร์
T-201078,2025-09-01,ถุงพลาสติก
T-201078,2025-09-01,ผ้าอ้อม
T-201078,2025-09-01,ผ้าเช็ดทำความสะอาด
T-201078,2025-09-01,ไข่ไก่
T-201079,2025-09-15,ถุงพลาสติก
T-201079,2025-09-15,นมสด
T-201079,2025-09-15,แชมพู
T-201080,2025-08-16,ถุงพลาสติก
T-201081,2025-07-27,กาแฟสด
T-201081,2025-07-27,มันฝรั่งทอด
T-201082,2025-08-15,ถุงพลาสติก
T-201082,2025-08-15,นมสด
T-201082,2025-08-15,น้ำดื่ม
T-201082,2025-08-15,บะหมี่กึ่งสำเร็จรูป
T-201082,2025-08-15,ไข่ไก่
T-201083,2025-08-15,ชาเขียว
T-201083,2025-08-15,ถุงพลาสติก
T-201084,2025-07-22,กาแฟสด
T-201084,2025-07-22,ขนมปัง
T-201084,2025-07-22,ถุงพลาสติก
T-201084,2025-07-22,ผงซักฟอก
T-201084,2025-07-22,ผ้าเช็ดทำความสะอาด
T-201085,2025-09-07,ขนมปัง
T-201085,2025-09-07,ถุงพลาสติก
T-201085,2025-09-07,นมสด
T-201085,2025-09-07,มันฝรั่งทอด
T-201086,2025-09-12,ขนมปัง
T-201086,2025-09-12,นมสด
T-201086,2025-09-12,บะหมี่กึ่งสำเร็จรูป
T-201086,2025-09-12,แชมพู
T-201086,2025-09-12,ไข่ไก่
T-201087,2025-09-18,กาแฟสด
T-201087,2025-09-18,ขนมปัง
T-201087,2025-09-18,ผ้าเช็ดทำความสะอาด
T-201088,2025-07-23,ถุงพลาสติก
T-201088,2025-07-23,น้ำดื่ม
T-201089,2025-07-14,ถุงพลาสติก
T-201089,2025-07-14,น้ำดื่ม
T-201089,2025-07-14,ไข่ไก่
T-201090,2025-09-21,ถุงพลาสติก
T-201090,2025-09-21,นมสด
T-201091,2025-08-13,กาแฟสด
T-201091,2025-08-13,ขนมปัง
T-201091,2025-08-13,น้ำดื่ม
T-201091,2025-08-13,ผงซักฟอก
T-201091,2025-08-13,แชมพู
T-201092,2025-08-28,กาแฟสด
T-201092,2025-08-28,ถุงพลาสติก
T-201092,2025-08-28,น้ำดื่ม
T-201093,2025-08-02,ถุงพลาสติก
T-201093,2025-08-02,นมสด
T-201093,2025-08-02,บะหมี่กึ่งสำเร็จรูป
T-201093,2025-08-02,แชมพู
T-201094,2025-08-15,ถุงพลาสติก
T-201094,2025-08-15,นมสด
T-201095,2025-07-02,ขนมปัง
T-201095,2025-07-02,ถุงพลาสติก
T-201096,2025-08-05,กาแฟสด
T-201096,2025-08-05,ขนมปัง
T-201096,2025-08-05,ถุงพลาสติก
T-201096,2025-08-05,นมสด
T-201097,2025-08-24,ถุงพลาสติก
T-201097,2025-08-24,ไข่ไก่
T-201098,2025-07-20,ขนมปัง
T-201098,2025-07-20,ถุงพลาสติก
T-201098,2025-07-20,นมสด
T-201098,2025-07-20,ผงซักฟอก
T-201098,2025-07-20,เบียร์
T-201099,2025-09-09,ขนมปัง
T-201099,2025-09-09,ถุงพลาสติก
T-201099,2025-09-09,น้ำดื่ม
T-201100,2025-08-25,ขนมปัง
T-201100,2025-08-25,ถุงพลาสติก
T-201101,2025-07-18,ถุงพลาสติก
T-201102,2025-08-03,ถุงพลาสติก
T-201103,2025-09-10,กาแฟสด
T-201103,2025-09-10,ขนมปัง
T-201103,2025-09-10,ถุงพลาสติก
T-201103,2025-09-10,นมสด
T-201103,2025-09-10,ผ้าอ้อม
T-201104,2025-09-14,ชาเขียว
T-201104,2025-09-14,ถุงพลาสติก
T-201104,2025-09-14,ผ้าเช็ดทำความสะอาด
T-201105,2025-08-31,ชาเขียว
T-201105,2025-08-31,ถุงพลาสติก
T-201105,2025-08-31,น้ำดื่ม
T-201105,2025-08-31,เบียร์
T-201106,2025-08-01,กาแฟสด
T-201106,2025-08-01,น้ำดื่ม
T-201107,2025-07-08,ถุงพลาสติก
T-201107,2025-07-08,บะหมี่กึ่งสำเร็จรูป
T-201107,2025-07-08,ผ้าอ้อม
T-201108,2025-08-13,ขนมปัง
T-201108,2025-08-13,ชาเขียว
T-201108,2025-08-13,ถุงพลาสติก
T-201108,2025-08-13,ผ้าอ้อม
T-201109,2025-07-21,ขนมปัง
T-201109,2025-07-21,ถุงพลาสติก
T-201109,2025-07-21,นมสด
T-201109,2025-07-21,ผ้าอ้อม
T-201109,2025-07-21,ผ้าเช็ดทำความสะอาด
T-201109,2025-07-21,เบียร์
T-201109,2025-07-21,ไข่ไก่
T-201110,2025-09-15,ขนมปัง
T-201110,2025-09-15,ชาเขียว
T-201110,2025-09-15,ถุงพลาสติก
T-201110,2025-09-15,นมสด
T-201110,2025-09-15,เบียร์
T-201110,2025-09-15,ไข่ไก่
T-201111,2025-07-07,ชาเขียว
T-201111,2025-07-07,ถุงพลาสติก
T-201111,2025-07-07,นมสด
T-201111,2025-07-07,บะหมี่กึ่งสำเร็จรูป
T-201112,2025-09-23,ชาเขียว
T-201112,2025-09-23,ถุงพลาสติก
T-201112,2025-09-23,บะหมี่กึ่งสำเร็จรูป
T-201113,2025-07-20,ขนมปัง
T-201113,2025-07-20,ถุงพลาสติก
T-201113,2025-07-20,ไข่ไก่
T-201114,2025-09-15,ถุงพลาสติก
T-201114,2025-09-15,แชมพู
T-201115,2025-08-10,กาแฟสด
T-201115,2025-08-10,นมสด
T-201115,2025-08-10,น้ำดื่ม
T-201115,2025-08-10,เบียร์
T-201116,2025-07-14,ขนมปัง
T-201116,2025-07-14,ถุงพลาสติก
T-201116,2025-07-14,ผ้าอ้อม
T-201116,2025-07-14,ผ้าเช็ดทำความสะอาด
T-201117,2025-08-22,ถุงพลาสติก
T-201117,2025-08-22,บะหมี่กึ่งสำเร็จรูป
T-201117,2025-08-22,ผงซักฟอก
T-201117,2025-08-22,เบียร์
T-201118,2025-08-08,ถุงพลาสติก
T-201118,2025-08-08,นมสด
T-201118,2025-08-08,น้ำดื่ม
T-201118,2025-08-08,แชมพู
T-201119,2025-09-20,ถุงพลาสติก
T-201120,2025-09-01,ชาเขียว
T-201120,2025-09-01,นมสด
T-201120,2025-09-01,น้ำดื่ม
T-201120,2025-09-01,ผงซักฟอก
T-201121,2025-09-07,ถุงพลาสติก
T-201121,2025-09-07,นมสด
T-201121,2025-09-07,น้ำดื่ม
T-201121,2025-09-07,มันฝรั่งทอด
T-201121,2025-09-07,ไข่ไก่
T-201122,2025-09-09,ถุงพลาสติก
T-201122,2025-09-09,น้ำดื่ม
T-201122,2025-09-09,ผงซักฟอก
T-201122,2025-09-09,แชมพู
T-201123,2025-08-19,ชาเขียว
T-201123,2025-08-19,ถุงพลาสติก
T-201123,2025-08-19,นมสด
T-201123,2025-08-19,น้ำดื่ม
T-201123,2025-08-19,ผงซักฟอก
T-201123,2025-08-19,มันฝรั่งทอด
T-201124,2025-08-24,กาแฟสด
T-201124,2025-08-24,นมสด
T-201124,2025-08-24,น้ำดื่ม
T-201124,2025-08-24,บะหมี่กึ่งสำเร็จรูป
T-201124,2025-08-24,แชมพู
T-201125,2025-07-14,ถุงพลาสติก
T-201125,2025-07-14,น้ำดื่ม
T-201126,2025-08-20,ขนมปัง
T-201126,2025-08-20,ถุงพลาสติก
T-201126,2025-08-20,เบียร์
T-201127,2025-09-02,ถุงพลาสติก
T-201127,2025-09-02,นมสด
T-201128,2025-07-22,ถุงพลาสติก
T-201129,2025-08-12,ผงซักฟอก
T-201129,2025-08-12,ไข่ไก่
T-201130,2025-09-02,ถุงพลาสติก
T-201130,2025-09-02,ไข่ไก่
T-201131,2025-09-11,กาแฟสด
T-201131,2025-09-11,ถุงพลาสติก
T-201131,2025-09-11,ผ้าอ้อม
T-201131,2025-09-11,ผ้าเช็ดทำความสะอาด
T-201131,2025-09-11,มันฝรั่งทอด
T-201131,2025-09-11,แชมพู
T-201132,2025-07-27,ขนมปัง
T-201132,2025-07-27,เบียร์
T-201133,2025-07-31,ถุงพลาสติก
T-201133,2025-07-31,น้ำดื่ม
T-201133,2025-07-31,มันฝรั่งทอด
T-201133,2025-07-31,เบียร์
T-201134,2025-09-20,ถุงพลาสติก
T-201135,2025-09-06,ถุงพลาสติก
T-201135,2025-09-06,น้ำดื่ม
T-201135,2025-09-06,ผงซักฟอก
T-201135,2025-09-06,แชมพู
T-201135,2025-09-06,ไข่ไก่
T-201136,2025-09-12,ถุงพลาสติก
T-201136,2025-09-12,แชมพู
T-201137,2025-08-12,ถุงพลาสติก
T-201137,2025-08-12,บะหมี่กึ่งสำเร็จรูป
T-201138,2025-07-11,ถุงพลาสติก
T-201138,2025-07-11,ผงซักฟอก
T-201139,2025-08-03,ถุงพลาสติก
T-201139,2025-08-03,น้ำดื่ม
T-201139,2025-08-03,ผ้าเช็ดทำความสะอาด
T-201139,2025-08-03,เบียร์
T-201139,2025-08-03,ไข่ไก่
T-201140,2025-07-21,กาแฟสด
T-201140,2025-07-21,ขนมปัง
T-201140,2025-07-21,นมสด
T-201140,2025-07-21,มันฝรั่งทอด
T-201140,2025-07-21,ไข่ไก่
T-201141,2025-08-25,ชาเขียว
T-201141,2025-08-25,ถุงพลาสติก
T-201141,2025-08-25,นมสด
T-201141,2025-08-25,มันฝรั่งทอด
T-201142,2025-09-21,ขนมปัง
T-201142,2025-09-21,ถุงพลาสติก
T-201143,2025-08-17,ถุงพลาสติก
T-201143,2025-08-17,ผงซักฟอก
T-201144,2025-08-09,กาแฟสด
T-201144,2025-08-09,ถุงพลาสติก
T-201144,2025-08-09,น้ำดื่ม
T-201145,2025-09-28,ขนมปัง
T-201145,2025-09-28,ถุงพลาสติก
T-201145,2025-09-28,ผ้าอ้อม
T-201145,2025-09-28,ไข่ไก่
T-201146,2025-07-11,ถุงพลาสติก
T-201146,2025-07-11,ผงซักฟอก
T-201147,2025-07-06,แชมพู
T-201148,2025-07-25,ชาเขียว
T-201148,2025-07-25,ถุงพลาสติก
T-201149,2025-08-08,ถุงพลาสติก
T-201149,2025-08-08,นมสด
T-201150,2025-08-25,ถุงพลาสติก
T-201150,2025-08-25,น้ำดื่ม
T-201151,2025-09-10,ขนมปัง
T-201151,2025-09-10,แชมพู
T-201151,2025-09-10,ไข่ไก่
T-201152,2025-07-24,ชาเขียว
T-201152,2025-07-24,ถุงพลาสติก
T-201152,2025-07-24,น้ำดื่ม
T-201152,2025-07-24,ผ้าเช็ดทำความสะอาด
T-201152,2025-07-24,มันฝรั่งทอด
T-201153,2025-07-08,ถุงพลาสติก
T-201153,2025-07-08,นมสด
T-201153,2025-07-08,น้ำดื่ม
T-201154,2025-07-11,กาแฟสด
T-201154,2025-07-11,ถุงพลาสติก
T-201154,2025-07-11,น้ำดื่ม
T-201155,2025-08-07,ขนมปัง
T-201155,2025-08-07,ไข่ไก่
T-201156,2025-08-30,ขนมปัง
T-201156,2025-08-30,ถุงพลาสติก
T-201156,2025-08-30,น้ำดื่ม
T-201156,2025-08-30,บะหมี่กึ่งสำเร็จรูป
T-201156,2025-08-30,ผ้าอ้อม
T-201156,2025-08-30,ผ้าเช็ดทำความสะอาด
T-201156,2025-08-30,มันฝรั่งทอด
T-201156,2025-08-30,เบียร์
T-201156,2025-08-30,ไข่ไก่
T-201157,2025-07-17,ขนมปัง
T-201157,2025-07-17,ถุงพลาสติก
T-201157,2025-07-17,นมสด
T-201157,2025-07-17,ผ้าอ้อม
T-201157,2025-07-17,ผ้าเช็ดทำความสะอาด
T-201157,2025-07-17,มันฝรั่งทอด
T-201157,2025-07-17,เบียร์
T-201158,2025-09-21,ถุงพลาสติก
T-201159,2025-08-09,ชาเขียว
T-201159,2025-08-09,ถุงพลาสติก
T-201159,2025-08-09,นมสด
T-201159,2025-08-09,น้ำดื่ม
T-201159,2025-08-09,บะหมี่กึ่งสำเร็จรูป
T-201159,2025-08-09,ผ้าเช็ดทำความสะอาด
T-201160,2025-07-27,น้ำดื่ม
T-201161,2025-08-21,ขนมปัง
T-201161,2025-08-21,ชาเขียว
T-201161,2025-08-21,ถุงพลาสติก
T-201161,2025-08-21,บะหมี่กึ่งสำเร็จรูป
T-201162,2025-09-07,ขนมปัง
T-201162,2025-09-07,ชาเขียว
T-201162,2025-09-07,ถุงพลาสติก
T-201162,2025-09-07,ผงซักฟอก
T-201162,2025-09-07,มันฝรั่งทอด
T-201163,2025-07-11,ถุงพลาสติก
T-201163,2025-07-11,นมสด
T-201163,2025-07-11,น้ำดื่ม
T-201163,2025-07-11,มันฝรั่งทอด
T-201163,2025-07-11,แชมพู
T-201164,2025-08-27,ขนมปัง
T-201164,2025-08-27,ถุงพลาสติก
T-201164,2025-08-27,บะหมี่กึ่งสำเร็จรูป
T-201164,2025-08-27,ผงซักฟอก
T-201164,2025-08-27,ผ้าอ้อม
T-201164,2025-08-27,ผ้าเช็ดทำความสะอาด
T-201165,2025-07-22,กาแฟสด
T-201165,2025-07-22,ถุงพลาสติก
T-201165,2025-07-22,น้ำดื่ม
T-201165,2025-07-22,ผ้าเช็ดทำความสะอาด
T-201165,2025-07-22,เบียร์
T-201165,2025-07-22,แชมพู
T-201165,2025-07-22,ไข่ไก่
T-201166,2025-08-24,บะหมี่กึ่งสำเร็จรูป
T-201166,2025-08-24,ไข่ไก่
T-201167,2025-08-03,ถุงพลาสติก
T-201168,2025-07-28,ขนมปัง
T-201168,2025-07-28,ถุงพลาสติก
T-201168,2025-07-28,มันฝรั่งทอด
T-201168,2025-07-28,แชมพู
T-201169,2025-09-01,กาแฟสด
T-201169,2025-09-01,ถุงพลาสติก
T-201169,2025-09-01,น้ำดื่ม
T-201170,2025-09-22,กาแฟสด
T-201170,2025-09-22,ถุงพลาสติก
T-201170,2025-09-22,น้ำดื่ม
T-201170,2025-09-22,ผ้าอ้อม
T-201170,2025-09-22,ผ้าเช็ดทำความสะอาด
T-201171,2025-09-01,กาแฟสด
T-201171,2025-09-01,ถุงพลาสติก
T-201171,2025-09-01,น้ำดื่ม
T-201171,2025-09-01,ผงซักฟอก
T-201172,2025-09-08,ชาเขียว
T-201172,2025-09-08,ถุงพลาสติก
T-201172,2025-09-08,น้ำดื่ม
T-201172,2025-09-08,บะหมี่กึ่งสำเร็จรูป
T-201172,2025-09-08,ผงซักฟอก
T-201173,2025-08-05,ถุงพลาสติก
T-201173,2025-08-05,นมสด
T-201173,2025-08-05,น้ำดื่ม
T-201173,2025-08-05,มันฝรั่งทอด
T-201173,2025-08-05,ไข่ไก่
T-201174,2025-08-23,ขนมปัง
T-201174,2025-08-23,ชาเขียว
T-201174,2025-08-23,ถุงพลาสติก
T-201174,2025-08-23,นมสด
T-201175,2025-07-17,ขนมปัง
T-201175,2025-07-17,ถุงพลาสติก
T-201175,2025-07-17,บะหมี่กึ่งสำเร็จรูป
T-201175,2025-07-17,แชมพู
T-201175,2025-07-17,ไข่ไก่
T-201176,2025-09-05,กาแฟสด
T-201176,2025-09-05,น้ำดื่ม
T-201176,2025-09-05,บะหมี่กึ่งสำเร็จรูป
T-201176,2025-09-05,ผ้าอ้อม
T-201176,2025-09-05,ผ้าเช็ดทำความสะอาด
T-201176,2025-09-05,เบียร์
T-201177,2025-09-02,ขนมปัง
T-201177,2025-09-02,ถุงพลาสติก
T-201178,2025-08-29,ถุงพลาสติก
T-201178,2025-08-29,มันฝรั่งทอด
T-201178,2025-08-29,ไข่ไก่
T-201179,2025-07-06,กาแฟสด
T-201179,2025-07-06,ถุงพลาสติก
T-201179,2025-07-06,แชมพู
T-201179,2025-07-06,ไข่ไก่
T-201180,2025-08-10,ขนมปัง
T-201180,2025-08-10,ถุงพลาสติก
T-201180,2025-08-10,ผ้าอ้อม
T-201180,2025-08-10,ผ้าเช็ดทำความสะอาด
T-201180,2025-08-10,เบียร์
T-201180,2025-08-10,ไข่ไก่
T-201181,2025-07-01,ถุงพลาสติก
T-201181,2025-07-01,มันฝรั่งทอด
T-201181,2025-07-01,ไข่ไก่
T-201182,2025-08-01,กาแฟสด
T-201182,2025-08-01,มันฝรั่งทอด
T-201183,2025-08-07,ถุงพลาสติก
T-201184,2025-09-19,ชาเขียว
T-201184,2025-09-19,ถุงพลาสติก
T-201184,2025-09-19,น้ำดื่ม
T-201184,2025-09-19,มันฝรั่งทอด
T-201184,2025-09-19,แชมพู
T-201185,2025-08-01,ถุงพลาสติก
T-201185,2025-08-01,นมสด
T-201185,2025-08-01,น้ำดื่ม
T-201186,2025-08-09,ถุงพลาสติก
T-201187,2025-08-01,น้ำดื่ม
T-201187,2025-08-01,ผงซักฟอก
T-201187,2025-08-01,ไข่ไก่
T-201188,2025-07-10,ถุงพลาสติก
T-201188,2025-07-10,แชมพู
T-201189,2025-08-18,กาแฟสด
T-201189,2025-08-18,ถุงพลาสติก
T-201189,2025-08-18,มันฝรั่งทอด
T-201190,2025-08-09,ขนมปัง
T-201190,2025-08-09,บะหมี่กึ่งสำเร็จรูป
T-201190,2025-08-09,ผงซักฟอก
T-201191,2025-08-15,ชาเขียว
T-201191,2025-08-15,ถุงพลาสติก
T-201191,2025-08-15,น้ำดื่ม
T-201192,2025-09-15,กาแฟสด
T-201192,2025-09-15,ขนมปัง
T-201192,2025-09-15,ถุงพลาสติก
T-201192,2025-09-15,ผ้าอ้อม
T-201192,2025-09-15,ผ้าเช็ดทำความสะอาด
T-201193,2025-08-04,ถุงพลาสติก
T-201193,2025-08-04,ผงซักฟอก
T-201194,2025-09-09,กาแฟสด
T-201194,2025-09-09,ขนมปัง
T-201194,2025-09-09,ถุงพลาสติก
T-201194,2025-09-09,บะหมี่กึ่งสำเร็จรูป
T-201195,2025-08-11,ถุงพลาสติก
T-201195,2025-08-11,บะหมี่กึ่งสำเร็จรูป
T-201195,2025-08-11,ผ้าอ้อม
T-201195,2025-08-11,ผ้าเช็ดทำความสะอาด
T-201195,2025-08-11,เบียร์
T-201196,2025-08-21,ถุงพลาสติก
T-201196,2025-08-21,นมสด
T-201196,2025-08-21,ไข่ไก่
T-201197,2025-07-28,ถุงพลาสติก
T-201197,2025-07-28,น้ำดื่ม
T-201197,2025-07-28,มันฝรั่งทอด
T-201198,2025-08-30,ชาเขียว
T-201198,2025-08-30,ถุงพลาสติก
T-201198,2025-08-30,ผงซักฟอก
T-201199,2025-09-28,ถุงพลาสติก
T-201200,2025-07-04,ถุงพลาสติก
T-201200,2025-07-04,น้ำดื่ม
T-201201,2025-07-25,ถุงพลาสติก
T-201201,2025-07-25,น้ำดื่ม
T-201201,2025-07-25,บะหมี่กึ่งสำเร็จรูป
T-201201,2025-07-25,แชมพู
T-201202,2025-07-07,ขนมปัง
T-201202,2025-07-07,ถุงพลาสติก
T-201202,2025-07-07,น้ำดื่ม
T-201203,2025-07-01,ขนมปัง
T-201203,2025-07-01,ชาเขียว
T-201203,2025-07-01,ถุงพลาสติก
T-201203,2025-07-01,น้ำดื่ม
T-201204,2025-07-29,นมสด
T-201204,2025-07-29,น้ำดื่ม
T-201204,2025-07-29,เบียร์
T-201205,2025-07-01,กาแฟสด
T-201205,2025-07-01,ถุงพลาสติก
T-201205,2025-07-01,น้ำดื่ม
T-201205,2025-07-01,บะหมี่กึ่งสำเร็จรูป
T-201205,2025-07-01,ไข่ไก่
T-201206,2025-07-03,ถุงพลาสติก
T-201207,2025-07-19,กาแฟสด
T-201207,2025-07-19,ขนมปัง
T-201207,2025-07-19,นมสด
T-201207,2025-07-19,น้ำดื่ม
T-201208,2025-08-22,ชาเขียว
T-201208,2025-08-22,มันฝรั่งทอด
T-201208,2025-08-22,ไข่ไก่
T-201209,2025-09-15,กาแฟสด
T-201209,2025-09-15,ถุงพลาสติก
T-201209,2025-09-15,นมสด
T-201209,2025-09-15,น้ำดื่ม
T-201209,2025-09-15,บะหมี่กึ่งสำเร็จรูป
T-201209,2025-09-15,ผ้าอ้อม
T-201209,2025-09-15,ผ้าเช็ดทำความสะอาด
T-201209,2025-09-15,มันฝรั่งทอด
T-201209,2025-09-15,เบียร์
T-201210,2025-07-08,ชาเขียว
T-201210,2025-07-08,ถุงพลาสติก
T-201211,2025-08-12,กาแฟสด
T-201211,2025-08-12,ขนมปัง
T-201211,2025-08-12,ถุงพลาสติก
T-201211,2025-08-12,มันฝรั่งทอด
T-201211,2025-08-12,ไข่ไก่
T-201212,2025-09-20,ขนมปัง
T-201212,2025-09-20,ถุงพลาสติก
T-201212,2025-09-20,นมสด
T-201213,2025-09-25,ขนมปัง
T-201213,2025-09-25,ชาเขียว
T-201213,2025-09-25,ถุงพลาสติก
T-201214,2025-08-23,ถุงพลาสติก
T-201214,2025-08-23,นมสด
T-201214,2025-08-23,เบียร์
T-201215,2025-07-08,ถุงพลาสติก
T-201215,2025-07-08,น้ำดื่ม
T-201215,2025-07-08,มันฝรั่งทอด
T-201215,2025-07-08,ไข่ไก่
T-201216,2025-07-09,กาแฟสด
T-201216,2025-07-09,ถุงพลาสติก
T-201216,2025-07-09,บะหมี่กึ่งสำเร็จรูป
T-201217,2025-09-17,นมสด
T-201217,2025-09-17,น้ำดื่ม
T-201218,2025-09-26,ถุงพลาสติก
T-201218,2025-09-26,บะหมี่กึ่งสำเร็จรูป
T-201218,2025-09-26,เบียร์
T-201218,2025-09-26,ไข่ไก่
T-201219,2025-09-01,ถุงพลาสติก
T-201220,2025-08-31,ชาเขียว
T-201220,2025-08-31,ถุงพลาสติก
T-201221,2025-09-26,ชาเขียว
T-201221,2025-09-26,ถุงพลาสติก
T-201221,2025-09-26,บะหมี่กึ่งสำเร็จรูป
T-201221,2025-09-26,ผ้าเช็ดทำความสะอาด
T-201221,2025-09-26,เบียร์
T-201221,2025-09-26,แชมพู
T-201222,2025-08-13,ขนมปัง
T-201222,2025-08-13,ถุงพลาสติก
T-201223,2025-09-02,ชาเขียว
T-201224,2025-07-25,ถุงพลาสติก
T-201224,2025-07-25,นมสด
T-201224,2025-07-25,บะหมี่กึ่งสำเร็จรูป
T-201224,2025-07-25,มันฝรั่งทอด
T-201225,2025-07-29,ถุงพลาสติก
T-201225,2025-07-29,เบียร์
T-201226,2025-08-31,ขนมปัง
T-201226,2025-08-31,ไข่ไก่
T-201227,2025-09-12,ขนมปัง
T-201227,2025-09-12,ชาเขียว
T-201227,2025-09-12,ถุงพลาสติก
T-201227,2025-09-12,น้ำดื่ม
T-201227,2025-09-12,มันฝรั่งทอด
T-201227,2025-09-12,ไข่ไก่
T-201228,2025-07-20,กาแฟสด
T-201228,2025-07-20,ถุงพลาสติก
T-201229,2025-07-13,ขนมปัง
T-201229,2025-07-13,ชาเขียว
T-201229,2025-07-13,ถุงพลาสติก
T-201229,2025-07-13,นมสด
T-201230,2025-09-28,ชาเขียว
T-201230,2025-09-28,น้ำดื่ม
T-201231,2025-08-27,กาแฟสด
T-201231,2025-08-27,ถุงพลาสติก
T-201231,2025-08-27,น้ำดื่ม
T-201231,2025-08-27,บะหมี่กึ่งสำเร็จรูป
T-201232,2025-08-05,ถุงพลาสติก
T-201232,2025-08-05,น้ำดื่ม
T-201232,2025-08-05,เบียร์
T-201233,2025-07-23,ถุงพลาสติก
T-201233,2025-07-23,นมสด
T-201233,2025-07-23,ผ้าอ้อม
T-201233,2025-07-23,ผ้าเช็ดทำความสะอาด
T-201233,2025-07-23,เบียร์
T-201233,2025-07-23,แชมพู
T-201234,2025-07-08,กาแฟสด
T-201234,2025-07-08,ถุงพลาสติก
T-201234,2025-07-08,น้ำดื่ม
T-201235,2025-07-18,ถุงพลาสติก
T-201235,2025-07-18,นมสด
T-201236,2025-07-21,ถุงพลาสติก
T-201237,2025-07-03,กาแฟสด
T-201237,2025-07-03,ถุงพลาสติก
T-201237,2025-07-03,นมสด
T-201237,2025-07-03,มันฝรั่งทอด
T-201238,2025-08-17,ชาเขียว
T-201238,2025-08-17,ถุงพลาสติก
T-201238,2025-08-17,ผ้าอ้อม
T-201238,2025-08-17,ผ้าเช็ดทำความสะอาด
T-201238,2025-08-17,เบียร์
T-201239,2025-08-15,ถุงพลาสติก
T-201239,2025-08-15,ผ้าอ้อม
T-201239,2025-08-15,ผ้าเช็ดทำความสะอาด
T-201239,2025-08-15,ไข่ไก่
T-201240,2025-09-03,กาแฟสด
T-201240,2025-09-03,น้ำดื่ม
T-201240,2025-09-03,บะหมี่กึ่งสำเร็จรูป
T-201240,2025-09-03,ไข่ไก่
T-201241,2025-09-02,กาแฟสด
T-201241,2025-09-02,ถุงพลาสติก
T-201241,2025-09-02,น้ำดื่ม
T-201241,2025-09-02,แชมพู
T-201242,2025-09-16,ถุงพลาสติก
T-201242,2025-09-16,น้ำดื่ม
T-201243,2025-07-28,ขนมปัง
T-201243,2025-07-28,ถุงพลาสติก
T-201243,2025-07-28,บะหมี่กึ่งสำเร็จรูป
T-201243,2025-07-28,ไข่ไก่
T-201244,2025-07-22,กาแฟสด
T-201244,2025-07-22,ถุงพลาสติก
T-201244,2025-07-22,ผ้าอ้อม
T-201244,2025-07-22,ผ้าเช็ดทำความสะอาด
T-201245,2025-09-28,ผงซักฟอก
T-201245,2025-09-28,ผ้าเช็ดทำความสะอาด
T-201245,2025-09-28,เบียร์
T-201246,2025-09-18,ชาเขียว
T-201246,2025-09-18,ถุงพลาสติก
T-201247,2025-09-04,ถุงพลาสติก
T-201247,2025-09-04,นมสด
T-201247,2025-09-04,เบียร์
T-201248,2025-07-24,กาแฟสด
T-201248,2025-07-24,ขนมปัง
T-201248,2025-07-24,นมสด
T-201249,2025-07-05,ถุงพลาสติก
T-201249,2025-07-05,บะหมี่กึ่งสำเร็จรูป
T-201249,2025-07-05,ผงซักฟอก
T-201249,2025-07-05,เบียร์
T-201249,2025-07-05,ไข่ไก่
T-201250,2025-07-27,ขนมปัง
T-201250,2025-07-27,ถุงพลาสติก
T-201250,2025-07-27,น้ำดื่ม
T-201250,2025-07-27,มันฝรั่งทอด
T-201251,2025-07-06,นมสด
T-201251,2025-07-06,เบียร์
T-201251,2025-07-06,ไข่ไก่
T-201252,2025-08-28,ชาเขียว
T-201252,2025-08-28,ถุงพลาสติก
T-201253,2025-08-12,ชาเขียว
T-201253,2025-08-12,ถุงพลาสติก
T-201253,2025-08-12,นมสด
T-201253,2025-08-12,บะหมี่กึ่งสำเร็จรูป
T-201254,2025-07-01,ชาเขียว
T-201254,2025-07-01,นมสด
T-201254,2025-07-01,น้ำดื่ม
T-201254,2025-07-01,มันฝรั่งทอด
T-201255,2025-08-11,ขนมปัง
T-201255,2025-08-11,ถุงพลาสติก
T-201255,2025-08-11,น้ำดื่ม
T-201255,2025-08-11,มันฝรั่งทอด
T-201255,2025-08-11,เบียร์
T-201256,2025-09-18,ไข่ไก่
T-201257,2025-07-28,กาแฟสด
T-201257,2025-07-28,ถุงพลาสติก
T-201257,2025-07-28,นมสด
T-201257,2025-07-28,น้ำดื่ม
T-201258,2025-08-15,ถุงพลาสติก
T-201259,2025-09-17,ขนมปัง
T-201259,2025-09-17,ชาเขียว
T-201259,2025-09-17,น้ำดื่ม
T-201260,2025-09-27,ถุงพลาสติก
T-201260,2025-09-27,ผงซักฟอก
T-201261,2025-08-30,ชาเขียว
T-201261,2025-08-30,ถุงพลาสติก
T-201261,2025-08-30,ผ้าอ้อม
T-201261,2025-08-30,ผ้าเช็ดทำความสะอาด
T-201262,2025-08-26,ถุงพลาสติก
T-201263,2025-07-02,ถุงพลาสติก
T-201263,2025-07-02,น้ำดื่ม
T-201263,2025-07-02,ผ้าเช็ดทำความสะอาด
T-201263,2025-07-02,มันฝรั่งทอด
T-201263,2025-07-02,ไข่ไก่
T-201264,2025-08-09,ถุงพลาสติก
T-201264,2025-08-09,น้ำดื่ม
T-201264,2025-08-09,บะหมี่กึ่งสำเร็จรูป
T-201264,2025-08-09,ผงซักฟอก
T-201265,2025-07-14,ผ้าเช็ดทำความสะอาด
T-201266,2025-07-16,ผ้าเช็ดทำความสะอาด
T-201267,2025-08-25,ชาเขียว
T-201268,2025-08-26,ขนมปัง
T-201268,2025-08-26,ถุงพลาสติก
T-201268,2025-08-26,ผ้าเช็ดทำความสะอาด
T-201269,2025-09-14,กาแฟสด
T-201269,2025-09-14,ขนมปัง
T-201270,2025-08-14,ถุงพลาสติก
T-201270,2025-08-14,น้ำดื่ม
T-201270,2025-08-14,มันฝรั่งทอด
T-201270,2025-08-14,เบียร์
T-201271,2025-07-19,ขนมปัง
T-201271,2025-07-19,ถุงพลาสติก
T-201271,2025-07-19,มันฝรั่งทอด
T-201271,2025-07-19,ไข่ไก่
T-201272,2025-09-27,ถุงพลาสติก
T-201272,2025-09-27,บะหมี่กึ่งสำเร็จรูป
T-201273,2025-09-28,ขนมปัง
T-201273,2025-09-28,ผงซักฟอก
T-201273,2025-09-28,ไข่ไก่
T-201274,2025-07-06,บะหมี่กึ่งสำเร็จรูป
T-201275,2025-07-17,ถุงพลาสติก
T-201275,2025-07-17,นมสด
T-201275,2025-07-17,น้ำดื่ม
T-201275,2025-07-17,แชมพู
T-201276,2025-07-30,ถุงพลาสติก
T-201276,2025-07-30,นมสด
T-201276,2025-07-30,ผ้าเช็ดทำความสะอาด
T-201277,2025-09-13,ถุงพลาสติก
T-201277,2025-09-13,มันฝรั่งทอด
T-201278,2025-07-14,ขนมปัง
T-201278,2025-07-14,ชาเขียว
T-201278,2025-07-14,นมสด
T-201278,2025-07-14,ผ้าเช็ดทำความสะอาด
T-201279,2025-09-07,ถุงพลาสติก
T-201279,2025-09-07,น้ำดื่ม
T-201279,2025-09-07,เบียร์
T-201279,2025-09-07,แชมพู
T-201280,2025-09-12,ชาเขียว
T-201280,2025-09-12,ถุงพลาสติก
T-201280,2025-09-12,บะหมี่กึ่งสำเร็จรูป
T-201280,2025-09-12,เบียร์
T-201281,2025-09-07,กาแฟสด
T-201281,2025-09-07,ถุงพลาสติก
T-201281,2025-09-07,น้ำดื่ม
T-201281,2025-09-07,ผงซักฟอก
T-201282,2025-09-03,ถุงพลาสติก
T-201283,2025-07-05,ถุงพลาสติก
T-201283,2025-07-05,ผงซักฟอก
T-201284,2025-07-04,ถุงพลาสติก
T-201284,2025-07-04,บะหมี่กึ่งสำเร็จรูป
T-201284,2025-07-04,ผงซักฟอก
T-201285,2025-08-08,กาแฟสด
T-201285,2025-08-08,ถุงพลาสติก
T-201285,2025-08-08,นมสด
T-201285,2025-08-08,น้ำดื่ม
T-201285,2025-08-08,มันฝรั่งทอด
T-201286,2025-09-12,ถุงพลาสติก
T-201286,2025-09-12,นมสด
T-201286,2025-09-12,มันฝรั่งทอด
T-201286,2025-09-12,ไข่ไก่
T-201287,2025-08-09,ชาเขียว
T-201288,2025-07-25,ขนมปัง
T-201288,2025-07-25,ชาเขียว
T-201288,2025-07-25,ผ้าอ้อม
T-201288,2025-07-25,ผ้าเช็ดทำความสะอาด
T-201289,2025-08-16,ขนมปัง
T-201290,2025-08-15,ถุงพลาสติก
T-201290,2025-08-15,บะหมี่กึ่งสำเร็จรูป
T-201291,2025-07-16,ขนมปัง
T-201291,2025-07-16,ถุงพลาสติก
T-201291,2025-07-16,แชมพู
T-201292,2025-08-02,กาแฟสด
T-201292,2025-08-02,ถุงพลาสติก
T-201293,2025-07-12,ถุงพลาสติก
T-201293,2025-07-12,นมสด
T-201294,2025-07-16,ขนมปัง
T-201294,2025-07-16,ถุงพลาสติก
T-201294,2025-07-16,มันฝรั่งทอด
T-201294,2025-07-16,เบียร์
T-201295,2025-07-25,ถุงพลาสติก
T-201295,2025-07-25,นมสด
T-201295,2025-07-25,น้ำดื่ม
T-201295,2025-07-25,ไข่ไก่
T-201296,2025-09-07,ขนมปัง
T-201296,2025-09-07,ชาเขียว
T-201296,2025-09-07,ผงซักฟอก
T-201296,2025-09-07,ผ้าอ้อม
T-201297,2025-07-27,ขนมปัง
T-201297,2025-07-27,ถุงพลาสติก
T-201297,2025-07-27,น้ำดื่ม
T-201297,2025-07-27,ไข่ไก่
T-201298,2025-07-30,ถุงพลาสติก
T-201298,2025-07-30,นมสด
T-201298,2025-07-30,น้ำดื่ม
T-201298,2025-07-30,เบียร์
T-201299,2025-07-10,กาแฟสด
T-201299,2025-07-10,ขนมปัง
T-201299,2025-07-10,ถุงพลาสติก
T-201299,2025-07-10,น้ำดื่ม
T-201300,2025-07-15,กาแฟสด
T-201300,2025-07-15,ขนมปัง
T-201300,2025-07-15,ถุงพลาสติก
T-201300,2025-07-15,ผงซักฟอก
T-201301,2025-08-18,ขนมปัง
T-201301,2025-08-18,ถุงพลาสติก
T-201301,2025-08-18,นมสด
T-201301,2025-08-18,น้ำดื่ม
T-201301,2025-08-18,บะหมี่กึ่งสำเร็จรูป
T-201301,2025-08-18,ผงซักฟอก
T-201301,2025-08-18,มันฝรั่งทอด
T-201301,2025-08-18,แชมพู
T-201302,2025-07-01,ชาเขียว
T-201302,2025-07-01,ถุงพลาสติก
T-201302,2025-07-01,ไข่ไก่
T-201303,2025-08-31,ถุงพลาสติก
T-201303,2025-08-31,ผ้าอ้อม
T-201303,2025-08-31,เบียร์
T-201304,2025-07-05,ขนมปัง
T-201304,2025-07-05,ถุงพลาสติก
T-201304,2025-07-05,น้ำดื่ม
T-201304,2025-07-05,เบียร์
T-201304,2025-07-05,แชมพู
T-201305,2025-07-30,ถุงพลาสติก
T-201305,2025-07-30,น้ำดื่ม
T-201306,2025-08-14,กาแฟสด
T-201306,2025-08-14,ขนมปัง
T-201306,2025-08-14,ถุงพลาสติก
T-201306,2025-08-14,น้ำดื่ม
T-201307,2025-09-08,กาแฟสด
T-201307,2025-09-08,ถุงพลาสติก
T-201307,2025-09-08,นมสด
T-201308,2025-08-29,ชาเขียว
T-201308,2025-08-29,ถุงพลาสติก
T-201308,2025-08-29,นมสด
T-201308,2025-08-29,ผงซักฟอก
T-201308,2025-08-29,ผ้าเช็ดทำความสะอาด
T-201309,2025-07-09,ถุงพลาสติก
T-201309,2025-07-09,มันฝรั่งทอด
T-201309,2025-07-09,เบียร์
T-201310,2025-08-21,ถุงพลาสติก
T-201310,2025-08-21,นมสด
T-201311,2025-08-27,กาแฟสด
T-201311,2025-08-27,ถุงพลาสติก
T-201312,2025-08-26,กาแฟสด
T-201312,2025-08-26,ถุงพลาสติก
T-201312,2025-08-26,น้ำดื่ม
T-201312,2025-08-26,บะหมี่กึ่งสำเร็จรูป
T-201313,2025-08-07,ถุงพลาสติก
T-201313,2025-08-07,น้ำดื่ม
T-201313,2025-08-07,เบียร์
T-201314,2025-08-17,ถุงพลาสติก
T-201314,2025-08-17,แชมพู
T-201315,2025-07-23,กาแฟสด
T-201315,2025-07-23,ถุงพลาสติก
T-201315,2025-07-23,น้ำดื่ม
T-201316,2025-08-14,ถุงพลาสติก
T-201316,2025-08-14,เบียร์
T-201317,2025-08-19,กาแฟสด
T-201317,2025-08-19,ขนมปัง
T-201317,2025-08-19,ถุงพลาสติก
T-201317,2025-08-19,ไข่ไก่
T-201318,2025-09-06,ถุงพลาสติก
T-201319,2025-09-04,ถุงพลาสติก
T-201319,2025-09-04,นมสด
T-201319,2025-09-04,แชมพู
T-201320,2025-07-21,กาแฟสด
T-201320,2025-07-21,ถุงพลาสติก
T-201320,2025-07-21,นมสด
T-201320,2025-07-21,เบียร์
T-201321,2025-07-11,กาแฟสด
T-201321,2025-07-11,ถุงพลาสติก
T-201321,2025-07-11,น้ำดื่ม
T-201321,2025-07-11,มันฝรั่งทอด
T-201322,2025-08-26,กาแฟสด
T-201322,2025-08-26,ถุงพลาสติก
T-201322,2025-08-26,ผ้าเช็ดทำความสะอาด
T-201323,2025-09-03,ถุงพลาสติก
T-201324,2025-09-20,ขนมปัง
T-201324,2025-09-20,ถุงพลาสติก
T-201324,2025-09-20,นมสด
T-201324,2025-09-20,มันฝรั่งทอด
T-201325,2025-09-17,ถุงพลาสติก
T-201325,2025-09-17,นมสด
T-201326,2025-07-30,ขนมปัง
T-201326,2025-07-30,ถุงพลาสติก
T-201327,2025-09-03,กาแฟสด
T-201327,2025-09-03,น้ำดื่ม
T-201327,2025-09-03,ผงซักฟอก
T-201327,2025-09-03,มันฝรั่งทอด
T-201327,2025-09-03,ไข่ไก่
T-201328,2025-07-21,ขนมปัง
T-201328,2025-07-21,ถุงพลาสติก
T-201328,2025-07-21,ผ้าอ้อม
T-201328,2025-07-21,ผ้าเช็ดทำความสะอาด
T-201328,2025-07-21,เบียร์
T-201329,2025-08-04,ผ้าอ้อม
T-201329,2025-08-04,ผ้าเช็ดทำความสะอาด
T-201330,2025-09-03,กาแฟสด
T-201330,2025-09-03,ขนมปัง
T-201330,2025-09-03,ถุงพลาสติก
T-201330,2025-09-03,นมสด
T-201330,2025-09-03,น้ำดื่ม
T-201330,2025-09-03,เบียร์
T-201330,2025-09-03,ไข่ไก่
T-201331,2025-09-06,ถุงพลาสติก
T-201331,2025-09-06,แชมพู
T-201332,2025-07-13,ขนมปัง
T-201332,2025-07-13,ถุงพลาสติก
T-201332,2025-07-13,น้ำดื่ม
T-201332,2025-07-13,บะหมี่กึ่งสำเร็จรูป
T-201332,2025-07-13,มันฝรั่งทอด
T-201333,2025-09-04,มันฝรั่งทอด
T-201334,2025-09-09,ถุงพลาสติก
T-201334,2025-09-09,นมสด
T-201334,2025-09-09,บะหมี่กึ่งสำเร็จรูป
T-201334,2025-09-09,ผ้าอ้อม
T-201334,2025-09-09,ผ้าเช็ดทำความสะอาด
T-201334,2025-09-09,เบียร์
T-201335,2025-08-29,ขนมปัง
T-201335,2025-08-29,ถุงพลาสติก
T-201335,2025-08-29,ผงซักฟอก
T-201336,2025-08-29,ถุงพลาสติก
T-201336,2025-08-29,มันฝรั่งทอด
T-201337,2025-09-06,ขนมปัง
T-201337,2025-09-06,ถุงพลาสติก
T-201337,2025-09-06,บะหมี่กึ่งสำเร็จรูป
T-201338,2025-07-23,กาแฟสด
T-201338,2025-07-23,นมสด
T-201338,2025-07-23,น้ำดื่ม
T-201338,2025-07-23,ผ้าอ้อม
T-201338,2025-07-23,ผ้าเช็ดทำความสะอาด
T-201339,2025-09-23,ถุงพลาสติก
T-201339,2025-09-23,มันฝรั่งทอด
T-201340,2025-08-29,กาแฟสด
T-201340,2025-08-29,ถุงพลาสติก
T-201341,2025-07-15,ขนมปัง
T-201341,2025-07-15,ถุงพลาสติก
T-201342,2025-07-07,ขนมปัง
T-201342,2025-07-07,ชาเขียว
T-201342,2025-07-07,ถุงพลาสติก
T-201343,2025-07-26,กาแฟสด
T-201343,2025-07-26,ขนมปัง
T-201343,2025-07-26,ถุงพลาสติก
T-201344,2025-09-18,ชาเขียว
T-201344,2025-09-18,ถุงพลาสติก
T-201344,2025-09-18,เบียร์
T-201345,2025-08-30,ชาเขียว
T-201345,2025-08-30,ถุงพลาสติก
T-201345,2025-08-30,นมสด
T-201345,2025-08-30,บะหมี่กึ่งสำเร็จรูป
T-201346,2025-09-04,ชาเขียว
T-201346,2025-09-04,ถุงพลาสติก
T-201346,2025-09-04,มันฝรั่งทอด
T-201347,2025-07-07,ถุงพลาสติก
T-201347,2025-07-07,น้ำดื่ม
T-201347,2025-07-07,ผงซักฟอก
T-201348,2025-08-13,ชาเขียว
T-201348,2025-08-13,ถุงพลาสติก
T-201348,2025-08-13,เบียร์
T-201349,2025-09-06,ชาเขียว
T-201349,2025-09-06,น้ำดื่ม
T-201350,2025-08-30,นมสด
T-201351,2025-08-13,ถุงพลาสติก
T-201351,2025-08-13,ผ้าอ้อม
T-201352,2025-07-20,กาแฟสด
T-201352,2025-07-20,ผงซักฟอก
T-201353,2025-09-20,กาแฟสด
T-201353,2025-09-20,ขนมปัง
T-201353,2025-09-20,ถุงพลาสติก
T-201353,2025-09-20,ผ้าอ้อม
T-201353,2025-09-20,ผ้าเช็ดทำความสะอาด
T-201353,2025-09-20,มันฝรั่งทอด
T-201353,2025-09-20,เบียร์
T-201353,2025-09-20,ไข่ไก่
T-201354,2025-08-15,กาแฟสด
T-201354,2025-08-15,ถุงพลาสติก
T-201354,2025-08-15,น้ำดื่ม
T-201354,2025-08-15,มันฝรั่งทอด
T-201354,2025-08-15,ไข่ไก่
T-201355,2025-08-15,ชาเขียว
T-201355,2025-08-15,น้ำดื่ม
T-201356,2025-08-11,กาแฟสด
T-201356,2025-08-11,ถุงพลาสติก
T-201356,2025-08-11,นมสด
T-201356,2025-08-11,บะหมี่กึ่งสำเร็จรูป
T-201357,2025-08-01,ถุงพลาสติก
T-201357,2025-08-01,บะหมี่กึ่งสำเร็จรูป
T-201358,2025-09-07,กาแฟสด
T-201359,2025-07-27,ขนมปัง
T-201359,2025-07-27,ถุงพลาสติก
T-201359,2025-07-27,แชมพู
T-201359,2025-07-27,ไข่ไก่
T-201360,2025-08-24,ชาเขียว
T-201360,2025-08-24,ถุงพลาสติก
T-201360,2025-08-24,น้ำดื่ม
T-201360,2025-08-24,ผงซักฟอก
T-201360,2025-08-24,มันฝรั่งทอด
T-201360,2025-08-24,เบียร์
T-201361,2025-09-22,ขนมปัง
T-201361,2025-09-22,ถุงพลาสติก
T-201361,2025-09-22,น้ำดื่ม
T-201361,2025-09-22,มันฝรั่งทอด
T-201362,2025-07-05,กาแฟสด
T-201362,2025-07-05,ขนมปัง
T-201362,2025-07-05,ถุงพลาสติก
T-201362,2025-07-05,น้ำดื่ม
T-201362,2025-07-05,ผงซักฟอก
T-201362,2025-07-05,เบียร์
T-201362,2025-07-05,ไข่ไก่
T-201363,2025-09-04,ถุงพลาสติก
T-201363,2025-09-04,เบียร์
T-201363,2025-09-04,ไข่ไก่
T-201364,2025-07-29,ถุงพลาสติก
T-201364,2025-07-29,บะหมี่กึ่งสำเร็จรูป
T-201364,2025-07-29,ไข่ไก่
T-201365,2025-07-29,ขนมปัง
T-201365,2025-07-29,ชาเขียว
T-201365,2025-07-29,ถุงพลาสติก
T-201365,2025-07-29,น้ำดื่ม
T-201365,2025-07-29,ผ้าอ้อม
T-201365,2025-07-29,แชมพู
T-201366,2025-07-23,ขนมปัง
T-201366,2025-07-23,ชาเขียว
T-201366,2025-07-23,ถุงพลาสติก
T-201366,2025-07-23,น้ำดื่ม
T-201366,2025-07-23,แชมพู
T-201366,2025-07-23,ไข่ไก่
T-201367,2025-09-14,กาแฟสด
T-201367,2025-09-14,ถุงพลาสติก
T-201368,2025-09-06,ขนมปัง
T-201368,2025-09-06,ถุงพลาสติก
T-201368,2025-09-06,น้ำดื่ม
T-201368,2025-09-06,ผงซักฟอก
T-201368,2025-09-06,แชมพู
T-201369,2025-07-02,กาแฟสด
T-201369,2025-07-02,ถุงพลาสติก
T-201369,2025-07-02,ผ้าอ้อม
T-201369,2025-07-02,ผ้าเช็ดทำความสะอาด
T-201370,2025-09-03,บะหมี่กึ่งสำเร็จรูป
T-201371,2025-08-27,ถุงพลาสติก
T-201371,2025-08-27,เบียร์
T-201372,2025-07-23,ถุงพลาสติก
T-201372,2025-07-23,ผ้าอ้อม
T-201372,2025-07-23,ผ้าเช็ดทำความสะอาด
T-201373,2025-09-23,ถุงพลาสติก
T-201374,2025-07-05,ขนมปัง
T-201374,2025-07-05,ชาเขียว
T-201374,2025-07-05,ถุงพลาสติก
T-201375,2025-07-18,ชาเขียว
T-201375,2025-07-18,ถุงพลาสติก
T-201375,2025-07-18,นมสด
T-201375,2025-07-18,ผ้าเช็ดทำความสะอาด
T-201375,2025-07-18,มันฝรั่งทอด
T-201375,2025-07-18,เบียร์
T-201375,2025-07-18,แชมพู
T-201376,2025-07-24,ขนมปัง
T-201376,2025-07-24,ชาเขียว
T-201376,2025-07-24,นมสด
T-201377,2025-07-19,กาแฟสด
T-201377,2025-07-19,ถุงพลาสติก
T-201378,2025-08-27,ชาเขียว
T-201378,2025-08-27,ถุงพลาสติก
T-201378,2025-08-27,บะหมี่กึ่งสำเร็จรูป
T-201379,2025-07-25,กาแฟสด
T-201379,2025-07-25,ถุงพลาสติก
T-201379,2025-07-25,ผ้าอ้อม
T-201379,2025-07-25,ผ้าเช็ดทำความสะอาด
T-201379,2025-07-25,ไข่ไก่
T-201380,2025-07-08,ขนมปัง
T-201380,2025-07-08,ถุงพลาสติก
T-201380,2025-07-08,นมสด
T-201381,2025-09-11,ชาเขียว
T-201381,2025-09-11,ถุงพลาสติก
T-201381,2025-09-11,น้ำดื่ม
T-201381,2025-09-11,ผงซักฟอก
T-201381,2025-09-11,ผ้าเช็ดทำความสะอาด
T-201382,2025-07-09,กาแฟสด
T-201382,2025-07-09,ถุงพลาสติก
T-201382,2025-07-09,ผ้าอ้อม
T-201382,2025-07-09,ผ้าเช็ดทำความสะอาด
T-201382,2025-07-09,ไข่ไก่
T-201383,2025-08-04,ถุงพลาสติก
T-201383,2025-08-04,นมสด
T-201383,2025-08-04,บะหมี่กึ่งสำเร็จรูป
T-201383,2025-08-04,ผ้าอ้อม
T-201383,2025-08-04,ไข่ไก่
T-201384,2025-09-17,ถุงพลาสติก
T-201384,2025-09-17,น้ำดื่ม
T-201385,2025-09-22,ถุงพลาสติก
T-201385,2025-09-22,มันฝรั่งทอด
T-201385,2025-09-22,แชมพู
T-201386,2025-08-17,กาแฟสด
T-201386,2025-08-17,ขนมปัง
T-201386,2025-08-17,ถุงพลาสติก
T-201387,2025-07-22,ถุงพลาสติก
T-201387,2025-07-22,นมสด
T-201387,2025-07-22,ผ้าอ้อม
T-201387,2025-07-22,ผ้าเช็ดทำความสะอาด
T-201387,2025-07-22,เบียร์
T-201387,2025-07-22,ไข่ไก่
T-201388,2025-08-01,กาแฟสด
T-201388,2025-08-01,ถุงพลาสติก
T-201388,2025-08-01,น้ำดื่ม
T-201388,2025-08-01,เบียร์
T-201388,2025-08-01,ไข่ไก่
T-201389,2025-07-18,ถุงพลาสติก
T-201390,2025-07-10,ขนมปัง
T-201390,2025-07-10,ชาเขียว
T-201390,2025-07-10,ถุงพลาสติก
T-201390,2025-07-10,น้ำดื่ม
T-201390,2025-07-10,ผ้าเช็ดทำความสะอาด
T-201390,2025-07-10,เบียร์
T-201390,2025-07-10,ไข่ไก่
T-201391,2025-07-09,ถุงพลาสติก
T-201391,2025-07-09,น้ำดื่ม
T-201391,2025-07-09,ผ้าเช็ดทำความสะอาด
T-201391,2025-07-09,เบียร์
T-201392,2025-08-16,กาแฟสด
T-201392,2025-08-16,ขนมปัง
T-201392,2025-08-16,ถุงพลาสติก
T-201393,2025-09-15,ชาเขียว
T-201393,2025-09-15,ถุงพลาสติก
T-201394,2025-07-31,น้ำดื่ม
T-201395,2025-09-18,ถุงพลาสติก
T-201395,2025-09-18,นมสด
T-201395,2025-09-18,น้ำดื่ม
T-201395,2025-09-18,ไข่ไก่
T-201396,2025-09-19,ถุงพลาสติก
T-201396,2025-09-19,นมสด
T-201396,2025-09-19,น้ำดื่ม
T-201396,2025-09-19,บะหมี่กึ่งสำเร็จรูป
T-201397,2025-08-29,ถุงพลาสติก
T-201398,2025-09-07,ขนมปัง
T-201398,2025-09-07,ชาเขียว
T-201398,2025-09-07,ถุงพลาสติก
T-201398,2025-09-07,นมสด
T-201398,2025-09-07,น้ำดื่ม
T-201398,2025-09-07,ผงซักฟอก
T-201399,2025-08-28,ถุงพลาสติก
T-201399,2025-08-28,บะหมี่กึ่งสำเร็จรูป
T-201400,2025-09-15,กาแฟสด
T-201400,2025-09-15,ถุงพลาสติก
T-201400,2025-09-15,บะหมี่กึ่งสำเร็จรูป
T-201400,2025-09-15,ผงซักฟอก
T-201400,2025-09-15,มันฝรั่งทอด
T-201401,2025-08-20,กาแฟสด
T-201401,2025-08-20,ขนมปัง
T-201401,2025-08-20,ถุงพลาสติก
T-201401,2025-08-20,นมสด
T-201401,2025-08-20,ไข่ไก่
T-201402,2025-07-01,ถุงพลาสติก
T-201402,2025-07-01,แชมพู
T-201403,2025-07-04,ขนมปัง
T-201403,2025-07-04,ถุงพลาสติก
T-201403,2025-07-04,น้ำดื่ม
T-201404,2025-09-08,กาแฟสด
T-201404,2025-09-08,ถุงพลาสติก
T-201404,2025-09-08,น้ำดื่ม
T-201405,2025-07-17,กาแฟสด
T-201405,2025-07-17,ถุงพลาสติก
T-201405,2025-07-17,ผ้าอ้อม
T-201406,2025-07-14,ชาเขียว
T-201407,2025-08-02,ถุงพลาสติก
T-201407,2025-08-02,น้ำดื่ม
T-201407,2025-08-02,บะหมี่กึ่งสำเร็จรูป
T-201407,2025-08-02,แชมพู
T-201407,2025-08-02,ไข่ไก่
T-201408,2025-07-25,กาแฟสด
T-201408,2025-07-25,นมสด
T-201409,2025-07-27,ถุงพลาสติก
T-201409,2025-07-27,น้ำดื่ม
T-201410,2025-07-27,กาแฟสด
T-201410,2025-07-27,ถุงพลาสติก
T-201410,2025-07-27,ผ้าเช็ดทำความสะอาด
T-201410,2025-07-27,มันฝรั่งทอด
T-201410,2025-07-27,เบียร์
T-201411,2025-07-08,กาแฟสด
T-201411,2025-07-08,ขนมปัง
T-201411,2025-07-08,ถุงพลาสติก
T-201411,2025-07-08,บะหมี่กึ่งสำเร็จรูป
T-201412,2025-09-16,ชาเขียว
T-201412,2025-09-16,มันฝรั่งทอด
T-201412,2025-09-16,เบียร์
T-201412,2025-09-16,ไข่ไก่
T-201413,2025-09-23,ชาเขียว
T-201413,2025-09-23,ถุงพลาสติก
T-201413,2025-09-23,ไข่ไก่
T-201414,2025-07-01,ถุงพลาสติก
T-201415,2025-09-03,ถุงพลาสติก
T-201415,2025-09-03,นมสด
T-201416,2025-07-23,กาแฟสด
T-201416,2025-07-23,ถุงพลาสติก
T-201416,2025-07-23,บะหมี่กึ่งสำเร็จรูป
T-201416,2025-07-23,ไข่ไก่
T-201417,2025-07-14,ขนมปัง
T-201417,2025-07-14,ชาเขียว
T-201417,2025-07-14,ถุงพลาสติก
T-201417,2025-07-14,นมสด
T-201418,2025-07-29,กาแฟสด
T-201418,2025-07-29,ถุงพลาสติก
T-201418,2025-07-29,น้ำดื่ม
T-201418,2025-07-29,เบียร์
T-201419,2025-09-13,ถุงพลาสติก
T-201420,2025-07-05,ถุงพลาสติก
T-201420,2025-07-05,ผ้าอ้อม
T-201420,2025-07-05,ผ้าเช็ดทำความสะอาด
T-201420,2025-07-05,มันฝรั่งทอด
T-201420,2025-07-05,เบียร์
T-201421,2025-07-18,ขนมปัง
T-201421,2025-07-18,ถุงพลาสติก
T-201421,2025-07-18,นมสด
T-201421,2025-07-18,น้ำดื่ม
T-201421,2025-07-18,ไข่ไก่
T-201422,2025-09-02,ถุงพลาสติก
T-201422,2025-09-02,บะหมี่กึ่งสำเร็จรูป
T-201422,2025-09-02,ไข่ไก่
T-201423,2025-07-01,ขนมปัง
T-201423,2025-07-01,ชาเขียว
T-201423,2025-07-01,ถุงพลาสติก
T-201424,2025-09-27,ชาเขียว
T-201424,2025-09-27,ถุงพลาสติก
T-201424,2025-09-27,บะหมี่กึ่งสำเร็จรูป
T-201424,2025-09-27,ผงซักฟอก
T-201424,2025-09-27,เบียร์
T-201425,2025-07-21,ถุงพลาสติก
T-201425,2025-07-21,น้ำดื่ม
T-201425,2025-07-21,ผ้าเช็ดทำความสะอาด
T-201425,2025-07-21,ไข่ไก่
T-201426,2025-09-01,กาแฟสด
T-201426,2025-09-01,ผงซักฟอก
T-201426,2025-09-01,เบียร์
T-201427,2025-08-18,ถุงพลาสติก
T-201427,2025-08-18,มันฝรั่งทอด
T-201428,2025-08-03,ไข่ไก่
T-201429,2025-09-15,ขนมปัง
T-201429,2025-09-15,ถุงพลาสติก
T-201429,2025-09-15,น้ำดื่ม
T-201429,2025-09-15,ผ้าอ้อม
T-201429,2025-09-15,ผ้าเช็ดทำความสะอาด
T-201430,2025-08-15,ชาเขียว
T-201430,2025-08-15,ถุงพลาสติก
T-201430,2025-08-15,บะหมี่กึ่งสำเร็จรูป
T-201431,2025-08-24,นมสด
T-201432,2025-07-24,ถุงพลาสติก
T-201432,2025-07-24,ผ้าอ้อม
T-201433,2025-07-15,ชาเขียว
T-201433,2025-07-15,นมสด
T-201433,2025-07-15,น้ำดื่ม
T-201434,2025-07-06,ชาเขียว
T-201434,2025-07-06,ถุงพลาสติก
T-201434,2025-07-06,น้ำดื่ม
T-201434,2025-07-06,ผงซักฟอก
T-201434,2025-07-06,ผ้าอ้อม
T-201434,2025-07-06,ผ้าเช็ดทำความสะอาด
T-201434,2025-07-06,มันฝรั่งทอด
T-201434,2025-07-06,ไข่ไก่
T-201435,2025-08-02,กาแฟสด
T-201435,2025-08-02,ถุงพลาสติก
T-201435,2025-08-02,น้ำดื่ม
T-201435,2025-08-02,แชมพู
T-201436,2025-08-22,น้ำดื่ม
T-201437,2025-09-27,ชาเขียว
T-201437,2025-09-27,ผงซักฟอก
T-201437,2025-09-27,มันฝรั่งทอด
T-201437,2025-09-27,ไข่ไก่
T-201438,2025-07-14,ขนมปัง
T-201438,2025-07-14,ผงซักฟอก
T-201438,2025-07-14,ไข่ไก่
T-201439,2025-08-22,ชาเขียว
T-201439,2025-08-22,ถุงพลาสติก
T-201439,2025-08-22,ไข่ไก่
T-201440,2025-07-22,ขนมปัง
T-201440,2025-07-22,ถุงพลาสติก
T-201440,2025-07-22,นมสด
T-201440,2025-07-22,บะหมี่กึ่งสำเร็จรูป
T-201441,2025-09-11,กาแฟสด
T-201441,2025-09-11,ถุงพลาสติก
T-201441,2025-09-11,บะหมี่กึ่งสำเร็จรูป
T-201441,2025-09-11,ผ้าอ้อม
T-201441,2025-09-11,ผ้าเช็ดทำความสะอาด
T-201441,2025-09-11,เบียร์
T-201442,2025-08-31,ชาเขียว
T-201442,2025-08-31,ถุงพลาสติก
T-201442,2025-08-31,ผงซักฟอก
T-201442,2025-08-31,ไข่ไก่
T-201443,2025-07-22,ถุงพลาสติก
T-201443,2025-07-22,มันฝรั่งทอด
T-201443,2025-07-22,เบียร์
T-201443,2025-07-22,แชมพู
T-201444,2025-07-01,กาแฟสด
T-201444,2025-07-01,ขนมปัง
T-201444,2025-07-01,ถุงพลาสติก
T-201444,2025-07-01,น้ำดื่ม
T-201444,2025-07-01,ผ้าอ้อม
T-201444,2025-07-01,แชมพู
T-201445,2025-07-17,ถุงพลาสติก
T-201445,2025-07-17,น้ำดื่ม
T-201445,2025-07-17,ไข่ไก่
T-201446,2025-07-26,ชาเขียว
T-201446,2025-07-26,ถุงพลาสติก
T-201446,2025-07-26,แชมพู
T-201447,2025-07-02,กาแฟสด
T-201447,2025-07-02,ถุงพลาสติก
T-201447,2025-07-02,บะหมี่กึ่งสำเร็จรูป
T-201447,2025-07-02,มันฝรั่งทอด
T-201448,2025-07-03,ขนมปัง
T-201448,2025-07-03,ถุงพลาสติก
T-201448,2025-07-03,น้ำดื่ม
T-201448,2025-07-03,มันฝรั่งทอด
T-201448,2025-07-03,เบียร์
T-201449,2025-08-14,เบียร์
T-201449,2025-08-14,แชมพู
T-201450,2025-07-24,ชาเขียว
T-201450,2025-07-24,ถุงพลาสติก
T-201451,2025-07-04,ขนมปัง
T-201452,2025-09-08,กาแฟสด
T-201452,2025-09-08,ถุงพลาสติก
T-201452,2025-09-08,บะหมี่กึ่งสำเร็จรูป
T-201452,2025-09-08,มันฝรั่งทอด
T-201452,2025-09-08,ไข่ไก่
T-201453,2025-08-01,ถุงพลาสติก
T-201453,2025-08-01,นมสด
T-201453,2025-08-01,บะหมี่กึ่งสำเร็จรูป
T-201454,2025-09-09,ขนมปัง
T-201454,2025-09-09,ถุงพลาสติก
T-201454,2025-09-09,นมสด
T-201454,2025-09-09,น้ำดื่ม
T-201455,2025-08-25,ถุงพลาสติก
T-201455,2025-08-25,มันฝรั่งทอด
T-201456,2025-08-26,กาแฟสด
T-201456,2025-08-26,ขนมปัง
T-201456,2025-08-26,ถุงพลาสติก
T-201456,2025-08-26,นมสด
T-201456,2025-08-26,น้ำดื่ม
T-201457,2025-09-11,ถุงพลาสติก
T-201457,2025-09-11,ผ้าอ้อม
T-201457,2025-09-11,ผ้าเช็ดทำความสะอาด
T-201457,2025-09-11,เบียร์
T-201457,2025-09-11,ไข่ไก่
T-201458,2025-08-14,กาแฟสด
T-201458,2025-08-14,ขนมปัง
T-201458,2025-08-14,ถุงพลาสติก
T-201458,2025-08-14,น้ำดื่ม
T-201458,2025-08-14,บะหมี่กึ่งสำเร็จรูป
T-201458,2025-08-14,ผงซักฟอก
T-201458,2025-08-14,ผ้าเช็ดทำความสะอาด
T-201458,2025-08-14,แชมพู
T-201458,2025-08-14,ไข่ไก่
T-201459,2025-08-04,ชาเขียว
T-201459,2025-08-04,ถุงพลาสติก
T-201459,2025-08-04,บะหมี่กึ่งสำเร็จรูป
T-201459,2025-08-04,มันฝรั่งทอด
T-201460,2025-09-08,ชาเขียว
T-201460,2025-09-08,ถุงพลาสติก
T-201460,2025-09-08,น้ำดื่ม
T-201461,2025-08-11,ถุงพลาสติก
T-201461,2025-08-11,นมสด
T-201461,2025-08-11,น้ำดื่ม
T-201462,2025-07-03,ถุงพลาสติก
T-201462,2025-07-03,แชมพู
T-201463,2025-08-03,ถุงพลาสติก
T-201463,2025-08-03,ไข่ไก่
T-201464,2025-08-06,ถุงพลาสติก
T-201464,2025-08-06,นมสด
T-201465,2025-09-09,ถุงพลาสติก
T-201465,2025-09-09,บะหมี่กึ่งสำเร็จรูป
T-201465,2025-09-09,มันฝรั่งทอด
T-201465,2025-09-09,ไข่ไก่
T-201466,2025-07-03,กาแฟสด
T-201466,2025-07-03,ถุงพลาสติก
T-201466,2025-07-03,น้ำดื่ม
T-201466,2025-07-03,เบียร์
T-201467,2025-07-24,ขนมปัง
T-201467,2025-07-24,ถุงพลาสติก
T-201467,2025-07-24,ไข่ไก่
T-201468,2025-08-24,ถุงพลาสติก
T-201468,2025-08-24,บะหมี่กึ่งสำเร็จรูป
T-201469,2025-07-03,กาแฟสด
T-201469,2025-07-03,ขนมปัง
T-201469,2025-07-03,ถุงพลาสติก
T-201470,2025-08-28,ขนมปัง
T-201470,2025-08-28,ถุงพลาสติก
T-201470,2025-08-28,ไข่ไก่
T-201471,2025-07-29,ถุงพลาสติก
T-201471,2025-07-29,น้ำดื่ม
T-201472,2025-09-24,ขนมปัง
T-201472,2025-09-24,ชาเขียว
T-201472,2025-09-24,ถุงพลาสติก
T-201472,2025-09-24,นมสด
T-201472,2025-09-24,น้ำดื่ม
T-201472,2025-09-24,เบียร์
T-201472,2025-09-24,แชมพู
T-201473,2025-09-17,กาแฟสด
T-201473,2025-09-17,ไข่ไก่
T-201474,2025-09-28,กาแฟสด
T-201474,2025-09-28,ขนมปัง
T-201474,2025-09-28,ถุงพลาสติก
T-201474,2025-09-28,น้ำดื่ม
T-201474,2025-09-28,แชมพู
T-201475,2025-08-08,กาแฟสด
T-201475,2025-08-08,ขนมปัง
T-201475,2025-08-08,น้ำดื่ม
T-201475,2025-08-08,บะหมี่กึ่งสำเร็จรูป
T-201475,2025-08-08,ไข่ไก่
T-201476,2025-08-01,ถุงพลาสติก
T-201476,2025-08-01,นมสด
T-201476,2025-08-01,เบียร์
T-201477,2025-09-21,กาแฟสด
T-201477,2025-09-21,ถุงพลาสติก
T-201478,2025-07-10,ขนมปัง
T-201478,2025-07-10,ถุงพลาสติก
T-201478,2025-07-10,นมสด
T-201478,2025-07-10,เบียร์
T-201479,2025-07-29,ถุงพลาสติก
T-201479,2025-07-29,มันฝรั่งทอด
T-201480,2025-09-22,ถุงพลาสติก
T-201480,2025-09-22,มันฝรั่งทอด
T-201481,2025-08-14,กาแฟสด
T-201481,2025-08-14,ถุงพลาสติก
T-201481,2025-08-14,น้ำดื่ม
T-201481,2025-08-14,มันฝรั่งทอด
T-201482,2025-08-02,ถุงพลาสติก
T-201482,2025-08-02,น้ำดื่ม
T-201482,2025-08-02,มันฝรั่งทอด
T-201483,2025-09-09,ชาเขียว
T-201483,2025-09-09,ถุงพลาสติก
T-201483,2025-09-09,ไข่ไก่
T-201484,2025-09-04,กาแฟสด
T-201484,2025-09-04,ถุงพลาสติก
T-201485,2025-09-07,ชาเขียว
T-201485,2025-09-07,ถุงพลาสติก
T-201485,2025-09-07,นมสด
T-201485,2025-09-07,ผงซักฟอก
T-201485,2025-09-07,แชมพู
T-201486,2025-09-28,ขนมปัง
T-201486,2025-09-28,ถุงพลาสติก
T-201486,2025-09-28,ผ้าอ้อม
T-201486,2025-09-28,ผ้าเช็ดทำความสะอาด
T-201486,2025-09-28,เบียร์
T-201486,2025-09-28,ไข่ไก่
T-201487,2025-09-01,ขนมปัง
T-201487,2025-09-01,ถุงพลาสติก
T-201487,2025-09-01,น้ำดื่ม
T-201487,2025-09-01,บะหมี่กึ่งสำเร็จรูป
T-201487,2025-09-01,ผ้าอ้อม
T-201487,2025-09-01,ผ้าเช็ดทำความสะอาด
T-201487,2025-09-01,มันฝรั่งทอด
T-201487,2025-09-01,เบียร์
T-201488,2025-09-15,กาแฟสด
T-201488,2025-09-15,ขนมปัง
T-201488,2025-09-15,ถุงพลาสติก
T-201488,2025-09-15,บะหมี่กึ่งสำเร็จรูป
T-201488,2025-09-15,แชมพู
T-201489,2025-08-18,กาแฟสด
T-201489,2025-08-18,นมสด
T-201489,2025-08-18,บะหมี่กึ่งสำเร็จรูป
T-201489,2025-08-18,ผงซักฟอก
T-201489,2025-08-18,ผ้าอ้อม
T-201490,2025-09-20,ถุงพลาสติก
T-201490,2025-09-20,ผ้าเช็ดทำความสะอาด
T-201491,2025-07-17,ขนมปัง
T-201491,2025-07-17,แชมพู
T-201492,2025-07-14,ถุงพลาสติก
T-201492,2025-07-14,เบียร์
T-201493,2025-09-24,ชาเขียว
T-201493,2025-09-24,ถุงพลาสติก
T-201493,2025-09-24,น้ำดื่ม
T-201493,2025-09-24,ไข่ไก่
T-201494,2025-09-25,กาแฟสด
T-201494,2025-09-25,นมสด
T-201495,2025-07-06,ถุงพลาสติก
T-201495,2025-07-06,ผงซักฟอก
T-201495,2025-07-06,ผ้าอ้อม
T-201495,2025-07-06,ผ้าเช็ดทำความสะอาด
T-201495,2025-07-06,มันฝรั่งทอด
T-201496,2025-08-14,นมสด
T-201496,2025-08-14,มันฝรั่งทอด
T-201497,2025-07-03,ขนมปัง
T-201497,2025-07-03,ถุงพลาสติก
T-201497,2025-07-03,นมสด
T-201497,2025-07-03,ผ้าอ้อม
T-201497,2025-07-03,ผ้าเช็ดทำความสะอาด
T-201498,2025-09-06,ถุงพลาสติก
T-201499,2025-08-09,ขนมปัง
T-201500,2025-08-22,กาแฟสด
T-201500,2025-08-22,ขนมปัง
T-201500,2025-08-22,ถุงพลาสติก
T-201500,2025-08-22,น้ำดื่ม
T-201501,2025-07-02,ถุงพลาสติก
T-201501,2025-07-02,น้ำดื่ม
T-201501,2025-07-02,บะหมี่กึ่งสำเร็จรูป
T-201501,2025-07-02,ไข่ไก่
T-201502,2025-09-01,นมสด
T-201503,2025-07-27,ขนมปัง
T-201503,2025-07-27,ถุงพลาสติก
T-201503,2025-07-27,นมสด
T-201503,2025-07-27,บะหมี่กึ่งสำเร็จรูป
T-201503,2025-07-27,มันฝรั่งทอด
T-201504,2025-07-07,ถุงพลาสติก
T-201504,2025-07-07,บะหมี่กึ่งสำเร็จรูป
T-201504,2025-07-07,เบียร์
T-201504,2025-07-07,ไข่ไก่
T-201505,2025-09-02,ถุงพลาสติก
T-201505,2025-09-02,นมสด
T-201505,2025-09-02,น้ำดื่ม
T-201505,2025-09-02,บะหมี่กึ่งสำเร็จรูป
T-201505,2025-09-02,ผงซักฟอก
T-201506,2025-08-29,ชาเขียว
T-201506,2025-08-29,ถุงพลาสติก
T-201506,2025-08-29,นมสด
T-201506,2025-08-29,ผงซักฟอก
T-201507,2025-07-13,กาแฟสด
T-201507,2025-07-13,ถุงพลาสติก
T-201507,2025-07-13,น้ำดื่ม
T-201507,2025-07-13,บะหมี่กึ่งสำเร็จรูป
T-201507,2025-07-13,ไข่ไก่
T-201508,2025-07-18,ถุงพลาสติก
T-201508,2025-07-18,น้ำดื่ม
T-201508,2025-07-18,ผงซักฟอก
T-201509,2025-08-15,กาแฟสด
T-201509,2025-08-15,ขนมปัง
T-201509,2025-08-15,ถุงพลาสติก
T-201509,2025-08-15,ผงซักฟอก
T-201509,2025-08-15,แชมพู
T-201510,2025-07-12,ถุงพลาสติก
T-201510,2025-07-12,บะหมี่กึ่งสำเร็จรูป
T-201511,2025-07-08,ขนมปัง
T-201511,2025-07-08,ชาเขียว
T-201511,2025-07-08,ถุงพลาสติก
T-201511,2025-07-08,นมสด
T-201511,2025-07-08,บะหมี่กึ่งสำเร็จรูป
T-201511,2025-07-08,ไข่ไก่
T-201512,2025-07-08,ชาเขียว
T-201512,2025-07-08,ผงซักฟอก
T-201512,2025-07-08,เบียร์
T-201512,2025-07-08,แชมพู
T-201513,2025-07-14,กาแฟสด
T-201513,2025-07-14,ถุงพลาสติก
T-201513,2025-07-14,นมสด
T-201513,2025-07-14,น้ำดื่ม
T-201513,2025-07-14,ผงซักฟอก
T-201514,2025-07-31,ขนมปัง
T-201514,2025-07-31,ชาเขียว
T-201514,2025-07-31,นมสด
T-201514,2025-07-31,ผงซักฟอก
T-201514,2025-07-31,มันฝรั่งทอด
T-201515,2025-07-02,กาแฟสด
T-201515,2025-07-02,ถุงพลาสติก
T-201515,2025-07-02,น้ำดื่ม
T-201515,2025-07-02,ไข่ไก่
T-201516,2025-07-03,ถุงพลาสติก
T-201516,2025-07-03,มันฝรั่งทอด
T-201517,2025-09-18,ชาเขียว
T-201517,2025-09-18,ถุงพลาสติก
T-201518,2025-08-22,ชาเขียว
T-201518,2025-08-22,น้ำดื่ม
T-201518,2025-08-22,ผ้าอ้อม
T-201518,2025-08-22,ผ้าเช็ดทำความสะอาด
T-201518,2025-08-22,แชมพู
T-201519,2025-09-15,นมสด
T-201519,2025-09-15,ผ้าอ้อม
T-201519,2025-09-15,ผ้าเช็ดทำความสะอาด
T-201519,2025-09-15,มันฝรั่งทอด
T-201520,2025-07-20,ขนมปัง
T-201520,2025-07-20,ถุงพลาสติก
T-201520,2025-07-20,นมสด
T-201520,2025-07-20,น้ำดื่ม
T-201520,2025-07-20,ไข่ไก่
T-201521,2025-09-20,ขนมปัง
T-201521,2025-09-20,ถุงพลาสติก
T-201521,2025-09-20,นมสด
T-201522,2025-09-23,ถุงพลาสติก
T-201523,2025-09-19,กาแฟสด
T-201523,2025-09-19,ถุงพลาสติก
T-201523,2025-09-19,นมสด
T-201523,2025-09-19,ผงซักฟอก
T-201523,2025-09-19,ไข่ไก่
T-201524,2025-07-15,ชาเขียว
T-201524,2025-07-15,ถุงพลาสติก
T-201525,2025-07-28,ขนมปัง
T-201525,2025-07-28,ถุงพลาสติก
T-201525,2025-07-28,ผ้าเช็ดทำความสะอาด
T-201525,2025-07-28,ไข่ไก่
T-201526,2025-07-17,ถุงพลาสติก
T-201526,2025-07-17,ไข่ไก่
T-201527,2025-09-10,ถุงพลาสติก
T-201527,2025-09-10,นมสด
T-201527,2025-09-10,น้ำดื่ม
T-201527,2025-09-10,มันฝรั่งทอด
T-201527,2025-09-10,เบียร์
T-201528,2025-08-31,ถุงพลาสติก
T-201528,2025-08-31,น้ำดื่ม
T-201528,2025-08-31,ผงซักฟอก
T-201529,2025-09-06,ถุงพลาสติก
T-201529,2025-09-06,นมสด
T-201530,2025-08-11,กาแฟสด
T-201530,2025-08-11,ถุงพลาสติก
T-201530,2025-08-11,ผ้าอ้อม
T-201530,2025-08-11,ผ้าเช็ดทำความสะอาด
T-201531,2025-08-02,ถุงพลาสติก
T-201531,2025-08-02,บะหมี่กึ่งสำเร็จรูป
T-201531,2025-08-02,มันฝรั่งทอด
T-201531,2025-08-02,ไข่ไก่
T-201532,2025-09-07,ถุงพลาสติก
T-201532,2025-09-07,น้ำดื่ม
T-201532,2025-09-07,บะหมี่กึ่งสำเร็จรูป
T-201532,2025-09-07,เบียร์
T-201533,2025-08-12,ขนมปัง
T-201533,2025-08-12,ถุงพลาสติก
T-201534,2025-07-01,ถุงพลาสติก
T-201534,2025-07-01,นมสด
T-201534,2025-07-01,ผ้าอ้อม
T-201534,2025-07-01,ผ้าเช็ดทำความสะอาด
T-201535,2025-08-18,ขนมปัง
T-201535,2025-08-18,ถุงพลาสติก
T-201536,2025-07-22,ถุงพลาสติก
T-201536,2025-07-22,บะหมี่กึ่งสำเร็จรูป
T-201536,2025-07-22,เบียร์
T-201537,2025-09-22,ถุงพลาสติก
T-201537,2025-09-22,นมสด
T-201538,2025-08-18,กาแฟสด
T-201538,2025-08-18,นมสด
T-201538,2025-08-18,น้ำดื่ม
T-201538,2025-08-18,ไข่ไก่
T-201539,2025-08-27,ชาเขียว
T-201539,2025-08-27,นมสด
T-201539,2025-08-27,ผงซักฟอก
T-201540,2025-07-10,ถุงพลาสติก
T-201540,2025-07-10,เบียร์
T-201541,2025-08-30,ถุงพลาสติก
T-201542,2025-07-17,กาแฟสด
T-201542,2025-07-17,ขนมปัง
T-201542,2025-07-17,น้ำดื่ม
T-201542,2025-07-17,บะหมี่กึ่งสำเร็จรูป
T-201542,2025-07-17,ผงซักฟอก
T-201542,2025-07-17,ผ้าอ้อม
T-201542,2025-07-17,ผ้าเช็ดทำความสะอาด
T-201543,2025-07-09,ถุงพลาสติก
T-201543,2025-07-09,นมสด
T-201543,2025-07-09,น้ำดื่ม
T-201543,2025-07-09,บะหมี่กึ่งสำเร็จรูป
T-201544,2025-09-05,ถุงพลาสติก
T-201544,2025-09-05,ผงซักฟอก
T-201545,2025-09-28,ถุงพลาสติก
T-201545,2025-09-28,น้ำดื่ม
T-201545,2025-09-28,ผงซักฟอก
T-201546,2025-08-17,ถุงพลาสติก
T-201546,2025-08-17,แชมพู
T-201547,2025-07-01,น้ำดื่ม
T-201548,2025-07-31,ถุงพลาสติก
T-201548,2025-07-31,บะหมี่กึ่งสำเร็จรูป
T-201548,2025-07-31,ผ้าอ้อม
T-201549,2025-07-20,ชาเขียว
T-201549,2025-07-20,ถุงพลาสติก
T-201549,2025-07-20,บะหมี่กึ่งสำเร็จรูป
T-201549,2025-07-20,มันฝรั่งทอด
T-201549,2025-07-20,ไข่ไก่
T-201550,2025-08-26,กาแฟสด
T-201550,2025-08-26,ถุงพลาสติก
T-201550,2025-08-26,บะหมี่กึ่งสำเร็จรูป
T-201550,2025-08-26,มันฝรั่งทอด
T-201551,2025-08-10,ถุงพลาสติก
T-201551,2025-08-10,นมสด
T-201552,2025-07-14,ขนมปัง
T-201552,2025-07-14,ชาเขียว
T-201552,2025-07-14,ถุงพลาสติก
T-201552,2025-07-14,แชมพู
T-201553,2025-09-02,ถุงพลาสติก
T-201553,2025-09-02,บะหมี่กึ่งสำเร็จรูป
T-201553,2025-09-02,มันฝรั่งทอด
T-201554,2025-09-16,ถุงพลาสติก
T-201554,2025-09-16,บะหมี่กึ่งสำเร็จรูป
T-201554,2025-09-16,ผงซักฟอก
T-201554,2025-09-16,เบียร์
T-201555,2025-08-02,ถุงพลาสติก
T-201555,2025-08-02,น้ำดื่ม
T-201555,2025-08-02,บะหมี่กึ่งสำเร็จรูป
T-201555,2025-08-02,ผ้าอ้อม
T-201555,2025-08-02,ผ้าเช็ดทำความสะอาด
T-201556,2025-07-27,ถุงพลาสติก
T-201556,2025-07-27,ผ้าอ้อม
T-201556,2025-07-27,ผ้าเช็ดทำความสะอาด
T-201556,2025-07-27,เบียร์
T-201557,2025-09-27,ขนมปัง
T-201557,2025-09-27,ถุงพลาสติก
T-201557,2025-09-27,น้ำดื่ม
T-201557,2025-09-27,ผ้าอ้อม
T-201557,2025-09-27,ผ้าเช็ดทำความสะอาด
T-201557,2025-09-27,แชมพู
T-201558,2025-07-16,ถุงพลาสติก
T-201558,2025-07-16,แชมพู
T-201558,2025-07-16,ไข่ไก่
T-201559,2025-09-11,ถุงพลาสติก
T-201559,2025-09-11,น้ำดื่ม
T-201559,2025-09-11,เบียร์
T-201560,2025-09-18,ถุงพลาสติก
T-201560,2025-09-18,นมสด
T-201560,2025-09-18,บะหมี่กึ่งสำเร็จรูป
T-201561,2025-08-05,ขนมปัง
T-201561,2025-08-05,น้ำดื่ม
T-201561,2025-08-05,ไข่ไก่
T-201562,2025-08-15,ถุงพลาสติก
T-201562,2025-08-15,บะหมี่กึ่งสำเร็จรูป
T-201563,2025-08-17,ขนมปัง
T-201563,2025-08-17,ถุงพลาสติก
T-201563,2025-08-17,นมสด
T-201563,2025-08-17,น้ำดื่ม
T-201564,2025-08-19,ชาเขียว
T-201564,2025-08-19,ถุงพลาสติก
T-201564,2025-08-19,นมสด
T-201565,2025-08-28,ถุงพลาสติก
T-201565,2025-08-28,น้ำดื่ม
T-201565,2025-08-28,บะหมี่กึ่งสำเร็จรูป
T-201565,2025-08-28,ผ้าอ้อม
T-201565,2025-08-28,ผ้าเช็ดทำความสะอาด
T-201565,2025-08-28,มันฝรั่งทอด
T-201565,2025-08-28,แชมพู
T-201566,2025-09-27,ขนมปัง
T-201566,2025-09-27,ถุงพลาสติก
T-201566,2025-09-27,ผ้าอ้อม
T-201566,2025-09-27,ผ้าเช็ดทำความสะอาด
T-201566,2025-09-27,มันฝรั่งทอด
T-201567,2025-08-07,กาแฟสด
T-201567,2025-08-07,ขนมปัง
T-201567,2025-08-07,ถุงพลาสติก
T-201568,2025-08-16,กาแฟสด
T-201568,2025-08-16,ถุงพลาสติก
T-201568,2025-08-16,บะหมี่กึ่งสำเร็จรูป
T-201569,2025-08-12,ถุงพลาสติก
T-201569,2025-08-12,บะหมี่กึ่งสำเร็จรูป
T-201570,2025-07-07,ถุงพลาสติก
T-201570,2025-07-07,ผ้าอ้อม
T-201570,2025-07-07,ผ้าเช็ดทำความสะอาด
T-201570,2025-07-07,เบียร์
T-201571,2025-07-10,ขนมปัง
T-201571,2025-07-10,ถุงพลาสติก
T-201571,2025-07-10,นมสด
T-201571,2025-07-10,น้ำดื่ม
T-201571,2025-07-10,บะหมี่กึ่งสำเร็จรูป
T-201572,2025-07-16,ถุงพลาสติก
T-201572,2025-07-16,นมสด
T-201572,2025-07-16,ผ้าเช็ดทำความสะอาด
T-201572,2025-07-16,แชมพู
T-201573,2025-09-14,กาแฟสด
T-201573,2025-09-14,ขนมปัง
T-201573,2025-09-14,ถุงพลาสติก
T-201573,2025-09-14,น้ำดื่ม
T-201574,2025-08-15,ถุงพลาสติก
T-201574,2025-08-15,ผ้าอ้อม
T-201574,2025-08-15,ผ้าเช็ดทำความสะอาด
T-201574,2025-08-15,เบียร์
T-201574,2025-08-15,ไข่ไก่
T-201575,2025-08-12,ขนมปัง
T-201575,2025-08-12,ถุงพลาสติก
T-201575,2025-08-12,เบียร์
T-201576,2025-08-27,ชาเขียว
T-201576,2025-08-27,ถุงพลาสติก
T-201576,2025-08-27,นมสด
T-201576,2025-08-27,มันฝรั่งทอด
T-201576,2025-08-27,แชมพู
T-201577,2025-09-12,ถุงพลาสติก
T-201578,2025-09-16,ชาเขียว
T-201578,2025-09-16,ถุงพลาสติก
T-201579,2025-07-16,ถุงพลาสติก
T-201579,2025-07-16,น้ำดื่ม
T-201580,2025-07-15,ถุงพลาสติก
T-201580,2025-07-15,นมสด
T-201580,2025-07-15,น้ำดื่ม
T-201580,2025-07-15,ผงซักฟอก
T-201581,2025-08-15,ชาเขียว
T-201581,2025-08-15,ถุงพลาสติก
T-201581,2025-08-15,มันฝรั่งทอด
T-201582,2025-08-10,ขนมปัง
T-201582,2025-08-10,ถุงพลาสติก
T-201582,2025-08-10,น้ำดื่ม
T-201582,2025-08-10,ไข่ไก่
T-201583,2025-08-06,ชาเขียว
T-201583,2025-08-06,ถุงพลาสติก
T-201583,2025-08-06,น้ำดื่ม
T-201584,2025-08-25,ขนมปัง
T-201584,2025-08-25,ถุงพลาสติก
T-201584,2025-08-25,บะหมี่กึ่งสำเร็จรูป
T-201584,2025-08-25,มันฝรั่งทอด
T-201584,2025-08-25,เบียร์
T-201584,2025-08-25,แชมพู
T-201585,2025-07-03,ถุงพลาสติก
T-201585,2025-07-03,น้ำดื่ม
T-201585,2025-07-03,ผ้าอ้อม
T-201585,2025-07-03,มันฝรั่งทอด
T-201586,2025-09-17,กาแฟสด
T-201586,2025-09-17,ถุงพลาสติก
T-201586,2025-09-17,น้ำดื่ม
T-201586,2025-09-17,บะหมี่กึ่งสำเร็จรูป
T-201587,2025-07-23,ไข่ไก่
T-201588,2025-09-26,ถุงพลาสติก
T-201588,2025-09-26,นมสด
T-201588,2025-09-26,น้ำดื่ม
T-201589,2025-09-11,ถุงพลาสติก
T-201589,2025-09-11,มันฝรั่งทอด
T-201590,2025-07-06,ชาเขียว
T-201590,2025-07-06,นมสด
T-201590,2025-07-06,น้ำดื่ม
T-201590,2025-07-06,แชมพู
T-201590,2025-07-06,ไข่ไก่
T-201591,2025-07-11,กาแฟสด
T-201591,2025-07-11,ขนมปัง
T-201591,2025-07-11,ถุงพลาสติก
T-201591,2025-07-11,บะหมี่กึ่งสำเร็จรูป
T-201591,2025-07-11,แชมพู
T-201592,2025-07-27,ชาเขียว
T-201592,2025-07-27,ถุงพลาสติก
T-201592,2025-07-27,น้ำดื่ม
T-201593,2025-07-03,กาแฟสด
T-201593,2025-07-03,ถุงพลาสติก
T-201593,2025-07-03,มันฝรั่งทอด
T-201593,2025-07-03,แชมพู
T-201594,2025-07-23,กาแฟสด
T-201594,2025-07-23,ขนมปัง
T-201594,2025-07-23,ถุงพลาสติก
T-201594,2025-07-23,นมสด
T-201594,2025-07-23,บะหมี่กึ่งสำเร็จรูป
T-201594,2025-07-23,ผ้าอ้อม
T-201594,2025-07-23,ผ้าเช็ดทำความสะอาด
T-201594,2025-07-23,เบียร์
T-201595,2025-08-28,ถุงพลาสติก
T-201595,2025-08-28,นมสด
T-201595,2025-08-28,ผ้าอ้อม
T-201595,2025-08-28,ผ้าเช็ดทำความสะอาด
T-201595,2025-08-28,เบียร์
T-201596,2025-08-07,ถุงพลาสติก
T-201596,2025-08-07,น้ำดื่ม
T-201596,2025-08-07,บะหมี่กึ่งสำเร็จรูป
T-201596,2025-08-07,ผ้าอ้อม
T-201596,2025-08-07,มันฝรั่งทอด
T-201596,2025-08-07,เบียร์
T-201597,2025-07-18,กาแฟสด
T-201598,2025-07-30,ถุงพลาสติก
T-201598,2025-07-30,น้ำดื่ม
T-201598,2025-07-30,บะหมี่กึ่งสำเร็จรูป
T-201598,2025-07-30,ไข่ไก่
T-201599,2025-08-06,กาแฟสด
T-201599,2025-08-06,ถุงพลาสติก
T-201599,2025-08-06,น้ำดื่ม
T-201599,2025-08-06,ผงซักฟอก
T-201599,2025-08-06,มันฝรั่งทอด
T-201600,2025-09-26,ชาเขียว
T-201601,2025-08-04,กาแฟสด
T-201601,2025-08-04,ถุงพลาสติก
T-201601,2025-08-04,น้ำดื่ม
T-201601,2025-08-04,ผงซักฟอก
T-201602,2025-07-14,กาแฟสด
T-201602,2025-07-14,ถุงพลาสติก
T-201603,2025-07-09,ชาเขียว
T-201603,2025-07-09,ถุงพลาสติก
T-201603,2025-07-09,มันฝรั่งทอด
T-201603,2025-07-09,เบียร์
T-201604,2025-08-08,กาแฟสด
T-201604,2025-08-08,นมสด
T-201604,2025-08-08,น้ำดื่ม
T-201605,2025-08-22,ขนมปัง
T-201605,2025-08-22,ถุงพลาสติก
T-201605,2025-08-22,น้ำดื่ม
T-201605,2025-08-22,ผงซักฟอก
T-201605,2025-08-22,ผ้าอ้อม
T-201605,2025-08-22,ผ้าเช็ดทำความสะอาด
T-201605,2025-08-22,แชมพู
T-201606,2025-08-23,กาแฟสด
T-201606,2025-08-23,น้ำดื่ม
T-201607,2025-09-25,กาแฟสด
T-201607,2025-09-25,ขนมปัง
T-201607,2025-09-25,ถุงพลาสติก
T-201607,2025-09-25,น้ำดื่ม
T-201608,2025-07-20,ถุงพลาสติก
T-201608,2025-07-20,นมสด
T-201608,2025-07-20,บะหมี่กึ่งสำเร็จรูป
T-201608,2025-07-20,แชมพู
T-201608,2025-07-20,ไข่ไก่
T-201609,2025-09-03,ขนมปัง
T-201609,2025-09-03,ถุงพลาสติก
T-201609,2025-09-03,บะหมี่กึ่งสำเร็จรูป
T-201609,2025-09-03,ผงซักฟอก
T-201609,2025-09-03,มันฝรั่งทอด
T-201610,2025-08-31,ขนมปัง
T-201610,2025-08-31,ถุงพลาสติก
T-201610,2025-08-31,นมสด
T-201610,2025-08-31,บะหมี่กึ่งสำเร็จรูป
T-201611,2025-09-13,ถุงพลาสติก
T-201611,2025-09-13,น้ำดื่ม
T-201612,2025-09-07,ชาเขียว
T-201612,2025-09-07,ถุงพลาสติก
T-201612,2025-09-07,มันฝรั่งทอด
T-201613,2025-08-16,ถุงพลาสติก
T-201613,2025-08-16,มันฝรั่งทอด
T-201614,2025-07-24,ขนมปัง
T-201614,2025-07-24,ถุงพลาสติก
T-201614,2025-07-24,บะหมี่กึ่งสำเร็จรูป
T-201614,2025-07-24,แชมพู
T-201615,2025-08-25,ถุงพลาสติก
T-201615,2025-08-25,น้ำดื่ม
T-201615,2025-08-25,ผงซักฟอก
T-201615,2025-08-25,ไข่ไก่
T-201616,2025-08-16,ถุงพลาสติก
T-201616,2025-08-16,น้ำดื่ม
T-201616,2025-08-16,บะหมี่กึ่งสำเร็จรูป
T-201616,2025-08-16,ไข่ไก่
T-201617,2025-09-08,ชาเขียว
T-201617,2025-09-08,ถุงพลาสติก
T-201617,2025-09-08,ไข่ไก่
T-201618,2025-07-12,กาแฟสด
T-201618,2025-07-12,ถุงพลาสติก
T-201618,2025-07-12,น้ำดื่ม
T-201618,2025-07-12,บะหมี่กึ่งสำเร็จรูป
T-201618,2025-07-12,ผ้าเช็ดทำความสะอาด
T-201618,2025-07-12,ไข่ไก่
T-201619,2025-09-28,ชาเขียว
T-201619,2025-09-28,ถุงพลาสติก
T-201619,2025-09-28,ผ้าเช็ดทำความสะอาด
T-201620,2025-08-13,ชาเขียว
T-201620,2025-08-13,ถุงพลาสติก
T-201620,2025-08-13,น้ำดื่ม
T-201620,2025-08-13,บะหมี่กึ่งสำเร็จรูป
T-201621,2025-08-13,กาแฟสด
T-201621,2025-08-13,ถุงพลาสติก
T-201621,2025-08-13,น้ำดื่ม
T-201621,2025-08-13,ผ้าอ้อม
T-201621,2025-08-13,ผ้าเช็ดทำความสะอาด
T-201622,2025-09-22,ชาเขียว
T-201622,2025-09-22,ถุงพลาสติก
T-201623,2025-07-15,ถุงพลาสติก
T-201624,2025-09-03,ถุงพลาสติก
T-201625,2025-09-05,กาแฟสด
T-201625,2025-09-05,ถุงพลาสติก
T-201625,2025-09-05,น้ำดื่ม
T-201625,2025-09-05,ผงซักฟอก
T-201625,2025-09-05,แชมพู
T-201626,2025-07-12,ขนมปัง
T-201626,2025-07-12,ชาเขียว
T-201626,2025-07-12,ถุงพลาสติก
T-201626,2025-07-12,ผงซักฟอก
T-201627,2025-07-05,ไข่ไก่
T-201628,2025-08-11,กาแฟสด
T-201628,2025-08-11,ขนมปัง
T-201628,2025-08-11,นมสด
T-201628,2025-08-11,น้ำดื่ม
T-201628,2025-08-11,แชมพู
T-201629,2025-07-21,กาแฟสด
T-201629,2025-07-21,ถุงพลาสติก
T-201629,2025-07-21,นมสด
T-201629,2025-07-21,มันฝรั่งทอด
T-201630,2025-08-09,ถุงพลาสติก
T-201630,2025-08-09,บะหมี่กึ่งสำเร็จรูป
T-201630,2025-08-09,มันฝรั่งทอด
T-201631,2025-07-17,ขนมปัง
T-201631,2025-07-17,ชาเขียว
T-201631,2025-07-17,ถุงพลาสติก
T-201631,2025-07-17,ไข่ไก่
T-201632,2025-08-23,บะหมี่กึ่งสำเร็จรูป
T-201633,2025-07-03,ถุงพลาสติก
T-201633,2025-07-03,น้ำดื่ม
T-201633,2025-07-03,เบียร์
T-201634,2025-08-01,ขนมปัง
T-201634,2025-08-01,ถุงพลาสติก
T-201635,2025-09-26,กาแฟสด
T-201635,2025-09-26,ถุงพลาสติก
T-201635,2025-09-26,ผงซักฟอก
T-201635,2025-09-26,แชมพู
T-201636,2025-09-02,ถุงพลาสติก
T-201636,2025-09-02,บะหมี่กึ่งสำเร็จรูป
T-201637,2025-09-17,ชาเขียว
T-201637,2025-09-17,น้ำดื่ม
T-201637,2025-09-17,บะหมี่กึ่งสำเร็จรูป
T-201638,2025-09-28,กาแฟสด
T-201639,2025-08-03,ขนมปัง
T-201639,2025-08-03,ถุงพลาสติก
T-201640,2025-07-10,กาแฟสด
T-201640,2025-07-10,ขนมปัง
T-201640,2025-07-10,ถุงพลาสติก
T-201640,2025-07-10,น้ำดื่ม
T-201640,2025-07-10,ผงซักฟอก
T-201640,2025-07-10,ไข่ไก่
T-201641,2025-09-02,กาแฟสด
T-201641,2025-09-02,ถุงพลาสติก
T-201641,2025-09-02,ไข่ไก่
T-201642,2025-09-23,ชาเขียว
T-201642,2025-09-23,ถุงพลาสติก
T-201643,2025-08-15,กาแฟสด
T-201643,2025-08-15,ถุงพลาสติก
T-201643,2025-08-15,นมสด
T-201644,2025-09-02,ถุงพลาสติก
T-201644,2025-09-02,ผงซักฟอก
T-201645,2025-07-12,กาแฟสด
T-201645,2025-07-12,ถุงพลาสติก
T-201645,2025-07-12,มันฝรั่งทอด
T-201646,2025-09-20,ถุงพลาสติก
T-201646,2025-09-20,น้ำดื่ม
T-201646,2025-09-20,ผงซักฟอก
T-201646,2025-09-20,ผ้าเช็ดทำความสะอาด
T-201647,2025-09-03,กาแฟสด
T-201647,2025-09-03,น้ำดื่ม
T-201647,2025-09-03,ผ้าเช็ดทำความสะอาด
T-201648,2025-07-25,ถุงพลาสติก
T-201648,2025-07-25,เบียร์
T-201649,2025-08-31,กาแฟสด
T-201649,2025-08-31,ถุงพลาสติก
T-201649,2025-08-31,น้ำดื่ม
T-201649,2025-08-31,แชมพู
T-201649,2025-08-31,ไข่ไก่
T-201650,2025-09-27,ถุงพลาสติก
T-201650,2025-09-27,ผ้าเช็ดทำความสะอาด
T-201650,2025-09-27,มันฝรั่งทอด
T-201650,2025-09-27,เบียร์
T-201651,2025-08-02,ถุงพลาสติก
T-201651,2025-08-02,มันฝรั่งทอด
T-201651,2025-08-02,ไข่ไก่
T-201652,2025-09-09,ขนมปัง
T-201652,2025-09-09,ถุงพลาสติก
T-201652,2025-09-09,นมสด
T-201652,2025-09-09,ผงซักฟอก
T-201652,2025-09-09,ไข่ไก่
T-201653,2025-08-18,ชาเขียว
T-201653,2025-08-18,ถุงพลาสติก
T-201654,2025-07-19,ถุงพลาสติก
T-201654,2025-07-19,เบียร์
T-201655,2025-07-05,ถุงพลาสติก
T-201655,2025-07-05,บะหมี่กึ่งสำเร็จรูป
T-201656,2025-09-05,ถุงพลาสติก
T-201657,2025-09-19,ชาเขียว
T-201657,2025-09-19,มันฝรั่งทอด
T-201657,2025-09-19,แชมพู
T-201658,2025-08-21,ถุงพลาสติก
T-201659,2025-08-03,ขนมปัง
T-201659,2025-08-03,ถุงพลาสติก
T-201659,2025-08-03,น้ำดื่ม
T-201659,2025-08-03,บะหมี่กึ่งสำเร็จรูป
T-201660,2025-07-07,ถุงพลาสติก
T-201660,2025-07-07,นมสด
T-201660,2025-07-07,ผ้าอ้อม
T-201660,2025-07-07,ผ้าเช็ดทำความสะอาด
T-201660,2025-07-07,ไข่ไก่
T-201661,2025-09-14,ถุงพลาสติก
T-201661,2025-09-14,นมสด
T-201661,2025-09-14,มันฝรั่งทอด
T-201661,2025-09-14,ไข่ไก่
T-201662,2025-08-31,ถุงพลาสติก
T-201662,2025-08-31,ผ้าอ้อม
T-201662,2025-08-31,ผ้าเช็ดทำความสะอาด
T-201663,2025-09-14,กาแฟสด
T-201663,2025-09-14,ขนมปัง
T-201663,2025-09-14,ถุงพลาสติก
T-201663,2025-09-14,ไข่ไก่
T-201664,2025-08-07,ขนมปัง
T-201664,2025-08-07,ถุงพลาสติก
T-201664,2025-08-07,มันฝรั่งทอด
T-201665,2025-07-03,ถุงพลาสติก
T-201665,2025-07-03,บะหมี่กึ่งสำเร็จรูป
T-201666,2025-09-01,ขนมปัง
T-201666,2025-09-01,ถุงพลาสติก
T-201667,2025-08-11,ขนมปัง
T-201667,2025-08-11,ถุงพลาสติก
T-201667,2025-08-11,ไข่ไก่
T-201668,2025-07-27,ขนมปัง
T-201668,2025-07-27,ถุงพลาสติก
T-201668,2025-07-27,มันฝรั่งทอด
T-201668,2025-07-27,เบียร์
T-201669,2025-08-19,น้ำดื่ม
T-201669,2025-08-19,บะหมี่กึ่งสำเร็จรูป
T-201669,2025-08-19,มันฝรั่งทอด
T-201670,2025-07-30,ขนมปัง
T-201670,2025-07-30,นมสด
T-201670,2025-07-30,เบียร์
T-201670,2025-07-30,ไข่ไก่
T-201671,2025-07-06,กาแฟสด
T-201671,2025-07-06,ถุงพลาสติก
T-201671,2025-07-06,น้ำดื่ม
T-201671,2025-07-06,ผงซักฟอก
T-201672,2025-07-14,ถุงพลาสติก
T-201672,2025-07-14,ไข่ไก่
T-201673,2025-07-26,ถุงพลาสติก
T-201673,2025-07-26,บะหมี่กึ่งสำเร็จรูป
T-201673,2025-07-26,ผงซักฟอก
T-201674,2025-09-08,ขนมปัง
T-201674,2025-09-08,ถุงพลาสติก
T-201675,2025-09-17,ถุงพลาสติก
T-201675,2025-09-17,บะหมี่กึ่งสำเร็จรูป
T-201675,2025-09-17,ไข่ไก่
T-201676,2025-07-27,ถุงพลาสติก
T-201676,2025-07-27,ผงซักฟอก
T-201676,2025-07-27,มันฝรั่งทอด
T-201677,2025-07-24,ถุงพลาสติก
T-201677,2025-07-24,มันฝรั่งทอด
T-201678,2025-08-21,ชาเขียว
T-201678,2025-08-21,ถุงพลาสติก
T-201679,2025-07-04,ถุงพลาสติก
T-201679,2025-07-04,ผงซักฟอก
T-201679,2025-07-04,เบียร์
T-201679,2025-07-04,ไข่ไก่
T-201680,2025-08-13,ถุงพลาสติก
T-201680,2025-08-13,น้ำดื่ม
T-201681,2025-07-19,กาแฟสด
T-201681,2025-07-19,ถุงพลาสติก
T-201681,2025-07-19,บะหมี่กึ่งสำเร็จรูป
T-201681,2025-07-19,เบียร์
T-201682,2025-07-25,กาแฟสด
T-201682,2025-07-25,ขนมปัง
T-201682,2025-07-25,ผงซักฟอก
T-201682,2025-07-25,ไข่ไก่
T-201683,2025-07-05,กาแฟสด
T-201683,2025-07-05,ถุงพลาสติก
T-201684,2025-07-08,ถุงพลาสติก
T-201685,2025-08-09,ถุงพลาสติก
T-201686,2025-08-08,ขนมปัง
T-201686,2025-08-08,ผ้าอ้อม
T-201686,2025-08-08,เบียร์
T-201687,2025-08-29,ถุงพลาสติก
T-201687,2025-08-29,เบียร์
T-201687,2025-08-29,แชมพู
T-201688,2025-07-01,ขนมปัง
T-201688,2025-07-01,ผ้าอ้อม
T-201688,2025-07-01,ผ้าเช็ดทำความสะอาด
T-201689,2025-08-09,กาแฟสด
T-201690,2025-08-12,ขนมปัง
T-201690,2025-08-12,ชาเขียว
T-201690,2025-08-12,ถุงพลาสติก
T-201690,2025-08-12,น้ำดื่ม
T-201691,2025-07-12,ชาเขียว
T-201691,2025-07-12,ถุงพลาสติก
T-201691,2025-07-12,นมสด
T-201691,2025-07-12,น้ำดื่ม
T-201691,2025-07-12,เบียร์
T-201692,2025-08-17,กาแฟสด
T-201692,2025-08-17,นมสด
T-201692,2025-08-17,มันฝรั่งทอด
T-201692,2025-08-17,ไข่ไก่
T-201693,2025-07-30,กาแฟสด
T-201693,2025-07-30,ถุงพลาสติก
T-201693,2025-07-30,เบียร์
T-201694,2025-08-19,ขนมปัง
T-201694,2025-08-19,ถุงพลาสติก
T-201694,2025-08-19,ผ้าอ้อม
T-201694,2025-08-19,เบียร์
T-201695,2025-07-16,ถุงพลาสติก
T-201696,2025-07-29,ขนมปัง
T-201696,2025-07-29,ถุงพลาสติก
T-201696,2025-07-29,บะหมี่กึ่งสำเร็จรูป
T-201697,2025-09-22,กาแฟสด
T-201697,2025-09-22,ขนมปัง
T-201697,2025-09-22,ถุงพลาสติก
T-201697,2025-09-22,นมสด
T-201697,2025-09-22,ผ้าอ้อม
T-201697,2025-09-22,ผ้าเช็ดทำความสะอาด
T-201697,2025-09-22,เบียร์
T-201698,2025-08-29,กาแฟสด
T-201698,2025-08-29,ถุงพลาสติก
T-201698,2025-08-29,น้ำดื่ม
T-201698,2025-08-29,ผงซักฟอก
T-201698,2025-08-29,แชมพู
T-201698,2025-08-29,ไข่ไก่
T-201699,2025-07-15,ชาเขียว
T-201700,2025-07-28,ถุงพลาสติก
T-201700,2025-07-28,นมสด
T-201700,2025-07-28,แชมพู
T-201701,2025-08-10,ถุงพลาสติก
T-201701,2025-08-10,นมสด
T-201702,2025-09-21,ขนมปัง
T-201702,2025-09-21,นมสด
T-201703,2025-07-23,ขนมปัง
T-201703,2025-07-23,ถุงพลาสติก
T-201703,2025-07-23,มันฝรั่งทอด
T-201703,2025-07-23,เบียร์
T-201703,2025-07-23,ไข่ไก่
T-201704,2025-07-22,ชาเขียว
T-201704,2025-07-22,ถุงพลาสติก
T-201704,2025-07-22,นมสด
T-201705,2025-07-13,กาแฟสด
T-201705,2025-07-13,ถุงพลาสติก
T-201705,2025-07-13,นมสด
T-201705,2025-07-13,มันฝรั่งทอด
T-201706,2025-09-12,น้ำดื่ม
T-201706,2025-09-12,บะหมี่กึ่งสำเร็จรูป
T-201707,2025-08-29,ถุงพลาสติก
T-201707,2025-08-29,น้ำดื่ม
T-201707,2025-08-29,บะหมี่กึ่งสำเร็จรูป
T-201707,2025-08-29,ผ้าอ้อม
T-201707,2025-08-29,ผ้าเช็ดทำความสะอาด
T-201708,2025-07-01,ถุงพลาสติก
T-201708,2025-07-01,น้ำดื่ม
T-201708,2025-07-01,ผงซักฟอก
T-201708,2025-07-01,ไข่ไก่
T-201709,2025-07-29,น้ำดื่ม
T-201710,2025-08-30,กาแฟสด
T-201710,2025-08-30,บะหมี่กึ่งสำเร็จรูป
T-201710,2025-08-30,มันฝรั่งทอด
T-201710,2025-08-30,ไข่ไก่
T-201711,2025-09-12,ถุงพลาสติก
T-201712,2025-08-29,กาแฟสด
T-201712,2025-08-29,ถุงพลาสติก
T-201712,2025-08-29,บะหมี่กึ่งสำเร็จรูป
T-201713,2025-09-09,ชาเขียว
T-201713,2025-09-09,ถุงพลาสติก
T-201713,2025-09-09,นมสด
T-201713,2025-09-09,บะหมี่กึ่งสำเร็จรูป
T-201713,2025-09-09,เบียร์
T-201714,2025-09-27,กาแฟสด
T-201714,2025-09-27,ขนมปัง
T-201714,2025-09-27,ถุงพลาสติก
T-201714,2025-09-27,นมสด
T-201714,2025-09-27,น้ำดื่ม
T-201714,2025-09-27,ผงซักฟอก
T-201714,2025-09-27,มันฝรั่งทอด
T-201715,2025-08-06,กาแฟสด
T-201715,2025-08-06,ขนมปัง
T-201715,2025-08-06,ถุงพลาสติก
T-201715,2025-08-06,นมสด
T-201715,2025-08-06,ผ้าอ้อม
T-201715,2025-08-06,ผ้าเช็ดทำความสะอาด
T-201716,2025-08-26,ถุงพลาสติก
T-201716,2025-08-26,น้ำดื่ม
T-201716,2025-08-26,ไข่ไก่
T-201717,2025-07-15,ชาเขียว
T-201717,2025-07-15,ถุงพลาสติก
T-201717,2025-07-15,ผ้าอ้อม
T-201717,2025-07-15,ผ้าเช็ดทำความสะอาด
T-201717,2025-07-15,เบียร์
T-201717,2025-07-15,ไข่ไก่
T-201718,2025-08-19,ขนมปัง
T-201718,2025-08-19,ชาเขียว
T-201719,2025-09-04,บะหมี่กึ่งสำเร็จรูป
T-201720,2025-07-06,กาแฟสด
T-201720,2025-07-06,ขนมปัง
T-201720,2025-07-06,ผ้าอ้อม
T-201720,2025-07-06,ผ้าเช็ดทำความสะอาด
T-201721,2025-08-10,ถุงพลาสติก
T-201721,2025-08-10,บะหมี่กึ่งสำเร็จรูป
T-201722,2025-08-27,กาแฟสด
T-201722,2025-08-27,ถุงพลาสติก
T-201722,2025-08-27,น้ำดื่ม
T-201722,2025-08-27,ไข่ไก่
T-201723,2025-09-12,ถุงพลาสติก
T-201723,2025-09-12,น้ำดื่ม
T-201724,2025-07-10,ขนมปัง
T-201724,2025-07-10,ถุงพลาสติก
T-201724,2025-07-10,น้ำดื่ม
T-201724,2025-07-10,บะหมี่กึ่งสำเร็จรูป
T-201724,2025-07-10,ผงซักฟอก
T-201725,2025-07-15,ถุงพลาสติก
T-201725,2025-07-15,นมสด
T-201725,2025-07-15,น้ำดื่ม
T-201725,2025-07-15,บะหมี่กึ่งสำเร็จรูป
T-201725,2025-07-15,เบียร์
T-201726,2025-08-10,ถุงพลาสติก
T-201726,2025-08-10,บะหมี่กึ่งสำเร็จรูป
T-201726,2025-08-10,ไข่ไก่
T-201727,2025-09-22,กาแฟสด
T-201727,2025-09-22,ขนมปัง
T-201727,2025-09-22,ผ้าเช็ดทำความสะอาด
T-201727,2025-09-22,ไข่ไก่
T-201728,2025-07-14,ถุงพลาสติก
T-201729,2025-09-18,นมสด
T-201729,2025-09-18,มันฝรั่งทอด
T-201730,2025-07-24,กาแฟสด
T-201730,2025-07-24,ถุงพลาสติก
T-201730,2025-07-24,น้ำดื่ม
T-201731,2025-07-25,ขนมปัง
T-201731,2025-07-25,ถุงพลาสติก
T-201731,2025-07-25,น้ำดื่ม
T-201731,2025-07-25,ผ้าอ้อม
T-201731,2025-07-25,ผ้าเช็ดทำความสะอาด
T-201731,2025-07-25,มันฝรั่งทอด
T-201731,2025-07-25,เบียร์
T-201732,2025-07-16,ชาเขียว
T-201732,2025-07-16,ถุงพลาสติก
T-201732,2025-07-16,นมสด
T-201732,2025-07-16,น้ำดื่ม
T-201732,2025-07-16,บะหมี่กึ่งสำเร็จรูป
T-201733,2025-07-26,ถุงพลาสติก
T-201733,2025-07-26,บะหมี่กึ่งสำเร็จรูป
T-201733,2025-07-26,ไข่ไก่
T-201734,2025-08-01,กาแฟสด
T-201734,2025-08-01,น้ำดื่ม
T-201734,2025-08-01,เบียร์
T-201734,2025-08-01,ไข่ไก่
T-201735,2025-08-26,ถุงพลาสติก
T-201735,2025-08-26,นมสด
T-201735,2025-08-26,ผงซักฟอก
T-201735,2025-08-26,มันฝรั่งทอด
T-201735,2025-08-26,ไข่ไก่
T-201736,2025-07-28,ถุงพลาสติก
T-201736,2025-07-28,บะหมี่กึ่งสำเร็จรูป
T-201737,2025-08-05,ถุงพลาสติก
T-201737,2025-08-05,มันฝรั่งทอด
T-201738,2025-08-25,ขนมปัง
T-201738,2025-08-25,ถุงพลาสติก
T-201738,2025-08-25,นมสด
T-201738,2025-08-25,ผ้าอ้อม
T-201738,2025-08-25,ผ้าเช็ดทำความสะอาด
T-201738,2025-08-25,เบียร์
T-201739,2025-07-09,ขนมปัง
T-201739,2025-07-09,ถุงพลาสติก
T-201739,2025-07-09,นมสด
T-201740,2025-07-23,ถุงพลาสติก
T-201740,2025-07-23,นมสด
T-201740,2025-07-23,ผงซักฟอก
T-201741,2025-08-18,กาแฟสด
T-201741,2025-08-18,ขนมปัง
T-201741,2025-08-18,น้ำดื่ม
T-201741,2025-08-18,บะหมี่กึ่งสำเร็จรูป
T-201741,2025-08-18,ไข่ไก่
T-201742,2025-07-01,ขนมปัง
T-201742,2025-07-01,ถุงพลาสติก
T-201743,2025-08-10,ถุงพลาสติก
T-201743,2025-08-10,นมสด
T-201744,2025-08-05,ถุงพลาสติก
T-201744,2025-08-05,นมสด
T-201744,2025-08-05,บะหมี่กึ่งสำเร็จรูป
T-201744,2025-08-05,ผ้าอ้อม
T-201744,2025-08-05,ผ้าเช็ดทำความสะอาด
T-201744,2025-08-05,เบียร์
T-201745,2025-07-21,ขนมปัง
T-201745,2025-07-21,นมสด
T-201745,2025-07-21,น้ำดื่ม
T-201746,2025-07-14,ขนมปัง
T-201746,2025-07-14,ถุงพลาสติก
T-201747,2025-08-07,ขนมปัง
T-201747,2025-08-07,ถุงพลาสติก
T-201747,2025-08-07,นมสด
T-201747,2025-08-07,น้ำดื่ม
T-201747,2025-08-07,ผ้าอ้อม
T-201747,2025-08-07,ผ้าเช็ดทำความสะอาด
T-201748,2025-08-24,กาแฟสด
T-201748,2025-08-24,ถุงพลาสติก
T-201748,2025-08-24,นมสด
T-201748,2025-08-24,น้ำดื่ม
T-201748,2025-08-24,มันฝรั่งทอด
T-201748,2025-08-24,ไข่ไก่
T-201749,2025-07-08,กาแฟสด
T-201749,2025-07-08,ขนมปัง
T-201749,2025-07-08,ถุงพลาสติก
T-201749,2025-07-08,น้ำดื่ม
T-201749,2025-07-08,บะหมี่กึ่งสำเร็จรูป
T-201749,2025-07-08,ผ้าอ้อม
T-201749,2025-07-08,เบียร์
T-201749,2025-07-08,ไข่ไก่
T-201750,2025-08-14,กาแฟสด
T-201750,2025-08-14,ถุงพลาสติก
T-201750,2025-08-14,นมสด
T-201750,2025-08-14,ผ้าอ้อม
T-201750,2025-08-14,ผ้าเช็ดทำความสะอาด
T-201750,2025-08-14,ไข่ไก่
T-201751,2025-08-31,ถุงพลาสติก
T-201751,2025-08-31,น้ำดื่ม
T-201751,2025-08-31,ผ้าอ้อม
T-201751,2025-08-31,ผ้าเช็ดทำความสะอาด
T-201752,2025-09-22,ถุงพลาสติก
T-201752,2025-09-22,น้ำดื่ม
T-201752,2025-09-22,ผงซักฟอก
T-201752,2025-09-22,ผ้าเช็ดทำความสะอาด
T-201753,2025-09-16,กาแฟสด
T-201753,2025-09-16,ถุงพลาสติก
T-201753,2025-09-16,เบียร์
T-201754,2025-07-11,ขนมปัง
T-201754,2025-07-11,ถุงพลาสติก
T-201754,2025-07-11,นมสด
T-201755,2025-09-12,กาแฟสด
T-201755,2025-09-12,ถุงพลาสติก
T-201755,2025-09-12,นมสด
T-201755,2025-09-12,น้ำดื่ม
T-201755,2025-09-12,บะหมี่กึ่งสำเร็จรูป
T-201755,2025-09-12,ผ้าอ้อม
T-201755,2025-09-12,ผ้าเช็ดทำความสะอาด
T-201756,2025-08-30,ถุงพลาสติก
T-201757,2025-07-13,ถุงพลาสติก
T-201757,2025-07-13,น้ำดื่ม
T-201758,2025-08-03,ขนมปัง
T-201758,2025-08-03,ถุงพลาสติก
T-201758,2025-08-03,เบียร์
T-201759,2025-08-01,ถุงพลาสติก
T-201759,2025-08-01,น้ำดื่ม
T-201759,2025-08-01,ไข่ไก่
T-201760,2025-09-07,ถุงพลาสติก
T-201760,2025-09-07,น้ำดื่ม
T-201760,2025-09-07,มันฝรั่งทอด
T-201761,2025-07-16,กาแฟสด
T-201761,2025-07-16,ขนมปัง
T-201761,2025-07-16,ถุงพลาสติก
T-201762,2025-07-02,กาแฟสด
T-201762,2025-07-02,ถุงพลาสติก
T-201762,2025-07-02,ผ้าเช็ดทำความสะอาด
T-201763,2025-07-02,ถุงพลาสติก
T-201763,2025-07-02,มันฝรั่งทอด
T-201763,2025-07-02,เบียร์
T-201763,2025-07-02,ไข่ไก่
T-201764,2025-09-20,บะหมี่กึ่งสำเร็จรูป
T-201765,2025-07-28,ถุงพลาสติก
T-201766,2025-09-05,ถุงพลาสติก
T-201767,2025-08-26,ชาเขียว
T-201767,2025-08-26,นมสด
T-201767,2025-08-26,ไข่ไก่
T-201768,2025-09-01,ขนมปัง
T-201768,2025-09-01,ถุงพลาสติก
T-201768,2025-09-01,ผ้าอ้อม
T-201769,2025-09-17,กาแฟสด
T-201769,2025-09-17,ขนมปัง
T-201769,2025-09-17,บะหมี่กึ่งสำเร็จรูป
T-201770,2025-08-11,บะหมี่กึ่งสำเร็จรูป
T-201770,2025-08-11,ผ้าอ้อม
T-201771,2025-08-24,ถุงพลาสติก
T-201771,2025-08-24,บะหมี่กึ่งสำเร็จรูป
T-201771,2025-08-24,ผ้าอ้อม
T-201771,2025-08-24,ผ้าเช็ดทำความสะอาด
T-201772,2025-07-13,ถุงพลาสติก
T-201772,2025-07-13,น้ำดื่ม
T-201773,2025-08-05,ถุงพลาสติก
T-201774,2025-09-02,กาแฟสด
T-201774,2025-09-02,ขนมปัง
T-201774,2025-09-02,ถุงพลาสติก
T-201774,2025-09-02,น้ำดื่ม
T-201774,2025-09-02,แชมพู
T-201775,2025-08-16,ถุงพลาสติก
T-201775,2025-08-16,นมสด
T-201775,2025-08-16,ผงซักฟอก
T-201776,2025-08-21,ถุงพลาสติก
T-201776,2025-08-21,นมสด
T-201777,2025-08-12,ถุงพลาสติก
T-201777,2025-08-12,นมสด
T-201777,2025-08-12,บะหมี่กึ่งสำเร็จรูป
T-201777,2025-08-12,ผงซักฟอก
T-201777,2025-08-12,ผ้าเช็ดทำความสะอาด
T-201777,2025-08-12,ไข่ไก่
T-201778,2025-09-16,ถุงพลาสติก
T-201778,2025-09-16,บะหมี่กึ่งสำเร็จรูป
T-201778,2025-09-16,เบียร์
T-201778,2025-09-16,ไข่ไก่
T-201779,2025-09-18,กาแฟสด
T-201779,2025-09-18,ขนมปัง
T-201779,2025-09-18,ถุงพลาสติก
T-201779,2025-09-18,นมสด
T-201779,2025-09-18,น้ำดื่ม
T-201780,2025-07-07,กาแฟสด
T-201780,2025-07-07,ถุงพลาสติก
T-201780,2025-07-07,แชมพู
T-201780,2025-07-07,ไข่ไก่
T-201781,2025-09-26,ขนมปัง
T-201781,2025-09-26,ถุงพลาสติก
T-201781,2025-09-26,บะหมี่กึ่งสำเร็จรูป
T-201781,2025-09-26,เบียร์
T-201782,2025-08-07,กาแฟสด
T-201782,2025-08-07,ถุงพลาสติก
T-201782,2025-08-07,มันฝรั่งทอด
T-201782,2025-08-07,ไข่ไก่
T-201783,2025-08-07,ชาเขียว
T-201783,2025-08-07,ถุงพลาสติก
T-201783,2025-08-07,ผ้าเช็ดทำความสะอาด
T-201784,2025-08-23,ไข่ไก่
T-201785,2025-07-18,ถุงพลาสติก
T-201785,2025-07-18,น้ำดื่ม
T-201785,2025-07-18,บะหมี่กึ่งสำเร็จรูป
T-201786,2025-07-12,ถุงพลาสติก
T-201786,2025-07-12,น้ำดื่ม
T-201786,2025-07-12,ผ้าอ้อม
T-201786,2025-07-12,ไข่ไก่
T-201787,2025-07-01,ถุงพลาสติก
T-201787,2025-07-01,บะหมี่กึ่งสำเร็จรูป
T-201787,2025-07-01,แชมพู
T-201787,2025-07-01,ไข่ไก่
T-201788,2025-07-07,ชาเขียว
T-201788,2025-07-07,ถุงพลาสติก
T-201788,2025-07-07,บะหมี่กึ่งสำเร็จรูป
T-201789,2025-08-22,ถุงพลาสติก
T-201789,2025-08-22,นมสด
T-201789,2025-08-22,ไข่ไก่
T-201790,2025-09-27,ถุงพลาสติก
T-201790,2025-09-27,น้ำดื่ม
T-201790,2025-09-27,ผงซักฟอก
T-201791,2025-07-19,กาแฟสด
T-201791,2025-07-19,ขนมปัง
T-201791,2025-07-19,ถุงพลาสติก
T-201791,2025-07-19,เบียร์
T-201792,2025-09-15,ขนมปัง
T-201792,2025-09-15,ถุงพลาสติก
T-201792,2025-09-15,น้ำดื่ม
T-201792,2025-09-15,ไข่ไก่
T-201793,2025-07-13,ถุงพลาสติก
T-201793,2025-07-13,นมสด
T-201793,2025-07-13,ไข่ไก่
T-201794,2025-08-05,น้ำดื่ม
T-201794,2025-08-05,ไข่ไก่
T-201795,2025-07-23,ถุงพลาสติก
T-201795,2025-07-23,นมสด
T-201796,2025-09-06,ชาเขียว
T-201796,2025-09-06,ถุงพลาสติก
T-201796,2025-09-06,นมสด
T-201796,2025-09-06,น้ำดื่ม
T-201797,2025-09-09,กาแฟสด
T-201797,2025-09-09,ถุงพลาสติก
T-201797,2025-09-09,มันฝรั่งทอด
T-201797,2025-09-09,ไข่ไก่
T-201798,2025-07-22,ถุงพลาสติก
T-201798,2025-07-22,บะหมี่กึ่งสำเร็จรูป
T-201798,2025-07-22,ผ้าอ้อม
T-201798,2025-07-22,ผ้าเช็ดทำความสะอาด
T-201799,2025-09-14,ถุงพลาสติก
T-201799,2025-09-14,น้ำดื่ม
T-201799,2025-09-14,มันฝรั่งทอด
T-201800,2025-09-28,กาแฟสด
T-201800,2025-09-28,ขนมปัง
T-201800,2025-09-28,ถุงพลาสติก
T-201800,2025-09-28,นมสด
T-201800,2025-09-28,ไข่ไก่
T-201801,2025-08-29,ขนมปัง
T-201801,2025-08-29,ถุงพลาสติก
T-201801,2025-08-29,น้ำดื่ม
T-201801,2025-08-29,บะหมี่กึ่งสำเร็จรูป
T-201801,2025-08-29,มันฝรั่งทอด
T-201802,2025-07-16,ขนมปัง
T-201802,2025-07-16,ชาเขียว
T-201802,2025-07-16,ถุงพลาสติก
T-201802,2025-07-16,น้ำดื่ม
T-201802,2025-07-16,มันฝรั่งทอด
T-201803,2025-08-20,ถุงพลาสติก
T-201803,2025-08-20,น้ำดื่ม
T-201803,2025-08-20,บะหมี่กึ่งสำเร็จรูป
T-201803,2025-08-20,ไข่ไก่
T-201804,2025-07-15,กาแฟสด
T-201804,2025-07-15,ถุงพลาสติก
T-201804,2025-07-15,นมสด
T-201804,2025-07-15,ไข่ไก่
T-201805,2025-09-24,ถุงพลาสติก
T-201805,2025-09-24,ผงซักฟอก
T-201806,2025-09-02,ชาเขียว
T-201806,2025-09-02,ถุงพลาสติก
T-201806,2025-09-02,แชมพู
T-201806,2025-09-02,ไข่ไก่
T-201807,2025-09-25,ถุงพลาสติก
T-201807,2025-09-25,มันฝรั่งทอด
T-201808,2025-09-03,ถุงพลาสติก
T-201808,2025-09-03,น้ำดื่ม
T-201808,2025-09-03,บะหมี่กึ่งสำเร็จรูป
T-201808,2025-09-03,ผ้าอ้อม
T-201808,2025-09-03,ผ้าเช็ดทำความสะอาด
T-201808,2025-09-03,แชมพู
T-201809,2025-09-10,ถุงพลาสติก
T-201809,2025-09-10,น้ำดื่ม
T-201809,2025-09-10,ผงซักฟอก
T-201810,2025-09-10,ถุงพลาสติก
T-201810,2025-09-10,น้ำดื่ม
T-201811,2025-08-13,ชาเขียว
T-201811,2025-08-13,นมสด
T-201811,2025-08-13,บะหมี่กึ่งสำเร็จรูป
T-201811,2025-08-13,ผงซักฟอก
T-201811,2025-08-13,เบียร์
T-201812,2025-07-12,ถุงพลาสติก
T-201812,2025-07-12,ผ้าอ้อม
T-201812,2025-07-12,เบียร์
T-201813,2025-07-04,ถุงพลาสติก
T-201813,2025-07-04,น้ำดื่ม
T-201813,2025-07-04,ผ้าเช็ดทำความสะอาด
T-201814,2025-09-05,ถุงพลาสติก
T-201814,2025-09-05,น้ำดื่ม
T-201814,2025-09-05,แชมพู
T-201814,2025-09-05,ไข่ไก่
T-201815,2025-07-26,ถุงพลาสติก
T-201815,2025-07-26,นมสด
T-201815,2025-07-26,ผ้าอ้อม
T-201815,2025-07-26,ผ้าเช็ดทำความสะอาด
T-201816,2025-08-22,ผงซักฟอก
T-201816,2025-08-22,ไข่ไก่
T-201817,2025-09-08,กาแฟสด
T-201817,2025-09-08,ถุงพลาสติก
T-201817,2025-09-08,น้ำดื่ม
T-201817,2025-09-08,เบียร์
T-201818,2025-09-19,ถุงพลาสติก
T-201818,2025-09-19,ผงซักฟอก
T-201818,2025-09-19,มันฝรั่งทอด
T-201819,2025-07-15,กาแฟสด
T-201819,2025-07-15,ขนมปัง
T-201819,2025-07-15,ถุงพลาสติก
T-201819,2025-07-15,น้ำดื่ม
T-201820,2025-08-31,น้ำดื่ม
T-201820,2025-08-31,ผ้าเช็ดทำความสะอาด
T-201820,2025-08-31,มันฝรั่งทอด
T-201820,2025-08-31,ไข่ไก่
T-201821,2025-09-26,กาแฟสด
T-201821,2025-09-26,ถุงพลาสติก
T-201821,2025-09-26,นมสด
T-201821,2025-09-26,ไข่ไก่
T-201822,2025-07-31,กาแฟสด
T-201822,2025-07-31,เบียร์
T-201822,2025-07-31,ไข่ไก่
T-201823,2025-09-08,ถุงพลาสติก
T-201823,2025-09-08,ผ้าอ้อม
T-201823,2025-09-08,ผ้าเช็ดทำความสะอาด
T-201824,2025-09-09,ขนมปัง
T-201824,2025-09-09,ชาเขียว
T-201824,2025-09-09,ถุงพลาสติก
T-201824,2025-09-09,น้ำดื่ม
T-201824,2025-09-09,ไข่ไก่
T-201825,2025-09-05,ถุงพลาสติก
T-201825,2025-09-05,นมสด
T-201825,2025-09-05,น้ำดื่ม
T-201826,2025-08-18,กาแฟสด
T-201826,2025-08-18,ถุงพลาสติก
T-201826,2025-08-18,น้ำดื่ม
T-201826,2025-08-18,ไข่ไก่
T-201827,2025-09-12,กาแฟสด
T-201827,2025-09-12,ขนมปัง
T-201827,2025-09-12,ถุงพลาสติก
T-201827,2025-09-12,น้ำดื่ม
T-201827,2025-09-12,เบียร์
T-201827,2025-09-12,ไข่ไก่
T-201828,2025-08-19,นมสด
T-201828,2025-08-19,บะหมี่กึ่งสำเร็จรูป
T-201828,2025-08-19,มันฝรั่งทอด
T-201828,2025-08-19,ไข่ไก่
T-201829,2025-08-04,ชาเขียว
T-201829,2025-08-04,มันฝรั่งทอด
T-201830,2025-09-18,ผ้าอ้อม
T-201831,2025-08-28,ชาเขียว
T-201831,2025-08-28,ถุงพลาสติก
T-201832,2025-07-17,กาแฟสด
T-201832,2025-07-17,ถุงพลาสติก
T-201832,2025-07-17,น้ำดื่ม
T-201833,2025-09-06,ขนมปัง
T-201833,2025-09-06,ถุงพลาสติก
T-201833,2025-09-06,น้ำดื่ม
T-201833,2025-09-06,ผงซักฟอก
T-201833,2025-09-06,เบียร์
T-201833,2025-09-06,ไข่ไก่
T-201834,2025-09-21,ขนมปัง
T-201834,2025-09-21,ถุงพลาสติก
T-201834,2025-09-21,นมสด
T-201835,2025-09-04,ถุงพลาสติก
T-201835,2025-09-04,บะหมี่กึ่งสำเร็จรูป
T-201835,2025-09-04,ผ้าอ้อม
T-201835,2025-09-04,เบียร์
T-201836,2025-08-30,กาแฟสด
T-201836,2025-08-30,ถุงพลาสติก
T-201836,2025-08-30,ผ้าอ้อม
T-201836,2025-08-30,ผ้าเช็ดทำความสะอาด
T-201837,2025-07-23,ขนมปัง
T-201837,2025-07-23,ถุงพลาสติก
T-201837,2025-07-23,น้ำดื่ม
T-201837,2025-07-23,มันฝรั่งทอด
T-201837,2025-07-23,ไข่ไก่
T-201838,2025-07-29,ชาเขียว
T-201838,2025-07-29,ถุงพลาสติก
T-201838,2025-07-29,น้ำดื่ม
T-201839,2025-09-09,กาแฟสด
T-201840,2025-07-17,ขนมปัง
T-201840,2025-07-17,ชาเขียว
T-201840,2025-07-17,ถุงพลาสติก
T-201840,2025-07-17,น้ำดื่ม
T-201840,2025-07-17,มันฝรั่งทอด
T-201841,2025-08-10,กาแฟสด
T-201841,2025-08-10,ถุงพลาสติก
T-201842,2025-08-16,ถุงพลาสติก
T-201842,2025-08-16,นมสด
T-201842,2025-08-16,ผงซักฟอก
T-201843,2025-08-23,กาแฟสด
T-201843,2025-08-23,นมสด
T-201843,2025-08-23,มันฝรั่งทอด
T-201844,2025-08-15,ถุงพลาสติก
T-201844,2025-08-15,น้ำดื่ม
T-201844,2025-08-15,ไข่ไก่
T-201845,2025-07-24,ชาเขียว
T-201845,2025-07-24,ถุงพลาสติก
T-201845,2025-07-24,นมสด
T-201845,2025-07-24,บะหมี่กึ่งสำเร็จรูป
T-201846,2025-07-28,ถุงพลาสติก
T-201846,2025-07-28,บะหมี่กึ่งสำเร็จรูป
T-201847,2025-08-02,ถุงพลาสติก
T-201847,2025-08-02,นมสด
T-201847,2025-08-02,น้ำดื่ม
T-201847,2025-08-02,ไข่ไก่
T-201848,2025-09-03,กาแฟสด
T-201848,2025-09-03,ถุงพลาสติก
T-201848,2025-09-03,บะหมี่กึ่งสำเร็จรูป
T-201848,2025-09-03,มันฝรั่งทอด
T-201849,2025-08-14,ขนมปัง
T-201849,2025-08-14,ถุงพลาสติก
T-201849,2025-08-14,บะหมี่กึ่งสำเร็จรูป
T-201850,2025-08-25,ถุงพลาสติก
T-201850,2025-08-25,บะหมี่กึ่งสำเร็จรูป
T-201851,2025-08-20,ถุงพลาสติก
T-201851,2025-08-20,ผ้าเช็ดทำความสะอาด
T-201852,2025-09-18,เบียร์
T-201853,2025-08-17,ถุงพลาสติก
T-201853,2025-08-17,เบียร์
T-201854,2025-07-09,ถุงพลาสติก
T-201855,2025-09-20,ถุงพลาสติก
T-201855,2025-09-20,ไข่ไก่
T-201856,2025-07-24,กาแฟสด
T-201856,2025-07-24,ถุงพลาสติก
T-201856,2025-07-24,ไข่ไก่
T-201857,2025-07-19,ถุงพลาสติก
T-201857,2025-07-19,นมสด
T-201857,2025-07-19,น้ำดื่ม
T-201858,2025-08-24,ถุงพลาสติก
T-201858,2025-08-24,ผงซักฟอก
T-201859,2025-09-04,ถุงพลาสติก
T-201859,2025-09-04,มันฝรั่งทอด
T-201860,2025-08-07,ถุงพลาสติก
T-201860,2025-08-07,น้ำดื่ม
T-201860,2025-08-07,เบียร์
T-201861,2025-08-29,ขนมปัง
T-201861,2025-08-29,ถุงพลาสติก
T-201861,2025-08-29,เบียร์
T-201862,2025-09-21,ขนมปัง
T-201862,2025-09-21,ชาเขียว
T-201862,2025-09-21,ถุงพลาสติก
T-201862,2025-09-21,ผงซักฟอก
T-201862,2025-09-21,ไข่ไก่
T-201863,2025-09-27,ถุงพลาสติก
T-201864,2025-09-24,ถุงพลาสติก
T-201865,2025-09-10,ขนมปัง
T-201865,2025-09-10,ถุงพลาสติก
T-201865,2025-09-10,มันฝรั่งทอด
T-201866,2025-08-18,ชาเขียว
T-201866,2025-08-18,ถุงพลาสติก
T-201866,2025-08-18,นมสด
T-201867,2025-08-26,ขนมปัง
T-201867,2025-08-26,น้ำดื่ม
T-201867,2025-08-26,มันฝรั่งทอด
T-201868,2025-07-16,นมสด
T-201868,2025-07-16,น้ำดื่ม
T-201868,2025-07-16,มันฝรั่งทอด
T-201868,2025-07-16,เบียร์
T-201869,2025-07-03,ถุงพลาสติก
T-201869,2025-07-03,มันฝรั่งทอด
T-201869,2025-07-03,ไข่ไก่
T-201870,2025-08-20,กาแฟสด
T-201870,2025-08-20,ถุงพลาสติก
T-201870,2025-08-20,นมสด
T-201870,2025-08-20,แชมพู
T-201871,2025-07-02,ขนมปัง
T-201871,2025-07-02,ถุงพลาสติก
T-201871,2025-07-02,น้ำดื่ม
T-201872,2025-09-11,กาแฟสด
T-201872,2025-09-11,ถุงพลาสติก
T-201873,2025-08-10,กาแฟสด
T-201873,2025-08-10,ถุงพลาสติก
T-201873,2025-08-10,น้ำดื่ม
T-201873,2025-08-10,ผ้าอ้อม
T-201873,2025-08-10,เบียร์
T-201874,2025-09-06,ถุงพลาสติก
T-201874,2025-09-06,นมสด
T-201875,2025-07-01,ถุงพลาสติก
T-201876,2025-08-17,กาแฟสด
T-201876,2025-08-17,ถุงพลาสติก
T-201876,2025-08-17,น้ำดื่ม
T-201876,2025-08-17,เบียร์
T-201877,2025-09-28,กาแฟสด
T-201877,2025-09-28,ถุงพลาสติก
T-201877,2025-09-28,บะหมี่กึ่งสำเร็จรูป
T-201877,2025-09-28,ไข่ไก่
T-201878,2025-09-26,กาแฟสด
T-201878,2025-09-26,ผ้าเช็ดทำความสะอาด
T-201878,2025-09-26,ไข่ไก่
T-201879,2025-08-22,ขนมปัง
T-201879,2025-08-22,นมสด
T-201879,2025-08-22,แชมพู
T-201880,2025-07-05,บะหมี่กึ่งสำเร็จรูป
T-201880,2025-07-05,ผงซักฟอก
T-201880,2025-07-05,มันฝรั่งทอด
T-201881,2025-08-11,ถุงพลาสติก
T-201881,2025-08-11,น้ำดื่ม
T-201882,2025-08-01,กาแฟสด
T-201882,2025-08-01,ถุงพลาสติก
T-201882,2025-08-01,น้ำดื่ม
T-201883,2025-07-01,ขนมปัง
T-201883,2025-07-01,ถุงพลาสติก
T-201883,2025-07-01,น้ำดื่ม
T-201883,2025-07-01,เบียร์
T-201883,2025-07-01,แชมพู
T-201884,2025-07-24,ขนมปัง
T-201884,2025-07-24,ถุงพลาสติก
T-201884,2025-07-24,น้ำดื่ม
T-201884,2025-07-24,ผงซักฟอก
T-201884,2025-07-24,ไข่ไก่
T-201885,2025-09-07,ถุงพลาสติก
T-201885,2025-09-07,เบียร์
T-201886,2025-07-25,กาแฟสด
T-201886,2025-07-25,ขนมปัง
T-201886,2025-07-25,ถุงพลาสติก
T-201886,2025-07-25,ไข่ไก่
T-201887,2025-08-17,กาแฟสด
T-201887,2025-08-17,ถุงพลาสติก
T-201887,2025-08-17,น้ำดื่ม
T-201887,2025-08-17,ผ้าอ้อม
T-201887,2025-08-17,ผ้าเช็ดทำความสะอาด
T-201887,2025-08-17,เบียร์
T-201887,2025-08-17,ไข่ไก่
T-201888,2025-09-20,กาแฟสด
T-201888,2025-09-20,ถุงพลาสติก
T-201888,2025-09-20,มันฝรั่งทอด
T-201889,2025-09-25,ถุงพลาสติก
T-201890,2025-07-18,กาแฟสด
T-201890,2025-07-18,ขนมปัง
T-201890,2025-07-18,ถุงพลาสติก
T-201890,2025-07-18,ผ้าอ้อม
T-201890,2025-07-18,ผ้าเช็ดทำความสะอาด
T-201890,2025-07-18,เบียร์
T-201891,2025-08-17,ชาเขียว
T-201891,2025-08-17,ถุงพลาสติก
T-201891,2025-08-17,น้ำดื่ม
T-201892,2025-08-01,ขนมปัง
T-201892,2025-08-01,ชาเขียว
T-201892,2025-08-01,ถุงพลาสติก
T-201892,2025-08-01,นมสด
T-201892,2025-08-01,ผ้าอ้อม
T-201892,2025-08-01,ผ้าเช็ดทำความสะอาด
T-201892,2025-08-01,ไข่ไก่
T-201893,2025-09-13,ถุงพลาสติก
T-201893,2025-09-13,ไข่ไก่
T-201894,2025-08-25,ขนมปัง
T-201894,2025-08-25,ถุงพลาสติก
T-201894,2025-08-25,นมสด
T-201895,2025-07-30,ถุงพลาสติก
T-201895,2025-07-30,บะหมี่กึ่งสำเร็จรูป
T-201895,2025-07-30,ผงซักฟอก
T-201895,2025-07-30,แชมพู
T-201895,2025-07-30,ไข่ไก่
T-201896,2025-07-24,ชาเขียว
T-201896,2025-07-24,ถุงพลาสติก
T-201896,2025-07-24,นมสด
T-201897,2025-09-07,ชาเขียว
T-201897,2025-09-07,ถุงพลาสติก
T-201898,2025-08-25,ชาเขียว
T-201898,2025-08-25,ถุงพลาสติก
T-201898,2025-08-25,นมสด
T-201898,2025-08-25,น้ำดื่ม
T-201898,2025-08-25,มันฝรั่งทอด
T-201899,2025-09-03,ถุงพลาสติก
T-201899,2025-09-03,นมสด
T-201899,2025-09-03,ผ้าอ้อม
T-201899,2025-09-03,ผ้าเช็ดทำความสะอาด
T-201899,2025-09-03,ไข่ไก่
T-201900,2025-07-07,กาแฟสด
T-201900,2025-07-07,ถุงพลาสติก
T-201900,2025-07-07,น้ำดื่ม
T-201900,2025-07-07,บะหมี่กึ่งสำเร็จรูป
T-201901,2025-07-18,ชาเขียว
T-201901,2025-07-18,ถุงพลาสติก
T-201901,2025-07-18,น้ำดื่ม
T-201901,2025-07-18,ไข่ไก่
T-201902,2025-09-02,กาแฟสด
T-201902,2025-09-02,ถุงพลาสติก
T-201902,2025-09-02,ผ้าเช็ดทำความสะอาด
T-201903,2025-08-05,ขนมปัง
T-201903,2025-08-05,ถุงพลาสติก
T-201903,2025-08-05,นมสด
T-201903,2025-08-05,ผงซักฟอก
T-201904,2025-07-25,ถุงพลาสติก
T-201905,2025-09-02,กาแฟสด
T-201905,2025-09-02,ถุงพลาสติก
T-201905,2025-09-02,มันฝรั่งทอด
T-201906,2025-09-07,กาแฟสด
T-201907,2025-09-12,ขนมปัง
T-201907,2025-09-12,ชาเขียว
T-201907,2025-09-12,ถุงพลาสติก
T-201907,2025-09-12,ผ้าอ้อม
T-201907,2025-09-12,ผ้าเช็ดทำความสะอาด
T-201908,2025-07-06,ชาเขียว
T-201908,2025-07-06,ถุงพลาสติก
T-201908,2025-07-06,ผ้าอ้อม
T-201908,2025-07-06,ผ้าเช็ดทำความสะอาด
T-201908,2025-07-06,แชมพู
T-201908,2025-07-06,ไข่ไก่
T-201909,2025-09-06,ถุงพลาสติก
T-201909,2025-09-06,นมสด
T-201909,2025-09-06,น้ำดื่ม
T-201909,2025-09-06,เบียร์
T-201910,2025-09-28,กาแฟสด
T-201910,2025-09-28,ขนมปัง
T-201910,2025-09-28,ถุงพลาสติก
T-201911,2025-07-21,ถุงพลาสติก
T-201912,2025-09-04,ชาเขียว
T-201912,2025-09-04,ถุงพลาสติก
T-201912,2025-09-04,น้ำดื่ม
T-201912,2025-09-04,แชมพู
T-201913,2025-09-11,ถุงพลาสติก
T-201913,2025-09-11,น้ำดื่ม
T-201913,2025-09-11,แชมพู
T-201914,2025-09-23,ขนมปัง
T-201914,2025-09-23,ชาเขียว
T-201914,2025-09-23,ถุงพลาสติก
T-201914,2025-09-23,นมสด
T-201915,2025-09-08,ขนมปัง
T-201915,2025-09-08,ถุงพลาสติก
T-201915,2025-09-08,นมสด
T-201916,2025-08-28,ขนมปัง
T-201916,2025-08-28,ถุงพลาสติก
T-201916,2025-08-28,นมสด
T-201916,2025-08-28,ไข่ไก่
T-201917,2025-07-07,น้ำดื่ม
T-201918,2025-07-20,ถุงพลาสติก
T-201918,2025-07-20,นมสด
T-201918,2025-07-20,มันฝรั่งทอด
T-201918,2025-07-20,แชมพู
T-201919,2025-07-26,กาแฟสด
T-201919,2025-07-26,ขนมปัง
T-201919,2025-07-26,ถุงพลาสติก
T-201919,2025-07-26,มันฝรั่งทอด
T-201920,2025-09-26,กาแฟสด
T-201920,2025-09-26,น้ำดื่ม
T-201920,2025-09-26,ผ้าอ้อม
T-201920,2025-09-26,เบียร์
T-201921,2025-07-22,ถุงพลาสติก
T-201921,2025-07-22,มันฝรั่งทอด
T-201922,2025-08-25,น้ำดื่ม
T-201923,2025-08-30,ถุงพลาสติก
T-201923,2025-08-30,ผ้าเช็ดทำความสะอาด
T-201923,2025-08-30,ไข่ไก่
T-201924,2025-08-10,ชาเขียว
T-201924,2025-08-10,ถุงพลาสติก
T-201924,2025-08-10,แชมพู
T-201925,2025-07-13,ขนมปัง
T-201925,2025-07-13,ถุงพลาสติก
T-201925,2025-07-13,น้ำดื่ม
T-201926,2025-08-08,บะหมี่กึ่งสำเร็จรูป
T-201926,2025-08-08,ไข่ไก่
T-201927,2025-07-27,ชาเขียว
T-201927,2025-07-27,ถุงพลาสติก
T-201927,2025-07-27,ไข่ไก่
T-201928,2025-09-08,กาแฟสด
T-201928,2025-09-08,ถุงพลาสติก
T-201929,2025-08-23,กาแฟสด
T-201929,2025-08-23,ถุงพลาสติก
T-201930,2025-07-31,กาแฟสด
T-201930,2025-07-31,ถุงพลาสติก
T-201930,2025-07-31,บะหมี่กึ่งสำเร็จรูป
T-201930,2025-07-31,ไข่ไก่
T-201931,2025-08-16,ขนมปัง
T-201931,2025-08-16,ถุงพลาสติก
T-201931,2025-08-16,นมสด
T-201931,2025-08-16,บะหมี่กึ่งสำเร็จรูป
T-201932,2025-08-19,ขนมปัง
T-201932,2025-08-19,แชมพู
T-201932,2025-08-19,ไข่ไก่
T-201933,2025-08-29,ชาเขียว
T-201933,2025-08-29,ถุงพลาสติก
T-201933,2025-08-29,ผงซักฟอก
T-201933,2025-08-29,ไข่ไก่
T-201934,2025-08-29,ขนมปัง
T-201934,2025-08-29,ถุงพลาสติก
T-201935,2025-07-27,ถุงพลาสติก
T-201936,2025-07-19,ถุงพลาสติก
T-201936,2025-07-19,นมสด
T-201937,2025-07-21,ชาเขียว
T-201937,2025-07-21,ถุงพลาสติก
T-201937,2025-07-21,บะหมี่กึ่งสำเร็จรูป
T-201937,2025-07-21,มันฝรั่งทอด
T-201938,2025-08-26,กาแฟสด
T-201938,2025-08-26,ถุงพลาสติก
T-201938,2025-08-26,เบียร์
T-201939,2025-08-08,ขนมปัง
T-201940,2025-09-19,กาแฟสด
T-201940,2025-09-19,นมสด
T-201940,2025-09-19,น้ำดื่ม
T-201940,2025-09-19,ไข่ไก่
T-201941,2025-07-09,ถุงพลาสติก
T-201941,2025-07-09,น้ำดื่ม
T-201941,2025-07-09,แชมพู
T-201942,2025-07-23,ขนมปัง
T-201942,2025-07-23,ชาเขียว
T-201942,2025-07-23,ถุงพลาสติก
T-201942,2025-07-23,น้ำดื่ม
T-201943,2025-07-17,ชาเขียว
T-201943,2025-07-17,ถุงพลาสติก
T-201943,2025-07-17,ไข่ไก่
T-201944,2025-07-24,กาแฟสด
T-201944,2025-07-24,ถุงพลาสติก
T-201944,2025-07-24,ผ้าอ้อม
T-201944,2025-07-24,แชมพู
T-201945,2025-08-12,ถุงพลาสติก
T-201945,2025-08-12,บะหมี่กึ่งสำเร็จรูป
T-201945,2025-08-12,มันฝรั่งทอด
T-201946,2025-08-29,กาแฟสด
T-201946,2025-08-29,ขนมปัง
T-201946,2025-08-29,ถุงพลาสติก
T-201946,2025-08-29,นมสด
T-201946,2025-08-29,ผ้าเช็ดทำความสะอาด
T-201947,2025-09-23,ถุงพลาสติก
T-201947,2025-09-23,บะหมี่กึ่งสำเร็จรูป
T-201947,2025-09-23,มันฝรั่งทอด
T-201948,2025-08-17,ขนมปัง
T-201948,2025-08-17,ถุงพลาสติก
T-201948,2025-08-17,น้ำดื่ม
T-201948,2025-08-17,ผ้าอ้อม
T-201948,2025-08-17,ผ้าเช็ดทำความสะอาด
T-201948,2025-08-17,มันฝรั่งทอด
T-201948,2025-08-17,เบียร์
T-201949,2025-07-17,ชาเขียว
T-201949,2025-07-17,ถุงพลาสติก
T-201949,2025-07-17,เบียร์
T-201949,2025-07-17,ไข่ไก่
T-201950,2025-09-22,ถุงพลาสติก
T-201950,2025-09-22,นมสด
T-201951,2025-08-31,น้ำดื่ม
T-201951,2025-08-31,ผงซักฟอก
T-201951,2025-08-31,ผ้าอ้อม
T-201952,2025-09-15,ชาเขียว
T-201952,2025-09-15,ถุงพลาสติก
T-201952,2025-09-15,ผ้าอ้อม
T-201952,2025-09-15,ไข่ไก่
T-201953,2025-09-22,กาแฟสด
T-201953,2025-09-22,ไข่ไก่
T-201954,2025-09-08,ถุงพลาสติก
T-201955,2025-07-02,ชาเขียว
T-201955,2025-07-02,ถุงพลาสติก
T-201955,2025-07-02,ผ้าอ้อม
T-201955,2025-07-02,ผ้าเช็ดทำความสะอาด
T-201955,2025-07-02,มันฝรั่งทอด
T-201955,2025-07-02,เบียร์
T-201955,2025-07-02,ไข่ไก่
T-201956,2025-08-14,ขนมปัง
T-201956,2025-08-14,ถุงพลาสติก
T-201956,2025-08-14,บะหมี่กึ่งสำเร็จรูป
T-201956,2025-08-14,แชมพู
T-201957,2025-08-18,ขนมปัง
T-201957,2025-08-18,ถุงพลาสติก
T-201957,2025-08-18,น้ำดื่ม
T-201957,2025-08-18,บะหมี่กึ่งสำเร็จรูป
T-201957,2025-08-18,ผงซักฟอก
T-201957,2025-08-18,ไข่ไก่
T-201958,2025-08-22,ถุงพลาสติก
T-201958,2025-08-22,บะหมี่กึ่งสำเร็จรูป
T-201958,2025-08-22,ไข่ไก่
T-201959,2025-09-25,กาแฟสด
T-201959,2025-09-25,ถุงพลาสติก
T-201959,2025-09-25,นมสด
T-201960,2025-08-31,กาแฟสด
T-201960,2025-08-31,ขนมปัง
T-201960,2025-08-31,ถุงพลาสติก
T-201960,2025-08-31,ผงซักฟอก
T-201960,2025-08-31,ผ้าอ้อม
T-201960,2025-08-31,เบียร์
T-201961,2025-09-08,กาแฟสด
T-201961,2025-09-08,ถุงพลาสติก
T-201961,2025-09-08,ผงซักฟอก
T-201961,2025-09-08,มันฝรั่งทอด
T-201962,2025-07-16,ขนมปัง
T-201962,2025-07-16,ชาเขียว
T-201962,2025-07-16,ถุงพลาสติก
T-201962,2025-07-16,นมสด
T-201962,2025-07-16,บะหมี่กึ่งสำเร็จรูป
T-201962,2025-07-16,แชมพู
T-201963,2025-08-11,ขนมปัง
T-201963,2025-08-11,ชาเขียว
T-201963,2025-08-11,น้ำดื่ม
T-201963,2025-08-11,บะหมี่กึ่งสำเร็จรูป
T-201964,2025-07-20,ถุงพลาสติก
T-201964,2025-07-20,บะหมี่กึ่งสำเร็จรูป
T-201964,2025-07-20,ผงซักฟอก
T-201964,2025-07-20,ผ้าเช็ดทำความสะอาด
T-201964,2025-07-20,ไข่ไก่
T-201965,2025-07-10,ถุงพลาสติก
T-201965,2025-07-10,มันฝรั่งทอด
T-201966,2025-07-01,ชาเขียว
T-201966,2025-07-01,ถุงพลาสติก
T-201966,2025-07-01,ผงซักฟอก
T-201966,2025-07-01,ผ้าอ้อม
T-201966,2025-07-01,ผ้าเช็ดทำความสะอาด
T-201967,2025-08-13,น้ำดื่ม
T-201967,2025-08-13,มันฝรั่งทอด
T-201967,2025-08-13,ไข่ไก่
T-201968,2025-07-01,กาแฟสด
T-201968,2025-07-01,ถุงพลาสติก
T-201969,2025-09-20,กาแฟสด
T-201969,2025-09-20,ถุงพลาสติก
T-201970,2025-07-08,ถุงพลาสติก
T-201970,2025-07-08,ผงซักฟอก
T-201971,2025-09-07,ถุงพลาสติก
T-201971,2025-09-07,มันฝรั่งทอด
T-201972,2025-08-10,ถุงพลาสติก
T-201972,2025-08-10,น้ำดื่ม
T-201972,2025-08-10,ผ้าอ้อม
T-201972,2025-08-10,ผ้าเช็ดทำความสะอาด
T-201973,2025-08-29,ถุงพลาสติก
T-201973,2025-08-29,นมสด
T-201973,2025-08-29,ไข่ไก่
T-201974,2025-07-31,ถุงพลาสติก
T-201974,2025-07-31,นมสด
T-201974,2025-07-31,น้ำดื่ม
T-201974,2025-07-31,เบียร์
T-201975,2025-08-25,ชาเขียว
T-201975,2025-08-25,ถุงพลาสติก
T-201976,2025-09-07,ถุงพลาสติก
T-201976,2025-09-07,นมสด
T-201976,2025-09-07,น้ำดื่ม
T-201976,2025-09-07,ผงซักฟอก
T-201976,2025-09-07,ไข่ไก่
T-201977,2025-08-01,น้ำดื่ม
T-201977,2025-08-01,เบียร์
T-201978,2025-07-26,กาแฟสด
T-201978,2025-07-26,ถุงพลาสติก
T-201978,2025-07-26,น้ำดื่ม
T-201978,2025-07-26,มันฝรั่งทอด
T-201979,2025-08-02,ขนมปัง
T-201979,2025-08-02,ถุงพลาสติก
T-201979,2025-08-02,นมสด
T-201979,2025-08-02,น้ำดื่ม
T-201979,2025-08-02,ผงซักฟอก
T-201980,2025-09-28,ชาเขียว
T-201981,2025-07-12,ขนมปัง
T-201981,2025-07-12,ถุงพลาสติก
T-201981,2025-07-12,นมสด
T-201981,2025-07-12,น้ำดื่ม
T-201981,2025-07-12,มันฝรั่งทอด
T-201981,2025-07-12,เบียร์
T-201982,2025-08-30,กาแฟสด
T-201982,2025-08-30,ถุงพลาสติก
T-201982,2025-08-30,น้ำดื่ม
T-201983,2025-08-02,ถุงพลาสติก
T-201983,2025-08-02,นมสด
T-201984,2025-09-01,ถุงพลาสติก
T-201984,2025-09-01,น้ำดื่ม
T-201984,2025-09-01,ไข่ไก่
T-201985,2025-08-23,ถุงพลาสติก
T-201985,2025-08-23,บะหมี่กึ่งสำเร็จรูป
T-201985,2025-08-23,ผ้าอ้อม
T-201985,2025-08-23,มันฝรั่งทอด
T-201985,2025-08-23,แชมพู
T-201986,2025-09-26,ขนมปัง
T-201986,2025-09-26,ชาเขียว
T-201986,2025-09-26,ถุงพลาสติก
T-201986,2025-09-26,น้ำดื่ม
T-201986,2025-09-26,มันฝรั่งทอด
T-201986,2025-09-26,ไข่ไก่
T-201987,2025-09-22,ถุงพลาสติก
T-201987,2025-09-22,น้ำดื่ม
T-201988,2025-08-31,ถุงพลาสติก
T-201989,2025-07-22,แชมพู
T-201989,2025-07-22,ไข่ไก่
T-201990,2025-08-20,ถุงพลาสติก
T-201990,2025-08-20,นมสด
T-201991,2025-07-20,ถุงพลาสติก
T-201991,2025-07-20,น้ำดื่ม
T-201991,2025-07-20,ผงซักฟอก
T-201992,2025-08-13,ถุงพลาสติก
T-201992,2025-08-13,ผ้าอ้อม
T-201992,2025-08-13,ผ้าเช็ดทำความสะอาด
T-201993,2025-07-30,ชาเขียว
T-201993,2025-07-30,ถุงพลาสติก
T-201994,2025-08-13,ชาเขียว
T-201994,2025-08-13,ถุงพลาสติก
T-201994,2025-08-13,น้ำดื่ม
T-201994,2025-08-13,ผ้าเช็ดทำความสะอาด
T-201994,2025-08-13,ไข่ไก่
T-201995,2025-09-09,ถุงพลาสติก
T-201995,2025-09-09,นมสด
T-201995,2025-09-09,มันฝรั่งทอด
T-201995,2025-09-09,ไข่ไก่
T-201996,2025-09-20,กาแฟสด
T-201996,2025-09-20,ถุงพลาสติก
T-201997,2025-09-28,ถุงพลาสติก
T-201997,2025-09-28,น้ำดื่ม
T-201997,2025-09-28,เบียร์
T-201997,2025-09-28,แชมพู
T-201998,2025-09-19,ขนมปัง
T-201998,2025-09-19,ชาเขียว
T-201998,2025-09-19,นมสด
T-201998,2025-09-19,บะหมี่กึ่งสำเร็จรูป
T-201999,2025-07-24,ขนมปัง
T-201999,2025-07-24,ถุงพลาสติก
T-201999,2025-07-24,บะหมี่กึ่งสำเร็จรูป
T-202000,2025-07-07,กาแฟสด
T-202000,2025-07-07,ขนมปัง
T-202000,2025-07-07,ถุงพลาสติก
T-202000,2025-07-07,มันฝรั่งทอด
T-202001,2025-09-12,ขนมปัง
T-202001,2025-09-12,ชาเขียว
T-202001,2025-09-12,ถุงพลาสติก
T-202001,2025-09-12,บะหมี่กึ่งสำเร็จรูป
T-202001,2025-09-12,ผ้าอ้อม
T-202001,2025-09-12,ผ้าเช็ดทำความสะอาด
T-202001,2025-09-12,มันฝรั่งทอด
T-202002,2025-09-22,ถุงพลาสติก
T-202002,2025-09-22,น้ำดื่ม
T-202002,2025-09-22,แชมพู
T-202003,2025-09-05,กาแฟสด
T-202003,2025-09-05,ขนมปัง
T-202003,2025-09-05,ถุงพลาสติก
T-202003,2025-09-05,นมสด
T-202003,2025-09-05,น้ำดื่ม
T-202003,2025-09-05,บะหมี่กึ่งสำเร็จรูป
T-202003,2025-09-05,มันฝรั่งทอด
T-202003,2025-09-05,เบียร์
T-202004,2025-08-12,ขนมปัง
T-202004,2025-08-12,ถุงพลาสติก
T-202004,2025-08-12,บะหมี่กึ่งสำเร็จรูป
T-202004,2025-08-12,ผ้าเช็ดทำความสะอาด
T-202005,2025-09-21,ผ้าอ้อม
T-202005,2025-09-21,ผ้าเช็ดทำความสะอาด
T-202005,2025-09-21,เบียร์
T-202005,2025-09-21,ไข่ไก่
T-202006,2025-08-29,ขนมปัง
T-202006,2025-08-29,ถุงพลาสติก
T-202006,2025-08-29,น้ำดื่ม
T-202006,2025-08-29,ผ้าเช็ดทำความสะอาด
T-202007,2025-08-26,ถุงพลาสติก
T-202007,2025-08-26,นมสด
T-202007,2025-08-26,แชมพู
T-202008,2025-08-03,ไข่ไก่
T-202009,2025-09-03,ขนมปัง
T-202009,2025-09-03,ถุงพลาสติก
T-202009,2025-09-03,น้ำดื่ม
T-202010,2025-09-28,กาแฟสด
T-202010,2025-09-28,ขนมปัง
T-202010,2025-09-28,ถุงพลาสติก
T-202010,2025-09-28,ไข่ไก่
T-202011,2025-07-08,ชาเขียว
T-202011,2025-07-08,ถุงพลาสติก
T-202011,2025-07-08,เบียร์
T-202011,2025-07-08,ไข่ไก่
T-202012,2025-09-03,กาแฟสด
T-202012,2025-09-03,ถุงพลาสติก
T-202012,2025-09-03,ผงซักฟอก
T-202012,2025-09-03,มันฝรั่งทอด
T-202012,2025-09-03,ไข่ไก่
T-202013,2025-08-28,ถุงพลาสติก
T-202013,2025-08-28,บะหมี่กึ่งสำเร็จรูป
T-202013,2025-08-28,ผ้าอ้อม
T-202013,2025-08-28,ผ้าเช็ดทำความสะอาด
T-202014,2025-08-14,ถุงพลาสติก
T-202014,2025-08-14,แชมพู
T-202015,2025-07-27,ถุงพลาสติก
T-202015,2025-07-27,น้ำดื่ม
T-202015,2025-07-27,ผ้าอ้อม
T-202015,2025-07-27,ผ้าเช็ดทำความสะอาด
T-202016,2025-08-29,ขนมปัง
T-202016,2025-08-29,ชาเขียว
T-202016,2025-08-29,ถุงพลาสติก
T-202016,2025-08-29,แชมพู
T-202016,2025-08-29,ไข่ไก่
T-202017,2025-09-14,ถุงพลาสติก
T-202017,2025-09-14,น้ำดื่ม
T-202017,2025-09-14,ไข่ไก่
T-202018,2025-09-15,กาแฟสด
T-202018,2025-09-15,ถุงพลาสติก
T-202018,2025-09-15,นมสด
T-202018,2025-09-15,น้ำดื่ม
T-202018,2025-09-15,มันฝรั่งทอด
T-202019,2025-07-12,ชาเขียว
T-202019,2025-07-12,บะหมี่กึ่งสำเร็จรูป
T-202019,2025-07-12,ผงซักฟอก
T-202020,2025-09-03,ถุงพลาสติก
T-202021,2025-07-16,กาแฟสด
T-202021,2025-07-16,ขนมปัง
T-202021,2025-07-16,ถุงพลาสติก
T-202021,2025-07-16,นมสด
T-202021,2025-07-16,น้ำดื่ม
T-202021,2025-07-16,ผงซักฟอก
T-202021,2025-07-16,ไข่ไก่
T-202022,2025-09-24,ถุงพลาสติก
T-202022,2025-09-24,น้ำดื่ม
T-202022,2025-09-24,ไข่ไก่
T-202023,2025-07-17,ถุงพลาสติก
T-202023,2025-07-17,บะหมี่กึ่งสำเร็จรูป
T-202023,2025-07-17,เบียร์
T-202024,2025-09-10,ขนมปัง
T-202024,2025-09-10,ถุงพลาสติก
T-202024,2025-09-10,บะหมี่กึ่งสำเร็จรูป
T-202025,2025-07-30,กาแฟสด
T-202025,2025-07-30,ผ้าอ้อม
T-202025,2025-07-30,เบียร์
T-202026,2025-08-19,ถุงพลาสติก
T-202026,2025-08-19,ผ้าอ้อม
T-202026,2025-08-19,ผ้าเช็ดทำความสะอาด
T-202027,2025-07-19,กาแฟสด
T-202027,2025-07-19,ถุงพลาสติก
T-202027,2025-07-19,น้ำดื่ม
T-202027,2025-07-19,บะหมี่กึ่งสำเร็จรูป
T-202027,2025-07-19,ผงซักฟอก
T-202027,2025-07-19,มันฝรั่งทอด
T-202028,2025-08-05,กาแฟสด
T-202028,2025-08-05,ถุงพลาสติก
T-202028,2025-08-05,น้ำดื่ม
T-202028,2025-08-05,บะหมี่กึ่งสำเร็จรูป
T-202028,2025-08-05,ไข่ไก่
T-202029,2025-09-13,ชาเขียว
T-202029,2025-09-13,ถุงพลาสติก
T-202029,2025-09-13,น้ำดื่ม
T-202029,2025-09-13,บะหมี่กึ่งสำเร็จรูป
T-202029,2025-09-13,ผ้าอ้อม
T-202029,2025-09-13,เบียร์
T-202030,2025-08-10,ถุงพลาสติก
T-202031,2025-08-14,ถุงพลาสติก
T-202032,2025-08-20,ขนมปัง
T-202032,2025-08-20,ถุงพลาสติก
T-202033,2025-07-09,ขนมปัง
T-202033,2025-07-09,ถุงพลาสติก
T-202033,2025-07-09,ผงซักฟอก
T-202034,2025-07-02,ถุงพลาสติก
T-202034,2025-07-02,เบียร์
T-202035,2025-08-13,น้ำดื่ม
T-202035,2025-08-13,ผ้าอ้อม
T-202035,2025-08-13,ผ้าเช็ดทำความสะอาด
T-202035,2025-08-13,เบียร์
T-202035,2025-08-13,ไข่ไก่
T-202036,2025-08-16,ถุงพลาสติก
T-202036,2025-08-16,ไข่ไก่
T-202037,2025-09-16,กาแฟสด
T-202037,2025-09-16,ขนมปัง
T-202037,2025-09-16,ถุงพลาสติก
T-202037,2025-09-16,ผงซักฟอก
T-202037,2025-09-16,มันฝรั่งทอด
T-202038,2025-07-24,กาแฟสด
T-202038,2025-07-24,ถุงพลาสติก
T-202038,2025-07-24,น้ำดื่ม
T-202039,2025-09-04,กาแฟสด
T-202039,2025-09-04,ขนมปัง
T-202039,2025-09-04,ถุงพลาสติก
T-202039,2025-09-04,น้ำดื่ม
T-202039,2025-09-04,บะหมี่กึ่งสำเร็จรูป
T-202039,2025-09-04,มันฝรั่งทอด
T-202040,2025-09-21,ขนมปัง
T-202040,2025-09-21,ถุงพลาสติก
T-202040,2025-09-21,น้ำดื่ม
T-202040,2025-09-21,มันฝรั่งทอด
T-202040,2025-09-21,ไข่ไก่
T-202041,2025-08-04,ถุงพลาสติก
T-202041,2025-08-04,ไข่ไก่
T-202042,2025-08-28,น้ำดื่ม
T-202042,2025-08-28,บะหมี่กึ่งสำเร็จรูป
T-202042,2025-08-28,มันฝรั่งทอด
T-202042,2025-08-28,ไข่ไก่
T-202043,2025-09-02,ถุงพลาสติก
T-202043,2025-09-02,นมสด
T-202043,2025-09-02,น้ำดื่ม
T-202043,2025-09-02,มันฝรั่งทอด
T-202044,2025-08-09,ขนมปัง
T-202044,2025-08-09,ชาเขียว
T-202044,2025-08-09,ถุงพลาสติก
T-202044,2025-08-09,นมสด
T-202044,2025-08-09,น้ำดื่ม
T-202044,2025-08-09,บะหมี่กึ่งสำเร็จรูป
T-202044,2025-08-09,ผงซักฟอก
T-202045,2025-08-24,ถุงพลาสติก
T-202046,2025-08-05,ขนมปัง
T-202046,2025-08-05,ชาเขียว
T-202046,2025-08-05,ถุงพลาสติก
T-202046,2025-08-05,น้ำดื่ม
T-202047,2025-08-28,ถุงพลาสติก
T-202047,2025-08-28,น้ำดื่ม
T-202047,2025-08-28,ผงซักฟอก
T-202047,2025-08-28,เบียร์
T-202048,2025-09-04,ขนมปัง
T-202048,2025-09-04,ถุงพลาสติก
T-202048,2025-09-04,เบียร์
T-202049,2025-08-11,กาแฟสด
T-202049,2025-08-11,ขนมปัง
T-202049,2025-08-11,ถุงพลาสติก
T-202049,2025-08-11,แชมพู
T-202050,2025-08-10,ขนมปัง
T-202050,2025-08-10,ถุงพลาสติก
T-202050,2025-08-10,น้ำดื่ม
T-202050,2025-08-10,บะหมี่กึ่งสำเร็จรูป
T-202050,2025-08-10,แชมพู
T-202051,2025-09-06,กาแฟสด
T-202051,2025-09-06,ถุงพลาสติก
T-202051,2025-09-06,น้ำดื่ม
T-202051,2025-09-06,ไข่ไก่
T-202052,2025-08-10,ชาเขียว
T-202052,2025-08-10,ถุงพลาสติก
T-202053,2025-07-01,กาแฟสด
T-202053,2025-07-01,ถุงพลาสติก
T-202054,2025-08-03,ถุงพลาสติก
T-202054,2025-08-03,น้ำดื่ม
T-202055,2025-07-19,ขนมปัง
T-202055,2025-07-19,ผ้าอ้อม
T-202055,2025-07-19,ผ้าเช็ดทำความสะอาด
T-202056,2025-08-10,ถุงพลาสติก
T-202056,2025-08-10,ผ้าอ้อม
T-202056,2025-08-10,ผ้าเช็ดทำความสะอาด
T-202056,2025-08-10,มันฝรั่งทอด
T-202057,2025-08-09,ถุงพลาสติก
T-202058,2025-09-12,ถุงพลาสติก
T-202058,2025-09-12,นมสด
T-202058,2025-09-12,ไข่ไก่
T-202059,2025-07-02,กาแฟสด
T-202059,2025-07-02,ถุงพลาสติก
T-202059,2025-07-02,น้ำดื่ม
T-202059,2025-07-02,ไข่ไก่
T-202060,2025-07-22,ขนมปัง
T-202060,2025-07-22,ถุงพลาสติก
T-202060,2025-07-22,นมสด
T-202060,2025-07-22,น้ำดื่ม
T-202060,2025-07-22,ผ้าอ้อม
T-202060,2025-07-22,ผ้าเช็ดทำความสะอาด
T-202061,2025-07-31,กาแฟสด
T-202061,2025-07-31,ขนมปัง
T-202061,2025-07-31,นมสด
T-202062,2025-08-01,ขนมปัง
T-202062,2025-08-01,น้ำดื่ม
T-202062,2025-08-01,บะหมี่กึ่งสำเร็จรูป
T-202062,2025-08-01,เบียร์
T-202063,2025-09-25,ถุงพลาสติก
T-202063,2025-09-25,มันฝรั่งทอด
T-202063,2025-09-25,เบียร์
T-202064,2025-09-04,ถุงพลาสติก
T-202064,2025-09-04,น้ำดื่ม
T-202064,2025-09-04,ผ้าอ้อม
T-202064,2025-09-04,ผ้าเช็ดทำความสะอาด
T-202065,2025-09-04,ถุงพลาสติก
T-202065,2025-09-04,บะหมี่กึ่งสำเร็จรูป
T-202065,2025-09-04,มันฝรั่งทอด
T-202066,2025-09-26,กาแฟสด
T-202066,2025-09-26,ขนมปัง
T-202066,2025-09-26,ถุงพลาสติก
T-202066,2025-09-26,นมสด
T-202067,2025-08-02,ชาเขียว
T-202067,2025-08-02,ถุงพลาสติก
T-202067,2025-08-02,นมสด
T-202068,2025-09-08,กาแฟสด
T-202068,2025-09-08,ถุงพลาสติก
T-202068,2025-09-08,น้ำดื่ม
T-202068,2025-09-08,ไข่ไก่
T-202069,2025-09-08,ถุงพลาสติก
T-202069,2025-09-08,มันฝรั่งทอด
T-202069,2025-09-08,เบียร์
T-202069,2025-09-08,ไข่ไก่
T-202070,2025-08-26,ชาเขียว
T-202070,2025-08-26,ถุงพลาสติก
T-202070,2025-08-26,บะหมี่กึ่งสำเร็จรูป
T-202070,2025-08-26,มันฝรั่งทอด
T-202071,2025-09-12,กาแฟสด
T-202071,2025-09-12,ถุงพลาสติก
T-202071,2025-09-12,น้ำดื่ม
T-202072,2025-07-25,กาแฟสด
T-202072,2025-07-25,ถุงพลาสติก
T-202072,2025-07-25,ผงซักฟอก
T-202072,2025-07-25,มันฝรั่งทอด
T-202073,2025-07-04,ถุงพลาสติก
T-202073,2025-07-04,นมสด
T-202073,2025-07-04,น้ำดื่ม
T-202073,2025-07-04,บะหมี่กึ่งสำเร็จรูป
T-202074,2025-09-22,ถุงพลาสติก
T-202074,2025-09-22,นมสด
T-202074,2025-09-22,น้ำดื่ม
T-202075,2025-07-23,ถุงพลาสติก
T-202075,2025-07-23,บะหมี่กึ่งสำเร็จรูป
T-202075,2025-07-23,เบียร์
T-202076,2025-07-25,ชาเขียว
T-202076,2025-07-25,ถุงพลาสติก
T-202077,2025-07-28,กาแฟสด
T-202077,2025-07-28,น้ำดื่ม
T-202077,2025-07-28,ไข่ไก่
T-202078,2025-07-28,ถุงพลาสติก
T-202078,2025-07-28,น้ำดื่ม
T-202078,2025-07-28,บะหมี่กึ่งสำเร็จรูป
T-202078,2025-07-28,ผ้าอ้อม
T-202078,2025-07-28,เบียร์
T-202078,2025-07-28,แชมพู
T-202078,2025-07-28,ไข่ไก่
T-202079,2025-09-08,ถุงพลาสติก
T-202079,2025-09-08,บะหมี่กึ่งสำเร็จรูป
T-202080,2025-08-18,ขนมปัง
T-202080,2025-08-18,ถุงพลาสติก
T-202080,2025-08-18,นมสด
T-202080,2025-08-18,น้ำดื่ม
T-202081,2025-08-23,ชาเขียว
T-202082,2025-09-06,ชาเขียว
T-202082,2025-09-06,ถุงพลาสติก
T-202082,2025-09-06,น้ำดื่ม
T-202082,2025-09-06,แชมพู
T-202083,2025-09-06,กาแฟสด
T-202083,2025-09-06,ถุงพลาสติก
T-202083,2025-09-06,น้ำดื่ม
T-202083,2025-09-06,ผงซักฟอก
T-202084,2025-09-14,ถุงพลาสติก
T-202084,2025-09-14,นมสด
T-202084,2025-09-14,แชมพู
T-202084,2025-09-14,ไข่ไก่
T-202085,2025-09-26,กาแฟสด
T-202085,2025-09-26,ถุงพลาสติก
T-202085,2025-09-26,นมสด
T-202086,2025-07-23,กาแฟสด
T-202086,2025-07-23,ขนมปัง
T-202086,2025-07-23,ถุงพลาสติก
T-202086,2025-07-23,นมสด
T-202086,2025-07-23,บะหมี่กึ่งสำเร็จรูป
T-202086,2025-07-23,ไข่ไก่
T-202087,2025-08-20,ชาเขียว
T-202087,2025-08-20,ถุงพลาสติก
T-202087,2025-08-20,น้ำดื่ม
T-202087,2025-08-20,ไข่ไก่
T-202088,2025-07-14,ขนมปัง
T-202088,2025-07-14,ชาเขียว
T-202088,2025-07-14,ถุงพลาสติก
T-202088,2025-07-14,มันฝรั่งทอด
T-202088,2025-07-14,แชมพู
T-202089,2025-08-31,ขนมปัง
T-202089,2025-08-31,ถุงพลาสติก
T-202089,2025-08-31,น้ำดื่ม
T-202089,2025-08-31,บะหมี่กึ่งสำเร็จรูป
T-202089,2025-08-31,เบียร์
T-202090,2025-07-23,ถุงพลาสติก
T-202091,2025-08-10,ถุงพลาสติก
T-202091,2025-08-10,นมสด
T-202091,2025-08-10,น้ำดื่ม
T-202091,2025-08-10,ผงซักฟอก
T-202091,2025-08-10,ผ้าเช็ดทำความสะอาด
T-202091,2025-08-10,มันฝรั่งทอด
T-202091,2025-08-10,ไข่ไก่
T-202092,2025-09-15,ขนมปัง
T-202092,2025-09-15,ถุงพลาสติก
T-202092,2025-09-15,น้ำดื่ม
T-202092,2025-09-15,บะหมี่กึ่งสำเร็จรูป
T-202092,2025-09-15,มันฝรั่งทอด
T-202093,2025-09-16,ขนมปัง
T-202093,2025-09-16,ชาเขียว
T-202093,2025-09-16,ถุงพลาสติก
T-202093,2025-09-16,นมสด
T-202093,2025-09-16,บะหมี่กึ่งสำเร็จรูป
T-202093,2025-09-16,มันฝรั่งทอด
T-202094,2025-07-05,ถุงพลาสติก
T-202094,2025-07-05,น้ำดื่ม
T-202094,2025-07-05,ไข่ไก่
T-202095,2025-08-20,ถุงพลาสติก
T-202095,2025-08-20,ผงซักฟอก
T-202095,2025-08-20,มันฝรั่งทอด
T-202096,2025-08-09,ถุงพลาสติก
T-202096,2025-08-09,นมสด
T-202096,2025-08-09,ผงซักฟอก
T-202096,2025-08-09,แชมพู
T-202097,2025-08-09,กาแฟสด
T-202097,2025-08-09,แชมพู
T-202098,2025-07-25,ขนมปัง
T-202098,2025-07-25,ถุงพลาสติก
T-202098,2025-07-25,นมสด
T-202098,2025-07-25,บะหมี่กึ่งสำเร็จรูป
T-202098,2025-07-25,ไข่ไก่
T-202099,2025-08-18,นมสด
T-202099,2025-08-18,มันฝรั่งทอด
T-202099,2025-08-18,เบียร์
T-202100,2025-07-06,ขนมปัง
T-202100,2025-07-06,ถุงพลาสติก
T-202101,2025-07-26,ถุงพลาสติก
T-202101,2025-07-26,น้ำดื่ม
T-202101,2025-07-26,บะหมี่กึ่งสำเร็จรูป
T-202101,2025-07-26,ไข่ไก่
T-202102,2025-07-30,ถุงพลาสติก
T-202102,2025-07-30,น้ำดื่ม
T-202102,2025-07-30,เบียร์
T-202102,2025-07-30,แชมพู
T-202103,2025-07-17,ถุงพลาสติก
T-202103,2025-07-17,น้ำดื่ม
T-202103,2025-07-17,ผ้าเช็ดทำความสะอาด
T-202103,2025-07-17,มันฝรั่งทอด
T-202103,2025-07-17,เบียร์
T-202103,2025-07-17,แชมพู
T-202104,2025-07-21,กาแฟสด
T-202104,2025-07-21,ถุงพลาสติก
T-202105,2025-07-02,กาแฟสด
T-202105,2025-07-02,นมสด
T-202105,2025-07-02,ไข่ไก่
T-202106,2025-08-21,ขนมปัง
T-202106,2025-08-21,ชาเขียว
T-202106,2025-08-21,ถุงพลาสติก
T-202106,2025-08-21,น้ำดื่ม
T-202107,2025-07-31,ขนมปัง
T-202107,2025-07-31,ถุงพลาสติก
T-202107,2025-07-31,เบียร์
T-202108,2025-07-01,ผงซักฟอก
T-202108,2025-07-01,ผ้าอ้อม
T-202108,2025-07-01,ผ้าเช็ดทำความสะอาด
T-202108,2025-07-01,มันฝรั่งทอด
T-202108,2025-07-01,ไข่ไก่
T-202109,2025-09-03,ถุงพลาสติก
T-202109,2025-09-03,น้ำดื่ม
T-202109,2025-09-03,ไข่ไก่
T-202110,2025-08-28,ถุงพลาสติก
T-202110,2025-08-28,นมสด
T-202110,2025-08-28,น้ำดื่ม
T-202110,2025-08-28,ผ้าอ้อม
T-202110,2025-08-28,ไข่ไก่
T-202111,2025-08-13,ถุงพลาสติก
T-202111,2025-08-13,มันฝรั่งทอด
T-202111,2025-08-13,ไข่ไก่
T-202112,2025-07-26,ขนมปัง
T-202112,2025-07-26,ถุงพลาสติก
T-202112,2025-07-26,แชมพู
T-202113,2025-09-09,กาแฟสด
T-202113,2025-09-09,ถุงพลาสติก
T-202113,2025-09-09,น้ำดื่ม
T-202113,2025-09-09,เบียร์
T-202114,2025-08-01,ถุงพลาสติก
T-202114,2025-08-01,เบียร์
T-202115,2025-07-16,ถุงพลาสติก
T-202115,2025-07-16,เบียร์
T-202116,2025-08-26,ชาเขียว
T-202116,2025-08-26,น้ำดื่ม
T-202116,2025-08-26,มันฝรั่งทอด
T-202117,2025-08-03,น้ำดื่ม
T-202117,2025-08-03,มันฝรั่งทอด
T-202117,2025-08-03,เบียร์
T-202118,2025-08-03,กาแฟสด
T-202118,2025-08-03,เบียร์
T-202119,2025-07-15,ถุงพลาสติก
T-202119,2025-07-15,นมสด
T-202119,2025-07-15,ผงซักฟอก
T-202119,2025-07-15,เบียร์
T-202120,2025-08-12,ขนมปัง
T-202120,2025-08-12,ชาเขียว
T-202120,2025-08-12,ถุงพลาสติก
T-202120,2025-08-12,นมสด
T-202120,2025-08-12,มันฝรั่งทอด
T-202120,2025-08-12,แชมพู
T-202121,2025-07-13,ชาเขียว
T-202121,2025-07-13,ถุงพลาสติก
T-202121,2025-07-13,น้ำดื่ม
T-202121,2025-07-13,เบียร์
T-202122,2025-09-22,กาแฟสด
T-202122,2025-09-22,ขนมปัง
T-202122,2025-09-22,ถุงพลาสติก
T-202122,2025-09-22,นมสด
T-202122,2025-09-22,ผ้าอ้อม
T-202122,2025-09-22,ผ้าเช็ดทำความสะอาด
T-202123,2025-08-30,ถุงพลาสติก
T-202123,2025-08-30,มันฝรั่งทอด
T-202124,2025-07-16,ถุงพลาสติก
T-202124,2025-07-16,บะหมี่กึ่งสำเร็จรูป
T-202124,2025-07-16,ไข่ไก่
T-202125,2025-09-12,ขนมปัง
T-202125,2025-09-12,ชาเขียว
T-202125,2025-09-12,ถุงพลาสติก
T-202125,2025-09-12,นมสด
T-202125,2025-09-12,น้ำดื่ม
T-202126,2025-08-13,กาแฟสด
T-202126,2025-08-13,ถุงพลาสติก
T-202126,2025-08-13,นมสด
T-202126,2025-08-13,แชมพู
T-202127,2025-07-11,กาแฟสด
T-202127,2025-07-11,ถุงพลาสติก
T-202127,2025-07-11,น้ำดื่ม
T-202127,2025-07-11,บะหมี่กึ่งสำเร็จรูป
T-202127,2025-07-11,มันฝรั่งทอด
T-202128,2025-07-04,ถุงพลาสติก
T-202129,2025-09-27,ถุงพลาสติก
T-202129,2025-09-27,แชมพู
T-202130,2025-08-18,ขนมปัง
T-202130,2025-08-18,ชาเขียว
T-202130,2025-08-18,ถุงพลาสติก
T-202130,2025-08-18,น้ำดื่ม
T-202130,2025-08-18,บะหมี่กึ่งสำเร็จรูป
T-202130,2025-08-18,เบียร์
T-202131,2025-09-03,ขนมปัง
T-202131,2025-09-03,ถุงพลาสติก
T-202131,2025-09-03,บะหมี่กึ่งสำเร็จรูป
T-202132,2025-09-17,ขนมปัง
T-202132,2025-09-17,บะหมี่กึ่งสำเร็จรูป
T-202132,2025-09-17,ผงซักฟอก
T-202133,2025-09-07,กาแฟสด
T-202133,2025-09-07,ถุงพลาสติก
T-202133,2025-09-07,ไข่ไก่
T-202134,2025-07-18,ถุงพลาสติก
T-202135,2025-09-01,ถุงพลาสติก
T-202135,2025-09-01,นมสด
T-202136,2025-07-25,ถุงพลาสติก
T-202136,2025-07-25,บะหมี่กึ่งสำเร็จรูป
T-202137,2025-08-11,ถุงพลาสติก
T-202137,2025-08-11,นมสด
T-202138,2025-07-02,กาแฟสด
T-202138,2025-07-02,ขนมปัง
T-202138,2025-07-02,ถุงพลาสติก
T-202138,2025-07-02,ผ้าอ้อม
T-202138,2025-07-02,ผ้าเช็ดทำความสะอาด
T-202138,2025-07-02,เบียร์
T-202139,2025-08-02,ถุงพลาสติก
T-202139,2025-08-02,น้ำดื่ม
T-202139,2025-08-02,ผ้าอ้อม
T-202139,2025-08-02,ผ้าเช็ดทำความสะอาด
T-202139,2025-08-02,มันฝรั่งทอด
T-202140,2025-08-13,กาแฟสด
T-202140,2025-08-13,นมสด
T-202140,2025-08-13,มันฝรั่งทอด
T-202141,2025-09-15,ถุงพลาสติก
T-202141,2025-09-15,น้ำดื่ม
T-202142,2025-07-03,กาแฟสด
T-202142,2025-07-03,ถุงพลาสติก
T-202142,2025-07-03,นมสด
T-202142,2025-07-03,น้ำดื่ม
T-202142,2025-07-03,เบียร์
T-202143,2025-09-01,ชาเขียว
T-202143,2025-09-01,ถุงพลาสติก
T-202143,2025-09-01,นมสด
T-202144,2025-08-22,มันฝรั่งทอด
T-202144,2025-08-22,ไข่ไก่
T-202145,2025-09-14,ถุงพลาสติก
T-202145,2025-09-14,นมสด
T-202145,2025-09-14,ผ้าอ้อม
T-202145,2025-09-14,เบียร์
T-202145,2025-09-14,ไข่ไก่
T-202146,2025-08-18,น้ำดื่ม
T-202146,2025-08-18,บะหมี่กึ่งสำเร็จรูป
T-202146,2025-08-18,ผงซักฟอก
T-202146,2025-08-18,ผ้าอ้อม
T-202146,2025-08-18,ผ้าเช็ดทำความสะอาด
T-202146,2025-08-18,ไข่ไก่
T-202147,2025-08-14,กาแฟสด
T-202147,2025-08-14,ถุงพลาสติก
T-202147,2025-08-14,ไข่ไก่
T-202148,2025-08-06,ชาเขียว
T-202148,2025-08-06,ถุงพลาสติก
T-202149,2025-08-09,กาแฟสด
T-202149,2025-08-09,ถุงพลาสติก
T-202149,2025-08-09,น้ำดื่ม
T-202149,2025-08-09,ผงซักฟอก
T-202149,2025-08-09,ผ้าอ้อม
T-202149,2025-08-09,ผ้าเช็ดทำความสะอาด
T-202149,2025-08-09,มันฝรั่งทอด
T-202150,2025-07-27,ถุงพลาสติก
T-202150,2025-07-27,บะหมี่กึ่งสำเร็จรูป
T-202150,2025-07-27,ไข่ไก่
T-202151,2025-07-02,ผงซักฟอก
T-202151,2025-07-02,ไข่ไก่
T-202152,2025-08-18,ขนมปัง
T-202152,2025-08-18,ถุงพลาสติก
T-202152,2025-08-18,น้ำดื่ม
T-202152,2025-08-18,เบียร์
T-202152,2025-08-18,แชมพู
T-202153,2025-07-21,ชาเขียว
T-202153,2025-07-21,ถุงพลาสติก
T-202153,2025-07-21,นมสด
T-202153,2025-07-21,บะหมี่กึ่งสำเร็จรูป
T-202154,2025-07-20,ขนมปัง
T-202154,2025-07-20,ถุงพลาสติก
T-202154,2025-07-20,ไข่ไก่
T-202155,2025-08-03,ขนมปัง
T-202155,2025-08-03,น้ำดื่ม
T-202156,2025-08-18,ชาเขียว
T-202156,2025-08-18,ถุงพลาสติก
T-202156,2025-08-18,เบียร์
T-202156,2025-08-18,ไข่ไก่
T-202157,2025-09-22,กาแฟสด
T-202157,2025-09-22,ถุงพลาสติก
T-202157,2025-09-22,ผงซักฟอก
T-202158,2025-09-09,ขนมปัง
T-202158,2025-09-09,ถุงพลาสติก
T-202158,2025-09-09,น้ำดื่ม
T-202158,2025-09-09,ผงซักฟอก
T-202158,2025-09-09,มันฝรั่งทอด
T-202159,2025-09-09,ถุงพลาสติก
T-202159,2025-09-09,น้ำดื่ม
T-202159,2025-09-09,ผงซักฟอก
T-202160,2025-09-03,ถุงพลาสติก
T-202160,2025-09-03,นมสด
T-202160,2025-09-03,น้ำดื่ม
T-202161,2025-08-24,ชาเขียว
T-202161,2025-08-24,ถุงพลาสติก
T-202161,2025-08-24,เบียร์
T-202162,2025-07-30,ชาเขียว
T-202163,2025-07-20,กาแฟสด
T-202163,2025-07-20,ถุงพลาสติก
T-202163,2025-07-20,น้ำดื่ม
T-202164,2025-08-17,ถุงพลาสติก
T-202164,2025-08-17,นมสด
T-202165,2025-09-14,ถุงพลาสติก
T-202166,2025-08-31,ถุงพลาสติก
T-202166,2025-08-31,นมสด
T-202166,2025-08-31,น้ำดื่ม
T-202166,2025-08-31,ผ้าอ้อม
T-202166,2025-08-31,ผ้าเช็ดทำความสะอาด
T-202167,2025-09-10,ถุงพลาสติก
T-202167,2025-09-10,ผงซักฟอก
T-202168,2025-09-11,ถุงพลาสติก
T-202168,2025-09-11,ไข่ไก่
T-202169,2025-08-12,ถุงพลาสติก
T-202169,2025-08-12,ผงซักฟอก
T-202169,2025-08-12,มันฝรั่งทอด
T-202170,2025-08-03,ขนมปัง
T-202170,2025-08-03,ถุงพลาสติก
T-202170,2025-08-03,นมสด
T-202170,2025-08-03,เบียร์
T-202171,2025-07-19,ถุงพลาสติก
T-202171,2025-07-19,น้ำดื่ม
T-202171,2025-07-19,ผงซักฟอก
T-202172,2025-08-04,ถุงพลาสติก
T-202172,2025-08-04,นมสด
T-202172,2025-08-04,บะหมี่กึ่งสำเร็จรูป
T-202172,2025-08-04,แชมพู
T-202173,2025-07-24,กาแฟสด
T-202173,2025-07-24,ขนมปัง
T-202173,2025-07-24,ถุงพลาสติก
T-202173,2025-07-24,น้ำดื่ม
T-202173,2025-07-24,เบียร์
T-202174,2025-08-09,นมสด
T-202174,2025-08-09,น้ำดื่ม
T-202174,2025-08-09,มันฝรั่งทอด
T-202175,2025-08-13,ผ้าอ้อม
T-202175,2025-08-13,ผ้าเช็ดทำความสะอาด
T-202176,2025-08-15,กาแฟสด
T-202176,2025-08-15,ขนมปัง
T-202176,2025-08-15,ถุงพลาสติก
T-202177,2025-08-12,กาแฟสด
T-202178,2025-08-28,ขนมปัง
T-202178,2025-08-28,ถุงพลาสติก
T-202178,2025-08-28,บะหมี่กึ่งสำเร็จรูป
T-202178,2025-08-28,ผ้าอ้อม
T-202178,2025-08-28,ผ้าเช็ดทำความสะอาด
T-202178,2025-08-28,ไข่ไก่
T-202179,2025-07-05,ขนมปัง
T-202180,2025-08-29,กาแฟสด
T-202180,2025-08-29,ผ้าอ้อม
T-202180,2025-08-29,ไข่ไก่
T-202181,2025-07-05,ถุงพลาสติก
T-202182,2025-09-21,ขนมปัง
T-202182,2025-09-21,ชาเขียว
T-202182,2025-09-21,ถุงพลาสติก
T-202182,2025-09-21,นมสด
T-202183,2025-07-05,ขนมปัง
T-202183,2025-07-05,ชาเขียว
T-202183,2025-07-05,ถุงพลาสติก
T-202183,2025-07-05,นมสด
T-202183,2025-07-05,น้ำดื่ม
T-202183,2025-07-05,เบียร์
T-202184,2025-09-06,ขนมปัง
T-202184,2025-09-06,ชาเขียว
T-202184,2025-09-06,ถุงพลาสติก
T-202184,2025-09-06,น้ำดื่ม
T-202184,2025-09-06,บะหมี่กึ่งสำเร็จรูป
T-202185,2025-07-29,ถุงพลาสติก
T-202185,2025-07-29,น้ำดื่ม
T-202186,2025-08-19,กาแฟสด
T-202186,2025-08-19,ถุงพลาสติก
T-202186,2025-08-19,น้ำดื่ม
T-202187,2025-09-25,ถุงพลาสติก
T-202187,2025-09-25,บะหมี่กึ่งสำเร็จรูป
T-202187,2025-09-25,เบียร์
T-202187,2025-09-25,ไข่ไก่
T-202188,2025-08-10,ถุงพลาสติก
T-202188,2025-08-10,ผงซักฟอก
T-202188,2025-08-10,มันฝรั่งทอด
T-202188,2025-08-10,ไข่ไก่
T-202189,2025-08-25,ขนมปัง
T-202189,2025-08-25,ถุงพลาสติก
T-202189,2025-08-25,นมสด
T-202189,2025-08-25,น้ำดื่ม
T-202189,2025-08-25,ผ้าอ้อม
T-202189,2025-08-25,เบียร์
T-202190,2025-09-21,กาแฟสด
T-202190,2025-09-21,ขนมปัง
T-202190,2025-09-21,ถุงพลาสติก
T-202191,2025-09-10,ขนมปัง
T-202191,2025-09-10,ถุงพลาสติก
T-202191,2025-09-10,ผงซักฟอก
T-202191,2025-09-10,ไข่ไก่
T-202192,2025-07-21,กาแฟสด
T-202192,2025-07-21,ถุงพลาสติก
T-202192,2025-07-21,บะหมี่กึ่งสำเร็จรูป
T-202192,2025-07-21,ผ้าอ้อม
T-202192,2025-07-21,ผ้าเช็ดทำความสะอาด
T-202192,2025-07-21,เบียร์
T-202192,2025-07-21,ไข่ไก่
T-202193,2025-08-04,นมสด
T-202193,2025-08-04,น้ำดื่ม
T-202193,2025-08-04,แชมพู
T-202193,2025-08-04,ไข่ไก่
T-202194,2025-09-18,ชาเขียว
T-202194,2025-09-18,ถุงพลาสติก
T-202194,2025-09-18,น้ำดื่ม
T-202194,2025-09-18,บะหมี่กึ่งสำเร็จรูป
T-202195,2025-07-06,ขนมปัง
T-202195,2025-07-06,ถุงพลาสติก
T-202195,2025-07-06,น้ำดื่ม
T-202195,2025-07-06,ผงซักฟอก
T-202196,2025-09-06,ชาเขียว
T-202196,2025-09-06,ถุงพลาสติก
T-202196,2025-09-06,นมสด
T-202197,2025-07-22,ขนมปัง
T-202197,2025-07-22,น้ำดื่ม
T-202198,2025-07-29,กาแฟสด
T-202198,2025-07-29,ถุงพลาสติก
T-202198,2025-07-29,มันฝรั่งทอด
T-202198,2025-07-29,แชมพู
T-202199,2025-08-27,ขนมปัง
T-202199,2025-08-27,น้ำดื่ม
T-202199,2025-08-27,เบียร์
T-202200,2025-07-02,นมสด
T-202200,2025-07-02,น้ำดื่ม
T-202200,2025-07-02,ไข่ไก่
T-202201,2025-09-27,กาแฟสด
T-202201,2025-09-27,ถุงพลาสติก
T-202202,2025-09-27,ขนมปัง
T-202202,2025-09-27,ถุงพลาสติก
T-202202,2025-09-27,น้ำดื่ม
T-202202,2025-09-27,มันฝรั่งทอด
T-202203,2025-07-30,ชาเขียว
T-202203,2025-07-30,บะหมี่กึ่งสำเร็จรูป
T-202203,2025-07-30,ผงซักฟอก
T-202203,2025-07-30,มันฝรั่งทอด
T-202203,2025-07-30,แชมพู
T-202204,2025-08-25,ขนมปัง
T-202204,2025-08-25,น้ำดื่ม
T-202204,2025-08-25,ผงซักฟอก
T-202204,2025-08-25,ไข่ไก่
T-202205,2025-08-02,ถุงพลาสติก
T-202205,2025-08-02,บะหมี่กึ่งสำเร็จรูป
T-202205,2025-08-02,ผ้าเช็ดทำความสะอาด
T-202205,2025-08-02,เบียร์
T-202206,2025-08-25,ชาเขียว
T-202206,2025-08-25,ถุงพลาสติก
T-202206,2025-08-25,น้ำดื่ม
T-202206,2025-08-25,บะหมี่กึ่งสำเร็จรูป
T-202207,2025-08-20,ถุงพลาสติก
T-202207,2025-08-20,น้ำดื่ม
T-202207,2025-08-20,ผงซักฟอก
T-202208,2025-09-23,มันฝรั่งทอด
T-202208,2025-09-23,ไข่ไก่
T-202209,2025-07-10,ขนมปัง
T-202210,2025-08-04,ถุงพลาสติก
T-202210,2025-08-04,มันฝรั่งทอด
T-202210,2025-08-04,เบียร์
T-202211,2025-08-29,ถุงพลาสติก
T-202211,2025-08-29,นมสด
T-202211,2025-08-29,มันฝรั่งทอด
T-202212,2025-08-31,ไข่ไก่
T-202213,2025-07-20,ชาเขียว
T-202213,2025-07-20,ถุงพลาสติก
T-202214,2025-08-23,ถุงพลาสติก
T-202215,2025-07-20,ขนมปัง
T-202215,2025-07-20,ชาเขียว
T-202215,2025-07-20,ถุงพลาสติก
T-202216,2025-07-28,ชาเขียว
T-202216,2025-07-28,ถุงพลาสติก
T-202216,2025-07-28,น้ำดื่ม
T-202216,2025-07-28,มันฝรั่งทอด
T-202217,2025-09-20,กาแฟสด
T-202217,2025-09-20,ถุงพลาสติก
T-202217,2025-09-20,น้ำดื่ม
T-202218,2025-08-20,ขนมปัง
T-202218,2025-08-20,ถุงพลาสติก
T-202218,2025-08-20,ไข่ไก่
T-202219,2025-07-01,ถุงพลาสติก
T-202219,2025-07-01,มันฝรั่งทอด
T-202220,2025-09-02,ชาเขียว
T-202220,2025-09-02,ถุงพลาสติก
T-202220,2025-09-02,บะหมี่กึ่งสำเร็จรูป
T-202220,2025-09-02,มันฝรั่งทอด
T-202221,2025-08-18,กาแฟสด
T-202221,2025-08-18,ถุงพลาสติก
T-202221,2025-08-18,เบียร์
T-202222,2025-08-07,ถุงพลาสติก
T-202222,2025-08-07,เบียร์
T-202223,2025-09-11,กาแฟสด
T-202223,2025-09-11,ถุงพลาสติก
T-202223,2025-09-11,นมสด
T-202224,2025-09-18,ถุงพลาสติก
T-202224,2025-09-18,ไข่ไก่
T-202225,2025-07-05,ถุงพลาสติก
T-202226,2025-09-27,กาแฟสด
T-202226,2025-09-27,ขนมปัง
T-202226,2025-09-27,ถุงพลาสติก
T-202226,2025-09-27,ผ้าเช็ดทำความสะอาด
T-202227,2025-09-25,ขนมปัง
T-202227,2025-09-25,น้ำดื่ม
T-202227,2025-09-25,เบียร์
T-202227,2025-09-25,ไข่ไก่
T-202228,2025-09-26,ชาเขียว
T-202228,2025-09-26,ถุงพลาสติก
T-202228,2025-09-26,นมสด
T-202228,2025-09-26,ผ้าอ้อม
T-202228,2025-09-26,ผ้าเช็ดทำความสะอาด
T-202228,2025-09-26,มันฝรั่งทอด
T-202229,2025-08-10,ขนมปัง
T-202229,2025-08-10,ถุงพลาสติก
T-202229,2025-08-10,ผ้าอ้อม
T-202229,2025-08-10,ผ้าเช็ดทำความสะอาด
T-202229,2025-08-10,เบียร์
T-202230,2025-08-13,ถุงพลาสติก
T-202230,2025-08-13,น้ำดื่ม
T-202230,2025-08-13,ผงซักฟอก
T-202231,2025-08-17,ขนมปัง
T-202232,2025-09-16,ขนมปัง
T-202232,2025-09-16,ชาเขียว
T-202233,2025-08-22,ขนมปัง
T-202233,2025-08-22,ชาเขียว
T-202233,2025-08-22,ถุงพลาสติก
T-202233,2025-08-22,บะหมี่กึ่งสำเร็จรูป
T-202234,2025-09-09,ถุงพลาสติก
T-202235,2025-09-19,ถุงพลาสติก
T-202235,2025-09-19,ผงซักฟอก
T-202235,2025-09-19,ผ้าเช็ดทำความสะอาด
T-202235,2025-09-19,มันฝรั่งทอด
T-202236,2025-07-28,ชาเขียว
T-202236,2025-07-28,ถุงพลาสติก
T-202236,2025-07-28,น้ำดื่ม
T-202237,2025-09-26,ถุงพลาสติก
T-202237,2025-09-26,นมสด
T-202237,2025-09-26,บะหมี่กึ่งสำเร็จรูป
T-202238,2025-08-04,กาแฟสด
T-202238,2025-08-04,ถุงพลาสติก
T-202238,2025-08-04,นมสด
T-202238,2025-08-04,น้ำดื่ม
T-202238,2025-08-04,บะหมี่กึ่งสำเร็จรูป
T-202238,2025-08-04,มันฝรั่งทอด
T-202239,2025-09-01,ขนมปัง
T-202239,2025-09-01,ชาเขียว
T-202239,2025-09-01,ถุงพลาสติก
T-202239,2025-09-01,นมสด
T-202239,2025-09-01,บะหมี่กึ่งสำเร็จรูป
T-202239,2025-09-01,แชมพู
T-202240,2025-07-24,ถุงพลาสติก
T-202241,2025-08-18,ถุงพลาสติก
T-202242,2025-07-12,ถุงพลาสติก
T-202242,2025-07-12,นมสด
T-202243,2025-07-11,ผงซักฟอก
T-202243,2025-07-11,ผ้าอ้อม
T-202243,2025-07-11,ผ้าเช็ดทำความสะอาด
T-202244,2025-07-28,กาแฟสด
T-202244,2025-07-28,ขนมปัง
T-202244,2025-07-28,ถุงพลาสติก
T-202244,2025-07-28,ผ้าอ้อม
T-202244,2025-07-28,ผ้าเช็ดทำความสะอาด
T-202244,2025-07-28,ไข่ไก่
T-202245,2025-08-16,กาแฟสด
T-202245,2025-08-16,ถุงพลาสติก
T-202245,2025-08-16,ไข่ไก่
T-202246,2025-07-14,ถุงพลาสติก
T-202246,2025-07-14,น้ำดื่ม
T-202246,2025-07-14,ผ้าอ้อม
T-202246,2025-07-14,ผ้าเช็ดทำความสะอาด
T-202246,2025-07-14,ไข่ไก่
T-202247,2025-08-12,ถุงพลาสติก
T-202247,2025-08-12,น้ำดื่ม
T-202247,2025-08-12,ผงซักฟอก
T-202248,2025-09-02,ชาเขียว
T-202248,2025-09-02,ถุงพลาสติก
T-202248,2025-09-02,นมสด
T-202248,2025-09-02,น้ำดื่ม
T-202248,2025-09-02,ไข่ไก่
T-202249,2025-09-04,ถุงพลาสติก
T-202249,2025-09-04,มันฝรั่งทอด
T-202249,2025-09-04,ไข่ไก่
T-202250,2025-09-14,ถุงพลาสติก
T-202250,2025-09-14,ไข่ไก่
T-202251,2025-08-26,ขนมปัง
T-202251,2025-08-26,น้ำดื่ม
T-202251,2025-08-26,ผ้าอ้อม
T-202251,2025-08-26,ผ้าเช็ดทำความสะอาด
T-202252,2025-07-06,ถุงพลาสติก
T-202253,2025-07-15,ขนมปัง
T-202253,2025-07-15,ถุงพลาสติก
T-202253,2025-07-15,บะหมี่กึ่งสำเร็จรูป
T-202254,2025-09-13,ถุงพลาสติก
T-202254,2025-09-13,น้ำดื่ม
T-202254,2025-09-13,มันฝรั่งทอด
T-202255,2025-08-15,ถุงพลาสติก
T-202255,2025-08-15,น้ำดื่ม
T-202255,2025-08-15,แชมพู
T-202255,2025-08-15,ไข่ไก่
T-202256,2025-08-28,ถุงพลาสติก
T-202256,2025-08-28,เบียร์
T-202256,2025-08-28,ไข่ไก่
T-202257,2025-07-29,ชาเขียว
T-202257,2025-07-29,ผงซักฟอก
T-202257,2025-07-29,มันฝรั่งทอด
T-202258,2025-09-08,ถุงพลาสติก
T-202258,2025-09-08,น้ำดื่ม
T-202258,2025-09-08,เบียร์
T-202258,2025-09-08,ไข่ไก่
T-202259,2025-08-12,ถุงพลาสติก
T-202259,2025-08-12,มันฝรั่งทอด
T-202259,2025-08-12,แชมพู
T-202259,2025-08-12,ไข่ไก่
T-202260,2025-08-25,เบียร์
T-202261,2025-09-01,ชาเขียว
T-202261,2025-09-01,ถุงพลาสติก
T-202261,2025-09-01,น้ำดื่ม
T-202261,2025-09-01,ผงซักฟอก
T-202262,2025-08-09,ถุงพลาสติก
T-202263,2025-09-22,ถุงพลาสติก
T-202263,2025-09-22,มันฝรั่งทอด
T-202263,2025-09-22,เบียร์
T-202263,2025-09-22,ไข่ไก่
T-202264,2025-09-02,ขนมปัง
T-202264,2025-09-02,ถุงพลาสติก
T-202264,2025-09-02,บะหมี่กึ่งสำเร็จรูป
T-202264,2025-09-02,เบียร์
T-202265,2025-09-26,กาแฟสด
T-202265,2025-09-26,ขนมปัง
T-202265,2025-09-26,นมสด
T-202266,2025-07-02,น้ำดื่ม
T-202266,2025-07-02,มันฝรั่งทอด
T-202267,2025-08-08,ชาเขียว
T-202267,2025-08-08,ถุงพลาสติก
T-202267,2025-08-08,แชมพู
T-202268,2025-08-08,เบียร์
T-202268,2025-08-08,ไข่ไก่
T-202269,2025-09-03,ถุงพลาสติก
T-202269,2025-09-03,ผงซักฟอก
T-202270,2025-09-18,ถุงพลาสติก
T-202271,2025-07-01,ชาเขียว
T-202271,2025-07-01,ถุงพลาสติก
T-202271,2025-07-01,น้ำดื่ม
T-202272,2025-08-26,กาแฟสด
T-202272,2025-08-26,ถุงพลาสติก
T-202272,2025-08-26,ผ้าอ้อม
T-202272,2025-08-26,ผ้าเช็ดทำความสะอาด
T-202272,2025-08-26,มันฝรั่งทอด
T-202272,2025-08-26,เบียร์
T-202273,2025-08-06,ไข่ไก่
T-202274,2025-09-22,ชาเขียว
T-202274,2025-09-22,ผงซักฟอก
T-202275,2025-08-18,ขนมปัง
T-202275,2025-08-18,ถุงพลาสติก
T-202275,2025-08-18,ผงซักฟอก
T-202276,2025-08-15,ถุงพลาสติก
T-202276,2025-08-15,แชมพู
T-202277,2025-07-17,ถุงพลาสติก
T-202277,2025-07-17,น้ำดื่ม
T-202277,2025-07-17,ผงซักฟอก
T-202278,2025-09-17,ถุงพลาสติก
T-202278,2025-09-17,ไข่ไก่
T-202279,2025-07-06,ชาเขียว
T-202279,2025-07-06,น้ำดื่ม
T-202279,2025-07-06,ผ้าเช็ดทำความสะอาด
T-202280,2025-07-03,น้ำดื่ม
T-202281,2025-08-01,ขนมปัง
T-202281,2025-08-01,ไข่ไก่
T-202282,2025-08-12,ขนมปัง
T-202282,2025-08-12,ถุงพลาสติก
T-202282,2025-08-12,มันฝรั่งทอด
T-202283,2025-07-30,ชาเขียว
T-202283,2025-07-30,มันฝรั่งทอด
T-202283,2025-07-30,เบียร์
T-202283,2025-07-30,แชมพู
T-202283,2025-07-30,ไข่ไก่
T-202284,2025-09-06,ถุงพลาสติก
T-202284,2025-09-06,บะหมี่กึ่งสำเร็จรูป
T-202284,2025-09-06,ผงซักฟอก
T-202284,2025-09-06,ไข่ไก่
T-202285,2025-09-28,กาแฟสด
T-202285,2025-09-28,ถุงพลาสติก
T-202285,2025-09-28,น้ำดื่ม
T-202286,2025-09-13,ขนมปัง
T-202286,2025-09-13,ถุงพลาสติก
T-202286,2025-09-13,เบียร์
T-202287,2025-07-01,กาแฟสด
T-202287,2025-07-01,ถุงพลาสติก
T-202287,2025-07-01,ไข่ไก่
T-202288,2025-09-14,ถุงพลาสติก
T-202289,2025-08-07,ขนมปัง
T-202289,2025-08-07,ถุงพลาสติก
T-202289,2025-08-07,มันฝรั่งทอด
T-202289,2025-08-07,เบียร์
T-202290,2025-08-18,ชาเขียว
T-202290,2025-08-18,ถุงพลาสติก
T-202290,2025-08-18,นมสด
T-202290,2025-08-18,ผ้าอ้อม
T-202290,2025-08-18,ผ้าเช็ดทำความสะอาด
T-202291,2025-07-04,ถุงพลาสติก
T-202291,2025-07-04,นมสด
T-202291,2025-07-04,ไข่ไก่
T-202292,2025-09-22,ขนมปัง
T-202292,2025-09-22,ถุงพลาสติก
T-202292,2025-09-22,ไข่ไก่
T-202293,2025-09-20,ขนมปัง
T-202293,2025-09-20,มันฝรั่งทอด
T-202294,2025-07-17,กาแฟสด
T-202294,2025-07-17,ถุงพลาสติก
T-202294,2025-07-17,นมสด
T-202294,2025-07-17,เบียร์
T-202294,2025-07-17,ไข่ไก่
T-202295,2025-08-06,กาแฟสด
T-202295,2025-08-06,ถุงพลาสติก
T-202296,2025-07-29,กาแฟสด
T-202296,2025-07-29,ถุงพลาสติก
T-202297,2025-08-02,ขนมปัง
T-202297,2025-08-02,ชาเขียว
T-202297,2025-08-02,ถุงพลาสติก
T-202297,2025-08-02,น้ำดื่ม
T-202298,2025-08-30,ชาเขียว
T-202298,2025-08-30,ถุงพลาสติก
T-202298,2025-08-30,ไข่ไก่
T-202299,2025-08-07,ถุงพลาสติก
T-202299,2025-08-07,น้ำดื่ม
T-202300,2025-09-01,ถุงพลาสติก
T-202300,2025-09-01,มันฝรั่งทอด
T-202300,2025-09-01,แชมพู
T-202300,2025-09-01,ไข่ไก่
T-202301,2025-08-06,ถุงพลาสติก
T-202301,2025-08-06,ผ้าเช็ดทำความสะอาด
T-202301,2025-08-06,มันฝรั่งทอด
T-202302,2025-08-08,กาแฟสด
T-202302,2025-08-08,ขนมปัง
T-202302,2025-08-08,น้ำดื่ม
T-202303,2025-08-09,ถุงพลาสติก
T-202303,2025-08-09,บะหมี่กึ่งสำเร็จรูป
T-202303,2025-08-09,ผ้าอ้อม
T-202303,2025-08-09,ผ้าเช็ดทำความสะอาด
T-202304,2025-08-28,กาแฟสด
T-202304,2025-08-28,ถุงพลาสติก
T-202304,2025-08-28,น้ำดื่ม
T-202305,2025-09-17,นมสด
T-202306,2025-08-25,ถุงพลาสติก
T-202306,2025-08-25,ผ้าเช็ดทำความสะอาด
T-202306,2025-08-25,ไข่ไก่
T-202307,2025-08-19,ถุงพลาสติก
T-202308,2025-07-27,ถุงพลาสติก
T-202308,2025-07-27,นมสด
T-202308,2025-07-27,น้ำดื่ม
T-202308,2025-07-27,มันฝรั่งทอด
T-202309,2025-08-03,ถุงพลาสติก
T-202309,2025-08-03,น้ำดื่ม
T-202309,2025-08-03,บะหมี่กึ่งสำเร็จรูป
T-202309,2025-08-03,เบียร์
T-202310,2025-09-18,ถุงพลาสติก
T-202311,2025-07-25,ถุงพลาสติก
T-202311,2025-07-25,มันฝรั่งทอด
T-202312,2025-07-18,ชาเขียว
T-202312,2025-07-18,ถุงพลาสติก
T-202312,2025-07-18,นมสด
T-202312,2025-07-18,บะหมี่กึ่งสำเร็จรูป
T-202312,2025-07-18,ไข่ไก่
T-202313,2025-07-24,กาแฟสด
T-202313,2025-07-24,ถุงพลาสติก
T-202314,2025-08-07,ถุงพลาสติก
T-202314,2025-08-07,มันฝรั่งทอด
T-202315,2025-08-17,ขนมปัง
T-202315,2025-08-17,ชาเขียว
T-202315,2025-08-17,ไข่ไก่
T-202316,2025-09-15,ถุงพลาสติก
T-202316,2025-09-15,นมสด
T-202316,2025-09-15,ผงซักฟอก
T-202317,2025-08-12,ชาเขียว
T-202317,2025-08-12,ถุงพลาสติก
T-202317,2025-08-12,น้ำดื่ม
T-202317,2025-08-12,บะหมี่กึ่งสำเร็จรูป
T-202317,2025-08-12,ผงซักฟอก
T-202318,2025-07-04,ขนมปัง
T-202318,2025-07-04,ชาเขียว
T-202318,2025-07-04,นมสด
T-202319,2025-09-11,กาแฟสด
T-202319,2025-09-11,ถุงพลาสติก
T-202319,2025-09-11,นมสด
T-202319,2025-09-11,น้ำดื่ม
T-202319,2025-09-11,บะหมี่กึ่งสำเร็จรูป
T-202320,2025-07-22,ถุงพลาสติก
T-202320,2025-07-22,นมสด
T-202320,2025-07-22,ผ้าอ้อม
T-202320,2025-07-22,ผ้าเช็ดทำความสะอาด
T-202321,2025-07-13,ขนมปัง
T-202321,2025-07-13,ถุงพลาสติก
T-202321,2025-07-13,น้ำดื่ม
T-202321,2025-07-13,ไข่ไก่
T-202322,2025-09-11,กาแฟสด
T-202322,2025-09-11,ถุงพลาสติก
T-202322,2025-09-11,นมสด
T-202322,2025-09-11,บะหมี่กึ่งสำเร็จรูป
T-202322,2025-09-11,มันฝรั่งทอด
T-202322,2025-09-11,แชมพู
T-202322,2025-09-11,ไข่ไก่
T-202323,2025-09-09,ถุงพลาสติก
T-202323,2025-09-09,นมสด
T-202323,2025-09-09,น้ำดื่ม
T-202324,2025-08-20,บะหมี่กึ่งสำเร็จรูป
T-202324,2025-08-20,ผงซักฟอก
T-202324,2025-08-20,แชมพู
T-202325,2025-09-25,ชาเขียว
T-202325,2025-09-25,ถุงพลาสติก
T-202325,2025-09-25,เบียร์
T-202326,2025-08-27,ขนมปัง
T-202326,2025-08-27,ถุงพลาสติก
T-202326,2025-08-27,ผงซักฟอก
T-202326,2025-08-27,ผ้าเช็ดทำความสะอาด
T-202326,2025-08-27,เบียร์
T-202327,2025-09-12,กาแฟสด
T-202327,2025-09-12,ถุงพลาสติก
T-202327,2025-09-12,นมสด
T-202327,2025-09-12,มันฝรั่งทอด
T-202328,2025-07-15,กาแฟสด
T-202328,2025-07-15,ขนมปัง
T-202328,2025-07-15,ถุงพลาสติก
T-202328,2025-07-15,เบียร์
T-202329,2025-07-29,ถุงพลาสติก
T-202329,2025-07-29,ผงซักฟอก
T-202330,2025-08-19,ขนมปัง
T-202330,2025-08-19,ชาเขียว
T-202330,2025-08-19,น้ำดื่ม
T-202330,2025-08-19,ผงซักฟอก
T-202330,2025-08-19,มันฝรั่งทอด
T-202331,2025-09-20,ขนมปัง
T-202331,2025-09-20,ชาเขียว
T-202331,2025-09-20,ถุงพลาสติก
T-202331,2025-09-20,เบียร์
T-202332,2025-08-17,ขนมปัง
T-202332,2025-08-17,ชาเขียว
T-202332,2025-08-17,น้ำดื่ม
T-202333,2025-07-09,ถุงพลาสติก
T-202333,2025-07-09,นมสด
T-202333,2025-07-09,ผงซักฟอก
T-202333,2025-07-09,ผ้าอ้อม
T-202333,2025-07-09,ผ้าเช็ดทำความสะอาด
T-202333,2025-07-09,เบียร์
T-202334,2025-08-27,ถุงพลาสติก
T-202334,2025-08-27,นมสด
T-202334,2025-08-27,น้ำดื่ม
T-202334,2025-08-27,ผ้าเช็ดทำความสะอาด
T-202335,2025-08-31,ถุงพลาสติก
T-202335,2025-08-31,ผงซักฟอก
T-202336,2025-08-13,ขนมปัง
T-202337,2025-07-06,ถุงพลาสติก
T-202338,2025-07-29,ชาเขียว
T-202338,2025-07-29,ถุงพลาสติก
T-202338,2025-07-29,นมสด
T-202338,2025-07-29,น้ำดื่ม
T-202338,2025-07-29,เบียร์
T-202338,2025-07-29,แชมพู
T-202339,2025-08-27,ขนมปัง
T-202339,2025-08-27,ชาเขียว
T-202339,2025-08-27,ถุงพลาสติก
T-202339,2025-08-27,บะหมี่กึ่งสำเร็จรูป
T-202340,2025-08-28,กาแฟสด
T-202340,2025-08-28,ถุงพลาสติก
T-202340,2025-08-28,นมสด
T-202340,2025-08-28,ผงซักฟอก
T-202340,2025-08-28,ไข่ไก่
T-202341,2025-08-28,ถุงพลาสติก
T-202341,2025-08-28,ไข่ไก่
T-202342,2025-08-14,กาแฟสด
T-202342,2025-08-14,ขนมปัง
T-202342,2025-08-14,ถุงพลาสติก
T-202342,2025-08-14,นมสด
T-202342,2025-08-14,น้ำดื่ม
T-202342,2025-08-14,บะหมี่กึ่งสำเร็จรูป
T-202342,2025-08-14,ผงซักฟอก
T-202343,2025-08-23,ชาเขียว
T-202343,2025-08-23,ไข่ไก่
T-202344,2025-09-22,ถุงพลาสติก
T-202344,2025-09-22,ไข่ไก่
T-202345,2025-08-28,ชาเขียว
T-202345,2025-08-28,ถุงพลาสติก
T-202345,2025-08-28,นมสด
T-202345,2025-08-28,น้ำดื่ม
T-202345,2025-08-28,ผ้าอ้อม
T-202345,2025-08-28,ผ้าเช็ดทำความสะอาด
T-202346,2025-07-22,ถุงพลาสติก
T-202346,2025-07-22,ผงซักฟอก
T-202347,2025-07-28,ขนมปัง
T-202347,2025-07-28,ชาเขียว
T-202347,2025-07-28,ถุงพลาสติก
T-202347,2025-07-28,น้ำดื่ม
T-202347,2025-07-28,ผงซักฟอก
T-202347,2025-07-28,ผ้าอ้อม
T-202347,2025-07-28,ผ้าเช็ดทำความสะอาด
T-202347,2025-07-28,เบียร์
T-202348,2025-08-23,ถุงพลาสติก
T-202349,2025-08-24,ขนมปัง
T-202349,2025-08-24,ชาเขียว
T-202349,2025-08-24,ถุงพลาสติก
T-202349,2025-08-24,นมสด
T-202350,2025-09-02,ชาเขียว
T-202350,2025-09-02,ถุงพลาสติก
T-202351,2025-09-14,ขนมปัง
T-202351,2025-09-14,ถุงพลาสติก
T-202351,2025-09-14,น้ำดื่ม
T-202351,2025-09-14,เบียร์
T-202352,2025-07-20,บะหมี่กึ่งสำเร็จรูป
T-202353,2025-09-06,กาแฟสด
T-202353,2025-09-06,ขนมปัง
T-202353,2025-09-06,ถุงพลาสติก
T-202353,2025-09-06,นมสด
T-202353,2025-09-06,น้ำดื่ม
T-202353,2025-09-06,เบียร์
T-202354,2025-09-04,กาแฟสด
T-202354,2025-09-04,ขนมปัง
T-202354,2025-09-04,ถุงพลาสติก
T-202354,2025-09-04,เบียร์
T-202354,2025-09-04,แชมพู
T-202355,2025-07-11,ถุงพลาสติก
T-202355,2025-07-11,นมสด
T-202355,2025-07-11,ผ้าอ้อม
T-202355,2025-07-11,ผ้าเช็ดทำความสะอาด
T-202355,2025-07-11,ไข่ไก่
T-202356,2025-08-14,กาแฟสด
T-202356,2025-08-14,น้ำดื่ม
T-202356,2025-08-14,ไข่ไก่
T-202357,2025-09-11,กาแฟสด
T-202357,2025-09-11,ขนมปัง
T-202357,2025-09-11,เบียร์
T-202358,2025-08-14,ขนมปัง
T-202358,2025-08-14,ชาเขียว
T-202358,2025-08-14,ถุงพลาสติก
T-202358,2025-08-14,เบียร์
T-202359,2025-09-18,ชาเขียว
T-202359,2025-09-18,ถุงพลาสติก
T-202359,2025-09-18,บะหมี่กึ่งสำเร็จรูป
T-202359,2025-09-18,ผ้าเช็ดทำความสะอาด
T-202359,2025-09-18,เบียร์
T-202359,2025-09-18,ไข่ไก่
T-202360,2025-07-13,ขนมปัง
T-202360,2025-07-13,ถุงพลาสติก
T-202360,2025-07-13,แชมพู
T-202361,2025-08-30,ชาเขียว
T-202361,2025-08-30,ถุงพลาสติก
T-202361,2025-08-30,บะหมี่กึ่งสำเร็จรูป
T-202361,2025-08-30,ผ้าอ้อม
T-202361,2025-08-30,ผ้าเช็ดทำความสะอาด
T-202362,2025-07-26,ชาเขียว
T-202362,2025-07-26,ถุงพลาสติก
T-202362,2025-07-26,นมสด
T-202362,2025-07-26,น้ำดื่ม
T-202363,2025-08-16,ถุงพลาสติก
T-202363,2025-08-16,ผ้าอ้อม
T-202363,2025-08-16,ผ้าเช็ดทำความสะอาด
T-202364,2025-09-14,ขนมปัง
T-202364,2025-09-14,ชาเขียว
T-202364,2025-09-14,ผ้าอ้อม
T-202364,2025-09-14,ผ้าเช็ดทำความสะอาด
T-202364,2025-09-14,เบียร์
T-202364,2025-09-14,ไข่ไก่
T-202365,2025-07-23,ชาเขียว
T-202365,2025-07-23,ถุงพลาสติก
T-202366,2025-07-07,ขนมปัง
T-202366,2025-07-07,ชาเขียว
T-202366,2025-07-07,ถุงพลาสติก
T-202366,2025-07-07,บะหมี่กึ่งสำเร็จรูป
T-202367,2025-09-07,ถุงพลาสติก
T-202367,2025-09-07,ผงซักฟอก
T-202367,2025-09-07,ผ้าอ้อม
T-202367,2025-09-07,ผ้าเช็ดทำความสะอาด
T-202367,2025-09-07,มันฝรั่งทอด
T-202367,2025-09-07,เบียร์
T-202368,2025-09-06,ชาเขียว
T-202368,2025-09-06,ถุงพลาสติก
T-202368,2025-09-06,เบียร์
T-202369,2025-09-05,ขนมปัง
T-202369,2025-09-05,ชาเขียว
T-202369,2025-09-05,ถุงพลาสติก
T-202369,2025-09-05,บะหมี่กึ่งสำเร็จรูป
T-202369,2025-09-05,ไข่ไก่
T-202370,2025-08-14,ชาเขียว
T-202370,2025-08-14,ถุงพลาสติก
T-202371,2025-09-19,ชาเขียว
T-202371,2025-09-19,นมสด
T-202371,2025-09-19,ผ้าอ้อม
T-202371,2025-09-19,ผ้าเช็ดทำความสะอาด
T-202371,2025-09-19,เบียร์
T-202372,2025-08-31,ขนมปัง
T-202372,2025-08-31,ถุงพลาสติก
T-202372,2025-08-31,น้ำดื่ม
T-202373,2025-08-02,ถุงพลาสติก
T-202373,2025-08-02,น้ำดื่ม
T-202373,2025-08-02,ผงซักฟอก
T-202374,2025-07-29,ถุงพลาสติก
T-202374,2025-07-29,มันฝรั่งทอด
T-202374,2025-07-29,เบียร์
T-202375,2025-08-28,ถุงพลาสติก
T-202375,2025-08-28,แชมพู
T-202376,2025-09-18,ถุงพลาสติก
T-202376,2025-09-18,แชมพู
T-202377,2025-09-15,ถุงพลาสติก
T-202378,2025-09-15,ถุงพลาสติก
T-202378,2025-09-15,น้ำดื่ม
T-202379,2025-07-06,น้ำดื่ม
T-202379,2025-07-06,ผ้าอ้อม
T-202379,2025-07-06,เบียร์
T-202380,2025-07-21,ชาเขียว
T-202380,2025-07-21,ถุงพลาสติก
T-202380,2025-07-21,นมสด
T-202380,2025-07-21,ผงซักฟอก
T-202380,2025-07-21,ผ้าอ้อม
T-202380,2025-07-21,มันฝรั่งทอด
T-202381,2025-09-09,ขนมปัง
T-202381,2025-09-09,ชาเขียว
T-202381,2025-09-09,ถุงพลาสติก
T-202381,2025-09-09,บะหมี่กึ่งสำเร็จรูป
T-202381,2025-09-09,มันฝรั่งทอด
T-202382,2025-07-01,ขนมปัง
T-202382,2025-07-01,ถุงพลาสติก
T-202382,2025-07-01,นมสด
T-202382,2025-07-01,เบียร์
T-202383,2025-08-09,ถุงพลาสติก
T-202384,2025-08-06,กาแฟสด
T-202384,2025-08-06,ถุงพลาสติก
T-202384,2025-08-06,น้ำดื่ม
T-202385,2025-07-07,ชาเขียว
T-202385,2025-07-07,ถุงพลาสติก
T-202385,2025-07-07,เบียร์
T-202386,2025-09-15,ขนมปัง
T-202386,2025-09-15,ชาเขียว
T-202386,2025-09-15,ถุงพลาสติก
T-202386,2025-09-15,มันฝรั่งทอด
T-202387,2025-09-15,กาแฟสด
T-202388,2025-09-26,กาแฟสด
T-202388,2025-09-26,ถุงพลาสติก
T-202388,2025-09-26,ไข่ไก่
T-202389,2025-07-09,กาแฟสด
T-202389,2025-07-09,ถุงพลาสติก
T-202389,2025-07-09,น้ำดื่ม
T-202389,2025-07-09,ไข่ไก่
T-202390,2025-08-09,ชาเขียว
T-202390,2025-08-09,ถุงพลาสติก
T-202390,2025-08-09,น้ำดื่ม
T-202390,2025-08-09,ผงซักฟอก
T-202391,2025-09-28,กาแฟสด
T-202391,2025-09-28,ผ้าเช็ดทำความสะอาด
T-202392,2025-08-22,ถุงพลาสติก
T-202393,2025-09-04,ถุงพลาสติก
T-202393,2025-09-04,มันฝรั่งทอด
T-202393,2025-09-04,แชมพู
T-202394,2025-09-09,ผงซักฟอก
T-202395,2025-07-03,ขนมปัง
T-202395,2025-07-03,ไข่ไก่
T-202396,2025-08-24,ถุงพลาสติก
T-202396,2025-08-24,ผงซักฟอก
T-202396,2025-08-24,ไข่ไก่
T-202397,2025-09-04,ชาเขียว
T-202397,2025-09-04,ถุงพลาสติก
T-202397,2025-09-04,ผงซักฟอก
T-202397,2025-09-04,แชมพู
T-202397,2025-09-04,ไข่ไก่
T-202398,2025-08-03,ถุงพลาสติก
T-202398,2025-08-03,น้ำดื่ม
T-202399,2025-09-20,ชาเขียว
T-202399,2025-09-20,ถุงพลาสติก
T-202399,2025-09-20,นมสด
T-202399,2025-09-20,บะหมี่กึ่งสำเร็จรูป
T-202399,2025-09-20,เบียร์
T-202399,2025-09-20,ไข่ไก่
T-202400,2025-07-17,ถุงพลาสติก
T-202400,2025-07-17,บะหมี่กึ่งสำเร็จรูป
T-202400,2025-07-17,ผ้าเช็ดทำความสะอาด
T-202400,2025-07-17,ไข่ไก่
T-202401,2025-09-25,กาแฟสด
T-202401,2025-09-25,ขนมปัง
T-202401,2025-09-25,นมสด
T-202401,2025-09-25,น้ำดื่ม
T-202402,2025-07-02,กาแฟสด
T-202402,2025-07-02,ถุงพลาสติก
T-202402,2025-07-02,น้ำดื่ม
T-202403,2025-07-29,ชาเขียว
T-202403,2025-07-29,ถุงพลาสติก
T-202403,2025-07-29,น้ำดื่ม
T-202403,2025-07-29,บะหมี่กึ่งสำเร็จรูป
T-202404,2025-07-31,ขนมปัง
T-202404,2025-07-31,ถุงพลาสติก
T-202404,2025-07-31,น้ำดื่ม
T-202404,2025-07-31,ผงซักฟอก
T-202405,2025-07-31,ชาเขียว
T-202406,2025-07-21,ถุงพลาสติก
T-202406,2025-07-21,ผงซักฟอก
T-202406,2025-07-21,มันฝรั่งทอด
T-202406,2025-07-21,เบียร์
T-202407,2025-07-03,ถุงพลาสติก
T-202407,2025-07-03,ผ้าอ้อม
T-202407,2025-07-03,ผ้าเช็ดทำความสะอาด
T-202408,2025-09-04,ถุงพลาสติก
T-202408,2025-09-04,น้ำดื่ม
T-202408,2025-09-04,ผงซักฟอก
T-202409,2025-07-26,ชาเขียว
T-202409,2025-07-26,ถุงพลาสติก
T-202409,2025-07-26,นมสด
T-202409,2025-07-26,ผงซักฟอก
T-202409,2025-07-26,เบียร์
T-202410,2025-07-05,ชาเขียว
T-202410,2025-07-05,ถุงพลาสติก
T-202410,2025-07-05,ผงซักฟอก
T-202410,2025-07-05,เบียร์
T-202411,2025-07-13,กาแฟสด
T-202411,2025-07-13,ถุงพลาสติก
T-202411,2025-07-13,บะหมี่กึ่งสำเร็จรูป
T-202411,2025-07-13,มันฝรั่งทอด
T-202412,2025-07-21,ถุงพลาสติก
T-202412,2025-07-21,มันฝรั่งทอด
T-202413,2025-08-31,กาแฟสด
T-202413,2025-08-31,ถุงพลาสติก
T-202413,2025-08-31,นมสด
T-202414,2025-09-11,ถุงพลาสติก
T-202414,2025-09-11,น้ำดื่ม
T-202414,2025-09-11,ไข่ไก่
T-202415,2025-07-26,ถุงพลาสติก
T-202415,2025-07-26,นมสด
T-202415,2025-07-26,น้ำดื่ม
T-202416,2025-09-01,ถุงพลาสติก
T-202416,2025-09-01,นมสด
T-202416,2025-09-01,แชมพู
T-202417,2025-08-24,ขนมปัง
T-202417,2025-08-24,บะหมี่กึ่งสำเร็จรูป
T-202418,2025-09-11,ขนมปัง
T-202418,2025-09-11,ถุงพลาสติก
T-202418,2025-09-11,นมสด
T-202418,2025-09-11,น้ำดื่ม
T-202418,2025-09-11,ผงซักฟอก
T-202419,2025-09-23,กาแฟสด
T-202419,2025-09-23,ถุงพลาสติก
T-202419,2025-09-23,ผงซักฟอก
T-202420,2025-08-28,ชาเขียว
T-202420,2025-08-28,เบียร์
T-202421,2025-09-13,กาแฟสด
T-202421,2025-09-13,ถุงพลาสติก
T-202421,2025-09-13,นมสด
T-202421,2025-09-13,มันฝรั่งทอด
T-202421,2025-09-13,ไข่ไก่
T-202422,2025-09-25,ถุงพลาสติก
T-202422,2025-09-25,ผงซักฟอก
T-202422,2025-09-25,ผ้าอ้อม
T-202422,2025-09-25,ผ้าเช็ดทำความสะอาด
T-202423,2025-07-21,ถุงพลาสติก
T-202423,2025-07-21,น้ำดื่ม
T-202423,2025-07-21,บะหมี่กึ่งสำเร็จรูป
T-202424,2025-07-20,น้ำดื่ม
T-202425,2025-07-07,ถุงพลาสติก
T-202426,2025-08-02,กาแฟสด
T-202426,2025-08-02,ถุงพลาสติก
T-202426,2025-08-02,แชมพู
T-202427,2025-07-13,ชาเขียว
T-202427,2025-07-13,ถุงพลาสติก
T-202428,2025-07-25,ขนมปัง
T-202428,2025-07-25,ถุงพลาสติก
T-202428,2025-07-25,น้ำดื่ม
T-202428,2025-07-25,เบียร์
T-202429,2025-08-22,กาแฟสด
T-202429,2025-08-22,ถุงพลาสติก
T-202429,2025-08-22,ไข่ไก่
T-202430,2025-07-11,ถุงพลาสติก
T-202430,2025-07-11,ผงซักฟอก
T-202431,2025-09-26,ชาเขียว
T-202432,2025-08-20,กาแฟสด
T-202432,2025-08-20,บะหมี่กึ่งสำเร็จรูป
T-202432,2025-08-20,ไข่ไก่
T-202433,2025-09-14,ขนมปัง
T-202433,2025-09-14,ชาเขียว
T-202433,2025-09-14,ถุงพลาสติก
T-202434,2025-08-07,กาแฟสด
T-202434,2025-08-07,ถุงพลาสติก
T-202434,2025-08-07,น้ำดื่ม
T-202434,2025-08-07,ผงซักฟอก
T-202435,2025-08-22,ถุงพลาสติก
T-202435,2025-08-22,เบียร์
T-202436,2025-07-10,กาแฟสด
T-202436,2025-07-10,ขนมปัง
T-202436,2025-07-10,น้ำดื่ม
T-202436,2025-07-10,เบียร์
T-202437,2025-08-19,กาแฟสด
T-202437,2025-08-19,น้ำดื่ม
T-202437,2025-08-19,ผ้าอ้อม
T-202437,2025-08-19,ผ้าเช็ดทำความสะอาด
T-202438,2025-07-05,ขนมปัง
T-202438,2025-07-05,น้ำดื่ม
T-202438,2025-07-05,บะหมี่กึ่งสำเร็จรูป
T-202439,2025-09-25,ถุงพลาสติก
T-202439,2025-09-25,มันฝรั่งทอด
T-202440,2025-09-07,ชาเขียว
T-202440,2025-09-07,ถุงพลาสติก
T-202440,2025-09-07,นมสด
T-202440,2025-09-07,บะหมี่กึ่งสำเร็จรูป
T-202440,2025-09-07,ผ้าอ้อม
T-202440,2025-09-07,ผ้าเช็ดทำความสะอาด
T-202440,2025-09-07,เบียร์
T-202441,2025-07-31,กาแฟสด
T-202441,2025-07-31,ขนมปัง
T-202441,2025-07-31,น้ำดื่ม
T-202442,2025-07-11,ขนมปัง
T-202442,2025-07-11,ถุงพลาสติก
T-202442,2025-07-11,นมสด
T-202442,2025-07-11,น้ำดื่ม
T-202442,2025-07-11,แชมพู
T-202443,2025-08-15,ขนมปัง
T-202443,2025-08-15,ถุงพลาสติก
T-202443,2025-08-15,นมสด
T-202443,2025-08-15,บะหมี่กึ่งสำเร็จรูป
T-202443,2025-08-15,ผงซักฟอก
T-202443,2025-08-15,มันฝรั่งทอด
T-202443,2025-08-15,แชมพู
T-202443,2025-08-15,ไข่ไก่
T-202444,2025-09-16,ถุงพลาสติก
T-202445,2025-07-26,กาแฟสด
T-202445,2025-07-26,นมสด
T-202445,2025-07-26,น้ำดื่ม
T-202446,2025-07-20,ชาเขียว
T-202446,2025-07-20,ถุงพลาสติก
T-202446,2025-07-20,มันฝรั่งทอด
T-202447,2025-08-09,ถุงพลาสติก
T-202447,2025-08-09,นมสด
T-202447,2025-08-09,มันฝรั่งทอด
T-202448,2025-07-21,ชาเขียว
T-202448,2025-07-21,ถุงพลาสติก
T-202448,2025-07-21,ไข่ไก่
T-202449,2025-09-07,กาแฟสด
T-202449,2025-09-07,นมสด
T-202449,2025-09-07,มันฝรั่งทอด
T-202449,2025-09-07,ไข่ไก่
T-202450,2025-08-22,ขนมปัง
T-202450,2025-08-22,ถุงพลาสติก
T-202450,2025-08-22,ผ้าเช็ดทำความสะอาด
T-202451,2025-07-07,ถุงพลาสติก
T-202451,2025-07-07,ผ้าเช็ดทำความสะอาด
T-202452,2025-08-16,ขนมปัง
T-202452,2025-08-16,ถุงพลาสติก
T-202453,2025-07-02,ถุงพลาสติก
T-202454,2025-07-23,ชาเขียว
T-202454,2025-07-23,ถุงพลาสติก
T-202454,2025-07-23,มันฝรั่งทอด
T-202455,2025-09-04,ขนมปัง
T-202455,2025-09-04,ถุงพลาสติก
T-202455,2025-09-04,น้ำดื่ม
T-202455,2025-09-04,บะหมี่กึ่งสำเร็จรูป
T-202455,2025-09-04,แชมพู
T-202456,2025-07-20,ชาเขียว
T-202456,2025-07-20,ถุงพลาสติก
T-202456,2025-07-20,นมสด
T-202456,2025-07-20,ไข่ไก่
T-202457,2025-09-12,กาแฟสด
T-202457,2025-09-12,ขนมปัง
T-202457,2025-09-12,ถุงพลาสติก
T-202457,2025-09-12,น้ำดื่ม
T-202458,2025-07-24,ถุงพลาสติก
T-202458,2025-07-24,นมสด
T-202458,2025-07-24,บะหมี่กึ่งสำเร็จรูป
T-202458,2025-07-24,แชมพู
T-202459,2025-07-31,ถุงพลาสติก
T-202460,2025-09-04,ชาเขียว
T-202460,2025-09-04,ถุงพลาสติก
T-202460,2025-09-04,บะหมี่กึ่งสำเร็จรูป
T-202461,2025-08-18,น้ำดื่ม
T-202462,2025-09-06,กาแฟสด
T-202462,2025-09-06,ถุงพลาสติก
T-202462,2025-09-06,น้ำดื่ม
T-202463,2025-08-09,ขนมปัง
T-202463,2025-08-09,ถุงพลาสติก
T-202463,2025-08-09,น้ำดื่ม
T-202463,2025-08-09,บะหมี่กึ่งสำเร็จรูป
T-202463,2025-08-09,มันฝรั่งทอด
T-202463,2025-08-09,ไข่ไก่
T-202464,2025-09-22,ถุงพลาสติก
T-202464,2025-09-22,นมสด
T-202465,2025-09-15,ขนมปัง
T-202465,2025-09-15,ถุงพลาสติก
T-202465,2025-09-15,บะหมี่กึ่งสำเร็จรูป
T-202465,2025-09-15,เบียร์
T-202466,2025-08-07,ถุงพลาสติก
T-202466,2025-08-07,น้ำดื่ม
T-202467,2025-07-29,ชาเขียว
T-202467,2025-07-29,ถุงพลาสติก
T-202467,2025-07-29,เบียร์
T-202468,2025-07-20,กาแฟสด
T-202468,2025-07-20,ถุงพลาสติก
T-202468,2025-07-20,เบียร์
T-202469,2025-08-14,ไข่ไก่
T-202470,2025-09-20,ขนมปัง
T-202470,2025-09-20,ถุงพลาสติก
T-202470,2025-09-20,บะหมี่กึ่งสำเร็จรูป
T-202470,2025-09-20,ไข่ไก่
T-202471,2025-08-10,ชาเขียว
T-202471,2025-08-10,ถุงพลาสติก
T-202471,2025-08-10,น้ำดื่ม
T-202471,2025-08-10,ผงซักฟอก
T-202472,2025-08-24,น้ำดื่ม
T-202473,2025-09-18,นมสด
T-202473,2025-09-18,เบียร์
T-202474,2025-07-15,ถุงพลาสติก
T-202474,2025-07-15,น้ำดื่ม
T-202475,2025-08-20,กาแฟสด
T-202475,2025-08-20,ถุงพลาสติก
T-202475,2025-08-20,น้ำดื่ม
T-202475,2025-08-20,ไข่ไก่
T-202476,2025-08-10,ถุงพลาสติก
T-202476,2025-08-10,นมสด
T-202476,2025-08-10,น้ำดื่ม
T-202476,2025-08-10,ผงซักฟอก
T-202476,2025-08-10,ผ้าอ้อม
T-202476,2025-08-10,เบียร์
T-202477,2025-09-11,กาแฟสด
T-202477,2025-09-11,น้ำดื่ม
T-202477,2025-09-11,บะหมี่กึ่งสำเร็จรูป
T-202478,2025-09-03,ชาเขียว
T-202478,2025-09-03,ถุงพลาสติก
T-202478,2025-09-03,น้ำดื่ม
T-202478,2025-09-03,บะหมี่กึ่งสำเร็จรูป
T-202478,2025-09-03,มันฝรั่งทอด
T-202478,2025-09-03,ไข่ไก่
T-202479,2025-09-22,น้ำดื่ม
T-202480,2025-09-02,กาแฟสด
T-202480,2025-09-02,ถุงพลาสติก
T-202480,2025-09-02,ผ้าเช็ดทำความสะอาด
T-202480,2025-09-02,เบียร์
T-202481,2025-09-21,นมสด
T-202481,2025-09-21,น้ำดื่ม
T-202482,2025-08-01,ถุงพลาสติก
T-202483,2025-07-04,ชาเขียว
T-202483,2025-07-04,ถุงพลาสติก
T-202483,2025-07-04,น้ำดื่ม
T-202483,2025-07-04,ผงซักฟอก
T-202484,2025-08-08,ขนมปัง
T-202484,2025-08-08,ถุงพลาสติก
T-202484,2025-08-08,ผงซักฟอก
T-202485,2025-09-16,ขนมปัง
T-202485,2025-09-16,ถุงพลาสติก
T-202485,2025-09-16,ผ้าอ้อม
T-202485,2025-09-16,ผ้าเช็ดทำความสะอาด
T-202485,2025-09-16,เบียร์
T-202485,2025-09-16,แชมพู
T-202485,2025-09-16,ไข่ไก่
T-202486,2025-09-08,กาแฟสด
T-202486,2025-09-08,ถุงพลาสติก
T-202486,2025-09-08,ผ้าอ้อม
T-202486,2025-09-08,ผ้าเช็ดทำความสะอาด
T-202487,2025-09-27,กาแฟสด
T-202487,2025-09-27,ขนมปัง
T-202487,2025-09-27,น้ำดื่ม
T-202487,2025-09-27,เบียร์
T-202488,2025-09-21,ถุงพลาสติก
T-202488,2025-09-21,บะหมี่กึ่งสำเร็จรูป
T-202488,2025-09-21,เบียร์
T-202489,2025-08-19,ถุงพลาสติก
T-202489,2025-08-19,นมสด
T-202489,2025-08-19,มันฝรั่งทอด
T-202490,2025-07-23,ขนมปัง
T-202490,2025-07-23,ถุงพลาสติก
T-202490,2025-07-23,น้ำดื่ม
T-202490,2025-07-23,ผ้าเช็ดทำความสะอาด
T-202491,2025-07-10,กาแฟสด
T-202491,2025-07-10,ถุงพลาสติก
T-202491,2025-07-10,ผ้าอ้อม
T-202491,2025-07-10,เบียร์
T-202492,2025-07-23,ขนมปัง
T-202492,2025-07-23,ชาเขียว
T-202493,2025-08-25,กาแฟสด
T-202493,2025-08-25,ขนมปัง
T-202493,2025-08-25,ถุงพลาสติก
T-202493,2025-08-25,มันฝรั่งทอด
T-202494,2025-07-12,ขนมปัง
T-202494,2025-07-12,ถุงพลาสติก
T-202494,2025-07-12,ไข่ไก่
T-202495,2025-07-23,ขนมปัง
T-202495,2025-07-23,ชาเขียว
T-202495,2025-07-23,ถุงพลาสติก
T-202495,2025-07-23,น้ำดื่ม
T-202496,2025-08-31,ขนมปัง
T-202496,2025-08-31,ถุงพลาสติก
T-202496,2025-08-31,ไข่ไก่
T-202497,2025-09-26,ถุงพลาสติก
T-202498,2025-08-31,ชาเขียว
T-202498,2025-08-31,ถุงพลาสติก
T-202499,2025-08-02,ถุงพลาสติก
T-202499,2025-08-02,บะหมี่กึ่งสำเร็จรูป
T-202499,2025-08-02,เบียร์
T-202499,2025-08-02,แชมพู
T-202500,2025-07-10,กาแฟสด
T-202500,2025-07-10,ถุงพลาสติก
T-202500,2025-07-10,ผงซักฟอก
T-202501,2025-07-24,ถุงพลาสติก
T-202501,2025-07-24,บะหมี่กึ่งสำเร็จรูป
T-202501,2025-07-24,ผงซักฟอก
T-202501,2025-07-24,เบียร์
T-202502,2025-07-15,กาแฟสด
T-202502,2025-07-15,ถุงพลาสติก
T-202502,2025-07-15,น้ำดื่ม
T-202503,2025-07-22,ขนมปัง
T-202503,2025-07-22,ถุงพลาสติก
T-202503,2025-07-22,ไข่ไก่
T-202504,2025-08-01,ถุงพลาสติก
T-202505,2025-09-10,ขนมปัง
T-202505,2025-09-10,ถุงพลาสติก
T-202505,2025-09-10,นมสด
T-202505,2025-09-10,น้ำดื่ม
T-202505,2025-09-10,บะหมี่กึ่งสำเร็จรูป
T-202506,2025-09-21,ชาเขียว
T-202506,2025-09-21,ถุงพลาสติก
T-202506,2025-09-21,เบียร์
T-202507,2025-08-11,ขนมปัง
T-202507,2025-08-11,ชาเขียว
T-202507,2025-08-11,ถุงพลาสติก
T-202507,2025-08-11,นมสด
T-202507,2025-08-11,น้ำดื่ม
T-202507,2025-08-11,แชมพู
T-202508,2025-09-14,ถุงพลาสติก
T-202509,2025-09-13,กาแฟสด
T-202509,2025-09-13,ถุงพลาสติก
T-202510,2025-07-05,ขนมปัง
T-202510,2025-07-05,ถุงพลาสติก
T-202510,2025-07-05,เบียร์
T-202511,2025-08-11,กาแฟสด
T-202511,2025-08-11,ขนมปัง
T-202511,2025-08-11,ถุงพลาสติก
T-202511,2025-08-11,นมสด
T-202511,2025-08-11,น้ำดื่ม
T-202511,2025-08-11,มันฝรั่งทอด
T-202511,2025-08-11,ไข่ไก่
T-202512,2025-07-16,ถุงพลาสติก
T-202513,2025-08-15,แชมพู
T-202514,2025-08-30,ชาเขียว
T-202514,2025-08-30,บะหมี่กึ่งสำเร็จรูป
T-202514,2025-08-30,ไข่ไก่
T-202515,2025-07-07,ถุงพลาสติก
T-202516,2025-08-18,ถุงพลาสติก
T-202517,2025-09-27,ถุงพลาสติก
T-202517,2025-09-27,ผ้าอ้อม
T-202517,2025-09-27,เบียร์
T-202518,2025-07-06,ขนมปัง
T-202518,2025-07-06,ถุงพลาสติก
T-202518,2025-07-06,นมสด
T-202518,2025-07-06,ไข่ไก่
T-202519,2025-08-04,ชาเขียว
T-202519,2025-08-04,ถุงพลาสติก
T-202519,2025-08-04,นมสด
T-202520,2025-09-20,กาแฟสด
T-202520,2025-09-20,ถุงพลาสติก
T-202520,2025-09-20,น้ำดื่ม
T-202520,2025-09-20,เบียร์
T-202521,2025-08-15,ขนมปัง
T-202521,2025-08-15,ชาเขียว
T-202521,2025-08-15,ถุงพลาสติก
T-202521,2025-08-15,น้ำดื่ม
T-202522,2025-09-23,ถุงพลาสติก
T-202522,2025-09-23,บะหมี่กึ่งสำเร็จรูป
T-202522,2025-09-23,ผงซักฟอก
T-202522,2025-09-23,ไข่ไก่
T-202523,2025-09-12,กาแฟสด
T-202523,2025-09-12,ขนมปัง
T-202523,2025-09-12,ถุงพลาสติก
T-202523,2025-09-12,น้ำดื่ม
T-202524,2025-07-26,ถุงพลาสติก
T-202524,2025-07-26,น้ำดื่ม
T-202524,2025-07-26,ผ้าอ้อม
T-202524,2025-07-26,ผ้าเช็ดทำความสะอาด
T-202524,2025-07-26,มันฝรั่งทอด
T-202524,2025-07-26,เบียร์
T-202525,2025-09-07,ถุงพลาสติก
T-202525,2025-09-07,นมสด
T-202525,2025-09-07,บะหมี่กึ่งสำเร็จรูป
T-202525,2025-09-07,ผ้าเช็ดทำความสะอาด
T-202525,2025-09-07,มันฝรั่งทอด
T-202526,2025-07-05,น้ำดื่ม
T-202526,2025-07-05,ผงซักฟอก
T-202527,2025-08-02,กาแฟสด
T-202527,2025-08-02,ถุงพลาสติก
T-202528,2025-09-06,ขนมปัง
T-202528,2025-09-06,ถุงพลาสติก
T-202528,2025-09-06,น้ำดื่ม
T-202528,2025-09-06,ไข่ไก่
T-202529,2025-09-03,กาแฟสด
T-202530,2025-08-07,ชาเขียว
T-202530,2025-08-07,ถุงพลาสติก
T-202530,2025-08-07,เบียร์
T-202530,2025-08-07,แชมพู
T-202531,2025-07-06,ถุงพลาสติก
T-202531,2025-07-06,นมสด
T-202531,2025-07-06,บะหมี่กึ่งสำเร็จรูป
T-202531,2025-07-06,ผ้าอ้อม
T-202531,2025-07-06,ผ้าเช็ดทำความสะอาด
T-202532,2025-07-01,ขนมปัง
T-202533,2025-09-10,ผ้าอ้อม
T-202534,2025-07-05,ขนมปัง
T-202534,2025-07-05,ถุงพลาสติก
T-202535,2025-08-03,ชาเขียว
T-202535,2025-08-03,ถุงพลาสติก
T-202535,2025-08-03,นมสด
T-202535,2025-08-03,เบียร์
T-202536,2025-08-12,กาแฟสด
T-202536,2025-08-12,ถุงพลาสติก
T-202536,2025-08-12,ผ้าอ้อม
T-202536,2025-08-12,ผ้าเช็ดทำความสะอาด
T-202536,2025-08-12,เบียร์
T-202537,2025-07-11,กาแฟสด
T-202537,2025-07-11,ถุงพลาสติก
T-202537,2025-07-11,น้ำดื่ม
T-202537,2025-07-11,ไข่ไก่
T-202538,2025-08-25,ขนมปัง
T-202538,2025-08-25,ถุงพลาสติก
T-202539,2025-08-18,ถุงพลาสติก
T-202539,2025-08-18,น้ำดื่ม
T-202539,2025-08-18,ไข่ไก่
T-202540,2025-08-29,ถุงพลาสติก
T-202541,2025-07-26,นมสด
T-202541,2025-07-26,บะหมี่กึ่งสำเร็จรูป
T-202541,2025-07-26,เบียร์
T-202542,2025-08-25,ถุงพลาสติก
T-202542,2025-08-25,ไข่ไก่
T-202543,2025-09-23,กาแฟสด
T-202543,2025-09-23,ถุงพลาสติก
T-202543,2025-09-23,น้ำดื่ม
T-202543,2025-09-23,มันฝรั่งทอด
T-202543,2025-09-23,เบียร์
T-202544,2025-07-27,ถุงพลาสติก
T-202545,2025-09-18,กาแฟสด
T-202545,2025-09-18,ถุงพลาสติก
T-202545,2025-09-18,นมสด
T-202545,2025-09-18,ผ้าเช็ดทำความสะอาด
T-202545,2025-09-18,เบียร์
T-202546,2025-08-30,ถุงพลาสติก
T-202546,2025-08-30,ผ้าเช็ดทำความสะอาด
T-202547,2025-09-07,ขนมปัง
T-202547,2025-09-07,ชาเขียว
T-202547,2025-09-07,ถุงพลาสติก
T-202547,2025-09-07,แชมพู
T-202548,2025-09-16,ถุงพลาสติก
T-202548,2025-09-16,นมสด
T-202548,2025-09-16,ผ้าเช็ดทำความสะอาด
T-202548,2025-09-16,มันฝรั่งทอด
T-202548,2025-09-16,แชมพู
T-202549,2025-08-19,ถุงพลาสติก
T-202550,2025-09-08,ถุงพลาสติก
T-202550,2025-09-08,น้ำดื่ม
T-202550,2025-09-08,บะหมี่กึ่งสำเร็จรูป
T-202550,2025-09-08,แชมพู
T-202551,2025-08-10,ถุงพลาสติก
T-202551,2025-08-10,นมสด
T-202551,2025-08-10,น้ำดื่ม
T-202551,2025-08-10,ผ้าอ้อม
T-202551,2025-08-10,ผ้าเช็ดทำความสะอาด
T-202551,2025-08-10,มันฝรั่งทอด
T-202551,2025-08-10,เบียร์
T-202552,2025-08-09,ถุงพลาสติก
T-202552,2025-08-09,บะหมี่กึ่งสำเร็จรูป
T-202552,2025-08-09,ผ้าเช็ดทำความสะอาด
T-202553,2025-08-07,น้ำดื่ม
T-202554,2025-07-23,ถุงพลาสติก
T-202554,2025-07-23,ผงซักฟอก
T-202555,2025-09-06,กาแฟสด
T-202555,2025-09-06,ถุงพลาสติก
T-202555,2025-09-06,นมสด
T-202555,2025-09-06,บะหมี่กึ่งสำเร็จรูป
T-202555,2025-09-06,มันฝรั่งทอด
T-202555,2025-09-06,เบียร์
T-202556,2025-08-03,กาแฟสด
T-202556,2025-08-03,ถุงพลาสติก
T-202556,2025-08-03,ผ้าเช็ดทำความสะอาด
T-202557,2025-07-25,ถุงพลาสติก
T-202557,2025-07-25,นมสด
T-202558,2025-07-28,ขนมปัง
T-202558,2025-07-28,ถุงพลาสติก
T-202558,2025-07-28,นมสด
T-202559,2025-08-04,ขนมปัง
T-202559,2025-08-04,ถุงพลาสติก
T-202559,2025-08-04,นมสด
T-202559,2025-08-04,น้ำดื่ม
T-202559,2025-08-04,ผงซักฟอก
T-202560,2025-08-28,ชาเขียว
T-202560,2025-08-28,ถุงพลาสติก
T-202560,2025-08-28,นมสด
T-202561,2025-09-24,น้ำดื่ม
T-202562,2025-08-21,ถุงพลาสติก
T-202562,2025-08-21,นมสด
T-202562,2025-08-21,น้ำดื่ม
T-202562,2025-08-21,บะหมี่กึ่งสำเร็จรูป
T-202563,2025-07-07,ชาเขียว
T-202563,2025-07-07,ถุงพลาสติก
T-202564,2025-08-20,ถุงพลาสติก
T-202564,2025-08-20,เบียร์
T-202564,2025-08-20,แชมพู
T-202565,2025-08-24,ชาเขียว
T-202565,2025-08-24,ถุงพลาสติก
T-202566,2025-08-31,ถุงพลาสติก
T-202566,2025-08-31,แชมพู
T-202567,2025-07-04,ชาเขียว
T-202567,2025-07-04,ถุงพลาสติก
T-202567,2025-07-04,ผ้าอ้อม
T-202567,2025-07-04,ผ้าเช็ดทำความสะอาด
T-202567,2025-07-04,เบียร์
T-202568,2025-07-12,นมสด
T-202568,2025-07-12,น้ำดื่ม
T-202568,2025-07-12,เบียร์
T-202568,2025-07-12,แชมพู
T-202569,2025-07-18,ถุงพลาสติก
T-202570,2025-08-23,ชาเขียว
T-202570,2025-08-23,ถุงพลาสติก
T-202570,2025-08-23,นมสด
T-202570,2025-08-23,บะหมี่กึ่งสำเร็จรูป
T-202570,2025-08-23,ผ้าเช็ดทำความสะอาด
T-202571,2025-08-28,ชาเขียว
T-202571,2025-08-28,มันฝรั่งทอด
T-202572,2025-08-06,ขนมปัง
T-202572,2025-08-06,ชาเขียว
T-202572,2025-08-06,ถุงพลาสติก
T-202572,2025-08-06,น้ำดื่ม
T-202572,2025-08-06,แชมพู
T-202573,2025-09-19,ถุงพลาสติก
T-202574,2025-08-01,ชาเขียว
T-202574,2025-08-01,ถุงพลาสติก
T-202574,2025-08-01,น้ำดื่ม
T-202574,2025-08-01,มันฝรั่งทอด
T-202574,2025-08-01,ไข่ไก่
T-202575,2025-08-11,ถุงพลาสติก
T-202575,2025-08-11,มันฝรั่งทอด
T-202576,2025-08-30,กาแฟสด
T-202576,2025-08-30,ถุงพลาสติก
T-202576,2025-08-30,นมสด
T-202576,2025-08-30,น้ำดื่ม
T-202576,2025-08-30,เบียร์
T-202577,2025-08-23,กาแฟสด
T-202577,2025-08-23,ถุงพลาสติก
T-202577,2025-08-23,นมสด
T-202577,2025-08-23,ผ้าเช็ดทำความสะอาด
T-202578,2025-08-25,ถุงพลาสติก
T-202578,2025-08-25,นมสด
T-202578,2025-08-25,ผงซักฟอก
T-202579,2025-09-08,ถุงพลาสติก
T-202579,2025-09-08,บะหมี่กึ่งสำเร็จรูป
T-202579,2025-09-08,ผ้าอ้อม
T-202579,2025-09-08,ผ้าเช็ดทำความสะอาด
T-202580,2025-09-18,ถุงพลาสติก
T-202580,2025-09-18,น้ำดื่ม
T-202580,2025-09-18,เบียร์
T-202581,2025-09-11,ขนมปัง
T-202581,2025-09-11,ถุงพลาสติก
T-202581,2025-09-11,น้ำดื่ม
T-202582,2025-07-20,ขนมปัง
T-202582,2025-07-20,ถุงพลาสติก
T-202582,2025-07-20,บะหมี่กึ่งสำเร็จรูป
T-202582,2025-07-20,มันฝรั่งทอด
T-202583,2025-08-17,ถุงพลาสติก
T-202583,2025-08-17,น้ำดื่ม
T-202583,2025-08-17,ผงซักฟอก
T-202584,2025-08-06,ถุงพลาสติก
T-202584,2025-08-06,น้ำดื่ม
T-202584,2025-08-06,ผ้าอ้อม
T-202584,2025-08-06,เบียร์
T-202584,2025-08-06,แชมพู
T-202585,2025-08-08,น้ำดื่ม
T-202585,2025-08-08,เบียร์
T-202585,2025-08-08,ไข่ไก่
T-202586,2025-08-27,กาแฟสด
T-202586,2025-08-27,ขนมปัง
T-202586,2025-08-27,ถุงพลาสติก
T-202586,2025-08-27,บะหมี่กึ่งสำเร็จรูป
T-202587,2025-07-29,ถุงพลาสติก
T-202588,2025-09-05,ถุงพลาสติก
T-202588,2025-09-05,น้ำดื่ม
T-202588,2025-09-05,เบียร์
T-202589,2025-07-18,ถุงพลาสติก
T-202589,2025-07-18,นมสด
T-202589,2025-07-18,น้ำดื่ม
T-202589,2025-07-18,มันฝรั่งทอด
T-202590,2025-08-13,ขนมปัง
T-202590,2025-08-13,ผงซักฟอก
T-202591,2025-07-26,ชาเขียว
T-202591,2025-07-26,ถุงพลาสติก
T-202591,2025-07-26,มันฝรั่งทอด
T-202592,2025-07-29,ชาเขียว
T-202592,2025-07-29,ไข่ไก่
T-202593,2025-08-13,ถุงพลาสติก
T-202593,2025-08-13,นมสด
T-202593,2025-08-13,บะหมี่กึ่งสำเร็จรูป
T-202593,2025-08-13,ผงซักฟอก
T-202594,2025-07-10,ถุงพลาสติก
T-202595,2025-07-08,กาแฟสด
T-202595,2025-07-08,ถุงพลาสติก
T-202595,2025-07-08,ผงซักฟอก
T-202595,2025-07-08,มันฝรั่งทอด
T-202595,2025-07-08,แชมพู
T-202596,2025-08-11,ถุงพลาสติก
T-202596,2025-08-11,น้ำดื่ม
T-202597,2025-09-20,ชาเขียว
T-202597,2025-09-20,ถุงพลาสติก
T-202597,2025-09-20,น้ำดื่ม
T-202597,2025-09-20,เบียร์
T-202598,2025-07-13,ขนมปัง
T-202598,2025-07-13,ผ้าอ้อม
T-202598,2025-07-13,ผ้าเช็ดทำความสะอาด
T-202598,2025-07-13,เบียร์
T-202598,2025-07-13,แชมพู
T-202599,2025-07-12,ถุงพลาสติก
T-202599,2025-07-12,ผ้าเช็ดทำความสะอาด
T-202599,2025-07-12,เบียร์
T-202599,2025-07-12,แชมพู
T-202599,2025-07-12,ไข่ไก่
T-202600,2025-08-01,กาแฟสด
T-202600,2025-08-01,ถุงพลาสติก
T-202600,2025-08-01,น้ำดื่ม
T-202600,2025-08-01,บะหมี่กึ่งสำเร็จรูป
T-202601,2025-08-11,ถุงพลาสติก
T-202601,2025-08-11,ผ้าเช็ดทำความสะอาด
T-202601,2025-08-11,แชมพู
T-202602,2025-08-08,ถุงพลาสติก
T-202602,2025-08-08,ผ้าอ้อม
T-202602,2025-08-08,ผ้าเช็ดทำความสะอาด
T-202602,2025-08-08,ไข่ไก่
T-202603,2025-07-06,กาแฟสด
T-202603,2025-07-06,ถุงพลาสติก
T-202603,2025-07-06,ผงซักฟอก
T-202603,2025-07-06,ผ้าเช็ดทำความสะอาด
T-202603,2025-07-06,มันฝรั่งทอด
T-202604,2025-07-19,ชาเขียว
T-202604,2025-07-19,ถุงพลาสติก
T-202604,2025-07-19,นมสด
T-202604,2025-07-19,น้ำดื่ม
T-202605,2025-07-14,กาแฟสด
T-202605,2025-07-14,ขนมปัง
T-202605,2025-07-14,ถุงพลาสติก
T-202605,2025-07-14,ผ้าเช็ดทำความสะอาด
T-202606,2025-08-10,ถุงพลาสติก
T-202607,2025-09-15,นมสด
T-202607,2025-09-15,บะหมี่กึ่งสำเร็จรูป
T-202608,2025-09-02,ถุงพลาสติก
T-202608,2025-09-02,บะหมี่กึ่งสำเร็จรูป
T-202609,2025-09-05,ขนมปัง
T-202609,2025-09-05,ถุงพลาสติก
T-202609,2025-09-05,นมสด
T-202609,2025-09-05,ไข่ไก่
T-202610,2025-09-07,ถุงพลาสติก
T-202610,2025-09-07,น้ำดื่ม
T-202610,2025-09-07,ผ้าเช็ดทำความสะอาด
T-202611,2025-07-18,ถุงพลาสติก
T-202611,2025-07-18,น้ำดื่ม
T-202611,2025-07-18,มันฝรั่งทอด
T-202612,2025-07-19,ขนมปัง
T-202612,2025-07-19,ถุงพลาสติก
T-202612,2025-07-19,บะหมี่กึ่งสำเร็จรูป
T-202613,2025-08-23,นมสด
T-202614,2025-07-19,ถุงพลาสติก
T-202614,2025-07-19,นมสด
T-202614,2025-07-19,น้ำดื่ม
T-202614,2025-07-19,ผ้าอ้อม
T-202614,2025-07-19,ผ้าเช็ดทำความสะอาด
T-202614,2025-07-19,เบียร์
T-202615,2025-08-21,น้ำดื่ม
T-202615,2025-08-21,มันฝรั่งทอด
T-202616,2025-07-08,ผ้าอ้อม
T-202616,2025-07-08,ผ้าเช็ดทำความสะอาด
T-202616,2025-07-08,ไข่ไก่
T-202617,2025-07-22,กาแฟสด
T-202617,2025-07-22,ถุงพลาสติก
T-202617,2025-07-22,นมสด
T-202617,2025-07-22,น้ำดื่ม
T-202617,2025-07-22,บะหมี่กึ่งสำเร็จรูป
T-202618,2025-08-06,ขนมปัง
T-202618,2025-08-06,ถุงพลาสติก
T-202618,2025-08-06,นมสด
T-202618,2025-08-06,ผงซักฟอก
T-202619,2025-07-05,ชาเขียว
T-202619,2025-07-05,ถุงพลาสติก
T-202619,2025-07-05,นมสด
T-202619,2025-07-05,ผ้าเช็ดทำความสะอาด
T-202619,2025-07-05,แชมพู
T-202619,2025-07-05,ไข่ไก่
T-202620,2025-08-22,ถุงพลาสติก
T-202620,2025-08-22,ไข่ไก่
T-202621,2025-08-17,ถุงพลาสติก
T-202622,2025-09-15,ถุงพลาสติก
T-202622,2025-09-15,น้ำดื่ม
T-202622,2025-09-15,แชมพู
T-202623,2025-08-04,ถุงพลาสติก
T-202623,2025-08-04,นมสด
T-202623,2025-08-04,แชมพู
T-202624,2025-09-02,ชาเขียว
T-202624,2025-09-02,เบียร์
T-202625,2025-09-02,ขนมปัง
T-202625,2025-09-02,ถุงพลาสติก
T-202626,2025-08-03,กาแฟสด
T-202626,2025-08-03,เบียร์
T-202627,2025-08-08,ถุงพลาสติก
T-202627,2025-08-08,ไข่ไก่
T-202628,2025-07-26,ถุงพลาสติก
T-202628,2025-07-26,น้ำดื่ม
T-202628,2025-07-26,มันฝรั่งทอด
T-202629,2025-08-04,กาแฟสด
T-202629,2025-08-04,ถุงพลาสติก
T-202629,2025-08-04,นมสด
T-202630,2025-07-19,ถุงพลาสติก
T-202630,2025-07-19,น้ำดื่ม
T-202630,2025-07-19,ผงซักฟอก
T-202631,2025-07-20,แชมพู
T-202632,2025-08-05,ชาเขียว
T-202632,2025-08-05,น้ำดื่ม
T-202633,2025-08-03,ขนมปัง
T-202633,2025-08-03,ถุงพลาสติก
T-202633,2025-08-03,ไข่ไก่
T-202634,2025-07-17,ถุงพลาสติก
T-202634,2025-07-17,มันฝรั่งทอด
T-202634,2025-07-17,ไข่ไก่
T-202635,2025-09-10,นมสด
T-202635,2025-09-10,น้ำดื่ม
T-202636,2025-08-27,ถุงพลาสติก
T-202636,2025-08-27,นมสด
T-202636,2025-08-27,น้ำดื่ม
T-202637,2025-07-14,ขนมปัง
T-202637,2025-07-14,ถุงพลาสติก
T-202637,2025-07-14,ผงซักฟอก
T-202638,2025-08-07,ถุงพลาสติก
T-202638,2025-08-07,นมสด
T-202638,2025-08-07,น้ำดื่ม
T-202638,2025-08-07,บะหมี่กึ่งสำเร็จรูป
T-202639,2025-07-17,ขนมปัง
T-202639,2025-07-17,ถุงพลาสติก
T-202639,2025-07-17,ผ้าเช็ดทำความสะอาด
T-202639,2025-07-17,แชมพู
T-202639,2025-07-17,ไข่ไก่
T-202640,2025-09-10,ถุงพลาสติก
T-202641,2025-08-27,ถุงพลาสติก
T-202642,2025-09-02,ขนมปัง
T-202642,2025-09-02,น้ำดื่ม
T-202642,2025-09-02,ไข่ไก่
T-202643,2025-09-16,ถุงพลาสติก
T-202643,2025-09-16,น้ำดื่ม
T-202643,2025-09-16,บะหมี่กึ่งสำเร็จรูป
T-202644,2025-07-20,ถุงพลาสติก
T-202644,2025-07-20,บะหมี่กึ่งสำเร็จรูป
T-202644,2025-07-20,ผงซักฟอก
T-202645,2025-07-07,ถุงพลาสติก
T-202645,2025-07-07,ไข่ไก่
T-202646,2025-09-25,กาแฟสด
T-202646,2025-09-25,ถุงพลาสติก
T-202646,2025-09-25,นมสด
T-202647,2025-09-26,กาแฟสด
T-202647,2025-09-26,มันฝรั่งทอด
T-202648,2025-07-14,ถุงพลาสติก
T-202648,2025-07-14,ผงซักฟอก
T-202648,2025-07-14,ไข่ไก่
T-202649,2025-07-04,ชาเขียว
T-202649,2025-07-04,ถุงพลาสติก
T-202649,2025-07-04,เบียร์
T-202649,2025-07-04,ไข่ไก่
T-202650,2025-08-09,ขนมปัง
T-202650,2025-08-09,ถุงพลาสติก
T-202650,2025-08-09,นมสด
T-202650,2025-08-09,น้ำดื่ม
T-202650,2025-08-09,ผงซักฟอก
T-202651,2025-07-31,กาแฟสด
T-202651,2025-07-31,ถุงพลาสติก
T-202651,2025-07-31,ไข่ไก่
T-202652,2025-07-15,น้ำดื่ม
T-202652,2025-07-15,ไข่ไก่
T-202653,2025-07-20,ถุงพลาสติก
T-202653,2025-07-20,ไข่ไก่
T-202654,2025-07-08,ถุงพลาสติก
T-202654,2025-07-08,แชมพู
T-202654,2025-07-08,ไข่ไก่
T-202655,2025-08-04,ถุงพลาสติก
T-202655,2025-08-04,น้ำดื่ม
T-202655,2025-08-04,บะหมี่กึ่งสำเร็จรูป
T-202656,2025-08-25,ชาเขียว
T-202656,2025-08-25,ถุงพลาสติก
T-202656,2025-08-25,น้ำดื่ม
T-202656,2025-08-25,ผงซักฟอก
T-202656,2025-08-25,มันฝรั่งทอด
T-202656,2025-08-25,ไข่ไก่
T-202657,2025-07-12,ถุงพลาสติก
T-202657,2025-07-12,น้ำดื่ม
T-202657,2025-07-12,บะหมี่กึ่งสำเร็จรูป
T-202657,2025-07-12,ไข่ไก่
T-202658,2025-08-12,นมสด
T-202658,2025-08-12,น้ำดื่ม
T-202659,2025-09-18,ถุงพลาสติก
T-202659,2025-09-18,นมสด
T-202660,2025-09-26,ถุงพลาสติก
T-202660,2025-09-26,นมสด
T-202660,2025-09-26,ผ้าอ้อม
T-202660,2025-09-26,ผ้าเช็ดทำความสะอาด
T-202660,2025-09-26,เบียร์
T-202661,2025-08-15,บะหมี่กึ่งสำเร็จรูป
T-202661,2025-08-15,ผ้าอ้อม
T-202661,2025-08-15,ผ้าเช็ดทำความสะอาด
T-202662,2025-08-14,ถุงพลาสติก
T-202662,2025-08-14,นมสด
T-202662,2025-08-14,น้ำดื่ม
T-202663,2025-07-05,กาแฟสด
T-202663,2025-07-05,ถุงพลาสติก
T-202663,2025-07-05,บะหมี่กึ่งสำเร็จรูป
T-202663,2025-07-05,เบียร์
T-202664,2025-09-05,ชาเขียว
T-202664,2025-09-05,ถุงพลาสติก
T-202664,2025-09-05,บะหมี่กึ่งสำเร็จรูป
T-202665,2025-09-15,ถุงพลาสติก
T-202665,2025-09-15,นมสด
T-202665,2025-09-15,ผงซักฟอก
T-202666,2025-07-17,ชาเขียว
T-202666,2025-07-17,ถุงพลาสติก
T-202666,2025-07-17,แชมพู
T-202667,2025-09-03,ขนมปัง
T-202667,2025-09-03,ถุงพลาสติก
T-202667,2025-09-03,น้ำดื่ม
T-202668,2025-09-22,ชาเขียว
T-202668,2025-09-22,บะหมี่กึ่งสำเร็จรูป
T-202669,2025-09-26,ขนมปัง
T-202670,2025-07-30,ถุงพลาสติก
T-202670,2025-07-30,ผงซักฟอก
T-202670,2025-07-30,แชมพู
T-202671,2025-07-17,ถุงพลาสติก
T-202671,2025-07-17,บะหมี่กึ่งสำเร็จรูป
T-202671,2025-07-17,มันฝรั่งทอด
T-202672,2025-07-28,น้ำดื่ม
T-202673,2025-08-31,ถุงพลาสติก
T-202673,2025-08-31,น้ำดื่ม
T-202673,2025-08-31,ผ้าอ้อม
T-202673,2025-08-31,ผ้าเช็ดทำความสะอาด
T-202673,2025-08-31,เบียร์
T-202674,2025-07-28,ผงซักฟอก
T-202674,2025-07-28,ไข่ไก่
T-202675,2025-08-30,ชาเขียว
T-202675,2025-08-30,ถุงพลาสติก
T-202675,2025-08-30,นมสด
T-202675,2025-08-30,น้ำดื่ม
T-202675,2025-08-30,บะหมี่กึ่งสำเร็จรูป
T-202676,2025-07-06,ถุงพลาสติก
T-202676,2025-07-06,น้ำดื่ม
T-202676,2025-07-06,บะหมี่กึ่งสำเร็จรูป
T-202676,2025-07-06,ไข่ไก่
T-202677,2025-08-10,ถุงพลาสติก
T-202677,2025-08-10,นมสด
T-202677,2025-08-10,น้ำดื่ม
T-202677,2025-08-10,ผงซักฟอก
T-202678,2025-09-20,ชาเขียว
T-202678,2025-09-20,ถุงพลาสติก
T-202678,2025-09-20,นมสด
T-202678,2025-09-20,น้ำดื่ม
T-202678,2025-09-20,ผ้าเช็ดทำความสะอาด
T-202679,2025-07-04,ผ้าอ้อม
T-202680,2025-08-20,ชาเขียว
T-202680,2025-08-20,ถุงพลาสติก
T-202680,2025-08-20,เบียร์
T-202681,2025-08-02,ขนมปัง
T-202681,2025-08-02,ถุงพลาสติก
T-202681,2025-08-02,บะหมี่กึ่งสำเร็จรูป
T-202682,2025-09-05,ชาเขียว
T-202682,2025-09-05,บะหมี่กึ่งสำเร็จรูป
T-202682,2025-09-05,ผงซักฟอก
T-202683,2025-07-04,ถุงพลาสติก
T-202683,2025-07-04,ผงซักฟอก
T-202683,2025-07-04,แชมพู
T-202684,2025-07-29,ขนมปัง
T-202684,2025-07-29,ชาเขียว
T-202684,2025-07-29,ถุงพลาสติก
T-202684,2025-07-29,ผงซักฟอก
T-202685,2025-07-20,ชาเขียว
T-202685,2025-07-20,ถุงพลาสติก
T-202685,2025-07-20,ไข่ไก่
T-202686,2025-09-28,ชาเขียว
T-202686,2025-09-28,ถุงพลาสติก
T-202686,2025-09-28,นมสด
T-202686,2025-09-28,ผ้าอ้อม
T-202686,2025-09-28,แชมพู
T-202687,2025-09-14,กาแฟสด
T-202687,2025-09-14,ขนมปัง
T-202687,2025-09-14,ถุงพลาสติก
T-202687,2025-09-14,ไข่ไก่
T-202688,2025-09-10,ถุงพลาสติก
T-202688,2025-09-10,นมสด
T-202688,2025-09-10,บะหมี่กึ่งสำเร็จรูป
T-202689,2025-07-26,กาแฟสด
T-202689,2025-07-26,ขนมปัง
T-202689,2025-07-26,ถุงพลาสติก
T-202690,2025-09-04,ถุงพลาสติก
T-202690,2025-09-04,นมสด
T-202690,2025-09-04,ผงซักฟอก
T-202690,2025-09-04,เบียร์
T-202691,2025-07-14,กาแฟสด
T-202691,2025-07-14,ถุงพลาสติก
T-202691,2025-07-14,ไข่ไก่
T-202692,2025-09-19,ขนมปัง
T-202692,2025-09-19,ถุงพลาสติก
T-202693,2025-07-24,ขนมปัง
T-202693,2025-07-24,นมสด
T-202693,2025-07-24,มันฝรั่งทอด
T-202693,2025-07-24,แชมพู
T-202694,2025-09-09,กาแฟสด
T-202694,2025-09-09,ถุงพลาสติก
T-202694,2025-09-09,นมสด
T-202694,2025-09-09,น้ำดื่ม
T-202694,2025-09-09,มันฝรั่งทอด
T-202694,2025-09-09,แชมพู
T-202695,2025-08-29,ถุงพลาสติก
T-202695,2025-08-29,นมสด
T-202695,2025-08-29,บะหมี่กึ่งสำเร็จรูป
T-202696,2025-08-08,บะหมี่กึ่งสำเร็จรูป
T-202696,2025-08-08,ไข่ไก่
T-202697,2025-09-11,ถุงพลาสติก
T-202697,2025-09-11,ผงซักฟอก
T-202697,2025-09-11,เบียร์
T-202698,2025-09-26,ถุงพลาสติก
T-202698,2025-09-26,ไข่ไก่
T-202699,2025-08-14,ชาเขียว
T-202699,2025-08-14,ถุงพลาสติก
T-202700,2025-08-27,ถุงพลาสติก
T-202700,2025-08-27,บะหมี่กึ่งสำเร็จรูป
T-202700,2025-08-27,มันฝรั่งทอด
T-202701,2025-07-04,ชาเขียว
T-202701,2025-07-04,ถุงพลาสติก
T-202701,2025-07-04,แชมพู
T-202702,2025-08-01,ขนมปัง
T-202702,2025-08-01,ชาเขียว
T-202702,2025-08-01,ถุงพลาสติก
T-202702,2025-08-01,นมสด
T-202702,2025-08-01,ผ้าเช็ดทำความสะอาด
T-202703,2025-07-27,กาแฟสด
T-202703,2025-07-27,ถุงพลาสติก
T-202703,2025-07-27,นมสด
T-202703,2025-07-27,บะหมี่กึ่งสำเร็จรูป
T-202703,2025-07-27,มันฝรั่งทอด
T-202704,2025-07-07,ชาเขียว
T-202704,2025-07-07,ผงซักฟอก
T-202704,2025-07-07,ผ้าอ้อม
T-202704,2025-07-07,ไข่ไก่
T-202705,2025-09-05,น้ำดื่ม
T-202705,2025-09-05,บะหมี่กึ่งสำเร็จรูป
T-202706,2025-08-31,ชาเขียว
T-202706,2025-08-31,ถุงพลาสติก
T-202706,2025-08-31,บะหมี่กึ่งสำเร็จรูป
T-202706,2025-08-31,มันฝรั่งทอด
T-202707,2025-07-13,ถุงพลาสติก
T-202707,2025-07-13,นมสด
T-202707,2025-07-13,มันฝรั่งทอด
T-202708,2025-09-12,ขนมปัง
T-202708,2025-09-12,ถุงพลาสติก
T-202708,2025-09-12,เบียร์
T-202709,2025-08-27,ถุงพลาสติก
T-202709,2025-08-27,ผงซักฟอก
T-202710,2025-07-30,ขนมปัง
T-202711,2025-07-08,ถุงพลาสติก
T-202711,2025-07-08,นมสด
T-202712,2025-09-26,ถุงพลาสติก
T-202713,2025-08-23,ขนมปัง
T-202713,2025-08-23,ชาเขียว
T-202713,2025-08-23,เบียร์
T-202713,2025-08-23,ไข่ไก่
T-202714,2025-09-13,น้ำดื่ม
T-202714,2025-09-13,มันฝรั่งทอด
T-202715,2025-08-12,ชาเขียว
T-202715,2025-08-12,ถุงพลาสติก
T-202715,2025-08-12,เบียร์
T-202716,2025-08-27,ถุงพลาสติก
T-202716,2025-08-27,ผ้าเช็ดทำความสะอาด
T-202717,2025-07-11,ชาเขียว
T-202717,2025-07-11,ถุงพลาสติก
T-202717,2025-07-11,แชมพู
T-202718,2025-08-28,กาแฟสด
T-202718,2025-08-28,น้ำดื่ม
T-202718,2025-08-28,บะหมี่กึ่งสำเร็จรูป
T-202718,2025-08-28,ไข่ไก่
T-202719,2025-09-05,ชาเขียว
T-202719,2025-09-05,น้ำดื่ม
T-202719,2025-09-05,แชมพู
T-202720,2025-07-04,ถุงพลาสติก
T-202720,2025-07-04,นมสด
T-202721,2025-09-18,ถุงพลาสติก
T-202721,2025-09-18,ไข่ไก่
T-202722,2025-08-25,ถุงพลาสติก
T-202722,2025-08-25,น้ำดื่ม
T-202722,2025-08-25,บะหมี่กึ่งสำเร็จรูป
T-202722,2025-08-25,เบียร์
T-202723,2025-07-28,น้ำดื่ม
T-202723,2025-07-28,มันฝรั่งทอด
T-202724,2025-08-10,กาแฟสด
T-202724,2025-08-10,น้ำดื่ม
T-202725,2025-07-14,ขนมปัง
T-202725,2025-07-14,ถุงพลาสติก
T-202725,2025-07-14,แชมพู
T-202726,2025-08-07,ชาเขียว
T-202726,2025-08-07,ถุงพลาสติก
T-202726,2025-08-07,ผงซักฟอก
T-202726,2025-08-07,ผ้าเช็ดทำความสะอาด
T-202726,2025-08-07,ไข่ไก่
T-202727,2025-08-24,ถุงพลาสติก
T-202727,2025-08-24,น้ำดื่ม
T-202727,2025-08-24,ผ้าเช็ดทำความสะอาด
T-202727,2025-08-24,เบียร์
T-202728,2025-07-31,ถุงพลาสติก
T-202728,2025-07-31,น้ำดื่ม
T-202728,2025-07-31,เบียร์
T-202729,2025-08-14,กาแฟสด
T-202729,2025-08-14,ถุงพลาสติก
T-202729,2025-08-14,นมสด
T-202729,2025-08-14,น้ำดื่ม
T-202730,2025-08-02,ถุงพลาสติก
T-202730,2025-08-02,ไข่ไก่
T-202731,2025-08-22,กาแฟสด
T-202731,2025-08-22,ถุงพลาสติก
T-202731,2025-08-22,นมสด
T-202731,2025-08-22,ผงซักฟอก
T-202731,2025-08-22,ผ้าอ้อม
T-202731,2025-08-22,ผ้าเช็ดทำความสะอาด
T-202732,2025-07-07,ถุงพลาสติก
T-202732,2025-07-07,บะหมี่กึ่งสำเร็จรูป
T-202732,2025-07-07,แชมพู
T-202733,2025-09-13,ถุงพลาสติก
T-202733,2025-09-13,น้ำดื่ม
T-202734,2025-07-01,กาแฟสด
T-202734,2025-07-01,ขนมปัง
T-202734,2025-07-01,ถุงพลาสติก
T-202734,2025-07-01,มันฝรั่งทอด
T-202734,2025-07-01,เบียร์
T-202735,2025-09-13,ชาเขียว
T-202735,2025-09-13,ถุงพลาสติก
T-202735,2025-09-13,แชมพู
T-202736,2025-09-27,ขนมปัง
T-202736,2025-09-27,ถุงพลาสติก
T-202736,2025-09-27,บะหมี่กึ่งสำเร็จรูป
T-202736,2025-09-27,ผงซักฟอก
T-202736,2025-09-27,ไข่ไก่
T-202737,2025-08-20,ชาเขียว
T-202737,2025-08-20,ถุงพลาสติก
T-202737,2025-08-20,ผ้าอ้อม
T-202737,2025-08-20,ผ้าเช็ดทำความสะอาด
T-202738,2025-07-10,ชาเขียว
T-202738,2025-07-10,นมสด
T-202739,2025-09-03,ถุงพลาสติก
T-202739,2025-09-03,นมสด
T-202739,2025-09-03,บะหมี่กึ่งสำเร็จรูป
T-202739,2025-09-03,แชมพู
T-202740,2025-08-11,กาแฟสด
T-202740,2025-08-11,ขนมปัง
T-202740,2025-08-11,ถุงพลาสติก
T-202740,2025-08-11,นมสด
T-202740,2025-08-11,มันฝรั่งทอด
T-202741,2025-09-09,กาแฟสด
T-202741,2025-09-09,ถุงพลาสติก
T-202741,2025-09-09,มันฝรั่งทอด
T-202741,2025-09-09,ไข่ไก่
T-202742,2025-08-28,ขนมปัง
T-202742,2025-08-28,ถุงพลาสติก
T-202743,2025-09-06,ถุงพลาสติก
T-202743,2025-09-06,มันฝรั่งทอด
T-202744,2025-07-26,ถุงพลาสติก
T-202744,2025-07-26,นมสด
T-202744,2025-07-26,บะหมี่กึ่งสำเร็จรูป
T-202744,2025-07-26,แชมพู
T-202745,2025-08-06,กาแฟสด
T-202745,2025-08-06,ถุงพลาสติก
T-202745,2025-08-06,นมสด
T-202745,2025-08-06,บะหมี่กึ่งสำเร็จรูป
T-202745,2025-08-06,ไข่ไก่
T-202746,2025-07-01,ชาเขียว
T-202746,2025-07-01,ถุงพลาสติก
T-202746,2025-07-01,มันฝรั่งทอด
T-202747,2025-08-25,นมสด
T-202747,2025-08-25,น้ำดื่ม
T-202747,2025-08-25,ผงซักฟอก
T-202748,2025-07-03,บะหมี่กึ่งสำเร็จรูป
T-202749,2025-07-20,ขนมปัง
T-202749,2025-07-20,ถุงพลาสติก
T-202749,2025-07-20,นมสด
T-202749,2025-07-20,แชมพู
T-202750,2025-07-09,ขนมปัง
T-202750,2025-07-09,ถุงพลาสติก
T-202751,2025-08-16,บะหมี่กึ่งสำเร็จรูป
T-202752,2025-09-10,กาแฟสด
T-202752,2025-09-10,ถุงพลาสติก
T-202752,2025-09-10,นมสด
T-202753,2025-09-03,ถุงพลาสติก
T-202753,2025-09-03,บะหมี่กึ่งสำเร็จรูป
T-202753,2025-09-03,ผงซักฟอก
T-202753,2025-09-03,ไข่ไก่
T-202754,2025-07-20,ผงซักฟอก
T-202755,2025-07-29,ขนมปัง
T-202755,2025-07-29,ถุงพลาสติก
T-202755,2025-07-29,ผ้าอ้อม
T-202755,2025-07-29,ผ้าเช็ดทำความสะอาด
T-202755,2025-07-29,เบียร์
T-202756,2025-07-05,ขนมปัง
T-202756,2025-07-05,ถุงพลาสติก
T-202756,2025-07-05,บะหมี่กึ่งสำเร็จรูป
T-202757,2025-08-24,ชาเขียว
T-202757,2025-08-24,ถุงพลาสติก
T-202757,2025-08-24,ผ้าอ้อม
T-202757,2025-08-24,แชมพู
T-202758,2025-08-17,กาแฟสด
T-202758,2025-08-17,ถุงพลาสติก
T-202758,2025-08-17,นมสด
T-202758,2025-08-17,น้ำดื่ม
T-202758,2025-08-17,ผงซักฟอก
T-202758,2025-08-17,มันฝรั่งทอด
T-202759,2025-09-01,ชาเขียว
T-202759,2025-09-01,ถุงพลาสติก
T-202760,2025-09-24,กาแฟสด
T-202760,2025-09-24,ขนมปัง
T-202760,2025-09-24,ถุงพลาสติก
T-202760,2025-09-24,นมสด
T-202760,2025-09-24,บะหมี่กึ่งสำเร็จรูป
T-202760,2025-09-24,แชมพู
T-202761,2025-07-28,ขนมปัง
T-202761,2025-07-28,ถุงพลาสติก
T-202761,2025-07-28,น้ำดื่ม
T-202762,2025-08-20,ขนมปัง
T-202762,2025-08-20,น้ำดื่ม
T-202762,2025-08-20,ไข่ไก่
T-202763,2025-08-09,กาแฟสด
T-202763,2025-08-09,นมสด
T-202763,2025-08-09,แชมพู
T-202764,2025-08-01,ชาเขียว
T-202764,2025-08-01,ถุงพลาสติก
T-202764,2025-08-01,นมสด
T-202764,2025-08-01,บะหมี่กึ่งสำเร็จรูป
T-202764,2025-08-01,มันฝรั่งทอด
T-202765,2025-09-22,ถุงพลาสติก
T-202765,2025-09-22,บะหมี่กึ่งสำเร็จรูป
T-202765,2025-09-22,เบียร์
T-202765,2025-09-22,ไข่ไก่
T-202766,2025-08-20,บะหมี่กึ่งสำเร็จรูป
T-202766,2025-08-20,แชมพู
T-202767,2025-09-16,น้ำดื่ม
T-202768,2025-07-09,ถุงพลาสติก
T-202769,2025-08-16,ถุงพลาสติก
T-202769,2025-08-16,แชมพู
T-202770,2025-08-02,ขนมปัง
T-202770,2025-08-02,ถุงพลาสติก
T-202770,2025-08-02,มันฝรั่งทอด
T-202770,2025-08-02,แชมพู
T-202771,2025-07-03,ขนมปัง
T-202771,2025-07-03,ถุงพลาสติก
T-202771,2025-07-03,น้ำดื่ม
T-202772,2025-07-03,กาแฟสด
T-202772,2025-07-03,ขนมปัง
T-202772,2025-07-03,ถุงพลาสติก
T-202772,2025-07-03,นมสด
T-202772,2025-07-03,น้ำดื่ม
T-202772,2025-07-03,เบียร์
T-202773,2025-09-14,มันฝรั่งทอด
T-202773,2025-09-14,ไข่ไก่
T-202774,2025-09-26,ถุงพลาสติก
T-202774,2025-09-26,บะหมี่กึ่งสำเร็จรูป
T-202775,2025-09-05,ชาเขียว
T-202775,2025-09-05,ถุงพลาสติก
T-202775,2025-09-05,บะหมี่กึ่งสำเร็จรูป
T-202775,2025-09-05,มันฝรั่งทอด
T-202776,2025-09-12,ขนมปัง
T-202776,2025-09-12,ถุงพลาสติก
T-202776,2025-09-12,นมสด
T-202776,2025-09-12,บะหมี่กึ่งสำเร็จรูป
T-202776,2025-09-12,แชมพู
T-202777,2025-08-21,ถุงพลาสติก
T-202777,2025-08-21,บะหมี่กึ่งสำเร็จรูป
T-202778,2025-08-25,กาแฟสด
T-202778,2025-08-25,ถุงพลาสติก
T-202778,2025-08-25,ผ้าอ้อม
T-202778,2025-08-25,ผ้าเช็ดทำความสะอาด
T-202778,2025-08-25,มันฝรั่งทอด
T-202779,2025-08-05,ถุงพลาสติก
T-202779,2025-08-05,บะหมี่กึ่งสำเร็จรูป
T-202779,2025-08-05,เบียร์
T-202780,2025-07-22,ถุงพลาสติก
T-202780,2025-07-22,น้ำดื่ม
T-202780,2025-07-22,ผ้าอ้อม
T-202780,2025-07-22,ผ้าเช็ดทำความสะอาด
T-202781,2025-09-22,ถุงพลาสติก
T-202781,2025-09-22,น้ำดื่ม
T-202781,2025-09-22,ไข่ไก่
T-202782,2025-07-04,กาแฟสด
T-202782,2025-07-04,ถุงพลาสติก
T-202783,2025-07-03,ถุงพลาสติก
T-202783,2025-07-03,นมสด
T-202783,2025-07-03,มันฝรั่งทอด
T-202783,2025-07-03,ไข่ไก่
T-202784,2025-08-01,ขนมปัง
T-202784,2025-08-01,ถุงพลาสติก
T-202784,2025-08-01,นมสด
T-202784,2025-08-01,บะหมี่กึ่งสำเร็จรูป
T-202785,2025-09-25,ถุงพลาสติก
T-202785,2025-09-25,นมสด
T-202786,2025-09-03,กาแฟสด
T-202786,2025-09-03,ถุงพลาสติก
T-202786,2025-09-03,นมสด
T-202786,2025-09-03,น้ำดื่ม
T-202786,2025-09-03,ผงซักฟอก
T-202786,2025-09-03,ผ้าอ้อม
T-202786,2025-09-03,ผ้าเช็ดทำความสะอาด
T-202786,2025-09-03,มันฝรั่งทอด
T-202786,2025-09-03,แชมพู
T-202786,2025-09-03,ไข่ไก่
T-202787,2025-07-03,ชาเขียว
T-202787,2025-07-03,ถุงพลาสติก
T-202787,2025-07-03,บะหมี่กึ่งสำเร็จรูป
T-202788,2025-09-02,ขนมปัง
T-202788,2025-09-02,นมสด
T-202788,2025-09-02,น้ำดื่ม
T-202789,2025-07-16,ขนมปัง
T-202789,2025-07-16,ชาเขียว
T-202789,2025-07-16,ถุงพลาสติก
T-202789,2025-07-16,น้ำดื่ม
T-202790,2025-08-26,ถุงพลาสติก
T-202790,2025-08-26,เบียร์
T-202791,2025-07-22,ขนมปัง
T-202791,2025-07-22,ถุงพลาสติก
T-202791,2025-07-22,นมสด
T-202791,2025-07-22,ผงซักฟอก
T-202791,2025-07-22,มันฝรั่งทอด
T-202792,2025-07-14,ถุงพลาสติก
T-202792,2025-07-14,น้ำดื่ม
T-202792,2025-07-14,ไข่ไก่
T-202793,2025-07-03,ชาเขียว
T-202793,2025-07-03,ถุงพลาสติก
T-202793,2025-07-03,บะหมี่กึ่งสำเร็จรูป
T-202793,2025-07-03,แชมพู
T-202794,2025-09-17,ถุงพลาสติก
T-202795,2025-07-07,ถุงพลาสติก
T-202795,2025-07-07,นมสด
T-202796,2025-07-02,ถุงพลาสติก
T-202796,2025-07-02,นมสด
T-202796,2025-07-02,น้ำดื่ม
T-202796,2025-07-02,ผ้าอ้อม
T-202796,2025-07-02,ผ้าเช็ดทำความสะอาด
T-202796,2025-07-02,ไข่ไก่
T-202797,2025-08-24,กาแฟสด
T-202797,2025-08-24,ถุงพลาสติก
T-202797,2025-08-24,นมสด
T-202797,2025-08-24,น้ำดื่ม
T-202797,2025-08-24,บะหมี่กึ่งสำเร็จรูป
T-202797,2025-08-24,ผงซักฟอก
T-202798,2025-07-22,ถุงพลาสติก
T-202798,2025-07-22,นมสด
T-202798,2025-07-22,น้ำดื่ม
T-202798,2025-07-22,ผ้าเช็ดทำความสะอาด
T-202799,2025-07-15,น้ำดื่ม
T-202799,2025-07-15,เบียร์
T-202799,2025-07-15,ไข่ไก่
T-202800,2025-08-11,ชาเขียว
T-202800,2025-08-11,ถุงพลาสติก
T-202800,2025-08-11,น้ำดื่ม
T-202800,2025-08-11,ไข่ไก่
T-202801,2025-07-24,ถุงพลาสติก
T-202801,2025-07-24,บะหมี่กึ่งสำเร็จรูป
T-202801,2025-07-24,เบียร์
T-202802,2025-07-31,กาแฟสด
T-202803,2025-09-18,ถุงพลาสติก
T-202803,2025-09-18,นมสด
T-202803,2025-09-18,น้ำดื่ม
T-202803,2025-09-18,มันฝรั่งทอด
T-202804,2025-09-14,ถุงพลาสติก
T-202804,2025-09-14,บะหมี่กึ่งสำเร็จรูป
T-202805,2025-08-15,ชาเขียว
T-202805,2025-08-15,ถุงพลาสติก
T-202805,2025-08-15,นมสด
T-202805,2025-08-15,แชมพู
T-202805,2025-08-15,ไข่ไก่
T-202806,2025-07-07,ถุงพลาสติก
T-202806,2025-07-07,น้ำดื่ม
T-202806,2025-07-07,แชมพู
T-202806,2025-07-07,ไข่ไก่
T-202807,2025-09-10,น้ำดื่ม
T-202807,2025-09-10,ผงซักฟอก
T-202807,2025-09-10,เบียร์
T-202807,2025-09-10,แชมพู
T-202808,2025-08-20,ถุงพลาสติก
T-202808,2025-08-20,นมสด
T-202809,2025-08-08,ไข่ไก่
T-202810,2025-08-16,ถุงพลาสติก
T-202810,2025-08-16,น้ำดื่ม
T-202810,2025-08-16,ไข่ไก่
T-202811,2025-09-23,กาแฟสด
T-202811,2025-09-23,ถุงพลาสติก
T-202811,2025-09-23,บะหมี่กึ่งสำเร็จรูป
T-202812,2025-07-12,ชาเขียว
T-202812,2025-07-12,ถุงพลาสติก
T-202812,2025-07-12,นมสด
T-202813,2025-09-02,ถุงพลาสติก
T-202813,2025-09-02,เบียร์
T-202813,2025-09-02,ไข่ไก่
T-202814,2025-09-26,ผ้าเช็ดทำความสะอาด
T-202814,2025-09-26,มันฝรั่งทอด
T-202815,2025-08-16,ชาเขียว
T-202815,2025-08-16,ถุงพลาสติก
T-202815,2025-08-16,น้ำดื่ม
T-202816,2025-07-13,ถุงพลาสติก
T-202816,2025-07-13,ผ้าอ้อม
T-202816,2025-07-13,เบียร์
T-202817,2025-08-31,ชาเขียว
T-202817,2025-08-31,ถุงพลาสติก
T-202817,2025-08-31,ไข่ไก่
T-202818,2025-09-01,ขนมปัง
T-202818,2025-09-01,ถุงพลาสติก
T-202818,2025-09-01,ผงซักฟอก
T-202818,2025-09-01,มันฝรั่งทอด
T-202819,2025-09-25,น้ำดื่ม
T-202819,2025-09-25,ผ้าอ้อม
T-202819,2025-09-25,ผ้าเช็ดทำความสะอาด
T-202819,2025-09-25,เบียร์
T-202820,2025-07-07,ถุงพลาสติก
T-202820,2025-07-07,น้ำดื่ม
T-202820,2025-07-07,แชมพู
T-202821,2025-07-21,ขนมปัง
T-202821,2025-07-21,ถุงพลาสติก
T-202821,2025-07-21,น้ำดื่ม
T-202821,2025-07-21,มันฝรั่งทอด
T-202822,2025-07-07,กาแฟสด
T-202822,2025-07-07,ถุงพลาสติก
T-202822,2025-07-07,ผงซักฟอก
T-202822,2025-07-07,เบียร์
T-202823,2025-09-06,ขนมปัง
T-202823,2025-09-06,ชาเขียว
T-202823,2025-09-06,ถุงพลาสติก
T-202823,2025-09-06,ผ้าเช็ดทำความสะอาด
T-202823,2025-09-06,แชมพู
T-202824,2025-07-31,ถุงพลาสติก
T-202824,2025-07-31,น้ำดื่ม
T-202824,2025-07-31,บะหมี่กึ่งสำเร็จรูป
T-202824,2025-07-31,ผ้าอ้อม
T-202824,2025-07-31,เบียร์
T-202825,2025-07-29,กาแฟสด
T-202825,2025-07-29,ถุงพลาสติก
T-202825,2025-07-29,น้ำดื่ม
T-202826,2025-09-16,กาแฟสด
T-202826,2025-09-16,ขนมปัง
T-202826,2025-09-16,ผงซักฟอก
T-202826,2025-09-16,ผ้าเช็ดทำความสะอาด
T-202826,2025-09-16,มันฝรั่งทอด
T-202827,2025-09-04,มันฝรั่งทอด
T-202828,2025-07-21,ผงซักฟอก
T-202829,2025-09-15,กาแฟสด
T-202829,2025-09-15,ถุงพลาสติก
T-202829,2025-09-15,น้ำดื่ม
T-202830,2025-08-27,ถุงพลาสติก
T-202830,2025-08-27,นมสด
T-202830,2025-08-27,ผ้าเช็ดทำความสะอาด
T-202831,2025-07-05,ถุงพลาสติก
T-202831,2025-07-05,น้ำดื่ม
T-202831,2025-07-05,บะหมี่กึ่งสำเร็จรูป
T-202831,2025-07-05,มันฝรั่งทอด
T-202831,2025-07-05,แชมพู
T-202832,2025-07-01,ถุงพลาสติก
T-202833,2025-08-29,ขนมปัง
T-202833,2025-08-29,ถุงพลาสติก
T-202833,2025-08-29,นมสด
T-202833,2025-08-29,มันฝรั่งทอด
T-202834,2025-08-25,ถุงพลาสติก
T-202834,2025-08-25,ผ้าอ้อม
T-202834,2025-08-25,ผ้าเช็ดทำความสะอาด
T-202835,2025-07-05,ถุงพลาสติก
T-202835,2025-07-05,นมสด
T-202836,2025-07-14,ถุงพลาสติก
T-202837,2025-08-01,ชาเขียว
T-202837,2025-08-01,นมสด
T-202837,2025-08-01,แชมพู
T-202838,2025-09-13,ถุงพลาสติก
T-202838,2025-09-13,แชมพู
T-202838,2025-09-13,ไข่ไก่
T-202839,2025-08-03,กาแฟสด
T-202839,2025-08-03,ถุงพลาสติก
T-202839,2025-08-03,ไข่ไก่
T-202840,2025-08-28,ถุงพลาสติก
T-202841,2025-09-20,ขนมปัง
T-202841,2025-09-20,ถุงพลาสติก
T-202842,2025-08-07,กาแฟสด
T-202842,2025-08-07,ถุงพลาสติก
T-202842,2025-08-07,แชมพู
T-202843,2025-08-16,นมสด
T-202844,2025-08-22,กาแฟสด
T-202844,2025-08-22,ขนมปัง
T-202844,2025-08-22,ถุงพลาสติก
T-202844,2025-08-22,มันฝรั่งทอด
T-202844,2025-08-22,ไข่ไก่
T-202845,2025-07-03,มันฝรั่งทอด
T-202846,2025-09-21,กาแฟสด
T-202846,2025-09-21,ถุงพลาสติก
T-202846,2025-09-21,น้ำดื่ม
T-202846,2025-09-21,ผงซักฟอก
T-202847,2025-09-25,กาแฟสด
T-202847,2025-09-25,ถุงพลาสติก
T-202847,2025-09-25,นมสด
T-202847,2025-09-25,บะหมี่กึ่งสำเร็จรูป
T-202847,2025-09-25,เบียร์
T-202847,2025-09-25,ไข่ไก่
T-202848,2025-09-20,ขนมปัง
T-202848,2025-09-20,น้ำดื่ม
T-202848,2025-09-20,ผ้าอ้อม
T-202848,2025-09-20,ผ้าเช็ดทำความสะอาด
T-202849,2025-07-31,ถุงพลาสติก
T-202849,2025-07-31,น้ำดื่ม
T-202849,2025-07-31,แชมพู
T-202850,2025-08-29,ถุงพลาสติก
T-202850,2025-08-29,น้ำดื่ม
T-202851,2025-07-06,น้ำดื่ม
T-202851,2025-07-06,บะหมี่กึ่งสำเร็จรูป
T-202851,2025-07-06,ผ้าอ้อม
T-202852,2025-08-06,ถุงพลาสติก
T-202852,2025-08-06,นมสด
T-202852,2025-08-06,น้ำดื่ม
T-202853,2025-08-31,ถุงพลาสติก
T-202853,2025-08-31,บะหมี่กึ่งสำเร็จรูป
T-202853,2025-08-31,ผ้าอ้อม
T-202854,2025-08-11,ชาเขียว
T-202854,2025-08-11,ถุงพลาสติก
T-202855,2025-07-24,ถุงพลาสติก
T-202856,2025-09-16,ชาเขียว
T-202856,2025-09-16,ถุงพลาสติก
T-202856,2025-09-16,น้ำดื่ม
T-202856,2025-09-16,บะหมี่กึ่งสำเร็จรูป
T-202856,2025-09-16,ไข่ไก่
T-202857,2025-07-13,ถุงพลาสติก
T-202858,2025-08-04,ถุงพลาสติก
T-202858,2025-08-04,บะหมี่กึ่งสำเร็จรูป
T-202858,2025-08-04,เบียร์
T-202859,2025-08-24,แชมพู
T-202860,2025-08-25,กาแฟสด
T-202860,2025-08-25,ถุงพลาสติก
T-202860,2025-08-25,ผงซักฟอก
T-202860,2025-08-25,ไข่ไก่
T-202861,2025-07-16,ถุงพลาสติก
T-202861,2025-07-16,ผ้าอ้อม
T-202861,2025-07-16,ผ้าเช็ดทำความสะอาด
T-202862,2025-07-07,กาแฟสด
T-202862,2025-07-07,ถุงพลาสติก
T-202862,2025-07-07,นมสด
T-202863,2025-07-13,ถุงพลาสติก
T-202863,2025-07-13,ผงซักฟอก
T-202863,2025-07-13,ไข่ไก่
T-202864,2025-09-13,กาแฟสด
T-202864,2025-09-13,น้ำดื่ม
T-202864,2025-09-13,ผงซักฟอก
T-202864,2025-09-13,ผ้าอ้อม
T-202864,2025-09-13,ผ้าเช็ดทำความสะอาด
T-202865,2025-07-26,กาแฟสด
T-202865,2025-07-26,ถุงพลาสติก
T-202865,2025-07-26,ผงซักฟอก
T-202865,2025-07-26,แชมพู
T-202865,2025-07-26,ไข่ไก่
T-202866,2025-09-09,ผงซักฟอก
T-202866,2025-09-09,มันฝรั่งทอด
T-202867,2025-07-03,ถุงพลาสติก
T-202867,2025-07-03,น้ำดื่ม
T-202867,2025-07-03,บะหมี่กึ่งสำเร็จรูป
T-202868,2025-08-02,กาแฟสด
T-202868,2025-08-02,ผ้าอ้อม
T-202868,2025-08-02,ผ้าเช็ดทำความสะอาด
T-202869,2025-08-05,นมสด
T-202869,2025-08-05,ไข่ไก่
T-202870,2025-07-03,ถุงพลาสติก
T-202870,2025-07-03,นมสด
T-202870,2025-07-03,น้ำดื่ม
T-202870,2025-07-03,บะหมี่กึ่งสำเร็จรูป
T-202870,2025-07-03,เบียร์
T-202870,2025-07-03,ไข่ไก่
T-202871,2025-07-21,กาแฟสด
T-202871,2025-07-21,ถุงพลาสติก
T-202871,2025-07-21,ผงซักฟอก
T-202871,2025-07-21,ไข่ไก่
T-202872,2025-08-31,กาแฟสด
T-202872,2025-08-31,ถุงพลาสติก
T-202872,2025-08-31,นมสด
T-202872,2025-08-31,บะหมี่กึ่งสำเร็จรูป
T-202873,2025-09-24,มันฝรั่งทอด
T-202873,2025-09-24,แชมพู
T-202874,2025-07-05,ชาเขียว
T-202874,2025-07-05,ถุงพลาสติก
T-202874,2025-07-05,แชมพู
T-202875,2025-09-11,ถุงพลาสติก
T-202875,2025-09-11,น้ำดื่ม
T-202875,2025-09-11,บะหมี่กึ่งสำเร็จรูป
T-202876,2025-09-19,กาแฟสด
T-202876,2025-09-19,ถุงพลาสติก
T-202876,2025-09-19,น้ำดื่ม
T-202876,2025-09-19,เบียร์
T-202877,2025-07-02,กาแฟสด
T-202877,2025-07-02,ขนมปัง
T-202877,2025-07-02,ถุงพลาสติก
T-202878,2025-07-25,ถุงพลาสติก
T-202879,2025-09-14,ขนมปัง
T-202879,2025-09-14,ถุงพลาสติก
T-202879,2025-09-14,น้ำดื่ม
T-202879,2025-09-14,มันฝรั่งทอด
T-202880,2025-07-05,กาแฟสด
T-202880,2025-07-05,ถุงพลาสติก
T-202880,2025-07-05,บะหมี่กึ่งสำเร็จรูป
T-202881,2025-07-29,ชาเขียว
T-202881,2025-07-29,ถุงพลาสติก
T-202881,2025-07-29,บะหมี่กึ่งสำเร็จรูป
T-202881,2025-07-29,มันฝรั่งทอด
T-202881,2025-07-29,เบียร์
T-202882,2025-08-22,ถุงพลาสติก
T-202882,2025-08-22,แชมพู
T-202883,2025-08-12,ถุงพลาสติก
T-202883,2025-08-12,ไข่ไก่
T-202884,2025-07-23,กาแฟสด
T-202884,2025-07-23,ถุงพลาสติก
T-202884,2025-07-23,น้ำดื่ม
T-202884,2025-07-23,ผงซักฟอก
T-202884,2025-07-23,ผ้าอ้อม
T-202884,2025-07-23,ผ้าเช็ดทำความสะอาด
T-202884,2025-07-23,มันฝรั่งทอด
T-202884,2025-07-23,เบียร์
T-202885,2025-08-23,ถุงพลาสติก
T-202885,2025-08-23,ผงซักฟอก
T-202886,2025-07-07,ถุงพลาสติก
T-202886,2025-07-07,ผ้าอ้อม
T-202886,2025-07-07,เบียร์
T-202886,2025-07-07,แชมพู
T-202887,2025-08-26,ถุงพลาสติก
T-202887,2025-08-26,แชมพู
T-202888,2025-08-28,ชาเขียว
T-202888,2025-08-28,ถุงพลาสติก
T-202888,2025-08-28,ไข่ไก่
T-202889,2025-08-22,ถุงพลาสติก
T-202889,2025-08-22,มันฝรั่งทอด
T-202890,2025-07-28,ถุงพลาสติก
T-202890,2025-07-28,ผงซักฟอก
T-202890,2025-07-28,มันฝรั่งทอด
T-202891,2025-07-06,กาแฟสด
T-202891,2025-07-06,ขนมปัง
T-202891,2025-07-06,ผงซักฟอก
T-202892,2025-08-28,ขนมปัง
T-202892,2025-08-28,ถุงพลาสติก
T-202892,2025-08-28,ผ้าอ้อม
T-202892,2025-08-28,ผ้าเช็ดทำความสะอาด
T-202893,2025-08-18,ชาเขียว
T-202893,2025-08-18,ถุงพลาสติก
T-202893,2025-08-18,นมสด
T-202893,2025-08-18,น้ำดื่ม
T-202893,2025-08-18,เบียร์
T-202893,2025-08-18,แชมพู
T-202894,2025-08-14,ถุงพลาสติก
T-202894,2025-08-14,นมสด
T-202894,2025-08-14,บะหมี่กึ่งสำเร็จรูป
T-202894,2025-08-14,เบียร์
T-202895,2025-09-23,ถุงพลาสติก
T-202895,2025-09-23,น้ำดื่ม
T-202895,2025-09-23,มันฝรั่งทอด
T-202895,2025-09-23,ไข่ไก่
T-202896,2025-08-13,ถุงพลาสติก
T-202896,2025-08-13,มันฝรั่งทอด
T-202897,2025-09-07,ถุงพลาสติก
T-202897,2025-09-07,บะหมี่กึ่งสำเร็จรูป
T-202897,2025-09-07,ผ้าอ้อม
T-202897,2025-09-07,ผ้าเช็ดทำความสะอาด
T-202897,2025-09-07,มันฝรั่งทอด
T-202897,2025-09-07,เบียร์
T-202898,2025-09-03,ขนมปัง
T-202898,2025-09-03,ถุงพลาสติก
T-202898,2025-09-03,ไข่ไก่
T-202899,2025-09-28,ขนมปัง
T-202899,2025-09-28,ถุงพลาสติก
T-202899,2025-09-28,มันฝรั่งทอด
T-202900,2025-07-22,ขนมปัง
T-202900,2025-07-22,ถุงพลาสติก
T-202901,2025-08-13,ถุงพลาสติก
T-202902,2025-09-06,ถุงพลาสติก
T-202902,2025-09-06,บะหมี่กึ่งสำเร็จรูป
T-202902,2025-09-06,ผงซักฟอก
T-202903,2025-07-08,ขนมปัง
T-202903,2025-07-08,ถุงพลาสติก
T-202903,2025-07-08,น้ำดื่ม
T-202904,2025-08-02,ขนมปัง
T-202904,2025-08-02,บะหมี่กึ่งสำเร็จรูป
T-202905,2025-09-06,ชาเขียว
T-202905,2025-09-06,ถุงพลาสติก
T-202905,2025-09-06,น้ำดื่ม
T-202905,2025-09-06,ผ้าเช็ดทำความสะอาด
T-202905,2025-09-06,เบียร์
T-202905,2025-09-06,แชมพู
T-202906,2025-09-17,ถุงพลาสติก
T-202906,2025-09-17,เบียร์
T-202907,2025-07-21,ขนมปัง
T-202907,2025-07-21,ถุงพลาสติก
T-202907,2025-07-21,น้ำดื่ม
T-202907,2025-07-21,ผงซักฟอก
T-202907,2025-07-21,ผ้าเช็ดทำความสะอาด
T-202907,2025-07-21,แชมพู
T-202908,2025-08-18,ขนมปัง
T-202908,2025-08-18,ถุงพลาสติก
T-202908,2025-08-18,แชมพู
T-202909,2025-09-18,ขนมปัง
T-202909,2025-09-18,ถุงพลาสติก
T-202909,2025-09-18,ผ้าอ้อม
T-202909,2025-09-18,ผ้าเช็ดทำความสะอาด
T-202910,2025-09-07,ขนมปัง
T-202910,2025-09-07,ถุงพลาสติก
T-202910,2025-09-07,น้ำดื่ม
T-202910,2025-09-07,บะหมี่กึ่งสำเร็จรูป
T-202910,2025-09-07,ผ้าอ้อม
T-202911,2025-09-14,ถุงพลาสติก
T-202911,2025-09-14,แชมพู
T-202912,2025-08-15,ขนมปัง
T-202912,2025-08-15,ชาเขียว
T-202912,2025-08-15,ถุงพลาสติก
T-202912,2025-08-15,นมสด
T-202912,2025-08-15,บะหมี่กึ่งสำเร็จรูป
T-202912,2025-08-15,แชมพู
T-202913,2025-07-29,ขนมปัง
T-202913,2025-07-29,ถุงพลาสติก
T-202913,2025-07-29,นมสด
T-202913,2025-07-29,ไข่ไก่
T-202914,2025-09-16,ถุงพลาสติก
T-202914,2025-09-16,น้ำดื่ม
T-202914,2025-09-16,ไข่ไก่
T-202915,2025-09-07,ชาเขียว
T-202915,2025-09-07,น้ำดื่ม
T-202915,2025-09-07,ไข่ไก่
T-202916,2025-08-18,ถุงพลาสติก
T-202916,2025-08-18,น้ำดื่ม
T-202916,2025-08-18,มันฝรั่งทอด
T-202917,2025-08-02,ถุงพลาสติก
T-202917,2025-08-02,มันฝรั่งทอด
T-202917,2025-08-02,แชมพู
T-202918,2025-07-10,กาแฟสด
T-202918,2025-07-10,ถุงพลาสติก
T-202918,2025-07-10,นมสด
T-202918,2025-07-10,น้ำดื่ม
T-202918,2025-07-10,ผ้าอ้อม
T-202919,2025-07-28,ถุงพลาสติก
T-202919,2025-07-28,น้ำดื่ม
T-202919,2025-07-28,ผ้าเช็ดทำความสะอาด
T-202919,2025-07-28,เบียร์
T-202920,2025-09-28,ถุงพลาสติก
T-202920,2025-09-28,บะหมี่กึ่งสำเร็จรูป
T-202920,2025-09-28,เบียร์
T-202921,2025-09-09,ถุงพลาสติก
T-202921,2025-09-09,บะหมี่กึ่งสำเร็จรูป
T-202922,2025-08-23,กาแฟสด
T-202922,2025-08-23,ถุงพลาสติก
T-202922,2025-08-23,น้ำดื่ม
T-202922,2025-08-23,ผ้าอ้อม
T-202922,2025-08-23,ผ้าเช็ดทำความสะอาด
T-202922,2025-08-23,เบียร์
T-202923,2025-07-06,ถุงพลาสติก
T-202923,2025-07-06,นมสด
T-202923,2025-07-06,น้ำดื่ม
T-202923,2025-07-06,บะหมี่กึ่งสำเร็จรูป
T-202923,2025-07-06,ไข่ไก่
T-202924,2025-08-05,ขนมปัง
T-202924,2025-08-05,ถุงพลาสติก
T-202924,2025-08-05,น้ำดื่ม
T-202924,2025-08-05,ผงซักฟอก
T-202924,2025-08-05,เบียร์
T-202925,2025-07-21,ชาเขียว
T-202925,2025-07-21,ผ้าเช็ดทำความสะอาด
T-202925,2025-07-21,เบียร์
T-202925,2025-07-21,ไข่ไก่
T-202926,2025-08-08,ถุงพลาสติก
T-202926,2025-08-08,นมสด
T-202927,2025-09-21,ชาเขียว
T-202927,2025-09-21,ถุงพลาสติก
T-202927,2025-09-21,นมสด
T-202927,2025-09-21,ผ้าอ้อม
T-202927,2025-09-21,ผ้าเช็ดทำความสะอาด
T-202927,2025-09-21,เบียร์
T-202928,2025-09-12,ขนมปัง
T-202928,2025-09-12,ถุงพลาสติก
T-202928,2025-09-12,ผ้าอ้อม
T-202928,2025-09-12,ผ้าเช็ดทำความสะอาด
T-202928,2025-09-12,เบียร์
T-202929,2025-08-24,ถุงพลาสติก
T-202929,2025-08-24,ผงซักฟอก
T-202929,2025-08-24,ไข่ไก่
T-202930,2025-07-13,ขนมปัง
T-202930,2025-07-13,ถุงพลาสติก
T-202930,2025-07-13,บะหมี่กึ่งสำเร็จรูป
T-202930,2025-07-13,ไข่ไก่
T-202931,2025-09-01,ถุงพลาสติก
T-202931,2025-09-01,นมสด
T-202931,2025-09-01,ผ้าอ้อม
T-202931,2025-09-01,เบียร์
T-202932,2025-09-26,ผงซักฟอก
T-202932,2025-09-26,แชมพู
T-202932,2025-09-26,ไข่ไก่
T-202933,2025-08-12,ไข่ไก่
T-202934,2025-08-11,ถุงพลาสติก
T-202934,2025-08-11,นมสด
T-202935,2025-09-28,ขนมปัง
T-202935,2025-09-28,ถุงพลาสติก
T-202935,2025-09-28,น้ำดื่ม
T-202935,2025-09-28,ไข่ไก่
T-202936,2025-07-26,ถุงพลาสติก
T-202936,2025-07-26,บะหมี่กึ่งสำเร็จรูป
T-202936,2025-07-26,มันฝรั่งทอด
T-202937,2025-07-04,ขนมปัง
T-202937,2025-07-04,ถุงพลาสติก
T-202937,2025-07-04,นมสด
T-202937,2025-07-04,น้ำดื่ม
T-202937,2025-07-04,บะหมี่กึ่งสำเร็จรูป
T-202938,2025-07-13,ขนมปัง
T-202938,2025-07-13,ชาเขียว
T-202938,2025-07-13,ถุงพลาสติก
T-202939,2025-07-31,ถุงพลาสติก
T-202939,2025-07-31,นมสด
T-202939,2025-07-31,ไข่ไก่
T-202940,2025-09-06,กาแฟสด
T-202940,2025-09-06,ขนมปัง
T-202940,2025-09-06,ถุงพลาสติก
T-202940,2025-09-06,ผ้าอ้อม
T-202940,2025-09-06,ผ้าเช็ดทำความสะอาด
T-202941,2025-09-04,กาแฟสด
T-202942,2025-08-23,ขนมปัง
T-202942,2025-08-23,ถุงพลาสติก
T-202942,2025-08-23,เบียร์
T-202943,2025-08-01,ถุงพลาสติก
T-202943,2025-08-01,บะหมี่กึ่งสำเร็จรูป
T-202944,2025-08-29,ถุงพลาสติก
T-202944,2025-08-29,บะหมี่กึ่งสำเร็จรูป
T-202944,2025-08-29,ผงซักฟอก
T-202944,2025-08-29,แชมพู
T-202945,2025-09-17,ชาเขียว
T-202945,2025-09-17,ถุงพลาสติก
T-202945,2025-09-17,นมสด
T-202945,2025-09-17,เบียร์
T-202946,2025-07-19,ถุงพลาสติก
T-202946,2025-07-19,นมสด
T-202946,2025-07-19,ผงซักฟอก
T-202947,2025-08-31,กาแฟสด
T-202947,2025-08-31,ถุงพลาสติก
T-202947,2025-08-31,น้ำดื่ม
T-202947,2025-08-31,บะหมี่กึ่งสำเร็จรูป
T-202947,2025-08-31,ผ้าเช็ดทำความสะอาด
T-202947,2025-08-31,ไข่ไก่
T-202948,2025-07-12,ถุงพลาสติก
T-202949,2025-08-22,ถุงพลาสติก
T-202949,2025-08-22,มันฝรั่งทอด
T-202949,2025-08-22,แชมพู
T-202950,2025-08-11,ถุงพลาสติก
T-202950,2025-08-11,น้ำดื่ม
T-202950,2025-08-11,แชมพู
T-202951,2025-09-03,ถุงพลาสติก
T-202951,2025-09-03,นมสด
T-202951,2025-09-03,ผงซักฟอก
T-202952,2025-07-14,กาแฟสด
T-202952,2025-07-14,ขนมปัง
T-202952,2025-07-14,ถุงพลาสติก
T-202953,2025-07-23,ถุงพลาสติก
T-202953,2025-07-23,บะหมี่กึ่งสำเร็จรูป
T-202953,2025-07-23,ผงซักฟอก
T-202953,2025-07-23,ไข่ไก่
T-202954,2025-09-21,กาแฟสด
T-202954,2025-09-21,ถุงพลาสติก
T-202954,2025-09-21,นมสด
T-202954,2025-09-21,บะหมี่กึ่งสำเร็จรูป
T-202954,2025-09-21,ผงซักฟอก
T-202954,2025-09-21,มันฝรั่งทอด
T-202954,2025-09-21,แชมพู
T-202955,2025-08-06,ชาเขียว
T-202955,2025-08-06,ถุงพลาสติก
T-202955,2025-08-06,ผงซักฟอก
T-202955,2025-08-06,มันฝรั่งทอด
T-202955,2025-08-06,แชมพู
T-202955,2025-08-06,ไข่ไก่
T-202956,2025-07-05,น้ำดื่ม
T-202957,2025-07-18,น้ำดื่ม
T-202957,2025-07-18,ผงซักฟอก
T-202958,2025-08-09,ถุงพลาสติก
T-202958,2025-08-09,บะหมี่กึ่งสำเร็จรูป
T-202958,2025-08-09,เบียร์
T-202959,2025-09-04,ขนมปัง
T-202960,2025-08-19,ถุงพลาสติก
T-202960,2025-08-19,น้ำดื่ม
T-202960,2025-08-19,บะหมี่กึ่งสำเร็จรูป
T-202961,2025-07-12,ถุงพลาสติก
T-202962,2025-08-18,ถุงพลาสติก
T-202962,2025-08-18,นมสด
T-202962,2025-08-18,ไข่ไก่
T-202963,2025-09-17,กาแฟสด
T-202963,2025-09-17,น้ำดื่ม
T-202963,2025-09-17,บะหมี่กึ่งสำเร็จรูป
T-202963,2025-09-17,ผงซักฟอก
T-202963,2025-09-17,เบียร์
T-202964,2025-09-11,ถุงพลาสติก
T-202964,2025-09-11,นมสด
T-202964,2025-09-11,น้ำดื่ม
T-202965,2025-08-13,กาแฟสด
T-202965,2025-08-13,ถุงพลาสติก
T-202965,2025-08-13,มันฝรั่งทอด
T-202965,2025-08-13,เบียร์
T-202966,2025-08-11,กาแฟสด
T-202966,2025-08-11,ถุงพลาสติก
T-202966,2025-08-11,ผงซักฟอก
T-202967,2025-08-20,ขนมปัง
T-202967,2025-08-20,ถุงพลาสติก
T-202967,2025-08-20,น้ำดื่ม
T-202967,2025-08-20,มันฝรั่งทอด
T-202967,2025-08-20,แชมพู
T-202967,2025-08-20,ไข่ไก่
T-202968,2025-08-21,กาแฟสด
T-202968,2025-08-21,นมสด
T-202968,2025-08-21,น้ำดื่ม
T-202969,2025-07-08,ถุงพลาสติก
T-202969,2025-07-08,น้ำดื่ม
T-202969,2025-07-08,เบียร์
T-202970,2025-08-27,ชาเขียว
T-202970,2025-08-27,ถุงพลาสติก
T-202970,2025-08-27,เบียร์
T-202970,2025-08-27,ไข่ไก่
T-202971,2025-07-04,ถุงพลาสติก
T-202971,2025-07-04,น้ำดื่ม
T-202971,2025-07-04,แชมพู
T-202972,2025-09-26,ชาเขียว
T-202972,2025-09-26,ถุงพลาสติก
T-202972,2025-09-26,ผ้าอ้อม
T-202972,2025-09-26,ผ้าเช็ดทำความสะอาด
T-202973,2025-09-04,ขนมปัง
T-202973,2025-09-04,น้ำดื่ม
T-202973,2025-09-04,บะหมี่กึ่งสำเร็จรูป
T-202973,2025-09-04,เบียร์
T-202974,2025-08-18,ขนมปัง
T-202974,2025-08-18,ถุงพลาสติก
T-202974,2025-08-18,เบียร์
T-202975,2025-08-22,ขนมปัง
T-202975,2025-08-22,ชาเขียว
T-202975,2025-08-22,ถุงพลาสติก
T-202975,2025-08-22,นมสด
T-202975,2025-08-22,ผงซักฟอก
T-202976,2025-07-29,กาแฟสด
T-202976,2025-07-29,ขนมปัง
T-202976,2025-07-29,ถุงพลาสติก
T-202976,2025-07-29,เบียร์
T-202977,2025-08-20,ถุงพลาสติก
T-202977,2025-08-20,เบียร์
T-202977,2025-08-20,ไข่ไก่
T-202978,2025-07-11,ขนมปัง
T-202978,2025-07-11,ถุงพลาสติก
T-202978,2025-07-11,นมสด
T-202979,2025-09-21,กาแฟสด
T-202979,2025-09-21,นมสด
T-202979,2025-09-21,มันฝรั่งทอด
T-202979,2025-09-21,เบียร์
T-202979,2025-09-21,ไข่ไก่
T-202980,2025-08-28,กาแฟสด
T-202980,2025-08-28,ถุงพลาสติก
T-202980,2025-08-28,นมสด
T-202980,2025-08-28,น้ำดื่ม
T-202980,2025-08-28,ผ้าอ้อม
T-202980,2025-08-28,ผ้าเช็ดทำความสะอาด
T-202980,2025-08-28,ไข่ไก่
T-202981,2025-08-12,ถุงพลาสติก
T-202981,2025-08-12,นมสด
T-202981,2025-08-12,แชมพู
T-202982,2025-07-29,นมสด
T-202982,2025-07-29,บะหมี่กึ่งสำเร็จรูป
T-202982,2025-07-29,ผ้าอ้อม
T-202982,2025-07-29,ผ้าเช็ดทำความสะอาด
T-202983,2025-08-02,ถุงพลาสติก
T-202983,2025-08-02,ผงซักฟอก
T-202983,2025-08-02,ไข่ไก่
T-202984,2025-07-02,ชาเขียว
T-202984,2025-07-02,น้ำดื่ม
T-202984,2025-07-02,แชมพู
T-202985,2025-07-10,ขนมปัง
T-202985,2025-07-10,ถุงพลาสติก
T-202985,2025-07-10,นมสด
T-202985,2025-07-10,มันฝรั่งทอด
T-202986,2025-08-31,ชาเขียว
T-202986,2025-08-31,ถุงพลาสติก
T-202986,2025-08-31,น้ำดื่ม
T-202986,2025-08-31,แชมพู
T-202987,2025-07-15,ถุงพลาสติก
T-202987,2025-07-15,มันฝรั่งทอด
T-202988,2025-07-07,ชาเขียว
T-202988,2025-07-07,ถุงพลาสติก
T-202988,2025-07-07,น้ำดื่ม
T-202988,2025-07-07,เบียร์
T-202989,2025-08-22,นมสด
T-202989,2025-08-22,บะหมี่กึ่งสำเร็จรูป
T-202990,2025-08-17,ชาเขียว
T-202990,2025-08-17,ถุงพลาสติก
T-202990,2025-08-17,น้ำดื่ม
T-202990,2025-08-17,ผงซักฟอก
T-202991,2025-09-25,ขนมปัง
T-202991,2025-09-25,ถุงพลาสติก
T-202991,2025-09-25,บะหมี่กึ่งสำเร็จรูป
T-202992,2025-09-15,ถุงพลาสติก
T-202992,2025-09-15,น้ำดื่ม
T-202992,2025-09-15,บะหมี่กึ่งสำเร็จรูป
T-202992,2025-09-15,ผ้าเช็ดทำความสะอาด
T-202992,2025-09-15,ไข่ไก่
T-202993,2025-08-26,ถุงพลาสติก
T-202993,2025-08-26,นมสด
T-202994,2025-09-18,นมสด
T-202994,2025-09-18,น้ำดื่ม
T-202994,2025-09-18,บะหมี่กึ่งสำเร็จรูป
T-202995,2025-09-21,ถุงพลาสติก
T-202995,2025-09-21,ไข่ไก่
T-202996,2025-07-31,ชาเขียว
T-202996,2025-07-31,ผงซักฟอก
T-202996,2025-07-31,ไข่ไก่
T-202997,2025-07-01,กาแฟสด
T-202997,2025-07-01,ถุงพลาสติก
T-202997,2025-07-01,บะหมี่กึ่งสำเร็จรูป
T-202998,2025-07-27,ถุงพลาสติก
T-202998,2025-07-27,น้ำดื่ม
T-202998,2025-07-27,บะหมี่กึ่งสำเร็จรูป
T-202999,2025-09-18,ถุงพลาสติก
T-202999,2025-09-18,นมสด
T-202999,2025-09-18,แชมพู
T-203000,2025-09-02,ชาเขียว
T-203000,2025-09-02,ถุงพลาสติก
T-203000,2025-09-02,นมสด
T-203000,2025-09-02,บะหมี่กึ่งสำเร็จรูป
T-203000,2025-09-02,แชมพู
T-203001,2025-07-02,ถุงพลาสติก
T-203001,2025-07-02,ผ้าอ้อม
T-203001,2025-07-02,ผ้าเช็ดทำความสะอาด
T-203001,2025-07-02,เบียร์
T-203001,2025-07-02,แชมพู
T-203001,2025-07-02,ไข่ไก่
T-203002,2025-09-15,ขนมปัง
T-203002,2025-09-15,บะหมี่กึ่งสำเร็จรูป
T-203002,2025-09-15,เบียร์
T-203003,2025-08-16,ขนมปัง
T-203003,2025-08-16,ไข่ไก่
T-203004,2025-08-10,ชาเขียว
T-203004,2025-08-10,ถุงพลาสติก
T-203004,2025-08-10,ผ้าอ้อม
T-203004,2025-08-10,ผ้าเช็ดทำความสะอาด
T-203005,2025-08-07,ชาเขียว
T-203005,2025-08-07,ถุงพลาสติก
T-203006,2025-08-05,ถุงพลาสติก
T-203006,2025-08-05,นมสด
T-203007,2025-08-10,ถุงพลาสติก
T-203007,2025-08-10,มันฝรั่งทอด
T-203008,2025-08-12,ชาเขียว
T-203008,2025-08-12,ถุงพลาสติก
T-203008,2025-08-12,น้ำดื่ม
T-203008,2025-08-12,ผงซักฟอก
T-203009,2025-07-22,ถุงพลาสติก
T-203009,2025-07-22,น้ำดื่ม
T-203009,2025-07-22,ผงซักฟอก
T-203009,2025-07-22,ไข่ไก่
T-203010,2025-07-18,กาแฟสด
T-203010,2025-07-18,ถุงพลาสติก
T-203010,2025-07-18,น้ำดื่ม
T-203010,2025-07-18,เบียร์
T-203011,2025-07-19,ถุงพลาสติก
T-203011,2025-07-19,นมสด
T-203011,2025-07-19,น้ำดื่ม
T-203011,2025-07-19,ผ้าอ้อม
T-203011,2025-07-19,ไข่ไก่
T-203012,2025-09-04,ชาเขียว
T-203012,2025-09-04,ไข่ไก่
T-203013,2025-09-24,ถุงพลาสติก
T-203013,2025-09-24,น้ำดื่ม
T-203013,2025-09-24,มันฝรั่งทอด
T-203013,2025-09-24,แชมพู
T-203014,2025-09-02,กาแฟสด
T-203014,2025-09-02,ถุงพลาสติก
T-203014,2025-09-02,นมสด
T-203014,2025-09-02,บะหมี่กึ่งสำเร็จรูป
T-203014,2025-09-02,ผ้าอ้อม
T-203014,2025-09-02,ผ้าเช็ดทำความสะอาด
T-203015,2025-07-06,ถุงพลาสติก
T-203015,2025-07-06,ไข่ไก่
T-203016,2025-07-18,ถุงพลาสติก
T-203016,2025-07-18,นมสด
T-203016,2025-07-18,น้ำดื่ม
T-203016,2025-07-18,แชมพู
T-203017,2025-08-26,ชาเขียว
T-203017,2025-08-26,ถุงพลาสติก
T-203018,2025-08-02,กาแฟสด
T-203018,2025-08-02,ถุงพลาสติก
T-203018,2025-08-02,นมสด
T-203019,2025-07-10,ถุงพลาสติก
T-203020,2025-07-29,ขนมปัง
T-203020,2025-07-29,ถุงพลาสติก
T-203020,2025-07-29,นมสด
T-203021,2025-07-02,กาแฟสด
T-203021,2025-07-02,ขนมปัง
T-203021,2025-07-02,บะหมี่กึ่งสำเร็จรูป
T-203021,2025-07-02,เบียร์
T-203022,2025-07-03,ถุงพลาสติก
T-203022,2025-07-03,น้ำดื่ม
T-203022,2025-07-03,ไข่ไก่
T-203023,2025-09-15,กาแฟสด
T-203023,2025-09-15,ถุงพลาสติก
T-203023,2025-09-15,น้ำดื่ม
T-203023,2025-09-15,บะหมี่กึ่งสำเร็จรูป
T-203023,2025-09-15,แชมพู
T-203024,2025-09-02,กาแฟสด
T-203024,2025-09-02,ขนมปัง
T-203024,2025-09-02,ผงซักฟอก
T-203024,2025-09-02,ผ้าอ้อม
T-203024,2025-09-02,ผ้าเช็ดทำความสะอาด
T-203025,2025-08-04,ชาเขียว
T-203025,2025-08-04,ไข่ไก่
T-203026,2025-08-24,ถุงพลาสติก
T-203026,2025-08-24,บะหมี่กึ่งสำเร็จรูป
T-203026,2025-08-24,ผ้าอ้อม
T-203026,2025-08-24,มันฝรั่งทอด
T-203027,2025-07-02,กาแฟสด
T-203027,2025-07-02,ถุงพลาสติก
T-203027,2025-07-02,น้ำดื่ม
T-203027,2025-07-02,บะหมี่กึ่งสำเร็จรูป
T-203027,2025-07-02,เบียร์
T-203028,2025-07-27,ชาเขียว
T-203028,2025-07-27,ถุงพลาสติก
T-203028,2025-07-27,แชมพู
T-203029,2025-07-04,ถุงพลาสติก
T-203029,2025-07-04,นมสด
T-203030,2025-08-22,ถุงพลาสติก
T-203030,2025-08-22,น้ำดื่ม
T-203030,2025-08-22,เบียร์
T-203031,2025-09-12,ขนมปัง
T-203031,2025-09-12,ถุงพลาสติก
T-203031,2025-09-12,เบียร์
T-203032,2025-07-19,บะหมี่กึ่งสำเร็จรูป
T-203033,2025-07-02,ชาเขียว
T-203033,2025-07-02,ถุงพลาสติก
T-203033,2025-07-02,ผงซักฟอก
T-203033,2025-07-02,เบียร์
T-203034,2025-07-20,ถุงพลาสติก
T-203034,2025-07-20,น้ำดื่ม
T-203035,2025-07-07,ถุงพลาสติก
T-203035,2025-07-07,น้ำดื่ม
T-203035,2025-07-07,เบียร์
T-203035,2025-07-07,ไข่ไก่
T-203036,2025-07-01,กาแฟสด
T-203036,2025-07-01,น้ำดื่ม
T-203037,2025-09-07,น้ำดื่ม
T-203038,2025-07-14,ถุงพลาสติก
T-203038,2025-07-14,น้ำดื่ม
T-203038,2025-07-14,ผ้าเช็ดทำความสะอาด
T-203039,2025-09-11,ถุงพลาสติก
T-203039,2025-09-11,น้ำดื่ม
T-203039,2025-09-11,บะหมี่กึ่งสำเร็จรูป
T-203040,2025-07-23,กาแฟสด
T-203040,2025-07-23,ถุงพลาสติก
T-203040,2025-07-23,ไข่ไก่
T-203041,2025-07-09,น้ำดื่ม
T-203041,2025-07-09,ผงซักฟอก
T-203041,2025-07-09,ไข่ไก่
T-203042,2025-08-07,ถุงพลาสติก
T-203043,2025-09-12,ขนมปัง
T-203043,2025-09-12,ถุงพลาสติก
T-203043,2025-09-12,น้ำดื่ม
T-203043,2025-09-12,บะหมี่กึ่งสำเร็จรูป
T-203044,2025-07-06,ขนมปัง
T-203044,2025-07-06,ถุงพลาสติก
T-203044,2025-07-06,ไข่ไก่
T-203045,2025-08-05,ถุงพลาสติก
T-203045,2025-08-05,น้ำดื่ม
T-203045,2025-08-05,ผ้าอ้อม
T-203045,2025-08-05,ผ้าเช็ดทำความสะอาด
T-203045,2025-08-05,มันฝรั่งทอด
T-203046,2025-08-23,ถุงพลาสติก
T-203046,2025-08-23,เบียร์
T-203047,2025-09-02,ขนมปัง
T-203047,2025-09-02,ถุงพลาสติก
T-203047,2025-09-02,เบียร์
T-203048,2025-08-17,ถุงพลาสติก
T-203048,2025-08-17,นมสด
T-203048,2025-08-17,บะหมี่กึ่งสำเร็จรูป
T-203048,2025-08-17,ผ้าอ้อม
T-203048,2025-08-17,ผ้าเช็ดทำความสะอาด
T-203048,2025-08-17,มันฝรั่งทอด
T-203048,2025-08-17,แชมพู
T-203049,2025-08-03,ชาเขียว
T-203049,2025-08-03,บะหมี่กึ่งสำเร็จรูป
T-203049,2025-08-03,ผ้าเช็ดทำความสะอาด
T-203049,2025-08-03,เบียร์
T-203049,2025-08-03,ไข่ไก่
T-203050,2025-07-24,ถุงพลาสติก
T-203050,2025-07-24,น้ำดื่ม
T-203051,2025-07-07,ถุงพลาสติก
T-203051,2025-07-07,น้ำดื่ม
T-203051,2025-07-07,บะหมี่กึ่งสำเร็จรูป
T-203051,2025-07-07,ไข่ไก่
T-203052,2025-07-11,ขนมปัง
T-203052,2025-07-11,ถุงพลาสติก
T-203053,2025-09-09,ขนมปัง
T-203053,2025-09-09,ถุงพลาสติก
T-203053,2025-09-09,น้ำดื่ม
T-203053,2025-09-09,บะหมี่กึ่งสำเร็จรูป
T-203053,2025-09-09,ผ้าเช็ดทำความสะอาด
T-203053,2025-09-09,ไข่ไก่
T-203054,2025-08-10,ขนมปัง
T-203054,2025-08-10,บะหมี่กึ่งสำเร็จรูป
T-203055,2025-08-10,ถุงพลาสติก
T-203056,2025-07-17,ถุงพลาสติก
T-203056,2025-07-17,นมสด
T-203057,2025-09-21,ขนมปัง
T-203057,2025-09-21,ถุงพลาสติก
T-203057,2025-09-21,ผงซักฟอก
T-203058,2025-09-12,ขนมปัง
T-203058,2025-09-12,นมสด
T-203058,2025-09-12,ไข่ไก่
T-203059,2025-09-01,ถุงพลาสติก
T-203059,2025-09-01,บะหมี่กึ่งสำเร็จรูป
T-203059,2025-09-01,ผงซักฟอก
T-203059,2025-09-01,ผ้าอ้อม
T-203059,2025-09-01,ผ้าเช็ดทำความสะอาด
T-203059,2025-09-01,มันฝรั่งทอด
T-203060,2025-08-04,ถุงพลาสติก
T-203060,2025-08-04,น้ำดื่ม
T-203061,2025-08-13,นมสด
T-203061,2025-08-13,มันฝรั่งทอด
T-203062,2025-07-01,ถุงพลาสติก
T-203062,2025-07-01,ไข่ไก่
T-203063,2025-08-08,กาแฟสด
T-203063,2025-08-08,ถุงพลาสติก
T-203063,2025-08-08,ผงซักฟอก
T-203064,2025-07-26,ถุงพลาสติก
T-203064,2025-07-26,มันฝรั่งทอด
T-203065,2025-07-21,ถุงพลาสติก
T-203065,2025-07-21,แชมพู
T-203066,2025-07-19,ถุงพลาสติก
T-203066,2025-07-19,น้ำดื่ม
T-203067,2025-09-11,กาแฟสด
T-203067,2025-09-11,ขนมปัง
T-203067,2025-09-11,ถุงพลาสติก
T-203067,2025-09-11,นมสด
T-203067,2025-09-11,น้ำดื่ม
T-203067,2025-09-11,ผ้าอ้อม
T-203067,2025-09-11,ผ้าเช็ดทำความสะอาด
T-203067,2025-09-11,เบียร์
T-203068,2025-08-10,ถุงพลาสติก
T-203069,2025-07-27,ขนมปัง
T-203069,2025-07-27,ถุงพลาสติก
T-203069,2025-07-27,บะหมี่กึ่งสำเร็จรูป
T-203070,2025-08-18,กาแฟสด
T-203070,2025-08-18,ขนมปัง
T-203070,2025-08-18,ถุงพลาสติก
T-203070,2025-08-18,นมสด
T-203070,2025-08-18,น้ำดื่ม
T-203071,2025-09-26,กาแฟสด
T-203072,2025-07-30,ขนมปัง
T-203072,2025-07-30,ถุงพลาสติก
T-203072,2025-07-30,น้ำดื่ม
T-203073,2025-08-25,กาแฟสด
T-203073,2025-08-25,ถุงพลาสติก
T-203074,2025-09-08,ขนมปัง
T-203074,2025-09-08,น้ำดื่ม
T-203074,2025-09-08,มันฝรั่งทอด
T-203074,2025-09-08,เบียร์
T-203074,2025-09-08,ไข่ไก่
T-203075,2025-09-10,ขนมปัง
T-203075,2025-09-10,ถุงพลาสติก
T-203075,2025-09-10,นมสด
T-203075,2025-09-10,ผงซักฟอก
T-203076,2025-09-18,ถุงพลาสติก
T-203076,2025-09-18,นมสด
T-203076,2025-09-18,น้ำดื่ม
T-203077,2025-08-07,ถุงพลาสติก
T-203077,2025-08-07,นมสด
T-203078,2025-07-21,ขนมปัง
T-203078,2025-07-21,ชาเขียว
T-203078,2025-07-21,ถุงพลาสติก
T-203078,2025-07-21,มันฝรั่งทอด
T-203079,2025-09-13,ถุงพลาสติก
T-203079,2025-09-13,น้ำดื่ม
T-203079,2025-09-13,มันฝรั่งทอด
T-203079,2025-09-13,ไข่ไก่
T-203080,2025-09-11,กาแฟสด
T-203080,2025-09-11,ถุงพลาสติก
T-203081,2025-07-03,บะหมี่กึ่งสำเร็จรูป
T-203082,2025-08-29,ถุงพลาสติก
T-203082,2025-08-29,นมสด
T-203083,2025-08-13,ถุงพลาสติก
T-203083,2025-08-13,น้ำดื่ม
T-203083,2025-08-13,บะหมี่กึ่งสำเร็จรูป
T-203083,2025-08-13,มันฝรั่งทอด
T-203084,2025-09-19,ขนมปัง
T-203084,2025-09-19,ถุงพลาสติก
T-203084,2025-09-19,เบียร์
T-203085,2025-07-31,ถุงพลาสติก
T-203085,2025-07-31,นมสด
T-203085,2025-07-31,น้ำดื่ม
T-203085,2025-07-31,ไข่ไก่
T-203086,2025-08-01,กาแฟสด
T-203086,2025-08-01,ถุงพลาสติก
T-203086,2025-08-01,บะหมี่กึ่งสำเร็จรูป
T-203086,2025-08-01,ผ้าอ้อม
T-203086,2025-08-01,มันฝรั่งทอด
T-203086,2025-08-01,เบียร์
T-203087,2025-08-31,ถุงพลาสติก
T-203087,2025-08-31,แชมพู
T-203087,2025-08-31,ไข่ไก่
T-203088,2025-08-18,ถุงพลาสติก
T-203088,2025-08-18,นมสด
T-203088,2025-08-18,น้ำดื่ม
T-203088,2025-08-18,ไข่ไก่
T-203089,2025-09-02,กาแฟสด
T-203089,2025-09-02,ถุงพลาสติก
T-203090,2025-07-21,ถุงพลาสติก
T-203090,2025-07-21,นมสด
T-203090,2025-07-21,เบียร์
T-203091,2025-08-25,ถุงพลาสติก
T-203091,2025-08-25,น้ำดื่ม
T-203091,2025-08-25,ผงซักฟอก
T-203091,2025-08-25,ผ้าเช็ดทำความสะอาด
T-203091,2025-08-25,ไข่ไก่
T-203092,2025-09-18,ชาเขียว
T-203092,2025-09-18,ถุงพลาสติก
T-203092,2025-09-18,น้ำดื่ม
T-203093,2025-07-13,ขนมปัง
T-203093,2025-07-13,ชาเขียว
T-203093,2025-07-13,ถุงพลาสติก
T-203093,2025-07-13,น้ำดื่ม
T-203093,2025-07-13,ไข่ไก่
T-203094,2025-07-22,ถุงพลาสติก
T-203094,2025-07-22,นมสด
T-203094,2025-07-22,ไข่ไก่
T-203095,2025-09-20,กาแฟสด
T-203095,2025-09-20,ถุงพลาสติก
T-203095,2025-09-20,มันฝรั่งทอด
T-203095,2025-09-20,เบียร์
T-203095,2025-09-20,แชมพู
T-203096,2025-07-26,ผ้าเช็ดทำความสะอาด
T-203096,2025-07-26,มันฝรั่งทอด
T-203097,2025-08-02,ขนมปัง
T-203097,2025-08-02,ถุงพลาสติก
T-203097,2025-08-02,นมสด
T-203097,2025-08-02,บะหมี่กึ่งสำเร็จรูป
T-203097,2025-08-02,เบียร์
T-203097,2025-08-02,ไข่ไก่
T-203098,2025-08-06,ขนมปัง
T-203098,2025-08-06,ถุงพลาสติก
T-203098,2025-08-06,ไข่ไก่
T-203099,2025-07-05,ขนมปัง
T-203099,2025-07-05,ถุงพลาสติก
T-203099,2025-07-05,ไข่ไก่
T-203100,2025-07-18,ขนมปัง
T-203100,2025-07-18,ถุงพลาสติก
T-203100,2025-07-18,ผ้าอ้อม
T-203100,2025-07-18,ผ้าเช็ดทำความสะอาด
T-203101,2025-08-18,ถุงพลาสติก
T-203101,2025-08-18,ผ้าอ้อม
T-203101,2025-08-18,มันฝรั่งทอด
T-203102,2025-07-08,กาแฟสด
T-203102,2025-07-08,ถุงพลาสติก
T-203102,2025-07-08,ไข่ไก่
T-203103,2025-07-25,ถุงพลาสติก
T-203103,2025-07-25,น้ำดื่ม
T-203104,2025-09-12,ถุงพลาสติก
T-203104,2025-09-12,น้ำดื่ม
T-203104,2025-09-12,ผงซักฟอก
T-203104,2025-09-12,มันฝรั่งทอด
T-203105,2025-07-21,ถุงพลาสติก
T-203105,2025-07-21,น้ำดื่ม
T-203105,2025-07-21,มันฝรั่งทอด
T-203105,2025-07-21,แชมพู
T-203106,2025-09-26,ผงซักฟอก
T-203107,2025-07-03,ชาเขียว
T-203107,2025-07-03,ถุงพลาสติก
T-203107,2025-07-03,บะหมี่กึ่งสำเร็จรูป
T-203108,2025-07-23,กาแฟสด
T-203108,2025-07-23,ถุงพลาสติก
T-203108,2025-07-23,น้ำดื่ม
T-203108,2025-07-23,เบียร์
T-203109,2025-09-02,ชาเขียว
T-203109,2025-09-02,บะหมี่กึ่งสำเร็จรูป
T-203110,2025-09-24,กาแฟสด
T-203110,2025-09-24,ขนมปัง
T-203110,2025-09-24,ถุงพลาสติก
T-203110,2025-09-24,บะหมี่กึ่งสำเร็จรูป
T-203111,2025-07-25,กาแฟสด
T-203111,2025-07-25,มันฝรั่งทอด
T-203112,2025-08-04,ขนมปัง
T-203112,2025-08-04,ชาเขียว
T-203112,2025-08-04,ถุงพลาสติก
T-203112,2025-08-04,ไข่ไก่
T-203113,2025-09-11,ขนมปัง
T-203113,2025-09-11,ชาเขียว
T-203113,2025-09-11,ถุงพลาสติก
T-203113,2025-09-11,นมสด
T-203113,2025-09-11,มันฝรั่งทอด
T-203114,2025-08-07,ถุงพลาสติก
T-203114,2025-08-07,น้ำดื่ม
T-203114,2025-08-07,บะหมี่กึ่งสำเร็จรูป
T-203114,2025-08-07,ผ้าอ้อม
T-203114,2025-08-07,ผ้าเช็ดทำความสะอาด
T-203115,2025-07-02,ถุงพลาสติก
T-203115,2025-07-02,นมสด
T-203115,2025-07-02,เบียร์
T-203116,2025-07-05,ชาเขียว
T-203116,2025-07-05,มันฝรั่งทอด
T-203117,2025-07-15,ถุงพลาสติก
T-203117,2025-07-15,มันฝรั่งทอด
T-203117,2025-07-15,แชมพู
T-203118,2025-09-20,ถุงพลาสติก
T-203118,2025-09-20,นมสด
T-203119,2025-09-15,กาแฟสด
T-203119,2025-09-15,ขนมปัง
T-203119,2025-09-15,ถุงพลาสติก
T-203119,2025-09-15,เบียร์
T-203120,2025-09-26,กาแฟสด
T-203120,2025-09-26,ขนมปัง
T-203120,2025-09-26,ถุงพลาสติก
T-203120,2025-09-26,ผ้าอ้อม
T-203120,2025-09-26,ผ้าเช็ดทำความสะอาด
T-203121,2025-08-06,กาแฟสด
T-203121,2025-08-06,ถุงพลาสติก
T-203121,2025-08-06,น้ำดื่ม
T-203121,2025-08-06,มันฝรั่งทอด
T-203122,2025-07-23,ถุงพลาสติก
T-203123,2025-07-16,ชาเขียว
T-203123,2025-07-16,ถุงพลาสติก
T-203123,2025-07-16,น้ำดื่ม
T-203123,2025-07-16,บะหมี่กึ่งสำเร็จรูป
T-203124,2025-08-01,ชาเขียว
T-203124,2025-08-01,ถุงพลาสติก
T-203125,2025-09-03,ขนมปัง
T-203125,2025-09-03,ถุงพลาสติก
T-203125,2025-09-03,น้ำดื่ม
T-203125,2025-09-03,แชมพู
T-203126,2025-07-14,ชาเขียว
T-203126,2025-07-14,ถุงพลาสติก
T-203126,2025-07-14,ผ้าอ้อม
T-203126,2025-07-14,ผ้าเช็ดทำความสะอาด
T-203126,2025-07-14,เบียร์
T-203127,2025-07-24,ถุงพลาสติก
T-203128,2025-08-21,ถุงพลาสติก
T-203128,2025-08-21,น้ำดื่ม
T-203128,2025-08-21,เบียร์
T-203129,2025-09-15,กาแฟสด
T-203129,2025-09-15,ขนมปัง
T-203129,2025-09-15,ถุงพลาสติก
T-203129,2025-09-15,มันฝรั่งทอด
T-203129,2025-09-15,ไข่ไก่
T-203130,2025-07-05,นมสด
T-203130,2025-07-05,บะหมี่กึ่งสำเร็จรูป
T-203130,2025-07-05,ผ้าเช็ดทำความสะอาด
T-203130,2025-07-05,แชมพู
T-203131,2025-07-27,ขนมปัง
T-203131,2025-07-27,ถุงพลาสติก
T-203131,2025-07-27,นมสด
T-203131,2025-07-27,น้ำดื่ม
T-203131,2025-07-27,เบียร์
T-203132,2025-07-05,บะหมี่กึ่งสำเร็จรูป
T-203132,2025-07-05,มันฝรั่งทอด
T-203133,2025-07-15,ขนมปัง
T-203133,2025-07-15,ถุงพลาสติก
T-203133,2025-07-15,น้ำดื่ม
T-203134,2025-07-02,กาแฟสด
T-203134,2025-07-02,ถุงพลาสติก
T-203134,2025-07-02,ผงซักฟอก
T-203134,2025-07-02,มันฝรั่งทอด
T-203135,2025-07-12,ชาเขียว
T-203135,2025-07-12,ถุงพลาสติก
T-203135,2025-07-12,นมสด
T-203135,2025-07-12,น้ำดื่ม
T-203136,2025-08-03,กาแฟสด
T-203136,2025-08-03,ถุงพลาสติก
T-203136,2025-08-03,บะหมี่กึ่งสำเร็จรูป
T-203136,2025-08-03,ผ้าอ้อม
T-203136,2025-08-03,มันฝรั่งทอด
T-203136,2025-08-03,เบียร์
T-203136,2025-08-03,ไข่ไก่
T-203137,2025-07-10,ถุงพลาสติก
T-203137,2025-07-10,น้ำดื่ม
T-203137,2025-07-10,ผงซักฟอก
T-203137,2025-07-10,แชมพู
T-203138,2025-08-26,กาแฟสด
T-203138,2025-08-26,ขนมปัง
T-203138,2025-08-26,ถุงพลาสติก
T-203138,2025-08-26,ไข่ไก่
T-203139,2025-09-05,กาแฟสด
T-203139,2025-09-05,ขนมปัง
T-203139,2025-09-05,ถุงพลาสติก
T-203139,2025-09-05,น้ำดื่ม
T-203139,2025-09-05,มันฝรั่งทอด
T-203139,2025-09-05,เบียร์
T-203140,2025-08-11,กาแฟสด
T-203140,2025-08-11,ถุงพลาสติก
T-203140,2025-08-11,บะหมี่กึ่งสำเร็จรูป
T-203140,2025-08-11,มันฝรั่งทอด
T-203141,2025-09-12,ถุงพลาสติก
T-203141,2025-09-12,ผ้าอ้อม
T-203142,2025-07-12,ขนมปัง
T-203142,2025-07-12,ถุงพลาสติก
T-203142,2025-07-12,เบียร์
T-203143,2025-09-24,ขนมปัง
T-203143,2025-09-24,ถุงพลาสติก
T-203143,2025-09-24,น้ำดื่ม
T-203143,2025-09-24,บะหมี่กึ่งสำเร็จรูป
T-203143,2025-09-24,เบียร์
T-203144,2025-09-20,ถุงพลาสติก
T-203145,2025-09-13,นมสด
T-203145,2025-09-13,น้ำดื่ม
T-203145,2025-09-13,ผ้าอ้อม
T-203145,2025-09-13,ผ้าเช็ดทำความสะอาด
T-203145,2025-09-13,ไข่ไก่
T-203146,2025-09-15,กาแฟสด
T-203146,2025-09-15,ถุงพลาสติก
T-203146,2025-09-15,นมสด
T-203146,2025-09-15,มันฝรั่งทอด
T-203146,2025-09-15,ไข่ไก่
T-203147,2025-07-05,ถุงพลาสติก
T-203147,2025-07-05,นมสด
T-203147,2025-07-05,แชมพู
T-203148,2025-09-08,ถุงพลาสติก
T-203149,2025-07-26,ผงซักฟอก
T-203150,2025-09-05,ขนมปัง
T-203150,2025-09-05,นมสด
T-203150,2025-09-05,น้ำดื่ม
T-203150,2025-09-05,ผ้าเช็ดทำความสะอาด
T-203151,2025-08-03,ขนมปัง
T-203151,2025-08-03,ไข่ไก่
T-203152,2025-08-28,ถุงพลาสติก
T-203152,2025-08-28,น้ำดื่ม
T-203152,2025-08-28,ผ้าเช็ดทำความสะอาด
T-203153,2025-07-10,ถุงพลาสติก
T-203153,2025-07-10,น้ำดื่ม
T-203154,2025-08-10,ถุงพลาสติก
T-203154,2025-08-10,นมสด
T-203155,2025-07-19,กาแฟสด
T-203155,2025-07-19,ถุงพลาสติก
T-203155,2025-07-19,มันฝรั่งทอด
T-203155,2025-07-19,ไข่ไก่
T-203156,2025-08-18,น้ำดื่ม
T-203156,2025-08-18,ผงซักฟอก
T-203157,2025-09-11,กาแฟสด
T-203157,2025-09-11,ขนมปัง
T-203157,2025-09-11,ถุงพลาสติก
T-203158,2025-09-22,ขนมปัง
T-203158,2025-09-22,ถุงพลาสติก
T-203158,2025-09-22,นมสด
T-203158,2025-09-22,น้ำดื่ม
T-203159,2025-08-05,ขนมปัง
T-203159,2025-08-05,ถุงพลาสติก
T-203159,2025-08-05,น้ำดื่ม
T-203159,2025-08-05,มันฝรั่งทอด
T-203159,2025-08-05,เบียร์
T-203160,2025-09-12,ชาเขียว
T-203160,2025-09-12,ถุงพลาสติก
T-203161,2025-07-23,ชาเขียว
T-203161,2025-07-23,ถุงพลาสติก
T-203161,2025-07-23,มันฝรั่งทอด
T-203161,2025-07-23,แชมพู
T-203162,2025-09-08,ถุงพลาสติก
T-203162,2025-09-08,น้ำดื่ม
T-203163,2025-09-09,ชาเขียว
T-203163,2025-09-09,ถุงพลาสติก
T-203163,2025-09-09,นมสด
T-203164,2025-09-22,ถุงพลาสติก
T-203165,2025-08-31,ถุงพลาสติก
T-203166,2025-07-01,ถุงพลาสติก
T-203166,2025-07-01,น้ำดื่ม
T-203167,2025-09-24,กาแฟสด
T-203167,2025-09-24,ขนมปัง
T-203167,2025-09-24,ถุงพลาสติก
T-203167,2025-09-24,นมสด
T-203168,2025-08-22,ถุงพลาสติก
T-203168,2025-08-22,น้ำดื่ม
T-203168,2025-08-22,ผงซักฟอก
T-203168,2025-08-22,ผ้าอ้อม
T-203168,2025-08-22,มันฝรั่งทอด
T-203169,2025-09-01,กาแฟสด
T-203169,2025-09-01,ถุงพลาสติก
T-203169,2025-09-01,น้ำดื่ม
T-203170,2025-07-10,ถุงพลาสติก
T-203170,2025-07-10,น้ำดื่ม
T-203170,2025-07-10,ผ้าอ้อม
T-203170,2025-07-10,ผ้าเช็ดทำความสะอาด
T-203171,2025-07-24,น้ำดื่ม
T-203172,2025-09-19,กาแฟสด
T-203172,2025-09-19,ถุงพลาสติก
T-203172,2025-09-19,นมสด
T-203172,2025-09-19,ผ้าอ้อม
T-203172,2025-09-19,ผ้าเช็ดทำความสะอาด
T-203173,2025-07-24,กาแฟสด
T-203173,2025-07-24,ขนมปัง
T-203173,2025-07-24,ถุงพลาสติก
T-203174,2025-07-13,ชาเขียว
T-203174,2025-07-13,ถุงพลาสติก
T-203174,2025-07-13,นมสด
T-203175,2025-09-28,ถุงพลาสติก
T-203175,2025-09-28,ผ้าอ้อม
T-203175,2025-09-28,มันฝรั่งทอด
T-203175,2025-09-28,เบียร์
T-203176,2025-09-10,ขนมปัง
T-203176,2025-09-10,ถุงพลาสติก
T-203176,2025-09-10,บะหมี่กึ่งสำเร็จรูป
T-203177,2025-09-06,ถุงพลาสติก
T-203177,2025-09-06,นมสด
T-203178,2025-07-16,ถุงพลาสติก
T-203179,2025-09-12,ถุงพลาสติก
T-203179,2025-09-12,ไข่ไก่
T-203180,2025-09-12,ถุงพลาสติก
T-203180,2025-09-12,นมสด
T-203180,2025-09-12,เบียร์
T-203180,2025-09-12,ไข่ไก่
T-203181,2025-08-28,กาแฟสด
T-203181,2025-08-28,ถุงพลาสติก
T-203181,2025-08-28,น้ำดื่ม
T-203181,2025-08-28,บะหมี่กึ่งสำเร็จรูป
T-203181,2025-08-28,เบียร์
T-203182,2025-07-08,ถุงพลาสติก
T-203183,2025-08-16,ถุงพลาสติก
T-203183,2025-08-16,แชมพู
T-203184,2025-09-03,กาแฟสด
T-203184,2025-09-03,ขนมปัง
T-203184,2025-09-03,ถุงพลาสติก
T-203185,2025-09-02,ถุงพลาสติก
T-203186,2025-08-26,ถุงพลาสติก
T-203186,2025-08-26,น้ำดื่ม
T-203186,2025-08-26,บะหมี่กึ่งสำเร็จรูป
T-203186,2025-08-26,ผ้าอ้อม
T-203186,2025-08-26,ผ้าเช็ดทำความสะอาด
T-203186,2025-08-26,มันฝรั่งทอด
T-203187,2025-08-23,กาแฟสด
T-203187,2025-08-23,ถุงพลาสติก
T-203187,2025-08-23,บะหมี่กึ่งสำเร็จรูป
T-203187,2025-08-23,เบียร์
T-203188,2025-09-19,ชาเขียว
T-203188,2025-09-19,ถุงพลาสติก
T-203188,2025-09-19,นมสด
T-203188,2025-09-19,น้ำดื่ม
T-203188,2025-09-19,บะหมี่กึ่งสำเร็จรูป
T-203189,2025-07-23,กาแฟสด
T-203189,2025-07-23,ถุงพลาสติก
T-203189,2025-07-23,ผ้าอ้อม
T-203189,2025-07-23,ผ้าเช็ดทำความสะอาด
T-203189,2025-07-23,เบียร์
T-203190,2025-07-12,กาแฟสด
T-203190,2025-07-12,ถุงพลาสติก
T-203190,2025-07-12,นมสด
T-203190,2025-07-12,ผ้าอ้อม
T-203190,2025-07-12,ผ้าเช็ดทำความสะอาด
T-203190,2025-07-12,มันฝรั่งทอด
T-203190,2025-07-12,เบียร์
T-203190,2025-07-12,แชมพู
T-203191,2025-07-29,ถุงพลาสติก
T-203191,2025-07-29,นมสด
T-203191,2025-07-29,น้ำดื่ม
T-203191,2025-07-29,ผงซักฟอก
T-203192,2025-08-27,กาแฟสด
T-203192,2025-08-27,ถุงพลาสติก
T-203192,2025-08-27,บะหมี่กึ่งสำเร็จรูป
T-203192,2025-08-27,ผงซักฟอก
T-203192,2025-08-27,มันฝรั่งทอด
T-203192,2025-08-27,ไข่ไก่
T-203193,2025-09-21,ถุงพลาสติก
T-203193,2025-09-21,บะหมี่กึ่งสำเร็จรูป
T-203194,2025-09-09,ถุงพลาสติก
T-203195,2025-08-02,ขนมปัง
T-203195,2025-08-02,ชาเขียว
T-203195,2025-08-02,ผ้าอ้อม
T-203196,2025-08-28,ขนมปัง
T-203196,2025-08-28,ถุงพลาสติก
T-203196,2025-08-28,น้ำดื่ม
T-203197,2025-09-26,กาแฟสด
T-203197,2025-09-26,ถุงพลาสติก
T-203197,2025-09-26,นมสด
T-203197,2025-09-26,ผงซักฟอก
T-203198,2025-09-04,กาแฟสด
T-203198,2025-09-04,ถุงพลาสติก
T-203199,2025-08-15,ถุงพลาสติก
T-203200,2025-07-19,กาแฟสด
T-203200,2025-07-19,ถุงพลาสติก
T-203200,2025-07-19,บะหมี่กึ่งสำเร็จรูป
T-203201,2025-07-02,ถุงพลาสติก
T-203201,2025-07-02,น้ำดื่ม
T-203201,2025-07-02,ผ้าอ้อม
T-203201,2025-07-02,ผ้าเช็ดทำความสะอาด
T-203202,2025-08-02,กาแฟสด
T-203202,2025-08-02,ถุงพลาสติก
T-203203,2025-07-16,ถุงพลาสติก
T-203203,2025-07-16,ไข่ไก่
T-203204,2025-08-22,กาแฟสด
T-203204,2025-08-22,ขนมปัง
T-203204,2025-08-22,บะหมี่กึ่งสำเร็จรูป
T-203204,2025-08-22,ผ้าอ้อม
T-203205,2025-08-29,ชาเขียว
T-203205,2025-08-29,ถุงพลาสติก
T-203205,2025-08-29,นมสด
T-203205,2025-08-29,ผงซักฟอก
T-203206,2025-08-29,กาแฟสด
T-203206,2025-08-29,ถุงพลาสติก
T-203206,2025-08-29,นมสด
T-203206,2025-08-29,มันฝรั่งทอด
T-203206,2025-08-29,เบียร์
T-203207,2025-08-21,ขนมปัง
T-203207,2025-08-21,ถุงพลาสติก
T-203207,2025-08-21,นมสด
T-203207,2025-08-21,ผ้าอ้อม
T-203207,2025-08-21,ผ้าเช็ดทำความสะอาด
T-203207,2025-08-21,เบียร์
T-203208,2025-09-22,ขนมปัง
T-203208,2025-09-22,ชาเขียว
T-203208,2025-09-22,เบียร์
T-203209,2025-08-22,ถุงพลาสติก
T-203209,2025-08-22,ไข่ไก่
T-203210,2025-09-02,ขนมปัง
T-203210,2025-09-02,ถุงพลาสติก
T-203210,2025-09-02,น้ำดื่ม
T-203210,2025-09-02,แชมพู
T-203211,2025-08-16,ชาเขียว
T-203211,2025-08-16,ถุงพลาสติก
T-203211,2025-08-16,น้ำดื่ม
T-203211,2025-08-16,เบียร์
T-203211,2025-08-16,แชมพู
T-203211,2025-08-16,ไข่ไก่
T-203212,2025-07-09,น้ำดื่ม
T-203212,2025-07-09,แชมพู
T-203213,2025-08-23,ชาเขียว
T-203213,2025-08-23,ถุงพลาสติก
T-203213,2025-08-23,บะหมี่กึ่งสำเร็จรูป
T-203214,2025-09-09,กาแฟสด
T-203214,2025-09-09,นมสด
T-203215,2025-09-04,ถุงพลาสติก
T-203215,2025-09-04,ไข่ไก่
T-203216,2025-07-29,กาแฟสด
T-203216,2025-07-29,นมสด
T-203216,2025-07-29,บะหมี่กึ่งสำเร็จรูป
T-203216,2025-07-29,ผงซักฟอก
T-203217,2025-07-29,ผ้าอ้อม
T-203218,2025-08-28,กาแฟสด
T-203218,2025-08-28,ขนมปัง
T-203218,2025-08-28,มันฝรั่งทอด
T-203219,2025-09-24,ชาเขียว
T-203219,2025-09-24,บะหมี่กึ่งสำเร็จรูป
T-203220,2025-08-30,ขนมปัง
T-203220,2025-08-30,ถุงพลาสติก
T-203220,2025-08-30,บะหมี่กึ่งสำเร็จรูป
T-203221,2025-08-23,ถุงพลาสติก
T-203221,2025-08-23,น้ำดื่ม
T-203221,2025-08-23,บะหมี่กึ่งสำเร็จรูป
T-203222,2025-07-02,ชาเขียว
T-203222,2025-07-02,ถุงพลาสติก
T-203222,2025-07-02,น้ำดื่ม
T-203222,2025-07-02,เบียร์
T-203223,2025-08-02,ขนมปัง
T-203223,2025-08-02,ชาเขียว
T-203223,2025-08-02,ถุงพลาสติก
T-203223,2025-08-02,แชมพู
T-203224,2025-09-20,ถุงพลาสติก
T-203224,2025-09-20,ไข่ไก่
T-203225,2025-08-08,ขนมปัง
T-203225,2025-08-08,ถุงพลาสติก
T-203225,2025-08-08,นมสด
T-203225,2025-08-08,น้ำดื่ม
T-203226,2025-09-05,ชาเขียว
T-203226,2025-09-05,ถุงพลาสติก
T-203226,2025-09-05,นมสด
T-203226,2025-09-05,น้ำดื่ม
T-203226,2025-09-05,บะหมี่กึ่งสำเร็จรูป
T-203226,2025-09-05,ผ้าอ้อม
T-203226,2025-09-05,ผ้าเช็ดทำความสะอาด
T-203226,2025-09-05,มันฝรั่งทอด
T-203226,2025-09-05,เบียร์
T-203227,2025-09-11,กาแฟสด
T-203227,2025-09-11,ขนมปัง
T-203227,2025-09-11,ถุงพลาสติก
T-203228,2025-08-24,ถุงพลาสติก
T-203228,2025-08-24,น้ำดื่ม
T-203229,2025-09-02,กาแฟสด
T-203229,2025-09-02,ถุงพลาสติก
T-203229,2025-09-02,นมสด
T-203229,2025-09-02,บะหมี่กึ่งสำเร็จรูป
T-203230,2025-07-03,ถุงพลาสติก
T-203230,2025-07-03,นมสด
T-203230,2025-07-03,ผงซักฟอก
T-203230,2025-07-03,แชมพู
T-203231,2025-07-05,กาแฟสด
T-203231,2025-07-05,ถุงพลาสติก
T-203231,2025-07-05,นมสด
T-203231,2025-07-05,ผงซักฟอก
T-203231,2025-07-05,มันฝรั่งทอด
T-203231,2025-07-05,แชมพู
T-203232,2025-07-18,ถุงพลาสติก
T-203232,2025-07-18,น้ำดื่ม
T-203233,2025-07-15,กาแฟสด
T-203233,2025-07-15,ถุงพลาสติก
T-203233,2025-07-15,เบียร์
T-203234,2025-08-27,กาแฟสด
T-203234,2025-08-27,ถุงพลาสติก
T-203234,2025-08-27,น้ำดื่ม
T-203234,2025-08-27,บะหมี่กึ่งสำเร็จรูป
T-203234,2025-08-27,ผงซักฟอก
T-203235,2025-07-07,ขนมปัง
T-203235,2025-07-07,ถุงพลาสติก
T-203235,2025-07-07,เบียร์
T-203236,2025-07-12,ชาเขียว
T-203236,2025-07-12,ถุงพลาสติก
T-203237,2025-08-07,ถุงพลาสติก
T-203237,2025-08-07,บะหมี่กึ่งสำเร็จรูป
T-203237,2025-08-07,ไข่ไก่
T-203238,2025-07-05,ชาเขียว
T-203238,2025-07-05,ถุงพลาสติก
T-203238,2025-07-05,นมสด
T-203238,2025-07-05,ไข่ไก่
T-203239,2025-07-17,ถุงพลาสติก
T-203239,2025-07-17,มันฝรั่งทอด
T-203240,2025-08-12,ถุงพลาสติก
T-203240,2025-08-12,นมสด
T-203240,2025-08-12,น้ำดื่ม
T-203240,2025-08-12,ไข่ไก่
T-203241,2025-08-10,ชาเขียว
T-203241,2025-08-10,ถุงพลาสติก
T-203241,2025-08-10,บะหมี่กึ่งสำเร็จรูป
T-203241,2025-08-10,ไข่ไก่
T-203242,2025-08-06,ถุงพลาสติก
T-203242,2025-08-06,น้ำดื่ม
T-203242,2025-08-06,เบียร์
T-203242,2025-08-06,ไข่ไก่
T-203243,2025-09-17,ถุงพลาสติก
T-203243,2025-09-17,น้ำดื่ม
T-203243,2025-09-17,ไข่ไก่
T-203244,2025-08-08,ถุงพลาสติก
T-203244,2025-08-08,แชมพู
T-203245,2025-08-10,ชาเขียว
T-203245,2025-08-10,ถุงพลาสติก
T-203245,2025-08-10,ผงซักฟอก
T-203246,2025-07-27,ขนมปัง
T-203246,2025-07-27,ถุงพลาสติก
T-203246,2025-07-27,นมสด
T-203246,2025-07-27,มันฝรั่งทอด
T-203247,2025-07-01,ถุงพลาสติก
T-203247,2025-07-01,ผงซักฟอก
T-203247,2025-07-01,มันฝรั่งทอด
T-203248,2025-07-23,ชาเขียว
T-203249,2025-09-20,ถุงพลาสติก
T-203249,2025-09-20,นมสด
T-203249,2025-09-20,น้ำดื่ม
T-203249,2025-09-20,บะหมี่กึ่งสำเร็จรูป
T-203250,2025-07-23,ขนมปัง
T-203250,2025-07-23,ถุงพลาสติก
T-203250,2025-07-23,บะหมี่กึ่งสำเร็จรูป
T-203250,2025-07-23,ผงซักฟอก
T-203251,2025-07-14,ขนมปัง
T-203251,2025-07-14,ชาเขียว
T-203251,2025-07-14,ถุงพลาสติก
T-203251,2025-07-14,ผ้าอ้อม
T-203251,2025-07-14,ผ้าเช็ดทำความสะอาด
T-203251,2025-07-14,เบียร์
T-203251,2025-07-14,แชมพู
T-203252,2025-09-22,กาแฟสด
T-203252,2025-09-22,ถุงพลาสติก
T-203252,2025-09-22,น้ำดื่ม
T-203252,2025-09-22,บะหมี่กึ่งสำเร็จรูป
T-203252,2025-09-22,มันฝรั่งทอด
T-203252,2025-09-22,เบียร์
T-203252,2025-09-22,แชมพู
T-203253,2025-09-22,นมสด
T-203253,2025-09-22,เบียร์
T-203253,2025-09-22,ไข่ไก่
T-203254,2025-08-23,ถุงพลาสติก
T-203254,2025-08-23,เบียร์
T-203254,2025-08-23,ไข่ไก่
T-203255,2025-08-29,ชาเขียว
T-203255,2025-08-29,ถุงพลาสติก
T-203256,2025-07-05,ถุงพลาสติก
T-203256,2025-07-05,น้ำดื่ม
T-203256,2025-07-05,บะหมี่กึ่งสำเร็จรูป
T-203256,2025-07-05,เบียร์
T-203257,2025-07-07,ชาเขียว
T-203257,2025-07-07,ถุงพลาสติก
T-203257,2025-07-07,นมสด
T-203257,2025-07-07,น้ำดื่ม
T-203258,2025-08-31,ขนมปัง
T-203258,2025-08-31,ถุงพลาสติก
T-203258,2025-08-31,มันฝรั่งทอด
T-203258,2025-08-31,เบียร์
T-203258,2025-08-31,ไข่ไก่
T-203259,2025-07-16,ถุงพลาสติก
T-203259,2025-07-16,น้ำดื่ม
T-203259,2025-07-16,บะหมี่กึ่งสำเร็จรูป
T-203259,2025-07-16,ผงซักฟอก
T-203259,2025-07-16,ผ้าอ้อม
T-203259,2025-07-16,ผ้าเช็ดทำความสะอาด
T-203259,2025-07-16,มันฝรั่งทอด
T-203259,2025-07-16,เบียร์
T-203260,2025-07-24,ถุงพลาสติก
T-203260,2025-07-24,ผงซักฟอก
T-203260,2025-07-24,ผ้าอ้อม
T-203260,2025-07-24,ผ้าเช็ดทำความสะอาด
T-203260,2025-07-24,ไข่ไก่
T-203261,2025-07-14,ขนมปัง
T-203261,2025-07-14,นมสด
T-203261,2025-07-14,ไข่ไก่
T-203262,2025-07-12,ชาเขียว
T-203262,2025-07-12,ถุงพลาสติก
T-203262,2025-07-12,น้ำดื่ม
T-203262,2025-07-12,เบียร์
T-203263,2025-07-20,ขนมปัง
T-203264,2025-09-03,กาแฟสด
T-203264,2025-09-03,ถุงพลาสติก
T-203264,2025-09-03,ผงซักฟอก
T-203264,2025-09-03,ผ้าเช็ดทำความสะอาด
T-203265,2025-07-18,ถุงพลาสติก
T-203265,2025-07-18,นมสด
T-203266,2025-08-12,นมสด
T-203266,2025-08-12,มันฝรั่งทอด
T-203267,2025-08-15,ถุงพลาสติก
T-203267,2025-08-15,มันฝรั่งทอด
T-203268,2025-08-29,ถุงพลาสติก
T-203268,2025-08-29,มันฝรั่งทอด
T-203268,2025-08-29,แชมพู
T-203269,2025-07-06,กาแฟสด
T-203269,2025-07-06,ขนมปัง
T-203269,2025-07-06,ถุงพลาสติก
T-203269,2025-07-06,น้ำดื่ม
T-203269,2025-07-06,ผ้าอ้อม
T-203269,2025-07-06,ผ้าเช็ดทำความสะอาด
T-203269,2025-07-06,ไข่ไก่
T-203270,2025-09-10,ขนมปัง
T-203270,2025-09-10,ชาเขียว
T-203270,2025-09-10,ถุงพลาสติก
T-203270,2025-09-10,น้ำดื่ม
T-203271,2025-08-06,ถุงพลาสติก
T-203271,2025-08-06,นมสด
T-203271,2025-08-06,ไข่ไก่
T-203272,2025-08-22,ชาเขียว
T-203272,2025-08-22,ถุงพลาสติก
T-203272,2025-08-22,ผงซักฟอก
T-203272,2025-08-22,มันฝรั่งทอด
T-203272,2025-08-22,ไข่ไก่
T-203273,2025-08-31,ถุงพลาสติก
T-203273,2025-08-31,นมสด
T-203273,2025-08-31,น้ำดื่ม
T-203273,2025-08-31,ผงซักฟอก
T-203273,2025-08-31,ผ้าเช็ดทำความสะอาด
T-203274,2025-07-23,ถุงพลาสติก
T-203274,2025-07-23,น้ำดื่ม
T-203275,2025-09-26,ชาเขียว
T-203275,2025-09-26,ถุงพลาสติก
T-203275,2025-09-26,ผงซักฟอก
T-203275,2025-09-26,เบียร์
T-203276,2025-09-25,มันฝรั่งทอด
T-203276,2025-09-25,เบียร์
T-203276,2025-09-25,ไข่ไก่
T-203277,2025-09-09,ขนมปัง
T-203277,2025-09-09,ชาเขียว
T-203277,2025-09-09,มันฝรั่งทอด
T-203278,2025-07-26,ถุงพลาสติก
T-203278,2025-07-26,แชมพู
T-203279,2025-08-21,ผ้าอ้อม
T-203279,2025-08-21,มันฝรั่งทอด
T-203280,2025-08-15,ถุงพลาสติก
T-203280,2025-08-15,บะหมี่กึ่งสำเร็จรูป
T-203280,2025-08-15,ไข่ไก่
T-203281,2025-09-13,น้ำดื่ม
T-203282,2025-07-10,ถุงพลาสติก
T-203282,2025-07-10,ไข่ไก่
T-203283,2025-08-16,ถุงพลาสติก
T-203283,2025-08-16,น้ำดื่ม
T-203283,2025-08-16,บะหมี่กึ่งสำเร็จรูป
T-203283,2025-08-16,ผ้าเช็ดทำความสะอาด
T-203283,2025-08-16,เบียร์
T-203284,2025-09-09,ชาเขียว
T-203284,2025-09-09,นมสด
T-203285,2025-08-02,ถุงพลาสติก
T-203285,2025-08-02,น้ำดื่ม
T-203285,2025-08-02,บะหมี่กึ่งสำเร็จรูป
T-203285,2025-08-02,ผ้าอ้อม
T-203285,2025-08-02,ผ้าเช็ดทำความสะอาด
T-203285,2025-08-02,เบียร์
T-203285,2025-08-02,ไข่ไก่
T-203286,2025-09-27,ถุงพลาสติก
T-203287,2025-09-09,ถุงพลาสติก
T-203287,2025-09-09,ผงซักฟอก
T-203287,2025-09-09,เบียร์
T-203288,2025-07-07,กาแฟสด
T-203288,2025-07-07,ถุงพลาสติก
T-203288,2025-07-07,น้ำดื่ม
T-203288,2025-07-07,มันฝรั่งทอด
T-203289,2025-08-30,ถุงพลาสติก
T-203289,2025-08-30,นมสด
T-203289,2025-08-30,น้ำดื่ม
T-203289,2025-08-30,เบียร์
T-203290,2025-08-16,น้ำดื่ม
T-203290,2025-08-16,ผงซักฟอก
T-203291,2025-08-30,น้ำดื่ม
T-203291,2025-08-30,ผ้าเช็ดทำความสะอาด
T-203292,2025-08-03,ถุงพลาสติก
T-203292,2025-08-03,นมสด
T-203292,2025-08-03,ผงซักฟอก
T-203292,2025-08-03,มันฝรั่งทอด
T-203292,2025-08-03,ไข่ไก่
T-203293,2025-08-09,ถุงพลาสติก
T-203293,2025-08-09,บะหมี่กึ่งสำเร็จรูป
T-203293,2025-08-09,แชมพู
T-203294,2025-07-01,กาแฟสด
T-203294,2025-07-01,ขนมปัง
T-203294,2025-07-01,ถุงพลาสติก
T-203294,2025-07-01,ไข่ไก่
T-203295,2025-07-14,ชาเขียว
T-203295,2025-07-14,ผงซักฟอก
T-203296,2025-09-19,ถุงพลาสติก
T-203297,2025-08-20,ผงซักฟอก
T-203297,2025-08-20,มันฝรั่งทอด
T-203298,2025-08-08,นมสด
T-203298,2025-08-08,ผงซักฟอก
T-203298,2025-08-08,เบียร์
T-203298,2025-08-08,แชมพู
T-203298,2025-08-08,ไข่ไก่
T-203299,2025-09-17,กาแฟสด
T-203299,2025-09-17,มันฝรั่งทอด
T-203300,2025-09-13,ถุงพลาสติก
T-203300,2025-09-13,เบียร์
T-203300,2025-09-13,ไข่ไก่
T-203301,2025-08-29,กาแฟสด
T-203301,2025-08-29,ขนมปัง
T-203301,2025-08-29,บะหมี่กึ่งสำเร็จรูป
T-203302,2025-09-05,ชาเขียว
T-203302,2025-09-05,ถุงพลาสติก
T-203302,2025-09-05,แชมพู
T-203303,2025-07-02,ถุงพลาสติก
T-203303,2025-07-02,นมสด
T-203303,2025-07-02,ผงซักฟอก
T-203304,2025-07-13,ขนมปัง
T-203304,2025-07-13,ถุงพลาสติก
T-203304,2025-07-13,เบียร์
T-203305,2025-08-06,ถุงพลาสติก
T-203305,2025-08-06,ไข่ไก่
T-203306,2025-07-06,ถุงพลาสติก
T-203306,2025-07-06,น้ำดื่ม
T-203306,2025-07-06,บะหมี่กึ่งสำเร็จรูป
T-203306,2025-07-06,เบียร์
T-203307,2025-08-25,ถุงพลาสติก
T-203307,2025-08-25,นมสด
T-203307,2025-08-25,มันฝรั่งทอด
T-203308,2025-09-23,กาแฟสด
T-203308,2025-09-23,ขนมปัง
T-203308,2025-09-23,ถุงพลาสติก
T-203308,2025-09-23,ผงซักฟอก
T-203309,2025-07-07,ถุงพลาสติก
T-203309,2025-07-07,นมสด
T-203310,2025-07-06,ขนมปัง
T-203310,2025-07-06,ถุงพลาสติก
T-203310,2025-07-06,น้ำดื่ม
T-203310,2025-07-06,บะหมี่กึ่งสำเร็จรูป
T-203310,2025-07-06,ผงซักฟอก
T-203310,2025-07-06,ผ้าเช็ดทำความสะอาด
T-203311,2025-09-09,ขนมปัง
T-203311,2025-09-09,ชาเขียว
T-203311,2025-09-09,ถุงพลาสติก
T-203311,2025-09-09,น้ำดื่ม
T-203311,2025-09-09,บะหมี่กึ่งสำเร็จรูป
T-203312,2025-09-15,ถุงพลาสติก
T-203312,2025-09-15,น้ำดื่ม
T-203312,2025-09-15,บะหมี่กึ่งสำเร็จรูป
T-203312,2025-09-15,ผ้าเช็ดทำความสะอาด
T-203313,2025-09-17,ชาเขียว
T-203313,2025-09-17,ถุงพลาสติก
T-203313,2025-09-17,นมสด
T-203313,2025-09-17,น้ำดื่ม
T-203313,2025-09-17,บะหมี่กึ่งสำเร็จรูป
T-203313,2025-09-17,ผ้าเช็ดทำความสะอาด
T-203313,2025-09-17,แชมพู
T-203314,2025-09-15,ขนมปัง
T-203314,2025-09-15,ถุงพลาสติก
T-203314,2025-09-15,น้ำดื่ม
T-203314,2025-09-15,เบียร์
T-203315,2025-08-31,กาแฟสด
T-203315,2025-08-31,ถุงพลาสติก
T-203315,2025-08-31,นมสด
T-203316,2025-08-08,กาแฟสด
T-203316,2025-08-08,ถุงพลาสติก
T-203316,2025-08-08,น้ำดื่ม
T-203316,2025-08-08,ผงซักฟอก
T-203317,2025-08-20,ขนมปัง
T-203317,2025-08-20,ไข่ไก่
T-203318,2025-09-05,ถุงพลาสติก
T-203318,2025-09-05,น้ำดื่ม
T-203318,2025-09-05,มันฝรั่งทอด
T-203318,2025-09-05,เบียร์
T-203319,2025-08-29,ถุงพลาสติก
T-203319,2025-08-29,น้ำดื่ม
T-203319,2025-08-29,ผงซักฟอก
T-203320,2025-09-28,ชาเขียว
T-203320,2025-09-28,ถุงพลาสติก
T-203320,2025-09-28,น้ำดื่ม
T-203321,2025-09-18,ขนมปัง
T-203321,2025-09-18,ถุงพลาสติก
T-203321,2025-09-18,นมสด
T-203322,2025-08-21,ขนมปัง
T-203323,2025-07-10,ถุงพลาสติก
T-203324,2025-07-11,ขนมปัง
T-203324,2025-07-11,ชาเขียว
T-203324,2025-07-11,ถุงพลาสติก
T-203324,2025-07-11,ไข่ไก่
T-203325,2025-07-16,กาแฟสด
T-203325,2025-07-16,ถุงพลาสติก
T-203325,2025-07-16,นมสด
T-203325,2025-07-16,มันฝรั่งทอด
T-203326,2025-08-01,ชาเขียว
T-203326,2025-08-01,ถุงพลาสติก
T-203327,2025-09-08,ขนมปัง
T-203327,2025-09-08,ถุงพลาสติก
T-203327,2025-09-08,มันฝรั่งทอด
T-203328,2025-08-02,กาแฟสด
T-203328,2025-08-02,ถุงพลาสติก
T-203328,2025-08-02,แชมพู
T-203329,2025-07-12,กาแฟสด
T-203329,2025-07-12,ขนมปัง
T-203330,2025-08-13,ขนมปัง
T-203330,2025-08-13,ชาเขียว
T-203330,2025-08-13,ถุงพลาสติก
T-203330,2025-08-13,นมสด
T-203330,2025-08-13,มันฝรั่งทอด
T-203330,2025-08-13,เบียร์
T-203331,2025-09-08,ขนมปัง
T-203331,2025-09-08,ชาเขียว
T-203331,2025-09-08,ถุงพลาสติก
T-203331,2025-09-08,ไข่ไก่
T-203332,2025-08-22,น้ำดื่ม
T-203332,2025-08-22,แชมพู
T-203333,2025-09-09,มันฝรั่งทอด
T-203333,2025-09-09,ไข่ไก่
T-203334,2025-08-03,กาแฟสด
T-203334,2025-08-03,ขนมปัง
T-203334,2025-08-03,น้ำดื่ม
T-203334,2025-08-03,ผงซักฟอก
T-203334,2025-08-03,ผ้าอ้อม
T-203334,2025-08-03,มันฝรั่งทอด
T-203335,2025-08-01,ถุงพลาสติก
T-203335,2025-08-01,นมสด
T-203335,2025-08-01,มันฝรั่งทอด
T-203336,2025-07-22,ขนมปัง
T-203336,2025-07-22,ชาเขียว
T-203336,2025-07-22,ถุงพลาสติก
T-203336,2025-07-22,ผ้าอ้อม
T-203336,2025-07-22,มันฝรั่งทอด
T-203336,2025-07-22,เบียร์
T-203336,2025-07-22,แชมพู
T-203337,2025-08-12,กาแฟสด
T-203337,2025-08-12,ถุงพลาสติก
T-203337,2025-08-12,นมสด
T-203337,2025-08-12,แชมพู
T-203338,2025-08-07,ผ้าอ้อม
T-203338,2025-08-07,ผ้าเช็ดทำความสะอาด
T-203339,2025-08-10,ขนมปัง
T-203339,2025-08-10,ชาเขียว
T-203339,2025-08-10,ถุงพลาสติก
T-203339,2025-08-10,ผงซักฟอก
T-203339,2025-08-10,มันฝรั่งทอด
T-203340,2025-07-26,ขนมปัง
T-203340,2025-07-26,ชาเขียว
T-203340,2025-07-26,ถุงพลาสติก
T-203341,2025-08-31,ถุงพลาสติก
T-203341,2025-08-31,บะหมี่กึ่งสำเร็จรูป
T-203341,2025-08-31,ผ้าอ้อม
T-203341,2025-08-31,ผ้าเช็ดทำความสะอาด
T-203341,2025-08-31,แชมพู
T-203342,2025-08-03,ถุงพลาสติก
T-203342,2025-08-03,นมสด
T-203342,2025-08-03,ผ้าเช็ดทำความสะอาด
T-203342,2025-08-03,มันฝรั่งทอด
T-203342,2025-08-03,ไข่ไก่
T-203343,2025-07-21,ถุงพลาสติก
T-203343,2025-07-21,ไข่ไก่
T-203344,2025-07-19,ถุงพลาสติก
T-203345,2025-08-27,กาแฟสด
T-203345,2025-08-27,ขนมปัง
T-203345,2025-08-27,ถุงพลาสติก
T-203345,2025-08-27,น้ำดื่ม
T-203346,2025-08-29,ขนมปัง
T-203346,2025-08-29,ชาเขียว
T-203346,2025-08-29,ถุงพลาสติก
T-203346,2025-08-29,น้ำดื่ม
T-203347,2025-07-27,กาแฟสด
T-203347,2025-07-27,ขนมปัง
T-203347,2025-07-27,ไข่ไก่
T-203348,2025-07-13,ถุงพลาสติก
T-203348,2025-07-13,นมสด
T-203349,2025-07-10,ชาเขียว
T-203349,2025-07-10,ถุงพลาสติก
T-203349,2025-07-10,ผงซักฟอก
T-203350,2025-08-28,นมสด
T-203350,2025-08-28,ผ้าเช็ดทำความสะอาด
T-203350,2025-08-28,เบียร์
T-203351,2025-07-10,ขนมปัง
T-203351,2025-07-10,ถุงพลาสติก
T-203351,2025-07-10,น้ำดื่ม
T-203351,2025-07-10,เบียร์
T-203352,2025-08-28,ชาเขียว
T-203352,2025-08-28,ถุงพลาสติก
T-203352,2025-08-28,บะหมี่กึ่งสำเร็จรูป
T-203352,2025-08-28,ผงซักฟอก
T-203353,2025-09-15,ชาเขียว
T-203353,2025-09-15,ถุงพลาสติก
T-203353,2025-09-15,บะหมี่กึ่งสำเร็จรูป
T-203353,2025-09-15,ผ้าอ้อม
T-203353,2025-09-15,เบียร์
T-203354,2025-07-26,ถุงพลาสติก
T-203354,2025-07-26,น้ำดื่ม
T-203354,2025-07-26,แชมพู
T-203355,2025-08-08,ถุงพลาสติก
T-203355,2025-08-08,บะหมี่กึ่งสำเร็จรูป
T-203355,2025-08-08,ผงซักฟอก
T-203356,2025-08-18,ถุงพลาสติก
T-203356,2025-08-18,บะหมี่กึ่งสำเร็จรูป
T-203356,2025-08-18,มันฝรั่งทอด
T-203357,2025-09-14,ถุงพลาสติก
T-203357,2025-09-14,ไข่ไก่
T-203358,2025-07-03,เบียร์
T-203358,2025-07-03,ไข่ไก่
T-203359,2025-07-01,ถุงพลาสติก
T-203359,2025-07-01,นมสด
T-203359,2025-07-01,มันฝรั่งทอด
T-203359,2025-07-01,แชมพู
T-203360,2025-08-24,ขนมปัง
T-203360,2025-08-24,ถุงพลาสติก
T-203360,2025-08-24,นมสด
T-203360,2025-08-24,เบียร์
T-203361,2025-08-16,กาแฟสด
T-203361,2025-08-16,ถุงพลาสติก
T-203361,2025-08-16,ผงซักฟอก
T-203361,2025-08-16,มันฝรั่งทอด
T-203362,2025-08-21,กาแฟสด
T-203362,2025-08-21,ถุงพลาสติก
T-203362,2025-08-21,น้ำดื่ม
T-203362,2025-08-21,มันฝรั่งทอด
T-203363,2025-09-01,กาแฟสด
T-203363,2025-09-01,ถุงพลาสติก
T-203363,2025-09-01,น้ำดื่ม
T-203364,2025-09-06,ถุงพลาสติก
T-203364,2025-09-06,ผงซักฟอก
T-203365,2025-07-13,กาแฟสด
T-203365,2025-07-13,ถุงพลาสติก
T-203365,2025-07-13,น้ำดื่ม
T-203366,2025-09-07,ไข่ไก่
T-203367,2025-07-01,กาแฟสด
T-203367,2025-07-01,ขนมปัง
T-203367,2025-07-01,ถุงพลาสติก
T-203367,2025-07-01,น้ำดื่ม
T-203368,2025-09-01,ขนมปัง
T-203368,2025-09-01,ถุงพลาสติก
T-203368,2025-09-01,น้ำดื่ม
T-203369,2025-07-07,ขนมปัง
T-203369,2025-07-07,ชาเขียว
T-203369,2025-07-07,ไข่ไก่
T-203370,2025-08-27,ถุงพลาสติก
T-203370,2025-08-27,น้ำดื่ม
T-203370,2025-08-27,ไข่ไก่
T-203371,2025-08-22,ไข่ไก่
T-203372,2025-08-09,ถุงพลาสติก
T-203372,2025-08-09,น้ำดื่ม
T-203372,2025-08-09,บะหมี่กึ่งสำเร็จรูป
T-203372,2025-08-09,ผงซักฟอก
T-203373,2025-07-30,ชาเขียว
T-203373,2025-07-30,ถุงพลาสติก
T-203374,2025-08-05,กาแฟสด
T-203374,2025-08-05,ถุงพลาสติก
T-203374,2025-08-05,แชมพู
T-203374,2025-08-05,ไข่ไก่
T-203375,2025-08-17,นมสด
T-203376,2025-07-10,กาแฟสด
T-203376,2025-07-10,ถุงพลาสติก
T-203376,2025-07-10,น้ำดื่ม
T-203377,2025-08-11,ถุงพลาสติก
T-203378,2025-09-15,ถุงพลาสติก
T-203378,2025-09-15,น้ำดื่ม
T-203378,2025-09-15,บะหมี่กึ่งสำเร็จรูป
T-203379,2025-07-14,ถุงพลาสติก
T-203379,2025-07-14,แชมพู
T-203380,2025-09-03,ขนมปัง
T-203380,2025-09-03,ถุงพลาสติก
T-203380,2025-09-03,มันฝรั่งทอด
T-203381,2025-07-15,ถุงพลาสติก
T-203381,2025-07-15,ผงซักฟอก
T-203381,2025-07-15,ผ้าอ้อม
T-203381,2025-07-15,ผ้าเช็ดทำความสะอาด
T-203381,2025-07-15,ไข่ไก่
T-203382,2025-07-23,ชาเขียว
T-203382,2025-07-23,นมสด
T-203382,2025-07-23,น้ำดื่ม
T-203382,2025-07-23,ไข่ไก่
T-203383,2025-07-31,กาแฟสด
T-203383,2025-07-31,นมสด
T-203383,2025-07-31,น้ำดื่ม
T-203383,2025-07-31,เบียร์
T-203384,2025-08-28,ชาเขียว
T-203384,2025-08-28,ถุงพลาสติก
T-203384,2025-08-28,นมสด
T-203384,2025-08-28,บะหมี่กึ่งสำเร็จรูป
T-203384,2025-08-28,เบียร์
T-203385,2025-07-24,ถุงพลาสติก
T-203385,2025-07-24,บะหมี่กึ่งสำเร็จรูป
T-203385,2025-07-24,ไข่ไก่
T-203386,2025-08-01,ขนมปัง
T-203386,2025-08-01,ถุงพลาสติก
T-203386,2025-08-01,น้ำดื่ม
T-203387,2025-07-16,ขนมปัง
T-203387,2025-07-16,ชาเขียว
T-203387,2025-07-16,ถุงพลาสติก
T-203387,2025-07-16,นมสด
T-203387,2025-07-16,ไข่ไก่
T-203388,2025-08-06,ชาเขียว
T-203388,2025-08-06,ถุงพลาสติก
T-203388,2025-08-06,เบียร์
T-203388,2025-08-06,ไข่ไก่
T-203389,2025-09-01,ถุงพลาสติก
T-203389,2025-09-01,น้ำดื่ม
T-203389,2025-09-01,ผ้าอ้อม
T-203389,2025-09-01,ผ้าเช็ดทำความสะอาด
T-203390,2025-09-26,ถุงพลาสติก
T-203390,2025-09-26,ไข่ไก่
T-203391,2025-09-19,ชาเขียว
T-203391,2025-09-19,ถุงพลาสติก
T-203391,2025-09-19,น้ำดื่ม
T-203392,2025-08-14,ขนมปัง
T-203392,2025-08-14,ชาเขียว
T-203392,2025-08-14,ถุงพลาสติก
T-203392,2025-08-14,บะหมี่กึ่งสำเร็จรูป
T-203392,2025-08-14,เบียร์
T-203393,2025-09-08,ขนมปัง
T-203393,2025-09-08,ถุงพลาสติก
T-203394,2025-08-07,ถุงพลาสติก
T-203395,2025-07-20,ชาเขียว
T-203395,2025-07-20,ถุงพลาสติก
T-203395,2025-07-20,น้ำดื่ม
T-203395,2025-07-20,ไข่ไก่
T-203396,2025-07-01,ขนมปัง
T-203396,2025-07-01,ถุงพลาสติก
T-203396,2025-07-01,นมสด
T-203396,2025-07-01,บะหมี่กึ่งสำเร็จรูป
T-203397,2025-09-12,กาแฟสด
T-203397,2025-09-12,ขนมปัง
T-203397,2025-09-12,นมสด
T-203397,2025-09-12,ผงซักฟอก
T-203398,2025-09-02,ขนมปัง
T-203398,2025-09-02,ถุงพลาสติก
T-203398,2025-09-02,น้ำดื่ม
T-203398,2025-09-02,ผ้าอ้อม
T-203398,2025-09-02,ผ้าเช็ดทำความสะอาด
T-203399,2025-08-01,ถุงพลาสติก
T-203399,2025-08-01,นมสด
T-203399,2025-08-01,บะหมี่กึ่งสำเร็จรูป
T-203400,2025-09-13,ขนมปัง
T-203400,2025-09-13,ถุงพลาสติก
T-203400,2025-09-13,บะหมี่กึ่งสำเร็จรูป
T-203401,2025-09-25,ขนมปัง
T-203401,2025-09-25,ถุงพลาสติก
T-203401,2025-09-25,น้ำดื่ม
T-203401,2025-09-25,ผงซักฟอก
T-203401,2025-09-25,เบียร์
T-203402,2025-08-19,กาแฟสด
T-203402,2025-08-19,ขนมปัง
T-203402,2025-08-19,บะหมี่กึ่งสำเร็จรูป
T-203403,2025-08-21,ขนมปัง
T-203403,2025-08-21,ชาเขียว
T-203403,2025-08-21,ถุงพลาสติก
T-203403,2025-08-21,น้ำดื่ม
T-203404,2025-07-03,ถุงพลาสติก
T-203404,2025-07-03,แชมพู
T-203405,2025-09-09,ถุงพลาสติก
T-203405,2025-09-09,ผ้าอ้อม
T-203405,2025-09-09,มันฝรั่งทอด
T-203405,2025-09-09,เบียร์
T-203406,2025-08-24,กาแฟสด
T-203406,2025-08-24,ถุงพลาสติก
T-203406,2025-08-24,ผงซักฟอก
T-203406,2025-08-24,ผ้าเช็ดทำความสะอาด
T-203406,2025-08-24,แชมพู
T-203407,2025-07-05,ชาเขียว
T-203407,2025-07-05,เบียร์
T-203407,2025-07-05,ไข่ไก่
T-203408,2025-09-21,กาแฟสด
T-203408,2025-09-21,ถุงพลาสติก
T-203408,2025-09-21,นมสด
T-203408,2025-09-21,บะหมี่กึ่งสำเร็จรูป
T-203408,2025-09-21,ไข่ไก่
T-203409,2025-07-12,ถุงพลาสติก
T-203409,2025-07-12,ผงซักฟอก
T-203410,2025-07-03,ถุงพลาสติก
T-203410,2025-07-03,แชมพู
T-203411,2025-07-10,ถุงพลาสติก
T-203412,2025-07-29,ถุงพลาสติก
T-203412,2025-07-29,นมสด
T-203413,2025-08-26,กาแฟสด
T-203414,2025-08-06,ถุงพลาสติก
T-203414,2025-08-06,บะหมี่กึ่งสำเร็จรูป
T-203415,2025-08-31,ขนมปัง
T-203415,2025-08-31,ไข่ไก่
T-203416,2025-09-01,ขนมปัง
T-203416,2025-09-01,ถุงพลาสติก
T-203416,2025-09-01,นมสด
T-203416,2025-09-01,ผงซักฟอก
T-203417,2025-08-06,ขนมปัง
T-203417,2025-08-06,ถุงพลาสติก
T-203417,2025-08-06,นมสด
T-203417,2025-08-06,บะหมี่กึ่งสำเร็จรูป
T-203417,2025-08-06,ผงซักฟอก
T-203417,2025-08-06,เบียร์
T-203417,2025-08-06,แชมพู
T-203417,2025-08-06,ไข่ไก่
T-203418,2025-08-09,ถุงพลาสติก
T-203418,2025-08-09,บะหมี่กึ่งสำเร็จรูป
T-203419,2025-08-25,กาแฟสด
T-203419,2025-08-25,ถุงพลาสติก
T-203419,2025-08-25,บะหมี่กึ่งสำเร็จรูป
T-203419,2025-08-25,ไข่ไก่
T-203420,2025-09-26,ชาเขียว
T-203420,2025-09-26,ถุงพลาสติก
T-203421,2025-08-01,กาแฟสด
T-203421,2025-08-01,ถุงพลาสติก
T-203421,2025-08-01,แชมพู
T-203421,2025-08-01,ไข่ไก่
T-203422,2025-08-23,ถุงพลาสติก
T-203422,2025-08-23,นมสด
T-203422,2025-08-23,บะหมี่กึ่งสำเร็จรูป
T-203423,2025-08-30,บะหมี่กึ่งสำเร็จรูป
T-203423,2025-08-30,เบียร์
T-203424,2025-07-12,ถุงพลาสติก
T-203424,2025-07-12,ผ้าเช็ดทำความสะอาด
T-203424,2025-07-12,มันฝรั่งทอด
T-203424,2025-07-12,แชมพู
T-203425,2025-07-04,บะหมี่กึ่งสำเร็จรูป
T-203426,2025-08-20,ถุงพลาสติก
T-203426,2025-08-20,ผงซักฟอก
T-203426,2025-08-20,ผ้าอ้อม
T-203426,2025-08-20,ผ้าเช็ดทำความสะอาด
T-203426,2025-08-20,แชมพู
T-203427,2025-07-02,ชาเขียว
T-203427,2025-07-02,ถุงพลาสติก
T-203427,2025-07-02,นมสด
T-203427,2025-07-02,บะหมี่กึ่งสำเร็จรูป
T-203427,2025-07-02,ผงซักฟอก
T-203427,2025-07-02,ไข่ไก่
T-203428,2025-08-21,กาแฟสด
T-203428,2025-08-21,ถุงพลาสติก
T-203428,2025-08-21,ผงซักฟอก
T-203429,2025-09-01,บะหมี่กึ่งสำเร็จรูป
T-203430,2025-07-09,ถุงพลาสติก
T-203430,2025-07-09,นมสด
T-203430,2025-07-09,ผงซักฟอก
T-203431,2025-07-09,ถุงพลาสติก
T-203431,2025-07-09,น้ำดื่ม
T-203431,2025-07-09,บะหมี่กึ่งสำเร็จรูป
T-203431,2025-07-09,ผ้าอ้อม
T-203431,2025-07-09,มันฝรั่งทอด
T-203432,2025-08-01,กาแฟสด
T-203432,2025-08-01,ถุงพลาสติก
T-203432,2025-08-01,ผ้าอ้อม
T-203432,2025-08-01,ผ้าเช็ดทำความสะอาด
T-203433,2025-07-26,กาแฟสด
T-203433,2025-07-26,ขนมปัง
T-203433,2025-07-26,ถุงพลาสติก
T-203433,2025-07-26,บะหมี่กึ่งสำเร็จรูป
T-203433,2025-07-26,มันฝรั่งทอด
T-203433,2025-07-26,แชมพู
T-203433,2025-07-26,ไข่ไก่
T-203434,2025-07-28,ถุงพลาสติก
T-203434,2025-07-28,นมสด
T-203434,2025-07-28,น้ำดื่ม
T-203435,2025-09-05,กาแฟสด
T-203435,2025-09-05,ถุงพลาสติก
T-203435,2025-09-05,นมสด
T-203435,2025-09-05,น้ำดื่ม
T-203435,2025-09-05,ผ้าอ้อม
T-203435,2025-09-05,เบียร์
T-203436,2025-08-03,ถุงพลาสติก
T-203436,2025-08-03,น้ำดื่ม
T-203436,2025-08-03,ผ้าอ้อม
T-203436,2025-08-03,ผ้าเช็ดทำความสะอาด
T-203436,2025-08-03,เบียร์
T-203437,2025-07-26,นมสด
T-203438,2025-08-04,กาแฟสด
T-203438,2025-08-04,ถุงพลาสติก
T-203438,2025-08-04,นมสด
T-203439,2025-09-09,กาแฟสด
T-203439,2025-09-09,ถุงพลาสติก
T-203439,2025-09-09,นมสด
T-203440,2025-08-17,ถุงพลาสติก
T-203441,2025-09-06,ถุงพลาสติก
T-203442,2025-08-19,ถุงพลาสติก
T-203442,2025-08-19,น้ำดื่ม
T-203443,2025-08-24,ชาเขียว
T-203443,2025-08-24,ถุงพลาสติก
T-203443,2025-08-24,น้ำดื่ม
T-203443,2025-08-24,ผงซักฟอก
T-203443,2025-08-24,ไข่ไก่
T-203444,2025-09-08,ถุงพลาสติก
T-203444,2025-09-08,นมสด
T-203444,2025-09-08,บะหมี่กึ่งสำเร็จรูป
T-203444,2025-09-08,มันฝรั่งทอด
T-203445,2025-08-08,ถุงพลาสติก
T-203445,2025-08-08,น้ำดื่ม
T-203445,2025-08-08,ไข่ไก่
T-203446,2025-09-13,ชาเขียว
T-203446,2025-09-13,ถุงพลาสติก
T-203446,2025-09-13,นมสด
T-203446,2025-09-13,น้ำดื่ม
T-203447,2025-09-02,ขนมปัง
T-203447,2025-09-02,ถุงพลาสติก
T-203448,2025-09-09,กาแฟสด
T-203448,2025-09-09,ถุงพลาสติก
T-203449,2025-07-30,มันฝรั่งทอด
T-203449,2025-07-30,แชมพู
T-203450,2025-09-13,ขนมปัง
T-203450,2025-09-13,ถุงพลาสติก
T-203450,2025-09-13,ไข่ไก่
T-203451,2025-07-06,ชาเขียว
T-203451,2025-07-06,ถุงพลาสติก
T-203451,2025-07-06,นมสด
T-203451,2025-07-06,มันฝรั่งทอด
T-203452,2025-07-24,ถุงพลาสติก
T-203452,2025-07-24,บะหมี่กึ่งสำเร็จรูป
T-203452,2025-07-24,ผ้าอ้อม
T-203452,2025-07-24,ผ้าเช็ดทำความสะอาด
T-203452,2025-07-24,มันฝรั่งทอด
T-203453,2025-08-23,ขนมปัง
T-203453,2025-08-23,ถุงพลาสติก
T-203453,2025-08-23,นมสด
T-203453,2025-08-23,น้ำดื่ม
T-203453,2025-08-23,ไข่ไก่
T-203454,2025-09-25,ถุงพลาสติก
T-203454,2025-09-25,เบียร์
T-203455,2025-07-16,ถุงพลาสติก
T-203456,2025-09-09,ถุงพลาสติก
T-203456,2025-09-09,นมสด
T-203456,2025-09-09,น้ำดื่ม
T-203457,2025-09-26,ถุงพลาสติก
T-203457,2025-09-26,ผ้าอ้อม
T-203457,2025-09-26,ผ้าเช็ดทำความสะอาด
T-203457,2025-09-26,แชมพู
T-203458,2025-08-14,กาแฟสด
T-203458,2025-08-14,ขนมปัง
T-203459,2025-09-14,กาแฟสด
T-203459,2025-09-14,ถุงพลาสติก
T-203459,2025-09-14,นมสด
T-203459,2025-09-14,มันฝรั่งทอด
T-203460,2025-09-18,ถุงพลาสติก
T-203461,2025-09-18,ถุงพลาสติก
T-203461,2025-09-18,น้ำดื่ม
T-203462,2025-07-05,นมสด
T-203463,2025-08-13,ถุงพลาสติก
T-203463,2025-08-13,บะหมี่กึ่งสำเร็จรูป
T-203463,2025-08-13,ผ้าอ้อม
T-203463,2025-08-13,มันฝรั่งทอด
T-203464,2025-09-15,ผงซักฟอก
T-203464,2025-09-15,เบียร์
T-203465,2025-08-15,แชมพู
T-203466,2025-09-10,ถุงพลาสติก
T-203466,2025-09-10,ผ้าอ้อม
T-203466,2025-09-10,ผ้าเช็ดทำความสะอาด
T-203466,2025-09-10,มันฝรั่งทอด
T-203467,2025-08-21,ถุงพลาสติก
T-203467,2025-08-21,ผ้าเช็ดทำความสะอาด
T-203468,2025-09-28,ถุงพลาสติก
T-203469,2025-09-04,กาแฟสด
T-203469,2025-09-04,ถุงพลาสติก
T-203469,2025-09-04,นมสด
T-203470,2025-09-03,ถุงพลาสติก
T-203470,2025-09-03,นมสด
T-203470,2025-09-03,ผงซักฟอก
T-203470,2025-09-03,ไข่ไก่
T-203471,2025-07-11,ขนมปัง
T-203471,2025-07-11,ชาเขียว
T-203471,2025-07-11,ถุงพลาสติก
T-203471,2025-07-11,น้ำดื่ม
T-203471,2025-07-11,ไข่ไก่
T-203472,2025-08-31,ชาเขียว
T-203472,2025-08-31,ถุงพลาสติก
T-203472,2025-08-31,บะหมี่กึ่งสำเร็จรูป
T-203472,2025-08-31,มันฝรั่งทอด
T-203473,2025-09-27,ถุงพลาสติก
T-203473,2025-09-27,นมสด
T-203473,2025-09-27,ผงซักฟอก
T-203474,2025-08-31,น้ำดื่ม
T-203474,2025-08-31,ไข่ไก่
T-203475,2025-07-18,นมสด
T-203475,2025-07-18,เบียร์
T-203475,2025-07-18,ไข่ไก่
T-203476,2025-08-22,กาแฟสด
T-203476,2025-08-22,ขนมปัง
T-203476,2025-08-22,ถุงพลาสติก
T-203476,2025-08-22,นมสด
T-203476,2025-08-22,น้ำดื่ม
T-203476,2025-08-22,ผ้าเช็ดทำความสะอาด
T-203476,2025-08-22,มันฝรั่งทอด
T-203476,2025-08-22,ไข่ไก่
T-203477,2025-08-16,ผงซักฟอก
T-203478,2025-07-01,ถุงพลาสติก
T-203478,2025-07-01,ผงซักฟอก
T-203478,2025-07-01,ผ้าอ้อม
T-203478,2025-07-01,ผ้าเช็ดทำความสะอาด
T-203478,2025-07-01,เบียร์
T-203478,2025-07-01,ไข่ไก่
T-203479,2025-09-20,ถุงพลาสติก
T-203479,2025-09-20,เบียร์
T-203479,2025-09-20,ไข่ไก่
T-203480,2025-09-07,ถุงพลาสติก
T-203480,2025-09-07,น้ำดื่ม
T-203480,2025-09-07,ผ้าอ้อม
T-203481,2025-07-26,ชาเขียว
T-203481,2025-07-26,ถุงพลาสติก
T-203482,2025-09-16,ถุงพลาสติก
T-203482,2025-09-16,นมสด
T-203482,2025-09-16,น้ำดื่ม
T-203483,2025-07-09,น้ำดื่ม
T-203483,2025-07-09,มันฝรั่งทอด
T-203483,2025-07-09,ไข่ไก่
T-203484,2025-08-16,ขนมปัง
T-203484,2025-08-16,ผ้าเช็ดทำความสะอาด
T-203485,2025-08-06,ถุงพลาสติก
T-203485,2025-08-06,น้ำดื่ม
T-203486,2025-09-24,ถุงพลาสติก
T-203486,2025-09-24,น้ำดื่ม
T-203486,2025-09-24,แชมพู
T-203487,2025-08-17,ถุงพลาสติก
T-203487,2025-08-17,น้ำดื่ม
T-203487,2025-08-17,ผ้าเช็ดทำความสะอาด
T-203488,2025-09-12,ถุงพลาสติก
T-203488,2025-09-12,นมสด
T-203488,2025-09-12,มันฝรั่งทอด
T-203488,2025-09-12,แชมพู
T-203489,2025-09-11,ขนมปัง
T-203489,2025-09-11,ถุงพลาสติก
T-203489,2025-09-11,มันฝรั่งทอด
T-203490,2025-07-17,ถุงพลาสติก
T-203490,2025-07-17,นมสด
T-203490,2025-07-17,น้ำดื่ม
T-203491,2025-08-29,ถุงพลาสติก
T-203491,2025-08-29,นมสด
T-203492,2025-07-25,ถุงพลาสติก
T-203492,2025-07-25,ผ้าอ้อม
T-203492,2025-07-25,เบียร์
T-203493,2025-07-12,ขนมปัง
T-203493,2025-07-12,ถุงพลาสติก
T-203493,2025-07-12,ผงซักฟอก
T-203494,2025-08-29,กาแฟสด
T-203494,2025-08-29,ขนมปัง
T-203494,2025-08-29,ถุงพลาสติก
T-203494,2025-08-29,มันฝรั่งทอด
T-203495,2025-07-29,ขนมปัง
T-203495,2025-07-29,ชาเขียว
T-203495,2025-07-29,ถุงพลาสติก
T-203495,2025-07-29,ผงซักฟอก
T-203495,2025-07-29,มันฝรั่งทอด
T-203495,2025-07-29,ไข่ไก่
T-203496,2025-08-07,ถุงพลาสติก
T-203496,2025-08-07,น้ำดื่ม
T-203496,2025-08-07,บะหมี่กึ่งสำเร็จรูป
T-203496,2025-08-07,มันฝรั่งทอด
T-203497,2025-09-10,กาแฟสด
T-203497,2025-09-10,ขนมปัง
T-203497,2025-09-10,ถุงพลาสติก
T-203497,2025-09-10,มันฝรั่งทอด
T-203498,2025-09-04,ถุงพลาสติก
T-203498,2025-09-04,บะหมี่กึ่งสำเร็จรูป
T-203498,2025-09-04,ไข่ไก่
T-203499,2025-09-11,กาแฟสด
T-203499,2025-09-11,ถุงพลาสติก
T-203499,2025-09-11,แชมพู
T-203499,2025-09-11,ไข่ไก่
T-203500,2025-09-05,ชาเขียว
T-203500,2025-09-05,ถุงพลาสติก
T-203500,2025-09-05,ผงซักฟอก
T-203501,2025-07-06,ถุงพลาสติก
T-203501,2025-07-06,นมสด
T-203502,2025-07-26,ขนมปัง
T-203502,2025-07-26,ถุงพลาสติก
T-203502,2025-07-26,น้ำดื่ม
T-203502,2025-07-26,ผ้าอ้อม
T-203503,2025-07-18,กาแฟสด
T-203503,2025-07-18,ถุงพลาสติก
T-203504,2025-07-11,ถุงพลาสติก
T-203504,2025-07-11,เบียร์
T-203505,2025-09-26,ขนมปัง
T-203505,2025-09-26,ถุงพลาสติก
T-203505,2025-09-26,บะหมี่กึ่งสำเร็จรูป
T-203505,2025-09-26,แชมพู
T-203506,2025-09-10,ขนมปัง
T-203506,2025-09-10,ถุงพลาสติก
T-203507,2025-09-07,ขนมปัง
T-203507,2025-09-07,ถุงพลาสติก
T-203507,2025-09-07,บะหมี่กึ่งสำเร็จรูป
T-203507,2025-09-07,ไข่ไก่
T-203508,2025-08-26,กาแฟสด
T-203508,2025-08-26,ถุงพลาสติก
T-203508,2025-08-26,แชมพู
T-203508,2025-08-26,ไข่ไก่
T-203509,2025-07-11,เบียร์
T-203510,2025-09-17,ชาเขียว
T-203510,2025-09-17,ถุงพลาสติก
T-203510,2025-09-17,น้ำดื่ม
T-203510,2025-09-17,ผงซักฟอก
T-203510,2025-09-17,ผ้าเช็ดทำความสะอาด
T-203511,2025-07-21,ขนมปัง
T-203511,2025-07-21,นมสด
T-203512,2025-09-21,กาแฟสด
T-203512,2025-09-21,ถุงพลาสติก
T-203512,2025-09-21,น้ำดื่ม
T-203513,2025-07-06,ถุงพลาสติก
T-203513,2025-07-06,น้ำดื่ม
T-203514,2025-09-24,ถุงพลาสติก
T-203514,2025-09-24,ผ้าอ้อม
T-203514,2025-09-24,ไข่ไก่
T-203515,2025-08-10,ถุงพลาสติก
T-203515,2025-08-10,บะหมี่กึ่งสำเร็จรูป
T-203516,2025-07-06,ชาเขียว
T-203516,2025-07-06,ถุงพลาสติก
T-203516,2025-07-06,นมสด
T-203516,2025-07-06,บะหมี่กึ่งสำเร็จรูป
T-203516,2025-07-06,ไข่ไก่
T-203517,2025-07-01,ชาเขียว
T-203517,2025-07-01,ถุงพลาสติก
T-203517,2025-07-01,ผ้าเช็ดทำความสะอาด
T-203517,2025-07-01,แชมพู
T-203518,2025-09-22,ชาเขียว
T-203518,2025-09-22,ถุงพลาสติก
T-203519,2025-08-22,ถุงพลาสติก
T-203519,2025-08-22,น้ำดื่ม
T-203520,2025-08-09,ขนมปัง
T-203520,2025-08-09,ถุงพลาสติก
T-203520,2025-08-09,น้ำดื่ม
T-203520,2025-08-09,ผงซักฟอก
T-203520,2025-08-09,ไข่ไก่
T-203521,2025-08-09,กาแฟสด
T-203521,2025-08-09,ถุงพลาสติก
T-203521,2025-08-09,น้ำดื่ม
T-203521,2025-08-09,บะหมี่กึ่งสำเร็จรูป
T-203521,2025-08-09,ผงซักฟอก
T-203521,2025-08-09,เบียร์
T-203522,2025-07-19,ถุงพลาสติก
T-203522,2025-07-19,แชมพู
T-203523,2025-08-12,ขนมปัง
T-203523,2025-08-12,ถุงพลาสติก
T-203523,2025-08-12,แชมพู
T-203524,2025-09-24,ขนมปัง
T-203524,2025-09-24,ถุงพลาสติก
T-203524,2025-09-24,บะหมี่กึ่งสำเร็จรูป
T-203524,2025-09-24,ผงซักฟอก
T-203524,2025-09-24,แชมพู
T-203524,2025-09-24,ไข่ไก่
T-203525,2025-08-26,ขนมปัง
T-203525,2025-08-26,ถุงพลาสติก
T-203526,2025-08-03,ขนมปัง
T-203526,2025-08-03,น้ำดื่ม
T-203527,2025-08-05,ขนมปัง
T-203527,2025-08-05,มันฝรั่งทอด
T-203527,2025-08-05,ไข่ไก่
T-203528,2025-09-15,ถุงพลาสติก
T-203528,2025-09-15,น้ำดื่ม
T-203529,2025-08-05,ถุงพลาสติก
T-203529,2025-08-05,บะหมี่กึ่งสำเร็จรูป
T-203530,2025-07-12,กาแฟสด
T-203530,2025-07-12,น้ำดื่ม
T-203531,2025-07-10,ชาเขียว
T-203531,2025-07-10,ถุงพลาสติก
T-203531,2025-07-10,นมสด
T-203531,2025-07-10,ผงซักฟอก
T-203531,2025-07-10,มันฝรั่งทอด
T-203532,2025-09-27,ขนมปัง
T-203532,2025-09-27,ชาเขียว
T-203532,2025-09-27,ถุงพลาสติก
T-203532,2025-09-27,ผ้าอ้อม
T-203532,2025-09-27,เบียร์
T-203532,2025-09-27,ไข่ไก่
T-203533,2025-09-20,กาแฟสด
T-203533,2025-09-20,ถุงพลาสติก
T-203533,2025-09-20,น้ำดื่ม
T-203534,2025-08-18,ชาเขียว
T-203534,2025-08-18,ถุงพลาสติก
T-203534,2025-08-18,นมสด
T-203534,2025-08-18,น้ำดื่ม
T-203535,2025-08-18,ผ้าอ้อม
T-203535,2025-08-18,ผ้าเช็ดทำความสะอาด
T-203535,2025-08-18,ไข่ไก่
T-203536,2025-07-04,กาแฟสด
T-203536,2025-07-04,ถุงพลาสติก
T-203536,2025-07-04,น้ำดื่ม
T-203536,2025-07-04,ผ้าอ้อม
T-203536,2025-07-04,ผ้าเช็ดทำความสะอาด
T-203537,2025-08-23,กาแฟสด
T-203537,2025-08-23,ขนมปัง
T-203537,2025-08-23,ถุงพลาสติก
T-203538,2025-09-25,ถุงพลาสติก
T-203538,2025-09-25,น้ำดื่ม
T-203539,2025-07-28,ถุงพลาสติก
T-203539,2025-07-28,ผงซักฟอก
T-203539,2025-07-28,ผ้าอ้อม
T-203539,2025-07-28,ผ้าเช็ดทำความสะอาด
T-203539,2025-07-28,ไข่ไก่
T-203540,2025-07-16,ชาเขียว
T-203540,2025-07-16,ถุงพลาสติก
T-203540,2025-07-16,น้ำดื่ม
T-203540,2025-07-16,เบียร์
T-203541,2025-09-23,ขนมปัง
T-203541,2025-09-23,ชาเขียว
T-203541,2025-09-23,น้ำดื่ม
T-203542,2025-07-27,ชาเขียว
T-203542,2025-07-27,นมสด
T-203542,2025-07-27,ผงซักฟอก
T-203542,2025-07-27,แชมพู
T-203543,2025-08-26,ถุงพลาสติก
T-203544,2025-08-29,ถุงพลาสติก
T-203544,2025-08-29,มันฝรั่งทอด
T-203544,2025-08-29,เบียร์
T-203545,2025-07-22,กาแฟสด
T-203545,2025-07-22,ขนมปัง
T-203545,2025-07-22,ถุงพลาสติก
T-203545,2025-07-22,ผ้าเช็ดทำความสะอาด
T-203545,2025-07-22,เบียร์
T-203545,2025-07-22,แชมพู
T-203545,2025-07-22,ไข่ไก่
T-203546,2025-09-10,กาแฟสด
T-203546,2025-09-10,ถุงพลาสติก
T-203546,2025-09-10,นมสด
T-203547,2025-09-08,กาแฟสด
T-203547,2025-09-08,ถุงพลาสติก
T-203547,2025-09-08,นมสด
T-203547,2025-09-08,น้ำดื่ม
T-203547,2025-09-08,มันฝรั่งทอด
T-203548,2025-09-10,ขนมปัง
T-203548,2025-09-10,ชาเขียว
T-203548,2025-09-10,ถุงพลาสติก
T-203548,2025-09-10,ผงซักฟอก
T-203549,2025-09-05,น้ำดื่ม
T-203549,2025-09-05,เบียร์
T-203550,2025-07-10,น้ำดื่ม
T-203550,2025-07-10,บะหมี่กึ่งสำเร็จรูป
T-203550,2025-07-10,แชมพู
T-203551,2025-07-03,ขนมปัง
T-203551,2025-07-03,ถุงพลาสติก
T-203551,2025-07-03,แชมพู
T-203552,2025-08-05,ถุงพลาสติก
T-203552,2025-08-05,บะหมี่กึ่งสำเร็จรูป
T-203552,2025-08-05,ผ้าอ้อม
T-203552,2025-08-05,ผ้าเช็ดทำความสะอาด
T-203552,2025-08-05,เบียร์
T-203552,2025-08-05,ไข่ไก่
T-203553,2025-08-30,ถุงพลาสติก
T-203554,2025-08-09,ถุงพลาสติก
T-203554,2025-08-09,ไข่ไก่
T-203555,2025-07-29,ชาเขียว
T-203555,2025-07-29,ถุงพลาสติก
T-203555,2025-07-29,น้ำดื่ม
T-203556,2025-07-12,ถุงพลาสติก
T-203556,2025-07-12,นมสด
T-203556,2025-07-12,ผงซักฟอก
T-203556,2025-07-12,มันฝรั่งทอด
T-203557,2025-07-17,นมสด
T-203557,2025-07-17,เบียร์
T-203558,2025-09-23,ชาเขียว
T-203558,2025-09-23,ถุงพลาสติก
T-203558,2025-09-23,นมสด
T-203558,2025-09-23,น้ำดื่ม
T-203558,2025-09-23,ไข่ไก่
T-203559,2025-09-22,ถุงพลาสติก
T-203559,2025-09-22,นมสด
T-203559,2025-09-22,ผงซักฟอก
T-203559,2025-09-22,เบียร์
T-203560,2025-08-12,ถุงพลาสติก
T-203560,2025-08-12,เบียร์
T-203561,2025-09-13,กาแฟสด
T-203561,2025-09-13,ถุงพลาสติก
T-203561,2025-09-13,ไข่ไก่
T-203562,2025-07-25,ถุงพลาสติก
T-203563,2025-08-05,ถุงพลาสติก
T-203563,2025-08-05,เบียร์
T-203564,2025-07-14,ถุงพลาสติก
T-203565,2025-07-14,ถุงพลาสติก
T-203565,2025-07-14,ผ้าอ้อม
T-203565,2025-07-14,ผ้าเช็ดทำความสะอาด
T-203565,2025-07-14,เบียร์
T-203565,2025-07-14,แชมพู
T-203565,2025-07-14,ไข่ไก่
T-203566,2025-08-19,ถุงพลาสติก
T-203566,2025-08-19,บะหมี่กึ่งสำเร็จรูป
T-203567,2025-08-06,ชาเขียว
T-203567,2025-08-06,ถุงพลาสติก
T-203567,2025-08-06,นมสด
T-203567,2025-08-06,น้ำดื่ม
T-203568,2025-08-23,บะหมี่กึ่งสำเร็จรูป
T-203568,2025-08-23,เบียร์
T-203569,2025-09-10,ถุงพลาสติก
T-203569,2025-09-10,น้ำดื่ม
T-203570,2025-07-04,ชาเขียว
T-203570,2025-07-04,ถุงพลาสติก
T-203570,2025-07-04,บะหมี่กึ่งสำเร็จรูป
T-203570,2025-07-04,เบียร์
T-203571,2025-07-05,ถุงพลาสติก
T-203571,2025-07-05,ผ้าอ้อม
T-203571,2025-07-05,ผ้าเช็ดทำความสะอาด
T-203572,2025-09-22,ถุงพลาสติก
T-203572,2025-09-22,ผ้าอ้อม
T-203572,2025-09-22,ผ้าเช็ดทำความสะอาด
T-203573,2025-08-27,ชาเขียว
T-203573,2025-08-27,ถุงพลาสติก
T-203573,2025-08-27,น้ำดื่ม
T-203573,2025-08-27,ผงซักฟอก
T-203574,2025-07-02,กาแฟสด
T-203574,2025-07-02,ขนมปัง
T-203574,2025-07-02,ถุงพลาสติก
T-203575,2025-07-24,เบียร์
T-203576,2025-09-22,ชาเขียว
T-203576,2025-09-22,ถุงพลาสติก
T-203576,2025-09-22,นมสด
T-203576,2025-09-22,มันฝรั่งทอด
T-203577,2025-08-03,มันฝรั่งทอด
T-203578,2025-07-04,ถุงพลาสติก
T-203578,2025-07-04,น้ำดื่ม
T-203578,2025-07-04,เบียร์
T-203579,2025-07-20,ขนมปัง
T-203579,2025-07-20,ถุงพลาสติก
T-203579,2025-07-20,เบียร์
T-203580,2025-07-09,ถุงพลาสติก
T-203580,2025-07-09,ผ้าเช็ดทำความสะอาด
T-203580,2025-07-09,มันฝรั่งทอด
T-203581,2025-08-10,กาแฟสด
T-203581,2025-08-10,ถุงพลาสติก
T-203582,2025-09-28,ชาเขียว
T-203582,2025-09-28,ผ้าอ้อม
T-203582,2025-09-28,แชมพู
T-203583,2025-09-23,ขนมปัง
T-203584,2025-08-09,ชาเขียว
T-203584,2025-08-09,ถุงพลาสติก
T-203584,2025-08-09,น้ำดื่ม
T-203585,2025-07-26,ถุงพลาสติก
T-203585,2025-07-26,เบียร์
T-203586,2025-08-26,ขนมปัง
T-203586,2025-08-26,ถุงพลาสติก
T-203587,2025-07-17,ถุงพลาสติก
T-203587,2025-07-17,นมสด
T-203587,2025-07-17,น้ำดื่ม
T-203587,2025-07-17,บะหมี่กึ่งสำเร็จรูป
T-203587,2025-07-17,ผ้าอ้อม
T-203587,2025-07-17,ไข่ไก่
T-203588,2025-07-15,ถุงพลาสติก
T-203588,2025-07-15,นมสด
T-203588,2025-07-15,บะหมี่กึ่งสำเร็จรูป
T-203589,2025-07-12,ขนมปัง
T-203589,2025-07-12,ถุงพลาสติก
T-203589,2025-07-12,นมสด
T-203589,2025-07-12,น้ำดื่ม
T-203589,2025-07-12,แชมพู
T-203590,2025-07-05,กาแฟสด
T-203590,2025-07-05,ขนมปัง
T-203590,2025-07-05,เบียร์
T-203590,2025-07-05,แชมพู
T-203590,2025-07-05,ไข่ไก่
T-203591,2025-08-17,ขนมปัง
T-203591,2025-08-17,แชมพู
T-203591,2025-08-17,ไข่ไก่
T-203592,2025-07-05,ขนมปัง
T-203592,2025-07-05,ถุงพลาสติก
T-203593,2025-09-06,ชาเขียว
T-203593,2025-09-06,ไข่ไก่
T-203594,2025-09-21,กาแฟสด
T-203594,2025-09-21,ถุงพลาสติก
T-203594,2025-09-21,น้ำดื่ม
T-203594,2025-09-21,เบียร์
T-203594,2025-09-21,ไข่ไก่
T-203595,2025-08-02,ขนมปัง
T-203595,2025-08-02,ถุงพลาสติก
T-203595,2025-08-02,นมสด
T-203595,2025-08-02,ผ้าอ้อม
T-203595,2025-08-02,มันฝรั่งทอด
T-203595,2025-08-02,ไข่ไก่
T-203596,2025-07-14,ขนมปัง
T-203597,2025-08-05,ชาเขียว
T-203597,2025-08-05,ถุงพลาสติก
T-203597,2025-08-05,น้ำดื่ม
T-203597,2025-08-05,มันฝรั่งทอด
T-203597,2025-08-05,แชมพู
T-203598,2025-09-19,กาแฟสด
T-203598,2025-09-19,น้ำดื่ม
T-203598,2025-09-19,ผงซักฟอก
T-203598,2025-09-19,มันฝรั่งทอด
T-203598,2025-09-19,ไข่ไก่
T-203599,2025-09-07,ขนมปัง
T-203599,2025-09-07,ถุงพลาสติก
T-203599,2025-09-07,มันฝรั่งทอด
T-203600,2025-08-21,ถุงพลาสติก
T-203600,2025-08-21,นมสด
T-203600,2025-08-21,บะหมี่กึ่งสำเร็จรูป
T-203600,2025-08-21,เบียร์
T-203600,2025-08-21,แชมพู
T-203601,2025-08-23,กาแฟสด
T-203601,2025-08-23,ถุงพลาสติก
T-203601,2025-08-23,นมสด
T-203601,2025-08-23,ผ้าอ้อม
T-203601,2025-08-23,ผ้าเช็ดทำความสะอาด
T-203601,2025-08-23,ไข่ไก่
T-203602,2025-07-07,ถุงพลาสติก
T-203602,2025-07-07,น้ำดื่ม
T-203602,2025-07-07,เบียร์
T-203602,2025-07-07,ไข่ไก่
T-203603,2025-09-12,ขนมปัง
T-203603,2025-09-12,ชาเขียว
T-203603,2025-09-12,มันฝรั่งทอด
T-203604,2025-08-18,ชาเขียว
T-203604,2025-08-18,ถุงพลาสติก
T-203604,2025-08-18,น้ำดื่ม
T-203605,2025-08-03,ขนมปัง
T-203605,2025-08-03,ถุงพลาสติก
T-203605,2025-08-03,น้ำดื่ม
T-203606,2025-09-16,ขนมปัง
T-203606,2025-09-16,ถุงพลาสติก
T-203606,2025-09-16,น้ำดื่ม
T-203606,2025-09-16,ผงซักฟอก
T-203606,2025-09-16,มันฝรั่งทอด
T-203607,2025-08-20,ขนมปัง
T-203607,2025-08-20,ถุงพลาสติก
T-203607,2025-08-20,ผ้าอ้อม
T-203608,2025-09-27,ขนมปัง
T-203608,2025-09-27,ถุงพลาสติก
T-203608,2025-09-27,ไข่ไก่
T-203609,2025-09-06,ถุงพลาสติก
T-203609,2025-09-06,บะหมี่กึ่งสำเร็จรูป
T-203609,2025-09-06,แชมพู
T-203610,2025-07-17,ชาเขียว
T-203610,2025-07-17,นมสด
T-203610,2025-07-17,บะหมี่กึ่งสำเร็จรูป
T-203610,2025-07-17,ผ้าอ้อม
T-203610,2025-07-17,ผ้าเช็ดทำความสะอาด
T-203610,2025-07-17,มันฝรั่งทอด
T-203611,2025-07-16,กาแฟสด
T-203611,2025-07-16,ถุงพลาสติก
T-203612,2025-07-21,ถุงพลาสติก
T-203612,2025-07-21,นมสด
T-203612,2025-07-21,น้ำดื่ม
T-203613,2025-08-25,ขนมปัง
T-203613,2025-08-25,บะหมี่กึ่งสำเร็จรูป
T-203614,2025-07-06,กาแฟสด
T-203614,2025-07-06,ถุงพลาสติก
T-203615,2025-09-11,กาแฟสด
T-203615,2025-09-11,ไข่ไก่
T-203616,2025-07-28,ถุงพลาสติก
T-203616,2025-07-28,น้ำดื่ม
T-203616,2025-07-28,บะหมี่กึ่งสำเร็จรูป
T-203616,2025-07-28,ผ้าอ้อม
T-203616,2025-07-28,ผ้าเช็ดทำความสะอาด
T-203616,2025-07-28,เบียร์
T-203617,2025-07-01,ผงซักฟอก
T-203617,2025-07-01,ผ้าอ้อม
T-203617,2025-07-01,ผ้าเช็ดทำความสะอาด
T-203617,2025-07-01,เบียร์
T-203618,2025-08-11,ถุงพลาสติก
T-203618,2025-08-11,น้ำดื่ม
T-203619,2025-08-04,ชาเขียว
T-203619,2025-08-04,ถุงพลาสติก
T-203619,2025-08-04,นมสด
T-203619,2025-08-04,บะหมี่กึ่งสำเร็จรูป
T-203619,2025-08-04,ผ้าเช็ดทำความสะอาด
T-203620,2025-07-16,ถุงพลาสติก
T-203620,2025-07-16,ผงซักฟอก
T-203620,2025-07-16,มันฝรั่งทอด
T-203621,2025-07-24,ถุงพลาสติก
T-203621,2025-07-24,น้ำดื่ม
T-203621,2025-07-24,มันฝรั่งทอด
T-203621,2025-07-24,เบียร์
T-203622,2025-07-09,ขนมปัง
T-203622,2025-07-09,ชาเขียว
T-203622,2025-07-09,ถุงพลาสติก
T-203622,2025-07-09,นมสด
T-203622,2025-07-09,น้ำดื่ม
T-203622,2025-07-09,เบียร์
T-203623,2025-07-31,ถุงพลาสติก
T-203623,2025-07-31,ผงซักฟอก
T-203623,2025-07-31,มันฝรั่งทอด
T-203623,2025-07-31,แชมพู
T-203624,2025-08-01,ถุงพลาสติก
T-203624,2025-08-01,น้ำดื่ม
T-203625,2025-07-19,ขนมปัง
T-203625,2025-07-19,น้ำดื่ม
T-203625,2025-07-19,แชมพู
T-203626,2025-07-07,ขนมปัง
T-203626,2025-07-07,ถุงพลาสติก
T-203626,2025-07-07,มันฝรั่งทอด
T-203626,2025-07-07,เบียร์
T-203626,2025-07-07,ไข่ไก่
T-203627,2025-08-24,ถุงพลาสติก
T-203627,2025-08-24,นมสด
T-203627,2025-08-24,น้ำดื่ม
T-203627,2025-08-24,มันฝรั่งทอด
T-203628,2025-09-11,ผงซักฟอก
T-203629,2025-07-05,แชมพู
T-203630,2025-07-24,กาแฟสด
T-203630,2025-07-24,ถุงพลาสติก
T-203630,2025-07-24,มันฝรั่งทอด
T-203630,2025-07-24,แชมพู
T-203631,2025-08-09,ขนมปัง
T-203631,2025-08-09,ชาเขียว
T-203631,2025-08-09,ถุงพลาสติก
T-203631,2025-08-09,นมสด
T-203632,2025-07-17,ขนมปัง
T-203633,2025-07-18,ขนมปัง
T-203633,2025-07-18,ถุงพลาสติก
T-203633,2025-07-18,นมสด
T-203634,2025-09-03,กาแฟสด
T-203634,2025-09-03,ถุงพลาสติก
T-203634,2025-09-03,นมสด
T-203634,2025-09-03,บะหมี่กึ่งสำเร็จรูป
T-203634,2025-09-03,ไข่ไก่
T-203635,2025-08-21,ถุงพลาสติก
T-203635,2025-08-21,นมสด
T-203635,2025-08-21,แชมพู
T-203636,2025-07-15,ขนมปัง
T-203636,2025-07-15,ชาเขียว
T-203636,2025-07-15,ถุงพลาสติก
T-203636,2025-07-15,น้ำดื่ม
T-203637,2025-09-26,ถุงพลาสติก
T-203637,2025-09-26,ผ้าเช็ดทำความสะอาด
T-203638,2025-07-01,กาแฟสด
T-203638,2025-07-01,ถุงพลาสติก
T-203638,2025-07-01,เบียร์
T-203639,2025-07-08,ถุงพลาสติก
T-203639,2025-07-08,บะหมี่กึ่งสำเร็จรูป
T-203639,2025-07-08,ผ้าเช็ดทำความสะอาด
T-203640,2025-09-28,กาแฟสด
T-203640,2025-09-28,ขนมปัง
T-203640,2025-09-28,ถุงพลาสติก
T-203640,2025-09-28,บะหมี่กึ่งสำเร็จรูป
T-203641,2025-07-16,ขนมปัง
T-203641,2025-07-16,ชาเขียว
T-203641,2025-07-16,ถุงพลาสติก
T-203641,2025-07-16,บะหมี่กึ่งสำเร็จรูป
T-203641,2025-07-16,ผงซักฟอก
T-203641,2025-07-16,มันฝรั่งทอด
T-203642,2025-07-15,กาแฟสด
T-203642,2025-07-15,ถุงพลาสติก
T-203642,2025-07-15,นมสด
T-203642,2025-07-15,น้ำดื่ม
T-203642,2025-07-15,แชมพู
T-203643,2025-09-12,ขนมปัง
T-203643,2025-09-12,ถุงพลาสติก
T-203643,2025-09-12,มันฝรั่งทอด
T-203643,2025-09-12,เบียร์
T-203644,2025-09-26,ถุงพลาสติก
T-203644,2025-09-26,น้ำดื่ม
T-203644,2025-09-26,มันฝรั่งทอด
T-203644,2025-09-26,ไข่ไก่
T-203645,2025-08-09,ถุงพลาสติก
T-203646,2025-09-13,กาแฟสด
T-203646,2025-09-13,ถุงพลาสติก
T-203646,2025-09-13,นมสด
T-203647,2025-07-15,กาแฟสด
T-203647,2025-07-15,บะหมี่กึ่งสำเร็จรูป
T-203647,2025-07-15,ผ้าอ้อม
T-203647,2025-07-15,แชมพู
T-203647,2025-07-15,ไข่ไก่
T-203648,2025-07-18,ผ้าเช็ดทำความสะอาด
T-203649,2025-08-27,ถุงพลาสติก
T-203649,2025-08-27,น้ำดื่ม
T-203649,2025-08-27,เบียร์
T-203649,2025-08-27,ไข่ไก่
T-203650,2025-07-24,ถุงพลาสติก
T-203650,2025-07-24,บะหมี่กึ่งสำเร็จรูป
T-203650,2025-07-24,ผงซักฟอก
T-203650,2025-07-24,ผ้าอ้อม
T-203650,2025-07-24,ผ้าเช็ดทำความสะอาด
T-203650,2025-07-24,ไข่ไก่
T-203651,2025-07-31,กาแฟสด
T-203651,2025-07-31,ถุงพลาสติก
T-203652,2025-08-06,ขนมปัง
T-203652,2025-08-06,ถุงพลาสติก
T-203652,2025-08-06,บะหมี่กึ่งสำเร็จรูป
T-203652,2025-08-06,ผ้าเช็ดทำความสะอาด
T-203653,2025-08-01,กาแฟสด
T-203653,2025-08-01,ถุงพลาสติก
T-203653,2025-08-01,เบียร์
T-203654,2025-07-28,กาแฟสด
T-203654,2025-07-28,ถุงพลาสติก
T-203654,2025-07-28,มันฝรั่งทอด
T-203655,2025-07-03,ถุงพลาสติก
T-203655,2025-07-03,นมสด
T-203655,2025-07-03,บะหมี่กึ่งสำเร็จรูป
T-203656,2025-08-07,ชาเขียว
T-203656,2025-08-07,ถุงพลาสติก
T-203656,2025-08-07,แชมพู
T-203656,2025-08-07,ไข่ไก่
T-203657,2025-08-15,กาแฟสด
T-203657,2025-08-15,ถุงพลาสติก
T-203657,2025-08-15,มันฝรั่งทอด
T-203658,2025-07-22,กาแฟสด
T-203658,2025-07-22,ถุงพลาสติก
T-203658,2025-07-22,น้ำดื่ม
T-203658,2025-07-22,มันฝรั่งทอด
T-203659,2025-08-26,มันฝรั่งทอด
T-203660,2025-08-14,กาแฟสด
T-203660,2025-08-14,ขนมปัง
T-203660,2025-08-14,ถุงพลาสติก
T-203660,2025-08-14,นมสด
T-203660,2025-08-14,น้ำดื่ม
T-203660,2025-08-14,ผงซักฟอก
T-203661,2025-08-06,นมสด
T-203662,2025-08-14,ขนมปัง
T-203662,2025-08-14,ถุงพลาสติก
T-203663,2025-07-10,ชาเขียว
T-203663,2025-07-10,นมสด
T-203663,2025-07-10,น้ำดื่ม
T-203664,2025-09-26,ถุงพลาสติก
T-203664,2025-09-26,นมสด
T-203664,2025-09-26,น้ำดื่ม
T-203664,2025-09-26,บะหมี่กึ่งสำเร็จรูป
T-203664,2025-09-26,ผ้าเช็ดทำความสะอาด
T-203665,2025-08-05,กาแฟสด
T-203665,2025-08-05,ขนมปัง
T-203665,2025-08-05,ถุงพลาสติก
T-203665,2025-08-05,ผ้าอ้อม
T-203665,2025-08-05,ผ้าเช็ดทำความสะอาด
T-203666,2025-08-26,ถุงพลาสติก
T-203666,2025-08-26,น้ำดื่ม
T-203666,2025-08-26,บะหมี่กึ่งสำเร็จรูป
T-203666,2025-08-26,ผงซักฟอก
T-203666,2025-08-26,แชมพู
T-203666,2025-08-26,ไข่ไก่
T-203667,2025-09-10,กาแฟสด
T-203667,2025-09-10,ถุงพลาสติก
T-203667,2025-09-10,มันฝรั่งทอด
T-203668,2025-07-25,ถุงพลาสติก
T-203668,2025-07-25,ผ้าเช็ดทำความสะอาด
T-203668,2025-07-25,ไข่ไก่
T-203669,2025-07-19,ขนมปัง
T-203669,2025-07-19,นมสด
T-203669,2025-07-19,ผงซักฟอก
T-203669,2025-07-19,ผ้าเช็ดทำความสะอาด
T-203669,2025-07-19,มันฝรั่งทอด
T-203670,2025-07-16,ขนมปัง
T-203671,2025-08-11,ขนมปัง
T-203671,2025-08-11,ชาเขียว
T-203671,2025-08-11,ถุงพลาสติก
T-203672,2025-08-08,ถุงพลาสติก
T-203672,2025-08-08,ไข่ไก่
T-203673,2025-09-13,ขนมปัง
T-203673,2025-09-13,ถุงพลาสติก
T-203674,2025-08-17,ชาเขียว
T-203674,2025-08-17,ถุงพลาสติก
T-203674,2025-08-17,น้ำดื่ม
T-203674,2025-08-17,บะหมี่กึ่งสำเร็จรูป
T-203674,2025-08-17,มันฝรั่งทอด
T-203675,2025-08-08,กาแฟสด
T-203675,2025-08-08,ถุงพลาสติก
T-203676,2025-07-23,ถุงพลาสติก
T-203676,2025-07-23,ผ้าเช็ดทำความสะอาด
T-203676,2025-07-23,ไข่ไก่
T-203677,2025-09-10,กาแฟสด
T-203677,2025-09-10,ถุงพลาสติก
T-203677,2025-09-10,น้ำดื่ม
T-203677,2025-09-10,บะหมี่กึ่งสำเร็จรูป
T-203677,2025-09-10,ผ้าอ้อม
T-203677,2025-09-10,ผ้าเช็ดทำความสะอาด
T-203678,2025-07-20,ถุงพลาสติก
T-203678,2025-07-20,นมสด
T-203678,2025-07-20,ผงซักฟอก
T-203679,2025-09-15,กาแฟสด
T-203679,2025-09-15,ขนมปัง
T-203679,2025-09-15,ถุงพลาสติก
T-203679,2025-09-15,นมสด
T-203679,2025-09-15,น้ำดื่ม
T-203679,2025-09-15,บะหมี่กึ่งสำเร็จรูป
T-203679,2025-09-15,ผ้าเช็ดทำความสะอาด
T-203679,2025-09-15,แชมพู
T-203680,2025-07-02,กาแฟสด
T-203680,2025-07-02,ถุงพลาสติก
T-203680,2025-07-02,น้ำดื่ม
T-203681,2025-07-23,ถุงพลาสติก
T-203681,2025-07-23,บะหมี่กึ่งสำเร็จรูป
T-203681,2025-07-23,แชมพู
T-203682,2025-09-08,ถุงพลาสติก
T-203683,2025-07-30,ถุงพลาสติก
T-203683,2025-07-30,น้ำดื่ม
T-203684,2025-08-08,ถุงพลาสติก
T-203684,2025-08-08,น้ำดื่ม
T-203685,2025-08-11,กาแฟสด
T-203685,2025-08-11,ถุงพลาสติก
T-203685,2025-08-11,เบียร์
T-203686,2025-09-18,กาแฟสด
T-203686,2025-09-18,ขนมปัง
T-203686,2025-09-18,ถุงพลาสติก
T-203686,2025-09-18,บะหมี่กึ่งสำเร็จรูป
T-203687,2025-08-01,ขนมปัง
T-203687,2025-08-01,ถุงพลาสติก
T-203688,2025-08-14,กาแฟสด
T-203688,2025-08-14,ถุงพลาสติก
T-203689,2025-07-29,กาแฟสด
T-203689,2025-07-29,ถุงพลาสติก
T-203689,2025-07-29,น้ำดื่ม
T-203690,2025-08-11,ขนมปัง
T-203690,2025-08-11,ถุงพลาสติก
T-203690,2025-08-11,น้ำดื่ม
T-203691,2025-09-08,ถุงพลาสติก
T-203691,2025-09-08,นมสด
T-203691,2025-09-08,มันฝรั่งทอด
T-203692,2025-07-07,มันฝรั่งทอด
T-203693,2025-09-06,กาแฟสด
T-203693,2025-09-06,ถุงพลาสติก
T-203693,2025-09-06,ผงซักฟอก
T-203693,2025-09-06,มันฝรั่งทอด
T-203694,2025-09-25,บะหมี่กึ่งสำเร็จรูป
T-203695,2025-07-25,ชาเขียว
T-203695,2025-07-25,ถุงพลาสติก
T-203695,2025-07-25,นมสด
T-203696,2025-08-21,ถุงพลาสติก
T-203696,2025-08-21,บะหมี่กึ่งสำเร็จรูป
T-203696,2025-08-21,มันฝรั่งทอด
T-203696,2025-08-21,ไข่ไก่
T-203697,2025-08-29,ชาเขียว
T-203697,2025-08-29,ถุงพลาสติก
T-203697,2025-08-29,นมสด
T-203697,2025-08-29,น้ำดื่ม
T-203698,2025-08-19,ขนมปัง
T-203698,2025-08-19,ชาเขียว
T-203698,2025-08-19,ถุงพลาสติก
T-203699,2025-08-02,ถุงพลาสติก
T-203699,2025-08-02,บะหมี่กึ่งสำเร็จรูป
T-203700,2025-09-10,ถุงพลาสติก
T-203700,2025-09-10,นมสด
T-203700,2025-09-10,บะหมี่กึ่งสำเร็จรูป
T-203701,2025-09-03,ถุงพลาสติก
T-203702,2025-09-23,กาแฟสด
T-203702,2025-09-23,มันฝรั่งทอด
T-203702,2025-09-23,แชมพู
T-203703,2025-07-05,ถุงพลาสติก
T-203703,2025-07-05,นมสด
T-203703,2025-07-05,เบียร์
T-203704,2025-08-25,ถุงพลาสติก
T-203704,2025-08-25,เบียร์
T-203704,2025-08-25,แชมพู
T-203705,2025-08-08,กาแฟสด
T-203705,2025-08-08,เบียร์
T-203706,2025-08-11,ถุงพลาสติก
T-203706,2025-08-11,น้ำดื่ม
T-203707,2025-08-11,ขนมปัง
T-203707,2025-08-11,ถุงพลาสติก
T-203707,2025-08-11,น้ำดื่ม
T-203707,2025-08-11,ผงซักฟอก
T-203707,2025-08-11,ไข่ไก่
T-203708,2025-08-02,ถุงพลาสติก
T-203708,2025-08-02,น้ำดื่ม
T-203708,2025-08-02,ไข่ไก่
T-203709,2025-08-25,กาแฟสด
T-203709,2025-08-25,ถุงพลาสติก
T-203709,2025-08-25,น้ำดื่ม
T-203709,2025-08-25,ไข่ไก่
T-203710,2025-09-28,ชาเขียว
T-203710,2025-09-28,ถุงพลาสติก
T-203710,2025-09-28,นมสด
T-203710,2025-09-28,บะหมี่กึ่งสำเร็จรูป
T-203710,2025-09-28,ไข่ไก่
T-203711,2025-07-14,ขนมปัง
T-203711,2025-07-14,ถุงพลาสติก
T-203711,2025-07-14,นมสด
T-203711,2025-07-14,แชมพู
T-203712,2025-07-08,ขนมปัง
T-203712,2025-07-08,ถุงพลาสติก
T-203712,2025-07-08,เบียร์
T-203713,2025-08-10,ขนมปัง
T-203713,2025-08-10,ชาเขียว
T-203713,2025-08-10,ถุงพลาสติก
T-203713,2025-08-10,นมสด
T-203714,2025-09-23,ถุงพลาสติก
T-203714,2025-09-23,มันฝรั่งทอด
T-203714,2025-09-23,ไข่ไก่
T-203715,2025-07-03,ชาเขียว
T-203715,2025-07-03,ถุงพลาสติก
T-203715,2025-07-03,นมสด
T-203715,2025-07-03,น้ำดื่ม
T-203715,2025-07-03,ผ้าอ้อม
T-203715,2025-07-03,ผ้าเช็ดทำความสะอาด
T-203716,2025-08-15,ถุงพลาสติก
T-203716,2025-08-15,น้ำดื่ม
T-203716,2025-08-15,บะหมี่กึ่งสำเร็จรูป
T-203717,2025-09-10,ถุงพลาสติก
T-203717,2025-09-10,มันฝรั่งทอด
T-203718,2025-07-18,ถุงพลาสติก
T-203718,2025-07-18,น้ำดื่ม
T-203718,2025-07-18,ผ้าอ้อม
T-203718,2025-07-18,ผ้าเช็ดทำความสะอาด
T-203719,2025-09-16,ถุงพลาสติก
T-203720,2025-07-12,ถุงพลาสติก
T-203721,2025-08-18,ชาเขียว
T-203721,2025-08-18,ถุงพลาสติก
T-203722,2025-08-05,ถุงพลาสติก
T-203722,2025-08-05,นมสด
T-203722,2025-08-05,น้ำดื่ม
T-203722,2025-08-05,บะหมี่กึ่งสำเร็จรูป
T-203722,2025-08-05,ผงซักฟอก
T-203722,2025-08-05,มันฝรั่งทอด
T-203723,2025-08-03,ถุงพลาสติก
T-203724,2025-07-31,ชาเขียว
T-203724,2025-07-31,ถุงพลาสติก
T-203724,2025-07-31,นมสด
T-203724,2025-07-31,ไข่ไก่
T-203725,2025-09-10,นมสด
T-203725,2025-09-10,ผงซักฟอก
T-203725,2025-09-10,ผ้าเช็ดทำความสะอาด
T-203725,2025-09-10,เบียร์
T-203726,2025-07-06,กาแฟสด
T-203726,2025-07-06,ถุงพลาสติก
T-203726,2025-07-06,แชมพู
T-203727,2025-08-31,ถุงพลาสติก
T-203727,2025-08-31,น้ำดื่ม
T-203728,2025-08-18,ถุงพลาสติก
T-203728,2025-08-18,บะหมี่กึ่งสำเร็จรูป
T-203728,2025-08-18,ไข่ไก่
T-203729,2025-07-24,ถุงพลาสติก
T-203729,2025-07-24,ผงซักฟอก
T-203729,2025-07-24,ผ้าเช็ดทำความสะอาด
T-203729,2025-07-24,แชมพู
T-203730,2025-09-03,ถุงพลาสติก
T-203731,2025-07-21,ถุงพลาสติก
T-203731,2025-07-21,ผงซักฟอก
T-203731,2025-07-21,ผ้าอ้อม
T-203731,2025-07-21,ผ้าเช็ดทำความสะอาด
T-203731,2025-07-21,มันฝรั่งทอด
T-203731,2025-07-21,ไข่ไก่
T-203732,2025-08-30,ถุงพลาสติก
T-203732,2025-08-30,ผ้าเช็ดทำความสะอาด
T-203732,2025-08-30,เบียร์
T-203733,2025-07-05,ผ้าอ้อม
T-203733,2025-07-05,ผ้าเช็ดทำความสะอาด
T-203734,2025-08-26,กาแฟสด
T-203734,2025-08-26,ถุงพลาสติก
T-203734,2025-08-26,นมสด
T-203734,2025-08-26,มันฝรั่งทอด
T-203734,2025-08-26,ไข่ไก่
T-203735,2025-09-06,บะหมี่กึ่งสำเร็จรูป
T-203735,2025-09-06,แชมพู
T-203736,2025-07-05,บะหมี่กึ่งสำเร็จรูป
T-203737,2025-09-12,ชาเขียว
T-203737,2025-09-12,ถุงพลาสติก
T-203738,2025-07-05,ถุงพลาสติก
T-203738,2025-07-05,นมสด
T-203738,2025-07-05,แชมพู
T-203739,2025-08-23,ถุงพลาสติก
T-203739,2025-08-23,น้ำดื่ม
T-203739,2025-08-23,มันฝรั่งทอด
T-203740,2025-09-24,กาแฟสด
T-203740,2025-09-24,ถุงพลาสติก
T-203740,2025-09-24,บะหมี่กึ่งสำเร็จรูป
T-203740,2025-09-24,ไข่ไก่
T-203741,2025-09-01,กาแฟสด
T-203741,2025-09-01,ผงซักฟอก
T-203741,2025-09-01,มันฝรั่งทอด
T-203741,2025-09-01,เบียร์
T-203742,2025-07-09,ขนมปัง
T-203742,2025-07-09,ถุงพลาสติก
T-203742,2025-07-09,นมสด
T-203742,2025-07-09,น้ำดื่ม
T-203742,2025-07-09,ผ้าอ้อม
T-203742,2025-07-09,ผ้าเช็ดทำความสะอาด
T-203743,2025-08-15,ผงซักฟอก
T-203744,2025-08-26,ขนมปัง
T-203744,2025-08-26,ถุงพลาสติก
T-203744,2025-08-26,น้ำดื่ม
T-203745,2025-07-27,ขนมปัง
T-203745,2025-07-27,ถุงพลาสติก
T-203746,2025-08-22,ถุงพลาสติก
T-203746,2025-08-22,มันฝรั่งทอด
T-203747,2025-08-08,น้ำดื่ม
T-203747,2025-08-08,ผ้าอ้อม
T-203747,2025-08-08,ผ้าเช็ดทำความสะอาด
T-203747,2025-08-08,มันฝรั่งทอด
T-203747,2025-08-08,เบียร์
T-203748,2025-09-06,กาแฟสด
T-203748,2025-09-06,ถุงพลาสติก
T-203748,2025-09-06,น้ำดื่ม
T-203748,2025-09-06,ผ้าอ้อม
T-203748,2025-09-06,ผ้าเช็ดทำความสะอาด
T-203748,2025-09-06,เบียร์
T-203748,2025-09-06,ไข่ไก่
T-203749,2025-07-20,ถุงพลาสติก
T-203749,2025-07-20,น้ำดื่ม
T-203749,2025-07-20,ไข่ไก่
T-203750,2025-07-25,ถุงพลาสติก
T-203750,2025-07-25,ผงซักฟอก
T-203750,2025-07-25,ไข่ไก่
T-203751,2025-09-16,ถุงพลาสติก
T-203751,2025-09-16,น้ำดื่ม
T-203751,2025-09-16,บะหมี่กึ่งสำเร็จรูป
T-203752,2025-09-15,ถุงพลาสติก
T-203752,2025-09-15,บะหมี่กึ่งสำเร็จรูป
T-203752,2025-09-15,ผ้าอ้อม
T-203752,2025-09-15,ผ้าเช็ดทำความสะอาด
T-203752,2025-09-15,มันฝรั่งทอด
T-203752,2025-09-15,เบียร์
T-203753,2025-09-07,กาแฟสด
T-203753,2025-09-07,ถุงพลาสติก
T-203754,2025-08-11,ขนมปัง
T-203754,2025-08-11,ผงซักฟอก
T-203755,2025-09-10,กาแฟสด
T-203755,2025-09-10,ถุงพลาสติก
T-203755,2025-09-10,นมสด
T-203755,2025-09-10,ไข่ไก่
T-203756,2025-08-12,ชาเขียว
T-203756,2025-08-12,ถุงพลาสติก
T-203757,2025-09-21,ถุงพลาสติก
T-203757,2025-09-21,น้ำดื่ม
T-203757,2025-09-21,ผ้าเช็ดทำความสะอาด
T-203758,2025-08-02,เบียร์
T-203759,2025-07-09,ชาเขียว
T-203759,2025-07-09,ถุงพลาสติก
T-203759,2025-07-09,นมสด
T-203759,2025-07-09,น้ำดื่ม
T-203759,2025-07-09,มันฝรั่งทอด
T-203760,2025-09-21,ชาเขียว
T-203760,2025-09-21,ถุงพลาสติก
T-203760,2025-09-21,น้ำดื่ม
T-203761,2025-07-14,ถุงพลาสติก
T-203761,2025-07-14,นมสด
T-203761,2025-07-14,เบียร์
T-203761,2025-07-14,ไข่ไก่
T-203762,2025-07-29,ชาเขียว
T-203762,2025-07-29,ถุงพลาสติก
T-203762,2025-07-29,ผงซักฟอก
T-203762,2025-07-29,มันฝรั่งทอด
T-203763,2025-09-28,กาแฟสด
T-203763,2025-09-28,ถุงพลาสติก
T-203763,2025-09-28,บะหมี่กึ่งสำเร็จรูป
T-203764,2025-09-22,ชาเขียว
T-203764,2025-09-22,ถุงพลาสติก
T-203764,2025-09-22,ผ้าเช็ดทำความสะอาด
T-203764,2025-09-22,เบียร์
T-203765,2025-07-30,ถุงพลาสติก
T-203765,2025-07-30,บะหมี่กึ่งสำเร็จรูป
T-203765,2025-07-30,ผงซักฟอก
T-203766,2025-08-20,ขนมปัง
T-203766,2025-08-20,ถุงพลาสติก
T-203766,2025-08-20,บะหมี่กึ่งสำเร็จรูป
T-203766,2025-08-20,เบียร์
T-203767,2025-08-05,ขนมปัง
T-203767,2025-08-05,ถุงพลาสติก
T-203767,2025-08-05,น้ำดื่ม
T-203767,2025-08-05,มันฝรั่งทอด
T-203767,2025-08-05,ไข่ไก่
T-203768,2025-08-03,กาแฟสด
T-203768,2025-08-03,บะหมี่กึ่งสำเร็จรูป
T-203768,2025-08-03,มันฝรั่งทอด
T-203769,2025-09-11,ถุงพลาสติก
T-203769,2025-09-11,ไข่ไก่
T-203770,2025-07-19,ถุงพลาสติก
T-203770,2025-07-19,น้ำดื่ม
T-203770,2025-07-19,บะหมี่กึ่งสำเร็จรูป
T-203770,2025-07-19,ผ้าเช็ดทำความสะอาด
T-203770,2025-07-19,มันฝรั่งทอด
T-203770,2025-07-19,แชมพู
T-203771,2025-09-21,ถุงพลาสติก
T-203771,2025-09-21,น้ำดื่ม
T-203771,2025-09-21,มันฝรั่งทอด
T-203772,2025-09-12,กาแฟสด
T-203772,2025-09-12,ผ้าเช็ดทำความสะอาด
T-203772,2025-09-12,ไข่ไก่
T-203773,2025-08-01,ถุงพลาสติก
T-203773,2025-08-01,น้ำดื่ม
T-203773,2025-08-01,มันฝรั่งทอด
T-203774,2025-08-12,ถุงพลาสติก
T-203775,2025-07-14,ถุงพลาสติก
T-203775,2025-07-14,นมสด
T-203775,2025-07-14,น้ำดื่ม
T-203775,2025-07-14,บะหมี่กึ่งสำเร็จรูป
T-203775,2025-07-14,มันฝรั่งทอด
T-203776,2025-07-16,ขนมปัง
T-203776,2025-07-16,นมสด
T-203776,2025-07-16,น้ำดื่ม
T-203776,2025-07-16,มันฝรั่งทอด
T-203777,2025-08-06,น้ำดื่ม
T-203778,2025-07-04,ชาเขียว
T-203778,2025-07-04,ถุงพลาสติก
T-203778,2025-07-04,นมสด
T-203778,2025-07-04,น้ำดื่ม
T-203778,2025-07-04,ผ้าอ้อม
T-203778,2025-07-04,ผ้าเช็ดทำความสะอาด
T-203779,2025-09-26,กาแฟสด
T-203779,2025-09-26,ถุงพลาสติก
T-203779,2025-09-26,บะหมี่กึ่งสำเร็จรูป
T-203779,2025-09-26,เบียร์
T-203780,2025-08-29,ถุงพลาสติก
T-203780,2025-08-29,น้ำดื่ม
T-203780,2025-08-29,ผ้าอ้อม
T-203780,2025-08-29,ผ้าเช็ดทำความสะอาด
T-203781,2025-09-02,ขนมปัง
T-203781,2025-09-02,ถุงพลาสติก
T-203781,2025-09-02,มันฝรั่งทอด
T-203782,2025-07-02,ถุงพลาสติก
T-203782,2025-07-02,น้ำดื่ม
T-203782,2025-07-02,มันฝรั่งทอด
T-203782,2025-07-02,ไข่ไก่
T-203783,2025-08-27,ขนมปัง
T-203783,2025-08-27,ชาเขียว
T-203783,2025-08-27,ถุงพลาสติก
T-203783,2025-08-27,น้ำดื่ม
T-203784,2025-07-05,ถุงพลาสติก
T-203784,2025-07-05,นมสด
T-203784,2025-07-05,เบียร์
T-203785,2025-09-02,ผงซักฟอก
T-203786,2025-08-01,ถุงพลาสติก
T-203786,2025-08-01,นมสด
T-203786,2025-08-01,ผ้าอ้อม
T-203786,2025-08-01,ผ้าเช็ดทำความสะอาด
T-203787,2025-09-23,แชมพู
T-203788,2025-07-12,ถุงพลาสติก
T-203788,2025-07-12,นมสด
T-203789,2025-07-31,กาแฟสด
T-203789,2025-07-31,น้ำดื่ม
T-203790,2025-07-01,ขนมปัง
T-203790,2025-07-01,ชาเขียว
T-203791,2025-08-05,ถุงพลาสติก
T-203791,2025-08-05,น้ำดื่ม
T-203792,2025-08-07,กาแฟสด
T-203792,2025-08-07,ถุงพลาสติก
T-203792,2025-08-07,มันฝรั่งทอด
T-203793,2025-08-20,ขนมปัง
T-203793,2025-08-20,ถุงพลาสติก
T-203793,2025-08-20,มันฝรั่งทอด
T-203793,2025-08-20,ไข่ไก่
T-203794,2025-08-21,กาแฟสด
T-203794,2025-08-21,ถุงพลาสติก
T-203795,2025-09-20,ผงซักฟอก
T-203796,2025-09-01,กาแฟสด
T-203796,2025-09-01,ถุงพลาสติก
T-203796,2025-09-01,ผงซักฟอก
T-203797,2025-07-26,ชาเขียว
T-203797,2025-07-26,ผ้าอ้อม
T-203797,2025-07-26,ผ้าเช็ดทำความสะอาด
T-203797,2025-07-26,ไข่ไก่
T-203798,2025-07-01,ชาเขียว
T-203798,2025-07-01,ถุงพลาสติก
T-203798,2025-07-01,น้ำดื่ม
T-203798,2025-07-01,ไข่ไก่
T-203799,2025-08-25,กาแฟสด
T-203799,2025-08-25,ขนมปัง
T-203799,2025-08-25,ถุงพลาสติก
T-203799,2025-08-25,น้ำดื่ม
T-203800,2025-08-28,ขนมปัง
T-203800,2025-08-28,ถุงพลาสติก
T-203800,2025-08-28,ผ้าอ้อม
T-203800,2025-08-28,ผ้าเช็ดทำความสะอาด
T-203800,2025-08-28,เบียร์
T-203801,2025-08-28,ถุงพลาสติก
T-203801,2025-08-28,ผ้าเช็ดทำความสะอาด
T-203801,2025-08-28,มันฝรั่งทอด
T-203802,2025-08-11,กาแฟสด
T-203802,2025-08-11,ขนมปัง
T-203802,2025-08-11,ถุงพลาสติก
T-203802,2025-08-11,บะหมี่กึ่งสำเร็จรูป
T-203802,2025-08-11,ผ้าอ้อม
T-203802,2025-08-11,เบียร์
T-203803,2025-08-22,ชาเขียว
T-203803,2025-08-22,ถุงพลาสติก
T-203803,2025-08-22,ผ้าอ้อม
T-203803,2025-08-22,เบียร์
T-203804,2025-08-10,ชาเขียว
T-203804,2025-08-10,น้ำดื่ม
T-203804,2025-08-10,แชมพู
T-203805,2025-09-02,ชาเขียว
T-203805,2025-09-02,ถุงพลาสติก
T-203805,2025-09-02,น้ำดื่ม
T-203805,2025-09-02,ผงซักฟอก
T-203805,2025-09-02,ไข่ไก่
T-203806,2025-08-21,กาแฟสด
T-203806,2025-08-21,ถุงพลาสติก
T-203806,2025-08-21,นมสด
T-203806,2025-08-21,บะหมี่กึ่งสำเร็จรูป
T-203806,2025-08-21,แชมพู
T-203807,2025-08-12,นมสด
T-203808,2025-08-25,ชาเขียว
T-203808,2025-08-25,ถุงพลาสติก
T-203808,2025-08-25,น้ำดื่ม
T-203808,2025-08-25,แชมพู
T-203809,2025-07-20,ชาเขียว
T-203809,2025-07-20,ถุงพลาสติก
T-203810,2025-07-14,กาแฟสด
T-203811,2025-08-26,ถุงพลาสติก
T-203811,2025-08-26,น้ำดื่ม
T-203812,2025-07-21,ขนมปัง
T-203812,2025-07-21,ชาเขียว
T-203813,2025-07-11,ถุงพลาสติก
T-203813,2025-07-11,น้ำดื่ม
T-203813,2025-07-11,บะหมี่กึ่งสำเร็จรูป
T-203813,2025-07-11,ผงซักฟอก
T-203814,2025-07-20,ถุงพลาสติก
T-203814,2025-07-20,มันฝรั่งทอด
T-203815,2025-08-15,ถุงพลาสติก
T-203815,2025-08-15,แชมพู
T-203815,2025-08-15,ไข่ไก่
T-203816,2025-09-28,ถุงพลาสติก
T-203816,2025-09-28,น้ำดื่ม
T-203816,2025-09-28,ผงซักฟอก
T-203816,2025-09-28,ผ้าอ้อม
T-203816,2025-09-28,ผ้าเช็ดทำความสะอาด
T-203816,2025-09-28,ไข่ไก่
T-203817,2025-09-11,ขนมปัง
T-203817,2025-09-11,ชาเขียว
T-203817,2025-09-11,น้ำดื่ม
T-203817,2025-09-11,ผงซักฟอก
T-203818,2025-07-14,ถุงพลาสติก
T-203818,2025-07-14,นมสด
T-203818,2025-07-14,น้ำดื่ม
T-203818,2025-07-14,มันฝรั่งทอด
T-203818,2025-07-14,แชมพู
T-203819,2025-09-14,ถุงพลาสติก
T-203819,2025-09-14,แชมพู
T-203820,2025-08-18,ถุงพลาสติก
T-203820,2025-08-18,น้ำดื่ม
T-203820,2025-08-18,บะหมี่กึ่งสำเร็จรูป
T-203820,2025-08-18,ผ้าเช็ดทำความสะอาด
T-203820,2025-08-18,มันฝรั่งทอด
T-203821,2025-07-23,ถุงพลาสติก
T-203821,2025-07-23,นมสด
T-203821,2025-07-23,บะหมี่กึ่งสำเร็จรูป
T-203821,2025-07-23,มันฝรั่งทอด
T-203822,2025-07-11,น้ำดื่ม
T-203823,2025-07-16,ถุงพลาสติก
T-203823,2025-07-16,น้ำดื่ม
T-203823,2025-07-16,ผงซักฟอก
T-203824,2025-09-27,ขนมปัง
T-203824,2025-09-27,ถุงพลาสติก
T-203825,2025-07-21,ถุงพลาสติก
T-203825,2025-07-21,บะหมี่กึ่งสำเร็จรูป
T-203825,2025-07-21,ผ้าอ้อม
T-203825,2025-07-21,มันฝรั่งทอด
T-203825,2025-07-21,ไข่ไก่
T-203826,2025-07-12,ขนมปัง
T-203826,2025-07-12,ถุงพลาสติก
T-203826,2025-07-12,มันฝรั่งทอด
T-203827,2025-07-29,กาแฟสด
T-203827,2025-07-29,ถุงพลาสติก
T-203827,2025-07-29,นมสด
T-203827,2025-07-29,เบียร์
T-203827,2025-07-29,ไข่ไก่
T-203828,2025-07-19,ถุงพลาสติก
T-203829,2025-09-10,กาแฟสด
T-203829,2025-09-10,ถุงพลาสติก
T-203829,2025-09-10,มันฝรั่งทอด
T-203830,2025-07-18,กาแฟสด
T-203830,2025-07-18,ถุงพลาสติก
T-203830,2025-07-18,น้ำดื่ม
T-203830,2025-07-18,ผ้าอ้อม
T-203830,2025-07-18,ผ้าเช็ดทำความสะอาด
T-203830,2025-07-18,เบียร์
T-203831,2025-08-14,ถุงพลาสติก
T-203831,2025-08-14,บะหมี่กึ่งสำเร็จรูป
T-203831,2025-08-14,ผงซักฟอก
T-203831,2025-08-14,ผ้าเช็ดทำความสะอาด
T-203832,2025-09-03,ขนมปัง
T-203832,2025-09-03,นมสด
T-203832,2025-09-03,บะหมี่กึ่งสำเร็จรูป
T-203832,2025-09-03,ไข่ไก่
T-203833,2025-09-01,ถุงพลาสติก
T-203833,2025-09-01,น้ำดื่ม
T-203834,2025-07-06,ชาเขียว
T-203834,2025-07-06,ถุงพลาสติก
T-203834,2025-07-06,น้ำดื่ม
T-203835,2025-08-03,ขนมปัง
T-203835,2025-08-03,ถุงพลาสติก
T-203835,2025-08-03,น้ำดื่ม
T-203835,2025-08-03,แชมพู
T-203836,2025-09-25,น้ำดื่ม
T-203836,2025-09-25,ผ้าอ้อม
T-203836,2025-09-25,ผ้าเช็ดทำความสะอาด
T-203837,2025-09-03,ถุงพลาสติก
T-203837,2025-09-03,เบียร์
T-203838,2025-07-02,กาแฟสด
T-203838,2025-07-02,ขนมปัง
T-203838,2025-07-02,ถุงพลาสติก
T-203838,2025-07-02,น้ำดื่ม
T-203838,2025-07-02,บะหมี่กึ่งสำเร็จรูป
T-203839,2025-08-11,ถุงพลาสติก
T-203839,2025-08-11,แชมพู
T-203839,2025-08-11,ไข่ไก่
T-203840,2025-07-03,ชาเขียว
T-203840,2025-07-03,ถุงพลาสติก
T-203840,2025-07-03,นมสด
T-203840,2025-07-03,น้ำดื่ม
T-203840,2025-07-03,บะหมี่กึ่งสำเร็จรูป
T-203840,2025-07-03,เบียร์
T-203841,2025-08-16,ถุงพลาสติก
T-203841,2025-08-16,บะหมี่กึ่งสำเร็จรูป
T-203841,2025-08-16,มันฝรั่งทอด
T-203841,2025-08-16,ไข่ไก่
T-203842,2025-08-09,ถุงพลาสติก
T-203842,2025-08-09,เบียร์
T-203843,2025-07-15,ถุงพลาสติก
T-203843,2025-07-15,น้ำดื่ม
T-203844,2025-08-16,ถุงพลาสติก
T-203844,2025-08-16,ผ้าอ้อม
T-203844,2025-08-16,เบียร์
T-203845,2025-07-30,น้ำดื่ม
T-203846,2025-09-06,ชาเขียว
T-203846,2025-09-06,นมสด
T-203847,2025-07-08,กาแฟสด
T-203847,2025-07-08,ขนมปัง
T-203847,2025-07-08,ถุงพลาสติก
T-203847,2025-07-08,ผงซักฟอก
T-203848,2025-08-19,ถุงพลาสติก
T-203848,2025-08-19,มันฝรั่งทอด
T-203848,2025-08-19,ไข่ไก่
T-203849,2025-08-27,กาแฟสด
T-203849,2025-08-27,ขนมปัง
T-203849,2025-08-27,ถุงพลาสติก
T-203849,2025-08-27,นมสด
T-203849,2025-08-27,ไข่ไก่
T-203850,2025-09-05,กาแฟสด
T-203850,2025-09-05,ถุงพลาสติก
T-203851,2025-08-15,ถุงพลาสติก
T-203851,2025-08-15,ผ้าเช็ดทำความสะอาด
T-203851,2025-08-15,ไข่ไก่
T-203852,2025-07-28,กาแฟสด
T-203852,2025-07-28,ถุงพลาสติก
T-203852,2025-07-28,ผ้าอ้อม
T-203852,2025-07-28,ผ้าเช็ดทำความสะอาด
T-203852,2025-07-28,ไข่ไก่
T-203853,2025-09-11,ถุงพลาสติก
T-203853,2025-09-11,น้ำดื่ม
T-203854,2025-07-08,ชาเขียว
T-203854,2025-07-08,ถุงพลาสติก
T-203854,2025-07-08,น้ำดื่ม
T-203854,2025-07-08,ผ้าอ้อม
T-203854,2025-07-08,ผ้าเช็ดทำความสะอาด
T-203854,2025-07-08,แชมพู
T-203855,2025-09-19,กาแฟสด
T-203855,2025-09-19,ถุงพลาสติก
T-203856,2025-09-05,ชาเขียว
T-203856,2025-09-05,น้ำดื่ม
T-203856,2025-09-05,มันฝรั่งทอด
T-203856,2025-09-05,แชมพู
T-203857,2025-07-30,ขนมปัง
T-203857,2025-07-30,ชาเขียว
T-203857,2025-07-30,ถุงพลาสติก
T-203857,2025-07-30,นมสด
T-203857,2025-07-30,น้ำดื่ม
T-203857,2025-07-30,บะหมี่กึ่งสำเร็จรูป
T-203857,2025-07-30,มันฝรั่งทอด
T-203857,2025-07-30,เบียร์
T-203858,2025-08-09,ถุงพลาสติก
T-203858,2025-08-09,นมสด
T-203858,2025-08-09,น้ำดื่ม
T-203858,2025-08-09,มันฝรั่งทอด
T-203859,2025-09-18,น้ำดื่ม
T-203859,2025-09-18,ผงซักฟอก
T-203859,2025-09-18,แชมพู
T-203860,2025-08-22,กาแฟสด
T-203860,2025-08-22,ขนมปัง
T-203860,2025-08-22,ถุงพลาสติก
T-203860,2025-08-22,มันฝรั่งทอด
T-203860,2025-08-22,เบียร์
T-203861,2025-07-29,ถุงพลาสติก
T-203861,2025-07-29,ไข่ไก่
T-203862,2025-07-11,ถุงพลาสติก
T-203863,2025-07-22,ชาเขียว
T-203863,2025-07-22,ถุงพลาสติก
T-203863,2025-07-22,บะหมี่กึ่งสำเร็จรูป
T-203863,2025-07-22,ผ้าอ้อม
T-203863,2025-07-22,ผ้าเช็ดทำความสะอาด
T-203864,2025-07-05,ชาเขียว
T-203864,2025-07-05,ถุงพลาสติก
T-203865,2025-09-16,ถุงพลาสติก
T-203865,2025-09-16,นมสด
T-203865,2025-09-16,น้ำดื่ม
T-203865,2025-09-16,ผงซักฟอก
T-203865,2025-09-16,ผ้าอ้อม
T-203865,2025-09-16,ผ้าเช็ดทำความสะอาด
T-203865,2025-09-16,แชมพู
T-203866,2025-07-25,กาแฟสด
T-203866,2025-07-25,ถุงพลาสติก
T-203866,2025-07-25,เบียร์
T-203867,2025-07-26,กาแฟสด
T-203867,2025-07-26,ถุงพลาสติก
T-203867,2025-07-26,นมสด
T-203867,2025-07-26,บะหมี่กึ่งสำเร็จรูป
T-203868,2025-07-10,กาแฟสด
T-203868,2025-07-10,ถุงพลาสติก
T-203868,2025-07-10,นมสด
T-203868,2025-07-10,น้ำดื่ม
T-203868,2025-07-10,ผงซักฟอก
T-203869,2025-08-24,ชาเขียว
T-203869,2025-08-24,ถุงพลาสติก
T-203869,2025-08-24,น้ำดื่ม
T-203869,2025-08-24,ไข่ไก่
T-203870,2025-07-24,ถุงพลาสติก
T-203871,2025-07-14,ถุงพลาสติก
T-203871,2025-07-14,น้ำดื่ม
T-203871,2025-07-14,ผ้าอ้อม
T-203871,2025-07-14,ผ้าเช็ดทำความสะอาด
T-203871,2025-07-14,แชมพู
T-203872,2025-08-07,กาแฟสด
T-203872,2025-08-07,ถุงพลาสติก
T-203872,2025-08-07,น้ำดื่ม
T-203873,2025-07-23,ถุงพลาสติก
T-203874,2025-09-28,น้ำดื่ม
T-203875,2025-09-03,ถุงพลาสติก
T-203875,2025-09-03,นมสด
T-203875,2025-09-03,มันฝรั่งทอด
T-203875,2025-09-03,แชมพู
T-203875,2025-09-03,ไข่ไก่
T-203876,2025-09-22,ถุงพลาสติก
T-203877,2025-07-07,น้ำดื่ม
T-203878,2025-07-17,ถุงพลาสติก
T-203878,2025-07-17,บะหมี่กึ่งสำเร็จรูป
T-203878,2025-07-17,แชมพู
T-203879,2025-07-31,ชาเขียว
T-203879,2025-07-31,ถุงพลาสติก
T-203879,2025-07-31,นมสด
T-203879,2025-07-31,น้ำดื่ม
T-203880,2025-07-27,กาแฟสด
T-203880,2025-07-27,ถุงพลาสติก
T-203880,2025-07-27,นมสด
T-203880,2025-07-27,น้ำดื่ม
T-203880,2025-07-27,มันฝรั่งทอด
T-203881,2025-07-04,กาแฟสด
T-203881,2025-07-04,ถุงพลาสติก
T-203882,2025-07-20,ขนมปัง
T-203883,2025-08-10,ขนมปัง
T-203883,2025-08-10,ถุงพลาสติก
T-203883,2025-08-10,มันฝรั่งทอด
T-203883,2025-08-10,ไข่ไก่
T-203884,2025-07-15,ขนมปัง
T-203884,2025-07-15,ถุงพลาสติก
T-203884,2025-07-15,นมสด
T-203884,2025-07-15,มันฝรั่งทอด
T-203885,2025-08-11,ถุงพลาสติก
T-203885,2025-08-11,นมสด
T-203885,2025-08-11,น้ำดื่ม
T-203885,2025-08-11,บะหมี่กึ่งสำเร็จรูป
T-203886,2025-09-13,กาแฟสด
T-203886,2025-09-13,ถุงพลาสติก
T-203886,2025-09-13,นมสด
T-203886,2025-09-13,บะหมี่กึ่งสำเร็จรูป
T-203886,2025-09-13,ไข่ไก่
T-203887,2025-09-24,ถุงพลาสติก
T-203887,2025-09-24,นมสด
T-203887,2025-09-24,น้ำดื่ม
T-203887,2025-09-24,มันฝรั่งทอด
T-203888,2025-07-19,ถุงพลาสติก
T-203888,2025-07-19,บะหมี่กึ่งสำเร็จรูป
T-203889,2025-09-10,ถุงพลาสติก
T-203889,2025-09-10,นมสด
T-203889,2025-09-10,บะหมี่กึ่งสำเร็จรูป
T-203889,2025-09-10,ผงซักฟอก
T-203889,2025-09-10,เบียร์
T-203889,2025-09-10,ไข่ไก่
T-203890,2025-09-05,ถุงพลาสติก
T-203890,2025-09-05,นมสด
T-203891,2025-09-25,ขนมปัง
T-203891,2025-09-25,ถุงพลาสติก
T-203891,2025-09-25,น้ำดื่ม
T-203891,2025-09-25,ผงซักฟอก
T-203891,2025-09-25,แชมพู
T-203891,2025-09-25,ไข่ไก่
T-203892,2025-08-11,ขนมปัง
T-203892,2025-08-11,ถุงพลาสติก
T-203892,2025-08-11,บะหมี่กึ่งสำเร็จรูป
T-203892,2025-08-11,ผ้าเช็ดทำความสะอาด
T-203892,2025-08-11,มันฝรั่งทอด
T-203893,2025-07-10,กาแฟสด
T-203893,2025-07-10,ถุงพลาสติก
T-203893,2025-07-10,น้ำดื่ม
T-203893,2025-07-10,บะหมี่กึ่งสำเร็จรูป
T-203894,2025-07-14,ขนมปัง
T-203895,2025-07-13,ถุงพลาสติก
T-203895,2025-07-13,บะหมี่กึ่งสำเร็จรูป
T-203896,2025-07-30,ชาเขียว
T-203896,2025-07-30,ถุงพลาสติก
T-203896,2025-07-30,นมสด
T-203896,2025-07-30,ผงซักฟอก
T-203897,2025-07-06,ถุงพลาสติก
T-203898,2025-07-11,ถุงพลาสติก
T-203898,2025-07-11,นมสด
T-203898,2025-07-11,น้ำดื่ม
T-203898,2025-07-11,แชมพู
T-203899,2025-08-15,ขนมปัง
T-203899,2025-08-15,น้ำดื่ม
T-203899,2025-08-15,มันฝรั่งทอด
T-203899,2025-08-15,เบียร์
T-203900,2025-09-15,ถุงพลาสติก
T-203901,2025-09-13,ชาเขียว
T-203901,2025-09-13,ถุงพลาสติก
T-203901,2025-09-13,ผงซักฟอก
T-203901,2025-09-13,ผ้าอ้อม
T-203901,2025-09-13,ผ้าเช็ดทำความสะอาด
T-203901,2025-09-13,มันฝรั่งทอด
T-203901,2025-09-13,เบียร์
T-203901,2025-09-13,ไข่ไก่
T-203902,2025-09-13,น้ำดื่ม
T-203903,2025-08-08,นมสด
T-203903,2025-08-08,บะหมี่กึ่งสำเร็จรูป
T-203903,2025-08-08,ผงซักฟอก
T-203903,2025-08-08,แชมพู
T-203904,2025-08-01,ขนมปัง
T-203905,2025-09-07,น้ำดื่ม
T-203905,2025-09-07,ไข่ไก่
T-203906,2025-07-02,ถุงพลาสติก
T-203906,2025-07-02,น้ำดื่ม
T-203906,2025-07-02,แชมพู
T-203907,2025-08-05,ชาเขียว
T-203907,2025-08-05,ถุงพลาสติก
T-203908,2025-08-31,ชาเขียว
T-203908,2025-08-31,มันฝรั่งทอด
T-203909,2025-08-21,กาแฟสด
T-203909,2025-08-21,ขนมปัง
T-203909,2025-08-21,ถุงพลาสติก
T-203909,2025-08-21,ไข่ไก่
T-203910,2025-07-06,กาแฟสด
T-203910,2025-07-06,ถุงพลาสติก
T-203910,2025-07-06,น้ำดื่ม
T-203910,2025-07-06,บะหมี่กึ่งสำเร็จรูป
T-203911,2025-09-28,กาแฟสด
T-203911,2025-09-28,ถุงพลาสติก
T-203912,2025-07-28,ขนมปัง
T-203912,2025-07-28,ถุงพลาสติก
T-203912,2025-07-28,ไข่ไก่
T-203913,2025-07-29,กาแฟสด
T-203913,2025-07-29,ขนมปัง
T-203913,2025-07-29,ถุงพลาสติก
T-203913,2025-07-29,นมสด
T-203913,2025-07-29,บะหมี่กึ่งสำเร็จรูป
T-203913,2025-07-29,ผงซักฟอก
T-203914,2025-09-01,ชาเขียว
T-203914,2025-09-01,ถุงพลาสติก
T-203914,2025-09-01,นมสด
T-203914,2025-09-01,แชมพู
T-203915,2025-07-07,กาแฟสด
T-203915,2025-07-07,ขนมปัง
T-203915,2025-07-07,ถุงพลาสติก
T-203915,2025-07-07,ผ้าอ้อม
T-203915,2025-07-07,ผ้าเช็ดทำความสะอาด
T-203915,2025-07-07,เบียร์
T-203916,2025-09-15,ถุงพลาสติก
T-203916,2025-09-15,น้ำดื่ม
T-203917,2025-09-19,ถุงพลาสติก
T-203917,2025-09-19,ผ้าอ้อม
T-203917,2025-09-19,เบียร์
T-203918,2025-08-24,ถุงพลาสติก
T-203918,2025-08-24,น้ำดื่ม
T-203918,2025-08-24,แชมพู
T-203919,2025-07-15,ถุงพลาสติก
T-203920,2025-08-31,ถุงพลาสติก
T-203920,2025-08-31,ผงซักฟอก
T-203920,2025-08-31,ผ้าอ้อม
T-203920,2025-08-31,ผ้าเช็ดทำความสะอาด
T-203920,2025-08-31,เบียร์
T-203921,2025-07-01,กาแฟสด
T-203921,2025-07-01,ถุงพลาสติก
T-203921,2025-07-01,ผงซักฟอก
T-203921,2025-07-01,แชมพู
T-203922,2025-08-11,ชาเขียว
T-203922,2025-08-11,ถุงพลาสติก
T-203922,2025-08-11,นมสด
T-203922,2025-08-11,น้ำดื่ม
T-203922,2025-08-11,มันฝรั่งทอด
T-203923,2025-07-10,ชาเขียว
T-203923,2025-07-10,ถุงพลาสติก
T-203923,2025-07-10,บะหมี่กึ่งสำเร็จรูป
T-203923,2025-07-10,ผ้าอ้อม
T-203923,2025-07-10,ผ้าเช็ดทำความสะอาด
T-203923,2025-07-10,เบียร์
T-203924,2025-09-08,กาแฟสด
T-203924,2025-09-08,ถุงพลาสติก
T-203924,2025-09-08,ผ้าอ้อม
T-203924,2025-09-08,ผ้าเช็ดทำความสะอาด
T-203924,2025-09-08,มันฝรั่งทอด
T-203924,2025-09-08,ไข่ไก่
T-203925,2025-09-25,ถุงพลาสติก
T-203925,2025-09-25,น้ำดื่ม
T-203925,2025-09-25,บะหมี่กึ่งสำเร็จรูป
T-203926,2025-08-21,ชาเขียว
T-203926,2025-08-21,ถุงพลาสติก
T-203927,2025-08-17,กาแฟสด
T-203927,2025-08-17,ถุงพลาสติก
T-203928,2025-08-15,กาแฟสด
T-203928,2025-08-15,ถุงพลาสติก
T-203929,2025-07-05,ถุงพลาสติก
T-203930,2025-07-26,ถุงพลาสติก
T-203930,2025-07-26,เบียร์
T-203931,2025-08-05,ขนมปัง
T-203931,2025-08-05,ถุงพลาสติก
T-203931,2025-08-05,น้ำดื่ม
T-203931,2025-08-05,บะหมี่กึ่งสำเร็จรูป
T-203931,2025-08-05,มันฝรั่งทอด
T-203931,2025-08-05,ไข่ไก่
T-203932,2025-09-03,ขนมปัง
T-203932,2025-09-03,น้ำดื่ม
T-203933,2025-08-04,ขนมปัง
T-203933,2025-08-04,ถุงพลาสติก
T-203933,2025-08-04,น้ำดื่ม
T-203933,2025-08-04,ผงซักฟอก
T-203933,2025-08-04,ผ้าเช็ดทำความสะอาด
T-203933,2025-08-04,แชมพู
T-203934,2025-08-03,กาแฟสด
T-203934,2025-08-03,ขนมปัง
T-203934,2025-08-03,ถุงพลาสติก
T-203934,2025-08-03,มันฝรั่งทอด
T-203935,2025-08-30,ถุงพลาสติก
T-203935,2025-08-30,นมสด
T-203935,2025-08-30,ผ้าอ้อม
T-203935,2025-08-30,ผ้าเช็ดทำความสะอาด
T-203935,2025-08-30,เบียร์
T-203936,2025-08-06,ถุงพลาสติก
T-203936,2025-08-06,น้ำดื่ม
T-203937,2025-08-08,ชาเขียว
T-203937,2025-08-08,ถุงพลาสติก
T-203937,2025-08-08,นมสด
T-203937,2025-08-08,น้ำดื่ม
T-203937,2025-08-08,ผงซักฟอก
T-203937,2025-08-08,ผ้าอ้อม
T-203937,2025-08-08,เบียร์
T-203937,2025-08-08,ไข่ไก่
T-203938,2025-08-10,ขนมปัง
T-203938,2025-08-10,ชาเขียว
T-203938,2025-08-10,ถุงพลาสติก
T-203938,2025-08-10,มันฝรั่งทอด
T-203939,2025-08-03,น้ำดื่ม
T-203940,2025-07-19,ถุงพลาสติก
T-203940,2025-07-19,น้ำดื่ม
T-203940,2025-07-19,มันฝรั่งทอด
T-203940,2025-07-19,แชมพู
T-203941,2025-08-06,ถุงพลาสติก
T-203941,2025-08-06,บะหมี่กึ่งสำเร็จรูป
T-203941,2025-08-06,มันฝรั่งทอด
T-203942,2025-08-19,ถุงพลาสติก
T-203942,2025-08-19,ผ้าเช็ดทำความสะอาด
T-203942,2025-08-19,ไข่ไก่
T-203943,2025-09-04,ถุงพลาสติก
T-203943,2025-09-04,นมสด
T-203943,2025-09-04,น้ำดื่ม
T-203943,2025-09-04,ผ้าอ้อม
T-203943,2025-09-04,ผ้าเช็ดทำความสะอาด
T-203944,2025-09-24,ชาเขียว
T-203944,2025-09-24,ถุงพลาสติก
T-203944,2025-09-24,ผ้าอ้อม
T-203944,2025-09-24,มันฝรั่งทอด
T-203945,2025-08-27,กาแฟสด
T-203945,2025-08-27,ขนมปัง
T-203945,2025-08-27,ถุงพลาสติก
T-203946,2025-08-06,กาแฟสด
T-203946,2025-08-06,ถุงพลาสติก
T-203947,2025-07-06,กาแฟสด
T-203947,2025-07-06,ถุงพลาสติก
T-203947,2025-07-06,บะหมี่กึ่งสำเร็จรูป
T-203947,2025-07-06,แชมพู
T-203948,2025-09-13,ขนมปัง
T-203948,2025-09-13,ชาเขียว
T-203948,2025-09-13,ถุงพลาสติก
T-203948,2025-09-13,นมสด
T-203948,2025-09-13,บะหมี่กึ่งสำเร็จรูป
T-203948,2025-09-13,ผ้าอ้อม
T-203948,2025-09-13,ผ้าเช็ดทำความสะอาด
T-203948,2025-09-13,เบียร์
T-203949,2025-08-26,ขนมปัง
T-203949,2025-08-26,ถุงพลาสติก
T-203949,2025-08-26,นมสด
T-203949,2025-08-26,บะหมี่กึ่งสำเร็จรูป
T-203950,2025-09-04,ถุงพลาสติก
T-203950,2025-09-04,นมสด
T-203951,2025-07-12,ถุงพลาสติก
T-203951,2025-07-12,นมสด
T-203952,2025-07-17,ถุงพลาสติก
T-203952,2025-07-17,บะหมี่กึ่งสำเร็จรูป
T-203953,2025-08-07,กาแฟสด
T-203953,2025-08-07,ถุงพลาสติก
T-203953,2025-08-07,นมสด
T-203954,2025-07-07,ถุงพลาสติก
T-203954,2025-07-07,ผ้าอ้อม
T-203954,2025-07-07,ผ้าเช็ดทำความสะอาด
T-203954,2025-07-07,มันฝรั่งทอด
T-203954,2025-07-07,แชมพู
T-203955,2025-07-25,ถุงพลาสติก
T-203955,2025-07-25,บะหมี่กึ่งสำเร็จรูป
T-203955,2025-07-25,ไข่ไก่
T-203956,2025-09-10,ชาเขียว
T-203956,2025-09-10,ถุงพลาสติก
T-203957,2025-08-03,ถุงพลาสติก
T-203957,2025-08-03,น้ำดื่ม
T-203957,2025-08-03,ผ้าอ้อม
T-203957,2025-08-03,ผ้าเช็ดทำความสะอาด
T-203957,2025-08-03,มันฝรั่งทอด
T-203958,2025-08-22,กาแฟสด
T-203958,2025-08-22,ถุงพลาสติก
T-203958,2025-08-22,นมสด
T-203958,2025-08-22,ไข่ไก่
T-203959,2025-09-28,กาแฟสด
T-203959,2025-09-28,ถุงพลาสติก
T-203959,2025-09-28,นมสด
T-203959,2025-09-28,น้ำดื่ม
T-203959,2025-09-28,ผงซักฟอก
T-203959,2025-09-28,เบียร์
T-203959,2025-09-28,ไข่ไก่
T-203960,2025-09-28,กาแฟสด
T-203960,2025-09-28,ขนมปัง
T-203960,2025-09-28,ไข่ไก่
T-203961,2025-08-30,ถุงพลาสติก
T-203961,2025-08-30,นมสด
T-203961,2025-08-30,น้ำดื่ม
T-203961,2025-08-30,บะหมี่กึ่งสำเร็จรูป
T-203961,2025-08-30,ผงซักฟอก
T-203961,2025-08-30,ผ้าอ้อม
T-203961,2025-08-30,ผ้าเช็ดทำความสะอาด
T-203962,2025-07-27,ถุงพลาสติก
T-203962,2025-07-27,ผ้าอ้อม
T-203962,2025-07-27,ผ้าเช็ดทำความสะอาด
T-203962,2025-07-27,แชมพู
T-203962,2025-07-27,ไข่ไก่
T-203963,2025-08-04,มันฝรั่งทอด
T-203963,2025-08-04,แชมพู
T-203964,2025-07-06,กาแฟสด
T-203964,2025-07-06,ถุงพลาสติก
T-203965,2025-07-28,ขนมปัง
T-203965,2025-07-28,ชาเขียว
T-203965,2025-07-28,ถุงพลาสติก
T-203965,2025-07-28,ผงซักฟอก
T-203966,2025-08-13,ชาเขียว
T-203966,2025-08-13,ถุงพลาสติก
T-203966,2025-08-13,มันฝรั่งทอด
T-203966,2025-08-13,เบียร์
T-203967,2025-09-23,ชาเขียว
T-203967,2025-09-23,ถุงพลาสติก
T-203968,2025-07-22,ถุงพลาสติก
T-203968,2025-07-22,น้ำดื่ม
T-203968,2025-07-22,ไข่ไก่
T-203969,2025-08-03,ถุงพลาสติก
T-203969,2025-08-03,น้ำดื่ม
T-203969,2025-08-03,บะหมี่กึ่งสำเร็จรูป
T-203970,2025-07-08,ขนมปัง
T-203970,2025-07-08,ถุงพลาสติก
T-203970,2025-07-08,นมสด
T-203970,2025-07-08,น้ำดื่ม
T-203971,2025-09-07,ชาเขียว
T-203971,2025-09-07,ถุงพลาสติก
T-203971,2025-09-07,น้ำดื่ม
T-203971,2025-09-07,ผงซักฟอก
T-203971,2025-09-07,เบียร์
T-203972,2025-07-02,มันฝรั่งทอด
T-203973,2025-09-14,กาแฟสด
T-203973,2025-09-14,ถุงพลาสติก
T-203973,2025-09-14,น้ำดื่ม
T-203973,2025-09-14,บะหมี่กึ่งสำเร็จรูป
T-203974,2025-09-10,ถุงพลาสติก
T-203974,2025-09-10,ผ้าอ้อม
T-203975,2025-09-04,ผ้าอ้อม
T-203975,2025-09-04,ผ้าเช็ดทำความสะอาด
T-203975,2025-09-04,มันฝรั่งทอด
T-203975,2025-09-04,เบียร์
T-203976,2025-07-29,ถุงพลาสติก
T-203976,2025-07-29,น้ำดื่ม
T-203976,2025-07-29,บะหมี่กึ่งสำเร็จรูป
T-203976,2025-07-29,มันฝรั่งทอด
T-203976,2025-07-29,ไข่ไก่
T-203977,2025-07-18,กาแฟสด
T-203977,2025-07-18,ขนมปัง
T-203977,2025-07-18,ถุงพลาสติก
T-203978,2025-09-26,ขนมปัง
T-203978,2025-09-26,น้ำดื่ม
T-203979,2025-09-01,กาแฟสด
T-203979,2025-09-01,ขนมปัง
T-203979,2025-09-01,ถุงพลาสติก
T-203979,2025-09-01,แชมพู
T-203980,2025-07-21,ขนมปัง
T-203980,2025-07-21,ชาเขียว
T-203980,2025-07-21,น้ำดื่ม
T-203980,2025-07-21,ผงซักฟอก
T-203981,2025-07-16,ขนมปัง
T-203981,2025-07-16,ถุงพลาสติก
T-203981,2025-07-16,น้ำดื่ม
T-203981,2025-07-16,แชมพู
T-203981,2025-07-16,ไข่ไก่
T-203982,2025-07-21,ถุงพลาสติก
T-203983,2025-08-28,ชาเขียว
T-203983,2025-08-28,ถุงพลาสติก
T-203983,2025-08-28,บะหมี่กึ่งสำเร็จรูป
T-203984,2025-08-13,กาแฟสด
T-203984,2025-08-13,ถุงพลาสติก
T-203984,2025-08-13,ไข่ไก่
T-203985,2025-08-13,ถุงพลาสติก
T-203985,2025-08-13,แชมพู
T-203986,2025-07-19,บะหมี่กึ่งสำเร็จรูป
T-203986,2025-07-19,มันฝรั่งทอด
T-203987,2025-09-07,ถุงพลาสติก
T-203987,2025-09-07,น้ำดื่ม
T-203987,2025-09-07,ไข่ไก่
T-203988,2025-09-14,ชาเขียว
T-203988,2025-09-14,น้ำดื่ม
T-203989,2025-07-04,ขนมปัง
T-203989,2025-07-04,ถุงพลาสติก
T-203989,2025-07-04,นมสด
T-203989,2025-07-04,น้ำดื่ม
T-203989,2025-07-04,เบียร์
T-203990,2025-07-04,ถุงพลาสติก
T-203990,2025-07-04,ผ้าเช็ดทำความสะอาด
T-203991,2025-08-07,ถุงพลาสติก
T-203991,2025-08-07,แชมพู
T-203992,2025-09-04,กาแฟสด
T-203992,2025-09-04,ถุงพลาสติก
T-203992,2025-09-04,นมสด
T-203992,2025-09-04,น้ำดื่ม
T-203992,2025-09-04,ไข่ไก่
T-203993,2025-07-20,กาแฟสด
T-203993,2025-07-20,นมสด
T-203993,2025-07-20,ผงซักฟอก
T-203993,2025-07-20,ผ้าอ้อม
T-203993,2025-07-20,ผ้าเช็ดทำความสะอาด
T-203993,2025-07-20,มันฝรั่งทอด
T-203993,2025-07-20,เบียร์
T-203994,2025-09-06,ถุงพลาสติก
T-203994,2025-09-06,นมสด
T-203994,2025-09-06,บะหมี่กึ่งสำเร็จรูป
T-203995,2025-08-18,ถุงพลาสติก
T-203996,2025-07-14,ขนมปัง
T-203997,2025-08-12,ถุงพลาสติก
T-203997,2025-08-12,น้ำดื่ม
T-203998,2025-08-06,ถุงพลาสติก
T-203998,2025-08-06,บะหมี่กึ่งสำเร็จรูป
T-203998,2025-08-06,ผ้าอ้อม
T-203998,2025-08-06,ผ้าเช็ดทำความสะอาด
T-203998,2025-08-06,เบียร์
T-203998,2025-08-06,แชมพู
T-203998,2025-08-06,ไข่ไก่
T-203999,2025-07-18,ถุงพลาสติก
T-204000,2025-07-22,ขนมปัง
T-204000,2025-07-22,ถุงพลาสติก
T-204000,2025-07-22,นมสด
T-204000,2025-07-22,ผงซักฟอก
T-204001,2025-08-15,ชาเขียว
T-204001,2025-08-15,ถุงพลาสติก
T-204001,2025-08-15,น้ำดื่ม
T-204001,2025-08-15,บะหมี่กึ่งสำเร็จรูป
T-204001,2025-08-15,ผงซักฟอก
T-204001,2025-08-15,ผ้าอ้อม
T-204002,2025-08-28,ถุงพลาสติก
T-204002,2025-08-28,น้ำดื่ม
T-204002,2025-08-28,ไข่ไก่
T-204003,2025-07-03,แชมพู
T-204004,2025-07-25,กาแฟสด
T-204004,2025-07-25,ขนมปัง
T-204004,2025-07-25,ถุงพลาสติก
T-204004,2025-07-25,บะหมี่กึ่งสำเร็จรูป
T-204005,2025-09-13,ถุงพลาสติก
T-204005,2025-09-13,น้ำดื่ม
T-204006,2025-07-27,ขนมปัง
T-204006,2025-07-27,ถุงพลาสติก
T-204006,2025-07-27,น้ำดื่ม
T-204006,2025-07-27,เบียร์
T-204007,2025-09-21,ถุงพลาสติก
T-204007,2025-09-21,น้ำดื่ม
T-204007,2025-09-21,ผ้าเช็ดทำความสะอาด
T-204008,2025-07-05,ถุงพลาสติก
T-204008,2025-07-05,น้ำดื่ม
T-204008,2025-07-05,ผงซักฟอก
T-204008,2025-07-05,ผ้าอ้อม
T-204008,2025-07-05,ผ้าเช็ดทำความสะอาด
T-204008,2025-07-05,เบียร์
T-204008,2025-07-05,แชมพู
T-204009,2025-08-05,ถุงพลาสติก
T-204009,2025-08-05,น้ำดื่ม
T-204009,2025-08-05,ผงซักฟอก
T-204010,2025-09-28,ถุงพลาสติก
T-204010,2025-09-28,นมสด
T-204010,2025-09-28,น้ำดื่ม
T-204011,2025-07-09,กาแฟสด
T-204011,2025-07-09,นมสด
T-204011,2025-07-09,เบียร์
T-204012,2025-09-07,ถุงพลาสติก
T-204013,2025-09-12,ถุงพลาสติก
T-204013,2025-09-12,ไข่ไก่
T-204014,2025-09-24,ถุงพลาสติก
T-204014,2025-09-24,น้ำดื่ม
T-204014,2025-09-24,บะหมี่กึ่งสำเร็จรูป
T-204015,2025-07-04,ชาเขียว
T-204015,2025-07-04,ถุงพลาสติก
T-204015,2025-07-04,บะหมี่กึ่งสำเร็จรูป
T-204016,2025-07-23,ถุงพลาสติก
T-204017,2025-08-20,ขนมปัง
T-204017,2025-08-20,ถุงพลาสติก
T-204017,2025-08-20,ผ้าอ้อม
T-204017,2025-08-20,ผ้าเช็ดทำความสะอาด
T-204017,2025-08-20,ไข่ไก่
T-204018,2025-09-19,ถุงพลาสติก
T-204018,2025-09-19,น้ำดื่ม
T-204018,2025-09-19,บะหมี่กึ่งสำเร็จรูป
T-204018,2025-09-19,มันฝรั่งทอด
T-204018,2025-09-19,ไข่ไก่
T-204019,2025-08-08,บะหมี่กึ่งสำเร็จรูป
T-204019,2025-08-08,ผ้าอ้อม
T-204019,2025-08-08,ผ้าเช็ดทำความสะอาด
T-204020,2025-07-08,บะหมี่กึ่งสำเร็จรูป
T-204020,2025-07-08,ผ้าอ้อม
T-204020,2025-07-08,เบียร์
T-204020,2025-07-08,ไข่ไก่
T-204021,2025-09-23,ขนมปัง
T-204021,2025-09-23,ชาเขียว
T-204021,2025-09-23,ถุงพลาสติก
T-204021,2025-09-23,น้ำดื่ม
T-204021,2025-09-23,ผ้าอ้อม
T-204021,2025-09-23,ผ้าเช็ดทำความสะอาด
T-204022,2025-08-25,กาแฟสด
T-204022,2025-08-25,ถุงพลาสติก
T-204022,2025-08-25,นมสด
T-204022,2025-08-25,ผ้าอ้อม
T-204023,2025-07-06,ถุงพลาสติก
T-204023,2025-07-06,นมสด
T-204023,2025-07-06,บะหมี่กึ่งสำเร็จรูป
T-204023,2025-07-06,ไข่ไก่
T-204024,2025-09-25,กาแฟสด
T-204024,2025-09-25,นมสด
T-204024,2025-09-25,ผงซักฟอก
T-204024,2025-09-25,ผ้าอ้อม
T-204024,2025-09-25,ผ้าเช็ดทำความสะอาด
T-204024,2025-09-25,เบียร์
T-204025,2025-08-20,ถุงพลาสติก
T-204025,2025-08-20,น้ำดื่ม
T-204025,2025-08-20,ผ้าอ้อม
T-204025,2025-08-20,ผ้าเช็ดทำความสะอาด
T-204025,2025-08-20,เบียร์
T-204026,2025-09-28,ถุงพลาสติก
T-204026,2025-09-28,บะหมี่กึ่งสำเร็จรูป
T-204027,2025-07-10,ผ้าเช็ดทำความสะอาด
T-204028,2025-07-24,ชาเขียว
T-204028,2025-07-24,นมสด
T-204028,2025-07-24,ผ้าอ้อม
T-204028,2025-07-24,ไข่ไก่
T-204029,2025-09-21,ขนมปัง
T-204029,2025-09-21,ถุงพลาสติก
T-204029,2025-09-21,น้ำดื่ม
T-204029,2025-09-21,บะหมี่กึ่งสำเร็จรูป
T-204029,2025-09-21,ไข่ไก่
T-204030,2025-07-20,ชาเขียว
T-204030,2025-07-20,ถุงพลาสติก
T-204030,2025-07-20,บะหมี่กึ่งสำเร็จรูป
T-204031,2025-07-14,กาแฟสด
T-204031,2025-07-14,ถุงพลาสติก
T-204031,2025-07-14,น้ำดื่ม
T-204031,2025-07-14,ไข่ไก่
T-204032,2025-09-22,ขนมปัง
T-204032,2025-09-22,ถุงพลาสติก
T-204032,2025-09-22,นมสด
T-204032,2025-09-22,ผงซักฟอก
T-204032,2025-09-22,ผ้าเช็ดทำความสะอาด
T-204032,2025-09-22,แชมพู
T-204033,2025-08-13,เบียร์
T-204034,2025-07-04,ขนมปัง
T-204034,2025-07-04,ถุงพลาสติก
T-204034,2025-07-04,ผ้าอ้อม
T-204034,2025-07-04,มันฝรั่งทอด
T-204034,2025-07-04,ไข่ไก่
T-204035,2025-08-10,กาแฟสด
T-204035,2025-08-10,ขนมปัง
T-204035,2025-08-10,ถุงพลาสติก
T-204035,2025-08-10,เบียร์
T-204036,2025-08-08,กาแฟสด
T-204036,2025-08-08,ขนมปัง
T-204036,2025-08-08,นมสด
T-204036,2025-08-08,น้ำดื่ม
T-204037,2025-09-05,กาแฟสด
T-204037,2025-09-05,ถุงพลาสติก
T-204038,2025-08-19,น้ำดื่ม
T-204038,2025-08-19,ผ้าอ้อม
T-204038,2025-08-19,ผ้าเช็ดทำความสะอาด
T-204038,2025-08-19,เบียร์
T-204038,2025-08-19,แชมพู
T-204039,2025-09-06,กาแฟสด
T-204039,2025-09-06,ขนมปัง
T-204039,2025-09-06,ถุงพลาสติก
T-204039,2025-09-06,น้ำดื่ม
T-204039,2025-09-06,ผงซักฟอก
T-204039,2025-09-06,เบียร์
T-204040,2025-07-25,กาแฟสด
T-204040,2025-07-25,ถุงพลาสติก
T-204040,2025-07-25,ไข่ไก่
T-204041,2025-09-05,กาแฟสด
T-204041,2025-09-05,ขนมปัง
T-204041,2025-09-05,ถุงพลาสติก
T-204041,2025-09-05,ผ้าอ้อม
T-204041,2025-09-05,เบียร์
T-204042,2025-08-06,ขนมปัง
T-204042,2025-08-06,ถุงพลาสติก
T-204043,2025-08-17,ถุงพลาสติก
T-204043,2025-08-17,น้ำดื่ม
T-204044,2025-08-22,ชาเขียว
T-204044,2025-08-22,ถุงพลาสติก
T-204044,2025-08-22,บะหมี่กึ่งสำเร็จรูป
T-204044,2025-08-22,มันฝรั่งทอด
T-204045,2025-07-29,ถุงพลาสติก
T-204045,2025-07-29,นมสด
T-204045,2025-07-29,น้ำดื่ม
T-204045,2025-07-29,มันฝรั่งทอด
T-204045,2025-07-29,ไข่ไก่
T-204046,2025-07-06,กาแฟสด
T-204046,2025-07-06,ขนมปัง
T-204046,2025-07-06,ถุงพลาสติก
T-204046,2025-07-06,น้ำดื่ม
T-204046,2025-07-06,บะหมี่กึ่งสำเร็จรูป
T-204047,2025-08-21,ถุงพลาสติก
T-204047,2025-08-21,นมสด
T-204047,2025-08-21,น้ำดื่ม
T-204047,2025-08-21,บะหมี่กึ่งสำเร็จรูป
T-204047,2025-08-21,ผงซักฟอก
T-204047,2025-08-21,ผ้าอ้อม
T-204047,2025-08-21,ผ้าเช็ดทำความสะอาด
T-204048,2025-07-02,ขนมปัง
T-204048,2025-07-02,ถุงพลาสติก
T-204048,2025-07-02,น้ำดื่ม
T-204048,2025-07-02,ไข่ไก่
T-204049,2025-07-05,ขนมปัง
T-204049,2025-07-05,ถุงพลาสติก
T-204049,2025-07-05,มันฝรั่งทอด
T-204050,2025-08-20,ชาเขียว
T-204050,2025-08-20,ถุงพลาสติก
T-204050,2025-08-20,บะหมี่กึ่งสำเร็จรูป
T-204050,2025-08-20,มันฝรั่งทอด
T-204051,2025-09-24,น้ำดื่ม
T-204051,2025-09-24,เบียร์
T-204052,2025-09-21,กาแฟสด
T-204052,2025-09-21,นมสด
T-204052,2025-09-21,น้ำดื่ม
T-204052,2025-09-21,มันฝรั่งทอด
T-204052,2025-09-21,เบียร์
T-204052,2025-09-21,ไข่ไก่
T-204053,2025-08-10,ขนมปัง
T-204053,2025-08-10,ชาเขียว
T-204053,2025-08-10,น้ำดื่ม
T-204054,2025-09-07,ขนมปัง
T-204054,2025-09-07,ถุงพลาสติก
T-204054,2025-09-07,น้ำดื่ม
T-204054,2025-09-07,ผงซักฟอก
T-204054,2025-09-07,มันฝรั่งทอด
T-204054,2025-09-07,ไข่ไก่
T-204055,2025-07-20,กาแฟสด
T-204055,2025-07-20,ถุงพลาสติก
T-204055,2025-07-20,มันฝรั่งทอด
T-204055,2025-07-20,เบียร์
T-204056,2025-08-31,ชาเขียว
T-204056,2025-08-31,ถุงพลาสติก
T-204056,2025-08-31,น้ำดื่ม
T-204057,2025-09-13,ถุงพลาสติก
T-204057,2025-09-13,นมสด
T-204058,2025-07-24,ชาเขียว
T-204058,2025-07-24,ถุงพลาสติก
T-204058,2025-07-24,น้ำดื่ม
T-204058,2025-07-24,ผงซักฟอก
T-204059,2025-09-15,ชาเขียว
T-204059,2025-09-15,ถุงพลาสติก
T-204059,2025-09-15,น้ำดื่ม
T-204060,2025-07-08,ถุงพลาสติก
T-204060,2025-07-08,น้ำดื่ม
T-204060,2025-07-08,เบียร์
T-204061,2025-08-23,กาแฟสด
T-204061,2025-08-23,ถุงพลาสติก
T-204061,2025-08-23,น้ำดื่ม
T-204062,2025-07-18,ขนมปัง
T-204062,2025-07-18,ถุงพลาสติก
T-204062,2025-07-18,มันฝรั่งทอด
T-204063,2025-09-21,ขนมปัง
T-204063,2025-09-21,ถุงพลาสติก
T-204063,2025-09-21,น้ำดื่ม
T-204064,2025-07-30,ชาเขียว
T-204064,2025-07-30,ถุงพลาสติก
T-204064,2025-07-30,นมสด
T-204064,2025-07-30,ผงซักฟอก
T-204064,2025-07-30,เบียร์
T-204065,2025-08-10,น้ำดื่ม
T-204065,2025-08-10,เบียร์
T-204066,2025-08-28,ชาเขียว
T-204066,2025-08-28,ถุงพลาสติก
T-204066,2025-08-28,น้ำดื่ม
T-204067,2025-07-14,ชาเขียว
T-204067,2025-07-14,ถุงพลาสติก
T-204067,2025-07-14,น้ำดื่ม
T-204067,2025-07-14,บะหมี่กึ่งสำเร็จรูป
T-204068,2025-07-24,ขนมปัง
T-204068,2025-07-24,ชาเขียว
T-204068,2025-07-24,ถุงพลาสติก
T-204068,2025-07-24,แชมพู
T-204069,2025-07-01,ถุงพลาสติก
T-204070,2025-09-02,ชาเขียว
T-204070,2025-09-02,ถุงพลาสติก
T-204070,2025-09-02,เบียร์
T-204071,2025-07-26,ถุงพลาสติก
T-204071,2025-07-26,นมสด
T-204071,2025-07-26,แชมพู
T-204072,2025-07-19,ชาเขียว
T-204072,2025-07-19,ถุงพลาสติก
T-204072,2025-07-19,น้ำดื่ม
T-204072,2025-07-19,มันฝรั่งทอด
T-204073,2025-09-07,กาแฟสด
T-204073,2025-09-07,ถุงพลาสติก
T-204073,2025-09-07,นมสด
T-204073,2025-09-07,น้ำดื่ม
T-204074,2025-07-19,ถุงพลาสติก
T-204074,2025-07-19,นมสด
T-204074,2025-07-19,ไข่ไก่
T-204075,2025-09-27,ขนมปัง
T-204075,2025-09-27,ถุงพลาสติก
T-204075,2025-09-27,นมสด
T-204075,2025-09-27,ผงซักฟอก
T-204075,2025-09-27,ไข่ไก่
T-204076,2025-09-23,ชาเขียว
T-204076,2025-09-23,ถุงพลาสติก
T-204076,2025-09-23,ผ้าอ้อม
T-204076,2025-09-23,ผ้าเช็ดทำความสะอาด
T-204076,2025-09-23,ไข่ไก่
T-204077,2025-07-30,ขนมปัง
T-204077,2025-07-30,ถุงพลาสติก
T-204077,2025-07-30,น้ำดื่ม
T-204078,2025-08-13,ชาเขียว
T-204078,2025-08-13,ถุงพลาสติก
T-204078,2025-08-13,ไข่ไก่
T-204079,2025-08-19,ชาเขียว
T-204079,2025-08-19,ถุงพลาสติก
T-204079,2025-08-19,บะหมี่กึ่งสำเร็จรูป
T-204080,2025-07-26,ขนมปัง
T-204080,2025-07-26,ถุงพลาสติก
T-204080,2025-07-26,น้ำดื่ม
T-204081,2025-08-12,กาแฟสด
T-204081,2025-08-12,ถุงพลาสติก
T-204081,2025-08-12,บะหมี่กึ่งสำเร็จรูป
T-204081,2025-08-12,เบียร์
T-204081,2025-08-12,แชมพู
T-204082,2025-07-14,ชาเขียว
T-204082,2025-07-14,ถุงพลาสติก
T-204082,2025-07-14,เบียร์
T-204083,2025-07-04,ขนมปัง
T-204083,2025-07-04,ถุงพลาสติก
T-204083,2025-07-04,บะหมี่กึ่งสำเร็จรูป
T-204083,2025-07-04,ผ้าอ้อม
T-204083,2025-07-04,ผ้าเช็ดทำความสะอาด
T-204083,2025-07-04,ไข่ไก่
T-204084,2025-07-15,ถุงพลาสติก
T-204085,2025-08-10,ขนมปัง
T-204085,2025-08-10,ถุงพลาสติก
T-204085,2025-08-10,น้ำดื่ม
T-204085,2025-08-10,ผงซักฟอก
T-204085,2025-08-10,มันฝรั่งทอด
T-204086,2025-08-02,ถุงพลาสติก
T-204086,2025-08-02,มันฝรั่งทอด
T-204086,2025-08-02,เบียร์
T-204087,2025-09-06,ถุงพลาสติก
T-204087,2025-09-06,ผ้าอ้อม
T-204087,2025-09-06,ผ้าเช็ดทำความสะอาด
T-204088,2025-07-01,ถุงพลาสติก
T-204088,2025-07-01,นมสด
T-204088,2025-07-01,น้ำดื่ม
T-204088,2025-07-01,บะหมี่กึ่งสำเร็จรูป
T-204088,2025-07-01,ไข่ไก่
T-204089,2025-07-13,ชาเขียว
T-204089,2025-07-13,ถุงพลาสติก
T-204089,2025-07-13,นมสด
T-204089,2025-07-13,ไข่ไก่
T-204090,2025-08-23,ถุงพลาสติก
T-204091,2025-08-16,ชาเขียว
T-204091,2025-08-16,มันฝรั่งทอด
T-204091,2025-08-16,แชมพู
T-204092,2025-08-24,ชาเขียว
T-204092,2025-08-24,ถุงพลาสติก
T-204092,2025-08-24,น้ำดื่ม
T-204092,2025-08-24,แชมพู
T-204093,2025-07-07,ขนมปัง
T-204093,2025-07-07,ถุงพลาสติก
T-204093,2025-07-07,น้ำดื่ม
T-204093,2025-07-07,มันฝรั่งทอด
T-204094,2025-07-10,ขนมปัง
T-204094,2025-07-10,ถุงพลาสติก
T-204094,2025-07-10,น้ำดื่ม
T-204094,2025-07-10,ผ้าอ้อม
T-204095,2025-08-19,กาแฟสด
T-204095,2025-08-19,ถุงพลาสติก
T-204095,2025-08-19,น้ำดื่ม
T-204095,2025-08-19,บะหมี่กึ่งสำเร็จรูป
T-204096,2025-08-31,ถุงพลาสติก
T-204096,2025-08-31,บะหมี่กึ่งสำเร็จรูป
T-204097,2025-07-25,ถุงพลาสติก
T-204097,2025-07-25,นมสด
T-204098,2025-09-26,ชาเขียว
T-204099,2025-09-19,ขนมปัง
T-204099,2025-09-19,ถุงพลาสติก
T-204099,2025-09-19,มันฝรั่งทอด
T-204100,2025-07-04,ผ้าอ้อม
T-204101,2025-07-12,ชาเขียว
T-204101,2025-07-12,ถุงพลาสติก
T-204102,2025-07-28,ขนมปัง
T-204102,2025-07-28,ชาเขียว
T-204102,2025-07-28,แชมพู
T-204103,2025-07-29,กาแฟสด
T-204104,2025-07-16,กาแฟสด
T-204104,2025-07-16,ถุงพลาสติก
T-204104,2025-07-16,นมสด
T-204104,2025-07-16,น้ำดื่ม
T-204104,2025-07-16,บะหมี่กึ่งสำเร็จรูป
T-204105,2025-07-15,ชาเขียว
T-204105,2025-07-15,ถุงพลาสติก
T-204106,2025-07-14,ถุงพลาสติก
T-204106,2025-07-14,ไข่ไก่
T-204107,2025-08-10,ถุงพลาสติก
T-204107,2025-08-10,บะหมี่กึ่งสำเร็จรูป
T-204108,2025-08-07,ถุงพลาสติก
T-204108,2025-08-07,นมสด
T-204108,2025-08-07,น้ำดื่ม
T-204109,2025-07-18,ขนมปัง
T-204110,2025-09-24,ถุงพลาสติก
T-204110,2025-09-24,นมสด
T-204110,2025-09-24,มันฝรั่งทอด
T-204110,2025-09-24,ไข่ไก่
T-204111,2025-09-03,ขนมปัง
T-204111,2025-09-03,ถุงพลาสติก
T-204111,2025-09-03,ผ้าอ้อม
T-204111,2025-09-03,ผ้าเช็ดทำความสะอาด
T-204111,2025-09-03,มันฝรั่งทอด
T-204111,2025-09-03,เบียร์
T-204112,2025-09-22,ถุงพลาสติก
T-204112,2025-09-22,น้ำดื่ม
T-204112,2025-09-22,ผงซักฟอก
T-204112,2025-09-22,ไข่ไก่
T-204113,2025-08-16,น้ำดื่ม
T-204113,2025-08-16,ไข่ไก่
T-204114,2025-09-06,ชาเขียว
T-204114,2025-09-06,ถุงพลาสติก
T-204114,2025-09-06,นมสด
T-204114,2025-09-06,น้ำดื่ม
T-204114,2025-09-06,ไข่ไก่
T-204115,2025-09-02,ขนมปัง
T-204115,2025-09-02,ถุงพลาสติก
T-204115,2025-09-02,น้ำดื่ม
T-204116,2025-09-13,กาแฟสด
T-204116,2025-09-13,ขนมปัง
T-204116,2025-09-13,บะหมี่กึ่งสำเร็จรูป
T-204116,2025-09-13,มันฝรั่งทอด
T-204117,2025-07-14,ชาเขียว
T-204117,2025-07-14,ถุงพลาสติก
T-204117,2025-07-14,มันฝรั่งทอด
T-204118,2025-07-13,นมสด
T-204119,2025-07-16,ชาเขียว
T-204119,2025-07-16,ถุงพลาสติก
T-204119,2025-07-16,นมสด
T-204119,2025-07-16,น้ำดื่ม
T-204119,2025-07-16,บะหมี่กึ่งสำเร็จรูป
T-204119,2025-07-16,มันฝรั่งทอด
T-204120,2025-07-03,ชาเขียว
T-204120,2025-07-03,ถุงพลาสติก
T-204120,2025-07-03,บะหมี่กึ่งสำเร็จรูป
T-204120,2025-07-03,ผ้าอ้อม
T-204120,2025-07-03,ผ้าเช็ดทำความสะอาด
T-204121,2025-07-30,ถุงพลาสติก
T-204121,2025-07-30,นมสด
T-204122,2025-07-13,กาแฟสด
T-204122,2025-07-13,ถุงพลาสติก
T-204122,2025-07-13,เบียร์
T-204122,2025-07-13,แชมพู
T-204123,2025-09-13,กาแฟสด
T-204123,2025-09-13,ขนมปัง
T-204123,2025-09-13,น้ำดื่ม
T-204124,2025-09-21,กาแฟสด
T-204124,2025-09-21,นมสด
T-204125,2025-08-22,ชาเขียว
T-204125,2025-08-22,ถุงพลาสติก
T-204126,2025-09-15,ถุงพลาสติก
T-204126,2025-09-15,น้ำดื่ม
T-204126,2025-09-15,ผ้าเช็ดทำความสะอาด
T-204126,2025-09-15,แชมพู
T-204127,2025-09-02,ขนมปัง
T-204127,2025-09-02,ถุงพลาสติก
T-204127,2025-09-02,น้ำดื่ม
T-204127,2025-09-02,เบียร์
T-204127,2025-09-02,ไข่ไก่
T-204128,2025-07-07,ขนมปัง
T-204128,2025-07-07,ถุงพลาสติก
T-204128,2025-07-07,นมสด
T-204128,2025-07-07,บะหมี่กึ่งสำเร็จรูป
T-204129,2025-08-24,ชาเขียว
T-204129,2025-08-24,ถุงพลาสติก
T-204129,2025-08-24,น้ำดื่ม
T-204129,2025-08-24,มันฝรั่งทอด
T-204130,2025-08-06,ขนมปัง
T-204130,2025-08-06,ถุงพลาสติก
T-204130,2025-08-06,มันฝรั่งทอด
T-204131,2025-07-30,ถุงพลาสติก
T-204131,2025-07-30,น้ำดื่ม
T-204131,2025-07-30,บะหมี่กึ่งสำเร็จรูป
T-204131,2025-07-30,ผ้าอ้อม
T-204131,2025-07-30,เบียร์
T-204131,2025-07-30,แชมพู
T-204132,2025-07-25,ถุงพลาสติก
T-204132,2025-07-25,ผ้าอ้อม
T-204132,2025-07-25,ผ้าเช็ดทำความสะอาด
T-204132,2025-07-25,มันฝรั่งทอด
T-204133,2025-07-29,กาแฟสด
T-204133,2025-07-29,ขนมปัง
T-204133,2025-07-29,นมสด
T-204133,2025-07-29,บะหมี่กึ่งสำเร็จรูป
T-204133,2025-07-29,แชมพู
T-204134,2025-07-09,ถุงพลาสติก
T-204134,2025-07-09,บะหมี่กึ่งสำเร็จรูป
T-204135,2025-09-09,ขนมปัง
T-204135,2025-09-09,ชาเขียว
T-204135,2025-09-09,ถุงพลาสติก
T-204136,2025-09-27,ชาเขียว
T-204136,2025-09-27,ถุงพลาสติก
T-204137,2025-08-15,ถุงพลาสติก
T-204137,2025-08-15,ผ้าเช็ดทำความสะอาด
T-204138,2025-09-28,กาแฟสด
T-204138,2025-09-28,ถุงพลาสติก
T-204138,2025-09-28,แชมพู
T-204139,2025-08-15,ถุงพลาสติก
T-204139,2025-08-15,นมสด
T-204139,2025-08-15,น้ำดื่ม
T-204139,2025-08-15,มันฝรั่งทอด
T-204140,2025-08-20,ขนมปัง
T-204140,2025-08-20,ชาเขียว
T-204140,2025-08-20,นมสด
T-204140,2025-08-20,ผงซักฟอก
T-204141,2025-07-11,ขนมปัง
T-204141,2025-07-11,ถุงพลาสติก
T-204142,2025-07-29,ชาเขียว
T-204142,2025-07-29,ถุงพลาสติก
T-204142,2025-07-29,นมสด
T-204142,2025-07-29,บะหมี่กึ่งสำเร็จรูป
T-204142,2025-07-29,แชมพู
T-204142,2025-07-29,ไข่ไก่
T-204143,2025-09-07,ถุงพลาสติก
T-204144,2025-07-03,ถุงพลาสติก
T-204144,2025-07-03,นมสด
T-204144,2025-07-03,น้ำดื่ม
T-204144,2025-07-03,ผ้าอ้อม
T-204144,2025-07-03,ผ้าเช็ดทำความสะอาด
T-204144,2025-07-03,มันฝรั่งทอด
T-204144,2025-07-03,เบียร์
T-204145,2025-07-21,ถุงพลาสติก
T-204145,2025-07-21,นมสด
T-204145,2025-07-21,เบียร์
T-204146,2025-09-03,กาแฟสด
T-204146,2025-09-03,ขนมปัง
T-204146,2025-09-03,ไข่ไก่
T-204147,2025-07-10,ถุงพลาสติก
T-204147,2025-07-10,ผงซักฟอก
T-204147,2025-07-10,ไข่ไก่
T-204148,2025-08-04,ถุงพลาสติก
T-204148,2025-08-04,นมสด
T-204148,2025-08-04,บะหมี่กึ่งสำเร็จรูป
T-204149,2025-09-27,ถุงพลาสติก
T-204149,2025-09-27,น้ำดื่ม
T-204149,2025-09-27,ผงซักฟอก
T-204149,2025-09-27,ผ้าอ้อม
T-204149,2025-09-27,ผ้าเช็ดทำความสะอาด
T-204149,2025-09-27,แชมพู
T-204149,2025-09-27,ไข่ไก่
T-204150,2025-09-28,ถุงพลาสติก
T-204150,2025-09-28,น้ำดื่ม
T-204150,2025-09-28,เบียร์
T-204151,2025-09-09,ถุงพลาสติก
T-204152,2025-07-24,ถุงพลาสติก
T-204152,2025-07-24,น้ำดื่ม
T-204152,2025-07-24,ผ้าเช็ดทำความสะอาด
T-204153,2025-08-28,นมสด
T-204153,2025-08-28,ผ้าเช็ดทำความสะอาด
T-204153,2025-08-28,แชมพู
T-204153,2025-08-28,ไข่ไก่
T-204154,2025-08-21,น้ำดื่ม
T-204154,2025-08-21,ผงซักฟอก
T-204155,2025-08-08,ถุงพลาสติก
T-204155,2025-08-08,น้ำดื่ม
T-204155,2025-08-08,บะหมี่กึ่งสำเร็จรูป
T-204155,2025-08-08,ไข่ไก่
T-204156,2025-08-17,ถุงพลาสติก
T-204156,2025-08-17,ผ้าเช็ดทำความสะอาด
T-204156,2025-08-17,แชมพู
T-204157,2025-09-14,กาแฟสด
T-204157,2025-09-14,นมสด
T-204157,2025-09-14,ไข่ไก่
T-204158,2025-08-24,ขนมปัง
T-204158,2025-08-24,ถุงพลาสติก
T-204158,2025-08-24,ผงซักฟอก
T-204158,2025-08-24,มันฝรั่งทอด
T-204159,2025-07-08,นมสด
T-204160,2025-07-21,ถุงพลาสติก
T-204160,2025-07-21,น้ำดื่ม
T-204161,2025-07-31,ถุงพลาสติก
T-204161,2025-07-31,ผงซักฟอก
T-204161,2025-07-31,ผ้าอ้อม
T-204162,2025-07-03,น้ำดื่ม
T-204162,2025-07-03,แชมพู
T-204163,2025-09-08,กาแฟสด
T-204163,2025-09-08,ถุงพลาสติก
T-204163,2025-09-08,นมสด
T-204163,2025-09-08,ผ้าอ้อม
T-204164,2025-07-14,ชาเขียว
T-204164,2025-07-14,บะหมี่กึ่งสำเร็จรูป
T-204164,2025-07-14,ไข่ไก่
T-204165,2025-09-15,ถุงพลาสติก
T-204165,2025-09-15,บะหมี่กึ่งสำเร็จรูป
T-204165,2025-09-15,ผงซักฟอก
T-204165,2025-09-15,เบียร์
T-204166,2025-08-19,ถุงพลาสติก
T-204166,2025-08-19,น้ำดื่ม
T-204166,2025-08-19,แชมพู
T-204167,2025-08-09,ขนมปัง
T-204167,2025-08-09,ถุงพลาสติก
T-204168,2025-07-24,ขนมปัง
T-204168,2025-07-24,ชาเขียว
T-204168,2025-07-24,ผ้าเช็ดทำความสะอาด
T-204168,2025-07-24,เบียร์
T-204169,2025-08-22,ขนมปัง
T-204169,2025-08-22,ถุงพลาสติก
T-204169,2025-08-22,น้ำดื่ม
T-204170,2025-08-10,ถุงพลาสติก
T-204170,2025-08-10,น้ำดื่ม
T-204170,2025-08-10,ผ้าอ้อม
T-204171,2025-08-02,กาแฟสด
T-204171,2025-08-02,ผงซักฟอก
T-204171,2025-08-02,ผ้าอ้อม
T-204171,2025-08-02,ผ้าเช็ดทำความสะอาด
T-204171,2025-08-02,ไข่ไก่
T-204172,2025-07-13,กาแฟสด
T-204172,2025-07-13,ถุงพลาสติก
T-204172,2025-07-13,น้ำดื่ม
T-204172,2025-07-13,ผงซักฟอก
T-204172,2025-07-13,ไข่ไก่
T-204173,2025-07-09,บะหมี่กึ่งสำเร็จรูป
T-204174,2025-09-12,กาแฟสด
T-204174,2025-09-12,ถุงพลาสติก
T-204175,2025-07-09,กาแฟสด
T-204175,2025-07-09,ขนมปัง
T-204175,2025-07-09,ถุงพลาสติก
T-204175,2025-07-09,ผ้าเช็ดทำความสะอาด
T-204175,2025-07-09,แชมพู
T-204176,2025-08-03,กาแฟสด
T-204176,2025-08-03,บะหมี่กึ่งสำเร็จรูป
T-204176,2025-08-03,ผ้าอ้อม
T-204176,2025-08-03,ผ้าเช็ดทำความสะอาด
T-204176,2025-08-03,มันฝรั่งทอด
T-204176,2025-08-03,เบียร์
T-204176,2025-08-03,แชมพู
T-204177,2025-09-18,ชาเขียว
T-204177,2025-09-18,ถุงพลาสติก
T-204177,2025-09-18,บะหมี่กึ่งสำเร็จรูป
T-204177,2025-09-18,ผ้าอ้อม
T-204177,2025-09-18,ผ้าเช็ดทำความสะอาด
T-204177,2025-09-18,แชมพู
T-204178,2025-08-14,กาแฟสด
T-204178,2025-08-14,ถุงพลาสติก
T-204178,2025-08-14,น้ำดื่ม
T-204179,2025-08-27,นมสด
T-204179,2025-08-27,น้ำดื่ม
T-204180,2025-07-19,ผ้าเช็ดทำความสะอาด
T-204181,2025-07-04,ถุงพลาสติก
T-204181,2025-07-04,มันฝรั่งทอด
T-204181,2025-07-04,ไข่ไก่
T-204182,2025-08-07,ถุงพลาสติก
T-204182,2025-08-07,น้ำดื่ม
T-204182,2025-08-07,ไข่ไก่
T-204183,2025-07-10,ถุงพลาสติก
T-204184,2025-07-15,ถุงพลาสติก
T-204184,2025-07-15,น้ำดื่ม
T-204185,2025-07-12,กาแฟสด
T-204185,2025-07-12,ขนมปัง
T-204185,2025-07-12,นมสด
T-204185,2025-07-12,ผงซักฟอก
T-204185,2025-07-12,เบียร์
T-204186,2025-07-31,ถุงพลาสติก
T-204186,2025-07-31,นมสด
T-204186,2025-07-31,ผงซักฟอก
T-204186,2025-07-31,มันฝรั่งทอด
T-204186,2025-07-31,ไข่ไก่
T-204187,2025-09-21,ถุงพลาสติก
T-204187,2025-09-21,ผงซักฟอก
T-204188,2025-09-16,กาแฟสด
T-204188,2025-09-16,ถุงพลาสติก
T-204188,2025-09-16,น้ำดื่ม
T-204189,2025-08-19,ถุงพลาสติก
T-204190,2025-09-19,กาแฟสด
T-204190,2025-09-19,ขนมปัง
T-204191,2025-09-07,ชาเขียว
T-204191,2025-09-07,ถุงพลาสติก
T-204191,2025-09-07,นมสด
T-204191,2025-09-07,น้ำดื่ม
T-204192,2025-09-19,ถุงพลาสติก
T-204192,2025-09-19,นมสด
T-204193,2025-07-23,นมสด
T-204193,2025-07-23,น้ำดื่ม
T-204193,2025-07-23,มันฝรั่งทอด
T-204194,2025-09-09,กาแฟสด
T-204194,2025-09-09,ถุงพลาสติก
T-204194,2025-09-09,น้ำดื่ม
T-204195,2025-07-19,ขนมปัง
T-204195,2025-07-19,ถุงพลาสติก
T-204195,2025-07-19,ผงซักฟอก
T-204196,2025-09-23,ถุงพลาสติก
T-204197,2025-07-16,กาแฟสด
T-204197,2025-07-16,ขนมปัง
T-204197,2025-07-16,ถุงพลาสติก
T-204197,2025-07-16,ผงซักฟอก
T-204197,2025-07-16,ผ้าเช็ดทำความสะอาด
T-204197,2025-07-16,มันฝรั่งทอด
T-204198,2025-07-24,นมสด
T-204198,2025-07-24,ไข่ไก่
T-204199,2025-07-24,ถุงพลาสติก
T-204199,2025-07-24,นมสด
T-204199,2025-07-24,น้ำดื่ม
T-204199,2025-07-24,มันฝรั่งทอด
T-204200,2025-07-21,กาแฟสด
T-204200,2025-07-21,น้ำดื่ม
T-204200,2025-07-21,บะหมี่กึ่งสำเร็จรูป
T-204200,2025-07-21,ไข่ไก่
T-204201,2025-08-21,ถุงพลาสติก
T-204201,2025-08-21,น้ำดื่ม
T-204201,2025-08-21,ผงซักฟอก
T-204201,2025-08-21,มันฝรั่งทอด
T-204201,2025-08-21,ไข่ไก่
T-204202,2025-08-08,กาแฟสด
T-204202,2025-08-08,ถุงพลาสติก
T-204202,2025-08-08,แชมพู
T-204202,2025-08-08,ไข่ไก่
T-204203,2025-08-21,ถุงพลาสติก
T-204203,2025-08-21,นมสด
T-204204,2025-07-26,ชาเขียว
T-204204,2025-07-26,ถุงพลาสติก
T-204204,2025-07-26,มันฝรั่งทอด
T-204205,2025-07-12,ขนมปัง
T-204205,2025-07-12,ถุงพลาสติก
T-204205,2025-07-12,นมสด
T-204206,2025-08-07,ถุงพลาสติก
T-204207,2025-07-19,บะหมี่กึ่งสำเร็จรูป
T-204207,2025-07-19,ผงซักฟอก
T-204207,2025-07-19,ผ้าอ้อม
T-204207,2025-07-19,ผ้าเช็ดทำความสะอาด
T-204207,2025-07-19,เบียร์
T-204208,2025-07-13,ชาเขียว
T-204208,2025-07-13,นมสด
T-204208,2025-07-13,น้ำดื่ม
T-204208,2025-07-13,บะหมี่กึ่งสำเร็จรูป
T-204208,2025-07-13,แชมพู
T-204208,2025-07-13,ไข่ไก่
T-204209,2025-08-15,ขนมปัง
T-204209,2025-08-15,ชาเขียว
T-204209,2025-08-15,ถุงพลาสติก
T-204209,2025-08-15,นมสด
T-204210,2025-09-23,ขนมปัง
T-204210,2025-09-23,ชาเขียว
T-204210,2025-09-23,ถุงพลาสติก
T-204210,2025-09-23,นมสด
T-204210,2025-09-23,ผ้าอ้อม
T-204211,2025-07-30,ถุงพลาสติก
T-204211,2025-07-30,น้ำดื่ม
T-204211,2025-07-30,ผ้าเช็ดทำความสะอาด
T-204211,2025-07-30,มันฝรั่งทอด
T-204212,2025-08-15,ขนมปัง
T-204212,2025-08-15,เบียร์
T-204213,2025-09-14,ชาเขียว
T-204213,2025-09-14,ถุงพลาสติก
T-204213,2025-09-14,น้ำดื่ม
T-204213,2025-09-14,ผ้าเช็ดทำความสะอาด
T-204213,2025-09-14,มันฝรั่งทอด
T-204214,2025-08-18,กาแฟสด
T-204214,2025-08-18,น้ำดื่ม
T-204215,2025-07-11,กาแฟสด
T-204215,2025-07-11,ขนมปัง
T-204215,2025-07-11,ผ้าอ้อม
T-204215,2025-07-11,ผ้าเช็ดทำความสะอาด
T-204215,2025-07-11,ไข่ไก่
T-204216,2025-07-16,ถุงพลาสติก
T-204216,2025-07-16,น้ำดื่ม
T-204216,2025-07-16,บะหมี่กึ่งสำเร็จรูป
T-204216,2025-07-16,ผ้าอ้อม
T-204216,2025-07-16,ผ้าเช็ดทำความสะอาด
T-204217,2025-07-04,กาแฟสด
T-204217,2025-07-04,ขนมปัง
T-204217,2025-07-04,ถุงพลาสติก
T-204217,2025-07-04,น้ำดื่ม
T-204217,2025-07-04,แชมพู
T-204218,2025-08-01,กาแฟสด
T-204218,2025-08-01,ถุงพลาสติก
T-204218,2025-08-01,บะหมี่กึ่งสำเร็จรูป
T-204218,2025-08-01,เบียร์
T-204219,2025-07-18,ชาเขียว
T-204219,2025-07-18,ถุงพลาสติก
T-204219,2025-07-18,เบียร์
T-204219,2025-07-18,ไข่ไก่
T-204220,2025-09-22,ขนมปัง
T-204220,2025-09-22,ถุงพลาสติก
T-204220,2025-09-22,น้ำดื่ม
T-204220,2025-09-22,เบียร์
T-204221,2025-07-17,กาแฟสด
T-204221,2025-07-17,ถุงพลาสติก
T-204221,2025-07-17,บะหมี่กึ่งสำเร็จรูป
T-204221,2025-07-17,มันฝรั่งทอด
T-204222,2025-07-24,ถุงพลาสติก
T-204222,2025-07-24,นมสด
T-204222,2025-07-24,ไข่ไก่
T-204223,2025-09-16,ขนมปัง
T-204223,2025-09-16,ชาเขียว
T-204223,2025-09-16,ถุงพลาสติก
T-204224,2025-07-30,ชาเขียว
T-204224,2025-07-30,เบียร์
T-204225,2025-07-13,นมสด
T-204225,2025-07-13,น้ำดื่ม
T-204225,2025-07-13,บะหมี่กึ่งสำเร็จรูป
T-204226,2025-07-21,กาแฟสด
T-204226,2025-07-21,ถุงพลาสติก
T-204226,2025-07-21,น้ำดื่ม
T-204226,2025-07-21,เบียร์
T-204227,2025-08-07,ถุงพลาสติก
T-204227,2025-08-07,นมสด
T-204227,2025-08-07,มันฝรั่งทอด
T-204227,2025-08-07,เบียร์
T-204227,2025-08-07,ไข่ไก่
T-204228,2025-09-28,กาแฟสด
T-204228,2025-09-28,ถุงพลาสติก
T-204228,2025-09-28,น้ำดื่ม
T-204228,2025-09-28,บะหมี่กึ่งสำเร็จรูป
T-204228,2025-09-28,แชมพู
T-204229,2025-07-25,ถุงพลาสติก
T-204229,2025-07-25,น้ำดื่ม
T-204229,2025-07-25,ไข่ไก่
T-204230,2025-07-13,ถุงพลาสติก
T-204230,2025-07-13,ไข่ไก่
T-204231,2025-07-17,กาแฟสด
T-204231,2025-07-17,ถุงพลาสติก
T-204231,2025-07-17,น้ำดื่ม
T-204231,2025-07-17,ไข่ไก่
T-204232,2025-09-24,ถุงพลาสติก
T-204232,2025-09-24,เบียร์
T-204232,2025-09-24,แชมพู
T-204233,2025-07-13,ถุงพลาสติก
T-204233,2025-07-13,นมสด
T-204233,2025-07-13,น้ำดื่ม
T-204233,2025-07-13,ผงซักฟอก
T-204233,2025-07-13,มันฝรั่งทอด
T-204234,2025-07-21,ถุงพลาสติก
T-204234,2025-07-21,มันฝรั่งทอด
T-204234,2025-07-21,ไข่ไก่
T-204235,2025-09-21,ชาเขียว
T-204235,2025-09-21,ถุงพลาสติก
T-204235,2025-09-21,น้ำดื่ม
T-204235,2025-09-21,ไข่ไก่
T-204236,2025-07-29,ถุงพลาสติก
T-204237,2025-09-06,ขนมปัง
T-204237,2025-09-06,ชาเขียว
T-204237,2025-09-06,ถุงพลาสติก
T-204238,2025-09-20,ถุงพลาสติก
T-204238,2025-09-20,เบียร์
T-204238,2025-09-20,แชมพู
T-204239,2025-08-12,ถุงพลาสติก
T-204239,2025-08-12,น้ำดื่ม
T-204239,2025-08-12,มันฝรั่งทอด
T-204240,2025-08-18,ถุงพลาสติก
T-204240,2025-08-18,น้ำดื่ม
T-204241,2025-09-14,ขนมปัง
T-204241,2025-09-14,ชาเขียว
T-204241,2025-09-14,ถุงพลาสติก
T-204241,2025-09-14,นมสด
T-204241,2025-09-14,ไข่ไก่
T-204242,2025-07-22,ถุงพลาสติก
T-204242,2025-07-22,ผงซักฟอก
T-204242,2025-07-22,ไข่ไก่
T-204243,2025-07-24,ถุงพลาสติก
T-204243,2025-07-24,น้ำดื่ม
T-204243,2025-07-24,เบียร์
T-204243,2025-07-24,ไข่ไก่
T-204244,2025-09-14,ชาเขียว
T-204244,2025-09-14,ถุงพลาสติก
T-204244,2025-09-14,นมสด
T-204244,2025-09-14,น้ำดื่ม
T-204244,2025-09-14,ไข่ไก่
T-204245,2025-09-16,ขนมปัง
T-204245,2025-09-16,ถุงพลาสติก
T-204245,2025-09-16,น้ำดื่ม
T-204245,2025-09-16,แชมพู
T-204245,2025-09-16,ไข่ไก่
T-204246,2025-09-15,กาแฟสด
T-204246,2025-09-15,ขนมปัง
T-204246,2025-09-15,ถุงพลาสติก
T-204246,2025-09-15,น้ำดื่ม
T-204246,2025-09-15,ผงซักฟอก
T-204246,2025-09-15,มันฝรั่งทอด
T-204247,2025-09-02,ถุงพลาสติก
T-204247,2025-09-02,นมสด
T-204248,2025-08-30,กาแฟสด
T-204248,2025-08-30,ถุงพลาสติก
T-204248,2025-08-30,นมสด
T-204248,2025-08-30,ผ้าเช็ดทำความสะอาด
T-204249,2025-09-09,ขนมปัง
T-204249,2025-09-09,ถุงพลาสติก
T-204249,2025-09-09,บะหมี่กึ่งสำเร็จรูป
T-204250,2025-07-16,บะหมี่กึ่งสำเร็จรูป
T-204250,2025-07-16,ผงซักฟอก
T-204250,2025-07-16,มันฝรั่งทอด
T-204251,2025-08-03,ถุงพลาสติก
T-204251,2025-08-03,บะหมี่กึ่งสำเร็จรูป
T-204252,2025-09-13,กาแฟสด
T-204252,2025-09-13,ขนมปัง
T-204252,2025-09-13,ถุงพลาสติก
T-204252,2025-09-13,นมสด
T-204253,2025-08-19,ถุงพลาสติก
T-204253,2025-08-19,ผ้าเช็ดทำความสะอาด
T-204253,2025-08-19,ไข่ไก่
T-204254,2025-08-06,กาแฟสด
T-204254,2025-08-06,ถุงพลาสติก
T-204254,2025-08-06,น้ำดื่ม
T-204255,2025-07-08,ขนมปัง
T-204255,2025-07-08,ชาเขียว
T-204255,2025-07-08,ถุงพลาสติก
T-204255,2025-07-08,บะหมี่กึ่งสำเร็จรูป
T-204256,2025-08-20,ขนมปัง
T-204256,2025-08-20,ถุงพลาสติก
T-204256,2025-08-20,น้ำดื่ม
T-204256,2025-08-20,บะหมี่กึ่งสำเร็จรูป
T-204257,2025-07-30,ขนมปัง
T-204257,2025-07-30,ถุงพลาสติก
T-204257,2025-07-30,บะหมี่กึ่งสำเร็จรูป
T-204258,2025-09-25,ถุงพลาสติก
T-204258,2025-09-25,นมสด
T-204258,2025-09-25,น้ำดื่ม
T-204258,2025-09-25,เบียร์
T-204259,2025-07-14,ขนมปัง
T-204259,2025-07-14,ถุงพลาสติก
T-204259,2025-07-14,ผงซักฟอก
T-204259,2025-07-14,มันฝรั่งทอด
T-204260,2025-09-11,ถุงพลาสติก
T-204260,2025-09-11,นมสด
T-204260,2025-09-11,แชมพู
T-204260,2025-09-11,ไข่ไก่
T-204261,2025-08-19,ชาเขียว
T-204261,2025-08-19,บะหมี่กึ่งสำเร็จรูป
T-204262,2025-09-21,กาแฟสด
T-204262,2025-09-21,ถุงพลาสติก
T-204262,2025-09-21,น้ำดื่ม
T-204262,2025-09-21,มันฝรั่งทอด
T-204263,2025-08-07,ถุงพลาสติก
T-204263,2025-08-07,นมสด
T-204264,2025-09-03,ถุงพลาสติก
T-204264,2025-09-03,บะหมี่กึ่งสำเร็จรูป
T-204265,2025-07-30,กาแฟสด
T-204265,2025-07-30,ถุงพลาสติก
T-204266,2025-07-24,ชาเขียว
T-204266,2025-07-24,ถุงพลาสติก
T-204266,2025-07-24,น้ำดื่ม
T-204266,2025-07-24,บะหมี่กึ่งสำเร็จรูป
T-204267,2025-08-09,ถุงพลาสติก
T-204267,2025-08-09,นมสด
T-204268,2025-09-09,นมสด
T-204269,2025-09-19,ถุงพลาสติก
T-204269,2025-09-19,ไข่ไก่
T-204270,2025-07-01,ถุงพลาสติก
T-204270,2025-07-01,บะหมี่กึ่งสำเร็จรูป
T-204270,2025-07-01,ไข่ไก่
T-204271,2025-09-03,ขนมปัง
T-204271,2025-09-03,ถุงพลาสติก
T-204271,2025-09-03,น้ำดื่ม
T-204271,2025-09-03,บะหมี่กึ่งสำเร็จรูป
T-204271,2025-09-03,ผงซักฟอก
T-204272,2025-07-14,ถุงพลาสติก
T-204272,2025-07-14,ผ้าอ้อม
T-204272,2025-07-14,ผ้าเช็ดทำความสะอาด
T-204273,2025-08-22,นมสด
T-204273,2025-08-22,ผ้าอ้อม
T-204273,2025-08-22,ผ้าเช็ดทำความสะอาด
T-204274,2025-09-18,ถุงพลาสติก
T-204274,2025-09-18,นมสด
T-204274,2025-09-18,น้ำดื่ม
T-204274,2025-09-18,บะหมี่กึ่งสำเร็จรูป
T-204275,2025-08-05,ชาเขียว
T-204275,2025-08-05,ถุงพลาสติก
T-204275,2025-08-05,น้ำดื่ม
T-204276,2025-08-22,ขนมปัง
T-204276,2025-08-22,ชาเขียว
T-204276,2025-08-22,ถุงพลาสติก
T-204276,2025-08-22,ไข่ไก่
T-204277,2025-08-11,ถุงพลาสติก
T-204277,2025-08-11,น้ำดื่ม
T-204278,2025-08-29,ถุงพลาสติก
T-204279,2025-08-20,กาแฟสด
T-204279,2025-08-20,บะหมี่กึ่งสำเร็จรูป
T-204279,2025-08-20,ผงซักฟอก
T-204279,2025-08-20,มันฝรั่งทอด
T-204280,2025-07-18,ขนมปัง
T-204280,2025-07-18,ถุงพลาสติก
T-204280,2025-07-18,ผ้าเช็ดทำความสะอาด
T-204280,2025-07-18,เบียร์
T-204281,2025-09-09,กาแฟสด
T-204281,2025-09-09,ถุงพลาสติก
T-204281,2025-09-09,น้ำดื่ม
T-204282,2025-08-02,กาแฟสด
T-204282,2025-08-02,ขนมปัง
T-204282,2025-08-02,บะหมี่กึ่งสำเร็จรูป
T-204282,2025-08-02,แชมพู
T-204282,2025-08-02,ไข่ไก่
T-204283,2025-08-03,ถุงพลาสติก
T-204283,2025-08-03,ไข่ไก่
T-204284,2025-07-10,ชาเขียว
T-204284,2025-07-10,ถุงพลาสติก
T-204284,2025-07-10,น้ำดื่ม
T-204285,2025-08-06,กาแฟสด
T-204285,2025-08-06,ขนมปัง
T-204285,2025-08-06,ผงซักฟอก
T-204285,2025-08-06,เบียร์
T-204286,2025-09-20,ขนมปัง
T-204286,2025-09-20,ชาเขียว
T-204286,2025-09-20,ถุงพลาสติก
T-204286,2025-09-20,บะหมี่กึ่งสำเร็จรูป
T-204287,2025-07-09,กาแฟสด
T-204287,2025-07-09,ถุงพลาสติก
T-204287,2025-07-09,นมสด
T-204287,2025-07-09,ไข่ไก่
T-204288,2025-08-20,ถุงพลาสติก
T-204288,2025-08-20,บะหมี่กึ่งสำเร็จรูป
T-204289,2025-07-14,ถุงพลาสติก
T-204289,2025-07-14,นมสด
T-204289,2025-07-14,น้ำดื่ม
T-204289,2025-07-14,เบียร์
T-204290,2025-07-28,บะหมี่กึ่งสำเร็จรูป
T-204290,2025-07-28,ไข่ไก่
T-204291,2025-07-12,กาแฟสด
T-204291,2025-07-12,ถุงพลาสติก
T-204292,2025-07-20,ถุงพลาสติก
T-204292,2025-07-20,มันฝรั่งทอด
T-204292,2025-07-20,แชมพู
T-204293,2025-08-31,กาแฟสด
T-204293,2025-08-31,ถุงพลาสติก
T-204293,2025-08-31,ผ้าอ้อม
T-204293,2025-08-31,ไข่ไก่
T-204294,2025-09-06,ถุงพลาสติก
T-204295,2025-07-10,กาแฟสด
T-204295,2025-07-10,น้ำดื่ม
T-204295,2025-07-10,เบียร์
T-204295,2025-07-10,ไข่ไก่
T-204296,2025-09-27,ชาเขียว
T-204296,2025-09-27,ถุงพลาสติก
T-204296,2025-09-27,น้ำดื่ม
T-204296,2025-09-27,ไข่ไก่
T-204297,2025-07-01,ขนมปัง
T-204297,2025-07-01,ถุงพลาสติก
T-204297,2025-07-01,นมสด
T-204297,2025-07-01,บะหมี่กึ่งสำเร็จรูป
T-204298,2025-07-21,ขนมปัง
T-204298,2025-07-21,ชาเขียว
T-204298,2025-07-21,ถุงพลาสติก
T-204298,2025-07-21,น้ำดื่ม
T-204298,2025-07-21,มันฝรั่งทอด
T-204299,2025-09-14,ขนมปัง
T-204299,2025-09-14,ถุงพลาสติก
T-204299,2025-09-14,ผงซักฟอก
T-204299,2025-09-14,ผ้าเช็ดทำความสะอาด
T-204300,2025-09-02,ถุงพลาสติก
T-204300,2025-09-02,น้ำดื่ม
T-204300,2025-09-02,เบียร์
T-204301,2025-07-31,กาแฟสด
T-204301,2025-07-31,ขนมปัง
T-204301,2025-07-31,ถุงพลาสติก
T-204301,2025-07-31,มันฝรั่งทอด
T-204301,2025-07-31,ไข่ไก่
T-204302,2025-08-14,ชาเขียว
T-204302,2025-08-14,น้ำดื่ม
T-204302,2025-08-14,ผงซักฟอก
T-204302,2025-08-14,ผ้าเช็ดทำความสะอาด
T-204303,2025-09-10,ถุงพลาสติก
T-204303,2025-09-10,น้ำดื่ม
T-204303,2025-09-10,ผงซักฟอก
T-204304,2025-08-01,ถุงพลาสติก
T-204304,2025-08-01,น้ำดื่ม
T-204304,2025-08-01,แชมพู
T-204305,2025-08-19,กาแฟสด
T-204305,2025-08-19,ขนมปัง
T-204305,2025-08-19,ถุงพลาสติก
T-204305,2025-08-19,บะหมี่กึ่งสำเร็จรูป
T-204306,2025-09-12,บะหมี่กึ่งสำเร็จรูป
T-204306,2025-09-12,ผงซักฟอก
T-204306,2025-09-12,ไข่ไก่
T-204307,2025-07-30,กาแฟสด
T-204307,2025-07-30,นมสด
T-204308,2025-07-26,กาแฟสด
T-204308,2025-07-26,ถุงพลาสติก
T-204308,2025-07-26,นมสด
T-204308,2025-07-26,มันฝรั่งทอด
T-204309,2025-07-25,กาแฟสด
T-204309,2025-07-25,ขนมปัง
T-204309,2025-07-25,แชมพู
T-204309,2025-07-25,ไข่ไก่
T-204310,2025-09-24,ชาเขียว
T-204310,2025-09-24,ถุงพลาสติก
T-204310,2025-09-24,น้ำดื่ม
T-204310,2025-09-24,มันฝรั่งทอด
T-204310,2025-09-24,ไข่ไก่
T-204311,2025-07-13,ขนมปัง
T-204311,2025-07-13,ถุงพลาสติก
T-204312,2025-08-31,ถุงพลาสติก
T-204312,2025-08-31,นมสด
T-204312,2025-08-31,มันฝรั่งทอด
T-204313,2025-07-02,ขนมปัง
T-204313,2025-07-02,ชาเขียว
T-204313,2025-07-02,ถุงพลาสติก
T-204313,2025-07-02,แชมพู
T-204314,2025-09-21,ถุงพลาสติก
T-204314,2025-09-21,ผงซักฟอก
T-204315,2025-09-01,ถุงพลาสติก
T-204315,2025-09-01,น้ำดื่ม
T-204316,2025-08-11,ถุงพลาสติก
T-204317,2025-07-28,ขนมปัง
T-204317,2025-07-28,ถุงพลาสติก
T-204318,2025-08-21,ชาเขียว
T-204318,2025-08-21,มันฝรั่งทอด
T-204318,2025-08-21,แชมพู
T-204318,2025-08-21,ไข่ไก่
T-204319,2025-09-04,กาแฟสด
T-204319,2025-09-04,ถุงพลาสติก
T-204319,2025-09-04,นมสด
T-204319,2025-09-04,ผ้าเช็ดทำความสะอาด
T-204319,2025-09-04,เบียร์
T-204320,2025-08-05,ผงซักฟอก
T-204320,2025-08-05,เบียร์
T-204321,2025-08-06,ขนมปัง
T-204321,2025-08-06,ถุงพลาสติก
T-204321,2025-08-06,นมสด
T-204322,2025-08-31,กาแฟสด
T-204322,2025-08-31,ถุงพลาสติก
T-204322,2025-08-31,น้ำดื่ม
T-204322,2025-08-31,บะหมี่กึ่งสำเร็จรูป
T-204323,2025-09-01,กาแฟสด
T-204323,2025-09-01,ขนมปัง
T-204323,2025-09-01,ถุงพลาสติก
T-204323,2025-09-01,นมสด
T-204323,2025-09-01,ไข่ไก่
T-204324,2025-08-01,กาแฟสด
T-204324,2025-08-01,ถุงพลาสติก
T-204324,2025-08-01,น้ำดื่ม
T-204324,2025-08-01,ผงซักฟอก
T-204325,2025-07-27,ถุงพลาสติก
T-204325,2025-07-27,นมสด
T-204325,2025-07-27,บะหมี่กึ่งสำเร็จรูป
T-204325,2025-07-27,ผงซักฟอก
T-204325,2025-07-27,มันฝรั่งทอด
T-204325,2025-07-27,ไข่ไก่
T-204326,2025-09-19,ชาเขียว
T-204326,2025-09-19,ถุงพลาสติก
T-204326,2025-09-19,น้ำดื่ม
T-204327,2025-07-15,ถุงพลาสติก
T-204327,2025-07-15,น้ำดื่ม
T-204327,2025-07-15,มันฝรั่งทอด
T-204328,2025-08-23,ชาเขียว
T-204328,2025-08-23,ถุงพลาสติก
T-204328,2025-08-23,บะหมี่กึ่งสำเร็จรูป
T-204329,2025-08-02,กาแฟสด
T-204329,2025-08-02,ถุงพลาสติก
T-204329,2025-08-02,บะหมี่กึ่งสำเร็จรูป
T-204329,2025-08-02,ผงซักฟอก
T-204329,2025-08-02,ไข่ไก่
T-204330,2025-07-24,ถุงพลาสติก
T-204330,2025-07-24,ผงซักฟอก
T-204330,2025-07-24,ไข่ไก่
T-204331,2025-07-06,ไข่ไก่
T-204332,2025-09-02,ถุงพลาสติก
T-204332,2025-09-02,ผงซักฟอก
T-204332,2025-09-02,ผ้าอ้อม
T-204332,2025-09-02,ผ้าเช็ดทำความสะอาด
T-204332,2025-09-02,เบียร์
T-204332,2025-09-02,ไข่ไก่
T-204333,2025-07-10,กาแฟสด
T-204333,2025-07-10,ถุงพลาสติก
T-204333,2025-07-10,น้ำดื่ม
T-204333,2025-07-10,ผ้าอ้อม
T-204333,2025-07-10,ผ้าเช็ดทำความสะอาด
T-204334,2025-09-27,ถุงพลาสติก
T-204334,2025-09-27,ผงซักฟอก
T-204335,2025-07-18,กาแฟสด
T-204335,2025-07-18,ถุงพลาสติก
T-204335,2025-07-18,น้ำดื่ม
T-204335,2025-07-18,บะหมี่กึ่งสำเร็จรูป
T-204336,2025-07-07,ชาเขียว
T-204336,2025-07-07,ถุงพลาสติก
T-204336,2025-07-07,มันฝรั่งทอด
T-204337,2025-08-08,กาแฟสด
T-204337,2025-08-08,ถุงพลาสติก
T-204337,2025-08-08,น้ำดื่ม
T-204337,2025-08-08,ไข่ไก่
T-204338,2025-07-14,ขนมปัง
T-204338,2025-07-14,ชาเขียว
T-204338,2025-07-14,ถุงพลาสติก
T-204338,2025-07-14,นมสด
T-204339,2025-07-20,ขนมปัง
T-204339,2025-07-20,ชาเขียว
T-204339,2025-07-20,มันฝรั่งทอด
T-204340,2025-07-11,ชาเขียว
T-204340,2025-07-11,ถุงพลาสติก
T-204340,2025-07-11,น้ำดื่ม
T-204340,2025-07-11,ผงซักฟอก
T-204341,2025-09-19,กาแฟสด
T-204341,2025-09-19,ถุงพลาสติก
T-204341,2025-09-19,ผ้าเช็ดทำความสะอาด
T-204342,2025-08-17,ถุงพลาสติก
T-204342,2025-08-17,มันฝรั่งทอด
T-204343,2025-09-28,ถุงพลาสติก
T-204343,2025-09-28,น้ำดื่ม
T-204344,2025-08-16,ถุงพลาสติก
T-204344,2025-08-16,นมสด
T-204345,2025-08-03,ขนมปัง
T-204345,2025-08-03,ชาเขียว
T-204345,2025-08-03,ถุงพลาสติก
T-204346,2025-07-18,กาแฟสด
T-204346,2025-07-18,ถุงพลาสติก
T-204347,2025-08-13,กาแฟสด
T-204347,2025-08-13,ถุงพลาสติก
T-204347,2025-08-13,บะหมี่กึ่งสำเร็จรูป
T-204347,2025-08-13,แชมพู
T-204348,2025-08-26,ถุงพลาสติก
T-204348,2025-08-26,นมสด
T-204348,2025-08-26,น้ำดื่ม
T-204349,2025-09-03,ขนมปัง
T-204349,2025-09-03,ถุงพลาสติก
T-204349,2025-09-03,น้ำดื่ม
T-204349,2025-09-03,ผงซักฟอก
T-204349,2025-09-03,ผ้าอ้อม
T-204349,2025-09-03,ผ้าเช็ดทำความสะอาด
T-204349,2025-09-03,มันฝรั่งทอด
T-204349,2025-09-03,เบียร์
T-204349,2025-09-03,แชมพู
T-204350,2025-09-16,ผ้าอ้อม
T-204350,2025-09-16,มันฝรั่งทอด
T-204350,2025-09-16,เบียร์
T-204350,2025-09-16,ไข่ไก่
T-204351,2025-09-12,ขนมปัง
T-204351,2025-09-12,ผงซักฟอก
T-204352,2025-09-04,ถุงพลาสติก
T-204352,2025-09-04,เบียร์
T-204353,2025-07-27,กาแฟสด
T-204353,2025-07-27,ขนมปัง
T-204353,2025-07-27,ถุงพลาสติก
T-204353,2025-07-27,ผ้าอ้อม
T-204353,2025-07-27,ผ้าเช็ดทำความสะอาด
T-204353,2025-07-27,มันฝรั่งทอด
T-204353,2025-07-27,เบียร์
T-204353,2025-07-27,แชมพู
T-204354,2025-08-18,กาแฟสด
T-204354,2025-08-18,ไข่ไก่
T-204355,2025-07-31,กาแฟสด
T-204355,2025-07-31,ถุงพลาสติก
T-204355,2025-07-31,นมสด
T-204355,2025-07-31,ไข่ไก่
T-204356,2025-08-17,ขนมปัง
T-204356,2025-08-17,ถุงพลาสติก
T-204357,2025-08-13,ถุงพลาสติก
T-204357,2025-08-13,น้ำดื่ม
T-204358,2025-09-21,ถุงพลาสติก
T-204358,2025-09-21,ไข่ไก่
T-204359,2025-07-13,ชาเขียว
T-204359,2025-07-13,ถุงพลาสติก
T-204359,2025-07-13,นมสด
T-204359,2025-07-13,บะหมี่กึ่งสำเร็จรูป
T-204360,2025-07-26,ถุงพลาสติก
T-204360,2025-07-26,น้ำดื่ม
T-204360,2025-07-26,บะหมี่กึ่งสำเร็จรูป
T-204361,2025-09-26,กาแฟสด
T-204361,2025-09-26,ถุงพลาสติก
T-204361,2025-09-26,ไข่ไก่
T-204362,2025-07-03,ขนมปัง
T-204362,2025-07-03,ถุงพลาสติก
T-204362,2025-07-03,นมสด
T-204362,2025-07-03,ผงซักฟอก
T-204363,2025-08-17,ถุงพลาสติก
T-204363,2025-08-17,น้ำดื่ม
T-204364,2025-09-13,กาแฟสด
T-204364,2025-09-13,ถุงพลาสติก
T-204364,2025-09-13,น้ำดื่ม
T-204365,2025-09-01,กาแฟสด
T-204365,2025-09-01,ถุงพลาสติก
T-204365,2025-09-01,น้ำดื่ม
T-204366,2025-08-02,ชาเขียว
T-204366,2025-08-02,ถุงพลาสติก
T-204366,2025-08-02,เบียร์
T-204367,2025-08-07,น้ำดื่ม
T-204367,2025-08-07,ไข่ไก่
T-204368,2025-07-28,ถุงพลาสติก
T-204368,2025-07-28,เบียร์
T-204369,2025-07-06,ถุงพลาสติก
T-204369,2025-07-06,น้ำดื่ม
T-204369,2025-07-06,ผงซักฟอก
T-204369,2025-07-06,ไข่ไก่
T-204370,2025-07-31,ถุงพลาสติก
T-204370,2025-07-31,แชมพู
T-204371,2025-07-22,กาแฟสด
T-204371,2025-07-22,ถุงพลาสติก
T-204372,2025-07-07,ถุงพลาสติก
T-204372,2025-07-07,บะหมี่กึ่งสำเร็จรูป
T-204373,2025-08-28,ถุงพลาสติก
T-204373,2025-08-28,น้ำดื่ม
T-204374,2025-07-31,ถุงพลาสติก
T-204374,2025-07-31,น้ำดื่ม
T-204374,2025-07-31,มันฝรั่งทอด
T-204375,2025-08-07,กาแฟสด
T-204375,2025-08-07,ถุงพลาสติก
T-204375,2025-08-07,นมสด
T-204376,2025-08-06,ชาเขียว
T-204376,2025-08-06,ถุงพลาสติก
T-204376,2025-08-06,บะหมี่กึ่งสำเร็จรูป
T-204377,2025-08-17,ผ้าอ้อม
T-204377,2025-08-17,ผ้าเช็ดทำความสะอาด
T-204378,2025-07-25,ถุงพลาสติก
T-204378,2025-07-25,น้ำดื่ม
T-204378,2025-07-25,บะหมี่กึ่งสำเร็จรูป
T-204378,2025-07-25,ผ้าอ้อม
T-204378,2025-07-25,ผ้าเช็ดทำความสะอาด
T-204378,2025-07-25,เบียร์
T-204379,2025-09-16,ขนมปัง
T-204379,2025-09-16,ถุงพลาสติก
T-204379,2025-09-16,น้ำดื่ม
T-204380,2025-07-21,กาแฟสด
T-204380,2025-07-21,ขนมปัง
T-204380,2025-07-21,น้ำดื่ม
T-204380,2025-07-21,ไข่ไก่
T-204381,2025-08-31,กาแฟสด
T-204381,2025-08-31,ถุงพลาสติก
T-204381,2025-08-31,นมสด
T-204381,2025-08-31,น้ำดื่ม
T-204381,2025-08-31,เบียร์
T-204382,2025-07-12,ขนมปัง
T-204382,2025-07-12,ถุงพลาสติก
T-204382,2025-07-12,นมสด
T-204382,2025-07-12,ผ้าอ้อม
T-204382,2025-07-12,ผ้าเช็ดทำความสะอาด
T-204382,2025-07-12,มันฝรั่งทอด
T-204382,2025-07-12,ไข่ไก่
T-204383,2025-07-10,ชาเขียว
T-204383,2025-07-10,ถุงพลาสติก
T-204383,2025-07-10,น้ำดื่ม
T-204384,2025-08-27,ถุงพลาสติก
T-204384,2025-08-27,ไข่ไก่
T-204385,2025-09-12,กาแฟสด
T-204385,2025-09-12,ถุงพลาสติก
T-204386,2025-07-07,ถุงพลาสติก
T-204386,2025-07-07,มันฝรั่งทอด
T-204387,2025-09-09,นมสด
T-204387,2025-09-09,ผ้าอ้อม
T-204388,2025-07-08,ถุงพลาสติก
T-204388,2025-07-08,นมสด
T-204388,2025-07-08,ผงซักฟอก
T-204388,2025-07-08,ไข่ไก่
T-204389,2025-07-15,ชาเขียว
T-204389,2025-07-15,ถุงพลาสติก
T-204389,2025-07-15,ผ้าอ้อม
T-204389,2025-07-15,แชมพู
T-204390,2025-07-08,กาแฟสด
T-204390,2025-07-08,ถุงพลาสติก
T-204390,2025-07-08,น้ำดื่ม
T-204390,2025-07-08,ผ้าเช็ดทำความสะอาด
T-204390,2025-07-08,มันฝรั่งทอด
T-204390,2025-07-08,เบียร์
T-204390,2025-07-08,ไข่ไก่
T-204391,2025-09-19,ขนมปัง
T-204392,2025-09-19,กาแฟสด
T-204392,2025-09-19,แชมพู
T-204393,2025-07-29,ขนมปัง
T-204393,2025-07-29,ชาเขียว
T-204393,2025-07-29,น้ำดื่ม
T-204393,2025-07-29,บะหมี่กึ่งสำเร็จรูป
T-204393,2025-07-29,ผ้าเช็ดทำความสะอาด
T-204393,2025-07-29,มันฝรั่งทอด
T-204393,2025-07-29,แชมพู
T-204393,2025-07-29,ไข่ไก่
T-204394,2025-08-19,ถุงพลาสติก
T-204394,2025-08-19,แชมพู
T-204395,2025-09-16,ขนมปัง
T-204395,2025-09-16,ถุงพลาสติก
T-204395,2025-09-16,น้ำดื่ม
T-204396,2025-07-17,ถุงพลาสติก
T-204396,2025-07-17,เบียร์
T-204397,2025-08-23,ถุงพลาสติก
T-204397,2025-08-23,น้ำดื่ม
T-204397,2025-08-23,บะหมี่กึ่งสำเร็จรูป
T-204397,2025-08-23,มันฝรั่งทอด
T-204397,2025-08-23,เบียร์
T-204398,2025-07-12,กาแฟสด
T-204398,2025-07-12,ถุงพลาสติก
T-204399,2025-08-11,ถุงพลาสติก
T-204400,2025-09-22,ขนมปัง
T-204400,2025-09-22,ชาเขียว
T-204400,2025-09-22,ถุงพลาสติก
T-204401,2025-08-25,ขนมปัง
T-204401,2025-08-25,ถุงพลาสติก
T-204401,2025-08-25,นมสด
T-204401,2025-08-25,ผงซักฟอก
T-204402,2025-09-25,กาแฟสด
T-204402,2025-09-25,ขนมปัง
T-204402,2025-09-25,น้ำดื่ม
T-204403,2025-08-28,ถุงพลาสติก
T-204403,2025-08-28,บะหมี่กึ่งสำเร็จรูป
T-204403,2025-08-28,เบียร์
T-204404,2025-07-24,ถุงพลาสติก
T-204404,2025-07-24,บะหมี่กึ่งสำเร็จรูป
T-204404,2025-07-24,ผ้าอ้อม
T-204404,2025-07-24,ผ้าเช็ดทำความสะอาด
T-204404,2025-07-24,เบียร์
T-204404,2025-07-24,ไข่ไก่
T-204405,2025-07-31,ขนมปัง
T-204405,2025-07-31,ถุงพลาสติก
T-204405,2025-07-31,เบียร์
T-204406,2025-07-08,น้ำดื่ม
T-204407,2025-07-16,ถุงพลาสติก
T-204407,2025-07-16,น้ำดื่ม
T-204407,2025-07-16,บะหมี่กึ่งสำเร็จรูป
T-204408,2025-08-30,ชาเขียว
T-204408,2025-08-30,ถุงพลาสติก
T-204408,2025-08-30,น้ำดื่ม
T-204408,2025-08-30,แชมพู
T-204409,2025-07-28,ถุงพลาสติก
T-204410,2025-07-27,ผงซักฟอก
T-204410,2025-07-27,เบียร์
T-204411,2025-08-16,ถุงพลาสติก
T-204411,2025-08-16,นมสด
T-204411,2025-08-16,น้ำดื่ม
T-204411,2025-08-16,บะหมี่กึ่งสำเร็จรูป
T-204411,2025-08-16,เบียร์
T-204412,2025-08-23,ถุงพลาสติก
T-204412,2025-08-23,บะหมี่กึ่งสำเร็จรูป
T-204413,2025-09-08,ถุงพลาสติก
T-204414,2025-07-03,กาแฟสด
T-204414,2025-07-03,ถุงพลาสติก
T-204414,2025-07-03,เบียร์
T-204414,2025-07-03,แชมพู
T-204415,2025-07-27,กาแฟสด
T-204415,2025-07-27,ขนมปัง
T-204415,2025-07-27,ผงซักฟอก
T-204415,2025-07-27,ผ้าอ้อม
T-204416,2025-08-25,ขนมปัง
T-204416,2025-08-25,ผงซักฟอก
T-204416,2025-08-25,ผ้าอ้อม
T-204416,2025-08-25,มันฝรั่งทอด
T-204416,2025-08-25,เบียร์
T-204417,2025-09-23,ถุงพลาสติก
T-204417,2025-09-23,ผ้าอ้อม
T-204417,2025-09-23,มันฝรั่งทอด
T-204418,2025-07-16,เบียร์
T-204419,2025-09-09,ถุงพลาสติก
T-204419,2025-09-09,บะหมี่กึ่งสำเร็จรูป
T-204420,2025-09-13,กาแฟสด
T-204420,2025-09-13,ถุงพลาสติก
T-204420,2025-09-13,เบียร์
T-204421,2025-08-18,ขนมปัง
T-204421,2025-08-18,ถุงพลาสติก
T-204421,2025-08-18,ผ้าอ้อม
T-204421,2025-08-18,ผ้าเช็ดทำความสะอาด
T-204422,2025-08-21,เบียร์
T-204423,2025-08-27,ขนมปัง
T-204423,2025-08-27,น้ำดื่ม
T-204424,2025-07-30,ถุงพลาสติก
T-204424,2025-07-30,น้ำดื่ม
T-204424,2025-07-30,บะหมี่กึ่งสำเร็จรูป
T-204425,2025-07-17,กาแฟสด
T-204425,2025-07-17,ขนมปัง
T-204425,2025-07-17,ถุงพลาสติก
T-204425,2025-07-17,น้ำดื่ม
T-204425,2025-07-17,เบียร์
T-204426,2025-08-19,ขนมปัง
T-204426,2025-08-19,ถุงพลาสติก
T-204426,2025-08-19,เบียร์
T-204426,2025-08-19,ไข่ไก่
T-204427,2025-09-18,ขนมปัง
T-204427,2025-09-18,ถุงพลาสติก
T-204427,2025-09-18,นมสด
T-204427,2025-09-18,มันฝรั่งทอด
T-204427,2025-09-18,เบียร์
T-204427,2025-09-18,ไข่ไก่
T-204428,2025-07-25,ขนมปัง
T-204428,2025-07-25,ถุงพลาสติก
T-204428,2025-07-25,มันฝรั่งทอด
T-204429,2025-07-05,ถุงพลาสติก
T-204430,2025-09-26,ถุงพลาสติก
T-204430,2025-09-26,น้ำดื่ม
T-204430,2025-09-26,ผงซักฟอก
T-204430,2025-09-26,มันฝรั่งทอด
T-204430,2025-09-26,เบียร์
T-204431,2025-08-02,ถุงพลาสติก
T-204431,2025-08-02,บะหมี่กึ่งสำเร็จรูป
T-204432,2025-07-02,กาแฟสด
T-204432,2025-07-02,ถุงพลาสติก
T-204433,2025-09-21,ถุงพลาสติก
T-204433,2025-09-21,นมสด
T-204433,2025-09-21,น้ำดื่ม
T-204433,2025-09-21,ไข่ไก่
T-204434,2025-09-24,ถุงพลาสติก
T-204434,2025-09-24,เบียร์
T-204434,2025-09-24,แชมพู
T-204435,2025-08-07,กาแฟสด
T-204435,2025-08-07,น้ำดื่ม
T-204435,2025-08-07,เบียร์
T-204435,2025-08-07,แชมพู
T-204435,2025-08-07,ไข่ไก่
T-204436,2025-07-31,บะหมี่กึ่งสำเร็จรูป
T-204437,2025-09-25,กาแฟสด
T-204437,2025-09-25,ขนมปัง
T-204437,2025-09-25,ถุงพลาสติก
T-204437,2025-09-25,นมสด
T-204437,2025-09-25,น้ำดื่ม
T-204437,2025-09-25,ผ้าอ้อม
T-204437,2025-09-25,ผ้าเช็ดทำความสะอาด
T-204438,2025-09-20,กาแฟสด
T-204438,2025-09-20,ถุงพลาสติก
T-204438,2025-09-20,ผ้าอ้อม
T-204438,2025-09-20,ไข่ไก่
T-204439,2025-08-19,ขนมปัง
T-204439,2025-08-19,นมสด
T-204439,2025-08-19,น้ำดื่ม
T-204439,2025-08-19,ไข่ไก่
T-204440,2025-07-05,ชาเขียว
T-204440,2025-07-05,ถุงพลาสติก
T-204440,2025-07-05,เบียร์
T-204441,2025-09-02,ถุงพลาสติก
T-204441,2025-09-02,มันฝรั่งทอด
T-204442,2025-09-03,ถุงพลาสติก
T-204442,2025-09-03,นมสด
T-204442,2025-09-03,มันฝรั่งทอด
T-204442,2025-09-03,ไข่ไก่
T-204443,2025-09-08,ขนมปัง
T-204443,2025-09-08,ถุงพลาสติก
T-204443,2025-09-08,ผงซักฟอก
T-204443,2025-09-08,ผ้าอ้อม
T-204443,2025-09-08,มันฝรั่งทอด
T-204443,2025-09-08,เบียร์
T-204443,2025-09-08,ไข่ไก่
T-204444,2025-08-10,ขนมปัง
T-204444,2025-08-10,ถุงพลาสติก
T-204444,2025-08-10,ผงซักฟอก
T-204445,2025-08-25,ขนมปัง
T-204445,2025-08-25,ถุงพลาสติก
T-204445,2025-08-25,นมสด
T-204445,2025-08-25,เบียร์
T-204445,2025-08-25,แชมพู
T-204446,2025-07-06,ถุงพลาสติก
T-204446,2025-07-06,น้ำดื่ม
T-204446,2025-07-06,บะหมี่กึ่งสำเร็จรูป
T-204447,2025-09-14,ชาเขียว
T-204447,2025-09-14,ถุงพลาสติก
T-204447,2025-09-14,น้ำดื่ม
T-204448,2025-09-24,ขนมปัง
T-204448,2025-09-24,น้ำดื่ม
T-204449,2025-07-02,ถุงพลาสติก
T-204449,2025-07-02,นมสด
T-204449,2025-07-02,บะหมี่กึ่งสำเร็จรูป
T-204449,2025-07-02,ผ้าอ้อม
T-204449,2025-07-02,ผ้าเช็ดทำความสะอาด
T-204449,2025-07-02,เบียร์
T-204450,2025-09-25,ชาเขียว
T-204450,2025-09-25,ถุงพลาสติก
T-204450,2025-09-25,นมสด
T-204450,2025-09-25,บะหมี่กึ่งสำเร็จรูป
T-204450,2025-09-25,ผงซักฟอก
T-204450,2025-09-25,ผ้าอ้อม
T-204450,2025-09-25,ผ้าเช็ดทำความสะอาด
T-204451,2025-08-31,ถุงพลาสติก
T-204451,2025-08-31,บะหมี่กึ่งสำเร็จรูป
T-204451,2025-08-31,ไข่ไก่
T-204452,2025-07-20,ขนมปัง
T-204452,2025-07-20,ถุงพลาสติก
T-204452,2025-07-20,นมสด
T-204452,2025-07-20,เบียร์
T-204452,2025-07-20,ไข่ไก่
T-204453,2025-07-23,ชาเขียว
T-204453,2025-07-23,ถุงพลาสติก
T-204453,2025-07-23,บะหมี่กึ่งสำเร็จรูป
T-204454,2025-09-11,มันฝรั่งทอด
T-204454,2025-09-11,เบียร์
T-204454,2025-09-11,ไข่ไก่
T-204455,2025-08-11,ถุงพลาสติก
T-204456,2025-07-07,นมสด
T-204457,2025-07-08,กาแฟสด
T-204457,2025-07-08,ขนมปัง
T-204457,2025-07-08,ถุงพลาสติก
T-204457,2025-07-08,ผ้าอ้อม
T-204457,2025-07-08,ผ้าเช็ดทำความสะอาด
T-204458,2025-07-23,ถุงพลาสติก
T-204458,2025-07-23,นมสด
T-204458,2025-07-23,บะหมี่กึ่งสำเร็จรูป
T-204459,2025-09-27,ขนมปัง
T-204459,2025-09-27,ถุงพลาสติก
T-204459,2025-09-27,ผงซักฟอก
T-204460,2025-07-07,ชาเขียว
T-204460,2025-07-07,ถุงพลาสติก
T-204460,2025-07-07,มันฝรั่งทอด
T-204461,2025-07-24,ขนมปัง
T-204462,2025-09-24,กาแฟสด
T-204462,2025-09-24,ถุงพลาสติก
T-204462,2025-09-24,นมสด
T-204462,2025-09-24,มันฝรั่งทอด
T-204463,2025-07-08,ขนมปัง
T-204463,2025-07-08,ถุงพลาสติก
T-204463,2025-07-08,นมสด
T-204464,2025-08-08,ถุงพลาสติก
T-204464,2025-08-08,น้ำดื่ม
T-204464,2025-08-08,ผ้าอ้อม
T-204464,2025-08-08,ผ้าเช็ดทำความสะอาด
T-204464,2025-08-08,เบียร์
T-204465,2025-08-19,น้ำดื่ม
T-204465,2025-08-19,ไข่ไก่
T-204466,2025-09-11,กาแฟสด
T-204466,2025-09-11,ขนมปัง
T-204466,2025-09-11,ถุงพลาสติก
T-204466,2025-09-11,น้ำดื่ม
T-204466,2025-09-11,ผ้าเช็ดทำความสะอาด
T-204467,2025-08-27,ถุงพลาสติก
T-204467,2025-08-27,นมสด
T-204467,2025-08-27,น้ำดื่ม
T-204468,2025-09-13,ถุงพลาสติก
T-204468,2025-09-13,นมสด
T-204468,2025-09-13,ไข่ไก่
T-204469,2025-08-21,ขนมปัง
T-204469,2025-08-21,ถุงพลาสติก
T-204470,2025-09-03,นมสด
T-204471,2025-09-26,ถุงพลาสติก
T-204471,2025-09-26,นมสด
T-204471,2025-09-26,น้ำดื่ม
T-204471,2025-09-26,ผ้าเช็ดทำความสะอาด
T-204471,2025-09-26,ไข่ไก่
T-204472,2025-07-29,กาแฟสด
T-204472,2025-07-29,ถุงพลาสติก
T-204472,2025-07-29,แชมพู
T-204472,2025-07-29,ไข่ไก่
T-204473,2025-08-10,ถุงพลาสติก
T-204473,2025-08-10,นมสด
T-204473,2025-08-10,น้ำดื่ม
T-204473,2025-08-10,ผงซักฟอก
T-204473,2025-08-10,มันฝรั่งทอด
T-204474,2025-07-01,ถุงพลาสติก
T-204474,2025-07-01,น้ำดื่ม
T-204474,2025-07-01,บะหมี่กึ่งสำเร็จรูป
T-204474,2025-07-01,ผ้าอ้อม
T-204474,2025-07-01,ผ้าเช็ดทำความสะอาด
T-204474,2025-07-01,ไข่ไก่
T-204475,2025-09-13,ถุงพลาสติก
T-204475,2025-09-13,นมสด
T-204475,2025-09-13,ผงซักฟอก
T-204475,2025-09-13,มันฝรั่งทอด
T-204476,2025-08-15,ถุงพลาสติก
T-204476,2025-08-15,นมสด
T-204476,2025-08-15,บะหมี่กึ่งสำเร็จรูป
T-204476,2025-08-15,มันฝรั่งทอด
T-204476,2025-08-15,เบียร์
T-204477,2025-09-03,ขนมปัง
T-204477,2025-09-03,ถุงพลาสติก
T-204477,2025-09-03,น้ำดื่ม
T-204477,2025-09-03,มันฝรั่งทอด
T-204478,2025-08-21,ถุงพลาสติก
T-204478,2025-08-21,น้ำดื่ม
T-204478,2025-08-21,แชมพู
T-204479,2025-07-14,ขนมปัง
T-204479,2025-07-14,ถุงพลาสติก
T-204479,2025-07-14,ไข่ไก่
T-204480,2025-08-06,ถุงพลาสติก
T-204480,2025-08-06,น้ำดื่ม
T-204480,2025-08-06,ผงซักฟอก
T-204481,2025-09-15,ชาเขียว
T-204481,2025-09-15,ถุงพลาสติก
T-204481,2025-09-15,น้ำดื่ม
T-204481,2025-09-15,ผงซักฟอก
T-204481,2025-09-15,เบียร์
T-204482,2025-09-26,ขนมปัง
T-204482,2025-09-26,ถุงพลาสติก
T-204482,2025-09-26,เบียร์
T-204482,2025-09-26,ไข่ไก่
T-204483,2025-08-14,ผงซักฟอก
T-204483,2025-08-14,เบียร์
T-204484,2025-07-22,บะหมี่กึ่งสำเร็จรูป
T-204484,2025-07-22,ไข่ไก่
T-204485,2025-07-22,ถุงพลาสติก
T-204485,2025-07-22,น้ำดื่ม
T-204485,2025-07-22,ไข่ไก่
T-204486,2025-08-14,ผงซักฟอก
T-204486,2025-08-14,เบียร์
T-204486,2025-08-14,แชมพู
T-204487,2025-08-28,ถุงพลาสติก
T-204487,2025-08-28,บะหมี่กึ่งสำเร็จรูป
T-204487,2025-08-28,ผ้าอ้อม
T-204487,2025-08-28,ผ้าเช็ดทำความสะอาด
T-204488,2025-07-25,ผงซักฟอก
T-204488,2025-07-25,เบียร์
T-204489,2025-07-04,ถุงพลาสติก
T-204489,2025-07-04,ผงซักฟอก
T-204489,2025-07-04,เบียร์
T-204490,2025-09-16,ถุงพลาสติก
T-204490,2025-09-16,ไข่ไก่
T-204491,2025-08-26,กาแฟสด
T-204491,2025-08-26,ถุงพลาสติก
T-204491,2025-08-26,น้ำดื่ม
T-204491,2025-08-26,บะหมี่กึ่งสำเร็จรูป
T-204491,2025-08-26,ผ้าอ้อม
T-204492,2025-07-20,กาแฟสด
T-204492,2025-07-20,ขนมปัง
T-204492,2025-07-20,ถุงพลาสติก
T-204492,2025-07-20,บะหมี่กึ่งสำเร็จรูป
T-204492,2025-07-20,มันฝรั่งทอด
T-204492,2025-07-20,เบียร์
T-204493,2025-07-16,กาแฟสด
T-204493,2025-07-16,ถุงพลาสติก
T-204493,2025-07-16,ผ้าอ้อม
T-204494,2025-07-27,ถุงพลาสติก
T-204494,2025-07-27,น้ำดื่ม
T-204494,2025-07-27,ผงซักฟอก
T-204494,2025-07-27,ผ้าเช็ดทำความสะอาด
T-204494,2025-07-27,ไข่ไก่
T-204495,2025-09-25,ถุงพลาสติก
T-204495,2025-09-25,น้ำดื่ม
T-204495,2025-09-25,แชมพู
T-204496,2025-08-25,ขนมปัง
T-204496,2025-08-25,ถุงพลาสติก
T-204496,2025-08-25,บะหมี่กึ่งสำเร็จรูป
T-204496,2025-08-25,ผงซักฟอก
T-204497,2025-08-03,ถุงพลาสติก
T-204497,2025-08-03,บะหมี่กึ่งสำเร็จรูป
T-204498,2025-07-24,ถุงพลาสติก
T-204498,2025-07-24,น้ำดื่ม
T-204498,2025-07-24,บะหมี่กึ่งสำเร็จรูป
T-204498,2025-07-24,ผ้าเช็ดทำความสะอาด
T-204498,2025-07-24,เบียร์
T-204499,2025-08-25,น้ำดื่ม
T-204499,2025-08-25,ผงซักฟอก
T-204499,2025-08-25,เบียร์
T-204500,2025-08-19,กาแฟสด
T-204500,2025-08-19,ถุงพลาสติก
T-204500,2025-08-19,นมสด
T-204500,2025-08-19,ไข่ไก่
T-204501,2025-09-26,กาแฟสด
T-204501,2025-09-26,ถุงพลาสติก
T-204501,2025-09-26,บะหมี่กึ่งสำเร็จรูป
T-204501,2025-09-26,ผ้าอ้อม
T-204501,2025-09-26,ผ้าเช็ดทำความสะอาด
T-204501,2025-09-26,ไข่ไก่
T-204502,2025-09-18,ชาเขียว
T-204502,2025-09-18,ถุงพลาสติก
T-204502,2025-09-18,น้ำดื่ม
T-204503,2025-07-25,ถุงพลาสติก
T-204503,2025-07-25,นมสด
T-204503,2025-07-25,ผ้าเช็ดทำความสะอาด
T-204503,2025-07-25,ไข่ไก่
T-204504,2025-08-14,กาแฟสด
T-204504,2025-08-14,น้ำดื่ม
T-204504,2025-08-14,บะหมี่กึ่งสำเร็จรูป
T-204504,2025-08-14,ผงซักฟอก
T-204504,2025-08-14,ไข่ไก่
T-204505,2025-08-26,กาแฟสด
T-204505,2025-08-26,ถุงพลาสติก
T-204505,2025-08-26,น้ำดื่ม
T-204505,2025-08-26,มันฝรั่งทอด
T-204505,2025-08-26,ไข่ไก่
T-204506,2025-09-04,กาแฟสด
T-204506,2025-09-04,ถุงพลาสติก
T-204506,2025-09-04,น้ำดื่ม
T-204507,2025-09-19,ขนมปัง
T-204507,2025-09-19,ถุงพลาสติก
T-204507,2025-09-19,น้ำดื่ม
T-204508,2025-08-06,ชาเขียว
T-204508,2025-08-06,ถุงพลาสติก
T-204508,2025-08-06,นมสด
T-204508,2025-08-06,แชมพู
T-204509,2025-09-20,ขนมปัง
T-204509,2025-09-20,น้ำดื่ม
T-204509,2025-09-20,บะหมี่กึ่งสำเร็จรูป
T-204509,2025-09-20,เบียร์
T-204509,2025-09-20,ไข่ไก่
T-204510,2025-07-16,ชาเขียว
T-204510,2025-07-16,เบียร์
T-204511,2025-09-28,ชาเขียว
T-204512,2025-09-06,ขนมปัง
T-204512,2025-09-06,ถุงพลาสติก
T-204512,2025-09-06,น้ำดื่ม
T-204512,2025-09-06,ผ้าเช็ดทำความสะอาด
T-204512,2025-09-06,เบียร์
T-204513,2025-09-22,ถุงพลาสติก
T-204513,2025-09-22,มันฝรั่งทอด
T-204514,2025-08-12,ถุงพลาสติก
T-204514,2025-08-12,เบียร์
T-204514,2025-08-12,ไข่ไก่
T-204515,2025-09-11,กาแฟสด
T-204515,2025-09-11,ถุงพลาสติก
T-204515,2025-09-11,นมสด
T-204515,2025-09-11,น้ำดื่ม
T-204515,2025-09-11,มันฝรั่งทอด
T-204516,2025-09-16,ชาเขียว
T-204516,2025-09-16,ถุงพลาสติก
T-204516,2025-09-16,นมสด
T-204516,2025-09-16,เบียร์
T-204517,2025-08-06,กาแฟสด
T-204517,2025-08-06,ขนมปัง
T-204517,2025-08-06,ถุงพลาสติก
T-204517,2025-08-06,บะหมี่กึ่งสำเร็จรูป
T-204518,2025-07-19,ถุงพลาสติก
T-204518,2025-07-19,มันฝรั่งทอด
T-204519,2025-09-02,ถุงพลาสติก
T-204519,2025-09-02,น้ำดื่ม
T-204519,2025-09-02,ผงซักฟอก
T-204519,2025-09-02,มันฝรั่งทอด
T-204520,2025-09-21,ชาเขียว
T-204520,2025-09-21,ถุงพลาสติก
T-204520,2025-09-21,ผงซักฟอก
T-204521,2025-09-22,ถุงพลาสติก
T-204521,2025-09-22,น้ำดื่ม
T-204521,2025-09-22,บะหมี่กึ่งสำเร็จรูป
T-204522,2025-09-21,ถุงพลาสติก
T-204522,2025-09-21,นมสด
T-204523,2025-08-10,ขนมปัง
T-204523,2025-08-10,ชาเขียว
T-204523,2025-08-10,ถุงพลาสติก
T-204523,2025-08-10,นมสด
T-204523,2025-08-10,น้ำดื่ม
T-204523,2025-08-10,ผงซักฟอก
T-204523,2025-08-10,มันฝรั่งทอด
T-204523,2025-08-10,แชมพู
T-204524,2025-09-05,กาแฟสด
T-204524,2025-09-05,ถุงพลาสติก
T-204524,2025-09-05,น้ำดื่ม
T-204524,2025-09-05,แชมพู
T-204524,2025-09-05,ไข่ไก่
T-204525,2025-07-02,ถุงพลาสติก
T-204525,2025-07-02,นมสด
T-204525,2025-07-02,น้ำดื่ม
T-204526,2025-07-29,กาแฟสด
T-204526,2025-07-29,ขนมปัง
T-204526,2025-07-29,ถุงพลาสติก
T-204526,2025-07-29,นมสด
T-204526,2025-07-29,น้ำดื่ม
T-204527,2025-07-28,กาแฟสด
T-204527,2025-07-28,ถุงพลาสติก
T-204527,2025-07-28,น้ำดื่ม
T-204527,2025-07-28,เบียร์
T-204527,2025-07-28,แชมพู
T-204527,2025-07-28,ไข่ไก่
T-204528,2025-07-10,ชาเขียว
T-204528,2025-07-10,ถุงพลาสติก
T-204529,2025-09-18,ขนมปัง
T-204529,2025-09-18,ถุงพลาสติก
T-204529,2025-09-18,นมสด
T-204529,2025-09-18,บะหมี่กึ่งสำเร็จรูป
T-204529,2025-09-18,มันฝรั่งทอด
T-204530,2025-07-17,ถุงพลาสติก
T-204530,2025-07-17,นมสด
T-204530,2025-07-17,น้ำดื่ม
T-204531,2025-09-03,กาแฟสด
T-204531,2025-09-03,ถุงพลาสติก
T-204531,2025-09-03,บะหมี่กึ่งสำเร็จรูป
T-204531,2025-09-03,ผงซักฟอก
T-204532,2025-08-31,ถุงพลาสติก
T-204532,2025-08-31,น้ำดื่ม
T-204532,2025-08-31,เบียร์
T-204532,2025-08-31,แชมพู
T-204532,2025-08-31,ไข่ไก่
T-204533,2025-07-02,บะหมี่กึ่งสำเร็จรูป
T-204533,2025-07-02,ผงซักฟอก
T-204533,2025-07-02,มันฝรั่งทอด
T-204534,2025-07-26,ถุงพลาสติก
T-204534,2025-07-26,น้ำดื่ม
T-204534,2025-07-26,ผงซักฟอก
T-204535,2025-08-29,กาแฟสด
T-204535,2025-08-29,ถุงพลาสติก
T-204535,2025-08-29,น้ำดื่ม
T-204535,2025-08-29,บะหมี่กึ่งสำเร็จรูป
T-204536,2025-08-02,กาแฟสด
T-204536,2025-08-02,ถุงพลาสติก
T-204537,2025-07-26,ถุงพลาสติก
T-204537,2025-07-26,ผ้าเช็ดทำความสะอาด
T-204538,2025-09-19,ถุงพลาสติก
T-204538,2025-09-19,นมสด
T-204538,2025-09-19,ผ้าเช็ดทำความสะอาด
T-204538,2025-09-19,ไข่ไก่
T-204539,2025-08-16,ถุงพลาสติก
T-204539,2025-08-16,น้ำดื่ม
T-204539,2025-08-16,ผงซักฟอก
T-204539,2025-08-16,มันฝรั่งทอด
T-204540,2025-08-19,ขนมปัง
T-204540,2025-08-19,ถุงพลาสติก
T-204540,2025-08-19,น้ำดื่ม
T-204540,2025-08-19,เบียร์
T-204541,2025-08-18,กาแฟสด
T-204542,2025-09-16,ถุงพลาสติก
T-204542,2025-09-16,เบียร์
T-204543,2025-09-05,ชาเขียว
T-204543,2025-09-05,ถุงพลาสติก
T-204543,2025-09-05,น้ำดื่ม
T-204543,2025-09-05,ผงซักฟอก
T-204543,2025-09-05,เบียร์
T-204543,2025-09-05,แชมพู
T-204544,2025-08-23,แชมพู
T-204545,2025-07-24,กาแฟสด
T-204545,2025-07-24,ขนมปัง
T-204545,2025-07-24,ถุงพลาสติก
T-204545,2025-07-24,แชมพู
T-204546,2025-08-16,ถุงพลาสติก
T-204546,2025-08-16,นมสด
T-204546,2025-08-16,ผงซักฟอก
T-204547,2025-07-04,ถุงพลาสติก
T-204547,2025-07-04,ผ้าอ้อม
T-204547,2025-07-04,ผ้าเช็ดทำความสะอาด
T-204548,2025-09-14,ถุงพลาสติก
T-204548,2025-09-14,นมสด
T-204548,2025-09-14,บะหมี่กึ่งสำเร็จรูป
T-204548,2025-09-14,ผ้าเช็ดทำความสะอาด
T-204549,2025-07-26,ถุงพลาสติก
T-204549,2025-07-26,น้ำดื่ม
T-204549,2025-07-26,บะหมี่กึ่งสำเร็จรูป
T-204550,2025-08-11,กาแฟสด
T-204550,2025-08-11,ถุงพลาสติก
T-204550,2025-08-11,น้ำดื่ม
T-204550,2025-08-11,บะหมี่กึ่งสำเร็จรูป
T-204550,2025-08-11,เบียร์
T-204551,2025-08-13,ชาเขียว
T-204551,2025-08-13,ถุงพลาสติก
T-204551,2025-08-13,ผ้าอ้อม
T-204552,2025-08-26,ถุงพลาสติก
T-204552,2025-08-26,บะหมี่กึ่งสำเร็จรูป
T-204552,2025-08-26,ไข่ไก่
T-204553,2025-07-19,น้ำดื่ม
T-204553,2025-07-19,ผ้าอ้อม
T-204553,2025-07-19,ผ้าเช็ดทำความสะอาด
T-204553,2025-07-19,มันฝรั่งทอด
T-204553,2025-07-19,เบียร์
T-204553,2025-07-19,ไข่ไก่
T-204554,2025-08-12,ถุงพลาสติก
T-204554,2025-08-12,น้ำดื่ม
T-204554,2025-08-12,ผงซักฟอก
T-204554,2025-08-12,เบียร์
T-204554,2025-08-12,ไข่ไก่
T-204555,2025-07-17,กาแฟสด
T-204555,2025-07-17,ขนมปัง
T-204555,2025-07-17,ถุงพลาสติก
T-204555,2025-07-17,เบียร์
T-204556,2025-07-31,ถุงพลาสติก
T-204556,2025-07-31,น้ำดื่ม
T-204556,2025-07-31,ไข่ไก่
T-204557,2025-07-10,ถุงพลาสติก
T-204557,2025-07-10,มันฝรั่งทอด
T-204557,2025-07-10,ไข่ไก่
T-204558,2025-08-16,ขนมปัง
T-204558,2025-08-16,ถุงพลาสติก
T-204558,2025-08-16,นมสด
T-204558,2025-08-16,เบียร์
T-204558,2025-08-16,แชมพู
T-204558,2025-08-16,ไข่ไก่
T-204559,2025-07-11,ขนมปัง
T-204559,2025-07-11,ถุงพลาสติก
T-204559,2025-07-11,นมสด
T-204559,2025-07-11,เบียร์
T-204560,2025-08-29,ถุงพลาสติก
T-204560,2025-08-29,นมสด
T-204560,2025-08-29,น้ำดื่ม
T-204561,2025-09-19,กาแฟสด
T-204561,2025-09-19,ถุงพลาสติก
T-204561,2025-09-19,บะหมี่กึ่งสำเร็จรูป
T-204561,2025-09-19,ไข่ไก่
T-204562,2025-07-16,ถุงพลาสติก
T-204562,2025-07-16,น้ำดื่ม
T-204562,2025-07-16,ผงซักฟอก
T-204563,2025-07-04,ถุงพลาสติก
T-204563,2025-07-04,นมสด
T-204563,2025-07-04,น้ำดื่ม
T-204563,2025-07-04,ผงซักฟอก
T-204564,2025-09-11,ชาเขียว
T-204564,2025-09-11,ไข่ไก่
T-204565,2025-08-30,ชาเขียว
T-204565,2025-08-30,ถุงพลาสติก
T-204565,2025-08-30,นมสด
T-204565,2025-08-30,มันฝรั่งทอด
T-204565,2025-08-30,แชมพู
T-204566,2025-08-07,ชาเขียว
T-204566,2025-08-07,ถุงพลาสติก
T-204566,2025-08-07,นมสด
T-204566,2025-08-07,น้ำดื่ม
T-204566,2025-08-07,มันฝรั่งทอด
T-204566,2025-08-07,แชมพู
T-204567,2025-08-17,ขนมปัง
T-204567,2025-08-17,ถุงพลาสติก
T-204567,2025-08-17,นมสด
T-204568,2025-07-23,ถุงพลาสติก
T-204568,2025-07-23,น้ำดื่ม
T-204568,2025-07-23,ผงซักฟอก
T-204568,2025-07-23,มันฝรั่งทอด
T-204568,2025-07-23,เบียร์
T-204569,2025-07-19,ขนมปัง
T-204569,2025-07-19,ถุงพลาสติก
T-204569,2025-07-19,ผงซักฟอก
T-204570,2025-09-15,น้ำดื่ม
T-204570,2025-09-15,เบียร์
T-204571,2025-09-28,ถุงพลาสติก
T-204571,2025-09-28,น้ำดื่ม
T-204571,2025-09-28,เบียร์
T-204572,2025-08-28,นมสด
T-204573,2025-09-19,ชาเขียว
T-204573,2025-09-19,ถุงพลาสติก
T-204573,2025-09-19,ไข่ไก่
T-204574,2025-07-05,ขนมปัง
T-204574,2025-07-05,ถุงพลาสติก
T-204574,2025-07-05,ผงซักฟอก
T-204574,2025-07-05,ไข่ไก่
T-204575,2025-09-07,ถุงพลาสติก
T-204575,2025-09-07,น้ำดื่ม
T-204575,2025-09-07,ไข่ไก่
T-204576,2025-08-14,ขนมปัง
T-204576,2025-08-14,ชาเขียว
T-204576,2025-08-14,ถุงพลาสติก
T-204576,2025-08-14,บะหมี่กึ่งสำเร็จรูป
T-204576,2025-08-14,ผ้าอ้อม
T-204576,2025-08-14,ผ้าเช็ดทำความสะอาด
T-204576,2025-08-14,เบียร์
T-204577,2025-09-07,ขนมปัง
T-204577,2025-09-07,ผ้าอ้อม
T-204577,2025-09-07,ผ้าเช็ดทำความสะอาด
T-204577,2025-09-07,เบียร์
T-204578,2025-07-04,ถุงพลาสติก
T-204578,2025-07-04,นมสด
T-204578,2025-07-04,ผ้าเช็ดทำความสะอาด
T-204578,2025-07-04,ไข่ไก่
T-204579,2025-07-13,ขนมปัง
T-204579,2025-07-13,ถุงพลาสติก
T-204579,2025-07-13,นมสด
T-204580,2025-08-03,กาแฟสด
T-204580,2025-08-03,ถุงพลาสติก
T-204580,2025-08-03,บะหมี่กึ่งสำเร็จรูป
T-204580,2025-08-03,ผงซักฟอก
T-204581,2025-07-05,ถุงพลาสติก
T-204581,2025-07-05,นมสด
T-204582,2025-09-23,ขนมปัง
T-204582,2025-09-23,ชาเขียว
T-204582,2025-09-23,ถุงพลาสติก
T-204582,2025-09-23,นมสด
T-204582,2025-09-23,ไข่ไก่
T-204583,2025-07-23,กาแฟสด
T-204583,2025-07-23,ขนมปัง
T-204583,2025-07-23,ถุงพลาสติก
T-204583,2025-07-23,น้ำดื่ม
T-204583,2025-07-23,ผ้าอ้อม
T-204583,2025-07-23,ผ้าเช็ดทำความสะอาด
T-204583,2025-07-23,มันฝรั่งทอด
T-204583,2025-07-23,เบียร์
T-204584,2025-08-28,ถุงพลาสติก
T-204584,2025-08-28,น้ำดื่ม
T-204584,2025-08-28,บะหมี่กึ่งสำเร็จรูป
T-204584,2025-08-28,ผงซักฟอก
T-204585,2025-07-06,ชาเขียว
T-204585,2025-07-06,ถุงพลาสติก
T-204585,2025-07-06,น้ำดื่ม
T-204586,2025-08-02,ขนมปัง
T-204586,2025-08-02,ชาเขียว
T-204586,2025-08-02,ถุงพลาสติก
T-204586,2025-08-02,น้ำดื่ม
T-204586,2025-08-02,ผ้าเช็ดทำความสะอาด
T-204587,2025-07-16,ถุงพลาสติก
T-204588,2025-08-30,กาแฟสด
T-204588,2025-08-30,ถุงพลาสติก
T-204589,2025-09-18,ขนมปัง
T-204589,2025-09-18,ถุงพลาสติก
T-204589,2025-09-18,ผงซักฟอก
T-204590,2025-08-25,ถุงพลาสติก
T-204591,2025-09-21,ถุงพลาสติก
T-204591,2025-09-21,น้ำดื่ม
T-204591,2025-09-21,บะหมี่กึ่งสำเร็จรูป
T-204591,2025-09-21,แชมพู
T-204592,2025-08-30,ถุงพลาสติก
T-204592,2025-08-30,แชมพู
T-204593,2025-09-18,ถุงพลาสติก
T-204593,2025-09-18,มันฝรั่งทอด
T-204593,2025-09-18,ไข่ไก่
T-204594,2025-09-28,ถุงพลาสติก
T-204594,2025-09-28,บะหมี่กึ่งสำเร็จรูป
T-204594,2025-09-28,เบียร์
T-204594,2025-09-28,ไข่ไก่
T-204595,2025-09-28,ชาเขียว
T-204595,2025-09-28,ถุงพลาสติก
T-204595,2025-09-28,นมสด
T-204595,2025-09-28,น้ำดื่ม
T-204596,2025-07-11,ผ้าเช็ดทำความสะอาด
T-204597,2025-09-06,กาแฟสด
T-204597,2025-09-06,ถุงพลาสติก
T-204597,2025-09-06,นมสด
T-204597,2025-09-06,ผงซักฟอก
T-204597,2025-09-06,มันฝรั่งทอด
T-204597,2025-09-06,แชมพู
T-204598,2025-07-08,ชาเขียว
T-204598,2025-07-08,น้ำดื่ม
T-204598,2025-07-08,ผ้าอ้อม
T-204598,2025-07-08,ผ้าเช็ดทำความสะอาด
T-204598,2025-07-08,มันฝรั่งทอด
T-204598,2025-07-08,เบียร์
T-204599,2025-09-06,กาแฟสด
T-204599,2025-09-06,ขนมปัง
T-204599,2025-09-06,ถุงพลาสติก
T-204599,2025-09-06,นมสด
T-204599,2025-09-06,น้ำดื่ม
T-204600,2025-07-15,กาแฟสด
T-204600,2025-07-15,ขนมปัง
T-204600,2025-07-15,ถุงพลาสติก
T-204600,2025-07-15,นมสด
T-204600,2025-07-15,น้ำดื่ม
T-204600,2025-07-15,แชมพู
T-204601,2025-08-16,กาแฟสด
T-204601,2025-08-16,ถุงพลาสติก
T-204601,2025-08-16,ผ้าอ้อม
T-204601,2025-08-16,ผ้าเช็ดทำความสะอาด
T-204601,2025-08-16,เบียร์
T-204602,2025-07-10,ขนมปัง
T-204602,2025-07-10,ถุงพลาสติก
T-204602,2025-07-10,นมสด
T-204602,2025-07-10,น้ำดื่ม
T-204603,2025-08-04,ถุงพลาสติก
T-204603,2025-08-04,ผงซักฟอก
T-204603,2025-08-04,มันฝรั่งทอด
T-204604,2025-09-25,ถุงพลาสติก
T-204604,2025-09-25,น้ำดื่ม
T-204605,2025-07-07,ชาเขียว
T-204605,2025-07-07,ถุงพลาสติก
T-204605,2025-07-07,นมสด
T-204605,2025-07-07,บะหมี่กึ่งสำเร็จรูป
T-204606,2025-07-13,กาแฟสด
T-204606,2025-07-13,ถุงพลาสติก
T-204606,2025-07-13,ไข่ไก่
T-204607,2025-08-02,ถุงพลาสติก
T-204607,2025-08-02,บะหมี่กึ่งสำเร็จรูป
T-204607,2025-08-02,มันฝรั่งทอด
T-204608,2025-09-27,กาแฟสด
T-204608,2025-09-27,ถุงพลาสติก
T-204608,2025-09-27,มันฝรั่งทอด
T-204608,2025-09-27,ไข่ไก่
T-204609,2025-09-07,กาแฟสด
T-204609,2025-09-07,ถุงพลาสติก
T-204609,2025-09-07,น้ำดื่ม
T-204609,2025-09-07,ผงซักฟอก
T-204610,2025-07-10,ถุงพลาสติก
T-204610,2025-07-10,น้ำดื่ม
T-204610,2025-07-10,ไข่ไก่
T-204611,2025-09-06,ขนมปัง
T-204611,2025-09-06,น้ำดื่ม
T-204611,2025-09-06,ผ้าอ้อม
T-204611,2025-09-06,ผ้าเช็ดทำความสะอาด
T-204611,2025-09-06,เบียร์
T-204612,2025-07-14,ถุงพลาสติก
T-204612,2025-07-14,น้ำดื่ม
T-204612,2025-07-14,ผ้าอ้อม
T-204612,2025-07-14,ผ้าเช็ดทำความสะอาด
T-204613,2025-08-25,ถุงพลาสติก
T-204614,2025-08-18,ขนมปัง
T-204614,2025-08-18,ถุงพลาสติก
T-204614,2025-08-18,น้ำดื่ม
T-204615,2025-09-26,กาแฟสด
T-204615,2025-09-26,ขนมปัง
T-204615,2025-09-26,ถุงพลาสติก
T-204615,2025-09-26,บะหมี่กึ่งสำเร็จรูป
T-204616,2025-08-12,ถุงพลาสติก
T-204616,2025-08-12,นมสด
T-204617,2025-07-17,กาแฟสด
T-204618,2025-09-16,ขนมปัง
T-204618,2025-09-16,ถุงพลาสติก
T-204618,2025-09-16,ไข่ไก่
T-204619,2025-08-07,ถุงพลาสติก
T-204619,2025-08-07,บะหมี่กึ่งสำเร็จรูป
T-204620,2025-07-15,ถุงพลาสติก
T-204620,2025-07-15,น้ำดื่ม
T-204620,2025-07-15,ไข่ไก่
T-204621,2025-09-02,ถุงพลาสติก
T-204621,2025-09-02,ผ้าอ้อม
T-204621,2025-09-02,เบียร์
T-204622,2025-08-21,นมสด
T-204622,2025-08-21,บะหมี่กึ่งสำเร็จรูป
T-204623,2025-07-04,ถุงพลาสติก
T-204624,2025-08-05,ถุงพลาสติก
T-204624,2025-08-05,น้ำดื่ม
T-204624,2025-08-05,บะหมี่กึ่งสำเร็จรูป
T-204624,2025-08-05,ผงซักฟอก
T-204624,2025-08-05,ไข่ไก่
T-204625,2025-08-04,ขนมปัง
T-204625,2025-08-04,ถุงพลาสติก
T-204625,2025-08-04,ผ้าเช็ดทำความสะอาด
T-204625,2025-08-04,ไข่ไก่
T-204626,2025-08-27,กาแฟสด
T-204626,2025-08-27,ถุงพลาสติก
T-204626,2025-08-27,นมสด
T-204627,2025-08-09,กาแฟสด
T-204627,2025-08-09,ถุงพลาสติก
T-204627,2025-08-09,ไข่ไก่
T-204628,2025-07-17,ขนมปัง
T-204628,2025-07-17,ถุงพลาสติก
T-204628,2025-07-17,น้ำดื่ม
T-204628,2025-07-17,มันฝรั่งทอด
T-204628,2025-07-17,ไข่ไก่
T-204629,2025-07-08,ขนมปัง
T-204629,2025-07-08,ถุงพลาสติก
T-204629,2025-07-08,ผ้าอ้อม
T-204629,2025-07-08,ผ้าเช็ดทำความสะอาด
T-204629,2025-07-08,แชมพู
T-204630,2025-09-24,ถุงพลาสติก
T-204630,2025-09-24,น้ำดื่ม
T-204630,2025-09-24,ผงซักฟอก
T-204630,2025-09-24,มันฝรั่งทอด
T-204631,2025-08-18,กาแฟสด
T-204631,2025-08-18,ถุงพลาสติก
T-204631,2025-08-18,น้ำดื่ม
T-204631,2025-08-18,บะหมี่กึ่งสำเร็จรูป
T-204631,2025-08-18,ผงซักฟอก
T-204631,2025-08-18,เบียร์
T-204632,2025-09-20,ชาเขียว
T-204632,2025-09-20,ถุงพลาสติก
T-204632,2025-09-20,นมสด
T-204632,2025-09-20,ผ้าอ้อม
T-204632,2025-09-20,ผ้าเช็ดทำความสะอาด
T-204632,2025-09-20,มันฝรั่งทอด
T-204633,2025-07-20,กาแฟสด
T-204633,2025-07-20,ถุงพลาสติก
T-204633,2025-07-20,นมสด
T-204634,2025-09-14,กาแฟสด
T-204634,2025-09-14,ถุงพลาสติก
T-204634,2025-09-14,น้ำดื่ม
T-204635,2025-07-06,ถุงพลาสติก
T-204635,2025-07-06,นมสด
T-204636,2025-08-20,ถุงพลาสติก
T-204636,2025-08-20,บะหมี่กึ่งสำเร็จรูป
T-204636,2025-08-20,ผงซักฟอก
T-204636,2025-08-20,ไข่ไก่
T-204637,2025-08-15,ถุงพลาสติก
T-204637,2025-08-15,มันฝรั่งทอด
T-204637,2025-08-15,เบียร์
T-204638,2025-09-15,ขนมปัง
T-204638,2025-09-15,ถุงพลาสติก
T-204638,2025-09-15,บะหมี่กึ่งสำเร็จรูป
T-204639,2025-09-24,ถุงพลาสติก
T-204639,2025-09-24,น้ำดื่ม
T-204639,2025-09-24,มันฝรั่งทอด
T-204640,2025-09-21,ถุงพลาสติก
T-204640,2025-09-21,นมสด
T-204640,2025-09-21,น้ำดื่ม
T-204641,2025-09-12,กาแฟสด
T-204641,2025-09-12,ขนมปัง
T-204641,2025-09-12,บะหมี่กึ่งสำเร็จรูป
T-204641,2025-09-12,ผงซักฟอก
T-204642,2025-08-01,ขนมปัง
T-204642,2025-08-01,ชาเขียว
T-204642,2025-08-01,ถุงพลาสติก
T-204643,2025-09-17,ขนมปัง
T-204643,2025-09-17,ถุงพลาสติก
T-204644,2025-07-14,กาแฟสด
T-204644,2025-07-14,ถุงพลาสติก
T-204645,2025-08-08,ขนมปัง
T-204645,2025-08-08,น้ำดื่ม
T-204645,2025-08-08,บะหมี่กึ่งสำเร็จรูป
T-204645,2025-08-08,ผ้าเช็ดทำความสะอาด
T-204646,2025-07-10,ขนมปัง
T-204646,2025-07-10,ถุงพลาสติก
T-204646,2025-07-10,น้ำดื่ม
T-204646,2025-07-10,ผงซักฟอก
T-204647,2025-08-19,ถุงพลาสติก
T-204647,2025-08-19,นมสด
T-204647,2025-08-19,น้ำดื่ม
T-204647,2025-08-19,ผงซักฟอก
T-204647,2025-08-19,ไข่ไก่
T-204648,2025-09-05,ขนมปัง
T-204648,2025-09-05,ถุงพลาสติก
T-204649,2025-09-20,ถุงพลาสติก
T-204650,2025-09-11,กาแฟสด
T-204650,2025-09-11,ถุงพลาสติก
T-204650,2025-09-11,นมสด
T-204650,2025-09-11,น้ำดื่ม
T-204650,2025-09-11,ผ้าอ้อม
T-204650,2025-09-11,ผ้าเช็ดทำความสะอาด
T-204650,2025-09-11,มันฝรั่งทอด
T-204651,2025-09-08,ถุงพลาสติก
T-204651,2025-09-08,บะหมี่กึ่งสำเร็จรูป
T-204651,2025-09-08,เบียร์
T-204652,2025-07-17,ขนมปัง
T-204652,2025-07-17,ถุงพลาสติก
T-204652,2025-07-17,น้ำดื่ม
T-204653,2025-07-30,น้ำดื่ม
T-204653,2025-07-30,ผงซักฟอก
T-204654,2025-07-02,ขนมปัง
T-204654,2025-07-02,ถุงพลาสติก
T-204654,2025-07-02,บะหมี่กึ่งสำเร็จรูป
T-204654,2025-07-02,ผงซักฟอก
T-204654,2025-07-02,แชมพู
T-204655,2025-08-17,ถุงพลาสติก
T-204655,2025-08-17,มันฝรั่งทอด
T-204656,2025-08-04,ถุงพลาสติก
T-204656,2025-08-04,มันฝรั่งทอด
T-204657,2025-08-07,ถุงพลาสติก
T-204657,2025-08-07,น้ำดื่ม
T-204658,2025-08-31,ชาเขียว
T-204658,2025-08-31,ถุงพลาสติก
T-204658,2025-08-31,น้ำดื่ม
T-204658,2025-08-31,มันฝรั่งทอด
T-204659,2025-09-28,ถุงพลาสติก
T-204659,2025-09-28,นมสด
T-204660,2025-09-08,กาแฟสด
T-204660,2025-09-08,ถุงพลาสติก
T-204661,2025-08-15,กาแฟสด
T-204661,2025-08-15,ถุงพลาสติก
T-204661,2025-08-15,แชมพู
T-204662,2025-08-24,ถุงพลาสติก
T-204662,2025-08-24,น้ำดื่ม
T-204662,2025-08-24,ผงซักฟอก
T-204663,2025-09-02,ถุงพลาสติก
T-204663,2025-09-02,นมสด
T-204663,2025-09-02,เบียร์
T-204664,2025-09-02,ขนมปัง
T-204664,2025-09-02,ถุงพลาสติก
T-204664,2025-09-02,เบียร์
T-204665,2025-08-24,ชาเขียว
T-204665,2025-08-24,ถุงพลาสติก
T-204665,2025-08-24,น้ำดื่ม
T-204665,2025-08-24,บะหมี่กึ่งสำเร็จรูป
T-204665,2025-08-24,ผ้าอ้อม
T-204665,2025-08-24,ผ้าเช็ดทำความสะอาด
T-204665,2025-08-24,เบียร์
T-204666,2025-07-13,น้ำดื่ม
T-204666,2025-07-13,เบียร์
T-204666,2025-07-13,ไข่ไก่
T-204667,2025-07-03,กาแฟสด
T-204667,2025-07-03,ถุงพลาสติก
T-204667,2025-07-03,น้ำดื่ม
T-204667,2025-07-03,มันฝรั่งทอด
T-204668,2025-07-03,ถุงพลาสติก
T-204668,2025-07-03,นมสด
T-204668,2025-07-03,ไข่ไก่
T-204669,2025-08-20,กาแฟสด
T-204669,2025-08-20,ถุงพลาสติก
T-204669,2025-08-20,บะหมี่กึ่งสำเร็จรูป
T-204669,2025-08-20,เบียร์
T-204670,2025-07-31,ขนมปัง
T-204670,2025-07-31,ชาเขียว
T-204670,2025-07-31,ถุงพลาสติก
T-204670,2025-07-31,นมสด
T-204670,2025-07-31,มันฝรั่งทอด
T-204671,2025-08-08,ถุงพลาสติก
T-204671,2025-08-08,ผ้าอ้อม
T-204671,2025-08-08,ผ้าเช็ดทำความสะอาด
T-204672,2025-09-21,กาแฟสด
T-204672,2025-09-21,ถุงพลาสติก
T-204672,2025-09-21,นมสด
T-204672,2025-09-21,แชมพู
T-204673,2025-09-05,ขนมปัง
T-204673,2025-09-05,ชาเขียว
T-204673,2025-09-05,ถุงพลาสติก
T-204673,2025-09-05,น้ำดื่ม
T-204673,2025-09-05,บะหมี่กึ่งสำเร็จรูป
T-204674,2025-07-30,ถุงพลาสติก
T-204674,2025-07-30,นมสด
T-204675,2025-08-28,ชาเขียว
T-204675,2025-08-28,ถุงพลาสติก
T-204676,2025-09-08,ถุงพลาสติก
T-204676,2025-09-08,นมสด
T-204676,2025-09-08,ไข่ไก่
T-204677,2025-09-24,ถุงพลาสติก
T-204677,2025-09-24,เบียร์
T-204677,2025-09-24,ไข่ไก่
T-204678,2025-08-25,ถุงพลาสติก
T-204678,2025-08-25,น้ำดื่ม
T-204678,2025-08-25,แชมพู
T-204679,2025-08-27,ขนมปัง
T-204680,2025-07-14,ถุงพลาสติก
T-204680,2025-07-14,น้ำดื่ม
T-204680,2025-07-14,มันฝรั่งทอด
T-204680,2025-07-14,ไข่ไก่
T-204681,2025-09-22,กาแฟสด
T-204682,2025-09-07,ขนมปัง
T-204682,2025-09-07,ถุงพลาสติก
T-204682,2025-09-07,น้ำดื่ม
T-204683,2025-09-08,กาแฟสด
T-204683,2025-09-08,ขนมปัง
T-204683,2025-09-08,ถุงพลาสติก
T-204683,2025-09-08,นมสด
T-204683,2025-09-08,บะหมี่กึ่งสำเร็จรูป
T-204683,2025-09-08,มันฝรั่งทอด
T-204683,2025-09-08,แชมพู
T-204684,2025-08-15,ชาเขียว
T-204684,2025-08-15,ถุงพลาสติก
T-204684,2025-08-15,นมสด
T-204684,2025-08-15,บะหมี่กึ่งสำเร็จรูป
T-204684,2025-08-15,ผ้าเช็ดทำความสะอาด
T-204685,2025-08-06,ชาเขียว
T-204685,2025-08-06,ถุงพลาสติก
T-204685,2025-08-06,นมสด
T-204685,2025-08-06,น้ำดื่ม
T-204686,2025-08-25,ถุงพลาสติก
T-204686,2025-08-25,นมสด
T-204686,2025-08-25,บะหมี่กึ่งสำเร็จรูป
T-204687,2025-08-14,ถุงพลาสติก
T-204687,2025-08-14,มันฝรั่งทอด
T-204687,2025-08-14,แชมพู
T-204688,2025-08-02,ถุงพลาสติก
T-204688,2025-08-02,นมสด
T-204688,2025-08-02,มันฝรั่งทอด
T-204688,2025-08-02,เบียร์
T-204689,2025-07-20,ถุงพลาสติก
T-204689,2025-07-20,บะหมี่กึ่งสำเร็จรูป
T-204690,2025-07-18,ขนมปัง
T-204690,2025-07-18,ถุงพลาสติก
T-204690,2025-07-18,ผ้าอ้อม
T-204690,2025-07-18,ผ้าเช็ดทำความสะอาด
T-204690,2025-07-18,แชมพู
T-204691,2025-08-03,กาแฟสด
T-204691,2025-08-03,บะหมี่กึ่งสำเร็จรูป
T-204691,2025-08-03,เบียร์
T-204691,2025-08-03,ไข่ไก่
T-204692,2025-07-18,กาแฟสด
T-204692,2025-07-18,ถุงพลาสติก
T-204692,2025-07-18,น้ำดื่ม
T-204692,2025-07-18,ไข่ไก่
T-204693,2025-09-21,ขนมปัง
T-204693,2025-09-21,น้ำดื่ม
T-204693,2025-09-21,ผ้าอ้อม
T-204694,2025-08-22,ถุงพลาสติก
T-204695,2025-07-19,กาแฟสด
T-204695,2025-07-19,ถุงพลาสติก
T-204696,2025-07-29,ถุงพลาสติก
T-204697,2025-07-06,ถุงพลาสติก
T-204697,2025-07-06,นมสด
T-204697,2025-07-06,บะหมี่กึ่งสำเร็จรูป
T-204697,2025-07-06,แชมพู
T-204698,2025-09-26,ถุงพลาสติก
T-204698,2025-09-26,นมสด
T-204698,2025-09-26,ผ้าอ้อม
T-204698,2025-09-26,ผ้าเช็ดทำความสะอาด
T-204698,2025-09-26,ไข่ไก่
T-204699,2025-08-07,ถุงพลาสติก
T-204699,2025-08-07,เบียร์
T-204700,2025-07-02,นมสด
T-204701,2025-08-09,ชาเขียว
T-204701,2025-08-09,ถุงพลาสติก
T-204702,2025-07-29,ขนมปัง
T-204702,2025-07-29,ถุงพลาสติก
T-204702,2025-07-29,น้ำดื่ม
T-204703,2025-08-01,ถุงพลาสติก
T-204703,2025-08-01,บะหมี่กึ่งสำเร็จรูป
T-204703,2025-08-01,มันฝรั่งทอด
T-204703,2025-08-01,แชมพู
T-204704,2025-09-23,ถุงพลาสติก
T-204704,2025-09-23,นมสด
T-204704,2025-09-23,ผงซักฟอก
T-204704,2025-09-23,เบียร์
T-204704,2025-09-23,แชมพู
T-204705,2025-07-03,ถุงพลาสติก
T-204705,2025-07-03,น้ำดื่ม
T-204706,2025-09-19,ผ้าเช็ดทำความสะอาด
T-204706,2025-09-19,ไข่ไก่
T-204707,2025-09-28,ชาเขียว
T-204707,2025-09-28,ถุงพลาสติก
T-204707,2025-09-28,ผงซักฟอก
T-204707,2025-09-28,ผ้าเช็ดทำความสะอาด
T-204708,2025-07-12,ถุงพลาสติก
T-204708,2025-07-12,น้ำดื่ม
T-204708,2025-07-12,บะหมี่กึ่งสำเร็จรูป
T-204708,2025-07-12,ผ้าเช็ดทำความสะอาด
T-204709,2025-08-13,ถุงพลาสติก
T-204709,2025-08-13,บะหมี่กึ่งสำเร็จรูป
T-204709,2025-08-13,เบียร์
T-204710,2025-09-08,ชาเขียว
T-204710,2025-09-08,ถุงพลาสติก
T-204710,2025-09-08,มันฝรั่งทอด
T-204711,2025-08-02,ขนมปัง
T-204711,2025-08-02,ชาเขียว
T-204711,2025-08-02,ถุงพลาสติก
T-204711,2025-08-02,แชมพู
T-204712,2025-08-09,ชาเขียว
T-204712,2025-08-09,ถุงพลาสติก
T-204712,2025-08-09,น้ำดื่ม
T-204712,2025-08-09,ผงซักฟอก
T-204712,2025-08-09,แชมพู
T-204712,2025-08-09,ไข่ไก่
T-204713,2025-07-05,กาแฟสด
T-204713,2025-07-05,มันฝรั่งทอด
T-204714,2025-07-27,กาแฟสด
T-204714,2025-07-27,ถุงพลาสติก
T-204714,2025-07-27,บะหมี่กึ่งสำเร็จรูป
T-204715,2025-07-27,ถุงพลาสติก
T-204715,2025-07-27,บะหมี่กึ่งสำเร็จรูป
T-204716,2025-07-30,ถุงพลาสติก
T-204716,2025-07-30,นมสด
T-204717,2025-09-01,กาแฟสด
T-204717,2025-09-01,ขนมปัง
T-204717,2025-09-01,ถุงพลาสติก
T-204717,2025-09-01,บะหมี่กึ่งสำเร็จรูป
T-204717,2025-09-01,เบียร์
T-204717,2025-09-01,ไข่ไก่
T-204718,2025-08-19,ขนมปัง
T-204718,2025-08-19,ถุงพลาสติก
T-204718,2025-08-19,มันฝรั่งทอด
T-204719,2025-08-30,ชาเขียว
T-204719,2025-08-30,ถุงพลาสติก
T-204720,2025-08-17,กาแฟสด
T-204720,2025-08-17,ถุงพลาสติก
T-204720,2025-08-17,นมสด
T-204720,2025-08-17,มันฝรั่งทอด
T-204721,2025-07-22,ชาเขียว
T-204721,2025-07-22,ถุงพลาสติก
T-204722,2025-09-17,ชาเขียว
T-204722,2025-09-17,ถุงพลาสติก
T-204722,2025-09-17,ผงซักฟอก
T-204722,2025-09-17,ผ้าเช็ดทำความสะอาด
T-204722,2025-09-17,เบียร์
T-204722,2025-09-17,ไข่ไก่
T-204723,2025-09-20,ถุงพลาสติก
T-204723,2025-09-20,บะหมี่กึ่งสำเร็จรูป
T-204723,2025-09-20,ผ้าอ้อม
T-204723,2025-09-20,เบียร์
T-204724,2025-07-11,ถุงพลาสติก
T-204724,2025-07-11,น้ำดื่ม
T-204724,2025-07-11,บะหมี่กึ่งสำเร็จรูป
T-204724,2025-07-11,แชมพู
T-204725,2025-08-15,ถุงพลาสติก
T-204725,2025-08-15,บะหมี่กึ่งสำเร็จรูป
T-204725,2025-08-15,ผงซักฟอก
T-204725,2025-08-15,ผ้าอ้อม
T-204725,2025-08-15,ผ้าเช็ดทำความสะอาด
T-204726,2025-07-13,ขนมปัง
T-204726,2025-07-13,ถุงพลาสติก
T-204727,2025-09-25,กาแฟสด
T-204727,2025-09-25,ขนมปัง
T-204727,2025-09-25,ถุงพลาสติก
T-204727,2025-09-25,ผงซักฟอก
T-204728,2025-07-31,กาแฟสด
T-204728,2025-07-31,ถุงพลาสติก
T-204728,2025-07-31,นมสด
T-204729,2025-08-30,ขนมปัง
T-204729,2025-08-30,ถุงพลาสติก
T-204729,2025-08-30,บะหมี่กึ่งสำเร็จรูป
T-204729,2025-08-30,ผงซักฟอก
T-204729,2025-08-30,ไข่ไก่
T-204730,2025-07-01,ถุงพลาสติก
T-204730,2025-07-01,บะหมี่กึ่งสำเร็จรูป
T-204731,2025-07-12,ถุงพลาสติก
T-204731,2025-07-12,แชมพู
T-204732,2025-07-30,กาแฟสด
T-204732,2025-07-30,ถุงพลาสติก
T-204732,2025-07-30,มันฝรั่งทอด
T-204733,2025-08-14,นมสด
T-204733,2025-08-14,ผงซักฟอก
T-204734,2025-09-04,ถุงพลาสติก
T-204734,2025-09-04,นมสด
T-204734,2025-09-04,ผ้าเช็ดทำความสะอาด
T-204734,2025-09-04,ไข่ไก่
T-204735,2025-07-20,ชาเขียว
T-204735,2025-07-20,ถุงพลาสติก
T-204735,2025-07-20,บะหมี่กึ่งสำเร็จรูป
T-204736,2025-08-17,กาแฟสด
T-204736,2025-08-17,ถุงพลาสติก
T-204737,2025-07-01,ชาเขียว
T-204737,2025-07-01,ถุงพลาสติก
T-204737,2025-07-01,น้ำดื่ม
T-204737,2025-07-01,ผงซักฟอก
T-204737,2025-07-01,เบียร์
T-204738,2025-08-08,กาแฟสด
T-204738,2025-08-08,ถุงพลาสติก
T-204738,2025-08-08,น้ำดื่ม
T-204739,2025-09-04,ถุงพลาสติก
T-204739,2025-09-04,น้ำดื่ม
T-204740,2025-09-01,เบียร์
T-204741,2025-07-20,ชาเขียว
T-204741,2025-07-20,ถุงพลาสติก
T-204741,2025-07-20,นมสด
T-204741,2025-07-20,ไข่ไก่
T-204742,2025-07-01,ขนมปัง
T-204742,2025-07-01,ถุงพลาสติก
T-204742,2025-07-01,ผ้าอ้อม
T-204742,2025-07-01,ผ้าเช็ดทำความสะอาด
T-204743,2025-07-15,ถุงพลาสติก
T-204743,2025-07-15,ไข่ไก่
T-204744,2025-08-09,ชาเขียว
T-204744,2025-08-09,ถุงพลาสติก
T-204744,2025-08-09,นมสด
T-204744,2025-08-09,แชมพู
T-204744,2025-08-09,ไข่ไก่
T-204745,2025-09-11,ถุงพลาสติก
T-204745,2025-09-11,น้ำดื่ม
T-204746,2025-08-28,ขนมปัง
T-204746,2025-08-28,นมสด
T-204746,2025-08-28,ผ้าอ้อม
T-204747,2025-09-16,ถุงพลาสติก
T-204747,2025-09-16,บะหมี่กึ่งสำเร็จรูป
T-204747,2025-09-16,เบียร์
T-204748,2025-09-16,ถุงพลาสติก
T-204748,2025-09-16,น้ำดื่ม
T-204748,2025-09-16,บะหมี่กึ่งสำเร็จรูป
T-204749,2025-09-03,ถุงพลาสติก
T-204749,2025-09-03,น้ำดื่ม
T-204749,2025-09-03,ผ้าอ้อม
T-204749,2025-09-03,ผ้าเช็ดทำความสะอาด
T-204750,2025-08-06,ถุงพลาสติก
T-204750,2025-08-06,น้ำดื่ม
T-204751,2025-09-17,กาแฟสด
T-204751,2025-09-17,ถุงพลาสติก
T-204751,2025-09-17,เบียร์
T-204752,2025-09-12,ถุงพลาสติก
T-204752,2025-09-12,บะหมี่กึ่งสำเร็จรูป
T-204752,2025-09-12,ผงซักฟอก
T-204752,2025-09-12,มันฝรั่งทอด
T-204753,2025-07-09,ขนมปัง
T-204753,2025-07-09,ถุงพลาสติก
T-204753,2025-07-09,นมสด
T-204753,2025-07-09,ผงซักฟอก
T-204754,2025-07-27,ถุงพลาสติก
T-204754,2025-07-27,น้ำดื่ม
T-204754,2025-07-27,บะหมี่กึ่งสำเร็จรูป
T-204754,2025-07-27,ผ้าอ้อม
T-204755,2025-07-14,กาแฟสด
T-204755,2025-07-14,ถุงพลาสติก
T-204755,2025-07-14,น้ำดื่ม
T-204755,2025-07-14,ผงซักฟอก
T-204756,2025-07-29,ถุงพลาสติก
T-204756,2025-07-29,ผ้าอ้อม
T-204757,2025-08-05,ถุงพลาสติก
T-204757,2025-08-05,ผงซักฟอก
T-204757,2025-08-05,ไข่ไก่
T-204758,2025-07-07,ชาเขียว
T-204758,2025-07-07,ถุงพลาสติก
T-204758,2025-07-07,บะหมี่กึ่งสำเร็จรูป
T-204758,2025-07-07,ผงซักฟอก
T-204758,2025-07-07,ผ้าอ้อม
T-204758,2025-07-07,ผ้าเช็ดทำความสะอาด
T-204758,2025-07-07,ไข่ไก่
T-204759,2025-08-05,ขนมปัง
T-204759,2025-08-05,น้ำดื่ม
T-204759,2025-08-05,มันฝรั่งทอด
T-204759,2025-08-05,ไข่ไก่
T-204760,2025-08-23,ขนมปัง
T-204760,2025-08-23,ถุงพลาสติก
T-204760,2025-08-23,น้ำดื่ม
T-204760,2025-08-23,แชมพู
T-204761,2025-08-12,ขนมปัง
T-204761,2025-08-12,ถุงพลาสติก
T-204761,2025-08-12,บะหมี่กึ่งสำเร็จรูป
T-204762,2025-09-16,ชาเขียว
T-204762,2025-09-16,ถุงพลาสติก
T-204762,2025-09-16,มันฝรั่งทอด
T-204762,2025-09-16,แชมพู
T-204763,2025-07-12,นมสด
T-204763,2025-07-12,แชมพู
T-204764,2025-07-09,ชาเขียว
T-204764,2025-07-09,ถุงพลาสติก
T-204764,2025-07-09,น้ำดื่ม
T-204764,2025-07-09,ผ้าอ้อม
T-204764,2025-07-09,ผ้าเช็ดทำความสะอาด
T-204764,2025-07-09,เบียร์
T-204764,2025-07-09,ไข่ไก่
T-204765,2025-07-26,ขนมปัง
T-204765,2025-07-26,ชาเขียว
T-204765,2025-07-26,ถุงพลาสติก
T-204765,2025-07-26,นมสด
T-204766,2025-08-28,ถุงพลาสติก
T-204766,2025-08-28,ผ้าอ้อม
T-204766,2025-08-28,ผ้าเช็ดทำความสะอาด
T-204766,2025-08-28,ไข่ไก่
T-204767,2025-07-20,กาแฟสด
T-204767,2025-07-20,ถุงพลาสติก
T-204767,2025-07-20,น้ำดื่ม
T-204767,2025-07-20,มันฝรั่งทอด
T-204768,2025-08-28,ถุงพลาสติก
T-204769,2025-08-01,ขนมปัง
T-204769,2025-08-01,นมสด
T-204769,2025-08-01,น้ำดื่ม
T-204769,2025-08-01,ผ้าเช็ดทำความสะอาด
T-204770,2025-07-14,ขนมปัง
T-204770,2025-07-14,ถุงพลาสติก
T-204770,2025-07-14,ผ้าเช็ดทำความสะอาด
T-204770,2025-07-14,เบียร์
T-204771,2025-07-12,กาแฟสด
T-204772,2025-08-11,ผงซักฟอก
T-204772,2025-08-11,เบียร์
T-204773,2025-08-21,ขนมปัง
T-204773,2025-08-21,มันฝรั่งทอด
T-204773,2025-08-21,แชมพู
T-204774,2025-07-31,ถุงพลาสติก
T-204775,2025-07-21,ขนมปัง
T-204775,2025-07-21,ถุงพลาสติก
T-204775,2025-07-21,ไข่ไก่
T-204776,2025-08-26,กาแฟสด
T-204776,2025-08-26,ขนมปัง
T-204776,2025-08-26,แชมพู
T-204777,2025-07-27,ถุงพลาสติก
T-204777,2025-07-27,บะหมี่กึ่งสำเร็จรูป
T-204777,2025-07-27,ผ้าอ้อม
T-204777,2025-07-27,ผ้าเช็ดทำความสะอาด
T-204778,2025-08-01,ชาเขียว
T-204778,2025-08-01,ถุงพลาสติก
T-204779,2025-07-13,กาแฟสด
T-204779,2025-07-13,ถุงพลาสติก
T-204779,2025-07-13,น้ำดื่ม
T-204779,2025-07-13,บะหมี่กึ่งสำเร็จรูป
T-204779,2025-07-13,มันฝรั่งทอด
T-204780,2025-08-20,ถุงพลาสติก
T-204780,2025-08-20,ผงซักฟอก
T-204780,2025-08-20,เบียร์
T-204780,2025-08-20,ไข่ไก่
T-204781,2025-08-01,ถุงพลาสติก
T-204781,2025-08-01,นมสด
T-204781,2025-08-01,น้ำดื่ม
T-204781,2025-08-01,ผ้าอ้อม
T-204782,2025-07-22,ชาเขียว
T-204782,2025-07-22,ถุงพลาสติก
T-204782,2025-07-22,ผ้าเช็ดทำความสะอาด
T-204783,2025-07-23,ผงซักฟอก
T-204784,2025-07-11,นมสด
T-204784,2025-07-11,ไข่ไก่
T-204785,2025-09-16,กาแฟสด
T-204785,2025-09-16,ถุงพลาสติก
T-204785,2025-09-16,นมสด
T-204786,2025-07-12,น้ำดื่ม
T-204786,2025-07-12,บะหมี่กึ่งสำเร็จรูป
T-204787,2025-08-24,กาแฟสด
T-204787,2025-08-24,ถุงพลาสติก
T-204787,2025-08-24,นมสด
T-204787,2025-08-24,เบียร์
T-204788,2025-08-23,ชาเขียว
T-204788,2025-08-23,ถุงพลาสติก
T-204788,2025-08-23,เบียร์
T-204789,2025-08-27,ถุงพลาสติก
T-204789,2025-08-27,บะหมี่กึ่งสำเร็จรูป
T-204790,2025-09-18,แชมพู
T-204791,2025-08-21,ถุงพลาสติก
T-204791,2025-08-21,ผ้าอ้อม
T-204791,2025-08-21,ผ้าเช็ดทำความสะอาด
T-204792,2025-08-22,ชาเขียว
T-204792,2025-08-22,นมสด
T-204792,2025-08-22,บะหมี่กึ่งสำเร็จรูป
T-204793,2025-08-31,ถุงพลาสติก
T-204793,2025-08-31,ผงซักฟอก
T-204794,2025-08-09,ชาเขียว
T-204794,2025-08-09,ถุงพลาสติก
T-204794,2025-08-09,นมสด
T-204794,2025-08-09,ผ้าอ้อม
T-204794,2025-08-09,เบียร์
T-204795,2025-07-25,ชาเขียว
T-204795,2025-07-25,ถุงพลาสติก
T-204796,2025-09-01,ชาเขียว
T-204796,2025-09-01,ถุงพลาสติก
T-204797,2025-07-04,ขนมปัง
T-204797,2025-07-04,ถุงพลาสติก
T-204797,2025-07-04,น้ำดื่ม
T-204797,2025-07-04,ผงซักฟอก
T-204797,2025-07-04,ผ้าอ้อม
T-204797,2025-07-04,เบียร์
T-204798,2025-07-29,ชาเขียว
T-204798,2025-07-29,ถุงพลาสติก
T-204799,2025-07-19,ถุงพลาสติก
T-204799,2025-07-19,น้ำดื่ม
T-204799,2025-07-19,บะหมี่กึ่งสำเร็จรูป
T-204799,2025-07-19,ผงซักฟอก
T-204799,2025-07-19,ผ้าอ้อม
T-204800,2025-07-20,กาแฟสด
T-204800,2025-07-20,ถุงพลาสติก
T-204800,2025-07-20,เบียร์
T-204801,2025-08-16,ถุงพลาสติก
T-204801,2025-08-16,ผงซักฟอก
T-204801,2025-08-16,ผ้าอ้อม
T-204801,2025-08-16,ผ้าเช็ดทำความสะอาด
T-204801,2025-08-16,ไข่ไก่
T-204802,2025-07-05,ถุงพลาสติก
T-204802,2025-07-05,น้ำดื่ม
T-204803,2025-09-03,ถุงพลาสติก
T-204803,2025-09-03,ผ้าเช็ดทำความสะอาด
T-204803,2025-09-03,มันฝรั่งทอด
T-204803,2025-09-03,เบียร์
T-204804,2025-09-23,ขนมปัง
T-204804,2025-09-23,ชาเขียว
T-204804,2025-09-23,ถุงพลาสติก
T-204804,2025-09-23,น้ำดื่ม
T-204804,2025-09-23,ไข่ไก่
T-204805,2025-07-15,ชาเขียว
T-204805,2025-07-15,นมสด
T-204805,2025-07-15,บะหมี่กึ่งสำเร็จรูป
T-204805,2025-07-15,ผงซักฟอก
T-204806,2025-08-24,กาแฟสด
T-204806,2025-08-24,ขนมปัง
T-204806,2025-08-24,น้ำดื่ม
T-204807,2025-09-23,ชาเขียว
T-204807,2025-09-23,ถุงพลาสติก
T-204807,2025-09-23,นมสด
T-204808,2025-07-29,กาแฟสด
T-204808,2025-07-29,ถุงพลาสติก
T-204808,2025-07-29,บะหมี่กึ่งสำเร็จรูป
T-204808,2025-07-29,ผ้าอ้อม
T-204809,2025-09-13,กาแฟสด
T-204809,2025-09-13,ถุงพลาสติก
T-204809,2025-09-13,น้ำดื่ม
T-204810,2025-08-25,น้ำดื่ม
T-204811,2025-07-06,ถุงพลาสติก
T-204811,2025-07-06,บะหมี่กึ่งสำเร็จรูป
T-204812,2025-07-28,กาแฟสด
T-204812,2025-07-28,ถุงพลาสติก
T-204812,2025-07-28,น้ำดื่ม
T-204812,2025-07-28,ผ้าเช็ดทำความสะอาด
T-204812,2025-07-28,มันฝรั่งทอด
T-204813,2025-09-03,ชาเขียว
T-204813,2025-09-03,ถุงพลาสติก
T-204813,2025-09-03,บะหมี่กึ่งสำเร็จรูป
T-204813,2025-09-03,เบียร์
T-204813,2025-09-03,ไข่ไก่
T-204814,2025-07-12,ถุงพลาสติก
T-204814,2025-07-12,แชมพู
T-204815,2025-08-29,ชาเขียว
T-204815,2025-08-29,ถุงพลาสติก
T-204815,2025-08-29,น้ำดื่ม
T-204816,2025-07-12,กาแฟสด
T-204816,2025-07-12,ถุงพลาสติก
T-204817,2025-09-13,ชาเขียว
T-204817,2025-09-13,ถุงพลาสติก
T-204817,2025-09-13,นมสด
T-204817,2025-09-13,บะหมี่กึ่งสำเร็จรูป
T-204817,2025-09-13,ผ้าเช็ดทำความสะอาด
T-204818,2025-09-06,ขนมปัง
T-204818,2025-09-06,ถุงพลาสติก
T-204819,2025-08-23,ชาเขียว
T-204819,2025-08-23,ถุงพลาสติก
T-204819,2025-08-23,นมสด
T-204819,2025-08-23,น้ำดื่ม
T-204820,2025-07-27,กาแฟสด
T-204820,2025-07-27,ถุงพลาสติก
T-204820,2025-07-27,นมสด
T-204820,2025-07-27,เบียร์
T-204821,2025-09-24,ชาเขียว
T-204821,2025-09-24,เบียร์
T-204822,2025-09-23,กาแฟสด
T-204822,2025-09-23,บะหมี่กึ่งสำเร็จรูป
T-204822,2025-09-23,ผงซักฟอก
T-204822,2025-09-23,แชมพู
T-204823,2025-08-23,กาแฟสด
T-204823,2025-08-23,ถุงพลาสติก
T-204823,2025-08-23,น้ำดื่ม
T-204823,2025-08-23,มันฝรั่งทอด
T-204824,2025-08-14,กาแฟสด
T-204824,2025-08-14,ถุงพลาสติก
T-204824,2025-08-14,น้ำดื่ม
T-204824,2025-08-14,ไข่ไก่
T-204825,2025-07-01,ชาเขียว
T-204825,2025-07-01,ถุงพลาสติก
T-204825,2025-07-01,น้ำดื่ม
T-204825,2025-07-01,มันฝรั่งทอด
T-204826,2025-08-14,ขนมปัง
T-204826,2025-08-14,ถุงพลาสติก
T-204827,2025-08-26,กาแฟสด
T-204827,2025-08-26,ขนมปัง
T-204827,2025-08-26,ถุงพลาสติก
T-204827,2025-08-26,น้ำดื่ม
T-204827,2025-08-26,ผงซักฟอก
T-204828,2025-09-22,ถุงพลาสติก
T-204828,2025-09-22,เบียร์
T-204828,2025-09-22,ไข่ไก่
T-204829,2025-09-26,ถุงพลาสติก
T-204830,2025-07-27,ถุงพลาสติก
T-204830,2025-07-27,นมสด
T-204830,2025-07-27,น้ำดื่ม
T-204830,2025-07-27,ไข่ไก่
T-204831,2025-08-24,กาแฟสด
T-204831,2025-08-24,ขนมปัง
T-204831,2025-08-24,ถุงพลาสติก
T-204831,2025-08-24,น้ำดื่ม
T-204831,2025-08-24,ผงซักฟอก
T-204832,2025-07-11,ขนมปัง
T-204832,2025-07-11,ถุงพลาสติก
T-204832,2025-07-11,ผงซักฟอก
T-204833,2025-09-01,กาแฟสด
T-204833,2025-09-01,ขนมปัง
T-204833,2025-09-01,ถุงพลาสติก
T-204833,2025-09-01,ผงซักฟอก
T-204833,2025-09-01,มันฝรั่งทอด
T-204834,2025-07-22,ถุงพลาสติก
T-204834,2025-07-22,บะหมี่กึ่งสำเร็จรูป
T-204835,2025-09-28,ถุงพลาสติก
T-204835,2025-09-28,นมสด
T-204835,2025-09-28,ผงซักฟอก
T-204836,2025-07-26,ถุงพลาสติก
T-204836,2025-07-26,ผ้าเช็ดทำความสะอาด
T-204836,2025-07-26,ไข่ไก่
T-204837,2025-09-09,ขนมปัง
T-204837,2025-09-09,ถุงพลาสติก
T-204837,2025-09-09,น้ำดื่ม
T-204837,2025-09-09,ไข่ไก่
T-204838,2025-08-01,กาแฟสด
T-204838,2025-08-01,ขนมปัง
T-204838,2025-08-01,มันฝรั่งทอด
T-204838,2025-08-01,ไข่ไก่
T-204839,2025-07-12,ชาเขียว
T-204839,2025-07-12,ถุงพลาสติก
T-204839,2025-07-12,น้ำดื่ม
T-204839,2025-07-12,แชมพู
T-204840,2025-07-26,กาแฟสด
T-204840,2025-07-26,ถุงพลาสติก
T-204840,2025-07-26,น้ำดื่ม
T-204840,2025-07-26,ผงซักฟอก
T-204841,2025-08-19,ถุงพลาสติก
T-204841,2025-08-19,นมสด
T-204841,2025-08-19,น้ำดื่ม
T-204841,2025-08-19,ผ้าเช็ดทำความสะอาด
T-204841,2025-08-19,แชมพู
T-204842,2025-09-17,กาแฟสด
T-204842,2025-09-17,ขนมปัง
T-204842,2025-09-17,ถุงพลาสติก
T-204842,2025-09-17,นมสด
T-204842,2025-09-17,ผ้าเช็ดทำความสะอาด
T-204843,2025-09-18,เบียร์
T-204844,2025-07-21,ถุงพลาสติก
T-204844,2025-07-21,น้ำดื่ม
T-204844,2025-07-21,ผงซักฟอก
T-204844,2025-07-21,ผ้าเช็ดทำความสะอาด
T-204844,2025-07-21,แชมพู
T-204845,2025-08-28,ถุงพลาสติก
T-204846,2025-09-14,ชาเขียว
T-204846,2025-09-14,ถุงพลาสติก
T-204846,2025-09-14,นมสด
T-204846,2025-09-14,น้ำดื่ม
T-204847,2025-09-07,ถุงพลาสติก
T-204847,2025-09-07,บะหมี่กึ่งสำเร็จรูป
T-204847,2025-09-07,มันฝรั่งทอด
T-204848,2025-09-26,ผงซักฟอก
T-204848,2025-09-26,เบียร์
T-204849,2025-09-02,ชาเขียว
T-204849,2025-09-02,ถุงพลาสติก
T-204849,2025-09-02,น้ำดื่ม
T-204850,2025-09-22,ถุงพลาสติก
T-204850,2025-09-22,น้ำดื่ม
T-204851,2025-08-16,ถุงพลาสติก
T-204851,2025-08-16,น้ำดื่ม
T-204851,2025-08-16,มันฝรั่งทอด
T-204852,2025-08-07,ถุงพลาสติก
T-204852,2025-08-07,ผงซักฟอก
T-204852,2025-08-07,แชมพู
T-204853,2025-09-02,ขนมปัง
T-204853,2025-09-02,ชาเขียว
T-204853,2025-09-02,ผงซักฟอก
T-204853,2025-09-02,เบียร์
T-204853,2025-09-02,แชมพู
T-204853,2025-09-02,ไข่ไก่
T-204854,2025-07-16,ถุงพลาสติก
T-204854,2025-07-16,นมสด
T-204854,2025-07-16,บะหมี่กึ่งสำเร็จรูป
T-204855,2025-08-09,ถุงพลาสติก
T-204855,2025-08-09,บะหมี่กึ่งสำเร็จรูป
T-204856,2025-08-27,ถุงพลาสติก
T-204856,2025-08-27,นมสด
T-204856,2025-08-27,น้ำดื่ม
T-204856,2025-08-27,ผงซักฟอก
T-204856,2025-08-27,แชมพู
T-204857,2025-09-24,กาแฟสด
T-204857,2025-09-24,ถุงพลาสติก
T-204857,2025-09-24,ไข่ไก่
T-204858,2025-08-29,ถุงพลาสติก
T-204858,2025-08-29,นมสด
T-204858,2025-08-29,น้ำดื่ม
T-204858,2025-08-29,ไข่ไก่
T-204859,2025-08-15,ชาเขียว
T-204859,2025-08-15,ถุงพลาสติก
T-204860,2025-09-15,ขนมปัง
T-204860,2025-09-15,ถุงพลาสติก
T-204860,2025-09-15,ไข่ไก่
T-204861,2025-09-18,ชาเขียว
T-204861,2025-09-18,ถุงพลาสติก
T-204862,2025-08-08,ถุงพลาสติก
T-204862,2025-08-08,น้ำดื่ม
T-204862,2025-08-08,มันฝรั่งทอด
T-204862,2025-08-08,ไข่ไก่
T-204863,2025-07-07,ถุงพลาสติก
T-204863,2025-07-07,น้ำดื่ม
T-204863,2025-07-07,บะหมี่กึ่งสำเร็จรูป
T-204863,2025-07-07,มันฝรั่งทอด
T-204864,2025-09-11,ถุงพลาสติก
T-204865,2025-07-21,ถุงพลาสติก
T-204865,2025-07-21,น้ำดื่ม
T-204866,2025-09-21,ขนมปัง
T-204866,2025-09-21,นมสด
T-204866,2025-09-21,น้ำดื่ม
T-204867,2025-09-08,ถุงพลาสติก
T-204867,2025-09-08,นมสด
T-204867,2025-09-08,ผ้าเช็ดทำความสะอาด
T-204867,2025-09-08,มันฝรั่งทอด
T-204868,2025-07-06,ถุงพลาสติก
T-204868,2025-07-06,มันฝรั่งทอด
T-204868,2025-07-06,แชมพู
T-204869,2025-07-20,กาแฟสด
T-204869,2025-07-20,ถุงพลาสติก
T-204869,2025-07-20,เบียร์
T-204870,2025-07-06,ผ้าเช็ดทำความสะอาด
T-204871,2025-08-31,ขนมปัง
T-204871,2025-08-31,ไข่ไก่
T-204872,2025-08-13,ขนมปัง
T-204873,2025-09-03,ถุงพลาสติก
T-204873,2025-09-03,ผงซักฟอก
T-204873,2025-09-03,ผ้าอ้อม
T-204873,2025-09-03,เบียร์
T-204874,2025-09-24,ถุงพลาสติก
T-204874,2025-09-24,นมสด
T-204874,2025-09-24,ผงซักฟอก
T-204874,2025-09-24,ไข่ไก่
T-204875,2025-07-07,ถุงพลาสติก
T-204875,2025-07-07,นมสด
T-204875,2025-07-07,มันฝรั่งทอด
T-204875,2025-07-07,เบียร์
T-204876,2025-08-11,ขนมปัง
T-204876,2025-08-11,ถุงพลาสติก
T-204876,2025-08-11,ผงซักฟอก
T-204876,2025-08-11,มันฝรั่งทอด
T-204877,2025-07-23,ขนมปัง
T-204877,2025-07-23,ผ้าเช็ดทำความสะอาด
T-204877,2025-07-23,เบียร์
T-204878,2025-09-24,ถุงพลาสติก
T-204878,2025-09-24,น้ำดื่ม
T-204878,2025-09-24,เบียร์
T-204878,2025-09-24,แชมพู
T-204879,2025-08-26,ถุงพลาสติก
T-204879,2025-08-26,นมสด
T-204879,2025-08-26,น้ำดื่ม
T-204880,2025-08-02,ถุงพลาสติก
T-204881,2025-08-15,กาแฟสด
T-204881,2025-08-15,ถุงพลาสติก
T-204881,2025-08-15,นมสด
T-204881,2025-08-15,น้ำดื่ม
T-204882,2025-07-30,ขนมปัง
T-204882,2025-07-30,ถุงพลาสติก
T-204882,2025-07-30,น้ำดื่ม
T-204882,2025-07-30,แชมพู
T-204883,2025-07-17,ขนมปัง
T-204883,2025-07-17,ชาเขียว
T-204883,2025-07-17,นมสด
T-204883,2025-07-17,น้ำดื่ม
T-204883,2025-07-17,เบียร์
T-204884,2025-07-18,กาแฟสด
T-204884,2025-07-18,น้ำดื่ม
T-204884,2025-07-18,เบียร์
T-204884,2025-07-18,ไข่ไก่
T-204885,2025-07-28,ขนมปัง
T-204885,2025-07-28,ถุงพลาสติก
T-204885,2025-07-28,น้ำดื่ม
T-204886,2025-08-05,ชาเขียว
T-204886,2025-08-05,ถุงพลาสติก
T-204886,2025-08-05,ไข่ไก่
T-204887,2025-09-11,ถุงพลาสติก
T-204887,2025-09-11,นมสด
T-204887,2025-09-11,ไข่ไก่
T-204888,2025-07-13,ชาเขียว
T-204888,2025-07-13,นมสด
T-204888,2025-07-13,น้ำดื่ม
T-204888,2025-07-13,ผ้าเช็ดทำความสะอาด
T-204889,2025-07-24,กาแฟสด
T-204889,2025-07-24,น้ำดื่ม
T-204890,2025-09-25,กาแฟสด
T-204890,2025-09-25,ถุงพลาสติก
T-204890,2025-09-25,นมสด
T-204890,2025-09-25,ผ้าอ้อม
T-204890,2025-09-25,ไข่ไก่
T-204891,2025-07-26,ถุงพลาสติก
T-204892,2025-09-18,กาแฟสด
T-204892,2025-09-18,ถุงพลาสติก
T-204892,2025-09-18,นมสด
T-204893,2025-09-07,ขนมปัง
T-204893,2025-09-07,ถุงพลาสติก
T-204894,2025-07-12,ชาเขียว
T-204894,2025-07-12,ถุงพลาสติก
T-204894,2025-07-12,น้ำดื่ม
T-204895,2025-09-20,ถุงพลาสติก
T-204895,2025-09-20,น้ำดื่ม
T-204896,2025-07-18,ผ้าอ้อม
T-204896,2025-07-18,ไข่ไก่
T-204897,2025-07-08,กาแฟสด
T-204897,2025-07-08,ถุงพลาสติก
T-204897,2025-07-08,ผ้าเช็ดทำความสะอาด
T-204897,2025-07-08,แชมพู
T-204897,2025-07-08,ไข่ไก่
T-204898,2025-08-22,ขนมปัง
T-204898,2025-08-22,ถุงพลาสติก
T-204898,2025-08-22,น้ำดื่ม
T-204898,2025-08-22,ผงซักฟอก
T-204898,2025-08-22,ผ้าเช็ดทำความสะอาด
T-204899,2025-08-31,ไข่ไก่
T-204900,2025-09-19,กาแฟสด
T-204900,2025-09-19,ไข่ไก่
T-204901,2025-07-01,กาแฟสด
T-204901,2025-07-01,ขนมปัง
T-204901,2025-07-01,ถุงพลาสติก
T-204901,2025-07-01,น้ำดื่ม
T-204901,2025-07-01,มันฝรั่งทอด
T-204901,2025-07-01,เบียร์
T-204901,2025-07-01,ไข่ไก่
T-204902,2025-09-05,นมสด
T-204903,2025-07-09,กาแฟสด
T-204903,2025-07-09,ขนมปัง
T-204904,2025-08-20,ถุงพลาสติก
T-204904,2025-08-20,ไข่ไก่
T-204905,2025-08-22,กาแฟสด
T-204905,2025-08-22,ถุงพลาสติก
T-204905,2025-08-22,บะหมี่กึ่งสำเร็จรูป
T-204906,2025-09-13,กาแฟสด
T-204906,2025-09-13,ถุงพลาสติก
T-204906,2025-09-13,มันฝรั่งทอด
T-204907,2025-09-22,ขนมปัง
T-204907,2025-09-22,น้ำดื่ม
T-204907,2025-09-22,บะหมี่กึ่งสำเร็จรูป
T-204907,2025-09-22,ผ้าอ้อม
T-204907,2025-09-22,ผ้าเช็ดทำความสะอาด
T-204907,2025-09-22,แชมพู
T-204908,2025-09-19,ถุงพลาสติก
T-204908,2025-09-19,น้ำดื่ม
T-204909,2025-08-06,ถุงพลาสติก
T-204909,2025-08-06,นมสด
T-204909,2025-08-06,บะหมี่กึ่งสำเร็จรูป
T-204909,2025-08-06,ผ้าอ้อม
T-204910,2025-07-05,ถุงพลาสติก
T-204910,2025-07-05,น้ำดื่ม
T-204910,2025-07-05,มันฝรั่งทอด
T-204910,2025-07-05,เบียร์
T-204911,2025-08-08,ชาเขียว
T-204911,2025-08-08,น้ำดื่ม
T-204911,2025-08-08,บะหมี่กึ่งสำเร็จรูป
T-204911,2025-08-08,ไข่ไก่
T-204912,2025-09-19,ขนมปัง
T-204912,2025-09-19,ถุงพลาสติก
T-204912,2025-09-19,น้ำดื่ม
T-204912,2025-09-19,แชมพู
T-204913,2025-08-13,ถุงพลาสติก
T-204913,2025-08-13,น้ำดื่ม
T-204913,2025-08-13,บะหมี่กึ่งสำเร็จรูป
T-204913,2025-08-13,แชมพู
T-204913,2025-08-13,ไข่ไก่
T-204914,2025-08-14,ขนมปัง
T-204914,2025-08-14,ชาเขียว
T-204914,2025-08-14,ถุงพลาสติก
T-204915,2025-07-16,ถุงพลาสติก
T-204915,2025-07-16,นมสด
T-204915,2025-07-16,น้ำดื่ม
T-204915,2025-07-16,บะหมี่กึ่งสำเร็จรูป
T-204915,2025-07-16,ผงซักฟอก
T-204916,2025-08-22,กาแฟสด
T-204916,2025-08-22,ถุงพลาสติก
T-204916,2025-08-22,บะหมี่กึ่งสำเร็จรูป
T-204917,2025-07-23,ชาเขียว
T-204917,2025-07-23,ถุงพลาสติก
T-204917,2025-07-23,นมสด
T-204917,2025-07-23,ผงซักฟอก
T-204917,2025-07-23,แชมพู
T-204918,2025-07-25,ขนมปัง
T-204918,2025-07-25,ถุงพลาสติก
T-204918,2025-07-25,น้ำดื่ม
T-204918,2025-07-25,ผงซักฟอก
T-204918,2025-07-25,ผ้าเช็ดทำความสะอาด
T-204918,2025-07-25,เบียร์
T-204918,2025-07-25,ไข่ไก่
T-204919,2025-07-12,กาแฟสด
T-204919,2025-07-12,ถุงพลาสติก
T-204919,2025-07-12,นมสด
T-204920,2025-07-24,ถุงพลาสติก
T-204920,2025-07-24,น้ำดื่ม
T-204920,2025-07-24,บะหมี่กึ่งสำเร็จรูป
T-204920,2025-07-24,ผ้าอ้อม
T-204921,2025-09-18,ชาเขียว
T-204921,2025-09-18,ถุงพลาสติก
T-204921,2025-09-18,ผงซักฟอก
T-204921,2025-09-18,ไข่ไก่
T-204922,2025-09-27,ขนมปัง
T-204922,2025-09-27,ถุงพลาสติก
T-204922,2025-09-27,ผ้าเช็ดทำความสะอาด
T-204922,2025-09-27,ไข่ไก่
T-204923,2025-08-03,ถุงพลาสติก
T-204924,2025-07-11,กาแฟสด
T-204924,2025-07-11,ถุงพลาสติก
T-204924,2025-07-11,ผงซักฟอก
T-204924,2025-07-11,แชมพู
T-204925,2025-09-17,กาแฟสด
T-204925,2025-09-17,ถุงพลาสติก
T-204925,2025-09-17,นมสด
T-204925,2025-09-17,น้ำดื่ม
T-204925,2025-09-17,บะหมี่กึ่งสำเร็จรูป
T-204925,2025-09-17,เบียร์
T-204926,2025-08-30,ขนมปัง
T-204927,2025-08-22,กาแฟสด
T-204927,2025-08-22,ถุงพลาสติก
T-204927,2025-08-22,บะหมี่กึ่งสำเร็จรูป
T-204928,2025-09-15,ถุงพลาสติก
T-204928,2025-09-15,เบียร์
T-204928,2025-09-15,ไข่ไก่
T-204929,2025-08-21,ถุงพลาสติก
T-204929,2025-08-21,น้ำดื่ม
T-204930,2025-09-20,ถุงพลาสติก
T-204930,2025-09-20,น้ำดื่ม
T-204930,2025-09-20,ผงซักฟอก
T-204931,2025-09-28,กาแฟสด
T-204931,2025-09-28,ถุงพลาสติก
T-204931,2025-09-28,นมสด
T-204931,2025-09-28,น้ำดื่ม
T-204931,2025-09-28,มันฝรั่งทอด
T-204931,2025-09-28,ไข่ไก่
T-204932,2025-08-26,กาแฟสด
T-204932,2025-08-26,ขนมปัง
T-204932,2025-08-26,ถุงพลาสติก
T-204932,2025-08-26,เบียร์
T-204933,2025-08-12,ชาเขียว
T-204933,2025-08-12,ถุงพลาสติก
T-204933,2025-08-12,น้ำดื่ม
T-204933,2025-08-12,ไข่ไก่
T-204934,2025-09-17,ขนมปัง
T-204934,2025-09-17,ชาเขียว
T-204934,2025-09-17,ถุงพลาสติก
T-204934,2025-09-17,น้ำดื่ม
T-204934,2025-09-17,ผ้าอ้อม
T-204934,2025-09-17,ผ้าเช็ดทำความสะอาด
T-204934,2025-09-17,เบียร์
T-204935,2025-07-01,ชาเขียว
T-204935,2025-07-01,ถุงพลาสติก
T-204936,2025-07-10,ถุงพลาสติก
T-204936,2025-07-10,บะหมี่กึ่งสำเร็จรูป
T-204936,2025-07-10,ผ้าอ้อม
T-204936,2025-07-10,เบียร์
T-204937,2025-07-04,นมสด
T-204938,2025-07-16,ถุงพลาสติก
T-204938,2025-07-16,ไข่ไก่
T-204939,2025-08-06,ขนมปัง
T-204940,2025-07-07,ถุงพลาสติก
T-204940,2025-07-07,ไข่ไก่
T-204941,2025-07-31,กาแฟสด
T-204941,2025-07-31,ถุงพลาสติก
T-204941,2025-07-31,นมสด
T-204941,2025-07-31,น้ำดื่ม
T-204942,2025-09-26,ถุงพลาสติก
T-204942,2025-09-26,น้ำดื่ม
T-204942,2025-09-26,ผ้าเช็ดทำความสะอาด
T-204942,2025-09-26,มันฝรั่งทอด
T-204943,2025-09-18,ชาเขียว
T-204943,2025-09-18,นมสด
T-204943,2025-09-18,แชมพู
T-204943,2025-09-18,ไข่ไก่
T-204944,2025-08-04,เบียร์
T-204944,2025-08-04,ไข่ไก่
T-204945,2025-08-08,ขนมปัง
T-204945,2025-08-08,ถุงพลาสติก
T-204945,2025-08-08,ผงซักฟอก
T-204945,2025-08-08,แชมพู
T-204946,2025-09-02,ถุงพลาสติก
T-204946,2025-09-02,มันฝรั่งทอด
T-204946,2025-09-02,ไข่ไก่
T-204947,2025-09-16,ถุงพลาสติก
T-204947,2025-09-16,บะหมี่กึ่งสำเร็จรูป
T-204947,2025-09-16,ผงซักฟอก
T-204947,2025-09-16,ไข่ไก่
T-204948,2025-09-02,ชาเขียว
T-204948,2025-09-02,ถุงพลาสติก
T-204948,2025-09-02,น้ำดื่ม
T-204948,2025-09-02,บะหมี่กึ่งสำเร็จรูป
T-204948,2025-09-02,แชมพู
T-204948,2025-09-02,ไข่ไก่
T-204949,2025-08-07,กาแฟสด
T-204949,2025-08-07,ขนมปัง
T-204949,2025-08-07,ถุงพลาสติก
T-204950,2025-07-29,ถุงพลาสติก
T-204950,2025-07-29,ผงซักฟอก
T-204950,2025-07-29,ไข่ไก่
T-204951,2025-07-04,กาแฟสด
T-204951,2025-07-04,ถุงพลาสติก
T-204951,2025-07-04,น้ำดื่ม
T-204951,2025-07-04,ผ้าเช็ดทำความสะอาด
T-204951,2025-07-04,แชมพู
T-204951,2025-07-04,ไข่ไก่
T-204952,2025-07-21,ถุงพลาสติก
T-204953,2025-09-22,ถุงพลาสติก
T-204953,2025-09-22,นมสด
T-204954,2025-07-14,กาแฟสด
T-204954,2025-07-14,ขนมปัง
T-204954,2025-07-14,ถุงพลาสติก
T-204954,2025-07-14,น้ำดื่ม
T-204955,2025-07-02,ขนมปัง
T-204955,2025-07-02,ถุงพลาสติก
T-204955,2025-07-02,น้ำดื่ม
T-204955,2025-07-02,ผ้าอ้อม
T-204955,2025-07-02,เบียร์
T-204956,2025-08-05,ขนมปัง
T-204956,2025-08-05,ถุงพลาสติก
T-204956,2025-08-05,เบียร์
T-204957,2025-09-25,ถุงพลาสติก
T-204957,2025-09-25,นมสด
T-204957,2025-09-25,น้ำดื่ม
T-204957,2025-09-25,มันฝรั่งทอด
T-204957,2025-09-25,เบียร์
T-204958,2025-07-10,กาแฟสด
T-204958,2025-07-10,ถุงพลาสติก
T-204958,2025-07-10,นมสด
T-204958,2025-07-10,บะหมี่กึ่งสำเร็จรูป
T-204958,2025-07-10,ผงซักฟอก
T-204958,2025-07-10,ผ้าอ้อม
T-204958,2025-07-10,ผ้าเช็ดทำความสะอาด
T-204959,2025-07-24,ถุงพลาสติก
T-204959,2025-07-24,มันฝรั่งทอด
T-204959,2025-07-24,แชมพู
T-204959,2025-07-24,ไข่ไก่
T-204960,2025-09-08,ขนมปัง
T-204960,2025-09-08,ถุงพลาสติก
T-204960,2025-09-08,นมสด
T-204960,2025-09-08,ไข่ไก่
T-204961,2025-09-27,ขนมปัง
T-204961,2025-09-27,ชาเขียว
T-204961,2025-09-27,ถุงพลาสติก
T-204962,2025-07-08,ผ้าเช็ดทำความสะอาด
T-204963,2025-08-26,ถุงพลาสติก
T-204963,2025-08-26,น้ำดื่ม
T-204964,2025-07-11,ชาเขียว
T-204964,2025-07-11,ถุงพลาสติก
T-204964,2025-07-11,น้ำดื่ม
T-204964,2025-07-11,มันฝรั่งทอด
T-204965,2025-08-09,กาแฟสด
T-204965,2025-08-09,ผ้าเช็ดทำความสะอาด
T-204965,2025-08-09,มันฝรั่งทอด
T-204965,2025-08-09,เบียร์
T-204965,2025-08-09,ไข่ไก่
T-204966,2025-08-24,ชาเขียว
T-204966,2025-08-24,น้ำดื่ม
T-204967,2025-07-15,ถุงพลาสติก
T-204967,2025-07-15,น้ำดื่ม
T-204968,2025-08-19,ขนมปัง
T-204968,2025-08-19,ถุงพลาสติก
T-204969,2025-07-17,กาแฟสด
T-204969,2025-07-17,ขนมปัง
T-204969,2025-07-17,ถุงพลาสติก
T-204969,2025-07-17,น้ำดื่ม
T-204970,2025-08-15,กาแฟสด
T-204970,2025-08-15,ถุงพลาสติก
T-204970,2025-08-15,น้ำดื่ม
T-204970,2025-08-15,เบียร์
T-204971,2025-08-31,ขนมปัง
T-204971,2025-08-31,ถุงพลาสติก
T-204971,2025-08-31,นมสด
T-204971,2025-08-31,น้ำดื่ม
T-204971,2025-08-31,ผงซักฟอก
T-204971,2025-08-31,เบียร์
T-204971,2025-08-31,ไข่ไก่
T-204972,2025-08-19,กาแฟสด
T-204972,2025-08-19,ขนมปัง
T-204972,2025-08-19,ถุงพลาสติก
T-204972,2025-08-19,นมสด
T-204973,2025-09-05,ถุงพลาสติก
T-204973,2025-09-05,น้ำดื่ม
T-204973,2025-09-05,แชมพู
T-204974,2025-09-19,ชาเขียว
T-204974,2025-09-19,ถุงพลาสติก
T-204974,2025-09-19,นมสด
T-204974,2025-09-19,ไข่ไก่
T-204975,2025-08-21,กาแฟสด
T-204975,2025-08-21,ถุงพลาสติก
T-204976,2025-09-08,ขนมปัง
T-204976,2025-09-08,ถุงพลาสติก
T-204977,2025-09-23,ขนมปัง
T-204977,2025-09-23,ถุงพลาสติก
T-204978,2025-08-17,ผงซักฟอก
T-204979,2025-08-17,ถุงพลาสติก
T-204979,2025-08-17,น้ำดื่ม
T-204980,2025-08-09,ชาเขียว
T-204981,2025-08-15,ถุงพลาสติก
T-204981,2025-08-15,น้ำดื่ม
T-204981,2025-08-15,บะหมี่กึ่งสำเร็จรูป
T-204981,2025-08-15,แชมพู
T-204982,2025-07-30,ขนมปัง
T-204982,2025-07-30,ถุงพลาสติก
T-204982,2025-07-30,ผ้าเช็ดทำความสะอาด
T-204982,2025-07-30,ไข่ไก่
T-204983,2025-07-14,ถุงพลาสติก
T-204983,2025-07-14,น้ำดื่ม
T-204983,2025-07-14,บะหมี่กึ่งสำเร็จรูป
T-204984,2025-08-20,ถุงพลาสติก
T-204984,2025-08-20,บะหมี่กึ่งสำเร็จรูป
T-204985,2025-07-13,ขนมปัง
T-204985,2025-07-13,ถุงพลาสติก
T-204985,2025-07-13,นมสด
T-204985,2025-07-13,ผ้าอ้อม
T-204985,2025-07-13,มันฝรั่งทอด
T-204985,2025-07-13,เบียร์
T-204986,2025-09-25,กาแฟสด
T-204986,2025-09-25,ถุงพลาสติก
T-204986,2025-09-25,น้ำดื่ม
T-204986,2025-09-25,มันฝรั่งทอด
T-204986,2025-09-25,ไข่ไก่
T-204987,2025-07-12,กาแฟสด
T-204987,2025-07-12,ถุงพลาสติก
T-204987,2025-07-12,น้ำดื่ม
T-204987,2025-07-12,ผงซักฟอก
T-204987,2025-07-12,ผ้าอ้อม
T-204987,2025-07-12,ผ้าเช็ดทำความสะอาด
T-204987,2025-07-12,ไข่ไก่
T-204988,2025-07-18,ขนมปัง
T-204988,2025-07-18,ถุงพลาสติก
T-204988,2025-07-18,นมสด
T-204988,2025-07-18,น้ำดื่ม
T-204988,2025-07-18,เบียร์
T-204988,2025-07-18,ไข่ไก่
T-204989,2025-09-10,ขนมปัง
T-204989,2025-09-10,ถุงพลาสติก
T-204989,2025-09-10,น้ำดื่ม
T-204989,2025-09-10,ผงซักฟอก
T-204990,2025-09-25,ถุงพลาสติก
T-204990,2025-09-25,บะหมี่กึ่งสำเร็จรูป
T-204990,2025-09-25,มันฝรั่งทอด
T-204990,2025-09-25,เบียร์
T-204990,2025-09-25,ไข่ไก่
T-204991,2025-08-13,ขนมปัง
T-204991,2025-08-13,ถุงพลาสติก
T-204991,2025-08-13,นมสด
T-204991,2025-08-13,น้ำดื่ม
T-204992,2025-09-20,ถุงพลาสติก
T-204992,2025-09-20,นมสด
T-204993,2025-08-27,ถุงพลาสติก
T-204993,2025-08-27,น้ำดื่ม
T-204993,2025-08-27,แชมพู
T-204994,2025-08-05,ขนมปัง
T-204994,2025-08-05,ผ้าอ้อม
T-204994,2025-08-05,ผ้าเช็ดทำความสะอาด
T-204994,2025-08-05,เบียร์
T-204994,2025-08-05,ไข่ไก่
T-204995,2025-07-17,ขนมปัง
T-204996,2025-09-06,ถุงพลาสติก
T-204996,2025-09-06,ไข่ไก่
T-204997,2025-09-01,กาแฟสด
T-204997,2025-09-01,บะหมี่กึ่งสำเร็จรูป
T-204998,2025-09-04,ถุงพลาสติก
T-204998,2025-09-04,นมสด
T-204998,2025-09-04,บะหมี่กึ่งสำเร็จรูป
T-204998,2025-09-04,ผ้าอ้อม
T-204998,2025-09-04,ผ้าเช็ดทำความสะอาด
T-204998,2025-09-04,เบียร์
T-204999,2025-09-22,ขนมปัง
T-204999,2025-09-22,ถุงพลาสติก
