order_id,order_date,store_id,channel,sku,quantity,gross_amount,discount,net_amount,vat_amount,shipping_fee,returned_amount
O-000001,2025-01-01,S-02,หน้าร้าน,P-203,1,75.00,7.50,67.50,4.42,0.00,0.00
O-000002,2025-01-01,S-02,หน้าร้าน,P-301,2,4900.00,245.00,4655.00,304.53,0.00,0.00
O-000003,2025-01-01,S-04,หน้าร้าน,P-101,1,35.00,1.75,33.25,2.18,0.00,0.00
O-000004,2025-01-01,S-90,ออนไลน์,P-201,1,95.00,19.00,76.00,4.97,0.00,0.00
O-000005,2025-01-01,S-06,หน้าร้าน,P-203,1,75.00,0.00,75.00,4.91,0.00,0.00
O-000006,2025-01-01,S-90,ออนไลน์,P-301,2,4900.00,0.00,4900.00,320.56,0.00,0.00
O-000007,2025-01-01,S-01,หน้าร้าน,P-103,1,45.00,9.00,36.00,2.36,0.00,0.00
O-000008,2025-01-01,S-06,หน้าร้าน,P-202,1,120.00,0.00,120.00,7.85,0.00,0.00
O-000009,2025-01-01,S-03,หน้าร้าน,P-102,2,56.00,2.80,53.20,3.48,0.00,0.00
O-000010,2025-01-01,S-01,หน้าร้าน,P-203,3,225.00,22.50,202.50,13.25,0.00,0.00
O-000011,2025-01-01,S-06,หน้าร้าน,P-103,1,45.00,0.00,45.00,2.94,0.00,0.00
O-000012,2025-01-01,S-05,หน้าร้าน,P-203,1,75.00,0.00,75.00,4.91,0.00,0.00
O-000013,2025-01-01,S-06,หน้าร้าน,P-203,1,75.00,7.50,67.50,4.42,0.00,0.00
O-000014,2025-01-01,S-05,หน้าร้าน,P-203,1,75.00,15.00,60.00,3.93,0.00,0.00
O-000015,2025-01-01,S-05,หน้าร้าน,P-202,2,240.00,12.00,228.00,14.92,0.00,0.00
O-000016,2025-01-01,S-04,หน้าร้าน,P-203,1,75.00,0.00,75.00,4.91,0.00,0.00
O-000017,2025-01-01,S-06,หน้าร้าน,P-203,5,375.00,18.75,356.25,23.31,0.00,0.00
O-000018,2025-01-01,S-01,หน้าร้าน,P-302,1,3890.00,389.00,3501.00,229.04,0.00,0.00
O-000019,2025-01-02,S-01,หน้าร้าน,P-301,2,4900.00,0.00,4900.00,320.56,0.00,0.00
O-000020,2025-01-02,S-06,หน้าร้าน,P-203,3,225.00,45.00,180.00,11.78,0.00,0.00
O-000021,2025-01-02,S-03,หน้าร้าน,P-301,1,2450.00,0.00,2450.00,160.28,0.00,0.00
O-000022,2025-01-02,S-05,หน้าร้าน,P-201,5,475.00,0.00,475.00,31.07,0.00,0.00
O-000023,2025-01-02,S-01,หน้าร้าน,P-101,1,35.00,1.75,33.25,2.18,0.00,0.00
O-000024,2025-01-02,S-06,หน้าร้าน,P-203,1,75.00,7.50,67.50,4.42,0.00,0.00
O-000025,2025-01-02,S-04,หน้าร้าน,P-102,3,84.00,8.40,75.60,4.95,0.00,0.00
O-000026,2025-01-02,S-05,หน้าร้าน,P-101,1,35.00,1.75,33.25,2.18,0.00,0.00
O-000027,2025-01-02,S-03,หน้าร้าน,P-102,1,28.00,1.40,26.60,1.74,0.00,0.00
O-000028,2025-01-02,S-01,หน้าร้าน,P-101,2,70.00,7.00,63.00,4.12,0.00,0.00
O-000029,2025-01-02,S-05,หน้าร้าน,P-103,1,45.00,4.50,40.50,2.65,0.00,0.00
O-000030,2025-01-02,S-02,หน้าร้าน,P-302,1,3890.00,778.00,3112.00,203.59,0.00,0.00
O-000031,2025-01-02,S-06,หน้าร้าน,P-101,1,35.00,0.00,35.00,2.29,0.00,0.00
O-000032,2025-01-02,S-90,ออนไลน์,P-103,3,135.00,0.00,135.00,8.83,50.00,0.00
O-000033,2025-01-02,S-04,หน้าร้าน,P-201,2,190.00,19.00,171.00,11.19,0.00,0.00
O-000034,2025-01-02,S-05,หน้าร้าน,P-302,1,3890.00,778.00,3112.00,203.59,0.00,0.00
O-000035,2025-01-02,S-01,หน้าร้าน,P-101,2,70.00,0.00,70.00,4.58,0.00,0.00
O-000036,2025-01-02,S-01,หน้าร้าน,P-201,1,95.00,19.00,76.00,4.97,0.00,0.00
O-000037,2025-01-02,S-06,หน้าร้าน,P-103,2,90.00,18.00,72.00,4.71,0.00,0.00
O-000038,2025-01-02,S-01,หน้าร้าน,P-101,5,175.00,0.00,175.00,11.45,0.00,0.00
O-000039,2025-01-02,S-05,หน้าร้าน,P-101,1,35.00,7.00,28.00,1.83,0.00,0.00
O-000040,2025-01-02,S-06,หน้าร้าน,P-203,2,150.00,7.50,142.50,9.32,0.00,0.00
O-000041,2025-01-02,S-02,หน้าร้าน,P-201,2,190.00,0.00,190.00,12.43,0.00,0.00
O-000042,2025-01-02,S-05,หน้าร้าน,P-102,5,140.00,28.00,112.00,7.33,0.00,0.00
O-000043,2025-01-02,S-03,หน้าร้าน,P-302,1,3890.00,0.00,3890.00,254.49,0.00,0.00
O-000044,2025-01-02,S-03,หน้าร้าน,P-101,2,70.00,0.00,70.00,4.58,0.00,0.00
O-000045,2025-01-02,S-03,หน้าร้าน,P-302,1,3890.00,389.00,3501.00,229.04,0.00,0.00
O-000046,2025-01-02,S-05,หน้าร้าน,P-102,2,56.00,2.80,53.20,3.48,0.00,0.00
O-000047,2025-01-02,S-03,หน้าร้าน,P-102,1,28.00,5.60,22.40,1.47,0.00,0.00
O-000048,2025-01-02,S-01,หน้าร้าน,P-301,1,2450.00,0.00,2450.00,160.28,0.00,0.00
O-000049,2025-01-02,S-05,หน้าร้าน,P-301,3,7350.00,1470.00,5880.00,384.67,0.00,0.00
O-000050,2025-01-02,S-04,หน้าร้าน,P-302,5,19450.00,3890.00,15560.00,1017.94,0.00,0.00
O-000051,2025-01-03,S-06,หน้าร้าน,P-201,3,285.00,57.00,228.00,14.92,0.00,0.00
O-000052,2025-01-03,S-04,หน้าร้าน,P-202,2,240.00,24.00,216.00,14.13,0.00,0.00
O-000053,2025-01-03,S-01,หน้าร้าน,P-302,1,3890.00,194.50,3695.50,241.76,0.00,0.00
O-000054,2025-01-03,S-02,หน้าร้าน,P-201,2,190.00,0.00,190.00,12.43,0.00,0.00
O-000055,2025-01-03,S-01,หน้าร้าน,P-102,1,28.00,1.40,26.60,1.74,0.00,0.00
O-000056,2025-01-03,S-01,หน้าร้าน,P-302,5,19450.00,972.50,18477.50,1208.81,0.00,0.00
O-000057,2025-01-03,S-90,ออนไลน์,P-301,1,2450.00,0.00,2450.00,160.28,50.00,0.00
O-000058,2025-01-03,S-04,หน้าร้าน,P-201,1,95.00,0.00,95.00,6.21,0.00,0.00
O-000059,2025-01-03,S-03,หน้าร้าน,P-301,5,12250.00,612.50,11637.50,761.33,0.00,0.00
O-000060,2025-01-03,S-06,หน้าร้าน,P-201,1,95.00,0.00,95.00,6.21,0.00,0.00
O-000061,2025-01-03,S-03,หน้าร้าน,P-302,2,7780.00,1556.00,6224.00,407.18,0.00,0.00
O-000062,2025-01-03,S-04,หน้าร้าน,P-201,1,95.00,0.00,95.00,6.21,0.00,0.00
O-000063,2025-01-03,S-02,หน้าร้าน,P-102,3,84.00,8.40,75.60,4.95,0.00,0.00
O-000064,2025-01-03,S-02,หน้าร้าน,P-103,1,45.00,0.00,45.00,2.94,0.00,0.00
O-000065,2025-01-03,S-02,หน้าร้าน,P-102,3,84.00,4.20,79.80,5.22,0.00,0.00
O-000066,2025-01-03,S-01,หน้าร้าน,P-101,2,70.00,7.00,63.00,4.12,0.00,0.00
O-000067,2025-01-03,S-05,หน้าร้าน,P-301,1,2450.00,0.00,2450.00,160.28,0.00,0.00
O-000068,2025-01-03,S-02,หน้าร้าน,P-202,2,240.00,48.00,192.00,12.56,0.00,0.00
O-000069,2025-01-03,S-01,หน้าร้าน,P-301,1,2450.00,245.00,2205.00,144.25,0.00,0.00
O-000070,2025-01-03,S-90,ออนไลน์,P-103,2,90.00,4.50,85.50,5.59,80.00,0.00
O-000071,2025-01-03,S-03,หน้าร้าน,P-202,1,120.00,12.00,108.00,7.07,0.00,0.00
O-000072,2025-01-03,S-03,หน้าร้าน,P-301,1,2450.00,490.00,1960.00,128.22,0.00,0.00
O-000073,2025-01-03,S-05,หน้าร้าน,P-102,1,28.00,2.80,25.20,1.65,0.00,0.00
O-000074,2025-01-03,S-02,หน้าร้าน,P-101,2,70.00,7.00,63.00,4.12,0.00,0.00
O-000075,2025-01-04,S-02,หน้าร้าน,P-302,2,7780.00,1556.00,6224.00,407.18,0.00,0.00
O-000076,2025-01-04,S-01,หน้าร้าน,P-102,1,28.00,1.40,26.60,1.74,0.00,0.00
O-000077,2025-01-04,S-06,หน้าร้าน,P-102,1,28.00,1.40,26.60,1.74,0.00,0.00
O-000078,2025-01-04,S-05,หน้าร้าน,P-301,3,7350.00,735.00,6615.00,432.76,0.00,0.00
O-000079,2025-01-04,S-03,หน้าร้าน,P-301,2,4900.00,245.00,4655.00,304.53,0.00,0.00
O-000080,2025-01-04,S-03,หน้าร้าน,P-103,2,90.00,0.00,90.00,5.89,0.00,0.00
O-000081,2025-01-04,S-03,หน้าร้าน,P-302,1,3890.00,389.00,3501.00,229.04,0.00,0.00
O-000082,2025-01-04,S-01,หน้าร้าน,P-302,1,3890.00,389.00,3501.00,229.04,0.00,0.00
O-000083,2025-01-04,S-01,หน้าร้าน,P-203,2,150.00,0.00,150.00,9.81,0.00,0.00
O-000084,2025-01-04,S-03,หน้าร้าน,P-301,1,2450.00,0.00,2450.00,160.28,0.00,0.00
O-000085,2025-01-04,S-05,หน้าร้าน,P-203,1,75.00,0.00,75.00,4.91,0.00,0.00
O-000086,2025-01-04,S-03,หน้าร้าน,P-201,2,190.00,38.00,152.00,9.94,0.00,0.00
O-000087,2025-01-04,S-06,หน้าร้าน,P-202,1,120.00,0.00,120.00,7.85,0.00,0.00
O-000088,2025-01-04,S-03,หน้าร้าน,P-302,1,3890.00,194.50,3695.50,241.76,0.00,0.00
O-000089,2025-01-04,S-03,หน้าร้าน,P-101,1,35.00,0.00,35.00,2.29,0.00,0.00
O-000090,2025-01-04,S-02,หน้าร้าน,P-101,2,70.00,7.00,63.00,4.12,0.00,0.00
O-000091,2025-01-04,S-05,หน้าร้าน,P-201,1,95.00,4.75,90.25,5.90,0.00,0.00
O-000092,2025-01-04,S-01,หน้าร้าน,P-201,2,190.00,9.50,180.50,11.81,0.00,0.00
O-000093,2025-01-04,S-06,หน้าร้าน,P-201,3,285.00,57.00,228.00,14.92,0.00,0.00
O-000094,2025-01-05,S-03,หน้าร้าน,P-302,1,3890.00,0.00,3890.00,254.49,0.00,0.00
O-000095,2025-01-05,S-01,หน้าร้าน,P-302,1,3890.00,194.50,3695.50,241.76,0.00,0.00
O-000096,2025-01-05,S-01,หน้าร้าน,P-201,5,475.00,0.00,475.00,31.07,0.00,0.00
O-000097,2025-01-05,S-90,ออนไลน์,P-102,3,84.00,4.20,79.80,5.22,50.00,0.00
O-000098,2025-01-05,S-03,หน้าร้าน,P-302,1,3890.00,778.00,3112.00,203.59,0.00,0.00
O-000099,2025-01-05,S-90,ออนไลน์,P-201,2,190.00,19.00,171.00,11.19,80.00,0.00
O-000100,2025-01-05,S-01,หน้าร้าน,P-203,2,150.00,7.50,142.50,9.32,0.00,0.00
O-000101,2025-01-05,S-03,หน้าร้าน,P-203,3,225.00,0.00,225.00,14.72,0.00,0.00
O-000102,2025-01-05,S-01,หน้าร้าน,P-301,2,4900.00,245.00,4655.00,304.53,0.00,0.00
O-000103,2025-01-05,S-05,หน้าร้าน,P-203,1,75.00,15.00,60.00,3.93,0.00,0.00
O-000104,2025-01-05,S-03,หน้าร้าน,P-101,1,35.00,1.75,33.25,2.18,0.00,0.00
O-000105,2025-01-05,S-06,หน้าร้าน,P-301,1,2450.00,0.00,2450.00,160.28,0.00,0.00
O-000106,2025-01-05,S-03,หน้าร้าน,P-102,2,56.00,0.00,56.00,3.66,0.00,0.00
O-000107,2025-01-05,S-02,หน้าร้าน,P-203,3,225.00,11.25,213.75,13.98,0.00,0.00
O-000108,2025-01-05,S-02,หน้าร้าน,P-302,2,7780.00,778.00,7002.00,458.07,0.00,0.00
O-000109,2025-01-05,S-90,ออนไลน์,P-201,2,190.00,0.00,190.00,12.43,80.00,0.00
O-000110,2025-01-05,S-01,หน้าร้าน,P-102,1,28.00,0.00,28.00,1.83,0.00,0.00
O-000111,2025-01-05,S-04,หน้าร้าน,P-201,1,95.00,0.00,95.00,6.21,0.00,0.00
O-000112,2025-01-05,S-06,หน้าร้าน,P-302,1,3890.00,0.00,3890.00,254.49,0.00,0.00
O-000113,2025-01-05,S-05,หน้าร้าน,P-301,1,2450.00,122.50,2327.50,152.27,0.00,0.00
O-000114,2025-01-05,S-06,หน้าร้าน,P-102,1,28.00,1.40,26.60,1.74,0.00,0.00
O-000115,2025-01-05,S-06,หน้าร้าน,P-302,2,7780.00,389.00,7391.00,483.52,0.00,0.00
O-000116,2025-01-05,S-05,หน้าร้าน,P-203,3,225.00,22.50,202.50,13.25,0.00,0.00
O-000117,2025-01-05,S-02,หน้าร้าน,P-103,2,90.00,9.00,81.00,5.30,0.00,0.00
O-000118,2025-01-05,S-05,หน้าร้าน,P-302,3,11670.00,583.50,11086.50,725.29,0.00,0.00
O-000119,2025-01-05,S-90,ออนไลน์,P-301,2,4900.00,0.00,4900.00,320.56,0.00,0.00
O-000120,2025-01-05,S-01,หน้าร้าน,P-301,1,2450.00,0.00,2450.00,160.28,0.00,0.00
O-000121,2025-01-05,S-90,ออนไลน์,P-103,1,45.00,2.25,42.75,2.80,0.00,0.00
O-000122,2025-01-05,S-01,หน้าร้าน,P-201,1,95.00,0.00,95.00,6.21,0.00,0.00
O-000123,2025-01-05,S-04,หน้าร้าน,P-202,3,360.00,72.00,288.00,18.84,0.00,0.00
O-000124,2025-01-05,S-01,หน้าร้าน,P-101,1,35.00,3.50,31.50,2.06,0.00,0.00
O-000125,2025-01-05,S-04,หน้าร้าน,P-201,2,190.00,9.50,180.50,11.81,0.00,0.00
O-000126,2025-01-05,S-06,หน้าร้าน,P-103,2,90.00,18.00,72.00,4.71,0.00,0.00
O-000127,2025-01-06,S-04,หน้าร้าน,P-202,1,120.00,24.00,96.00,6.28,0.00,0.00
O-000128,2025-01-06,S-90,ออนไลน์,P-302,1,3890.00,194.50,3695.50,241.76,50.00,0.00
O-000129,2025-01-06,S-05,หน้าร้าน,P-203,2,150.00,0.00,150.00,9.81,0.00,0.00
O-000130,2025-01-06,S-03,หน้าร้าน,P-203,1,75.00,0.00,75.00,4.91,0.00,0.00
O-000131,2025-01-06,S-02,หน้าร้าน,P-301,2,4900.00,0.00,4900.00,320.56,0.00,0.00
O-000132,2025-01-06,S-90,ออนไลน์,P-302,1,3890.00,389.00,3501.00,229.04,50.00,0.00
O-000133,2025-01-06,S-02,หน้าร้าน,P-301,2,4900.00,0.00,4900.00,320.56,0.00,0.00
O-000134,2025-01-06,S-06,หน้าร้าน,P-302,3,11670.00,583.50,11086.50,725.29,0.00,0.00
O-000135,2025-01-06,S-04,หน้าร้าน,P-103,1,45.00,2.25,42.75,2.80,0.00,0.00
O-000136,2025-01-06,S-03,หน้าร้าน,P-103,1,45.00,9.00,36.00,2.36,0.00,0.00
O-000137,2025-01-06,S-03,หน้าร้าน,P-101,1,35.00,0.00,35.00,2.29,0.00,0.00
O-000138,2025-01-06,S-06,หน้าร้าน,P-202,1,120.00,6.00,114.00,7.46,0.00,0.00
O-000139,2025-01-06,S-05,หน้าร้าน,P-202,2,240.00,48.00,192.00,12.56,0.00,0.00
O-000140,2025-01-06,S-04,หน้าร้าน,P-201,1,95.00,0.00,95.00,6.21,0.00,0.00
O-000141,2025-01-06,S-04,หน้าร้าน,P-302,1,3890.00,194.50,3695.50,241.76,0.00,0.00
O-000142,2025-01-06,S-90,ออนไลน์,P-202,1,120.00,0.00,120.00,7.85,0.00,0.00
O-000143,2025-01-06,S-06,หน้าร้าน,P-202,1,120.00,0.00,120.00,7.85,0.00,0.00
O-000144,2025-01-06,S-06,หน้าร้าน,P-203,1,75.00,0.00,75.00,4.91,0.00,0.00
O-000145,2025-01-06,S-03,หน้าร้าน,P-101,2,70.00,0.00,70.00,4.58,0.00,0.00
O-000146,2025-01-06,S-06,หน้าร้าน,P-301,1,2450.00,245.00,2205.00,144.25,0.00,0.00
O-000147,2025-01-06,S-90,ออนไลน์,P-302,1,3890.00,0.00,3890.00,254.49,0.00,0.00
O-000148,2025-01-06,S-03,หน้าร้าน,P-103,2,90.00,9.00,81.00,5.30,0.00,0.00
O-000149,2025-01-06,S-01,หน้าร้าน,P-302,1,3890.00,389.00,3501.00,229.04,0.00,0.00
O-000150,2025-01-06,S-05,หน้าร้าน,P-103,1,45.00,4.50,40.50,2.65,0.00,0.00
O-000151,2025-01-06,S-03,หน้าร้าน,P-301,1,2450.00,490.00,1960.00,128.22,0.00,0.00
O-000152,2025-01-06,S-04,หน้าร้าน,P-102,1,28.00,0.00,28.00,1.83,0.00,0.00
O-000153,2025-01-06,S-04,หน้าร้าน,P-102,1,28.00,1.40,26.60,1.74,0.00,0.00
O-000154,2025-01-06,S-06,หน้าร้าน,P-201,2,190.00,0.00,190.00,12.43,0.00,0.00
O-000155,2025-01-06,S-04,หน้าร้าน,P-301,1,2450.00,490.00,1960.00,128.22,0.00,0.00
O-000156,2025-01-06,S-03,หน้าร้าน,P-203,2,150.00,0.00,150.00,9.81,0.00,0.00
O-000157,2025-01-06,S-04,หน้าร้าน,P-202,2,240.00,24.00,216.00,14.13,0.00,0.00
O-000158,2025-01-07,S-03,หน้าร้าน,P-202,5,600.00,60.00,540.00,35.33,0.00,0.00
O-000159,2025-01-07,S-90,ออนไลน์,P-201,1,95.00,4.75,90.25,5.90,50.00,0.00
O-000160,2025-01-07,S-06,หน้าร้าน,P-203,1,75.00,0.00,75.00,4.91,0.00,0.00
O-000161,2025-01-07,S-01,หน้าร้าน,P-103,1,45.00,0.00,45.00,2.94,0.00,0.00
O-000162,2025-01-07,S-04,หน้าร้าน,P-302,2,7780.00,389.00,7391.00,483.52,0.00,0.00
O-000163,2025-01-07,S-90,ออนไลน์,P-202,5,600.00,0.00,600.00,39.25,50.00,0.00
O-000164,2025-01-07,S-01,หน้าร้าน,P-203,2,150.00,0.00,150.00,9.81,0.00,0.00
O-000165,2025-01-07,S-01,หน้าร้าน,P-203,1,75.00,7.50,67.50,4.42,0.00,0.00
O-000166,2025-01-07,S-04,หน้าร้าน,P-102,1,28.00,2.80,25.20,1.65,0.00,0.00
O-000167,2025-01-07,S-02,หน้าร้าน,P-203,1,75.00,15.00,60.00,3.93,0.00,0.00
O-000168,2025-01-07,S-05,หน้าร้าน,P-302,5,19450.00,0.00,19450.00,1272.43,0.00,0.00
O-000169,2025-01-07,S-02,หน้าร้าน,P-203,1,75.00,0.00,75.00,4.91,0.00,0.00
O-000170,2025-01-07,S-04,หน้าร้าน,P-203,1,75.00,0.00,75.00,4.91,0.00,0.00
O-000171,2025-01-07,S-02,หน้าร้าน,P-301,1,2450.00,490.00,1960.00,128.22,0.00,0.00
O-000172,2025-01-07,S-01,หน้าร้าน,P-101,1,35.00,0.00,35.00,2.29,0.00,0.00
O-000173,2025-01-07,S-02,หน้าร้าน,P-301,2,4900.00,980.00,3920.00,256.45,0.00,0.00
O-000174,2025-01-07,S-03,หน้าร้าน,P-101,1,35.00,0.00,35.00,2.29,0.00,0.00
O-000175,2025-01-07,S-03,หน้าร้าน,P-101,1,35.00,1.75,33.25,2.18,0.00,0.00
O-000176,2025-01-07,S-05,หน้าร้าน,P-101,1,35.00,7.00,28.00,1.83,0.00,0.00
O-000177,2025-01-07,S-05,หน้าร้าน,P-302,1,3890.00,194.50,3695.50,241.76,0.00,0.00
O-000178,2025-01-07,S-90,ออนไลน์,P-102,1,28.00,1.40,26.60,1.74,50.00,0.00
O-000179,2025-01-07,S-02,หน้าร้าน,P-101,1,35.00,0.00,35.00,2.29,0.00,0.00
O-000180,2025-01-07,S-05,หน้าร้าน,P-101,2,70.00,0.00,70.00,4.58,0.00,0.00
O-000181,2025-01-07,S-03,หน้าร้าน,P-102,1,28.00,1.40,26.60,1.74,0.00,0.00
O-000182,2025-01-08,S-02,หน้าร้าน,P-202,1,120.00,24.00,96.00,6.28,0.00,0.00
O-000183,2025-01-08,S-03,หน้าร้าน,P-203,2,150.00,0.00,150.00,9.81,0.00,0.00
O-000184,2025-01-08,S-90,ออนไลน์,P-301,2,4900.00,0.00,4900.00,320.56,0.00,0.00
O-000185,2025-01-08,S-05,หน้าร้าน,P-102,1,28.00,2.80,25.20,1.65,0.00,0.00
O-000186,2025-01-08,S-02,หน้าร้าน,P-102,1,28.00,2.80,25.20,1.65,0.00,0.00
O-000187,2025-01-08,S-06,หน้าร้าน,P-203,2,150.00,0.00,150.00,9.81,0.00,0.00
O-000188,2025-01-08,S-90,ออนไลน์,P-203,5,375.00,18.75,356.25,23.31,35.00,0.00
O-000189,2025-01-08,S-90,ออนไลน์,P-302,1,3890.00,0.00,3890.00,254.49,0.00,0.00
O-000190,2025-01-08,S-03,หน้าร้าน,P-203,2,150.00,7.50,142.50,9.32,0.00,0.00
O-000191,2025-01-08,S-02,หน้าร้าน,P-301,1,2450.00,490.00,1960.00,128.22,0.00,0.00
O-000192,2025-01-08,S-05,หน้าร้าน,P-201,1,95.00,0.00,95.00,6.21,0.00,0.00
O-000193,2025-01-08,S-02,หน้าร้าน,P-202,2,240.00,0.00,240.00,15.70,0.00,0.00
O-000194,2025-01-08,S-90,ออนไลน์,P-101,2,70.00,14.00,56.00,3.66,0.00,0.00
O-000195,2025-01-08,S-04,หน้าร้าน,P-301,3,7350.00,735.00,6615.00,432.76,0.00,0.00
O-000196,2025-01-08,S-03,หน้าร้าน,P-201,2,190.00,19.00,171.00,11.19,0.00,0.00
O-000197,2025-01-08,S-06,หน้าร้าน,P-103,3,135.00,6.75,128.25,8.39,0.00,0.00
O-000198,2025-01-08,S-90,ออนไลน์,P-201,2,190.00,19.00,171.00,11.19,80.00,0.00
O-000199,2025-01-08,S-04,หน้าร้าน,P-103,2,90.00,9.00,81.00,5.30,0.00,0.00
O-000200,2025-01-08,S-01,หน้าร้าน,P-201,1,95.00,9.50,85.50,5.59,0.00,0.00
O-000201,2025-01-08,S-06,หน้าร้าน,P-102,1,28.00,1.40,26.60,1.74,0.00,0.00
O-000202,2025-01-08,S-90,ออนไลน์,P-101,1,35.00,0.00,35.00,2.29,0.00,0.00
O-000203,2025-01-08,S-05,หน้าร้าน,P-203,2,150.00,30.00,120.00,7.85,0.00,0.00
O-000204,2025-01-08,S-02,หน้าร้าน,P-301,1,2450.00,0.00,2450.00,160.28,0.00,0.00
O-000205,2025-01-08,S-06,หน้าร้าน,P-103,1,45.00,9.00,36.00,2.36,0.00,0.00
O-000206,2025-01-09,S-01,หน้าร้าน,P-103,2,90.00,4.50,85.50,5.59,0.00,0.00
O-000207,2025-01-09,S-04,หน้าร้าน,P-203,2,150.00,0.00,150.00,9.81,0.00,0.00
O-000208,2025-01-09,S-04,หน้าร้าน,P-102,1,28.00,1.40,26.60,1.74,0.00,0.00
O-000209,2025-01-09,S-02,หน้าร้าน,P-102,1,28.00,0.00,28.00,1.83,0.00,0.00
O-000210,2025-01-09,S-01,หน้าร้าน,P-102,3,84.00,8.40,75.60,4.95,0.00,0.00
O-000211,2025-01-09,S-05,หน้าร้าน,P-103,2,90.00,0.00,90.00,5.89,0.00,0.00
O-000212,2025-01-09,S-05,หน้าร้าน,P-301,5,12250.00,1225.00,11025.00,721.26,0.00,0.00
O-000213,2025-01-09,S-02,หน้าร้าน,P-102,2,56.00,2.80,53.20,3.48,0.00,0.00
O-000214,2025-01-09,S-04,หน้าร้าน,P-203,3,225.00,45.00,180.00,11.78,0.00,0.00
O-000215,2025-01-09,S-04,หน้าร้าน,P-201,3,285.00,14.25,270.75,17.71,0.00,0.00
O-000216,2025-01-09,S-04,หน้าร้าน,P-101,1,35.00,0.00,35.00,2.29,0.00,0.00
O-000217,2025-01-09,S-05,หน้าร้าน,P-103,2,90.00,0.00,90.00,5.89,0.00,0.00
O-000218,2025-01-09,S-90,ออนไลน์,P-103,1,45.00,2.25,42.75,2.80,35.00,0.00
O-000219,2025-01-09,S-02,หน้าร้าน,P-203,2,150.00,7.50,142.50,9.32,0.00,0.00
O-000220,2025-01-09,S-04,หน้าร้าน,P-302,2,7780.00,0.00,7780.00,508.97,0.00,0.00
O-000221,2025-01-09,S-04,หน้าร้าน,P-203,3,225.00,45.00,180.00,11.78,0.00,0.00
O-000222,2025-01-09,S-02,หน้าร้าน,P-103,1,45.00,2.25,42.75,2.80,0.00,0.00
O-000223,2025-01-09,S-04,หน้าร้าน,P-201,1,95.00,9.50,85.50,5.59,0.00,0.00
O-000224,2025-01-09,S-01,หน้าร้าน,P-302,1,3890.00,0.00,3890.00,254.49,0.00,0.00
O-000225,2025-01-09,S-05,หน้าร้าน,P-302,2,7780.00,0.00,7780.00,508.97,0.00,0.00
O-000226,2025-01-09,S-06,หน้าร้าน,P-202,1,120.00,0.00,120.00,7.85,0.00,0.00
O-000227,2025-01-09,S-06,หน้าร้าน,P-202,3,360.00,0.00,360.00,23.55,0.00,0.00
O-000228,2025-01-10,S-02,หน้าร้าน,P-202,1,120.00,0.00,120.00,7.85,0.00,0.00
O-000229,2025-01-10,S-04,หน้าร้าน,P-201,1,95.00,0.00,95.00,6.21,0.00,0.00
O-000230,2025-01-10,S-01,หน้าร้าน,P-203,1,75.00,3.75,71.25,4.66,0.00,0.00
O-000231,2025-01-10,S-90,ออนไลน์,P-103,1,45.00,0.00,45.00,2.94,0.00,0.00
O-000232,2025-01-10,S-03,หน้าร้าน,P-203,1,75.00,0.00,75.00,4.91,0.00,0.00
O-000233,2025-01-10,S-06,หน้าร้าน,P-103,2,90.00,9.00,81.00,5.30,0.00,0.00
O-000234,2025-01-10,S-06,หน้าร้าน,P-302,1,3890.00,0.00,3890.00,254.49,0.00,0.00
O-000235,2025-01-10,S-06,หน้าร้าน,P-302,5,19450.00,972.50,18477.50,1208.81,0.00,0.00
O-000236,2025-01-10,S-02,หน้าร้าน,P-101,3,105.00,21.00,84.00,5.50,0.00,0.00
O-000237,2025-01-10,S-02,หน้าร้าน,P-101,2,70.00,7.00,63.00,4.12,0.00,63.00
O-000238,2025-01-10,S-90,ออนไลน์,P-103,2,90.00,18.00,72.00,4.71,35.00,0.00
O-000239,2025-01-10,S-90,ออนไลน์,P-203,1,75.00,7.50,67.50,4.42,35.00,0.00
O-000240,2025-01-10,S-01,หน้าร้าน,P-103,1,45.00,9.00,36.00,2.36,0.00,0.00
O-000241,2025-01-10,S-03,หน้าร้าน,P-202,2,240.00,0.00,240.00,15.70,0.00,0.00
O-000242,2025-01-10,S-90,ออนไลน์,P-102,1,28.00,1.40,26.60,1.74,50.00,0.00
O-000243,2025-01-10,S-02,หน้าร้าน,P-202,2,240.00,48.00,192.00,12.56,0.00,0.00
O-000244,2025-01-10,S-06,หน้าร้าน,P-203,1,75.00,3.75,71.25,4.66,0.00,0.00
O-000245,2025-01-10,S-04,หน้าร้าน,P-301,2,4900.00,980.00,3920.00,256.45,0.00,0.00
O-000246,2025-01-10,S-04,หน้าร้าน,P-301,2,4900.00,0.00,4900.00,320.56,0.00,0.00
O-000247,2025-01-10,S-01,หน้าร้าน,P-101,1,35.00,0.00,35.00,2.29,0.00,0.00
O-000248,2025-01-10,S-02,หน้าร้าน,P-102,2,56.00,0.00,56.00,3.66,0.00,0.00
O-000249,2025-01-10,S-03,หน้าร้าน,P-301,3,7350.00,1470.00,5880.00,384.67,0.00,0.00
O-000250,2025-01-11,S-06,หน้าร้าน,P-203,1,75.00,3.75,71.25,4.66,0.00,0.00
O-000251,2025-01-11,S-04,หน้าร้าน,P-203,1,75.00,0.00,75.00,4.91,0.00,0.00
O-000252,2025-01-11,S-90,ออนไลน์,P-203,2,150.00,15.00,135.00,8.83,35.00,0.00
O-000253,2025-01-11,S-06,หน้าร้าน,P-302,2,7780.00,0.00,7780.00,508.97,0.00,0.00
O-000254,2025-01-11,S-05,หน้าร้าน,P-101,1,35.00,1.75,33.25,2.18,0.00,0.00
O-000255,2025-01-11,S-90,ออนไลน์,P-302,1,3890.00,0.00,3890.00,254.49,50.00,0.00
O-000256,2025-01-11,S-04,หน้าร้าน,P-103,1,45.00,2.25,42.75,2.80,0.00,0.00
O-000257,2025-01-11,S-90,ออนไลน์,P-201,1,95.00,0.00,95.00,6.21,0.00,0.00
O-000258,2025-01-11,S-01,หน้าร้าน,P-203,5,375.00,0.00,375.00,24.53,0.00,0.00
O-000259,2025-01-11,S-90,ออนไลน์,P-201,3,285.00,14.25,270.75,17.71,50.00,0.00
O-000260,2025-01-11,S-05,หน้าร้าน,P-301,3,7350.00,1470.00,5880.00,384.67,0.00,0.00
O-000261,2025-01-11,S-90,ออนไลน์,P-302,2,7780.00,389.00,7391.00,483.52,80.00,0.00
O-000262,2025-01-11,S-04,หน้าร้าน,P-103,5,225.00,45.00,180.00,11.78,0.00,0.00
O-000263,2025-01-11,S-90,ออนไลน์,P-302,2,7780.00,1556.00,6224.00,407.18,0.00,0.00
O-000264,2025-01-11,S-02,หน้าร้าน,P-102,2,56.00,11.20,44.80,2.93,0.00,0.00
O-000265,2025-01-11,S-01,หน้าร้าน,P-101,1,35.00,1.75,33.25,2.18,0.00,0.00
O-000266,2025-01-11,S-90,ออนไลน์,P-101,1,35.00,3.50,31.50,2.06,35.00,0.00
O-000267,2025-01-11,S-02,หน้าร้าน,P-203,1,75.00,15.00,60.00,3.93,0.00,0.00
O-000268,2025-01-11,S-01,หน้าร้าน,P-203,1,75.00,3.75,71.25,4.66,0.00,0.00
O-000269,2025-01-11,S-90,ออนไลน์,P-101,3,105.00,21.00,84.00,5.50,50.00,0.00
O-000270,2025-01-11,S-90,ออนไลน์,P-302,1,3890.00,0.00,3890.00,254.49,80.00,0.00
O-000271,2025-01-11,S-90,ออนไลน์,P-203,1,75.00,0.00,75.00,4.91,80.00,0.00
O-000272,2025-01-11,S-01,หน้าร้าน,P-103,2,90.00,18.00,72.00,4.71,0.00,0.00
O-000273,2025-01-11,S-04,หน้าร้าน,P-102,1,28.00,0.00,28.00,1.83,0.00,0.00
O-000274,2025-01-11,S-03,หน้าร้าน,P-103,2,90.00,18.00,72.00,4.71,0.00,0.00
O-000275,2025-01-11,S-03,หน้าร้าน,P-101,1,35.00,0.00,35.00,2.29,0.00,0.00
O-000276,2025-01-11,S-02,หน้าร้าน,P-101,2,70.00,0.00,70.00,4.58,0.00,0.00
O-000277,2025-01-11,S-05,หน้าร้าน,P-101,3,105.00,10.50,94.50,6.18,0.00,0.00
O-000278,2025-01-11,S-90,ออนไลน์,P-302,1,3890.00,194.50,3695.50,241.76,80.00,0.00
O-000279,2025-01-11,S-90,ออนไลน์,P-101,1,35.00,3.50,31.50,2.06,0.00,0.00
O-000280,2025-01-11,S-90,ออนไลน์,P-301,2,4900.00,490.00,4410.00,288.50,50.00,0.00
O-000281,2025-01-11,S-02,หน้าร้าน,P-203,1,75.00,0.00,75.00,4.91,0.00,0.00
O-000282,2025-01-11,S-04,หน้าร้าน,P-103,1,45.00,0.00,45.00,2.94,0.00,0.00
O-000283,2025-01-12,S-02,หน้าร้าน,P-203,1,75.00,7.50,67.50,4.42,0.00,0.00
O-000284,2025-01-12,S-02,หน้าร้าน,P-101,1,35.00,7.00,28.00,1.83,0.00,0.00
O-000285,2025-01-12,S-05,หน้าร้าน,P-103,1,45.00,4.50,40.50,2.65,0.00,0.00
O-000286,2025-01-12,S-06,หน้าร้าน,P-101,1,35.00,7.00,28.00,1.83,0.00,0.00
O-000287,2025-01-12,S-06,หน้าร้าน,P-201,5,475.00,47.50,427.50,27.97,0.00,0.00
O-000288,2025-01-12,S-02,หน้าร้าน,P-202,3,360.00,0.00,360.00,23.55,0.00,0.00
O-000289,2025-01-12,S-90,ออนไลน์,P-203,1,75.00,15.00,60.00,3.93,50.00,0.00
O-000290,2025-01-12,S-04,หน้าร้าน,P-203,1,75.00,3.75,71.25,4.66,0.00,0.00
O-000291,2025-01-12,S-04,หน้าร้าน,P-102,2,56.00,2.80,53.20,3.48,0.00,0.00
O-000292,2025-01-12,S-01,หน้าร้าน,P-201,1,95.00,0.00,95.00,6.21,0.00,0.00
O-000293,2025-01-12,S-04,หน้าร้าน,P-201,3,285.00,57.00,228.00,14.92,0.00,0.00
O-000294,2025-01-12,S-06,หน้าร้าน,P-302,1,3890.00,389.00,3501.00,229.04,0.00,0.00
O-000295,2025-01-12,S-05,หน้าร้าน,P-101,2,70.00,0.00,70.00,4.58,0.00,0.00
O-000296,2025-01-12,S-01,หน้าร้าน,P-202,1,120.00,0.00,120.00,7.85,0.00,0.00
O-000297,2025-01-12,S-03,หน้าร้าน,P-201,1,95.00,9.50,85.50,5.59,0.00,0.00
O-000298,2025-01-12,S-90,ออนไลน์,P-301,1,2450.00,490.00,1960.00,128.22,35.00,0.00
O-000299,2025-01-12,S-02,หน้าร้าน,P-201,1,95.00,19.00,76.00,4.97,0.00,0.00
O-000300,2025-01-12,S-01,หน้าร้าน,P-202,1,120.00,6.00,114.00,7.46,0.00,0.00
O-000301,2025-01-12,S-02,หน้าร้าน,P-102,1,28.00,2.80,25.20,1.65,0.00,0.00
O-000302,2025-01-12,S-04,หน้าร้าน,P-202,1,120.00,24.00,96.00,6.28,0.00,0.00
O-000303,2025-01-12,S-04,หน้าร้าน,P-101,1,35.00,7.00,28.00,1.83,0.00,0.00
O-000304,2025-01-12,S-03,หน้าร้าน,P-101,3,105.00,5.25,99.75,6.53,0.00,0.00
O-000305,2025-01-12,S-05,หน้าร้าน,P-301,2,4900.00,980.00,3920.00,256.45,0.00,0.00
O-000306,2025-01-12,S-01,หน้าร้าน,P-301,1,2450.00,122.50,2327.50,152.27,0.00,0.00
O-000307,2025-01-12,S-01,หน้าร้าน,P-202,1,120.00,0.00,120.00,7.85,0.00,0.00
O-000308,2025-01-12,S-02,หน้าร้าน,P-103,2,90.00,4.50,85.50,5.59,0.00,0.00
O-000309,2025-01-12,S-06,หน้าร้าน,P-302,1,3890.00,778.00,3112.00,203.59,0.00,0.00
O-000310,2025-01-12,S-03,หน้าร้าน,P-203,1,75.00,0.00,75.00,4.91,0.00,0.00
O-000311,2025-01-12,S-01,หน้าร้าน,P-102,2,56.00,0.00,56.00,3.66,0.00,0.00
O-000312,2025-01-12,S-05,หน้าร้าน,P-102,1,28.00,5.60,22.40,1.47,0.00,0.00
O-000313,2025-01-12,S-05,หน้าร้าน,P-103,3,135.00,6.75,128.25,8.39,0.00,0.00
O-000314,2025-01-13,S-06,หน้าร้าน,P-101,1,35.00,7.00,28.00,1.83,0.00,0.00
O-000315,2025-01-13,S-90,ออนไลน์,P-203,1,75.00,3.75,71.25,4.66,0.00,0.00
O-000316,2025-01-13,S-04,หน้าร้าน,P-302,3,11670.00,1167.00,10503.00,687.11,0.00,0.00
O-000317,2025-01-13,S-04,หน้าร้าน,P-203,2,150.00,7.50,142.50,9.32,0.00,0.00
O-000318,2025-01-13,S-90,ออนไลน์,P-102,2,56.00,0.00,56.00,3.66,80.00,0.00
O-000319,2025-01-13,S-01,หน้าร้าน,P-103,1,45.00,9.00,36.00,2.36,0.00,0.00
O-000320,2025-01-13,S-05,หน้าร้าน,P-301,1,2450.00,0.00,2450.00,160.28,0.00,0.00
O-000321,2025-01-13,S-01,หน้าร้าน,P-101,2,70.00,7.00,63.00,4.12,0.00,0.00
O-000322,2025-01-13,S-04,หน้าร้าน,P-302,1,3890.00,0.00,3890.00,254.49,0.00,0.00
O-000323,2025-01-13,S-02,หน้าร้าน,P-103,1,45.00,0.00,45.00,2.94,0.00,0.00
O-000324,2025-01-13,S-06,หน้าร้าน,P-101,1,35.00,1.75,33.25,2.18,0.00,0.00
O-000325,2025-01-13,S-05,หน้าร้าน,P-102,1,28.00,2.80,25.20,1.65,0.00,0.00
O-000326,2025-01-13,S-05,หน้าร้าน,P-203,1,75.00,0.00,75.00,4.91,0.00,0.00
O-000327,2025-01-13,S-06,หน้าร้าน,P-202,1,120.00,0.00,120.00,7.85,0.00,0.00
O-000328,2025-01-13,S-90,ออนไลน์,P-302,1,3890.00,0.00,3890.00,254.49,0.00,0.00
O-000329,2025-01-13,S-90,ออนไลน์,P-301,1,2450.00,0.00,2450.00,160.28,0.00,0.00
O-000330,2025-01-13,S-02,หน้าร้าน,P-103,2,90.00,0.00,90.00,5.89,0.00,0.00
O-000331,2025-01-13,S-05,หน้าร้าน,P-302,2,7780.00,0.00,7780.00,508.97,0.00,0.00
O-000332,2025-01-13,S-04,หน้าร้าน,P-103,2,90.00,18.00,72.00,4.71,0.00,0.00
O-000333,2025-01-13,S-06,หน้าร้าน,P-103,3,135.00,13.50,121.50,7.95,0.00,0.00
O-000334,2025-01-13,S-02,หน้าร้าน,P-302,1,3890.00,778.00,3112.00,203.59,0.00,0.00
O-000335,2025-01-13,S-90,ออนไลน์,P-103,1,45.00,0.00,45.00,2.94,0.00,0.00
O-000336,2025-01-13,S-05,หน้าร้าน,P-301,2,4900.00,0.00,4900.00,320.56,0.00,0.00
O-000337,2025-01-13,S-06,หน้าร้าน,P-203,1,75.00,15.00,60.00,3.93,0.00,0.00
O-000338,2025-01-13,S-04,หน้าร้าน,P-302,3,11670.00,2334.00,9336.00,610.77,0.00,0.00
O-000339,2025-01-14,S-03,หน้าร้าน,P-102,1,28.00,2.80,25.20,1.65,0.00,0.00
O-000340,2025-01-14,S-06,หน้าร้าน,P-101,1,35.00,3.50,31.50,2.06,0.00,0.00
O-000341,2025-01-14,S-02,หน้าร้าน,P-201,1,95.00,4.75,90.25,5.90,0.00,0.00
O-000342,2025-01-14,S-04,หน้าร้าน,P-102,1,28.00,5.60,22.40,1.47,0.00,0.00
O-000343,2025-01-14,S-05,หน้าร้าน,P-201,5,475.00,23.75,451.25,29.52,0.00,0.00
O-000344,2025-01-14,S-05,หน้าร้าน,P-203,5,375.00,75.00,300.00,19.63,0.00,0.00
O-000345,2025-01-14,S-90,ออนไลน์,P-202,1,120.00,0.00,120.00,7.85,50.00,0.00
O-000346,2025-01-14,S-05,หน้าร้าน,P-203,1,75.00,0.00,75.00,4.91,0.00,0.00
O-000347,2025-01-14,S-06,หน้าร้าน,P-203,1,75.00,0.00,75.00,4.91,0.00,75.00
O-000348,2025-01-14,S-06,หน้าร้าน,P-202,1,120.00,24.00,96.00,6.28,0.00,0.00
O-000349,2025-01-14,S-90,ออนไลน์,P-201,1,95.00,4.75,90.25,5.90,35.00,0.00
O-000350,2025-01-14,S-06,หน้าร้าน,P-103,2,90.00,18.00,72.00,4.71,0.00,0.00
O-000351,2025-01-14,S-06,หน้าร้าน,P-203,1,75.00,15.00,60.00,3.93,0.00,0.00
O-000352,2025-01-14,S-02,หน้าร้าน,P-301,3,7350.00,1470.00,5880.00,384.67,0.00,0.00
O-000353,2025-01-14,S-02,หน้าร้าน,P-302,1,3890.00,0.00,3890.00,254.49,0.00,0.00
O-000354,2025-01-14,S-01,หน้าร้าน,P-101,2,70.00,3.50,66.50,4.35,0.00,0.00
O-000355,2025-01-14,S-03,หน้าร้าน,P-103,1,45.00,0.00,45.00,2.94,0.00,0.00
O-000356,2025-01-14,S-05,หน้าร้าน,P-103,5,225.00,0.00,225.00,14.72,0.00,0.00
O-000357,2025-01-14,S-90,ออนไลน์,P-102,2,56.00,11.20,44.80,2.93,0.00,0.00
O-000358,2025-01-14,S-90,ออนไลน์,P-201,1,95.00,19.00,76.00,4.97,0.00,0.00
O-000359,2025-01-14,S-04,หน้าร้าน,P-101,1,35.00,0.00,35.00,2.29,0.00,0.00
O-000360,2025-01-14,S-06,หน้าร้าน,P-101,3,105.00,10.50,94.50,6.18,0.00,0.00
O-000361,2025-01-14,S-03,หน้าร้าน,P-202,2,240.00,0.00,240.00,15.70,0.00,0.00
O-000362,2025-01-14,S-03,หน้าร้าน,P-203,1,75.00,0.00,75.00,4.91,0.00,0.00
O-000363,2025-01-14,S-04,หน้าร้าน,P-201,3,285.00,28.50,256.50,16.78,0.00,0.00
O-000364,2025-01-14,S-03,หน้าร้าน,P-301,5,12250.00,2450.00,9800.00,641.12,0.00,0.00
O-000365,2025-01-14,S-01,หน้าร้าน,P-301,1,2450.00,245.00,2205.00,144.25,0.00,0.00
O-000366,2025-01-14,S-02,หน้าร้าน,P-302,1,3890.00,389.00,3501.00,229.04,0.00,0.00
O-000367,2025-01-14,S-05,หน้าร้าน,P-101,1,35.00,0.00,35.00,2.29,0.00,0.00
O-000368,2025-01-14,S-03,หน้าร้าน,P-203,5,375.00,75.00,300.00,19.63,0.00,0.00
O-000369,2025-01-14,S-05,หน้าร้าน,P-301,1,2450.00,0.00,2450.00,160.28,0.00,0.00
O-000370,2025-01-14,S-90,ออนไลน์,P-203,2,150.00,7.50,142.50,9.32,0.00,0.00
O-000371,2025-01-14,S-02,หน้าร้าน,P-301,2,4900.00,490.00,4410.00,288.50,0.00,0.00
O-000372,2025-01-14,S-02,หน้าร้าน,P-302,1,3890.00,389.00,3501.00,229.04,0.00,0.00
O-000373,2025-01-15,S-05,หน้าร้าน,P-301,5,12250.00,0.00,12250.00,801.40,0.00,0.00
O-000374,2025-01-15,S-05,หน้าร้าน,P-203,3,225.00,0.00,225.00,14.72,0.00,0.00
O-000375,2025-01-15,S-04,หน้าร้าน,P-301,3,7350.00,367.50,6982.50,456.80,0.00,0.00
O-000376,2025-01-15,S-01,หน้าร้าน,P-103,1,45.00,4.50,40.50,2.65,0.00,0.00
O-000377,2025-01-15,S-05,หน้าร้าน,P-202,3,360.00,18.00,342.00,22.37,0.00,0.00
O-000378,2025-01-15,S-04,หน้าร้าน,P-201,5,475.00,23.75,451.25,29.52,0.00,0.00
O-000379,2025-01-15,S-02,หน้าร้าน,P-203,1,75.00,7.50,67.50,4.42,0.00,0.00
O-000380,2025-01-15,S-01,หน้าร้าน,P-203,1,75.00,0.00,75.00,4.91,0.00,0.00
O-000381,2025-01-15,S-02,หน้าร้าน,P-201,1,95.00,19.00,76.00,4.97,0.00,0.00
O-000382,2025-01-15,S-06,หน้าร้าน,P-202,2,240.00,0.00,240.00,15.70,0.00,0.00
O-000383,2025-01-15,S-01,หน้าร้าน,P-301,3,7350.00,735.00,6615.00,432.76,0.00,0.00
O-000384,2025-01-15,S-04,หน้าร้าน,P-203,1,75.00,15.00,60.00,3.93,0.00,0.00
O-000385,2025-01-15,S-04,หน้าร้าน,P-203,1,75.00,7.50,67.50,4.42,0.00,0.00
O-000386,2025-01-15,S-03,หน้าร้าน,P-302,2,7780.00,0.00,7780.00,508.97,0.00,0.00
O-000387,2025-01-15,S-01,หน้าร้าน,P-103,1,45.00,4.50,40.50,2.65,0.00,0.00
O-000388,2025-01-15,S-05,หน้าร้าน,P-102,2,56.00,11.20,44.80,2.93,0.00,0.00
O-000389,2025-01-15,S-03,หน้าร้าน,P-301,1,2450.00,490.00,1960.00,128.22,0.00,0.00
O-000390,2025-01-15,S-02,หน้าร้าน,P-203,1,75.00,0.00,75.00,4.91,0.00,0.00
O-000391,2025-01-15,S-03,หน้าร้าน,P-202,2,240.00,48.00,192.00,12.56,0.00,0.00
O-000392,2025-01-15,S-02,หน้าร้าน,P-201,1,95.00,4.75,90.25,5.90,0.00,0.00
O-000393,2025-01-15,S-06,หน้าร้าน,P-103,2,90.00,0.00,90.00,5.89,0.00,0.00
O-000394,2025-01-15,S-02,หน้าร้าน,P-301,3,7350.00,1470.00,5880.00,384.67,0.00,0.00
O-000395,2025-01-15,S-01,หน้าร้าน,P-201,3,285.00,57.00,228.00,14.92,0.00,0.00
O-000396,2025-01-15,S-02,หน้าร้าน,P-201,1,95.00,0.00,95.00,6.21,0.00,0.00
O-000397,2025-01-15,S-06,หน้าร้าน,P-201,3,285.00,57.00,228.00,14.92,0.00,0.00
O-000398,2025-01-15,S-01,หน้าร้าน,P-102,2,56.00,0.00,56.00,3.66,0.00,0.00
O-000399,2025-01-15,S-06,หน้าร้าน,P-302,1,3890.00,0.00,3890.00,254.49,0.00,0.00
O-000400,2025-01-15,S-03,หน้าร้าน,P-101,1,35.00,7.00,28.00,1.83,0.00,0.00
O-000401,2025-01-15,S-02,หน้าร้าน,P-201,1,95.00,0.00,95.00,6.21,0.00,0.00
O-000402,2025-01-15,S-01,หน้าร้าน,P-201,3,285.00,57.00,228.00,14.92,0.00,0.00
O-000403,2025-01-15,S-01,หน้าร้าน,P-301,1,2450.00,490.00,1960.00,128.22,0.00,0.00
O-000404,2025-01-15,S-04,หน้าร้าน,P-101,3,105.00,5.25,99.75,6.53,0.00,0.00
O-000405,2025-01-15,S-02,หน้าร้าน,P-202,2,240.00,48.00,192.00,12.56,0.00,0.00
O-000406,2025-01-15,S-06,หน้าร้าน,P-201,2,190.00,0.00,190.00,12.43,0.00,0.00
O-000407,2025-01-16,S-06,หน้าร้าน,P-202,2,240.00,0.00,240.00,15.70,0.00,0.00
O-000408,2025-01-16,S-90,ออนไลน์,P-302,5,19450.00,1945.00,17505.00,1145.19,0.00,0.00
O-000409,2025-01-16,S-04,หน้าร้าน,P-101,3,105.00,5.25,99.75,6.53,0.00,0.00
O-000410,2025-01-16,S-06,หน้าร้าน,P-201,1,95.00,0.00,95.00,6.21,0.00,0.00
O-000411,2025-01-16,S-01,หน้าร้าน,P-101,2,70.00,3.50,66.50,4.35,0.00,0.00
O-000412,2025-01-16,S-06,หน้าร้าน,P-202,3,360.00,72.00,288.00,18.84,0.00,0.00
O-000413,2025-01-16,S-05,หน้าร้าน,P-302,5,19450.00,1945.00,17505.00,1145.19,0.00,0.00
O-000414,2025-01-16,S-06,หน้าร้าน,P-301,1,2450.00,490.00,1960.00,128.22,0.00,0.00
O-000415,2025-01-16,S-06,หน้าร้าน,P-102,1,28.00,5.60,22.40,1.47,0.00,0.00
O-000416,2025-01-16,S-90,ออนไลน์,P-302,2,7780.00,0.00,7780.00,508.97,50.00,0.00
O-000417,2025-01-16,S-90,ออนไลน์,P-302,1,3890.00,389.00,3501.00,229.04,0.00,0.00
O-000418,2025-01-16,S-04,หน้าร้าน,P-203,1,75.00,0.00,75.00,4.91,0.00,0.00
O-000419,2025-01-16,S-04,หน้าร้าน,P-301,2,4900.00,0.00,4900.00,320.56,0.00,0.00
O-000420,2025-01-16,S-01,หน้าร้าน,P-202,1,120.00,24.00,96.00,6.28,0.00,96.00
O-000421,2025-01-16,S-03,หน้าร้าน,P-302,1,3890.00,778.00,3112.00,203.59,0.00,0.00
O-000422,2025-01-16,S-06,หน้าร้าน,P-101,1,35.00,1.75,33.25,2.18,0.00,0.00
O-000423,2025-01-16,S-03,หน้าร้าน,P-101,1,35.00,7.00,28.00,1.83,0.00,0.00
O-000424,2025-01-16,S-03,หน้าร้าน,P-201,1,95.00,9.50,85.50,5.59,0.00,0.00
O-000425,2025-01-16,S-01,หน้าร้าน,P-203,2,150.00,15.00,135.00,8.83,0.00,0.00
O-000426,2025-01-16,S-90,ออนไลน์,P-103,1,45.00,2.25,42.75,2.80,50.00,0.00
O-000427,2025-01-16,S-02,หน้าร้าน,P-102,3,84.00,8.40,75.60,4.95,0.00,0.00
O-000428,2025-01-16,S-02,หน้าร้าน,P-103,2,90.00,18.00,72.00,4.71,0.00,0.00
O-000429,2025-01-16,S-06,หน้าร้าน,P-203,1,75.00,0.00,75.00,4.91,0.00,0.00
O-000430,2025-01-16,S-03,หน้าร้าน,P-102,2,56.00,5.60,50.40,3.30,0.00,0.00
O-000431,2025-01-16,S-04,หน้าร้าน,P-203,2,150.00,0.00,150.00,9.81,0.00,0.00
O-000432,2025-01-16,S-03,หน้าร้าน,P-102,1,28.00,0.00,28.00,1.83,0.00,0.00
O-000433,2025-01-16,S-02,หน้าร้าน,P-202,1,120.00,24.00,96.00,6.28,0.00,0.00
O-000434,2025-01-16,S-90,ออนไลน์,P-302,3,11670.00,583.50,11086.50,725.29,35.00,0.00
O-000435,2025-01-16,S-01,หน้าร้าน,P-202,2,240.00,0.00,240.00,15.70,0.00,0.00
O-000436,2025-01-16,S-04,หน้าร้าน,P-103,1,45.00,9.00,36.00,2.36,0.00,0.00
O-000437,2025-01-16,S-05,หน้าร้าน,P-201,5,475.00,0.00,475.00,31.07,0.00,0.00
O-000438,2025-01-16,S-90,ออนไลน์,P-302,1,3890.00,194.50,3695.50,241.76,50.00,0.00
O-000439,2025-01-16,S-90,ออนไลน์,P-101,5,175.00,8.75,166.25,10.88,80.00,0.00
O-000440,2025-01-17,S-02,หน้าร้าน,P-101,1,35.00,7.00,28.00,1.83,0.00,0.00
O-000441,2025-01-17,S-02,หน้าร้าน,P-203,3,225.00,0.00,225.00,14.72,0.00,0.00
O-000442,2025-01-17,S-90,ออนไลน์,P-101,1,35.00,0.00,35.00,2.29,80.00,0.00
O-000443,2025-01-17,S-06,หน้าร้าน,P-203,1,75.00,0.00,75.00,4.91,0.00,0.00
O-000444,2025-01-17,S-03,หน้าร้าน,P-103,2,90.00,9.00,81.00,5.30,0.00,0.00
O-000445,2025-01-17,S-06,หน้าร้าน,P-103,2,90.00,4.50,85.50,5.59,0.00,0.00
O-000446,2025-01-17,S-05,หน้าร้าน,P-103,3,135.00,0.00,135.00,8.83,0.00,0.00
O-000447,2025-01-17,S-06,หน้าร้าน,P-301,1,2450.00,0.00,2450.00,160.28,0.00,0.00
O-000448,2025-01-17,S-02,หน้าร้าน,P-301,2,4900.00,245.00,4655.00,304.53,0.00,0.00
O-000449,2025-01-17,S-01,หน้าร้าน,P-302,1,3890.00,0.00,3890.00,254.49,0.00,0.00
O-000450,2025-01-17,S-05,หน้าร้าน,P-203,1,75.00,0.00,75.00,4.91,0.00,0.00
O-000451,2025-01-17,S-03,หน้าร้าน,P-203,1,75.00,7.50,67.50,4.42,0.00,0.00
O-000452,2025-01-17,S-04,หน้าร้าน,P-101,1,35.00,1.75,33.25,2.18,0.00,0.00
O-000453,2025-01-17,S-05,หน้าร้าน,P-103,1,45.00,0.00,45.00,2.94,0.00,45.00
O-000454,2025-01-17,S-01,หน้าร้าน,P-103,2,90.00,0.00,90.00,5.89,0.00,0.00
O-000455,2025-01-17,S-90,ออนไลน์,P-101,2,70.00,0.00,70.00,4.58,80.00,0.00
O-000456,2025-01-17,S-02,หน้าร้าน,P-102,3,84.00,0.00,84.00,5.50,0.00,0.00
O-000457,2025-01-17,S-01,หน้าร้าน,P-102,3,84.00,0.00,84.00,5.50,0.00,0.00
O-000458,2025-01-17,S-02,หน้าร้าน,P-203,1,75.00,15.00,60.00,3.93,0.00,0.00
O-000459,2025-01-17,S-90,ออนไลน์,P-202,2,240.00,24.00,216.00,14.13,50.00,0.00
O-000460,2025-01-18,S-90,ออนไลน์,P-302,2,7780.00,778.00,7002.00,458.07,50.00,0.00
O-000461,2025-01-18,S-03,หน้าร้าน,P-201,1,95.00,0.00,95.00,6.21,0.00,0.00
O-000462,2025-01-18,S-03,หน้าร้าน,P-301,1,2450.00,0.00,2450.00,160.28,0.00,0.00
O-000463,2025-01-18,S-05,หน้าร้าน,P-201,1,95.00,4.75,90.25,5.90,0.00,0.00
O-000464,2025-01-18,S-05,หน้าร้าน,P-101,2,70.00,0.00,70.00,4.58,0.00,0.00
O-000465,2025-01-18,S-90,ออนไลน์,P-302,1,3890.00,0.00,3890.00,254.49,0.00,0.00
O-000466,2025-01-18,S-05,หน้าร้าน,P-103,2,90.00,18.00,72.00,4.71,0.00,0.00
O-000467,2025-01-18,S-90,ออนไลน์,P-301,2,4900.00,490.00,4410.00,288.50,0.00,0.00
O-000468,2025-01-18,S-01,หน้าร้าน,P-201,1,95.00,19.00,76.00,4.97,0.00,0.00
O-000469,2025-01-18,S-06,หน้าร้าน,P-301,1,2450.00,0.00,2450.00,160.28,0.00,0.00
O-000470,2025-01-18,S-90,ออนไลน์,P-102,1,28.00,0.00,28.00,1.83,0.00,0.00
O-000471,2025-01-18,S-04,หน้าร้าน,P-203,1,75.00,15.00,60.00,3.93,0.00,0.00
O-000472,2025-01-18,S-05,หน้าร้าน,P-203,1,75.00,15.00,60.00,3.93,0.00,0.00
O-000473,2025-01-18,S-04,หน้าร้าน,P-101,1,35.00,3.50,31.50,2.06,0.00,0.00
O-000474,2025-01-18,S-90,ออนไลน์,P-301,1,2450.00,0.00,2450.00,160.28,35.00,0.00
O-000475,2025-01-18,S-06,หน้าร้าน,P-101,1,35.00,7.00,28.00,1.83,0.00,0.00
O-000476,2025-01-18,S-90,ออนไลน์,P-202,2,240.00,0.00,240.00,15.70,35.00,0.00
O-000477,2025-01-18,S-04,หน้าร้าน,P-202,1,120.00,24.00,96.00,6.28,0.00,0.00
O-000478,2025-01-18,S-04,หน้าร้าน,P-103,2,90.00,4.50,85.50,5.59,0.00,0.00
O-000479,2025-01-18,S-90,ออนไลน์,P-101,2,70.00,7.00,63.00,4.12,35.00,0.00
O-000480,2025-01-18,S-04,หน้าร้าน,P-103,1,45.00,9.00,36.00,2.36,0.00,0.00
O-000481,2025-01-18,S-03,หน้าร้าน,P-202,1,120.00,0.00,120.00,7.85,0.00,0.00
O-000482,2025-01-18,S-05,หน้าร้าน,P-103,5,225.00,0.00,225.00,14.72,0.00,0.00
O-000483,2025-01-18,S-01,หน้าร้าน,P-102,1,28.00,2.80,25.20,1.65,0.00,0.00
O-000484,2025-01-18,S-05,หน้าร้าน,P-202,3,360.00,72.00,288.00,18.84,0.00,0.00
O-000485,2025-01-19,S-90,ออนไลน์,P-302,1,3890.00,389.00,3501.00,229.04,0.00,0.00
O-000486,2025-01-19,S-05,หน้าร้าน,P-203,1,75.00,0.00,75.00,4.91,0.00,0.00
O-000487,2025-01-19,S-06,หน้าร้าน,P-203,1,75.00,15.00,60.00,3.93,0.00,0.00
O-000488,2025-01-19,S-06,หน้าร้าน,P-203,1,75.00,0.00,75.00,4.91,0.00,0.00
O-000489,2025-01-19,S-05,หน้าร้าน,P-201,2,190.00,9.50,180.50,11.81,0.00,0.00
O-000490,2025-01-19,S-04,หน้าร้าน,P-103,1,45.00,0.00,45.00,2.94,0.00,0.00
O-000491,2025-01-19,S-02,หน้าร้าน,P-101,1,35.00,7.00,28.00,1.83,0.00,0.00
O-000492,2025-01-19,S-04,หน้าร้าน,P-203,1,75.00,0.00,75.00,4.91,0.00,0.00
O-000493,2025-01-19,S-06,หน้าร้าน,P-103,2,90.00,4.50,85.50,5.59,0.00,0.00
O-000494,2025-01-19,S-02,หน้าร้าน,P-301,1,2450.00,0.00,2450.00,160.28,0.00,0.00
O-000495,2025-01-19,S-06,หน้าร้าน,P-203,2,150.00,7.50,142.50,9.32,0.00,0.00
O-000496,2025-01-19,S-04,หน้าร้าน,P-103,1,45.00,0.00,45.00,2.94,0.00,0.00
O-000497,2025-01-19,S-05,หน้าร้าน,P-101,1,35.00,1.75,33.25,2.18,0.00,0.00
O-000498,2025-01-19,S-90,ออนไลน์,P-302,3,11670.00,1167.00,10503.00,687.11,50.00,0.00
O-000499,2025-01-19,S-04,หน้าร้าน,P-102,2,56.00,5.60,50.40,3.30,0.00,0.00
O-000500,2025-01-19,S-05,หน้าร้าน,P-203,1,75.00,3.75,71.25,4.66,0.00,0.00
O-000501,2025-01-19,S-01,หน้าร้าน,P-203,3,225.00,11.25,213.75,13.98,0.00,0.00
O-000502,2025-01-19,S-90,ออนไลน์,P-203,1,75.00,15.00,60.00,3.93,0.00,0.00
O-000503,2025-01-19,S-01,หน้าร้าน,P-203,3,225.00,11.25,213.75,13.98,0.00,0.00
O-000504,2025-01-19,S-03,หน้าร้าน,P-102,1,28.00,5.60,22.40,1.47,0.00,0.00
O-000505,2025-01-19,S-04,หน้าร้าน,P-102,3,84.00,4.20,79.80,5.22,0.00,0.00
O-000506,2025-01-20,S-03,หน้าร้าน,P-103,1,45.00,9.00,36.00,2.36,0.00,0.00
O-000507,2025-01-20,S-01,หน้าร้าน,P-202,1,120.00,0.00,120.00,7.85,0.00,0.00
O-000508,2025-01-20,S-04,หน้าร้าน,P-301,5,12250.00,1225.00,11025.00,721.26,0.00,0.00
O-000509,2025-01-20,S-04,หน้าร้าน,P-302,1,3890.00,0.00,3890.00,254.49,0.00,0.00
O-000510,2025-01-20,S-90,ออนไลน์,P-102,1,28.00,1.40,26.60,1.74,0.00,0.00
O-000511,2025-01-20,S-06,หน้าร้าน,P-203,1,75.00,0.00,75.00,4.91,0.00,0.00
O-000512,2025-01-20,S-03,หน้าร้าน,P-302,3,11670.00,0.00,11670.00,763.46,0.00,0.00
O-000513,2025-01-20,S-06,หน้าร้าน,P-302,1,3890.00,389.00,3501.00,229.04,0.00,0.00
O-000514,2025-01-20,S-90,ออนไลน์,P-101,3,105.00,5.25,99.75,6.53,80.00,0.00
O-000515,2025-01-20,S-04,หน้าร้าน,P-203,2,150.00,15.00,135.00,8.83,0.00,0.00
O-000516,2025-01-20,S-04,หน้าร้าน,P-301,1,2450.00,0.00,2450.00,160.28,0.00,0.00
O-000517,2025-01-20,S-01,หน้าร้าน,P-203,5,375.00,0.00,375.00,24.53,0.00,0.00
O-000518,2025-01-20,S-06,หน้าร้าน,P-301,3,7350.00,0.00,7350.00,480.84,0.00,0.00
O-000519,2025-01-20,S-90,ออนไลน์,P-201,1,95.00,0.00,95.00,6.21,0.00,0.00
O-000520,2025-01-20,S-90,ออนไลน์,P-301,2,4900.00,0.00,4900.00,320.56,35.00,0.00
O-000521,2025-01-20,S-05,หน้าร้าน,P-101,3,105.00,21.00,84.00,5.50,0.00,0.00
O-000522,2025-01-20,S-02,หน้าร้าน,P-103,1,45.00,0.00,45.00,2.94,0.00,0.00
O-000523,2025-01-20,S-90,ออนไลน์,P-101,1,35.00,1.75,33.25,2.18,0.00,0.00
O-000524,2025-01-20,S-90,ออนไลน์,P-103,1,45.00,4.50,40.50,2.65,50.00,0.00
O-000525,2025-01-20,S-04,หน้าร้าน,P-103,1,45.00,0.00,45.00,2.94,0.00,0.00
O-000526,2025-01-20,S-06,หน้าร้าน,P-102,2,56.00,5.60,50.40,3.30,0.00,0.00
O-000527,2025-01-20,S-05,หน้าร้าน,P-102,2,56.00,2.80,53.20,3.48,0.00,0.00
O-000528,2025-01-20,S-90,ออนไลน์,P-201,1,95.00,4.75,90.25,5.90,35.00,0.00
O-000529,2025-01-20,S-05,หน้าร้าน,P-202,1,120.00,24.00,96.00,6.28,0.00,0.00
O-000530,2025-01-20,S-90,ออนไลน์,P-101,2,70.00,14.00,56.00,3.66,35.00,0.00
O-000531,2025-01-20,S-05,หน้าร้าน,P-102,1,28.00,0.00,28.00,1.83,0.00,0.00
O-000532,2025-01-20,S-06,หน้าร้าน,P-201,1,95.00,19.00,76.00,4.97,0.00,0.00
O-000533,2025-01-20,S-01,หน้าร้าน,P-201,2,190.00,19.00,171.00,11.19,0.00,0.00
O-000534,2025-01-20,S-03,หน้าร้าน,P-103,1,45.00,0.00,45.00,2.94,0.00,0.00
O-000535,2025-01-20,S-90,ออนไลน์,P-203,1,75.00,0.00,75.00,4.91,0.00,0.00
O-000536,2025-01-20,S-04,หน้าร้าน,P-301,1,2450.00,245.00,2205.00,144.25,0.00,0.00
O-000537,2025-01-20,S-04,หน้าร้าน,P-201,1,95.00,4.75,90.25,5.90,0.00,0.00
O-000538,2025-01-21,S-04,หน้าร้าน,P-302,2,7780.00,0.00,7780.00,508.97,0.00,0.00
O-000539,2025-01-21,S-04,หน้าร้าน,P-202,2,240.00,48.00,192.00,12.56,0.00,0.00
O-000540,2025-01-21,S-01,หน้าร้าน,P-201,2,190.00,38.00,152.00,9.94,0.00,0.00
O-000541,2025-01-21,S-04,หน้าร้าน,P-302,1,3890.00,194.50,3695.50,241.76,0.00,0.00
O-000542,2025-01-21,S-02,หน้าร้าน,P-202,2,240.00,48.00,192.00,12.56,0.00,0.00
O-000543,2025-01-21,S-90,ออนไลน์,P-103,1,45.00,9.00,36.00,2.36,0.00,0.00
O-000544,2025-01-21,S-02,หน้าร้าน,P-301,3,7350.00,735.00,6615.00,432.76,0.00,0.00
O-000545,2025-01-21,S-05,หน้าร้าน,P-101,2,70.00,0.00,70.00,4.58,0.00,0.00
O-000546,2025-01-21,S-06,หน้าร้าน,P-103,1,45.00,9.00,36.00,2.36,0.00,0.00
O-000547,2025-01-21,S-02,หน้าร้าน,P-301,1,2450.00,490.00,1960.00,128.22,0.00,0.00
O-000548,2025-01-21,S-90,ออนไลน์,P-302,1,3890.00,389.00,3501.00,229.04,0.00,0.00
O-000549,2025-01-21,S-06,หน้าร้าน,P-202,1,120.00,24.00,96.00,6.28,0.00,0.00
O-000550,2025-01-21,S-06,หน้าร้าน,P-202,1,120.00,0.00,120.00,7.85,0.00,0.00
O-000551,2025-01-21,S-02,หน้าร้าน,P-101,1,35.00,7.00,28.00,1.83,0.00,0.00
O-000552,2025-01-21,S-02,หน้าร้าน,P-102,3,84.00,0.00,84.00,5.50,0.00,0.00
O-000553,2025-01-21,S-03,หน้าร้าน,P-201,1,95.00,19.00,76.00,4.97,0.00,0.00
O-000554,2025-01-21,S-90,ออนไลน์,P-301,2,4900.00,245.00,4655.00,304.53,0.00,0.00
O-000555,2025-01-21,S-02,หน้าร้าน,P-202,1,120.00,0.00,120.00,7.85,0.00,0.00
O-000556,2025-01-21,S-04,หน้าร้าน,P-102,1,28.00,0.00,28.00,1.83,0.00,0.00
O-000557,2025-01-21,S-05,หน้าร้าน,P-201,5,475.00,0.00,475.00,31.07,0.00,0.00
O-000558,2025-01-21,S-01,หน้าร้าน,P-103,1,45.00,0.00,45.00,2.94,0.00,0.00
O-000559,2025-01-21,S-01,หน้าร้าน,P-103,1,45.00,4.50,40.50,2.65,0.00,0.00
O-000560,2025-01-21,S-01,หน้าร้าน,P-101,1,35.00,0.00,35.00,2.29,0.00,0.00
O-000561,2025-01-21,S-06,หน้าร้าน,P-102,1,28.00,2.80,25.20,1.65,0.00,0.00
O-000562,2025-01-21,S-90,ออนไลน์,P-202,1,120.00,12.00,108.00,7.07,35.00,0.00
O-000563,2025-01-21,S-04,หน้าร้าน,P-202,1,120.00,12.00,108.00,7.07,0.00,0.00
O-000564,2025-01-21,S-04,หน้าร้าน,P-302,1,3890.00,0.00,3890.00,254.49,0.00,0.00
O-000565,2025-01-22,S-03,หน้าร้าน,P-202,1,120.00,0.00,120.00,7.85,0.00,0.00
O-000566,2025-01-22,S-05,หน้าร้าน,P-201,1,95.00,19.00,76.00,4.97,0.00,0.00
O-000567,2025-01-22,S-06,หน้าร้าน,P-203,1,75.00,15.00,60.00,3.93,0.00,0.00
O-000568,2025-01-22,S-03,หน้าร้าน,P-102,1,28.00,2.80,25.20,1.65,0.00,0.00
O-000569,2025-01-22,S-05,หน้าร้าน,P-301,3,7350.00,1470.00,5880.00,384.67,0.00,0.00
O-000570,2025-01-22,S-05,หน้าร้าน,P-102,3,84.00,16.80,67.20,4.40,0.00,0.00
O-000571,2025-01-22,S-03,หน้าร้าน,P-203,1,75.00,15.00,60.00,3.93,0.00,0.00
O-000572,2025-01-22,S-01,หน้าร้าน,P-103,1,45.00,9.00,36.00,2.36,0.00,0.00
O-000573,2025-01-22,S-03,หน้าร้าน,P-302,2,7780.00,778.00,7002.00,458.07,0.00,0.00
O-000574,2025-01-22,S-04,หน้าร้าน,P-103,2,90.00,4.50,85.50,5.59,0.00,0.00
O-000575,2025-01-22,S-03,หน้าร้าน,P-202,1,120.00,6.00,114.00,7.46,0.00,0.00
O-000576,2025-01-22,S-05,หน้าร้าน,P-302,1,3890.00,194.50,3695.50,241.76,0.00,0.00
O-000577,2025-01-22,S-01,หน้าร้าน,P-302,1,3890.00,778.00,3112.00,203.59,0.00,0.00
O-000578,2025-01-22,S-01,หน้าร้าน,P-302,1,3890.00,0.00,3890.00,254.49,0.00,0.00
O-000579,2025-01-22,S-90,ออนไลน์,P-103,1,45.00,0.00,45.00,2.94,35.00,0.00
O-000580,2025-01-22,S-04,หน้าร้าน,P-301,1,2450.00,122.50,2327.50,152.27,0.00,0.00
O-000581,2025-01-22,S-06,หน้าร้าน,P-101,3,105.00,0.00,105.00,6.87,0.00,0.00
O-000582,2025-01-22,S-01,หน้าร้าน,P-202,1,120.00,12.00,108.00,7.07,0.00,0.00
O-000583,2025-01-22,S-03,หน้าร้าน,P-101,2,70.00,0.00,70.00,4.58,0.00,0.00
O-000584,2025-01-22,S-06,หน้าร้าน,P-302,3,11670.00,0.00,11670.00,763.46,0.00,0.00
O-000585,2025-01-22,S-05,หน้าร้าน,P-203,1,75.00,0.00,75.00,4.91,0.00,0.00
O-000586,2025-01-22,S-01,หน้าร้าน,P-101,1,35.00,0.00,35.00,2.29,0.00,0.00
O-000587,2025-01-23,S-06,หน้าร้าน,P-102,1,28.00,0.00,28.00,1.83,0.00,0.00
O-000588,2025-01-23,S-05,หน้าร้าน,P-103,2,90.00,0.00,90.00,5.89,0.00,0.00
O-000589,2025-01-23,S-06,หน้าร้าน,P-202,2,240.00,12.00,228.00,14.92,0.00,0.00
O-000590,2025-01-23,S-90,ออนไลน์,P-103,5,225.00,0.00,225.00,14.72,35.00,0.00
O-000591,2025-01-23,S-03,หน้าร้าน,P-202,1,120.00,0.00,120.00,7.85,0.00,0.00
O-000592,2025-01-23,S-05,หน้าร้าน,P-301,2,4900.00,490.00,4410.00,288.50,0.00,0.00
O-000593,2025-01-23,S-03,หน้าร้าน,P-202,5,600.00,0.00,600.00,39.25,0.00,0.00
O-000594,2025-01-23,S-03,หน้าร้าน,P-202,1,120.00,0.00,120.00,7.85,0.00,0.00
O-000595,2025-01-23,S-06,หน้าร้าน,P-101,1,35.00,0.00,35.00,2.29,0.00,0.00
O-000596,2025-01-23,S-06,หน้าร้าน,P-103,5,225.00,22.50,202.50,13.25,0.00,0.00
O-000597,2025-01-23,S-03,หน้าร้าน,P-301,2,4900.00,245.00,4655.00,304.53,0.00,0.00
O-000598,2025-01-23,S-02,หน้าร้าน,P-102,1,28.00,0.00,28.00,1.83,0.00,0.00
O-000599,2025-01-23,S-90,ออนไลน์,P-202,1,120.00,6.00,114.00,7.46,0.00,0.00
O-000600,2025-01-23,S-05,หน้าร้าน,P-102,2,56.00,2.80,53.20,3.48,0.00,0.00
O-000601,2025-01-23,S-01,หน้าร้าน,P-302,3,11670.00,0.00,11670.00,763.46,0.00,0.00
O-000602,2025-01-23,S-05,หน้าร้าน,P-202,2,240.00,24.00,216.00,14.13,0.00,0.00
O-000603,2025-01-23,S-90,ออนไลน์,P-203,1,75.00,15.00,60.00,3.93,80.00,0.00
O-000604,2025-01-23,S-01,หน้าร้าน,P-101,2,70.00,14.00,56.00,3.66,0.00,0.00
O-000605,2025-01-23,S-06,หน้าร้าน,P-202,1,120.00,0.00,120.00,7.85,0.00,0.00
O-000606,2025-01-23,S-90,ออนไลน์,P-101,1,35.00,7.00,28.00,1.83,0.00,0.00
O-000607,2025-01-23,S-01,หน้าร้าน,P-302,3,11670.00,1167.00,10503.00,687.11,0.00,0.00
O-000608,2025-01-23,S-01,หน้าร้าน,P-203,1,75.00,0.00,75.00,4.91,0.00,0.00
O-000609,2025-01-24,S-01,หน้าร้าน,P-103,2,90.00,9.00,81.00,5.30,0.00,0.00
O-000610,2025-01-24,S-90,ออนไลน์,P-103,3,135.00,27.00,108.00,7.07,80.00,0.00
O-000611,2025-01-24,S-02,หน้าร้าน,P-103,1,45.00,9.00,36.00,2.36,0.00,0.00
O-000612,2025-01-24,S-01,หน้าร้าน,P-102,1,28.00,0.00,28.00,1.83,0.00,0.00
O-000613,2025-01-24,S-03,หน้าร้าน,P-202,3,360.00,72.00,288.00,18.84,0.00,0.00
O-000614,2025-01-24,S-04,หน้าร้าน,P-302,1,3890.00,0.00,3890.00,254.49,0.00,0.00
O-000615,2025-01-24,S-03,หน้าร้าน,P-301,3,7350.00,735.00,6615.00,432.76,0.00,0.00
O-000616,2025-01-24,S-02,หน้าร้าน,P-203,2,150.00,0.00,150.00,9.81,0.00,0.00
O-000617,2025-01-24,S-03,หน้าร้าน,P-302,1,3890.00,0.00,3890.00,254.49,0.00,0.00
O-000618,2025-01-24,S-03,หน้าร้าน,P-301,2,4900.00,490.00,4410.00,288.50,0.00,0.00
O-000619,2025-01-24,S-04,หน้าร้าน,P-101,2,70.00,0.00,70.00,4.58,0.00,0.00
O-000620,2025-01-24,S-04,หน้าร้าน,P-202,1,120.00,0.00,120.00,7.85,0.00,0.00
O-000621,2025-01-24,S-90,ออนไลน์,P-201,1,95.00,19.00,76.00,4.97,0.00,0.00
O-000622,2025-01-24,S-90,ออนไลน์,P-301,1,2450.00,490.00,1960.00,128.22,0.00,0.00
O-000623,2025-01-24,S-90,ออนไลน์,P-103,2,90.00,4.50,85.50,5.59,35.00,0.00
O-000624,2025-01-24,S-05,หน้าร้าน,P-203,1,75.00,15.00,60.00,3.93,0.00,0.00
O-000625,2025-01-24,S-06,หน้าร้าน,P-102,3,84.00,0.00,84.00,5.50,0.00,0.00
O-000626,2025-01-24,S-05,หน้าร้าน,P-302,1,3890.00,778.00,3112.00,203.59,0.00,0.00
O-000627,2025-01-24,S-90,ออนไลน์,P-202,1,120.00,24.00,96.00,6.28,50.00,0.00
O-000628,2025-01-24,S-05,หน้าร้าน,P-201,2,190.00,19.00,171.00,11.19,0.00,0.00
O-000629,2025-01-24,S-03,หน้าร้าน,P-201,1,95.00,0.00,95.00,6.21,0.00,0.00
O-000630,2025-01-24,S-05,หน้าร้าน,P-101,1,35.00,0.00,35.00,2.29,0.00,0.00
O-000631,2025-01-24,S-90,ออนไลน์,P-301,1,2450.00,490.00,1960.00,128.22,80.00,0.00
O-000632,2025-01-24,S-05,หน้าร้าน,P-101,1,35.00,3.50,31.50,2.06,0.00,0.00
O-000633,2025-01-24,S-03,หน้าร้าน,P-301,1,2450.00,0.00,2450.00,160.28,0.00,0.00
O-000634,2025-01-24,S-03,หน้าร้าน,P-301,2,4900.00,245.00,4655.00,304.53,0.00,0.00
O-000635,2025-01-24,S-04,หน้าร้าน,P-301,2,4900.00,0.00,4900.00,320.56,0.00,0.00
O-000636,2025-01-24,S-90,ออนไลน์,P-202,1,120.00,0.00,120.00,7.85,80.00,0.00
O-000637,2025-01-24,S-04,หน้าร้าน,P-302,1,3890.00,389.00,3501.00,229.04,0.00,0.00
O-000638,2025-01-25,S-02,หน้าร้าน,P-301,3,7350.00,0.00,7350.00,480.84,0.00,0.00
O-000639,2025-01-25,S-05,หน้าร้าน,P-102,2,56.00,5.60,50.40,3.30,0.00,0.00
O-000640,2025-01-25,S-06,หน้าร้าน,P-203,3,225.00,45.00,180.00,11.78,0.00,0.00
O-000641,2025-01-25,S-06,หน้าร้าน,P-101,2,70.00,0.00,70.00,4.58,0.00,0.00
O-000642,2025-01-25,S-03,หน้าร้าน,P-202,1,120.00,0.00,120.00,7.85,0.00,0.00
O-000643,2025-01-25,S-03,หน้าร้าน,P-202,3,360.00,36.00,324.00,21.20,0.00,0.00
O-000644,2025-01-25,S-02,หน้าร้าน,P-202,2,240.00,0.00,240.00,15.70,0.00,0.00
O-000645,2025-01-25,S-04,หน้าร้าน,P-102,1,28.00,0.00,28.00,1.83,0.00,0.00
O-000646,2025-01-25,S-05,หน้าร้าน,P-103,1,45.00,0.00,45.00,2.94,0.00,0.00
O-000647,2025-01-25,S-03,หน้าร้าน,P-301,1,2450.00,0.00,2450.00,160.28,0.00,0.00
O-000648,2025-01-25,S-90,ออนไลน์,P-301,2,4900.00,980.00,3920.00,256.45,0.00,0.00
O-000649,2025-01-25,S-02,หน้าร้าน,P-202,1,120.00,0.00,120.00,7.85,0.00,0.00
O-000650,2025-01-25,S-90,ออนไลน์,P-201,3,285.00,0.00,285.00,18.64,0.00,0.00
O-000651,2025-01-25,S-03,หน้าร้าน,P-302,2,7780.00,778.00,7002.00,458.07,0.00,0.00
O-000652,2025-01-25,S-04,หน้าร้าน,P-101,1,35.00,1.75,33.25,2.18,0.00,0.00
O-000653,2025-01-25,S-04,หน้าร้าน,P-203,3,225.00,22.50,202.50,13.25,0.00,0.00
O-000654,2025-01-25,S-90,ออนไลน์,P-203,2,150.00,0.00,150.00,9.81,80.00,0.00
O-000655,2025-01-25,S-03,หน้าร้าน,P-202,2,240.00,0.00,240.00,15.70,0.00,0.00
O-000656,2025-01-25,S-01,หน้าร้าน,P-302,1,3890.00,0.00,3890.00,254.49,0.00,0.00
O-000657,2025-01-25,S-02,หน้าร้าน,P-302,3,11670.00,0.00,11670.00,763.46,0.00,0.00
O-000658,2025-01-25,S-02,หน้าร้าน,P-301,1,2450.00,0.00,2450.00,160.28,0.00,0.00
O-000659,2025-01-25,S-05,หน้าร้าน,P-201,2,190.00,0.00,190.00,12.43,0.00,0.00
O-000660,2025-01-25,S-03,หน้าร้าน,P-101,2,70.00,3.50,66.50,4.35,0.00,0.00
O-000661,2025-01-25,S-90,ออนไลน์,P-203,2,150.00,0.00,150.00,9.81,35.00,0.00
O-000662,2025-01-25,S-90,ออนไลน์,P-102,3,84.00,4.20,79.80,5.22,0.00,0.00
O-000663,2025-01-25,S-90,ออนไลน์,P-203,1,75.00,0.00,75.00,4.91,35.00,0.00
O-000664,2025-01-25,S-04,หน้าร้าน,P-302,3,11670.00,583.50,11086.50,725.29,0.00,0.00
O-000665,2025-01-25,S-90,ออนไลน์,P-102,3,84.00,0.00,84.00,5.50,0.00,0.00
O-000666,2025-01-25,S-02,หน้าร้าน,P-201,1,95.00,19.00,76.00,4.97,0.00,0.00
O-000667,2025-01-25,S-90,ออนไลน์,P-201,1,95.00,4.75,90.25,5.90,50.00,0.00
O-000668,2025-01-26,S-01,หน้าร้าน,P-102,1,28.00,5.60,22.40,1.47,0.00,0.00
O-000669,2025-01-26,S-90,ออนไลน์,P-202,1,120.00,0.00,120.00,7.85,0.00,0.00
O-000670,2025-01-26,S-05,หน้าร้าน,P-102,1,28.00,0.00,28.00,1.83,0.00,0.00
O-000671,2025-01-26,S-90,ออนไลน์,P-101,2,70.00,0.00,70.00,4.58,50.00,0.00
O-000672,2025-01-26,S-05,หน้าร้าน,P-201,1,95.00,4.75,90.25,5.90,0.00,0.00
O-000673,2025-01-26,S-02,หน้าร้าน,P-101,2,70.00,3.50,66.50,4.35,0.00,0.00
O-000674,2025-01-26,S-04,หน้าร้าน,P-101,3,105.00,10.50,94.50,6.18,0.00,0.00
O-000675,2025-01-26,S-02,หน้าร้าน,P-302,3,11670.00,0.00,11670.00,763.46,0.00,0.00
O-000676,2025-01-26,S-04,หน้าร้าน,P-201,1,95.00,19.00,76.00,4.97,0.00,0.00
O-000677,2025-01-26,S-05,หน้าร้าน,P-301,3,7350.00,0.00,7350.00,480.84,0.00,0.00
O-000678,2025-01-26,S-90,ออนไลน์,P-201,2,190.00,0.00,190.00,12.43,50.00,0.00
O-000679,2025-01-26,S-90,ออนไลน์,P-301,2,4900.00,245.00,4655.00,304.53,50.00,0.00
O-000680,2025-01-26,S-01,หน้าร้าน,P-101,1,35.00,0.00,35.00,2.29,0.00,0.00
O-000681,2025-01-26,S-06,หน้าร้าน,P-102,1,28.00,5.60,22.40,1.47,0.00,0.00
O-000682,2025-01-26,S-03,หน้าร้าน,P-102,1,28.00,2.80,25.20,1.65,0.00,0.00
O-000683,2025-01-26,S-90,ออนไลน์,P-201,1,95.00,0.00,95.00,6.21,80.00,0.00
O-000684,2025-01-26,S-90,ออนไลน์,P-103,2,90.00,0.00,90.00,5.89,35.00,0.00
O-000685,2025-01-26,S-06,หน้าร้าน,P-102,1,28.00,5.60,22.40,1.47,0.00,0.00
O-000686,2025-01-26,S-02,หน้าร้าน,P-203,1,75.00,0.00,75.00,4.91,0.00,0.00
O-000687,2025-01-26,S-03,หน้าร้าน,P-102,1,28.00,5.60,22.40,1.47,0.00,0.00
O-000688,2025-01-26,S-06,หน้าร้าน,P-301,2,4900.00,0.00,4900.00,320.56,0.00,0.00
O-000689,2025-01-26,S-05,หน้าร้าน,P-102,2,56.00,0.00,56.00,3.66,0.00,0.00
O-000690,2025-01-26,S-06,หน้าร้าน,P-202,3,360.00,72.00,288.00,18.84,0.00,0.00
O-000691,2025-01-26,S-90,ออนไลน์,P-103,1,45.00,4.50,40.50,2.65,50.00,0.00
O-000692,2025-01-26,S-04,หน้าร้าน,P-203,1,75.00,15.00,60.00,3.93,0.00,0.00
O-000693,2025-01-26,S-02,หน้าร้าน,P-102,2,56.00,2.80,53.20,3.48,0.00,0.00
O-000694,2025-01-26,S-03,หน้าร้าน,P-103,1,45.00,9.00,36.00,2.36,0.00,0.00
O-000695,2025-01-26,S-01,หน้าร้าน,P-101,3,105.00,0.00,105.00,6.87,0.00,0.00
O-000696,2025-01-27,S-01,หน้าร้าน,P-202,5,600.00,0.00,600.00,39.25,0.00,0.00
O-000697,2025-01-27,S-04,หน้าร้าน,P-302,3,11670.00,2334.00,9336.00,610.77,0.00,0.00
O-000698,2025-01-27,S-05,หน้าร้าน,P-101,2,70.00,14.00,56.00,3.66,0.00,0.00
O-000699,2025-01-27,S-01,หน้าร้าน,P-203,1,75.00,3.75,71.25,4.66,0.00,0.00
O-000700,2025-01-27,S-04,หน้าร้าน,P-202,2,240.00,24.00,216.00,14.13,0.00,0.00
O-000701,2025-01-27,S-06,หน้าร้าน,P-201,3,285.00,14.25,270.75,17.71,0.00,0.00
O-000702,2025-01-27,S-90,ออนไลน์,P-101,2,70.00,0.00,70.00,4.58,50.00,0.00
O-000703,2025-01-27,S-02,หน้าร้าน,P-102,2,56.00,11.20,44.80,2.93,0.00,0.00
O-000704,2025-01-27,S-03,หน้าร้าน,P-202,1,120.00,12.00,108.00,7.07,0.00,0.00
O-000705,2025-01-27,S-04,หน้าร้าน,P-203,1,75.00,0.00,75.00,4.91,0.00,0.00
O-000706,2025-01-27,S-05,หน้าร้าน,P-103,1,45.00,0.00,45.00,2.94,0.00,0.00
O-000707,2025-01-27,S-06,หน้าร้าน,P-302,2,7780.00,0.00,7780.00,508.97,0.00,0.00
O-000708,2025-01-27,S-03,หน้าร้าน,P-201,1,95.00,4.75,90.25,5.90,0.00,0.00
O-000709,2025-01-27,S-90,ออนไลน์,P-202,1,120.00,24.00,96.00,6.28,35.00,0.00
O-000710,2025-01-27,S-06,หน้าร้าน,P-301,1,2450.00,0.00,2450.00,160.28,0.00,0.00
O-000711,2025-01-27,S-04,หน้าร้าน,P-202,2,240.00,12.00,228.00,14.92,0.00,0.00
O-000712,2025-01-27,S-06,หน้าร้าน,P-201,3,285.00,57.00,228.00,14.92,0.00,0.00
O-000713,2025-01-27,S-02,หน้าร้าน,P-203,3,225.00,0.00,225.00,14.72,0.00,0.00
O-000714,2025-01-27,S-02,หน้าร้าน,P-201,1,95.00,0.00,95.00,6.21,0.00,0.00
O-000715,2025-01-27,S-03,หน้าร้าน,P-301,3,7350.00,0.00,7350.00,480.84,0.00,0.00
O-000716,2025-01-27,S-03,หน้าร้าน,P-102,1,28.00,1.40,26.60,1.74,0.00,0.00
O-000717,2025-01-27,S-02,หน้าร้าน,P-201,2,190.00,9.50,180.50,11.81,0.00,0.00
O-000718,2025-01-27,S-02,หน้าร้าน,P-201,5,475.00,0.00,475.00,31.07,0.00,0.00
O-000719,2025-01-27,S-02,หน้าร้าน,P-202,3,360.00,0.00,360.00,23.55,0.00,0.00
O-000720,2025-01-27,S-04,หน้าร้าน,P-203,1,75.00,3.75,71.25,4.66,0.00,0.00
O-000721,2025-01-27,S-03,หน้าร้าน,P-202,2,240.00,24.00,216.00,14.13,0.00,0.00
O-000722,2025-01-27,S-04,หน้าร้าน,P-101,1,35.00,1.75,33.25,2.18,0.00,0.00
O-000723,2025-01-27,S-90,ออนไลน์,P-103,2,90.00,0.00,90.00,5.89,35.00,0.00
O-000724,2025-01-27,S-06,หน้าร้าน,P-201,2,190.00,0.00,190.00,12.43,0.00,0.00
O-000725,2025-01-27,S-02,หน้าร้าน,P-201,3,285.00,0.00,285.00,18.64,0.00,0.00
O-000726,2025-01-27,S-05,หน้าร้าน,P-101,1,35.00,0.00,35.00,2.29,0.00,0.00
O-000727,2025-01-27,S-03,หน้าร้าน,P-102,2,56.00,5.60,50.40,3.30,0.00,0.00
O-000728,2025-01-28,S-01,หน้าร้าน,P-302,3,11670.00,0.00,11670.00,763.46,0.00,0.00
O-000729,2025-01-28,S-02,หน้าร้าน,P-102,2,56.00,5.60,50.40,3.30,0.00,0.00
O-000730,2025-01-28,S-05,หน้าร้าน,P-302,1,3890.00,0.00,3890.00,254.49,0.00,0.00
O-000731,2025-01-28,S-04,หน้าร้าน,P-103,2,90.00,4.50,85.50,5.59,0.00,85.50
O-000732,2025-01-28,S-03,หน้าร้าน,P-201,1,95.00,0.00,95.00,6.21,0.00,0.00
O-000733,2025-01-28,S-02,หน้าร้าน,P-102,3,84.00,8.40,75.60,4.95,0.00,0.00
O-000734,2025-01-28,S-06,หน้าร้าน,P-202,1,120.00,0.00,120.00,7.85,0.00,0.00
O-000735,2025-01-28,S-05,หน้าร้าน,P-103,2,90.00,0.00,90.00,5.89,0.00,0.00
O-000736,2025-01-28,S-03,หน้าร้าน,P-102,2,56.00,2.80,53.20,3.48,0.00,0.00
O-000737,2025-01-28,S-05,หน้าร้าน,P-103,1,45.00,9.00,36.00,2.36,0.00,0.00
O-000738,2025-01-28,S-05,หน้าร้าน,P-103,5,225.00,11.25,213.75,13.98,0.00,0.00
O-000739,2025-01-28,S-04,หน้าร้าน,P-101,1,35.00,3.50,31.50,2.06,0.00,0.00
O-000740,2025-01-28,S-06,หน้าร้าน,P-203,2,150.00,30.00,120.00,7.85,0.00,0.00
O-000741,2025-01-28,S-04,หน้าร้าน,P-202,1,120.00,0.00,120.00,7.85,0.00,0.00
O-000742,2025-01-28,S-04,หน้าร้าน,P-101,1,35.00,7.00,28.00,1.83,0.00,0.00
O-000743,2025-01-28,S-02,หน้าร้าน,P-201,1,95.00,0.00,95.00,6.21,0.00,0.00
O-000744,2025-01-28,S-90,ออนไลน์,P-301,1,2450.00,0.00,2450.00,160.28,50.00,0.00
O-000745,2025-01-28,S-02,หน้าร้าน,P-101,1,35.00,0.00,35.00,2.29,0.00,0.00
O-000746,2025-01-28,S-04,หน้าร้าน,P-202,2,240.00,0.00,240.00,15.70,0.00,0.00
O-000747,2025-01-28,S-90,ออนไลน์,P-202,2,240.00,24.00,216.00,14.13,0.00,0.00
O-000748,2025-01-28,S-04,หน้าร้าน,P-302,1,3890.00,0.00,3890.00,254.49,0.00,0.00
O-000749,2025-01-28,S-02,หน้าร้าน,P-103,1,45.00,2.25,42.75,2.80,0.00,0.00
O-000750,2025-01-28,S-01,หน้าร้าน,P-103,1,45.00,0.00,45.00,2.94,0.00,0.00
O-000751,2025-01-28,S-01,หน้าร้าน,P-201,1,95.00,0.00,95.00,6.21,0.00,0.00
O-000752,2025-01-28,S-06,หน้าร้าน,P-202,1,120.00,0.00,120.00,7.85,0.00,0.00
O-000753,2025-01-28,S-01,หน้าร้าน,P-102,1,28.00,0.00,28.00,1.83,0.00,0.00
O-000754,2025-01-28,S-01,หน้าร้าน,P-301,1,2450.00,122.50,2327.50,152.27,0.00,0.00
O-000755,2025-01-28,S-02,หน้าร้าน,P-101,1,35.00,3.50,31.50,2.06,0.00,0.00
O-000756,2025-01-28,S-01,หน้าร้าน,P-301,2,4900.00,490.00,4410.00,288.50,0.00,0.00
O-000757,2025-01-28,S-01,หน้าร้าน,P-102,2,56.00,0.00,56.00,3.66,0.00,0.00
O-000758,2025-01-28,S-05,หน้าร้าน,P-201,1,95.00,0.00,95.00,6.21,0.00,95.00
O-000759,2025-01-28,S-05,หน้าร้าน,P-202,1,120.00,0.00,120.00,7.85,0.00,0.00
O-000760,2025-01-28,S-01,หน้าร้าน,P-201,1,95.00,0.00,95.00,6.21,0.00,0.00
O-000761,2025-01-29,S-01,หน้าร้าน,P-203,1,75.00,3.75,71.25,4.66,0.00,0.00
O-000762,2025-01-29,S-04,หน้าร้าน,P-301,1,2450.00,0.00,2450.00,160.28,0.00,0.00
O-000763,2025-01-29,S-90,ออนไลน์,P-101,1,35.00,7.00,28.00,1.83,35.00,0.00
O-000764,2025-01-29,S-02,หน้าร้าน,P-301,1,2450.00,0.00,2450.00,160.28,0.00,0.00
O-000765,2025-01-29,S-04,หน้าร้าน,P-102,3,84.00,0.00,84.00,5.50,0.00,0.00
O-000766,2025-01-29,S-04,หน้าร้าน,P-202,1,120.00,24.00,96.00,6.28,0.00,0.00
O-000767,2025-01-29,S-01,หน้าร้าน,P-103,2,90.00,0.00,90.00,5.89,0.00,0.00
O-000768,2025-01-29,S-02,หน้าร้าน,P-102,1,28.00,1.40,26.60,1.74,0.00,0.00
O-000769,2025-01-29,S-04,หน้าร้าน,P-101,1,35.00,0.00,35.00,2.29,0.00,0.00
O-000770,2025-01-29,S-01,หน้าร้าน,P-102,1,28.00,1.40,26.60,1.74,0.00,0.00
O-000771,2025-01-29,S-02,หน้าร้าน,P-202,3,360.00,72.00,288.00,18.84,0.00,0.00
O-000772,2025-01-29,S-04,หน้าร้าน,P-103,1,45.00,0.00,45.00,2.94,0.00,0.00
O-000773,2025-01-29,S-01,หน้าร้าน,P-302,1,3890.00,778.00,3112.00,203.59,0.00,0.00
O-000774,2025-01-29,S-05,หน้าร้าน,P-201,1,95.00,0.00,95.00,6.21,0.00,0.00
O-000775,2025-01-29,S-01,หน้าร้าน,P-103,2,90.00,18.00,72.00,4.71,0.00,0.00
O-000776,2025-01-29,S-90,ออนไลน์,P-102,1,28.00,0.00,28.00,1.83,35.00,0.00
O-000777,2025-01-29,S-04,หน้าร้าน,P-102,2,56.00,11.20,44.80,2.93,0.00,0.00
O-000778,2025-01-29,S-03,หน้าร้าน,P-203,2,150.00,0.00,150.00,9.81,0.00,0.00
O-000779,2025-01-29,S-90,ออนไลน์,P-203,1,75.00,0.00,75.00,4.91,80.00,0.00
O-000780,2025-01-29,S-02,หน้าร้าน,P-203,3,225.00,0.00,225.00,14.72,0.00,0.00
O-000781,2025-01-30,S-02,หน้าร้าน,P-201,1,95.00,0.00,95.00,6.21,0.00,0.00
O-000782,2025-01-30,S-02,หน้าร้าน,P-103,3,135.00,0.00,135.00,8.83,0.00,0.00
O-000783,2025-01-30,S-04,หน้าร้าน,P-202,5,600.00,0.00,600.00,39.25,0.00,0.00
O-000784,2025-01-30,S-04,หน้าร้าน,P-301,1,2450.00,245.00,2205.00,144.25,0.00,0.00
O-000785,2025-01-30,S-03,หน้าร้าน,P-203,2,150.00,0.00,150.00,9.81,0.00,150.00
O-000786,2025-01-30,S-06,หน้าร้าน,P-203,1,75.00,0.00,75.00,4.91,0.00,0.00
O-000787,2025-01-30,S-90,ออนไลน์,P-103,2,90.00,0.00,90.00,5.89,50.00,0.00
O-000788,2025-01-30,S-90,ออนไลน์,P-103,2,90.00,9.00,81.00,5.30,50.00,0.00
O-000789,2025-01-30,S-90,ออนไลน์,P-302,1,3890.00,389.00,3501.00,229.04,50.00,0.00
O-000790,2025-01-30,S-90,ออนไลน์,P-103,1,45.00,0.00,45.00,2.94,50.00,0.00
O-000791,2025-01-30,S-06,หน้าร้าน,P-301,2,4900.00,0.00,4900.00,320.56,0.00,0.00
O-000792,2025-01-30,S-03,หน้าร้าน,P-202,3,360.00,0.00,360.00,23.55,0.00,0.00
O-000793,2025-01-30,S-90,ออนไลน์,P-103,1,45.00,9.00,36.00,2.36,50.00,0.00
O-000794,2025-01-30,S-01,หน้าร้าน,P-301,1,2450.00,0.00,2450.00,160.28,0.00,0.00
O-000795,2025-01-30,S-03,หน้าร้าน,P-301,1,2450.00,0.00,2450.00,160.28,0.00,0.00
O-000796,2025-01-30,S-02,หน้าร้าน,P-202,1,120.00,12.00,108.00,7.07,0.00,108.00
O-000797,2025-01-30,S-03,หน้าร้าน,P-203,1,75.00,0.00,75.00,4.91,0.00,0.00
O-000798,2025-01-30,S-06,หน้าร้าน,P-202,1,120.00,0.00,120.00,7.85,0.00,0.00
O-000799,2025-01-30,S-06,หน้าร้าน,P-202,1,120.00,6.00,114.00,7.46,0.00,0.00
O-000800,2025-01-30,S-05,หน้าร้าน,P-201,2,190.00,19.00,171.00,11.19,0.00,0.00
O-000801,2025-01-31,S-06,หน้าร้าน,P-102,1,28.00,0.00,28.00,1.83,0.00,0.00
O-000802,2025-01-31,S-01,หน้าร้าน,P-101,3,105.00,10.50,94.50,6.18,0.00,0.00
O-000803,2025-01-31,S-90,ออนไลน์,P-302,1,3890.00,0.00,3890.00,254.49,50.00,0.00
O-000804,2025-01-31,S-90,ออนไลน์,P-301,2,4900.00,245.00,4655.00,304.53,0.00,0.00
O-000805,2025-01-31,S-90,ออนไลน์,P-302,2,7780.00,778.00,7002.00,458.07,0.00,0.00
O-000806,2025-01-31,S-01,หน้าร้าน,P-302,1,3890.00,389.00,3501.00,229.04,0.00,0.00
O-000807,2025-01-31,S-06,หน้าร้าน,P-203,1,75.00,7.50,67.50,4.42,0.00,0.00
O-000808,2025-01-31,S-02,หน้าร้าน,P-302,5,19450.00,0.00,19450.00,1272.43,0.00,0.00
O-000809,2025-01-31,S-05,หน้าร้าน,P-101,2,70.00,0.00,70.00,4.58,0.00,0.00
O-000810,2025-01-31,S-01,หน้าร้าน,P-203,1,75.00,15.00,60.00,3.93,0.00,0.00
O-000811,2025-01-31,S-05,หน้าร้าน,P-301,2,4900.00,980.00,3920.00,256.45,0.00,0.00
O-000812,2025-01-31,S-04,หน้าร้าน,P-101,1,35.00,7.00,28.00,1.83,0.00,0.00
O-000813,2025-01-31,S-01,หน้าร้าน,P-203,3,225.00,11.25,213.75,13.98,0.00,0.00
O-000814,2025-01-31,S-03,หน้าร้าน,P-301,1,2450.00,0.00,2450.00,160.28,0.00,0.00
O-000815,2025-01-31,S-02,หน้าร้าน,P-302,1,3890.00,0.00,3890.00,254.49,0.00,0.00
O-000816,2025-01-31,S-01,หน้าร้าน,P-201,2,190.00,38.00,152.00,9.94,0.00,0.00
O-000817,2025-01-31,S-02,หน้าร้าน,P-201,1,95.00,0.00,95.00,6.21,0.00,0.00
O-000818,2025-01-31,S-06,หน้าร้าน,P-201,2,190.00,0.00,190.00,12.43,0.00,0.00
O-000819,2025-01-31,S-05,หน้าร้าน,P-301,1,2450.00,0.00,2450.00,160.28,0.00,0.00
O-000820,2025-01-31,S-05,หน้าร้าน,P-202,1,120.00,6.00,114.00,7.46,0.00,0.00
O-000821,2025-01-31,S-06,หน้าร้าน,P-201,1,95.00,0.00,95.00,6.21,0.00,0.00
O-000822,2025-01-31,S-06,หน้าร้าน,P-102,1,28.00,0.00,28.00,1.83,0.00,0.00
O-000823,2025-01-31,S-02,หน้าร้าน,P-101,1,35.00,1.75,33.25,2.18,0.00,0.00
O-000824,2025-01-31,S-06,หน้าร้าน,P-202,1,120.00,24.00,96.00,6.28,0.00,0.00
O-000825,2025-01-31,S-01,หน้าร้าน,P-203,3,225.00,45.00,180.00,11.78,0.00,0.00
O-000826,2025-01-31,S-02,หน้าร้าน,P-301,5,12250.00,612.50,11637.50,761.33,0.00,0.00
O-000827,2025-01-31,S-04,หน้าร้าน,P-201,1,95.00,0.00,95.00,6.21,0.00,0.00
O-000828,2025-01-31,S-04,หน้าร้าน,P-203,1,75.00,0.00,75.00,4.91,0.00,0.00
O-000829,2025-01-31,S-05,หน้าร้าน,P-202,1,120.00,24.00,96.00,6.28,0.00,0.00
O-000830,2025-01-31,S-02,หน้าร้าน,P-102,1,28.00,0.00,28.00,1.83,0.00,0.00
O-000831,2025-01-31,S-06,หน้าร้าน,P-301,1,2450.00,0.00,2450.00,160.28,0.00,0.00
O-000832,2025-01-31,S-04,หน้าร้าน,P-203,1,75.00,15.00,60.00,3.93,0.00,0.00
O-000833,2025-01-31,S-02,หน้าร้าน,P-103,1,45.00,4.50,40.50,2.65,0.00,0.00
O-000834,2025-02-01,S-04,หน้าร้าน,P-102,1,28.00,0.00,28.00,1.83,0.00,0.00
O-000835,2025-02-01,S-02,หน้าร้าน,P-302,1,3890.00,389.00,3501.00,229.04,0.00,0.00
O-000836,2025-02-01,S-90,ออนไลน์,P-103,1,45.00,0.00,45.00,2.94,0.00,0.00
O-000837,2025-02-01,S-03,หน้าร้าน,P-302,2,7780.00,0.00,7780.00,508.97,0.00,0.00
O-000838,2025-02-01,S-06,หน้าร้าน,P-103,2,90.00,4.50,85.50,5.59,0.00,0.00
O-000839,2025-02-01,S-01,หน้าร้าน,P-301,2,4900.00,0.00,4900.00,320.56,0.00,0.00
O-000840,2025-02-01,S-02,หน้าร้าน,P-102,2,56.00,0.00,56.00,3.66,0.00,0.00
O-000841,2025-02-01,S-02,หน้าร้าน,P-101,1,35.00,0.00,35.00,2.29,0.00,0.00
O-000842,2025-02-01,S-90,ออนไลน์,P-203,1,75.00,15.00,60.00,3.93,80.00,0.00
O-000843,2025-02-01,S-04,หน้าร้าน,P-301,1,2450.00,490.00,1960.00,128.22,0.00,0.00
O-000844,2025-02-01,S-01,หน้าร้าน,P-302,1,3890.00,194.50,3695.50,241.76,0.00,0.00
O-000845,2025-02-01,S-01,หน้าร้าน,P-201,1,95.00,9.50,85.50,5.59,0.00,0.00
O-000846,2025-02-01,S-04,หน้าร้าน,P-203,1,75.00,15.00,60.00,3.93,0.00,0.00
O-000847,2025-02-01,S-02,หน้าร้าน,P-101,1,35.00,0.00,35.00,2.29,0.00,0.00
O-000848,2025-02-01,S-03,หน้าร้าน,P-302,1,3890.00,389.00,3501.00,229.04,0.00,0.00
O-000849,2025-02-01,S-03,หน้าร้าน,P-301,2,4900.00,245.00,4655.00,304.53,0.00,0.00
O-000850,2025-02-01,S-05,หน้าร้าน,P-202,3,360.00,0.00,360.00,23.55,0.00,0.00
O-000851,2025-02-01,S-04,หน้าร้าน,P-101,3,105.00,5.25,99.75,6.53,0.00,0.00
O-000852,2025-02-01,S-06,หน้าร้าน,P-203,1,75.00,0.00,75.00,4.91,0.00,0.00
O-000853,2025-02-01,S-01,หน้าร้าน,P-201,1,95.00,4.75,90.25,5.90,0.00,0.00
O-000854,2025-02-01,S-05,หน้าร้าน,P-201,2,190.00,0.00,190.00,12.43,0.00,0.00
O-000855,2025-02-01,S-06,หน้าร้าน,P-203,5,375.00,0.00,375.00,24.53,0.00,0.00
O-000856,2025-02-01,S-03,หน้าร้าน,P-302,1,3890.00,0.00,3890.00,254.49,0.00,0.00
O-000857,2025-02-01,S-06,หน้าร้าน,P-203,1,75.00,7.50,67.50,4.42,0.00,0.00
O-000858,2025-02-01,S-03,หน้าร้าน,P-201,2,190.00,0.00,190.00,12.43,0.00,0.00
O-000859,2025-02-01,S-03,หน้าร้าน,P-103,1,45.00,0.00,45.00,2.94,0.00,0.00
O-000860,2025-02-01,S-05,หน้าร้าน,P-202,2,240.00,48.00,192.00,12.56,0.00,0.00
O-000861,2025-02-01,S-90,ออนไลน์,P-302,1,3890.00,0.00,3890.00,254.49,80.00,0.00
O-000862,2025-02-01,S-02,หน้าร้าน,P-102,5,140.00,0.00,140.00,9.16,0.00,0.00
O-000863,2025-02-01,S-03,หน้าร้าน,P-101,1,35.00,3.50,31.50,2.06,0.00,0.00
O-000864,2025-02-02,S-01,หน้าร้าน,P-102,2,56.00,11.20,44.80,2.93,0.00,0.00
O-000865,2025-02-02,S-03,หน้าร้าน,P-103,2,90.00,18.00,72.00,4.71,0.00,0.00
O-000866,2025-02-02,S-06,หน้าร้าน,P-201,1,95.00,9.50,85.50,5.59,0.00,0.00
O-000867,2025-02-02,S-01,หน้าร้าน,P-302,3,11670.00,0.00,11670.00,763.46,0.00,0.00
O-000868,2025-02-02,S-02,หน้าร้าน,P-302,2,7780.00,389.00,7391.00,483.52,0.00,0.00
O-000869,2025-02-02,S-05,หน้าร้าน,P-301,1,2450.00,0.00,2450.00,160.28,0.00,0.00
O-000870,2025-02-02,S-03,หน้าร้าน,P-301,1,2450.00,0.00,2450.00,160.28,0.00,0.00
O-000871,2025-02-02,S-04,หน้าร้าน,P-202,3,360.00,0.00,360.00,23.55,0.00,0.00
O-000872,2025-02-02,S-03,หน้าร้าน,P-102,1,28.00,0.00,28.00,1.83,0.00,0.00
O-000873,2025-02-02,S-90,ออนไลน์,P-301,3,7350.00,0.00,7350.00,480.84,80.00,0.00
O-000874,2025-02-02,S-01,หน้าร้าน,P-101,3,105.00,21.00,84.00,5.50,0.00,0.00
O-000875,2025-02-02,S-05,หน้าร้าน,P-101,2,70.00,3.50,66.50,4.35,0.00,0.00
O-000876,2025-02-02,S-02,หน้าร้าน,P-302,2,7780.00,0.00,7780.00,508.97,0.00,0.00
O-000877,2025-02-02,S-04,หน้าร้าน,P-201,2,190.00,0.00,190.00,12.43,0.00,0.00
O-000878,2025-02-02,S-03,หน้าร้าน,P-102,2,56.00,11.20,44.80,2.93,0.00,0.00
O-000879,2025-02-02,S-06,หน้าร้าน,P-201,1,95.00,19.00,76.00,4.97,0.00,0.00
O-000880,2025-02-02,S-06,หน้าร้าน,P-302,1,3890.00,389.00,3501.00,229.04,0.00,0.00
O-000881,2025-02-02,S-04,หน้าร้าน,P-103,1,45.00,0.00,45.00,2.94,0.00,0.00
O-000882,2025-02-02,S-05,หน้าร้าน,P-301,2,4900.00,245.00,4655.00,304.53,0.00,0.00
O-000883,2025-02-02,S-03,หน้าร้าน,P-103,2,90.00,4.50,85.50,5.59,0.00,0.00
O-000884,2025-02-02,S-90,ออนไลน์,P-102,2,56.00,0.00,56.00,3.66,50.00,0.00
O-000885,2025-02-02,S-05,หน้าร้าน,P-203,2,150.00,7.50,142.50,9.32,0.00,0.00
O-000886,2025-02-02,S-04,หน้าร้าน,P-203,2,150.00,7.50,142.50,9.32,0.00,0.00
O-000887,2025-02-02,S-02,หน้าร้าน,P-102,1,28.00,0.00,28.00,1.83,0.00,0.00
O-000888,2025-02-02,S-02,หน้าร้าน,P-201,1,95.00,0.00,95.00,6.21,0.00,0.00
O-000889,2025-02-02,S-01,หน้าร้าน,P-301,1,2450.00,122.50,2327.50,152.27,0.00,0.00
O-000890,2025-02-03,S-90,ออนไลน์,P-101,1,35.00,3.50,31.50,2.06,0.00,0.00
O-000891,2025-02-03,S-90,ออนไลน์,P-301,1,2450.00,490.00,1960.00,128.22,0.00,0.00
O-000892,2025-02-03,S-01,หน้าร้าน,P-301,3,7350.00,1470.00,5880.00,384.67,0.00,0.00
O-000893,2025-02-03,S-05,หน้าร้าน,P-301,1,2450.00,245.00,2205.00,144.25,0.00,0.00
O-000894,2025-02-03,S-03,หน้าร้าน,P-201,2,190.00,0.00,190.00,12.43,0.00,0.00
O-000895,2025-02-03,S-90,ออนไลน์,P-302,1,3890.00,0.00,3890.00,254.49,0.00,0.00
O-000896,2025-02-03,S-04,หน้าร้าน,P-101,3,105.00,10.50,94.50,6.18,0.00,0.00
O-000897,2025-02-03,S-04,หน้าร้าน,P-201,1,95.00,4.75,90.25,5.90,0.00,0.00
O-000898,2025-02-03,S-01,หน้าร้าน,P-101,1,35.00,7.00,28.00,1.83,0.00,0.00
O-000899,2025-02-03,S-02,หน้าร้าน,P-302,1,3890.00,778.00,3112.00,203.59,0.00,0.00
O-000900,2025-02-03,S-90,ออนไลน์,P-101,1,35.00,0.00,35.00,2.29,0.00,0.00
O-000901,2025-02-03,S-04,หน้าร้าน,P-301,1,2450.00,122.50,2327.50,152.27,0.00,0.00
O-000902,2025-02-03,S-90,ออนไลน์,P-101,2,70.00,3.50,66.50,4.35,35.00,0.00
O-000903,2025-02-03,S-05,หน้าร้าน,P-203,2,150.00,0.00,150.00,9.81,0.00,0.00
O-000904,2025-02-03,S-90,ออนไลน์,P-102,2,56.00,2.80,53.20,3.48,35.00,0.00
O-000905,2025-02-03,S-04,หน้าร้าน,P-201,3,285.00,57.00,228.00,14.92,0.00,0.00
O-000906,2025-02-03,S-90,ออนไลน์,P-202,3,360.00,72.00,288.00,18.84,80.00,0.00
O-000907,2025-02-03,S-02,หน้าร้าน,P-102,2,56.00,0.00,56.00,3.66,0.00,0.00
O-000908,2025-02-03,S-04,หน้าร้าน,P-103,2,90.00,4.50,85.50,5.59,0.00,0.00
O-000909,2025-02-03,S-03,หน้าร้าน,P-102,2,56.00,11.20,44.80,2.93,0.00,0.00
O-000910,2025-02-03,S-04,หน้าร้าน,P-201,1,95.00,4.75,90.25,5.90,0.00,0.00
O-000911,2025-02-03,S-01,หน้าร้าน,P-102,2,56.00,11.20,44.80,2.93,0.00,0.00
O-000912,2025-02-03,S-02,หน้าร้าน,P-203,1,75.00,7.50,67.50,4.42,0.00,0.00
O-000913,2025-02-03,S-01,หน้าร้าน,P-301,5,12250.00,2450.00,9800.00,641.12,0.00,0.00
O-000914,2025-02-03,S-05,หน้าร้าน,P-202,5,600.00,30.00,570.00,37.29,0.00,0.00
O-000915,2025-02-03,S-90,ออนไลน์,P-201,1,95.00,0.00,95.00,6.21,0.00,0.00
O-000916,2025-02-03,S-90,ออนไลน์,P-302,3,11670.00,0.00,11670.00,763.46,0.00,0.00
O-000917,2025-02-03,S-03,หน้าร้าน,P-202,3,360.00,18.00,342.00,22.37,0.00,0.00
O-000918,2025-02-03,S-90,ออนไลน์,P-102,2,56.00,0.00,56.00,3.66,35.00,0.00
O-000919,2025-02-03,S-04,หน้าร้าน,P-302,2,7780.00,0.00,7780.00,508.97,0.00,0.00
O-000920,2025-02-03,S-03,หน้าร้าน,P-102,1,28.00,2.80,25.20,1.65,0.00,0.00
O-000921,2025-02-03,S-04,หน้าร้าน,P-302,1,3890.00,0.00,3890.00,254.49,0.00,0.00
O-000922,2025-02-03,S-03,หน้าร้าน,P-102,1,28.00,0.00,28.00,1.83,0.00,0.00
O-000923,2025-02-04,S-01,หน้าร้าน,P-103,1,45.00,0.00,45.00,2.94,0.00,0.00
O-000924,2025-02-04,S-90,ออนไลน์,P-102,2,56.00,0.00,56.00,3.66,0.00,0.00
O-000925,2025-02-04,S-90,ออนไลน์,P-202,2,240.00,24.00,216.00,14.13,50.00,0.00
O-000926,2025-02-04,S-90,ออนไลน์,P-301,1,2450.00,0.00,2450.00,160.28,0.00,0.00
O-000927,2025-02-04,S-01,หน้าร้าน,P-203,1,75.00,7.50,67.50,4.42,0.00,0.00
O-000928,2025-02-04,S-03,หน้าร้าน,P-202,1,120.00,24.00,96.00,6.28,0.00,0.00
O-000929,2025-02-04,S-90,ออนไลน์,P-203,1,75.00,0.00,75.00,4.91,35.00,0.00
O-000930,2025-02-04,S-03,หน้าร้าน,P-202,1,120.00,12.00,108.00,7.07,0.00,0.00
O-000931,2025-02-04,S-03,หน้าร้าน,P-201,1,95.00,19.00,76.00,4.97,0.00,0.00
O-000932,2025-02-04,S-90,ออนไลน์,P-301,1,2450.00,0.00,2450.00,160.28,35.00,0.00
O-000933,2025-02-04,S-06,หน้าร้าน,P-202,1,120.00,0.00,120.00,7.85,0.00,0.00
O-000934,2025-02-04,S-04,หน้าร้าน,P-302,1,3890.00,194.50,3695.50,241.76,0.00,0.00
O-000935,2025-02-04,S-01,หน้าร้าน,P-201,5,475.00,0.00,475.00,31.07,0.00,0.00
O-000936,2025-02-04,S-03,หน้าร้าน,P-101,2,70.00,3.50,66.50,4.35,0.00,0.00
O-000937,2025-02-04,S-04,หน้าร้าน,P-201,2,190.00,0.00,190.00,12.43,0.00,0.00
O-000938,2025-02-04,S-05,หน้าร้าน,P-203,1,75.00,0.00,75.00,4.91,0.00,0.00
O-000939,2025-02-04,S-05,หน้าร้าน,P-103,3,135.00,27.00,108.00,7.07,0.00,0.00
O-000940,2025-02-04,S-02,หน้าร้าน,P-101,1,35.00,1.75,33.25,2.18,0.00,0.00
O-000941,2025-02-05,S-90,ออนไลน์,P-201,2,190.00,9.50,180.50,11.81,0.00,0.00
O-000942,2025-02-05,S-06,หน้าร้าน,P-102,2,56.00,0.00,56.00,3.66,0.00,0.00
O-000943,2025-02-05,S-02,หน้าร้าน,P-302,1,3890.00,389.00,3501.00,229.04,0.00,0.00
O-000944,2025-02-05,S-02,หน้าร้าน,P-302,1,3890.00,194.50,3695.50,241.76,0.00,0.00
O-000945,2025-02-05,S-04,หน้าร้าน,P-201,1,95.00,9.50,85.50,5.59,0.00,0.00
O-000946,2025-02-05,S-03,หน้าร้าน,P-301,3,7350.00,0.00,7350.00,480.84,0.00,0.00
O-000947,2025-02-05,S-02,หน้าร้าน,P-203,1,75.00,0.00,75.00,4.91,0.00,0.00
O-000948,2025-02-05,S-01,หน้าร้าน,P-201,1,95.00,4.75,90.25,5.90,0.00,0.00
O-000949,2025-02-05,S-06,หน้าร้าน,P-202,1,120.00,0.00,120.00,7.85,0.00,0.00
O-000950,2025-02-05,S-02,หน้าร้าน,P-301,1,2450.00,0.00,2450.00,160.28,0.00,0.00
O-000951,2025-02-05,S-06,หน้าร้าน,P-103,2,90.00,0.00,90.00,5.89,0.00,90.00
O-000952,2025-02-05,S-05,หน้าร้าน,P-201,1,95.00,19.00,76.00,4.97,0.00,0.00
O-000953,2025-02-05,S-90,ออนไลน์,P-103,1,45.00,0.00,45.00,2.94,35.00,0.00
O-000954,2025-02-05,S-01,หน้าร้าน,P-103,3,135.00,13.50,121.50,7.95,0.00,0.00
O-000955,2025-02-05,S-04,หน้าร้าน,P-202,1,120.00,24.00,96.00,6.28,0.00,0.00
O-000956,2025-02-05,S-06,หน้าร้าน,P-101,1,35.00,0.00,35.00,2.29,0.00,0.00
O-000957,2025-02-05,S-06,หน้าร้าน,P-302,1,3890.00,778.00,3112.00,203.59,0.00,0.00
O-000958,2025-02-05,S-01,หน้าร้าน,P-201,1,95.00,9.50,85.50,5.59,0.00,0.00
O-000959,2025-02-05,S-90,ออนไลน์,P-203,1,75.00,0.00,75.00,4.91,0.00,75.00
O-000960,2025-02-05,S-05,หน้าร้าน,P-201,3,285.00,57.00,228.00,14.92,0.00,0.00
O-000961,2025-02-05,S-04,หน้าร้าน,P-101,2,70.00,7.00,63.00,4.12,0.00,0.00
O-000962,2025-02-06,S-05,หน้าร้าน,P-102,5,140.00,28.00,112.00,7.33,0.00,0.00
O-000963,2025-02-06,S-03,หน้าร้าน,P-101,2,70.00,0.00,70.00,4.58,0.00,0.00
O-000964,2025-02-06,S-90,ออนไลน์,P-201,1,95.00,9.50,85.50,5.59,0.00,0.00
O-000965,2025-02-06,S-06,หน้าร้าน,P-102,1,28.00,5.60,22.40,1.47,0.00,0.00
O-000966,2025-02-06,S-06,หน้าร้าน,P-202,2,240.00,48.00,192.00,12.56,0.00,0.00
O-000967,2025-02-06,S-06,หน้าร้าน,P-101,1,35.00,0.00,35.00,2.29,0.00,0.00
O-000968,2025-02-06,S-02,หน้าร้าน,P-301,3,7350.00,367.50,6982.50,456.80,0.00,0.00
O-000969,2025-02-06,S-03,หน้าร้าน,P-101,1,35.00,0.00,35.00,2.29,0.00,0.00
O-000970,2025-02-06,S-03,หน้าร้าน,P-201,1,95.00,0.00,95.00,6.21,0.00,0.00
O-000971,2025-02-06,S-03,หน้าร้าน,P-103,1,45.00,0.00,45.00,2.94,0.00,0.00
O-000972,2025-02-06,S-03,หน้าร้าน,P-201,1,95.00,0.00,95.00,6.21,0.00,0.00
O-000973,2025-02-06,S-04,หน้าร้าน,P-301,2,4900.00,0.00,4900.00,320.56,0.00,0.00
O-000974,2025-02-06,S-05,หน้าร้าน,P-203,2,150.00,30.00,120.00,7.85,0.00,0.00
O-000975,2025-02-06,S-01,หน้าร้าน,P-103,1,45.00,0.00,45.00,2.94,0.00,0.00
O-000976,2025-02-06,S-04,หน้าร้าน,P-102,2,56.00,0.00,56.00,3.66,0.00,0.00
O-000977,2025-02-06,S-90,ออนไลน์,P-202,2,240.00,12.00,228.00,14.92,0.00,0.00
O-000978,2025-02-06,S-03,หน้าร้าน,P-101,1,35.00,1.75,33.25,2.18,0.00,0.00
O-000979,2025-02-06,S-06,หน้าร้าน,P-102,1,28.00,0.00,28.00,1.83,0.00,0.00
O-000980,2025-02-06,S-04,หน้าร้าน,P-201,1,95.00,9.50,85.50,5.59,0.00,0.00
O-000981,2025-02-06,S-03,หน้าร้าน,P-302,1,3890.00,389.00,3501.00,229.04,0.00,0.00
O-000982,2025-02-06,S-04,หน้าร้าน,P-201,1,95.00,0.00,95.00,6.21,0.00,0.00
O-000983,2025-02-07,S-01,หน้าร้าน,P-101,1,35.00,3.50,31.50,2.06,0.00,0.00
O-000984,2025-02-07,S-05,หน้าร้าน,P-202,1,120.00,0.00,120.00,7.85,0.00,0.00
O-000985,2025-02-07,S-04,หน้าร้าน,P-203,5,375.00,0.00,375.00,24.53,0.00,0.00
O-000986,2025-02-07,S-03,หน้าร้าน,P-201,5,475.00,0.00,475.00,31.07,0.00,0.00
O-000987,2025-02-07,S-04,หน้าร้าน,P-102,5,140.00,28.00,112.00,7.33,0.00,0.00
O-000988,2025-02-07,S-90,ออนไลน์,P-302,5,19450.00,1945.00,17505.00,1145.19,0.00,0.00
O-000989,2025-02-07,S-90,ออนไลน์,P-302,1,3890.00,194.50,3695.50,241.76,35.00,0.00
O-000990,2025-02-07,S-06,หน้าร้าน,P-301,2,4900.00,490.00,4410.00,288.50,0.00,0.00
O-000991,2025-02-07,S-01,หน้าร้าน,P-201,1,95.00,4.75,90.25,5.90,0.00,0.00
O-000992,2025-02-07,S-06,หน้าร้าน,P-201,1,95.00,0.00,95.00,6.21,0.00,0.00
O-000993,2025-02-07,S-01,หน้าร้าน,P-201,2,190.00,19.00,171.00,11.19,0.00,0.00
O-000994,2025-02-07,S-04,หน้าร้าน,P-301,1,2450.00,122.50,2327.50,152.27,0.00,0.00
O-000995,2025-02-07,S-90,ออนไลน์,P-202,1,120.00,12.00,108.00,7.07,0.00,0.00
O-000996,2025-02-07,S-04,หน้าร้าน,P-201,1,95.00,9.50,85.50,5.59,0.00,0.00
O-000997,2025-02-07,S-01,หน้าร้าน,P-103,1,45.00,2.25,42.75,2.80,0.00,0.00
O-000998,2025-02-07,S-04,หน้าร้าน,P-101,1,35.00,7.00,28.00,1.83,0.00,0.00
O-000999,2025-02-07,S-03,หน้าร้าน,P-202,1,120.00,0.00,120.00,7.85,0.00,0.00
O-001000,2025-02-07,S-02,หน้าร้าน,P-201,5,475.00,23.75,451.25,29.52,0.00,0.00
O-001001,2025-02-07,S-03,หน้าร้าน,P-102,1,28.00,0.00,28.00,1.83,0.00,0.00
O-001002,2025-02-07,S-03,หน้าร้าน,P-102,1,28.00,0.00,28.00,1.83,0.00,0.00
O-001003,2025-02-07,S-04,หน้าร้าน,P-301,1,2450.00,245.00,2205.00,144.25,0.00,0.00
O-001004,2025-02-07,S-04,หน้าร้าน,P-301,1,2450.00,0.00,2450.00,160.28,0.00,0.00
O-001005,2025-02-07,S-02,หน้าร้าน,P-103,1,45.00,0.00,45.00,2.94,0.00,0.00
O-001006,2025-02-07,S-04,หน้าร้าน,P-301,1,2450.00,0.00,2450.00,160.28,0.00,2450.00
O-001007,2025-02-07,S-06,หน้าร้าน,P-302,1,3890.00,778.00,3112.00,203.59,0.00,0.00
O-001008,2025-02-08,S-02,หน้าร้าน,P-103,1,45.00,2.25,42.75,2.80,0.00,0.00
O-001009,2025-02-08,S-04,หน้าร้าน,P-101,2,70.00,14.00,56.00,3.66,0.00,0.00
O-001010,2025-02-08,S-05,หน้าร้าน,P-302,1,3890.00,0.00,3890.00,254.49,0.00,0.00
O-001011,2025-02-08,S-01,หน้าร้าน,P-103,1,45.00,0.00,45.00,2.94,0.00,0.00
O-001012,2025-02-08,S-06,หน้าร้าน,P-203,1,75.00,3.75,71.25,4.66,0.00,0.00
O-001013,2025-02-08,S-05,หน้าร้าน,P-203,1,75.00,0.00,75.00,4.91,0.00,0.00
O-001014,2025-02-08,S-05,หน้าร้าน,P-102,1,28.00,2.80,25.20,1.65,0.00,0.00
O-001015,2025-02-08,S-90,ออนไลน์,P-203,3,225.00,0.00,225.00,14.72,35.00,0.00
O-001016,2025-02-08,S-04,หน้าร้าน,P-103,1,45.00,0.00,45.00,2.94,0.00,0.00
O-001017,2025-02-08,S-04,หน้าร้าน,P-101,2,70.00,0.00,70.00,4.58,0.00,0.00
O-001018,2025-02-08,S-90,ออนไลน์,P-103,2,90.00,4.50,85.50,5.59,80.00,0.00
O-001019,2025-02-08,S-90,ออนไลน์,P-203,1,75.00,3.75,71.25,4.66,0.00,0.00
O-001020,2025-02-08,S-05,หน้าร้าน,P-203,2,150.00,0.00,150.00,9.81,0.00,0.00
O-001021,2025-02-08,S-02,หน้าร้าน,P-302,1,3890.00,389.00,3501.00,229.04,0.00,0.00
O-001022,2025-02-08,S-05,หน้าร้าน,P-103,2,90.00,4.50,85.50,5.59,0.00,0.00
O-001023,2025-02-08,S-05,หน้าร้าน,P-201,1,95.00,19.00,76.00,4.97,0.00,0.00
O-001024,2025-02-08,S-03,หน้าร้าน,P-101,5,175.00,17.50,157.50,10.30,0.00,0.00
O-001025,2025-02-08,S-02,หน้าร้าน,P-102,1,28.00,1.40,26.60,1.74,0.00,0.00
O-001026,2025-02-08,S-06,หน้าร้าน,P-301,1,2450.00,0.00,2450.00,160.28,0.00,0.00
O-001027,2025-02-08,S-01,หน้าร้าน,P-301,1,2450.00,122.50,2327.50,152.27,0.00,0.00
O-001028,2025-02-08,S-06,หน้าร้าน,P-101,1,35.00,0.00,35.00,2.29,0.00,0.00
O-001029,2025-02-08,S-02,หน้าร้าน,P-103,1,45.00,0.00,45.00,2.94,0.00,0.00
O-001030,2025-02-08,S-01,หน้าร้าน,P-302,2,7780.00,1556.00,6224.00,407.18,0.00,0.00
O-001031,2025-02-08,S-04,หน้าร้าน,P-102,2,56.00,11.20,44.80,2.93,0.00,0.00
O-001032,2025-02-08,S-04,หน้าร้าน,P-101,3,105.00,10.50,94.50,6.18,0.00,0.00
O-001033,2025-02-08,S-01,หน้าร้าน,P-302,1,3890.00,389.00,3501.00,229.04,0.00,0.00
O-001034,2025-02-09,S-04,หน้าร้าน,P-301,1,2450.00,245.00,2205.00,144.25,0.00,0.00
O-001035,2025-02-09,S-03,หน้าร้าน,P-102,1,28.00,0.00,28.00,1.83,0.00,0.00
O-001036,2025-02-09,S-05,หน้าร้าน,P-302,1,3890.00,778.00,3112.00,203.59,0.00,0.00
O-001037,2025-02-09,S-03,หน้าร้าน,P-203,3,225.00,0.00,225.00,14.72,0.00,0.00
O-001038,2025-02-09,S-06,หน้าร้าน,P-103,2,90.00,4.50,85.50,5.59,0.00,0.00
O-001039,2025-02-09,S-01,หน้าร้าน,P-201,1,95.00,19.00,76.00,4.97,0.00,0.00
O-001040,2025-02-09,S-05,หน้าร้าน,P-302,1,3890.00,0.00,3890.00,254.49,0.00,0.00
O-001041,2025-02-09,S-02,หน้าร้าน,P-102,1,28.00,0.00,28.00,1.83,0.00,0.00
O-001042,2025-02-09,S-04,หน้าร้าน,P-202,1,120.00,24.00,96.00,6.28,0.00,96.00
O-001043,2025-02-09,S-02,หน้าร้าน,P-101,1,35.00,3.50,31.50,2.06,0.00,0.00
O-001044,2025-02-09,S-01,หน้าร้าน,P-102,2,56.00,0.00,56.00,3.66,0.00,0.00
O-001045,2025-02-09,S-04,หน้าร้าน,P-302,2,7780.00,389.00,7391.00,483.52,0.00,0.00
O-001046,2025-02-09,S-06,หน้าร้าน,P-202,1,120.00,12.00,108.00,7.07,0.00,0.00
O-001047,2025-02-09,S-02,หน้าร้าน,P-203,1,75.00,0.00,75.00,4.91,0.00,0.00
O-001048,2025-02-09,S-90,ออนไลน์,P-103,1,45.00,4.50,40.50,2.65,50.00,0.00
O-001049,2025-02-09,S-02,หน้าร้าน,P-302,2,7780.00,778.00,7002.00,458.07,0.00,0.00
O-001050,2025-02-09,S-05,หน้าร้าน,P-201,1,95.00,0.00,95.00,6.21,0.00,0.00
O-001051,2025-02-09,S-03,หน้าร้าน,P-302,2,7780.00,1556.00,6224.00,407.18,0.00,0.00
O-001052,2025-02-09,S-02,หน้าร้าน,P-101,2,70.00,7.00,63.00,4.12,0.00,0.00
O-001053,2025-02-09,S-03,หน้าร้าน,P-301,3,7350.00,735.00,6615.00,432.76,0.00,0.00
O-001054,2025-02-09,S-90,ออนไลน์,P-202,1,120.00,0.00,120.00,7.85,80.00,0.00
O-001055,2025-02-09,S-02,หน้าร้าน,P-301,2,4900.00,0.00,4900.00,320.56,0.00,0.00
O-001056,2025-02-09,S-03,หน้าร้าน,P-201,2,190.00,9.50,180.50,11.81,0.00,0.00
O-001057,2025-02-09,S-90,ออนไลน์,P-102,3,84.00,4.20,79.80,5.22,50.00,0.00
O-001058,2025-02-09,S-03,หน้าร้าน,P-103,1,45.00,0.00,45.00,2.94,0.00,0.00
O-001059,2025-02-09,S-04,หน้าร้าน,P-202,1,120.00,0.00,120.00,7.85,0.00,0.00
O-001060,2025-02-09,S-04,หน้าร้าน,P-101,1,35.00,1.75,33.25,2.18,0.00,0.00
O-001061,2025-02-09,S-01,หน้าร้าน,P-201,3,285.00,57.00,228.00,14.92,0.00,0.00
O-001062,2025-02-09,S-05,หน้าร้าน,P-103,1,45.00,2.25,42.75,2.80,0.00,0.00
O-001063,2025-02-09,S-06,หน้าร้าน,P-301,1,2450.00,245.00,2205.00,144.25,0.00,0.00
O-001064,2025-02-09,S-04,หน้าร้าน,P-203,3,225.00,0.00,225.00,14.72,0.00,0.00
O-001065,2025-02-09,S-06,หน้าร้าน,P-101,1,35.00,3.50,31.50,2.06,0.00,0.00
O-001066,2025-02-09,S-01,หน้าร้าน,P-301,1,2450.00,245.00,2205.00,144.25,0.00,0.00
O-001067,2025-02-09,S-02,หน้าร้าน,P-202,2,240.00,12.00,228.00,14.92,0.00,0.00
O-001068,2025-02-10,S-03,หน้าร้าน,P-201,1,95.00,19.00,76.00,4.97,0.00,0.00
O-001069,2025-02-10,S-90,ออนไลน์,P-203,1,75.00,3.75,71.25,4.66,35.00,0.00
O-001070,2025-02-10,S-01,หน้าร้าน,P-103,1,45.00,9.00,36.00,2.36,0.00,0.00
O-001071,2025-02-10,S-04,หน้าร้าน,P-202,1,120.00,24.00,96.00,6.28,0.00,0.00
O-001072,2025-02-10,S-05,หน้าร้าน,P-201,1,95.00,0.00,95.00,6.21,0.00,0.00
O-001073,2025-02-10,S-05,หน้าร้าน,P-302,1,3890.00,0.00,3890.00,254.49,0.00,3890.00
O-001074,2025-02-10,S-02,หน้าร้าน,P-203,1,75.00,7.50,67.50,4.42,0.00,0.00
O-001075,2025-02-10,S-06,หน้าร้าน,P-301,1,2450.00,122.50,2327.50,152.27,0.00,0.00
O-001076,2025-02-10,S-90,ออนไลน์,P-103,1,45.00,2.25,42.75,2.80,50.00,0.00
O-001077,2025-02-10,S-06,หน้าร้าน,P-201,1,95.00,9.50,85.50,5.59,0.00,0.00
O-001078,2025-02-10,S-04,หน้าร้าน,P-101,1,35.00,7.00,28.00,1.83,0.00,0.00
O-001079,2025-02-10,S-03,หน้าร้าน,P-301,1,2450.00,245.00,2205.00,144.25,0.00,0.00
O-001080,2025-02-10,S-06,หน้าร้าน,P-102,5,140.00,7.00,133.00,8.70,0.00,0.00
O-001081,2025-02-10,S-03,หน้าร้าน,P-202,2,240.00,0.00,240.00,15.70,0.00,0.00
O-001082,2025-02-10,S-90,ออนไลน์,P-302,1,3890.00,0.00,3890.00,254.49,50.00,0.00
O-001083,2025-02-10,S-90,ออนไลน์,P-202,2,240.00,0.00,240.00,15.70,35.00,0.00
O-001084,2025-02-10,S-03,หน้าร้าน,P-203,3,225.00,11.25,213.75,13.98,0.00,0.00
O-001085,2025-02-10,S-05,หน้าร้าน,P-202,1,120.00,6.00,114.00,7.46,0.00,0.00
O-001086,2025-02-10,S-05,หน้าร้าน,P-103,1,45.00,0.00,45.00,2.94,0.00,0.00
O-001087,2025-02-10,S-01,หน้าร้าน,P-101,1,35.00,0.00,35.00,2.29,0.00,0.00
O-001088,2025-02-10,S-90,ออนไลน์,P-302,2,7780.00,0.00,7780.00,508.97,50.00,0.00
O-001089,2025-02-10,S-05,หน้าร้าน,P-301,2,4900.00,0.00,4900.00,320.56,0.00,0.00
O-001090,2025-02-10,S-90,ออนไลน์,P-203,5,375.00,75.00,300.00,19.63,35.00,0.00
O-001091,2025-02-10,S-03,หน้าร้าน,P-202,1,120.00,0.00,120.00,7.85,0.00,0.00
O-001092,2025-02-10,S-01,หน้าร้าน,P-101,2,70.00,0.00,70.00,4.58,0.00,0.00
O-001093,2025-02-10,S-06,หน้าร้าน,P-202,3,360.00,18.00,342.00,22.37,0.00,0.00
O-001094,2025-02-11,S-04,หน้าร้าน,P-201,1,95.00,4.75,90.25,5.90,0.00,0.00
O-001095,2025-02-11,S-02,หน้าร้าน,P-101,1,35.00,7.00,28.00,1.83,0.00,0.00
O-001096,2025-02-11,S-06,หน้าร้าน,P-202,1,120.00,0.00,120.00,7.85,0.00,0.00
O-001097,2025-02-11,S-01,หน้าร้าน,P-102,2,56.00,0.00,56.00,3.66,0.00,0.00
O-001098,2025-02-11,S-05,หน้าร้าน,P-302,2,7780.00,1556.00,6224.00,407.18,0.00,0.00
O-001099,2025-02-11,S-01,หน้าร้าน,P-202,1,120.00,0.00,120.00,7.85,0.00,0.00
O-001100,2025-02-11,S-01,หน้าร้าน,P-203,3,225.00,22.50,202.50,13.25,0.00,0.00
O-001101,2025-02-11,S-90,ออนไลน์,P-203,2,150.00,15.00,135.00,8.83,35.00,0.00
O-001102,2025-02-11,S-90,ออนไลน์,P-201,1,95.00,0.00,95.00,6.21,0.00,0.00
O-001103,2025-02-11,S-90,ออนไลน์,P-203,2,150.00,7.50,142.50,9.32,35.00,0.00
O-001104,2025-02-11,S-03,หน้าร้าน,P-302,1,3890.00,194.50,3695.50,241.76,0.00,0.00
O-001105,2025-02-11,S-04,หน้าร้าน,P-201,2,190.00,0.00,190.00,12.43,0.00,0.00
O-001106,2025-02-11,S-90,ออนไลน์,P-302,1,3890.00,0.00,3890.00,254.49,0.00,0.00
O-001107,2025-02-11,S-05,หน้าร้าน,P-301,1,2450.00,0.00,2450.00,160.28,0.00,0.00
O-001108,2025-02-11,S-03,หน้าร้าน,P-103,1,45.00,0.00,45.00,2.94,0.00,0.00
O-001109,2025-02-11,S-02,หน้าร้าน,P-101,1,35.00,7.00,28.00,1.83,0.00,0.00
O-001110,2025-02-11,S-01,หน้าร้าน,P-302,1,3890.00,194.50,3695.50,241.76,0.00,0.00
O-001111,2025-02-11,S-01,หน้าร้าน,P-102,1,28.00,2.80,25.20,1.65,0.00,0.00
O-001112,2025-02-12,S-02,หน้าร้าน,P-103,1,45.00,0.00,45.00,2.94,0.00,0.00
O-001113,2025-02-12,S-90,ออนไลน์,P-103,1,45.00,9.00,36.00,2.36,35.00,0.00
O-001114,2025-02-12,S-02,หน้าร้าน,P-101,1,35.00,1.75,33.25,2.18,0.00,0.00
O-001115,2025-02-12,S-04,หน้าร้าน,P-102,1,28.00,0.00,28.00,1.83,0.00,0.00
O-001116,2025-02-12,S-06,หน้าร้าน,P-302,2,7780.00,0.00,7780.00,508.97,0.00,0.00
O-001117,2025-02-12,S-06,หน้าร้าน,P-203,1,75.00,0.00,75.00,4.91,0.00,0.00
O-001118,2025-02-12,S-01,หน้าร้าน,P-103,1,45.00,9.00,36.00,2.36,0.00,0.00
O-001119,2025-02-12,S-01,หน้าร้าน,P-202,2,240.00,24.00,216.00,14.13,0.00,0.00
O-001120,2025-02-12,S-05,หน้าร้าน,P-301,3,7350.00,367.50,6982.50,456.80,0.00,0.00
O-001121,2025-02-12,S-02,หน้าร้าน,P-201,1,95.00,0.00,95.00,6.21,0.00,0.00
O-001122,2025-02-12,S-06,หน้าร้าน,P-301,1,2450.00,490.00,1960.00,128.22,0.00,0.00
O-001123,2025-02-12,S-05,หน้าร้าน,P-203,2,150.00,0.00,150.00,9.81,0.00,0.00
O-001124,2025-02-12,S-01,หน้าร้าน,P-302,1,3890.00,194.50,3695.50,241.76,0.00,3695.50
O-001125,2025-02-12,S-01,หน้าร้าน,P-102,2,56.00,0.00,56.00,3.66,0.00,0.00
O-001126,2025-02-12,S-01,หน้าร้าน,P-202,2,240.00,0.00,240.00,15.70,0.00,0.00
O-001127,2025-02-12,S-03,หน้าร้าน,P-103,2,90.00,18.00,72.00,4.71,0.00,0.00
O-001128,2025-02-12,S-04,หน้าร้าน,P-103,1,45.00,0.00,45.00,2.94,0.00,0.00
O-001129,2025-02-12,S-03,หน้าร้าน,P-301,3,7350.00,0.00,7350.00,480.84,0.00,0.00
O-001130,2025-02-12,S-02,หน้าร้าน,P-103,1,45.00,2.25,42.75,2.80,0.00,0.00
O-001131,2025-02-12,S-02,หน้าร้าน,P-201,1,95.00,0.00,95.00,6.21,0.00,0.00
O-001132,2025-02-12,S-06,หน้าร้าน,P-301,1,2450.00,0.00,2450.00,160.28,0.00,0.00
O-001133,2025-02-12,S-06,หน้าร้าน,P-301,3,7350.00,0.00,7350.00,480.84,0.00,0.00
O-001134,2025-02-12,S-05,หน้าร้าน,P-302,1,3890.00,0.00,3890.00,254.49,0.00,0.00
O-001135,2025-02-12,S-02,หน้าร้าน,P-102,2,56.00,11.20,44.80,2.93,0.00,0.00
O-001136,2025-02-12,S-90,ออนไลน์,P-203,2,150.00,7.50,142.50,9.32,0.00,0.00
O-001137,2025-02-12,S-02,หน้าร้าน,P-202,1,120.00,0.00,120.00,7.85,0.00,0.00
O-001138,2025-02-12,S-04,หน้าร้าน,P-103,2,90.00,0.00,90.00,5.89,0.00,0.00
O-001139,2025-02-12,S-03,หน้าร้าน,P-301,3,7350.00,0.00,7350.00,480.84,0.00,0.00
O-001140,2025-02-12,S-02,หน้าร้าน,P-102,1,28.00,5.60,22.40,1.47,0.00,0.00
O-001141,2025-02-12,S-04,หน้าร้าน,P-302,2,7780.00,0.00,7780.00,508.97,0.00,7780.00
O-001142,2025-02-13,S-03,หน้าร้าน,P-102,2,56.00,0.00,56.00,3.66,0.00,0.00
O-001143,2025-02-13,S-90,ออนไลน์,P-102,1,28.00,5.60,22.40,1.47,0.00,0.00
O-001144,2025-02-13,S-90,ออนไลน์,P-201,1,95.00,19.00,76.00,4.97,35.00,0.00
O-001145,2025-02-13,S-03,หน้าร้าน,P-101,1,35.00,1.75,33.25,2.18,0.00,0.00
O-001146,2025-02-13,S-03,หน้าร้าน,P-301,1,2450.00,0.00,2450.00,160.28,0.00,0.00
O-001147,2025-02-13,S-90,ออนไลน์,P-201,3,285.00,14.25,270.75,17.71,0.00,0.00
O-001148,2025-02-13,S-02,หน้าร้าน,P-102,1,28.00,0.00,28.00,1.83,0.00,0.00
O-001149,2025-02-13,S-90,ออนไลน์,P-202,1,120.00,0.00,120.00,7.85,50.00,0.00
O-001150,2025-02-13,S-02,หน้าร้าน,P-301,1,2450.00,0.00,2450.00,160.28,0.00,0.00
O-001151,2025-02-13,S-03,หน้าร้าน,P-301,2,4900.00,980.00,3920.00,256.45,0.00,0.00
O-001152,2025-02-13,S-01,หน้าร้าน,P-201,3,285.00,0.00,285.00,18.64,0.00,0.00
O-001153,2025-02-13,S-03,หน้าร้าน,P-301,1,2450.00,0.00,2450.00,160.28,0.00,0.00
O-001154,2025-02-13,S-04,หน้าร้าน,P-203,5,375.00,0.00,375.00,24.53,0.00,0.00
O-001155,2025-02-13,S-90,ออนไลน์,P-203,1,75.00,15.00,60.00,3.93,50.00,0.00
O-001156,2025-02-13,S-06,หน้าร้าน,P-102,1,28.00,2.80,25.20,1.65,0.00,0.00
O-001157,2025-02-13,S-90,ออนไลน์,P-301,2,4900.00,490.00,4410.00,288.50,0.00,0.00
O-001158,2025-02-13,S-03,หน้าร้าน,P-202,1,120.00,6.00,114.00,7.46,0.00,0.00
O-001159,2025-02-13,S-04,หน้าร้าน,P-202,1,120.00,12.00,108.00,7.07,0.00,0.00
O-001160,2025-02-13,S-02,หน้าร้าน,P-203,1,75.00,7.50,67.50,4.42,0.00,0.00
O-001161,2025-02-13,S-03,หน้าร้าน,P-302,3,11670.00,583.50,11086.50,725.29,0.00,0.00
O-001162,2025-02-13,S-04,หน้าร้าน,P-102,1,28.00,0.00,28.00,1.83,0.00,0.00
O-001163,2025-02-13,S-05,หน้าร้าน,P-101,2,70.00,7.00,63.00,4.12,0.00,0.00
O-001164,2025-02-13,S-03,หน้าร้าน,P-103,1,45.00,2.25,42.75,2.80,0.00,0.00
O-001165,2025-02-14,S-02,หน้าร้าน,P-203,2,150.00,0.00,150.00,9.81,0.00,0.00
O-001166,2025-02-14,S-04,หน้าร้าน,P-202,3,360.00,18.00,342.00,22.37,0.00,0.00
O-001167,2025-02-14,S-06,หน้าร้าน,P-203,1,75.00,0.00,75.00,4.91,0.00,0.00
O-001168,2025-02-14,S-06,หน้าร้าน,P-103,2,90.00,4.50,85.50,5.59,0.00,0.00
O-001169,2025-02-14,S-05,หน้าร้าน,P-101,1,35.00,0.00,35.00,2.29,0.00,0.00
O-001170,2025-02-14,S-03,หน้าร้าน,P-103,1,45.00,0.00,45.00,2.94,0.00,0.00
O-001171,2025-02-14,S-05,หน้าร้าน,P-101,2,70.00,14.00,56.00,3.66,0.00,0.00
O-001172,2025-02-14,S-06,หน้าร้าน,P-302,1,3890.00,389.00,3501.00,229.04,0.00,0.00
O-001173,2025-02-14,S-90,ออนไลน์,P-202,2,240.00,0.00,240.00,15.70,0.00,0.00
O-001174,2025-02-14,S-05,หน้าร้าน,P-102,5,140.00,0.00,140.00,9.16,0.00,0.00
O-001175,2025-02-14,S-06,หน้าร้าน,P-301,1,2450.00,245.00,2205.00,144.25,0.00,0.00
O-001176,2025-02-14,S-03,หน้าร้าน,P-202,2,240.00,24.00,216.00,14.13,0.00,0.00
O-001177,2025-02-14,S-01,หน้าร้าน,P-102,1,28.00,2.80,25.20,1.65,0.00,0.00
O-001178,2025-02-14,S-02,หน้าร้าน,P-203,1,75.00,3.75,71.25,4.66,0.00,0.00
O-001179,2025-02-14,S-05,หน้าร้าน,P-103,2,90.00,0.00,90.00,5.89,0.00,0.00
O-001180,2025-02-14,S-01,หน้าร้าน,P-201,2,190.00,19.00,171.00,11.19,0.00,0.00
O-001181,2025-02-14,S-03,หน้าร้าน,P-201,2,190.00,0.00,190.00,12.43,0.00,0.00
O-001182,2025-02-14,S-01,หน้าร้าน,P-201,1,95.00,0.00,95.00,6.21,0.00,0.00
O-001183,2025-02-14,S-06,หน้าร้าน,P-102,2,56.00,0.00,56.00,3.66,0.00,0.00
O-001184,2025-02-14,S-06,หน้าร้าน,P-102,1,28.00,2.80,25.20,1.65,0.00,0.00
O-001185,2025-02-14,S-05,หน้าร้าน,P-302,1,3890.00,194.50,3695.50,241.76,0.00,0.00
O-001186,2025-02-14,S-03,หน้าร้าน,P-103,1,45.00,0.00,45.00,2.94,0.00,0.00
O-001187,2025-02-14,S-01,หน้าร้าน,P-302,1,3890.00,778.00,3112.00,203.59,0.00,0.00
O-001188,2025-02-14,S-04,หน้าร้าน,P-202,5,600.00,60.00,540.00,35.33,0.00,0.00
O-001189,2025-02-14,S-02,หน้าร้าน,P-102,1,28.00,1.40,26.60,1.74,0.00,0.00
O-001190,2025-02-14,S-90,ออนไลน์,P-101,1,35.00,0.00,35.00,2.29,0.00,0.00
O-001191,2025-02-14,S-05,หน้าร้าน,P-201,1,95.00,0.00,95.00,6.21,0.00,0.00
O-001192,2025-02-14,S-02,หน้าร้าน,P-201,2,190.00,0.00,190.00,12.43,0.00,0.00
O-001193,2025-02-15,S-05,หน้าร้าน,P-202,3,360.00,0.00,360.00,23.55,0.00,0.00
O-001194,2025-02-15,S-02,หน้าร้าน,P-203,1,75.00,3.75,71.25,4.66,0.00,0.00
O-001195,2025-02-15,S-06,หน้าร้าน,P-302,1,3890.00,389.00,3501.00,229.04,0.00,0.00
O-001196,2025-02-15,S-01,หน้าร้าน,P-302,1,3890.00,389.00,3501.00,229.04,0.00,0.00
O-001197,2025-02-15,S-02,หน้าร้าน,P-202,5,600.00,60.00,540.00,35.33,0.00,0.00
O-001198,2025-02-15,S-90,ออนไลน์,P-201,1,95.00,19.00,76.00,4.97,35.00,0.00
O-001199,2025-02-15,S-02,หน้าร้าน,P-302,1,3890.00,389.00,3501.00,229.04,0.00,0.00
O-001200,2025-02-15,S-06,หน้าร้าน,P-301,2,4900.00,490.00,4410.00,288.50,0.00,0.00
O-001201,2025-02-15,S-90,ออนไลน์,P-103,1,45.00,2.25,42.75,2.80,80.00,0.00
O-001202,2025-02-15,S-03,หน้าร้าน,P-101,3,105.00,0.00,105.00,6.87,0.00,0.00
O-001203,2025-02-15,S-90,ออนไลน์,P-103,2,90.00,18.00,72.00,4.71,0.00,0.00
O-001204,2025-02-15,S-03,หน้าร้าน,P-101,5,175.00,0.00,175.00,11.45,0.00,0.00
O-001205,2025-02-15,S-90,ออนไลน์,P-202,1,120.00,0.00,120.00,7.85,50.00,0.00
O-001206,2025-02-15,S-06,หน้าร้าน,P-201,1,95.00,19.00,76.00,4.97,0.00,0.00
O-001207,2025-02-15,S-01,หน้าร้าน,P-202,1,120.00,6.00,114.00,7.46,0.00,0.00
O-001208,2025-02-15,S-03,หน้าร้าน,P-301,1,2450.00,245.00,2205.00,144.25,0.00,2205.00
O-001209,2025-02-15,S-06,หน้าร้าน,P-201,1,95.00,19.00,76.00,4.97,0.00,0.00
O-001210,2025-02-15,S-90,ออนไลน์,P-201,1,95.00,0.00,95.00,6.21,50.00,0.00
O-001211,2025-02-15,S-03,หน้าร้าน,P-302,1,3890.00,0.00,3890.00,254.49,0.00,0.00
O-001212,2025-02-15,S-01,หน้าร้าน,P-202,1,120.00,0.00,120.00,7.85,0.00,0.00
O-001213,2025-02-15,S-01,หน้าร้าน,P-201,1,95.00,0.00,95.00,6.21,0.00,0.00
O-001214,2025-02-15,S-03,หน้าร้าน,P-201,1,95.00,9.50,85.50,5.59,0.00,0.00
O-001215,2025-02-15,S-06,หน้าร้าน,P-102,1,28.00,2.80,25.20,1.65,0.00,0.00
O-001216,2025-02-15,S-02,หน้าร้าน,P-201,3,285.00,57.00,228.00,14.92,0.00,0.00
O-001217,2025-02-15,S-01,หน้าร้าน,P-102,2,56.00,5.60,50.40,3.30,0.00,0.00
O-001218,2025-02-16,S-03,หน้าร้าน,P-203,1,75.00,3.75,71.25,4.66,0.00,0.00
O-001219,2025-02-16,S-05,หน้าร้าน,P-302,1,3890.00,194.50,3695.50,241.76,0.00,0.00
O-001220,2025-02-16,S-06,หน้าร้าน,P-103,1,45.00,9.00,36.00,2.36,0.00,0.00
O-001221,2025-02-16,S-06,หน้าร้าน,P-201,2,190.00,19.00,171.00,11.19,0.00,0.00
O-001222,2025-02-16,S-03,หน้าร้าน,P-101,1,35.00,0.00,35.00,2.29,0.00,0.00
O-001223,2025-02-16,S-01,หน้าร้าน,P-301,1,2450.00,490.00,1960.00,128.22,0.00,0.00
O-001224,2025-02-16,S-03,หน้าร้าน,P-302,1,3890.00,0.00,3890.00,254.49,0.00,0.00
O-001225,2025-02-16,S-01,หน้าร้าน,P-201,1,95.00,4.75,90.25,5.90,0.00,0.00
O-001226,2025-02-16,S-90,ออนไลน์,P-202,2,240.00,48.00,192.00,12.56,35.00,0.00
O-001227,2025-02-16,S-01,หน้าร้าน,P-102,2,56.00,0.00,56.00,3.66,0.00,0.00
O-001228,2025-02-16,S-04,หน้าร้าน,P-102,2,56.00,0.00,56.00,3.66,0.00,0.00
O-001229,2025-02-16,S-01,หน้าร้าน,P-203,1,75.00,0.00,75.00,4.91,0.00,0.00
O-001230,2025-02-16,S-02,หน้าร้าน,P-103,1,45.00,0.00,45.00,2.94,0.00,0.00
O-001231,2025-02-16,S-90,ออนไลน์,P-302,2,7780.00,778.00,7002.00,458.07,35.00,0.00
O-001232,2025-02-16,S-01,หน้าร้าน,P-201,3,285.00,57.00,228.00,14.92,0.00,0.00
O-001233,2025-02-16,S-03,หน้าร้าน,P-201,2,190.00,19.00,171.00,11.19,0.00,0.00
O-001234,2025-02-16,S-90,ออนไลน์,P-102,1,28.00,0.00,28.00,1.83,0.00,0.00
O-001235,2025-02-16,S-04,หน้าร้าน,P-203,3,225.00,45.00,180.00,11.78,0.00,0.00
O-001236,2025-02-16,S-90,ออนไลน์,P-103,1,45.00,0.00,45.00,2.94,35.00,0.00
O-001237,2025-02-16,S-01,หน้าร้าน,P-203,3,225.00,11.25,213.75,13.98,0.00,0.00
O-001238,2025-02-16,S-90,ออนไลน์,P-201,1,95.00,4.75,90.25,5.90,80.00,0.00
O-001239,2025-02-16,S-03,หน้าร้าน,P-203,2,150.00,0.00,150.00,9.81,0.00,0.00
O-001240,2025-02-16,S-05,หน้าร้าน,P-103,1,45.00,0.00,45.00,2.94,0.00,0.00
O-001241,2025-02-16,S-05,หน้าร้าน,P-103,1,45.00,9.00,36.00,2.36,0.00,0.00
O-001242,2025-02-16,S-06,หน้าร้าน,P-301,2,4900.00,490.00,4410.00,288.50,0.00,0.00
O-001243,2025-02-16,S-01,หน้าร้าน,P-301,1,2450.00,490.00,1960.00,128.22,0.00,0.00
O-001244,2025-02-17,S-02,หน้าร้าน,P-201,1,95.00,9.50,85.50,5.59,0.00,0.00
O-001245,2025-02-17,S-05,หน้าร้าน,P-102,2,56.00,11.20,44.80,2.93,0.00,0.00
O-001246,2025-02-17,S-06,หน้าร้าน,P-201,1,95.00,0.00,95.00,6.21,0.00,0.00
O-001247,2025-02-17,S-01,หน้าร้าน,P-103,2,90.00,9.00,81.00,5.30,0.00,0.00
O-001248,2025-02-17,S-06,หน้าร้าน,P-203,1,75.00,7.50,67.50,4.42,0.00,0.00
O-001249,2025-02-17,S-90,ออนไลน์,P-202,1,120.00,24.00,96.00,6.28,0.00,0.00
O-001250,2025-02-17,S-01,หน้าร้าน,P-201,1,95.00,4.75,90.25,5.90,0.00,0.00
O-001251,2025-02-17,S-04,หน้าร้าน,P-201,3,285.00,0.00,285.00,18.64,0.00,0.00
O-001252,2025-02-17,S-04,หน้าร้าน,P-302,1,3890.00,194.50,3695.50,241.76,0.00,0.00
O-001253,2025-02-17,S-03,หน้าร้าน,P-201,1,95.00,19.00,76.00,4.97,0.00,0.00
O-001254,2025-02-17,S-04,หน้าร้าน,P-103,5,225.00,0.00,225.00,14.72,0.00,0.00
O-001255,2025-02-17,S-04,หน้าร้าน,P-103,2,90.00,9.00,81.00,5.30,0.00,0.00
O-001256,2025-02-17,S-05,หน้าร้าน,P-103,1,45.00,0.00,45.00,2.94,0.00,0.00
O-001257,2025-02-17,S-04,หน้าร้าน,P-203,2,150.00,0.00,150.00,9.81,0.00,0.00
O-001258,2025-02-17,S-06,หน้าร้าน,P-302,1,3890.00,389.00,3501.00,229.04,0.00,0.00
O-001259,2025-02-17,S-03,หน้าร้าน,P-103,2,90.00,0.00,90.00,5.89,0.00,0.00
O-001260,2025-02-17,S-01,หน้าร้าน,P-203,1,75.00,7.50,67.50,4.42,0.00,0.00
O-001261,2025-02-17,S-06,หน้าร้าน,P-302,1,3890.00,778.00,3112.00,203.59,0.00,0.00
O-001262,2025-02-17,S-05,หน้าร้าน,P-103,1,45.00,4.50,40.50,2.65,0.00,0.00
O-001263,2025-02-17,S-90,ออนไลน์,P-101,1,35.00,3.50,31.50,2.06,80.00,0.00
O-001264,2025-02-17,S-02,หน้าร้าน,P-203,1,75.00,15.00,60.00,3.93,0.00,0.00
O-001265,2025-02-17,S-03,หน้าร้าน,P-101,1,35.00,0.00,35.00,2.29,0.00,0.00
O-001266,2025-02-17,S-90,ออนไลน์,P-203,3,225.00,22.50,202.50,13.25,80.00,0.00
O-001267,2025-02-17,S-90,ออนไลน์,P-103,1,45.00,4.50,40.50,2.65,35.00,0.00
O-001268,2025-02-17,S-04,หน้าร้าน,P-302,1,3890.00,194.50,3695.50,241.76,0.00,0.00
O-001269,2025-02-17,S-01,หน้าร้าน,P-203,2,150.00,7.50,142.50,9.32,0.00,0.00
O-001270,2025-02-17,S-05,หน้าร้าน,P-201,3,285.00,14.25,270.75,17.71,0.00,0.00
O-001271,2025-02-17,S-90,ออนไลน์,P-202,3,360.00,0.00,360.00,23.55,0.00,0.00
O-001272,2025-02-17,S-03,หน้าร้าน,P-103,1,45.00,0.00,45.00,2.94,0.00,0.00
O-001273,2025-02-17,S-04,หน้าร้าน,P-102,1,28.00,2.80,25.20,1.65,0.00,0.00
O-001274,2025-02-17,S-06,หน้าร้าน,P-103,5,225.00,0.00,225.00,14.72,0.00,0.00
O-001275,2025-02-17,S-05,หน้าร้าน,P-202,2,240.00,0.00,240.00,15.70,0.00,0.00
O-001276,2025-02-17,S-03,หน้าร้าน,P-201,1,95.00,4.75,90.25,5.90,0.00,0.00
O-001277,2025-02-18,S-04,หน้าร้าน,P-102,1,28.00,5.60,22.40,1.47,0.00,0.00
O-001278,2025-02-18,S-05,หน้าร้าน,P-103,2,90.00,9.00,81.00,5.30,0.00,0.00
O-001279,2025-02-18,S-90,ออนไลน์,P-203,1,75.00,3.75,71.25,4.66,35.00,0.00
O-001280,2025-02-18,S-01,หน้าร้าน,P-201,1,95.00,9.50,85.50,5.59,0.00,0.00
O-001281,2025-02-18,S-05,หน้าร้าน,P-302,1,3890.00,778.00,3112.00,203.59,0.00,0.00
O-001282,2025-02-18,S-05,หน้าร้าน,P-202,1,120.00,12.00,108.00,7.07,0.00,0.00
O-001283,2025-02-18,S-06,หน้าร้าน,P-301,1,2450.00,245.00,2205.00,144.25,0.00,0.00
O-001284,2025-02-18,S-06,หน้าร้าน,P-101,2,70.00,3.50,66.50,4.35,0.00,0.00
O-001285,2025-02-18,S-01,หน้าร้าน,P-302,1,3890.00,389.00,3501.00,229.04,0.00,0.00
O-001286,2025-02-18,S-06,หน้าร้าน,P-202,1,120.00,0.00,120.00,7.85,0.00,0.00
O-001287,2025-02-18,S-05,หน้าร้าน,P-101,1,35.00,0.00,35.00,2.29,0.00,0.00
O-001288,2025-02-18,S-02,หน้าร้าน,P-203,2,150.00,0.00,150.00,9.81,0.00,0.00
O-001289,2025-02-18,S-02,หน้าร้าน,P-202,2,240.00,0.00,240.00,15.70,0.00,0.00
O-001290,2025-02-18,S-05,หน้าร้าน,P-103,2,90.00,0.00,90.00,5.89,0.00,0.00
O-001291,2025-02-18,S-04,หน้าร้าน,P-203,2,150.00,0.00,150.00,9.81,0.00,0.00
O-001292,2025-02-18,S-02,หน้าร้าน,P-201,2,190.00,19.00,171.00,11.19,0.00,0.00
O-001293,2025-02-18,S-05,หน้าร้าน,P-301,1,2450.00,490.00,1960.00,128.22,0.00,0.00
O-001294,2025-02-18,S-04,หน้าร้าน,P-301,1,2450.00,122.50,2327.50,152.27,0.00,0.00
O-001295,2025-02-18,S-02,หน้าร้าน,P-301,1,2450.00,0.00,2450.00,160.28,0.00,0.00
O-001296,2025-02-18,S-01,หน้าร้าน,P-301,1,2450.00,0.00,2450.00,160.28,0.00,0.00
O-001297,2025-02-18,S-05,หน้าร้าน,P-202,1,120.00,6.00,114.00,7.46,0.00,0.00
O-001298,2025-02-18,S-02,หน้าร้าน,P-302,5,19450.00,1945.00,17505.00,1145.19,0.00,17505.00
O-001299,2025-02-18,S-90,ออนไลน์,P-102,1,28.00,0.00,28.00,1.83,80.00,0.00
O-001300,2025-02-18,S-05,หน้าร้าน,P-102,2,56.00,0.00,56.00,3.66,0.00,0.00
O-001301,2025-02-18,S-02,หน้าร้าน,P-202,1,120.00,24.00,96.00,6.28,0.00,0.00
O-001302,2025-02-18,S-90,ออนไลน์,P-101,1,35.00,1.75,33.25,2.18,50.00,0.00
O-001303,2025-02-18,S-01,หน้าร้าน,P-101,2,70.00,3.50,66.50,4.35,0.00,0.00
O-001304,2025-02-18,S-05,หน้าร้าน,P-201,2,190.00,19.00,171.00,11.19,0.00,0.00
O-001305,2025-02-18,S-01,หน้าร้าน,P-101,1,35.00,0.00,35.00,2.29,0.00,0.00
O-001306,2025-02-18,S-06,หน้าร้าน,P-201,3,285.00,0.00,285.00,18.64,0.00,0.00
O-001307,2025-02-18,S-06,หน้าร้าน,P-301,1,2450.00,0.00,2450.00,160.28,0.00,0.00
O-001308,2025-02-18,S-06,หน้าร้าน,P-203,1,75.00,0.00,75.00,4.91,0.00,0.00
O-001309,2025-02-18,S-05,หน้าร้าน,P-302,1,3890.00,194.50,3695.50,241.76,0.00,0.00
O-001310,2025-02-19,S-90,ออนไลน์,P-103,1,45.00,4.50,40.50,2.65,0.00,0.00
O-001311,2025-02-19,S-03,หน้าร้าน,P-302,5,19450.00,1945.00,17505.00,1145.19,0.00,0.00
O-001312,2025-02-19,S-06,หน้าร้าน,P-301,1,2450.00,0.00,2450.00,160.28,0.00,0.00
O-001313,2025-02-19,S-03,หน้าร้าน,P-202,1,120.00,0.00,120.00,7.85,0.00,0.00
O-001314,2025-02-19,S-02,หน้าร้าน,P-301,2,4900.00,0.00,4900.00,320.56,0.00,0.00
O-001315,2025-02-19,S-04,หน้าร้าน,P-203,1,75.00,15.00,60.00,3.93,0.00,0.00
O-001316,2025-02-19,S-02,หน้าร้าน,P-101,1,35.00,0.00,35.00,2.29,0.00,0.00
O-001317,2025-02-19,S-01,หน้าร้าน,P-302,2,7780.00,1556.00,6224.00,407.18,0.00,0.00
O-001318,2025-02-19,S-01,หน้าร้าน,P-201,3,285.00,0.00,285.00,18.64,0.00,0.00
O-001319,2025-02-19,S-05,หน้าร้าน,P-302,2,7780.00,0.00,7780.00,508.97,0.00,0.00
O-001320,2025-02-19,S-04,หน้าร้าน,P-302,1,3890.00,0.00,3890.00,254.49,0.00,0.00
O-001321,2025-02-19,S-06,หน้าร้าน,P-203,5,375.00,37.50,337.50,22.08,0.00,0.00
O-001322,2025-02-19,S-03,หน้าร้าน,P-103,1,45.00,9.00,36.00,2.36,0.00,0.00
O-001323,2025-02-19,S-03,หน้าร้าน,P-203,1,75.00,3.75,71.25,4.66,0.00,0.00
O-001324,2025-02-19,S-03,หน้าร้าน,P-201,3,285.00,14.25,270.75,17.71,0.00,0.00
O-001325,2025-02-19,S-02,หน้าร้าน,P-101,1,35.00,1.75,33.25,2.18,0.00,0.00
O-001326,2025-02-19,S-02,หน้าร้าน,P-203,1,75.00,0.00,75.00,4.91,0.00,0.00
O-001327,2025-02-19,S-04,หน้าร้าน,P-103,2,90.00,0.00,90.00,5.89,0.00,0.00
O-001328,2025-02-19,S-03,หน้าร้าน,P-103,1,45.00,4.50,40.50,2.65,0.00,0.00
O-001329,2025-02-19,S-04,หน้าร้าน,P-202,1,120.00,6.00,114.00,7.46,0.00,0.00
O-001330,2025-02-19,S-01,หน้าร้าน,P-203,1,75.00,0.00,75.00,4.91,0.00,0.00
O-001331,2025-02-19,S-05,หน้าร้าน,P-202,3,360.00,72.00,288.00,18.84,0.00,0.00
O-001332,2025-02-19,S-01,หน้าร้าน,P-202,1,120.00,24.00,96.00,6.28,0.00,0.00
O-001333,2025-02-19,S-01,หน้าร้าน,P-101,2,70.00,0.00,70.00,4.58,0.00,0.00
O-001334,2025-02-19,S-02,หน้าร้าน,P-103,2,90.00,18.00,72.00,4.71,0.00,0.00
O-001335,2025-02-19,S-03,หน้าร้าน,P-101,1,35.00,7.00,28.00,1.83,0.00,0.00
O-001336,2025-02-19,S-01,หน้าร้าน,P-302,2,7780.00,778.00,7002.00,458.07,0.00,0.00
O-001337,2025-02-19,S-01,หน้าร้าน,P-102,1,28.00,2.80,25.20,1.65,0.00,0.00
O-001338,2025-02-19,S-04,หน้าร้าน,P-203,1,75.00,15.00,60.00,3.93,0.00,0.00
O-001339,2025-02-20,S-03,หน้าร้าน,P-103,2,90.00,18.00,72.00,4.71,0.00,0.00
O-001340,2025-02-20,S-01,หน้าร้าน,P-201,1,95.00,9.50,85.50,5.59,0.00,0.00
O-001341,2025-02-20,S-04,หน้าร้าน,P-203,1,75.00,3.75,71.25,4.66,0.00,0.00
O-001342,2025-02-20,S-03,หน้าร้าน,P-101,3,105.00,10.50,94.50,6.18,0.00,0.00
O-001343,2025-02-20,S-90,ออนไลน์,P-102,1,28.00,2.80,25.20,1.65,80.00,0.00
O-001344,2025-02-20,S-03,หน้าร้าน,P-201,1,95.00,0.00,95.00,6.21,0.00,0.00
O-001345,2025-02-20,S-03,หน้าร้าน,P-301,1,2450.00,490.00,1960.00,128.22,0.00,0.00
O-001346,2025-02-20,S-06,หน้าร้าน,P-302,1,3890.00,0.00,3890.00,254.49,0.00,0.00
O-001347,2025-02-20,S-03,หน้าร้าน,P-202,2,240.00,24.00,216.00,14.13,0.00,0.00
O-001348,2025-02-20,S-06,หน้าร้าน,P-302,2,7780.00,0.00,7780.00,508.97,0.00,0.00
O-001349,2025-02-20,S-05,หน้าร้าน,P-302,1,3890.00,778.00,3112.00,203.59,0.00,0.00
O-001350,2025-02-20,S-05,หน้าร้าน,P-102,1,28.00,1.40,26.60,1.74,0.00,0.00
O-001351,2025-02-20,S-06,หน้าร้าน,P-101,2,70.00,0.00,70.00,4.58,0.00,0.00
O-001352,2025-02-20,S-05,หน้าร้าน,P-301,1,2450.00,490.00,1960.00,128.22,0.00,0.00
O-001353,2025-02-20,S-05,หน้าร้าน,P-103,5,225.00,45.00,180.00,11.78,0.00,0.00
O-001354,2025-02-20,S-04,หน้าร้าน,P-102,1,28.00,0.00,28.00,1.83,0.00,0.00
O-001355,2025-02-20,S-01,หน้าร้าน,P-203,1,75.00,0.00,75.00,4.91,0.00,0.00
O-001356,2025-02-20,S-01,หน้าร้าน,P-302,3,11670.00,583.50,11086.50,725.29,0.00,0.00
O-001357,2025-02-21,S-06,หน้าร้าน,P-102,1,28.00,0.00,28.00,1.83,0.00,0.00
O-001358,2025-02-21,S-90,ออนไลน์,P-201,1,95.00,9.50,85.50,5.59,0.00,0.00
O-001359,2025-02-21,S-04,หน้าร้าน,P-301,1,2450.00,122.50,2327.50,152.27,0.00,0.00
O-001360,2025-02-21,S-03,หน้าร้าน,P-103,3,135.00,6.75,128.25,8.39,0.00,0.00
O-001361,2025-02-21,S-06,หน้าร้าน,P-103,1,45.00,0.00,45.00,2.94,0.00,0.00
O-001362,2025-02-21,S-06,หน้าร้าน,P-101,2,70.00,3.50,66.50,4.35,0.00,0.00
O-001363,2025-02-21,S-03,หน้าร้าน,P-102,1,28.00,0.00,28.00,1.83,0.00,0.00
O-001364,2025-02-21,S-03,หน้าร้าน,P-203,1,75.00,7.50,67.50,4.42,0.00,0.00
O-001365,2025-02-21,S-90,ออนไลน์,P-302,1,3890.00,778.00,3112.00,203.59,50.00,0.00
O-001366,2025-02-21,S-06,หน้าร้าน,P-102,1,28.00,2.80,25.20,1.65,0.00,0.00
O-001367,2025-02-21,S-03,หน้าร้าน,P-203,1,75.00,15.00,60.00,3.93,0.00,0.00
O-001368,2025-02-21,S-06,หน้าร้าน,P-201,1,95.00,19.00,76.00,4.97,0.00,0.00
O-001369,2025-02-21,S-06,หน้าร้าน,P-301,1,2450.00,0.00,2450.00,160.28,0.00,0.00
O-001370,2025-02-21,S-01,หน้าร้าน,P-202,1,120.00,0.00,120.00,7.85,0.00,0.00
O-001371,2025-02-21,S-90,ออนไลน์,P-202,5,600.00,0.00,600.00,39.25,0.00,0.00
O-001372,2025-02-21,S-90,ออนไลน์,P-102,1,28.00,0.00,28.00,1.83,50.00,0.00
O-001373,2025-02-21,S-04,หน้าร้าน,P-302,2,7780.00,0.00,7780.00,508.97,0.00,0.00
O-001374,2025-02-21,S-03,หน้าร้าน,P-302,1,3890.00,194.50,3695.50,241.76,0.00,0.00
O-001375,2025-02-21,S-02,หน้าร้าน,P-202,1,120.00,0.00,120.00,7.85,0.00,0.00
O-001376,2025-02-21,S-04,หน้าร้าน,P-101,1,35.00,0.00,35.00,2.29,0.00,0.00
O-001377,2025-02-21,S-90,ออนไลน์,P-103,1,45.00,2.25,42.75,2.80,35.00,0.00
O-001378,2025-02-22,S-03,หน้าร้าน,P-301,1,2450.00,122.50,2327.50,152.27,0.00,0.00
O-001379,2025-02-22,S-06,หน้าร้าน,P-101,1,35.00,3.50,31.50,2.06,0.00,31.50
O-001380,2025-02-22,S-03,หน้าร้าน,P-301,2,4900.00,0.00,4900.00,320.56,0.00,0.00
O-001381,2025-02-22,S-06,หน้าร้าน,P-103,1,45.00,0.00,45.00,2.94,0.00,0.00
O-001382,2025-02-22,S-05,หน้าร้าน,P-203,1,75.00,15.00,60.00,3.93,0.00,0.00
O-001383,2025-02-22,S-02,หน้าร้าน,P-302,1,3890.00,194.50,3695.50,241.76,0.00,0.00
O-001384,2025-02-22,S-01,หน้าร้าน,P-102,3,84.00,0.00,84.00,5.50,0.00,0.00
O-001385,2025-02-22,S-03,หน้าร้าน,P-203,1,75.00,15.00,60.00,3.93,0.00,0.00
O-001386,2025-02-22,S-02,หน้าร้าน,P-102,2,56.00,0.00,56.00,3.66,0.00,0.00
O-001387,2025-02-22,S-03,หน้าร้าน,P-102,1,28.00,0.00,28.00,1.83,0.00,0.00
O-001388,2025-02-22,S-04,หน้าร้าน,P-302,1,3890.00,778.00,3112.00,203.59,0.00,0.00
O-001389,2025-02-22,S-06,หน้าร้าน,P-101,3,105.00,0.00,105.00,6.87,0.00,0.00
O-001390,2025-02-22,S-05,หน้าร้าน,P-102,1,28.00,5.60,22.40,1.47,0.00,0.00
O-001391,2025-02-22,S-05,หน้าร้าน,P-203,1,75.00,0.00,75.00,4.91,0.00,0.00
O-001392,2025-02-22,S-05,หน้าร้าน,P-301,1,2450.00,245.00,2205.00,144.25,0.00,0.00
O-001393,2025-02-22,S-04,หน้าร้าน,P-203,3,225.00,22.50,202.50,13.25,0.00,0.00
O-001394,2025-02-22,S-01,หน้าร้าน,P-101,1,35.00,7.00,28.00,1.83,0.00,0.00
O-001395,2025-02-22,S-01,หน้าร้าน,P-201,2,190.00,0.00,190.00,12.43,0.00,0.00
O-001396,2025-02-22,S-01,หน้าร้าน,P-203,3,225.00,0.00,225.00,14.72,0.00,0.00
O-001397,2025-02-22,S-02,หน้าร้าน,P-101,1,35.00,1.75,33.25,2.18,0.00,0.00
O-001398,2025-02-22,S-03,หน้าร้าน,P-203,3,225.00,0.00,225.00,14.72,0.00,225.00
O-001399,2025-02-22,S-01,หน้าร้าน,P-103,2,90.00,4.50,85.50,5.59,0.00,0.00
O-001400,2025-02-22,S-02,หน้าร้าน,P-301,1,2450.00,122.50,2327.50,152.27,0.00,2327.50
O-001401,2025-02-22,S-90,ออนไลน์,P-203,1,75.00,7.50,67.50,4.42,50.00,0.00
O-001402,2025-02-22,S-01,หน้าร้าน,P-102,1,28.00,0.00,28.00,1.83,0.00,0.00
O-001403,2025-02-22,S-04,หน้าร้าน,P-302,1,3890.00,0.00,3890.00,254.49,0.00,0.00
O-001404,2025-02-22,S-04,หน้าร้าน,P-103,2,90.00,0.00,90.00,5.89,0.00,0.00
O-001405,2025-02-22,S-06,หน้าร้าน,P-102,1,28.00,2.80,25.20,1.65,0.00,0.00
O-001406,2025-02-22,S-01,หน้าร้าน,P-103,1,45.00,0.00,45.00,2.94,0.00,0.00
O-001407,2025-02-22,S-04,หน้าร้าน,P-101,1,35.00,3.50,31.50,2.06,0.00,0.00
O-001408,2025-02-23,S-03,หน้าร้าน,P-202,1,120.00,24.00,96.00,6.28,0.00,0.00
O-001409,2025-02-23,S-04,หน้าร้าน,P-201,1,95.00,0.00,95.00,6.21,0.00,0.00
O-001410,2025-02-23,S-03,หน้าร้าน,P-202,2,240.00,0.00,240.00,15.70,0.00,0.00
O-001411,2025-02-23,S-90,ออนไลน์,P-102,3,84.00,8.40,75.60,4.95,0.00,0.00
O-001412,2025-02-23,S-90,ออนไลน์,P-302,2,7780.00,0.00,7780.00,508.97,80.00,0.00
O-001413,2025-02-23,S-06,หน้าร้าน,P-201,1,95.00,19.00,76.00,4.97,0.00,0.00
O-001414,2025-02-23,S-01,หน้าร้าน,P-301,3,7350.00,367.50,6982.50,456.80,0.00,0.00
O-001415,2025-02-23,S-01,หน้าร้าน,P-302,2,7780.00,778.00,7002.00,458.07,0.00,0.00
O-001416,2025-02-23,S-03,หน้าร้าน,P-201,1,95.00,19.00,76.00,4.97,0.00,0.00
O-001417,2025-02-23,S-05,หน้าร้าน,P-201,1,95.00,19.00,76.00,4.97,0.00,0.00
O-001418,2025-02-23,S-06,หน้าร้าน,P-202,2,240.00,0.00,240.00,15.70,0.00,0.00
O-001419,2025-02-23,S-02,หน้าร้าน,P-103,1,45.00,9.00,36.00,2.36,0.00,0.00
O-001420,2025-02-23,S-90,ออนไลน์,P-201,3,285.00,28.50,256.50,16.78,80.00,0.00
O-001421,2025-02-23,S-01,หน้าร้าน,P-102,1,28.00,2.80,25.20,1.65,0.00,0.00
O-001422,2025-02-23,S-04,หน้าร้าน,P-103,2,90.00,0.00,90.00,5.89,0.00,0.00
O-001423,2025-02-23,S-02,หน้าร้าน,P-101,1,35.00,0.00,35.00,2.29,0.00,0.00
O-001424,2025-02-23,S-06,หน้าร้าน,P-301,1,2450.00,0.00,2450.00,160.28,0.00,0.00
O-001425,2025-02-23,S-03,หน้าร้าน,P-101,1,35.00,7.00,28.00,1.83,0.00,0.00
O-001426,2025-02-23,S-03,หน้าร้าน,P-302,1,3890.00,194.50,3695.50,241.76,0.00,0.00
O-001427,2025-02-23,S-01,หน้าร้าน,P-203,5,375.00,18.75,356.25,23.31,0.00,0.00
O-001428,2025-02-23,S-05,หน้าร้าน,P-102,1,28.00,0.00,28.00,1.83,0.00,0.00
O-001429,2025-02-23,S-05,หน้าร้าน,P-201,1,95.00,0.00,95.00,6.21,0.00,0.00
O-001430,2025-02-23,S-05,หน้าร้าน,P-103,1,45.00,2.25,42.75,2.80,0.00,0.00
O-001431,2025-02-23,S-01,หน้าร้าน,P-201,1,95.00,0.00,95.00,6.21,0.00,0.00
O-001432,2025-02-24,S-04,หน้าร้าน,P-103,2,90.00,18.00,72.00,4.71,0.00,0.00
O-001433,2025-02-24,S-01,หน้าร้าน,P-301,3,7350.00,0.00,7350.00,480.84,0.00,0.00
O-001434,2025-02-24,S-03,หน้าร้าน,P-202,1,120.00,0.00,120.00,7.85,0.00,0.00
O-001435,2025-02-24,S-90,ออนไลน์,P-201,2,190.00,0.00,190.00,12.43,80.00,0.00
O-001436,2025-02-24,S-02,หน้าร้าน,P-302,1,3890.00,194.50,3695.50,241.76,0.00,0.00
O-001437,2025-02-24,S-02,หน้าร้าน,P-302,1,3890.00,0.00,3890.00,254.49,0.00,0.00
O-001438,2025-02-24,S-02,หน้าร้าน,P-101,1,35.00,7.00,28.00,1.83,0.00,0.00
O-001439,2025-02-24,S-06,หน้าร้าน,P-101,1,35.00,0.00,35.00,2.29,0.00,0.00
O-001440,2025-02-24,S-06,หน้าร้าน,P-301,1,2450.00,0.00,2450.00,160.28,0.00,0.00
O-001441,2025-02-24,S-01,หน้าร้าน,P-301,1,2450.00,0.00,2450.00,160.28,0.00,0.00
O-001442,2025-02-24,S-04,หน้าร้าน,P-103,1,45.00,0.00,45.00,2.94,0.00,0.00
O-001443,2025-02-24,S-03,หน้าร้าน,P-301,1,2450.00,0.00,2450.00,160.28,0.00,0.00
O-001444,2025-02-24,S-01,หน้าร้าน,P-201,5,475.00,0.00,475.00,31.07,0.00,0.00
O-001445,2025-02-24,S-04,หน้าร้าน,P-301,2,4900.00,980.00,3920.00,256.45,0.00,0.00
O-001446,2025-02-24,S-02,หน้าร้าน,P-301,1,2450.00,0.00,2450.00,160.28,0.00,0.00
O-001447,2025-02-24,S-02,หน้าร้าน,P-202,1,120.00,6.00,114.00,7.46,0.00,0.00
O-001448,2025-02-24,S-04,หน้าร้าน,P-103,2,90.00,0.00,90.00,5.89,0.00,0.00
O-001449,2025-02-24,S-05,หน้าร้าน,P-202,3,360.00,0.00,360.00,23.55,0.00,0.00
O-001450,2025-02-25,S-02,หน้าร้าน,P-301,1,2450.00,490.00,1960.00,128.22,0.00,0.00
O-001451,2025-02-25,S-03,หน้าร้าน,P-101,1,35.00,3.50,31.50,2.06,0.00,0.00
O-001452,2025-02-25,S-03,หน้าร้าน,P-203,2,150.00,0.00,150.00,9.81,0.00,0.00
O-001453,2025-02-25,S-01,หน้าร้าน,P-302,1,3890.00,778.00,3112.00,203.59,0.00,0.00
O-001454,2025-02-25,S-01,หน้าร้าน,P-202,1,120.00,0.00,120.00,7.85,0.00,0.00
O-001455,2025-02-25,S-03,หน้าร้าน,P-202,1,120.00,6.00,114.00,7.46,0.00,0.00
O-001456,2025-02-25,S-02,หน้าร้าน,P-101,1,35.00,0.00,35.00,2.29,0.00,0.00
O-001457,2025-02-25,S-06,หน้าร้าน,P-201,1,95.00,9.50,85.50,5.59,0.00,0.00
O-001458,2025-02-25,S-02,หน้าร้าน,P-301,2,4900.00,0.00,4900.00,320.56,0.00,0.00
O-001459,2025-02-25,S-90,ออนไลน์,P-102,2,56.00,5.60,50.40,3.30,80.00,0.00
O-001460,2025-02-25,S-90,ออนไลน์,P-203,1,75.00,15.00,60.00,3.93,35.00,0.00
O-001461,2025-02-25,S-06,หน้าร้าน,P-201,1,95.00,0.00,95.00,6.21,0.00,0.00
O-001462,2025-02-25,S-06,หน้าร้าน,P-201,1,95.00,0.00,95.00,6.21,0.00,0.00
O-001463,2025-02-25,S-04,หน้าร้าน,P-301,1,2450.00,0.00,2450.00,160.28,0.00,0.00
O-001464,2025-02-25,S-04,หน้าร้าน,P-103,2,90.00,18.00,72.00,4.71,0.00,0.00
O-001465,2025-02-25,S-03,หน้าร้าน,P-202,2,240.00,24.00,216.00,14.13,0.00,0.00
O-001466,2025-02-25,S-06,หน้าร้าน,P-202,3,360.00,18.00,342.00,22.37,0.00,0.00
O-001467,2025-02-25,S-90,ออนไลน์,P-201,1,95.00,19.00,76.00,4.97,50.00,0.00
O-001468,2025-02-26,S-02,หน้าร้าน,P-301,1,2450.00,0.00,2450.00,160.28,0.00,0.00
O-001469,2025-02-26,S-02,หน้าร้าน,P-103,1,45.00,0.00,45.00,2.94,0.00,0.00
O-001470,2025-02-26,S-06,หน้าร้าน,P-101,1,35.00,3.50,31.50,2.06,0.00,0.00
O-001471,2025-02-26,S-04,หน้าร้าน,P-302,1,3890.00,778.00,3112.00,203.59,0.00,0.00
O-001472,2025-02-26,S-90,ออนไลน์,P-203,1,75.00,0.00,75.00,4.91,0.00,0.00
O-001473,2025-02-26,S-01,หน้าร้าน,P-203,2,150.00,7.50,142.50,9.32,0.00,0.00
O-001474,2025-02-26,S-04,หน้าร้าน,P-102,2,56.00,5.60,50.40,3.30,0.00,0.00
O-001475,2025-02-26,S-03,หน้าร้าน,P-203,2,150.00,0.00,150.00,9.81,0.00,0.00
O-001476,2025-02-26,S-03,หน้าร้าน,P-202,1,120.00,24.00,96.00,6.28,0.00,0.00
O-001477,2025-02-26,S-90,ออนไลน์,P-301,2,4900.00,980.00,3920.00,256.45,0.00,0.00
O-001478,2025-02-26,S-05,หน้าร้าน,P-103,1,45.00,2.25,42.75,2.80,0.00,0.00
O-001479,2025-02-26,S-05,หน้าร้าน,P-102,1,28.00,2.80,25.20,1.65,0.00,0.00
O-001480,2025-02-26,S-01,หน้าร้าน,P-102,3,84.00,16.80,67.20,4.40,0.00,0.00
O-001481,2025-02-26,S-04,หน้าร้าน,P-202,1,120.00,12.00,108.00,7.07,0.00,0.00
O-001482,2025-02-26,S-90,ออนไลน์,P-203,1,75.00,7.50,67.50,4.42,50.00,0.00
O-001483,2025-02-26,S-01,หน้าร้าน,P-301,1,2450.00,245.00,2205.00,144.25,0.00,0.00
O-001484,2025-02-26,S-04,หน้าร้าน,P-202,3,360.00,36.00,324.00,21.20,0.00,0.00
O-001485,2025-02-26,S-01,หน้าร้าน,P-203,1,75.00,15.00,60.00,3.93,0.00,0.00
O-001486,2025-02-26,S-04,หน้าร้าน,P-102,1,28.00,2.80,25.20,1.65,0.00,0.00
O-001487,2025-02-26,S-01,หน้าร้าน,P-201,1,95.00,19.00,76.00,4.97,0.00,0.00
O-001488,2025-02-26,S-06,หน้าร้าน,P-201,3,285.00,28.50,256.50,16.78,0.00,0.00
O-001489,2025-02-26,S-02,หน้าร้าน,P-202,1,120.00,6.00,114.00,7.46,0.00,0.00
O-001490,2025-02-26,S-03,หน้าร้าน,P-301,1,2450.00,490.00,1960.00,128.22,0.00,0.00
O-001491,2025-02-26,S-01,หน้าร้าน,P-301,1,2450.00,122.50,2327.50,152.27,0.00,0.00
O-001492,2025-02-26,S-06,หน้าร้าน,P-101,2,70.00,14.00,56.00,3.66,0.00,0.00
O-001493,2025-02-26,S-02,หน้าร้าน,P-302,2,7780.00,0.00,7780.00,508.97,0.00,0.00
O-001494,2025-02-26,S-06,หน้าร้าน,P-201,3,285.00,14.25,270.75,17.71,0.00,0.00
O-001495,2025-02-26,S-05,หน้าร้าน,P-301,2,4900.00,245.00,4655.00,304.53,0.00,0.00
O-001496,2025-02-26,S-05,หน้าร้าน,P-103,1,45.00,2.25,42.75,2.80,0.00,0.00
O-001497,2025-02-26,S-03,หน้าร้าน,P-103,1,45.00,0.00,45.00,2.94,0.00,0.00
O-001498,2025-02-26,S-05,หน้าร้าน,P-302,3,11670.00,1167.00,10503.00,687.11,0.00,0.00
O-001499,2025-02-26,S-05,หน้าร้าน,P-103,1,45.00,9.00,36.00,2.36,0.00,0.00
O-001500,2025-02-27,S-04,หน้าร้าน,P-203,1,75.00,3.75,71.25,4.66,0.00,0.00
O-001501,2025-02-27,S-04,หน้าร้าน,P-301,1,2450.00,122.50,2327.50,152.27,0.00,0.00
O-001502,2025-02-27,S-02,หน้าร้าน,P-202,1,120.00,24.00,96.00,6.28,0.00,0.00
O-001503,2025-02-27,S-05,หน้าร้าน,P-201,2,190.00,0.00,190.00,12.43,0.00,0.00
O-001504,2025-02-27,S-06,หน้าร้าน,P-101,2,70.00,14.00,56.00,3.66,0.00,0.00
O-001505,2025-02-27,S-06,หน้าร้าน,P-101,1,35.00,7.00,28.00,1.83,0.00,0.00
O-001506,2025-02-27,S-05,หน้าร้าน,P-103,3,135.00,0.00,135.00,8.83,0.00,0.00
O-001507,2025-02-27,S-04,หน้าร้าน,P-103,3,135.00,13.50,121.50,7.95,0.00,0.00
O-001508,2025-02-27,S-06,หน้าร้าน,P-101,1,35.00,7.00,28.00,1.83,0.00,0.00
O-001509,2025-02-27,S-03,หน้าร้าน,P-102,2,56.00,0.00,56.00,3.66,0.00,0.00
O-001510,2025-02-27,S-06,หน้าร้าน,P-202,1,120.00,0.00,120.00,7.85,0.00,0.00
O-001511,2025-02-27,S-03,หน้าร้าน,P-201,3,285.00,28.50,256.50,16.78,0.00,0.00
O-001512,2025-02-27,S-90,ออนไลน์,P-202,3,360.00,36.00,324.00,21.20,80.00,0.00
O-001513,2025-02-27,S-03,หน้าร้าน,P-103,3,135.00,0.00,135.00,8.83,0.00,0.00
O-001514,2025-02-27,S-03,หน้าร้าน,P-202,1,120.00,6.00,114.00,7.46,0.00,0.00
O-001515,2025-02-27,S-04,หน้าร้าน,P-202,1,120.00,0.00,120.00,7.85,0.00,0.00
O-001516,2025-02-27,S-06,หน้าร้าน,P-201,3,285.00,28.50,256.50,16.78,0.00,0.00
O-001517,2025-02-27,S-03,หน้าร้าน,P-201,2,190.00,38.00,152.00,9.94,0.00,0.00
O-001518,2025-02-27,S-04,หน้าร้าน,P-101,2,70.00,3.50,66.50,4.35,0.00,0.00
O-001519,2025-02-27,S-02,หน้าร้าน,P-302,1,3890.00,778.00,3112.00,203.59,0.00,0.00
O-001520,2025-02-27,S-01,หน้าร้าน,P-201,3,285.00,28.50,256.50,16.78,0.00,0.00
O-001521,2025-02-27,S-90,ออนไลน์,P-203,1,75.00,3.75,71.25,4.66,0.00,0.00
O-001522,2025-02-27,S-04,หน้าร้าน,P-203,5,375.00,75.00,300.00,19.63,0.00,0.00
O-001523,2025-02-27,S-06,หน้าร้าน,P-102,1,28.00,0.00,28.00,1.83,0.00,0.00
O-001524,2025-02-27,S-06,หน้าร้าน,P-302,1,3890.00,0.00,3890.00,254.49,0.00,0.00
O-001525,2025-02-27,S-90,ออนไลน์,P-201,1,95.00,0.00,95.00,6.21,0.00,0.00
O-001526,2025-02-27,S-05,หน้าร้าน,P-302,1,3890.00,0.00,3890.00,254.49,0.00,0.00
O-001527,2025-02-27,S-90,ออนไลน์,P-201,2,190.00,0.00,190.00,12.43,35.00,0.00
O-001528,2025-02-27,S-05,หน้าร้าน,P-301,1,2450.00,0.00,2450.00,160.28,0.00,0.00
O-001529,2025-02-27,S-06,หน้าร้าน,P-101,1,35.00,3.50,31.50,2.06,0.00,0.00
O-001530,2025-02-27,S-05,หน้าร้าน,P-203,1,75.00,7.50,67.50,4.42,0.00,0.00
O-001531,2025-02-27,S-04,หน้าร้าน,P-301,2,4900.00,0.00,4900.00,320.56,0.00,0.00
O-001532,2025-02-27,S-02,หน้าร้าน,P-202,1,120.00,0.00,120.00,7.85,0.00,0.00
O-001533,2025-02-27,S-90,ออนไลน์,P-102,1,28.00,0.00,28.00,1.83,35.00,0.00
O-001534,2025-02-28,S-05,หน้าร้าน,P-101,1,35.00,0.00,35.00,2.29,0.00,0.00
O-001535,2025-02-28,S-03,หน้าร้าน,P-103,3,135.00,0.00,135.00,8.83,0.00,0.00
O-001536,2025-02-28,S-01,หน้าร้าน,P-102,1,28.00,5.60,22.40,1.47,0.00,0.00
O-001537,2025-02-28,S-01,หน้าร้าน,P-202,2,240.00,0.00,240.00,15.70,0.00,0.00
O-001538,2025-02-28,S-04,หน้าร้าน,P-103,2,90.00,0.00,90.00,5.89,0.00,0.00
O-001539,2025-02-28,S-02,หน้าร้าน,P-201,1,95.00,19.00,76.00,4.97,0.00,0.00
O-001540,2025-02-28,S-03,หน้าร้าน,P-203,3,225.00,0.00,225.00,14.72,0.00,0.00
O-001541,2025-02-28,S-04,หน้าร้าน,P-203,1,75.00,15.00,60.00,3.93,0.00,0.00
O-001542,2025-02-28,S-04,หน้าร้าน,P-302,2,7780.00,389.00,7391.00,483.52,0.00,0.00
O-001543,2025-02-28,S-04,หน้าร้าน,P-202,1,120.00,0.00,120.00,7.85,0.00,0.00
O-001544,2025-02-28,S-01,หน้าร้าน,P-103,1,45.00,0.00,45.00,2.94,0.00,0.00
O-001545,2025-02-28,S-05,หน้าร้าน,P-202,1,120.00,24.00,96.00,6.28,0.00,0.00
O-001546,2025-02-28,S-01,หน้าร้าน,P-101,2,70.00,0.00,70.00,4.58,0.00,0.00
O-001547,2025-02-28,S-03,หน้าร้าน,P-201,2,190.00,0.00,190.00,12.43,0.00,0.00
O-001548,2025-02-28,S-05,หน้าร้าน,P-102,1,28.00,2.80,25.20,1.65,0.00,0.00
O-001549,2025-02-28,S-06,หน้าร้าน,P-301,1,2450.00,0.00,2450.00,160.28,0.00,0.00
O-001550,2025-02-28,S-02,หน้าร้าน,P-103,1,45.00,0.00,45.00,2.94,0.00,0.00
O-001551,2025-02-28,S-02,หน้าร้าน,P-102,1,28.00,5.60,22.40,1.47,0.00,0.00
O-001552,2025-02-28,S-05,หน้าร้าน,P-101,1,35.00,0.00,35.00,2.29,0.00,0.00
O-001553,2025-02-28,S-05,หน้าร้าน,P-203,3,225.00,45.00,180.00,11.78,0.00,0.00
O-001554,2025-02-28,S-02,หน้าร้าน,P-102,1,28.00,2.80,25.20,1.65,0.00,0.00
O-001555,2025-02-28,S-04,หน้าร้าน,P-203,2,150.00,30.00,120.00,7.85,0.00,0.00
O-001556,2025-03-01,S-05,หน้าร้าน,P-101,2,70.00,0.00,70.00,4.58,0.00,0.00
O-001557,2025-03-01,S-90,ออนไลน์,P-103,1,45.00,0.00,45.00,2.94,35.00,0.00
O-001558,2025-03-01,S-03,หน้าร้าน,P-302,2,7780.00,0.00,7780.00,508.97,0.00,0.00
O-001559,2025-03-01,S-06,หน้าร้าน,P-101,1,35.00,1.75,33.25,2.18,0.00,0.00
O-001560,2025-03-01,S-04,หน้าร้าน,P-201,1,95.00,19.00,76.00,4.97,0.00,0.00
O-001561,2025-03-01,S-03,หน้าร้าน,P-201,1,95.00,0.00,95.00,6.21,0.00,0.00
O-001562,2025-03-01,S-90,ออนไลน์,P-203,5,375.00,37.50,337.50,22.08,50.00,0.00
O-001563,2025-03-01,S-03,หน้าร้าน,P-301,1,2450.00,122.50,2327.50,152.27,0.00,0.00
O-001564,2025-03-01,S-03,หน้าร้าน,P-203,1,75.00,15.00,60.00,3.93,0.00,0.00
O-001565,2025-03-01,S-05,หน้าร้าน,P-301,2,4900.00,245.00,4655.00,304.53,0.00,0.00
O-001566,2025-03-01,S-05,หน้าร้าน,P-102,1,28.00,5.60,22.40,1.47,0.00,0.00
O-001567,2025-03-01,S-03,หน้าร้าน,P-301,1,2450.00,0.00,2450.00,160.28,0.00,0.00
O-001568,2025-03-01,S-03,หน้าร้าน,P-102,2,56.00,0.00,56.00,3.66,0.00,0.00
O-001569,2025-03-01,S-90,ออนไลน์,P-202,1,120.00,6.00,114.00,7.46,0.00,0.00
O-001570,2025-03-01,S-06,หน้าร้าน,P-101,1,35.00,0.00,35.00,2.29,0.00,0.00
O-001571,2025-03-01,S-03,หน้าร้าน,P-101,1,35.00,0.00,35.00,2.29,0.00,0.00
O-001572,2025-03-01,S-90,ออนไลน์,P-301,1,2450.00,0.00,2450.00,160.28,0.00,0.00
O-001573,2025-03-01,S-05,หน้าร้าน,P-201,2,190.00,19.00,171.00,11.19,0.00,0.00
O-001574,2025-03-01,S-04,หน้าร้าน,P-203,2,150.00,0.00,150.00,9.81,0.00,0.00
O-001575,2025-03-01,S-03,หน้าร้าน,P-101,1,35.00,3.50,31.50,2.06,0.00,0.00
O-001576,2025-03-01,S-01,หน้าร้าน,P-102,1,28.00,0.00,28.00,1.83,0.00,0.00
O-001577,2025-03-01,S-04,หน้าร้าน,P-301,3,7350.00,367.50,6982.50,456.80,0.00,0.00
O-001578,2025-03-01,S-01,หน้าร้าน,P-301,1,2450.00,122.50,2327.50,152.27,0.00,0.00
O-001579,2025-03-01,S-05,หน้าร้าน,P-203,2,150.00,0.00,150.00,9.81,0.00,0.00
O-001580,2025-03-01,S-05,หน้าร้าน,P-102,2,56.00,0.00,56.00,3.66,0.00,0.00
O-001581,2025-03-01,S-90,ออนไลน์,P-301,1,2450.00,0.00,2450.00,160.28,0.00,0.00
O-001582,2025-03-01,S-02,หน้าร้าน,P-103,1,45.00,0.00,45.00,2.94,0.00,0.00
O-001583,2025-03-02,S-01,หน้าร้าน,P-202,3,360.00,0.00,360.00,23.55,0.00,0.00
O-001584,2025-03-02,S-06,หน้าร้าน,P-202,1,120.00,0.00,120.00,7.85,0.00,0.00
O-001585,2025-03-02,S-03,หน้าร้าน,P-302,1,3890.00,194.50,3695.50,241.76,0.00,0.00
O-001586,2025-03-02,S-04,หน้าร้าน,P-201,1,95.00,0.00,95.00,6.21,0.00,0.00
O-001587,2025-03-02,S-05,หน้าร้าน,P-201,1,95.00,0.00,95.00,6.21,0.00,0.00
O-001588,2025-03-02,S-01,หน้าร้าน,P-101,1,35.00,3.50,31.50,2.06,0.00,0.00
O-001589,2025-03-02,S-01,หน้าร้าน,P-201,2,190.00,0.00,190.00,12.43,0.00,0.00
O-001590,2025-03-02,S-90,ออนไลน์,P-302,3,11670.00,1167.00,10503.00,687.11,35.00,0.00
O-001591,2025-03-02,S-04,หน้าร้าน,P-301,3,7350.00,367.50,6982.50,456.80,0.00,0.00
O-001592,2025-03-02,S-05,หน้าร้าน,P-201,1,95.00,19.00,76.00,4.97,0.00,0.00
O-001593,2025-03-02,S-06,หน้าร้าน,P-201,1,95.00,9.50,85.50,5.59,0.00,0.00
O-001594,2025-03-02,S-01,หน้าร้าน,P-102,3,84.00,0.00,84.00,5.50,0.00,0.00
O-001595,2025-03-02,S-05,หน้าร้าน,P-102,2,56.00,0.00,56.00,3.66,0.00,0.00
O-001596,2025-03-02,S-04,หน้าร้าน,P-302,2,7780.00,778.00,7002.00,458.07,0.00,0.00
O-001597,2025-03-02,S-05,หน้าร้าน,P-301,2,4900.00,980.00,3920.00,256.45,0.00,0.00
O-001598,2025-03-02,S-03,หน้าร้าน,P-102,1,28.00,1.40,26.60,1.74,0.00,0.00
O-001599,2025-03-02,S-02,หน้าร้าน,P-302,2,7780.00,1556.00,6224.00,407.18,0.00,0.00
O-001600,2025-03-02,S-01,หน้าร้าน,P-301,1,2450.00,122.50,2327.50,152.27,0.00,0.00
O-001601,2025-03-02,S-03,หน้าร้าน,P-301,1,2450.00,0.00,2450.00,160.28,0.00,0.00
O-001602,2025-03-02,S-01,หน้าร้าน,P-302,3,11670.00,1167.00,10503.00,687.11,0.00,0.00
O-001603,2025-03-02,S-01,หน้าร้าน,P-101,1,35.00,0.00,35.00,2.29,0.00,0.00
O-001604,2025-03-02,S-01,หน้าร้าน,P-203,1,75.00,7.50,67.50,4.42,0.00,0.00
O-001605,2025-03-02,S-01,หน้าร้าน,P-103,2,90.00,0.00,90.00,5.89,0.00,0.00
O-001606,2025-03-02,S-04,หน้าร้าน,P-202,2,240.00,0.00,240.00,15.70,0.00,0.00
O-001607,2025-03-02,S-05,หน้าร้าน,P-101,1,35.00,1.75,33.25,2.18,0.00,0.00
O-001608,2025-03-02,S-01,หน้าร้าน,P-101,1,35.00,3.50,31.50,2.06,0.00,31.50
O-001609,2025-03-02,S-01,หน้าร้าน,P-301,2,4900.00,490.00,4410.00,288.50,0.00,0.00
O-001610,2025-03-02,S-03,หน้าร้าน,P-302,2,7780.00,778.00,7002.00,458.07,0.00,0.00
O-001611,2025-03-02,S-04,หน้าร้าน,P-101,1,35.00,1.75,33.25,2.18,0.00,0.00
O-001612,2025-03-02,S-02,หน้าร้าน,P-302,1,3890.00,778.00,3112.00,203.59,0.00,0.00
O-001613,2025-03-02,S-01,หน้าร้าน,P-302,1,3890.00,778.00,3112.00,203.59,0.00,0.00
O-001614,2025-03-03,S-03,หน้าร้าน,P-201,1,95.00,19.00,76.00,4.97,0.00,0.00
O-001615,2025-03-03,S-04,หน้าร้าน,P-201,1,95.00,19.00,76.00,4.97,0.00,0.00
O-001616,2025-03-03,S-05,หน้าร้าน,P-302,2,7780.00,389.00,7391.00,483.52,0.00,0.00
O-001617,2025-03-03,S-05,หน้าร้าน,P-102,5,140.00,14.00,126.00,8.24,0.00,0.00
O-001618,2025-03-03,S-90,ออนไลน์,P-103,1,45.00,2.25,42.75,2.80,0.00,0.00
O-001619,2025-03-03,S-05,หน้าร้าน,P-101,2,70.00,3.50,66.50,4.35,0.00,0.00
O-001620,2025-03-03,S-06,หน้าร้าน,P-102,1,28.00,1.40,26.60,1.74,0.00,0.00
O-001621,2025-03-03,S-01,หน้าร้าน,P-203,1,75.00,0.00,75.00,4.91,0.00,0.00
O-001622,2025-03-03,S-03,หน้าร้าน,P-101,1,35.00,1.75,33.25,2.18,0.00,0.00
O-001623,2025-03-03,S-04,หน้าร้าน,P-103,1,45.00,0.00,45.00,2.94,0.00,0.00
O-001624,2025-03-03,S-90,ออนไลน์,P-202,1,120.00,0.00,120.00,7.85,0.00,0.00
O-001625,2025-03-03,S-03,หน้าร้าน,P-101,2,70.00,0.00,70.00,4.58,0.00,0.00
O-001626,2025-03-03,S-90,ออนไลน์,P-202,1,120.00,6.00,114.00,7.46,80.00,0.00
O-001627,2025-03-03,S-06,หน้าร้าน,P-102,1,28.00,1.40,26.60,1.74,0.00,0.00
O-001628,2025-03-03,S-03,หน้าร้าน,P-203,1,75.00,15.00,60.00,3.93,0.00,0.00
O-001629,2025-03-03,S-90,ออนไลน์,P-203,5,375.00,75.00,300.00,19.63,0.00,0.00
O-001630,2025-03-03,S-02,หน้าร้าน,P-202,1,120.00,6.00,114.00,7.46,0.00,0.00
O-001631,2025-03-03,S-03,หน้าร้าน,P-202,3,360.00,72.00,288.00,18.84,0.00,0.00
O-001632,2025-03-03,S-04,หน้าร้าน,P-102,1,28.00,0.00,28.00,1.83,0.00,0.00
O-001633,2025-03-03,S-01,หน้าร้าน,P-302,1,3890.00,0.00,3890.00,254.49,0.00,0.00
O-001634,2025-03-04,S-01,หน้าร้าน,P-302,1,3890.00,194.50,3695.50,241.76,0.00,0.00
O-001635,2025-03-04,S-03,หน้าร้าน,P-302,1,3890.00,0.00,3890.00,254.49,0.00,0.00
O-001636,2025-03-04,S-05,หน้าร้าน,P-301,1,2450.00,0.00,2450.00,160.28,0.00,0.00
O-001637,2025-03-04,S-01,หน้าร้าน,P-102,2,56.00,5.60,50.40,3.30,0.00,0.00
O-001638,2025-03-04,S-04,หน้าร้าน,P-202,3,360.00,18.00,342.00,22.37,0.00,0.00
O-001639,2025-03-04,S-03,หน้าร้าน,P-102,1,28.00,0.00,28.00,1.83,0.00,0.00
O-001640,2025-03-04,S-05,หน้าร้าน,P-301,1,2450.00,122.50,2327.50,152.27,0.00,0.00
O-001641,2025-03-04,S-03,หน้าร้าน,P-202,2,240.00,0.00,240.00,15.70,0.00,0.00
O-001642,2025-03-04,S-04,หน้าร้าน,P-102,1,28.00,0.00,28.00,1.83,0.00,0.00
O-001643,2025-03-04,S-90,ออนไลน์,P-203,1,75.00,7.50,67.50,4.42,50.00,0.00
O-001644,2025-03-04,S-90,ออนไลน์,P-202,5,600.00,30.00,570.00,37.29,35.00,0.00
O-001645,2025-03-04,S-04,หน้าร้าน,P-101,3,105.00,21.00,84.00,5.50,0.00,0.00
O-001646,2025-03-04,S-01,หน้าร้าน,P-201,1,95.00,0.00,95.00,6.21,0.00,0.00
O-001647,2025-03-04,S-05,หน้าร้าน,P-302,2,7780.00,0.00,7780.00,508.97,0.00,0.00
O-001648,2025-03-04,S-02,หน้าร้าน,P-302,1,3890.00,0.00,3890.00,254.49,0.00,0.00
O-001649,2025-03-04,S-06,หน้าร้าน,P-201,1,95.00,0.00,95.00,6.21,0.00,0.00
O-001650,2025-03-04,S-90,ออนไลน์,P-203,1,75.00,7.50,67.50,4.42,0.00,0.00
O-001651,2025-03-04,S-02,หน้าร้าน,P-101,1,35.00,0.00,35.00,2.29,0.00,0.00
O-001652,2025-03-04,S-01,หน้าร้าน,P-302,1,3890.00,0.00,3890.00,254.49,0.00,0.00
O-001653,2025-03-05,S-90,ออนไลน์,P-302,1,3890.00,194.50,3695.50,241.76,80.00,0.00
O-001654,2025-03-05,S-90,ออนไลน์,P-301,1,2450.00,0.00,2450.00,160.28,0.00,0.00
O-001655,2025-03-05,S-03,หน้าร้าน,P-301,3,7350.00,0.00,7350.00,480.84,0.00,0.00
O-001656,2025-03-05,S-02,หน้าร้าน,P-302,1,3890.00,0.00,3890.00,254.49,0.00,0.00
O-001657,2025-03-05,S-04,หน้าร้าน,P-103,1,45.00,9.00,36.00,2.36,0.00,0.00
O-001658,2025-03-05,S-05,หน้าร้าน,P-203,1,75.00,7.50,67.50,4.42,0.00,0.00
O-001659,2025-03-05,S-02,หน้าร้าน,P-102,3,84.00,0.00,84.00,5.50,0.00,0.00
O-001660,2025-03-05,S-06,หน้าร้าน,P-103,1,45.00,9.00,36.00,2.36,0.00,0.00
O-001661,2025-03-05,S-06,หน้าร้าน,P-301,3,7350.00,0.00,7350.00,480.84,0.00,7350.00
O-001662,2025-03-05,S-01,หน้าร้าน,P-301,1,2450.00,0.00,2450.00,160.28,0.00,0.00
O-001663,2025-03-05,S-03,หน้าร้าน,P-302,3,11670.00,2334.00,9336.00,610.77,0.00,0.00
O-001664,2025-03-05,S-02,หน้าร้าน,P-302,2,7780.00,0.00,7780.00,508.97,0.00,0.00
O-001665,2025-03-05,S-01,หน้าร้าน,P-301,1,2450.00,490.00,1960.00,128.22,0.00,0.00
O-001666,2025-03-05,S-06,หน้าร้าน,P-102,1,28.00,2.80,25.20,1.65,0.00,0.00
O-001667,2025-03-05,S-06,หน้าร้าน,P-103,1,45.00,0.00,45.00,2.94,0.00,0.00
O-001668,2025-03-05,S-06,หน้าร้าน,P-103,1,45.00,9.00,36.00,2.36,0.00,0.00
O-001669,2025-03-05,S-06,หน้าร้าน,P-101,2,70.00,0.00,70.00,4.58,0.00,0.00
O-001670,2025-03-05,S-03,หน้าร้าน,P-203,3,225.00,22.50,202.50,13.25,0.00,0.00
O-001671,2025-03-05,S-01,หน้าร้าน,P-301,1,2450.00,490.00,1960.00,128.22,0.00,0.00
O-001672,2025-03-05,S-05,หน้าร้าน,P-103,1,45.00,2.25,42.75,2.80,0.00,0.00
O-001673,2025-03-05,S-90,ออนไลน์,P-103,1,45.00,2.25,42.75,2.80,0.00,0.00
O-001674,2025-03-05,S-01,หน้าร้าน,P-302,1,3890.00,778.00,3112.00,203.59,0.00,0.00
O-001675,2025-03-05,S-02,หน้าร้าน,P-203,2,150.00,30.00,120.00,7.85,0.00,0.00
O-001676,2025-03-05,S-05,หน้าร้าน,P-201,1,95.00,0.00,95.00,6.21,0.00,0.00
O-001677,2025-03-06,S-04,หน้าร้าน,P-101,1,35.00,1.75,33.25,2.18,0.00,0.00
O-001678,2025-03-06,S-05,หน้าร้าน,P-301,1,2450.00,122.50,2327.50,152.27,0.00,0.00
O-001679,2025-03-06,S-90,ออนไลน์,P-101,3,105.00,0.00,105.00,6.87,0.00,0.00
O-001680,2025-03-06,S-03,หน้าร้าน,P-302,1,3890.00,778.00,3112.00,203.59,0.00,0.00
O-001681,2025-03-06,S-06,หน้าร้าน,P-302,3,11670.00,2334.00,9336.00,610.77,0.00,0.00
O-001682,2025-03-06,S-03,หน้าร้าน,P-102,1,28.00,0.00,28.00,1.83,0.00,0.00
O-001683,2025-03-06,S-04,หน้าร้าน,P-103,2,90.00,0.00,90.00,5.89,0.00,0.00
O-001684,2025-03-06,S-01,หน้าร้าน,P-202,2,240.00,12.00,228.00,14.92,0.00,0.00
O-001685,2025-03-06,S-02,หน้าร้าน,P-203,1,75.00,0.00,75.00,4.91,0.00,0.00
O-001686,2025-03-06,S-01,หน้าร้าน,P-103,2,90.00,9.00,81.00,5.30,0.00,0.00
O-001687,2025-03-06,S-01,หน้าร้าน,P-203,1,75.00,3.75,71.25,4.66,0.00,0.00
O-001688,2025-03-06,S-02,หน้าร้าน,P-102,3,84.00,4.20,79.80,5.22,0.00,0.00
O-001689,2025-03-06,S-03,หน้าร้าน,P-302,2,7780.00,1556.00,6224.00,407.18,0.00,0.00
O-001690,2025-03-06,S-03,หน้าร้าน,P-302,1,3890.00,778.00,3112.00,203.59,0.00,0.00
O-001691,2025-03-06,S-06,หน้าร้าน,P-301,1,2450.00,0.00,2450.00,160.28,0.00,0.00
O-001692,2025-03-06,S-90,ออนไลน์,P-201,1,95.00,0.00,95.00,6.21,35.00,0.00
O-001693,2025-03-06,S-90,ออนไลน์,P-203,3,225.00,22.50,202.50,13.25,50.00,0.00
O-001694,2025-03-06,S-04,หน้าร้าน,P-101,2,70.00,0.00,70.00,4.58,0.00,0.00
O-001695,2025-03-06,S-02,หน้าร้าน,P-201,1,95.00,9.50,85.50,5.59,0.00,0.00
O-001696,2025-03-06,S-04,หน้าร้าน,P-302,2,7780.00,1556.00,6224.00,407.18,0.00,0.00
O-001697,2025-03-06,S-90,ออนไลน์,P-302,2,7780.00,0.00,7780.00,508.97,80.00,0.00
O-001698,2025-03-06,S-05,หน้าร้าน,P-201,1,95.00,0.00,95.00,6.21,0.00,0.00
O-001699,2025-03-06,S-01,หน้าร้าน,P-202,3,360.00,0.00,360.00,23.55,0.00,0.00
O-001700,2025-03-06,S-02,หน้าร้าน,P-101,1,35.00,0.00,35.00,2.29,0.00,0.00
O-001701,2025-03-06,S-02,หน้าร้าน,P-103,1,45.00,0.00,45.00,2.94,0.00,0.00
O-001702,2025-03-06,S-03,หน้าร้าน,P-103,1,45.00,4.50,40.50,2.65,0.00,0.00
O-001703,2025-03-06,S-02,หน้าร้าน,P-201,1,95.00,0.00,95.00,6.21,0.00,0.00
O-001704,2025-03-07,S-02,หน้าร้าน,P-102,2,56.00,0.00,56.00,3.66,0.00,0.00
O-001705,2025-03-07,S-90,ออนไลน์,P-101,2,70.00,14.00,56.00,3.66,50.00,0.00
O-001706,2025-03-07,S-02,หน้าร้าน,P-102,2,56.00,5.60,50.40,3.30,0.00,0.00
O-001707,2025-03-07,S-05,หน้าร้าน,P-102,2,56.00,0.00,56.00,3.66,0.00,0.00
O-001708,2025-03-07,S-01,หน้าร้าน,P-301,2,4900.00,490.00,4410.00,288.50,0.00,0.00
O-001709,2025-03-07,S-02,หน้าร้าน,P-102,1,28.00,0.00,28.00,1.83,0.00,0.00
O-001710,2025-03-07,S-02,หน้าร้าน,P-301,1,2450.00,122.50,2327.50,152.27,0.00,0.00
O-001711,2025-03-07,S-06,หน้าร้าน,P-102,1,28.00,2.80,25.20,1.65,0.00,0.00
O-001712,2025-03-07,S-02,หน้าร้าน,P-202,1,120.00,6.00,114.00,7.46,0.00,0.00
O-001713,2025-03-07,S-03,หน้าร้าน,P-201,3,285.00,0.00,285.00,18.64,0.00,0.00
O-001714,2025-03-07,S-01,หน้าร้าน,P-203,1,75.00,3.75,71.25,4.66,0.00,0.00
O-001715,2025-03-07,S-06,หน้าร้าน,P-102,2,56.00,11.20,44.80,2.93,0.00,0.00
O-001716,2025-03-07,S-01,หน้าร้าน,P-202,1,120.00,0.00,120.00,7.85,0.00,0.00
O-001717,2025-03-07,S-06,หน้าร้าน,P-102,1,28.00,2.80,25.20,1.65,0.00,0.00
O-001718,2025-03-07,S-05,หน้าร้าน,P-201,1,95.00,4.75,90.25,5.90,0.00,0.00
O-001719,2025-03-07,S-01,หน้าร้าน,P-201,2,190.00,9.50,180.50,11.81,0.00,0.00
O-001720,2025-03-07,S-04,หน้าร้าน,P-203,3,225.00,0.00,225.00,14.72,0.00,0.00
O-001721,2025-03-07,S-03,หน้าร้าน,P-302,1,3890.00,0.00,3890.00,254.49,0.00,0.00
O-001722,2025-03-07,S-05,หน้าร้าน,P-302,2,7780.00,0.00,7780.00,508.97,0.00,0.00
O-001723,2025-03-07,S-03,หน้าร้าน,P-301,2,4900.00,245.00,4655.00,304.53,0.00,0.00
O-001724,2025-03-07,S-01,หน้าร้าน,P-201,1,95.00,4.75,90.25,5.90,0.00,0.00
O-001725,2025-03-07,S-03,หน้าร้าน,P-103,2,90.00,4.50,85.50,5.59,0.00,0.00
O-001726,2025-03-07,S-90,ออนไลน์,P-302,2,7780.00,0.00,7780.00,508.97,50.00,0.00
O-001727,2025-03-08,S-90,ออนไลน์,P-301,1,2450.00,122.50,2327.50,152.27,35.00,0.00
O-001728,2025-03-08,S-05,หน้าร้าน,P-101,1,35.00,0.00,35.00,2.29,0.00,0.00
O-001729,2025-03-08,S-05,หน้าร้าน,P-103,2,90.00,18.00,72.00,4.71,0.00,0.00
O-001730,2025-03-08,S-06,หน้าร้าน,P-301,2,4900.00,980.00,3920.00,256.45,0.00,0.00
O-001731,2025-03-08,S-02,หน้าร้าน,P-101,1,35.00,0.00,35.00,2.29,0.00,0.00
O-001732,2025-03-08,S-05,หน้าร้าน,P-301,1,2450.00,490.00,1960.00,128.22,0.00,0.00
O-001733,2025-03-08,S-90,ออนไลน์,P-302,3,11670.00,0.00,11670.00,763.46,35.00,0.00
O-001734,2025-03-08,S-03,หน้าร้าน,P-102,1,28.00,5.60,22.40,1.47,0.00,0.00
O-001735,2025-03-08,S-90,ออนไลน์,P-103,5,225.00,45.00,180.00,11.78,0.00,0.00
O-001736,2025-03-08,S-01,หน้าร้าน,P-202,1,120.00,24.00,96.00,6.28,0.00,0.00
O-001737,2025-03-08,S-01,หน้าร้าน,P-302,1,3890.00,389.00,3501.00,229.04,0.00,0.00
O-001738,2025-03-08,S-01,หน้าร้าน,P-302,1,3890.00,194.50,3695.50,241.76,0.00,0.00
O-001739,2025-03-08,S-90,ออนไลน์,P-302,2,7780.00,0.00,7780.00,508.97,80.00,0.00
O-001740,2025-03-08,S-90,ออนไลน์,P-302,1,3890.00,0.00,3890.00,254.49,0.00,0.00
O-001741,2025-03-08,S-02,หน้าร้าน,P-101,1,35.00,0.00,35.00,2.29,0.00,0.00
O-001742,2025-03-08,S-05,หน้าร้าน,P-203,5,375.00,37.50,337.50,22.08,0.00,0.00
O-001743,2025-03-08,S-06,หน้าร้าน,P-103,2,90.00,9.00,81.00,5.30,0.00,0.00
O-001744,2025-03-08,S-90,ออนไลน์,P-102,1,28.00,1.40,26.60,1.74,0.00,0.00
O-001745,2025-03-08,S-04,หน้าร้าน,P-103,1,45.00,0.00,45.00,2.94,0.00,0.00
O-001746,2025-03-08,S-05,หน้าร้าน,P-302,1,3890.00,389.00,3501.00,229.04,0.00,0.00
O-001747,2025-03-08,S-02,หน้าร้าน,P-101,2,70.00,3.50,66.50,4.35,0.00,0.00
O-001748,2025-03-09,S-03,หน้าร้าน,P-103,1,45.00,0.00,45.00,2.94,0.00,0.00
O-001749,2025-03-09,S-06,หน้าร้าน,P-202,2,240.00,0.00,240.00,15.70,0.00,0.00
O-001750,2025-03-09,S-90,ออนไลน์,P-102,2,56.00,5.60,50.40,3.30,35.00,0.00
O-001751,2025-03-09,S-02,หน้าร้าน,P-101,1,35.00,3.50,31.50,2.06,0.00,0.00
O-001752,2025-03-09,S-06,หน้าร้าน,P-302,3,11670.00,583.50,11086.50,725.29,0.00,0.00
O-001753,2025-03-09,S-04,หน้าร้าน,P-301,1,2450.00,490.00,1960.00,128.22,0.00,0.00
O-001754,2025-03-09,S-02,หน้าร้าน,P-103,2,90.00,0.00,90.00,5.89,0.00,0.00
O-001755,2025-03-09,S-03,หน้าร้าน,P-203,1,75.00,7.50,67.50,4.42,0.00,0.00
O-001756,2025-03-09,S-90,ออนไลน์,P-201,2,190.00,0.00,190.00,12.43,0.00,0.00
O-001757,2025-03-09,S-90,ออนไลน์,P-101,1,35.00,1.75,33.25,2.18,0.00,0.00
O-001758,2025-03-09,S-02,หน้าร้าน,P-102,1,28.00,0.00,28.00,1.83,0.00,0.00
O-001759,2025-03-09,S-90,ออนไลน์,P-103,3,135.00,13.50,121.50,7.95,35.00,0.00
O-001760,2025-03-09,S-04,หน้าร้าน,P-201,1,95.00,19.00,76.00,4.97,0.00,0.00
O-001761,2025-03-09,S-05,หน้าร้าน,P-103,5,225.00,22.50,202.50,13.25,0.00,0.00
O-001762,2025-03-09,S-06,หน้าร้าน,P-201,1,95.00,4.75,90.25,5.90,0.00,0.00
O-001763,2025-03-09,S-05,หน้าร้าน,P-103,3,135.00,13.50,121.50,7.95,0.00,0.00
O-001764,2025-03-09,S-90,ออนไลน์,P-301,2,4900.00,0.00,4900.00,320.56,0.00,0.00
O-001765,2025-03-09,S-03,หน้าร้าน,P-102,2,56.00,2.80,53.20,3.48,0.00,0.00
O-001766,2025-03-09,S-06,หน้าร้าน,P-301,1,2450.00,122.50,2327.50,152.27,0.00,0.00
O-001767,2025-03-09,S-01,หน้าร้าน,P-202,5,600.00,30.00,570.00,37.29,0.00,0.00
O-001768,2025-03-09,S-05,หน้าร้าน,P-203,1,75.00,3.75,71.25,4.66,0.00,0.00
O-001769,2025-03-09,S-03,หน้าร้าน,P-201,1,95.00,4.75,90.25,5.90,0.00,0.00
O-001770,2025-03-09,S-90,ออนไลน์,P-202,2,240.00,24.00,216.00,14.13,50.00,0.00
O-001771,2025-03-09,S-03,หน้าร้าน,P-102,1,28.00,5.60,22.40,1.47,0.00,0.00
O-001772,2025-03-09,S-04,หน้าร้าน,P-302,1,3890.00,0.00,3890.00,254.49,0.00,0.00
O-001773,2025-03-09,S-04,หน้าร้าน,P-101,1,35.00,1.75,33.25,2.18,0.00,0.00
O-001774,2025-03-10,S-05,หน้าร้าน,P-201,1,95.00,0.00,95.00,6.21,0.00,0.00
O-001775,2025-03-10,S-04,หน้าร้าน,P-102,1,28.00,1.40,26.60,1.74,0.00,0.00
O-001776,2025-03-10,S-04,หน้าร้าน,P-103,1,45.00,4.50,40.50,2.65,0.00,0.00
O-001777,2025-03-10,S-02,หน้าร้าน,P-103,2,90.00,18.00,72.00,4.71,0.00,0.00
O-001778,2025-03-10,S-90,ออนไลน์,P-202,1,120.00,12.00,108.00,7.07,50.00,0.00
O-001779,2025-03-10,S-02,หน้าร้าน,P-203,2,150.00,0.00,150.00,9.81,0.00,0.00
O-001780,2025-03-10,S-03,หน้าร้าน,P-202,3,360.00,36.00,324.00,21.20,0.00,0.00
O-001781,2025-03-10,S-90,ออนไลน์,P-201,3,285.00,57.00,228.00,14.92,80.00,0.00
O-001782,2025-03-10,S-06,หน้าร้าน,P-203,1,75.00,0.00,75.00,4.91,0.00,0.00
O-001783,2025-03-10,S-90,ออนไลน์,P-302,1,3890.00,194.50,3695.50,241.76,80.00,0.00
O-001784,2025-03-10,S-02,หน้าร้าน,P-202,1,120.00,0.00,120.00,7.85,0.00,0.00
O-001785,2025-03-10,S-05,หน้าร้าน,P-301,2,4900.00,0.00,4900.00,320.56,0.00,0.00
O-001786,2025-03-10,S-06,หน้าร้าน,P-203,1,75.00,0.00,75.00,4.91,0.00,0.00
O-001787,2025-03-10,S-03,หน้าร้าน,P-203,1,75.00,7.50,67.50,4.42,0.00,0.00
O-001788,2025-03-10,S-01,หน้าร้าน,P-103,1,45.00,2.25,42.75,2.80,0.00,0.00
O-001789,2025-03-10,S-01,หน้าร้าน,P-302,1,3890.00,194.50,3695.50,241.76,0.00,0.00
O-001790,2025-03-10,S-04,หน้าร้าน,P-103,1,45.00,2.25,42.75,2.80,0.00,0.00
O-001791,2025-03-10,S-03,หน้าร้าน,P-302,1,3890.00,0.00,3890.00,254.49,0.00,0.00
O-001792,2025-03-10,S-03,หน้าร้าน,P-103,2,90.00,0.00,90.00,5.89,0.00,0.00
O-001793,2025-03-10,S-02,หน้าร้าน,P-103,3,135.00,27.00,108.00,7.07,0.00,0.00
O-001794,2025-03-10,S-02,หน้าร้าน,P-202,1,120.00,0.00,120.00,7.85,0.00,0.00
O-001795,2025-03-10,S-03,หน้าร้าน,P-302,1,3890.00,0.00,3890.00,254.49,0.00,0.00
O-001796,2025-03-10,S-01,หน้าร้าน,P-102,1,28.00,0.00,28.00,1.83,0.00,0.00
O-001797,2025-03-10,S-02,หน้าร้าน,P-103,3,135.00,27.00,108.00,7.07,0.00,0.00
O-001798,2025-03-10,S-04,หน้าร้าน,P-203,1,75.00,0.00,75.00,4.91,0.00,0.00
O-001799,2025-03-10,S-03,หน้าร้าน,P-103,1,45.00,4.50,40.50,2.65,0.00,0.00
O-001800,2025-03-10,S-01,หน้าร้าน,P-103,1,45.00,9.00,36.00,2.36,0.00,0.00
O-001801,2025-03-10,S-01,หน้าร้าน,P-203,1,75.00,0.00,75.00,4.91,0.00,0.00
O-001802,2025-03-10,S-02,หน้าร้าน,P-101,1,35.00,7.00,28.00,1.83,0.00,0.00
O-001803,2025-03-10,S-06,หน้าร้าน,P-201,1,95.00,0.00,95.00,6.21,0.00,0.00
O-001804,2025-03-11,S-06,หน้าร้าน,P-103,2,90.00,4.50,85.50,5.59,0.00,0.00
O-001805,2025-03-11,S-02,หน้าร้าน,P-102,5,140.00,0.00,140.00,9.16,0.00,0.00
O-001806,2025-03-11,S-05,หน้าร้าน,P-102,1,28.00,1.40,26.60,1.74,0.00,0.00
O-001807,2025-03-11,S-03,หน้าร้าน,P-201,2,190.00,0.00,190.00,12.43,0.00,0.00
O-001808,2025-03-11,S-90,ออนไลน์,P-103,1,45.00,0.00,45.00,2.94,35.00,0.00
O-001809,2025-03-11,S-05,หน้าร้าน,P-202,2,240.00,48.00,192.00,12.56,0.00,0.00
O-001810,2025-03-11,S-05,หน้าร้าน,P-302,1,3890.00,778.00,3112.00,203.59,0.00,0.00
O-001811,2025-03-11,S-04,หน้าร้าน,P-102,1,28.00,2.80,25.20,1.65,0.00,0.00
O-001812,2025-03-11,S-02,หน้าร้าน,P-203,1,75.00,3.75,71.25,4.66,0.00,0.00
O-001813,2025-03-11,S-01,หน้าร้าน,P-203,1,75.00,3.75,71.25,4.66,0.00,0.00
O-001814,2025-03-11,S-05,หน้าร้าน,P-102,1,28.00,0.00,28.00,1.83,0.00,0.00
O-001815,2025-03-11,S-90,ออนไลน์,P-302,1,3890.00,0.00,3890.00,254.49,80.00,0.00
O-001816,2025-03-11,S-05,หน้าร้าน,P-302,1,3890.00,389.00,3501.00,229.04,0.00,0.00
O-001817,2025-03-11,S-03,หน้าร้าน,P-103,1,45.00,0.00,45.00,2.94,0.00,0.00
O-001818,2025-03-11,S-03,หน้าร้าน,P-102,5,140.00,0.00,140.00,9.16,0.00,0.00
O-001819,2025-03-11,S-03,หน้าร้าน,P-203,1,75.00,0.00,75.00,4.91,0.00,0.00
O-001820,2025-03-11,S-06,หน้าร้าน,P-202,1,120.00,12.00,108.00,7.07,0.00,0.00
O-001821,2025-03-11,S-03,หน้าร้าน,P-103,1,45.00,4.50,40.50,2.65,0.00,0.00
O-001822,2025-03-11,S-06,หน้าร้าน,P-102,1,28.00,5.60,22.40,1.47,0.00,0.00
O-001823,2025-03-11,S-90,ออนไลน์,P-302,2,7780.00,1556.00,6224.00,407.18,80.00,0.00
O-001824,2025-03-11,S-05,หน้าร้าน,P-102,3,84.00,0.00,84.00,5.50,0.00,0.00
O-001825,2025-03-11,S-90,ออนไลน์,P-103,1,45.00,9.00,36.00,2.36,50.00,0.00
O-001826,2025-03-11,S-05,หน้าร้าน,P-202,1,120.00,24.00,96.00,6.28,0.00,0.00
O-001827,2025-03-11,S-90,ออนไลน์,P-302,2,7780.00,778.00,7002.00,458.07,0.00,0.00
O-001828,2025-03-11,S-04,หน้าร้าน,P-203,2,150.00,0.00,150.00,9.81,0.00,0.00
O-001829,2025-03-11,S-01,หน้าร้าน,P-102,1,28.00,1.40,26.60,1.74,0.00,0.00
O-001830,2025-03-11,S-01,หน้าร้าน,P-101,1,35.00,7.00,28.00,1.83,0.00,0.00
O-001831,2025-03-11,S-01,หน้าร้าน,P-302,2,7780.00,0.00,7780.00,508.97,0.00,0.00
O-001832,2025-03-11,S-06,หน้าร้าน,P-301,1,2450.00,0.00,2450.00,160.28,0.00,0.00
O-001833,2025-03-12,S-02,หน้าร้าน,P-302,3,11670.00,2334.00,9336.00,610.77,0.00,0.00
O-001834,2025-03-12,S-01,หน้าร้าน,P-301,3,7350.00,0.00,7350.00,480.84,0.00,0.00
O-001835,2025-03-12,S-06,หน้าร้าน,P-202,1,120.00,12.00,108.00,7.07,0.00,0.00
O-001836,2025-03-12,S-02,หน้าร้าน,P-103,1,45.00,0.00,45.00,2.94,0.00,0.00
O-001837,2025-03-12,S-06,หน้าร้าน,P-103,1,45.00,0.00,45.00,2.94,0.00,0.00
O-001838,2025-03-12,S-06,หน้าร้าน,P-203,3,225.00,45.00,180.00,11.78,0.00,0.00
O-001839,2025-03-12,S-04,หน้าร้าน,P-102,1,28.00,5.60,22.40,1.47,0.00,0.00
O-001840,2025-03-12,S-90,ออนไลน์,P-301,1,2450.00,0.00,2450.00,160.28,35.00,0.00
O-001841,2025-03-12,S-90,ออนไลน์,P-201,1,95.00,0.00,95.00,6.21,50.00,0.00
O-001842,2025-03-12,S-90,ออนไลน์,P-202,1,120.00,12.00,108.00,7.07,35.00,0.00
O-001843,2025-03-12,S-01,หน้าร้าน,P-202,1,120.00,0.00,120.00,7.85,0.00,0.00
O-001844,2025-03-12,S-04,หน้าร้าน,P-203,1,75.00,0.00,75.00,4.91,0.00,0.00
O-001845,2025-03-12,S-02,หน้าร้าน,P-201,1,95.00,9.50,85.50,5.59,0.00,0.00
O-001846,2025-03-12,S-02,หน้าร้าน,P-201,3,285.00,57.00,228.00,14.92,0.00,0.00
O-001847,2025-03-12,S-05,หน้าร้าน,P-302,1,3890.00,778.00,3112.00,203.59,0.00,0.00
O-001848,2025-03-12,S-03,หน้าร้าน,P-201,3,285.00,0.00,285.00,18.64,0.00,0.00
O-001849,2025-03-12,S-01,หน้าร้าน,P-202,2,240.00,12.00,228.00,14.92,0.00,0.00
O-001850,2025-03-12,S-90,ออนไลน์,P-302,1,3890.00,389.00,3501.00,229.04,0.00,0.00
O-001851,2025-03-12,S-06,หน้าร้าน,P-301,1,2450.00,0.00,2450.00,160.28,0.00,0.00
O-001852,2025-03-13,S-01,หน้าร้าน,P-203,1,75.00,7.50,67.50,4.42,0.00,0.00
O-001853,2025-03-13,S-90,ออนไลน์,P-203,1,75.00,0.00,75.00,4.91,0.00,0.00
O-001854,2025-03-13,S-05,หน้าร้าน,P-103,2,90.00,0.00,90.00,5.89,0.00,0.00
O-001855,2025-03-13,S-90,ออนไลน์,P-102,1,28.00,2.80,25.20,1.65,35.00,0.00
O-001856,2025-03-13,S-01,หน้าร้าน,P-201,1,95.00,19.00,76.00,4.97,0.00,0.00
O-001857,2025-03-13,S-02,หน้าร้าน,P-201,1,95.00,0.00,95.00,6.21,0.00,0.00
O-001858,2025-03-13,S-06,หน้าร้าน,P-302,1,3890.00,0.00,3890.00,254.49,0.00,0.00
O-001859,2025-03-13,S-90,ออนไลน์,P-202,1,120.00,24.00,96.00,6.28,80.00,0.00
O-001860,2025-03-13,S-05,หน้าร้าน,P-101,1,35.00,3.50,31.50,2.06,0.00,0.00
O-001861,2025-03-13,S-06,หน้าร้าน,P-301,2,4900.00,980.00,3920.00,256.45,0.00,0.00
O-001862,2025-03-13,S-90,ออนไลน์,P-203,2,150.00,7.50,142.50,9.32,50.00,0.00
O-001863,2025-03-13,S-04,หน้าร้าน,P-201,1,95.00,4.75,90.25,5.90,0.00,0.00
O-001864,2025-03-13,S-03,หน้าร้าน,P-202,3,360.00,72.00,288.00,18.84,0.00,0.00
O-001865,2025-03-13,S-06,หน้าร้าน,P-301,2,4900.00,245.00,4655.00,304.53,0.00,4655.00
O-001866,2025-03-13,S-05,หน้าร้าน,P-201,1,95.00,19.00,76.00,4.97,0.00,0.00
O-001867,2025-03-13,S-02,หน้าร้าน,P-101,2,70.00,0.00,70.00,4.58,0.00,0.00
O-001868,2025-03-13,S-03,หน้าร้าน,P-201,1,95.00,0.00,95.00,6.21,0.00,0.00
O-001869,2025-03-13,S-06,หน้าร้าน,P-202,1,120.00,0.00,120.00,7.85,0.00,0.00
O-001870,2025-03-13,S-90,ออนไลน์,P-302,1,3890.00,0.00,3890.00,254.49,50.00,0.00
O-001871,2025-03-14,S-05,หน้าร้าน,P-202,1,120.00,0.00,120.00,7.85,0.00,0.00
O-001872,2025-03-14,S-04,หน้าร้าน,P-203,1,75.00,0.00,75.00,4.91,0.00,0.00
O-001873,2025-03-14,S-01,หน้าร้าน,P-101,1,35.00,1.75,33.25,2.18,0.00,0.00
O-001874,2025-03-14,S-90,ออนไลน์,P-201,1,95.00,0.00,95.00,6.21,0.00,0.00
O-001875,2025-03-14,S-06,หน้าร้าน,P-201,1,95.00,0.00,95.00,6.21,0.00,0.00
O-001876,2025-03-14,S-90,ออนไลน์,P-101,3,105.00,0.00,105.00,6.87,50.00,0.00
O-001877,2025-03-14,S-02,หน้าร้าน,P-203,2,150.00,0.00,150.00,9.81,0.00,0.00
O-001878,2025-03-14,S-02,หน้าร้าน,P-302,3,11670.00,0.00,11670.00,763.46,0.00,0.00
O-001879,2025-03-14,S-06,หน้าร้าน,P-101,1,35.00,0.00,35.00,2.29,0.00,0.00
O-001880,2025-03-14,S-04,หน้าร้าน,P-201,1,95.00,4.75,90.25,5.90,0.00,0.00
O-001881,2025-03-14,S-02,หน้าร้าน,P-102,1,28.00,5.60,22.40,1.47,0.00,0.00
O-001882,2025-03-14,S-90,ออนไลน์,P-102,1,28.00,0.00,28.00,1.83,0.00,0.00
O-001883,2025-03-14,S-04,หน้าร้าน,P-203,2,150.00,7.50,142.50,9.32,0.00,0.00
O-001884,2025-03-14,S-04,หน้าร้าน,P-102,1,28.00,0.00,28.00,1.83,0.00,0.00
O-001885,2025-03-14,S-05,หน้าร้าน,P-202,2,240.00,48.00,192.00,12.56,0.00,0.00
O-001886,2025-03-14,S-01,หน้าร้าน,P-201,2,190.00,19.00,171.00,11.19,0.00,0.00
O-001887,2025-03-14,S-02,หน้าร้าน,P-103,1,45.00,0.00,45.00,2.94,0.00,0.00
O-001888,2025-03-14,S-90,ออนไลน์,P-302,1,3890.00,389.00,3501.00,229.04,0.00,0.00
O-001889,2025-03-14,S-04,หน้าร้าน,P-301,1,2450.00,0.00,2450.00,160.28,0.00,0.00
O-001890,2025-03-14,S-90,ออนไลน์,P-201,1,95.00,19.00,76.00,4.97,0.00,0.00
O-001891,2025-03-14,S-02,หน้าร้าน,P-301,1,2450.00,245.00,2205.00,144.25,0.00,0.00
O-001892,2025-03-14,S-03,หน้าร้าน,P-201,3,285.00,14.25,270.75,17.71,0.00,0.00
O-001893,2025-03-15,S-01,หน้าร้าน,P-102,3,84.00,4.20,79.80,5.22,0.00,0.00
O-001894,2025-03-15,S-05,หน้าร้าน,P-201,3,285.00,14.25,270.75,17.71,0.00,0.00
O-001895,2025-03-15,S-06,หน้าร้าน,P-302,1,3890.00,778.00,3112.00,203.59,0.00,0.00
O-001896,2025-03-15,S-90,ออนไลน์,P-101,1,35.00,0.00,35.00,2.29,0.00,0.00
O-001897,2025-03-15,S-04,หน้าร้าน,P-101,1,35.00,0.00,35.00,2.29,0.00,0.00
O-001898,2025-03-15,S-05,หน้าร้าน,P-101,1,35.00,1.75,33.25,2.18,0.00,0.00
O-001899,2025-03-15,S-90,ออนไลน์,P-203,2,150.00,30.00,120.00,7.85,0.00,0.00
O-001900,2025-03-15,S-03,หน้าร้าน,P-301,1,2450.00,122.50,2327.50,152.27,0.00,0.00
O-001901,2025-03-15,S-05,หน้าร้าน,P-202,1,120.00,0.00,120.00,7.85,0.00,0.00
O-001902,2025-03-15,S-05,หน้าร้าน,P-301,2,4900.00,490.00,4410.00,288.50,0.00,0.00
O-001903,2025-03-15,S-04,หน้าร้าน,P-203,1,75.00,3.75,71.25,4.66,0.00,0.00
O-001904,2025-03-15,S-03,หน้าร้าน,P-203,3,225.00,22.50,202.50,13.25,0.00,0.00
O-001905,2025-03-15,S-04,หน้าร้าน,P-102,1,28.00,1.40,26.60,1.74,0.00,0.00
O-001906,2025-03-15,S-03,หน้าร้าน,P-101,2,70.00,7.00,63.00,4.12,0.00,0.00
O-001907,2025-03-15,S-04,หน้าร้าน,P-102,1,28.00,1.40,26.60,1.74,0.00,0.00
O-001908,2025-03-15,S-90,ออนไลน์,P-102,5,140.00,14.00,126.00,8.24,50.00,0.00
O-001909,2025-03-15,S-03,หน้าร้าน,P-302,1,3890.00,389.00,3501.00,229.04,0.00,0.00
O-001910,2025-03-15,S-04,หน้าร้าน,P-201,1,95.00,0.00,95.00,6.21,0.00,0.00
O-001911,2025-03-15,S-03,หน้าร้าน,P-203,1,75.00,0.00,75.00,4.91,0.00,0.00
O-001912,2025-03-15,S-05,หน้าร้าน,P-202,2,240.00,12.00,228.00,14.92,0.00,0.00
O-001913,2025-03-15,S-01,หน้าร้าน,P-102,1,28.00,5.60,22.40,1.47,0.00,0.00
O-001914,2025-03-15,S-06,หน้าร้าน,P-103,2,90.00,4.50,85.50,5.59,0.00,0.00
O-001915,2025-03-15,S-03,หน้าร้าน,P-301,1,2450.00,490.00,1960.00,128.22,0.00,0.00
O-001916,2025-03-16,S-06,หน้าร้าน,P-203,1,75.00,0.00,75.00,4.91,0.00,0.00
O-001917,2025-03-16,S-04,หน้าร้าน,P-202,1,120.00,0.00,120.00,7.85,0.00,0.00
O-001918,2025-03-16,S-05,หน้าร้าน,P-202,1,120.00,0.00,120.00,7.85,0.00,0.00
O-001919,2025-03-16,S-05,หน้าร้าน,P-101,1,35.00,7.00,28.00,1.83,0.00,0.00
O-001920,2025-03-16,S-04,หน้าร้าน,P-202,1,120.00,0.00,120.00,7.85,0.00,0.00
O-001921,2025-03-16,S-03,หน้าร้าน,P-202,2,240.00,12.00,228.00,14.92,0.00,0.00
O-001922,2025-03-16,S-06,หน้าร้าน,P-102,5,140.00,7.00,133.00,8.70,0.00,0.00
O-001923,2025-03-16,S-04,หน้าร้าน,P-203,1,75.00,3.75,71.25,4.66,0.00,0.00
O-001924,2025-03-16,S-05,หน้าร้าน,P-102,3,84.00,0.00,84.00,5.50,0.00,0.00
O-001925,2025-03-16,S-02,หน้าร้าน,P-203,2,150.00,0.00,150.00,9.81,0.00,0.00
O-001926,2025-03-16,S-05,หน้าร้าน,P-201,2,190.00,19.00,171.00,11.19,0.00,0.00
O-001927,2025-03-16,S-06,หน้าร้าน,P-102,1,28.00,0.00,28.00,1.83,0.00,0.00
O-001928,2025-03-16,S-06,หน้าร้าน,P-103,5,225.00,22.50,202.50,13.25,0.00,0.00
O-001929,2025-03-16,S-05,หน้าร้าน,P-103,1,45.00,2.25,42.75,2.80,0.00,0.00
O-001930,2025-03-16,S-03,หน้าร้าน,P-201,1,95.00,4.75,90.25,5.90,0.00,0.00
O-001931,2025-03-16,S-06,หน้าร้าน,P-102,3,84.00,4.20,79.80,5.22,0.00,0.00
O-001932,2025-03-16,S-04,หน้าร้าน,P-203,1,75.00,0.00,75.00,4.91,0.00,0.00
O-001933,2025-03-16,S-06,หน้าร้าน,P-102,1,28.00,0.00,28.00,1.83,0.00,0.00
O-001934,2025-03-16,S-02,หน้าร้าน,P-203,3,225.00,22.50,202.50,13.25,0.00,0.00
O-001935,2025-03-16,S-05,หน้าร้าน,P-201,1,95.00,0.00,95.00,6.21,0.00,0.00
O-001936,2025-03-17,S-01,หน้าร้าน,P-302,1,3890.00,389.00,3501.00,229.04,0.00,0.00
O-001937,2025-03-17,S-04,หน้าร้าน,P-101,2,70.00,0.00,70.00,4.58,0.00,0.00
O-001938,2025-03-17,S-03,หน้าร้าน,P-202,1,120.00,0.00,120.00,7.85,0.00,0.00
O-001939,2025-03-17,S-02,หน้าร้าน,P-302,2,7780.00,0.00,7780.00,508.97,0.00,0.00
O-001940,2025-03-17,S-90,ออนไลน์,P-203,1,75.00,0.00,75.00,4.91,80.00,0.00
O-001941,2025-03-17,S-90,ออนไลน์,P-201,1,95.00,19.00,76.00,4.97,80.00,0.00
O-001942,2025-03-17,S-90,ออนไลน์,P-101,3,105.00,10.50,94.50,6.18,0.00,0.00
O-001943,2025-03-17,S-02,หน้าร้าน,P-103,1,45.00,0.00,45.00,2.94,0.00,0.00
O-001944,2025-03-17,S-04,หน้าร้าน,P-202,3,360.00,72.00,288.00,18.84,0.00,0.00
O-001945,2025-03-17,S-06,หน้าร้าน,P-301,1,2450.00,490.00,1960.00,128.22,0.00,0.00
O-001946,2025-03-17,S-04,หน้าร้าน,P-101,1,35.00,3.50,31.50,2.06,0.00,0.00
O-001947,2025-03-17,S-03,หน้าร้าน,P-201,3,285.00,28.50,256.50,16.78,0.00,0.00
O-001948,2025-03-17,S-02,หน้าร้าน,P-202,1,120.00,6.00,114.00,7.46,0.00,0.00
O-001949,2025-03-17,S-05,หน้าร้าน,P-302,5,19450.00,3890.00,15560.00,1017.94,0.00,0.00
O-001950,2025-03-17,S-03,หน้าร้าน,P-203,2,150.00,15.00,135.00,8.83,0.00,0.00
O-001951,2025-03-17,S-03,หน้าร้าน,P-302,2,7780.00,778.00,7002.00,458.07,0.00,0.00
O-001952,2025-03-17,S-05,หน้าร้าน,P-101,1,35.00,0.00,35.00,2.29,0.00,0.00
O-001953,2025-03-17,S-01,หน้าร้าน,P-301,3,7350.00,0.00,7350.00,480.84,0.00,0.00
O-001954,2025-03-17,S-01,หน้าร้าน,P-301,2,4900.00,980.00,3920.00,256.45,0.00,0.00
O-001955,2025-03-17,S-01,หน้าร้าน,P-301,1,2450.00,245.00,2205.00,144.25,0.00,0.00
O-001956,2025-03-17,S-90,ออนไลน์,P-101,1,35.00,0.00,35.00,2.29,0.00,0.00
O-001957,2025-03-17,S-04,หน้าร้าน,P-201,3,285.00,14.25,270.75,17.71,0.00,0.00
O-001958,2025-03-17,S-03,หน้าร้าน,P-203,2,150.00,0.00,150.00,9.81,0.00,0.00
O-001959,2025-03-17,S-04,หน้าร้าน,P-101,1,35.00,3.50,31.50,2.06,0.00,0.00
O-001960,2025-03-17,S-03,หน้าร้าน,P-101,3,105.00,0.00,105.00,6.87,0.00,0.00
O-001961,2025-03-17,S-04,หน้าร้าน,P-302,3,11670.00,0.00,11670.00,763.46,0.00,0.00
O-001962,2025-03-17,S-06,หน้าร้าน,P-202,1,120.00,12.00,108.00,7.07,0.00,0.00
O-001963,2025-03-17,S-02,หน้าร้าน,P-301,1,2450.00,0.00,2450.00,160.28,0.00,0.00
O-001964,2025-03-17,S-05,หน้าร้าน,P-103,2,90.00,4.50,85.50,5.59,0.00,0.00
O-001965,2025-03-17,S-90,ออนไลน์,P-102,1,28.00,2.80,25.20,1.65,0.00,0.00
O-001966,2025-03-18,S-02,หน้าร้าน,P-203,1,75.00,0.00,75.00,4.91,0.00,0.00
O-001967,2025-03-18,S-02,หน้าร้าน,P-103,1,45.00,2.25,42.75,2.80,0.00,0.00
O-001968,2025-03-18,S-04,หน้าร้าน,P-101,5,175.00,0.00,175.00,11.45,0.00,0.00
O-001969,2025-03-18,S-04,หน้าร้าน,P-301,1,2450.00,490.00,1960.00,128.22,0.00,0.00
O-001970,2025-03-18,S-03,หน้าร้าน,P-203,1,75.00,7.50,67.50,4.42,0.00,0.00
O-001971,2025-03-18,S-01,หน้าร้าน,P-102,1,28.00,5.60,22.40,1.47,0.00,0.00
O-001972,2025-03-18,S-03,หน้าร้าน,P-201,2,190.00,38.00,152.00,9.94,0.00,0.00
O-001973,2025-03-18,S-06,หน้าร้าน,P-202,1,120.00,0.00,120.00,7.85,0.00,0.00
O-001974,2025-03-18,S-06,หน้าร้าน,P-101,2,70.00,7.00,63.00,4.12,0.00,0.00
O-001975,2025-03-18,S-06,หน้าร้าน,P-102,3,84.00,4.20,79.80,5.22,0.00,0.00
O-001976,2025-03-18,S-03,หน้าร้าน,P-202,3,360.00,18.00,342.00,22.37,0.00,0.00
O-001977,2025-03-18,S-90,ออนไลน์,P-203,1,75.00,15.00,60.00,3.93,0.00,0.00
O-001978,2025-03-18,S-03,หน้าร้าน,P-202,1,120.00,6.00,114.00,7.46,0.00,0.00
O-001979,2025-03-18,S-06,หน้าร้าน,P-103,2,90.00,0.00,90.00,5.89,0.00,0.00
O-001980,2025-03-18,S-03,หน้าร้าน,P-203,1,75.00,0.00,75.00,4.91,0.00,0.00
O-001981,2025-03-18,S-02,หน้าร้าน,P-102,1,28.00,0.00,28.00,1.83,0.00,0.00
O-001982,2025-03-18,S-06,หน้าร้าน,P-301,1,2450.00,245.00,2205.00,144.25,0.00,0.00
O-001983,2025-03-18,S-04,หน้าร้าน,P-102,1,28.00,0.00,28.00,1.83,0.00,0.00
O-001984,2025-03-18,S-06,หน้าร้าน,P-101,3,105.00,0.00,105.00,6.87,0.00,0.00
O-001985,2025-03-18,S-05,หน้าร้าน,P-203,1,75.00,3.75,71.25,4.66,0.00,0.00
O-001986,2025-03-18,S-01,หน้าร้าน,P-202,1,120.00,24.00,96.00,6.28,0.00,0.00
O-001987,2025-03-18,S-04,หน้าร้าน,P-103,1,45.00,0.00,45.00,2.94,0.00,0.00
O-001988,2025-03-18,S-02,หน้าร้าน,P-103,3,135.00,13.50,121.50,7.95,0.00,0.00
O-001989,2025-03-18,S-01,หน้าร้าน,P-103,1,45.00,4.50,40.50,2.65,0.00,0.00
O-001990,2025-03-18,S-04,หน้าร้าน,P-101,1,35.00,0.00,35.00,2.29,0.00,0.00
O-001991,2025-03-19,S-01,หน้าร้าน,P-301,3,7350.00,0.00,7350.00,480.84,0.00,0.00
O-001992,2025-03-19,S-03,หน้าร้าน,P-102,1,28.00,1.40,26.60,1.74,0.00,0.00
O-001993,2025-03-19,S-04,หน้าร้าน,P-201,2,190.00,0.00,190.00,12.43,0.00,0.00
O-001994,2025-03-19,S-04,หน้าร้าน,P-302,1,3890.00,0.00,3890.00,254.49,0.00,0.00
O-001995,2025-03-19,S-02,หน้าร้าน,P-102,1,28.00,0.00,28.00,1.83,0.00,0.00
O-001996,2025-03-19,S-01,หน้าร้าน,P-302,5,19450.00,972.50,18477.50,1208.81,0.00,0.00
O-001997,2025-03-19,S-06,หน้าร้าน,P-103,1,45.00,4.50,40.50,2.65,0.00,0.00
O-001998,2025-03-19,S-02,หน้าร้าน,P-202,2,240.00,0.00,240.00,15.70,0.00,0.00
O-001999,2025-03-19,S-03,หน้าร้าน,P-103,1,45.00,9.00,36.00,2.36,0.00,0.00
O-002000,2025-03-19,S-02,หน้าร้าน,P-301,3,7350.00,1470.00,5880.00,384.67,0.00,0.00
O-002001,2025-03-19,S-01,หน้าร้าน,P-201,1,95.00,19.00,76.00,4.97,0.00,0.00
O-002002,2025-03-19,S-90,ออนไลน์,P-302,3,11670.00,0.00,11670.00,763.46,0.00,0.00
O-002003,2025-03-19,S-06,หน้าร้าน,P-203,1,75.00,15.00,60.00,3.93,0.00,0.00
O-002004,2025-03-19,S-03,หน้าร้าน,P-101,1,35.00,7.00,28.00,1.83,0.00,0.00
O-002005,2025-03-19,S-06,หน้าร้าน,P-103,2,90.00,9.00,81.00,5.30,0.00,0.00
O-002006,2025-03-19,S-02,หน้าร้าน,P-202,2,240.00,24.00,216.00,14.13,0.00,0.00
O-002007,2025-03-19,S-03,หน้าร้าน,P-301,1,2450.00,245.00,2205.00,144.25,0.00,0.00
O-002008,2025-03-19,S-01,หน้าร้าน,P-102,3,84.00,4.20,79.80,5.22,0.00,0.00
O-002009,2025-03-19,S-01,หน้าร้าน,P-301,1,2450.00,0.00,2450.00,160.28,0.00,0.00
O-002010,2025-03-19,S-02,หน้าร้าน,P-202,3,360.00,0.00,360.00,23.55,0.00,0.00
O-002011,2025-03-19,S-03,หน้าร้าน,P-201,1,95.00,9.50,85.50,5.59,0.00,0.00
O-002012,2025-03-19,S-03,หน้าร้าน,P-202,1,120.00,0.00,120.00,7.85,0.00,0.00
O-002013,2025-03-19,S-01,หน้าร้าน,P-101,1,35.00,1.75,33.25,2.18,0.00,0.00
O-002014,2025-03-19,S-05,หน้าร้าน,P-203,2,150.00,0.00,150.00,9.81,0.00,0.00
O-002015,2025-03-19,S-01,หน้าร้าน,P-203,1,75.00,0.00,75.00,4.91,0.00,0.00
O-002016,2025-03-19,S-06,หน้าร้าน,P-203,1,75.00,0.00,75.00,4.91,0.00,0.00
O-002017,2025-03-19,S-02,หน้าร้าน,P-103,5,225.00,45.00,180.00,11.78,0.00,0.00
O-002018,2025-03-20,S-02,หน้าร้าน,P-201,2,190.00,19.00,171.00,11.19,0.00,0.00
O-002019,2025-03-20,S-01,หน้าร้าน,P-202,1,120.00,24.00,96.00,6.28,0.00,0.00
O-002020,2025-03-20,S-02,หน้าร้าน,P-103,1,45.00,0.00,45.00,2.94,0.00,0.00
O-002021,2025-03-20,S-04,หน้าร้าน,P-302,1,3890.00,0.00,3890.00,254.49,0.00,0.00
O-002022,2025-03-20,S-05,หน้าร้าน,P-201,2,190.00,0.00,190.00,12.43,0.00,0.00
O-002023,2025-03-20,S-90,ออนไลน์,P-302,1,3890.00,778.00,3112.00,203.59,80.00,0.00
O-002024,2025-03-20,S-06,หน้าร้าน,P-101,1,35.00,3.50,31.50,2.06,0.00,0.00
O-002025,2025-03-20,S-05,หน้าร้าน,P-302,1,3890.00,194.50,3695.50,241.76,0.00,0.00
O-002026,2025-03-20,S-04,หน้าร้าน,P-102,1,28.00,2.80,25.20,1.65,0.00,0.00
O-002027,2025-03-20,S-90,ออนไลน์,P-301,2,4900.00,490.00,4410.00,288.50,0.00,0.00
O-002028,2025-03-20,S-03,หน้าร้าน,P-101,1,35.00,1.75,33.25,2.18,0.00,0.00
O-002029,2025-03-20,S-05,หน้าร้าน,P-103,2,90.00,18.00,72.00,4.71,0.00,0.00
O-002030,2025-03-20,S-06,หน้าร้าน,P-201,1,95.00,0.00,95.00,6.21,0.00,0.00
O-002031,2025-03-20,S-02,หน้าร้าน,P-102,2,56.00,5.60,50.40,3.30,0.00,0.00
O-002032,2025-03-20,S-90,ออนไลน์,P-302,1,3890.00,0.00,3890.00,254.49,80.00,0.00
O-002033,2025-03-20,S-06,หน้าร้าน,P-202,3,360.00,18.00,342.00,22.37,0.00,0.00
O-002034,2025-03-20,S-90,ออนไลน์,P-301,1,2450.00,0.00,2450.00,160.28,35.00,0.00
O-002035,2025-03-20,S-03,หน้าร้าน,P-302,2,7780.00,1556.00,6224.00,407.18,0.00,0.00
O-002036,2025-03-20,S-01,หน้าร้าน,P-103,3,135.00,13.50,121.50,7.95,0.00,0.00
O-002037,2025-03-20,S-90,ออนไลน์,P-103,1,45.00,2.25,42.75,2.80,50.00,0.00
O-002038,2025-03-21,S-90,ออนไลน์,P-203,1,75.00,0.00,75.00,4.91,0.00,0.00
O-002039,2025-03-21,S-03,หน้าร้าน,P-203,3,225.00,0.00,225.00,14.72,0.00,0.00
O-002040,2025-03-21,S-01,หน้าร้าน,P-101,1,35.00,0.00,35.00,2.29,0.00,35.00
O-002041,2025-03-21,S-06,หน้าร้าน,P-201,1,95.00,9.50,85.50,5.59,0.00,0.00
O-002042,2025-03-21,S-06,หน้าร้าน,P-301,1,2450.00,0.00,2450.00,160.28,0.00,0.00
O-002043,2025-03-21,S-04,หน้าร้าน,P-101,1,35.00,7.00,28.00,1.83,0.00,0.00
O-002044,2025-03-21,S-02,หน้าร้าน,P-201,1,95.00,0.00,95.00,6.21,0.00,0.00
O-002045,2025-03-21,S-04,หน้าร้าน,P-201,1,95.00,19.00,76.00,4.97,0.00,0.00
O-002046,2025-03-21,S-06,หน้าร้าน,P-203,5,375.00,37.50,337.50,22.08,0.00,0.00
O-002047,2025-03-21,S-02,หน้าร้าน,P-302,3,11670.00,2334.00,9336.00,610.77,0.00,0.00
O-002048,2025-03-21,S-05,หน้าร้าน,P-203,1,75.00,0.00,75.00,4.91,0.00,0.00
O-002049,2025-03-21,S-05,หน้าร้าน,P-302,1,3890.00,778.00,3112.00,203.59,0.00,0.00
O-002050,2025-03-21,S-04,หน้าร้าน,P-102,1,28.00,5.60,22.40,1.47,0.00,0.00
O-002051,2025-03-21,S-01,หน้าร้าน,P-302,2,7780.00,0.00,7780.00,508.97,0.00,0.00
O-002052,2025-03-21,S-01,หน้าร้าน,P-101,1,35.00,0.00,35.00,2.29,0.00,0.00
O-002053,2025-03-21,S-04,หน้าร้าน,P-102,3,84.00,0.00,84.00,5.50,0.00,0.00
O-002054,2025-03-21,S-03,หน้าร้าน,P-302,1,3890.00,778.00,3112.00,203.59,0.00,0.00
O-002055,2025-03-21,S-03,หน้าร้าน,P-201,1,95.00,9.50,85.50,5.59,0.00,0.00
O-002056,2025-03-21,S-05,หน้าร้าน,P-101,1,35.00,1.75,33.25,2.18,0.00,0.00
O-002057,2025-03-21,S-02,หน้าร้าน,P-101,1,35.00,0.00,35.00,2.29,0.00,0.00
O-002058,2025-03-21,S-03,หน้าร้าน,P-302,2,7780.00,389.00,7391.00,483.52,0.00,0.00
O-002059,2025-03-21,S-05,หน้าร้าน,P-302,2,7780.00,1556.00,6224.00,407.18,0.00,0.00
O-002060,2025-03-21,S-04,หน้าร้าน,P-202,1,120.00,0.00,120.00,7.85,0.00,0.00
O-002061,2025-03-21,S-01,หน้าร้าน,P-203,1,75.00,0.00,75.00,4.91,0.00,0.00
O-002062,2025-03-21,S-02,หน้าร้าน,P-301,1,2450.00,490.00,1960.00,128.22,0.00,0.00
O-002063,2025-03-21,S-90,ออนไลน์,P-101,1,35.00,1.75,33.25,2.18,0.00,0.00
O-002064,2025-03-21,S-03,หน้าร้าน,P-202,1,120.00,6.00,114.00,7.46,0.00,0.00
O-002065,2025-03-21,S-04,หน้าร้าน,P-203,5,375.00,18.75,356.25,23.31,0.00,0.00
O-002066,2025-03-21,S-04,หน้าร้าน,P-103,1,45.00,9.00,36.00,2.36,0.00,0.00
O-002067,2025-03-21,S-02,หน้าร้าน,P-302,1,3890.00,778.00,3112.00,203.59,0.00,0.00
O-002068,2025-03-21,S-02,หน้าร้าน,P-202,1,120.00,0.00,120.00,7.85,0.00,0.00
O-002069,2025-03-21,S-05,หน้าร้าน,P-301,5,12250.00,2450.00,9800.00,641.12,0.00,0.00
O-002070,2025-03-21,S-90,ออนไลน์,P-101,1,35.00,0.00,35.00,2.29,0.00,0.00
O-002071,2025-03-22,S-04,หน้าร้าน,P-201,3,285.00,28.50,256.50,16.78,0.00,0.00
O-002072,2025-03-22,S-02,หน้าร้าน,P-302,3,11670.00,583.50,11086.50,725.29,0.00,0.00
O-002073,2025-03-22,S-02,หน้าร้าน,P-101,1,35.00,0.00,35.00,2.29,0.00,0.00
O-002074,2025-03-22,S-06,หน้าร้าน,P-102,1,28.00,0.00,28.00,1.83,0.00,0.00
O-002075,2025-03-22,S-01,หน้าร้าน,P-101,1,35.00,7.00,28.00,1.83,0.00,0.00
O-002076,2025-03-22,S-06,หน้าร้าน,P-302,1,3890.00,389.00,3501.00,229.04,0.00,0.00
O-002077,2025-03-22,S-01,หน้าร้าน,P-302,3,11670.00,0.00,11670.00,763.46,0.00,0.00
O-002078,2025-03-22,S-06,หน้าร้าน,P-103,5,225.00,0.00,225.00,14.72,0.00,0.00
O-002079,2025-03-22,S-90,ออนไลน์,P-301,1,2450.00,0.00,2450.00,160.28,0.00,0.00
O-002080,2025-03-22,S-04,หน้าร้าน,P-301,2,4900.00,980.00,3920.00,256.45,0.00,0.00
O-002081,2025-03-22,S-05,หน้าร้าน,P-302,2,7780.00,0.00,7780.00,508.97,0.00,0.00
O-002082,2025-03-22,S-02,หน้าร้าน,P-301,2,4900.00,490.00,4410.00,288.50,0.00,0.00
O-002083,2025-03-22,S-04,หน้าร้าน,P-102,2,56.00,0.00,56.00,3.66,0.00,0.00
O-002084,2025-03-22,S-06,หน้าร้าน,P-103,1,45.00,0.00,45.00,2.94,0.00,0.00
O-002085,2025-03-22,S-03,หน้าร้าน,P-202,1,120.00,24.00,96.00,6.28,0.00,0.00
O-002086,2025-03-22,S-05,หน้าร้าน,P-301,2,4900.00,245.00,4655.00,304.53,0.00,0.00
O-002087,2025-03-22,S-02,หน้าร้าน,P-103,1,45.00,2.25,42.75,2.80,0.00,0.00
O-002088,2025-03-22,S-06,หน้าร้าน,P-201,2,190.00,0.00,190.00,12.43,0.00,0.00
O-002089,2025-03-22,S-01,หน้าร้าน,P-201,1,95.00,0.00,95.00,6.21,0.00,0.00
O-002090,2025-03-22,S-02,หน้าร้าน,P-202,1,120.00,6.00,114.00,7.46,0.00,0.00
O-002091,2025-03-22,S-03,หน้าร้าน,P-301,5,12250.00,0.00,12250.00,801.40,0.00,0.00
O-002092,2025-03-22,S-03,หน้าร้าน,P-302,1,3890.00,0.00,3890.00,254.49,0.00,0.00
O-002093,2025-03-22,S-02,หน้าร้าน,P-201,3,285.00,14.25,270.75,17.71,0.00,0.00
O-002094,2025-03-22,S-01,หน้าร้าน,P-102,1,28.00,0.00,28.00,1.83,0.00,0.00
O-002095,2025-03-22,S-06,หน้าร้าน,P-203,1,75.00,0.00,75.00,4.91,0.00,0.00
O-002096,2025-03-22,S-05,หน้าร้าน,P-202,2,240.00,0.00,240.00,15.70,0.00,0.00
O-002097,2025-03-22,S-05,หน้าร้าน,P-201,3,285.00,14.25,270.75,17.71,0.00,0.00
O-002098,2025-03-22,S-05,หน้าร้าน,P-101,1,35.00,1.75,33.25,2.18,0.00,0.00
O-002099,2025-03-22,S-04,หน้าร้าน,P-102,1,28.00,0.00,28.00,1.83,0.00,0.00
O-002100,2025-03-23,S-90,ออนไลน์,P-203,3,225.00,11.25,213.75,13.98,80.00,0.00
O-002101,2025-03-23,S-02,หน้าร้าน,P-202,1,120.00,12.00,108.00,7.07,0.00,0.00
O-002102,2025-03-23,S-01,หน้าร้าน,P-301,2,4900.00,0.00,4900.00,320.56,0.00,0.00
O-002103,2025-03-23,S-02,หน้าร้าน,P-302,1,3890.00,778.00,3112.00,203.59,0.00,0.00
O-002104,2025-03-23,S-06,หน้าร้าน,P-202,1,120.00,0.00,120.00,7.85,0.00,0.00
O-002105,2025-03-23,S-05,หน้าร้าน,P-102,1,28.00,0.00,28.00,1.83,0.00,0.00
O-002106,2025-03-23,S-01,หน้าร้าน,P-301,1,2450.00,245.00,2205.00,144.25,0.00,0.00
O-002107,2025-03-23,S-90,ออนไลน์,P-203,2,150.00,0.00,150.00,9.81,0.00,0.00
O-002108,2025-03-23,S-02,หน้าร้าน,P-302,2,7780.00,0.00,7780.00,508.97,0.00,0.00
O-002109,2025-03-23,S-01,หน้าร้าน,P-302,1,3890.00,389.00,3501.00,229.04,0.00,0.00
O-002110,2025-03-23,S-01,หน้าร้าน,P-101,2,70.00,14.00,56.00,3.66,0.00,0.00
O-002111,2025-03-23,S-06,หน้าร้าน,P-301,1,2450.00,122.50,2327.50,152.27,0.00,0.00
O-002112,2025-03-23,S-90,ออนไลน์,P-202,1,120.00,0.00,120.00,7.85,50.00,0.00
O-002113,2025-03-23,S-02,หน้าร้าน,P-102,2,56.00,5.60,50.40,3.30,0.00,0.00
O-002114,2025-03-23,S-02,หน้าร้าน,P-201,1,95.00,4.75,90.25,5.90,0.00,0.00
O-002115,2025-03-23,S-90,ออนไลน์,P-202,1,120.00,6.00,114.00,7.46,0.00,0.00
O-002116,2025-03-23,S-05,หน้าร้าน,P-203,1,75.00,0.00,75.00,4.91,0.00,0.00
O-002117,2025-03-23,S-05,หน้าร้าน,P-203,1,75.00,0.00,75.00,4.91,0.00,0.00
O-002118,2025-03-23,S-02,หน้าร้าน,P-102,1,28.00,0.00,28.00,1.83,0.00,0.00
O-002119,2025-03-23,S-05,หน้าร้าน,P-301,2,4900.00,490.00,4410.00,288.50,0.00,0.00
O-002120,2025-03-23,S-06,หน้าร้าน,P-202,1,120.00,12.00,108.00,7.07,0.00,0.00
O-002121,2025-03-23,S-04,หน้าร้าน,P-201,1,95.00,9.50,85.50,5.59,0.00,0.00
O-002122,2025-03-23,S-06,หน้าร้าน,P-103,2,90.00,0.00,90.00,5.89,0.00,0.00
O-002123,2025-03-23,S-06,หน้าร้าน,P-301,2,4900.00,0.00,4900.00,320.56,0.00,0.00
O-002124,2025-03-23,S-06,หน้าร้าน,P-101,1,35.00,3.50,31.50,2.06,0.00,0.00
O-002125,2025-03-23,S-03,หน้าร้าน,P-202,2,240.00,12.00,228.00,14.92,0.00,0.00
O-002126,2025-03-23,S-05,หน้าร้าน,P-202,2,240.00,0.00,240.00,15.70,0.00,0.00
O-002127,2025-03-23,S-06,หน้าร้าน,P-302,1,3890.00,389.00,3501.00,229.04,0.00,0.00
O-002128,2025-03-23,S-01,หน้าร้าน,P-202,2,240.00,12.00,228.00,14.92,0.00,0.00
O-002129,2025-03-23,S-90,ออนไลน์,P-302,2,7780.00,0.00,7780.00,508.97,0.00,0.00
O-002130,2025-03-23,S-06,หน้าร้าน,P-101,2,70.00,14.00,56.00,3.66,0.00,0.00
O-002131,2025-03-23,S-04,หน้าร้าน,P-103,1,45.00,0.00,45.00,2.94,0.00,0.00
O-002132,2025-03-23,S-90,ออนไลน์,P-201,1,95.00,0.00,95.00,6.21,80.00,0.00
O-002133,2025-03-23,S-06,หน้าร้าน,P-301,2,4900.00,0.00,4900.00,320.56,0.00,0.00
O-002134,2025-03-24,S-02,หน้าร้าน,P-302,2,7780.00,0.00,7780.00,508.97,0.00,0.00
O-002135,2025-03-24,S-06,หน้าร้าน,P-103,2,90.00,0.00,90.00,5.89,0.00,0.00
O-002136,2025-03-24,S-90,ออนไลน์,P-101,1,35.00,0.00,35.00,2.29,35.00,0.00
O-002137,2025-03-24,S-04,หน้าร้าน,P-201,1,95.00,19.00,76.00,4.97,0.00,0.00
O-002138,2025-03-24,S-03,หน้าร้าน,P-103,1,45.00,2.25,42.75,2.80,0.00,0.00
O-002139,2025-03-24,S-02,หน้าร้าน,P-302,1,3890.00,0.00,3890.00,254.49,0.00,0.00
O-002140,2025-03-24,S-05,หน้าร้าน,P-102,1,28.00,1.40,26.60,1.74,0.00,0.00
O-002141,2025-03-24,S-05,หน้าร้าน,P-103,1,45.00,0.00,45.00,2.94,0.00,0.00
O-002142,2025-03-24,S-06,หน้าร้าน,P-301,1,2450.00,245.00,2205.00,144.25,0.00,0.00
O-002143,2025-03-24,S-06,หน้าร้าน,P-201,2,190.00,19.00,171.00,11.19,0.00,0.00
O-002144,2025-03-24,S-90,ออนไลน์,P-103,2,90.00,0.00,90.00,5.89,35.00,0.00
O-002145,2025-03-24,S-03,หน้าร้าน,P-302,1,3890.00,0.00,3890.00,254.49,0.00,0.00
O-002146,2025-03-24,S-05,หน้าร้าน,P-301,3,7350.00,1470.00,5880.00,384.67,0.00,0.00
O-002147,2025-03-24,S-05,หน้าร้าน,P-202,1,120.00,6.00,114.00,7.46,0.00,0.00
O-002148,2025-03-24,S-90,ออนไลน์,P-103,2,90.00,0.00,90.00,5.89,35.00,0.00
O-002149,2025-03-24,S-05,หน้าร้าน,P-201,1,95.00,0.00,95.00,6.21,0.00,0.00
O-002150,2025-03-24,S-03,หน้าร้าน,P-203,1,75.00,0.00,75.00,4.91,0.00,0.00
O-002151,2025-03-24,S-90,ออนไลน์,P-103,2,90.00,4.50,85.50,5.59,80.00,0.00
O-002152,2025-03-24,S-03,หน้าร้าน,P-101,3,105.00,10.50,94.50,6.18,0.00,0.00
O-002153,2025-03-24,S-06,หน้าร้าน,P-101,3,105.00,0.00,105.00,6.87,0.00,0.00
O-002154,2025-03-24,S-06,หน้าร้าน,P-101,1,35.00,0.00,35.00,2.29,0.00,0.00
O-002155,2025-03-24,S-06,หน้าร้าน,P-201,2,190.00,19.00,171.00,11.19,0.00,0.00
O-002156,2025-03-24,S-05,หน้าร้าน,P-101,2,70.00,14.00,56.00,3.66,0.00,0.00
O-002157,2025-03-25,S-03,หน้าร้าน,P-103,1,45.00,0.00,45.00,2.94,0.00,0.00
O-002158,2025-03-25,S-06,หน้าร้าน,P-203,1,75.00,7.50,67.50,4.42,0.00,0.00
O-002159,2025-03-25,S-90,ออนไลน์,P-203,1,75.00,7.50,67.50,4.42,35.00,0.00
O-002160,2025-03-25,S-05,หน้าร้าน,P-301,3,7350.00,0.00,7350.00,480.84,0.00,0.00
O-002161,2025-03-25,S-04,หน้าร้าน,P-103,1,45.00,0.00,45.00,2.94,0.00,0.00
O-002162,2025-03-25,S-90,ออนไลน์,P-202,2,240.00,48.00,192.00,12.56,0.00,0.00
O-002163,2025-03-25,S-90,ออนไลน์,P-301,2,4900.00,490.00,4410.00,288.50,35.00,0.00
O-002164,2025-03-25,S-05,หน้าร้าน,P-103,3,135.00,0.00,135.00,8.83,0.00,0.00
O-002165,2025-03-25,S-05,หน้าร้าน,P-301,3,7350.00,735.00,6615.00,432.76,0.00,0.00
O-002166,2025-03-25,S-90,ออนไลน์,P-302,1,3890.00,778.00,3112.00,203.59,80.00,0.00
O-002167,2025-03-25,S-05,หน้าร้าน,P-301,1,2450.00,0.00,2450.00,160.28,0.00,0.00
O-002168,2025-03-25,S-90,ออนไลน์,P-202,1,120.00,12.00,108.00,7.07,0.00,0.00
O-002169,2025-03-25,S-06,หน้าร้าน,P-301,5,12250.00,2450.00,9800.00,641.12,0.00,0.00
O-002170,2025-03-25,S-06,หน้าร้าน,P-202,2,240.00,0.00,240.00,15.70,0.00,0.00
O-002171,2025-03-25,S-03,หน้าร้าน,P-101,1,35.00,7.00,28.00,1.83,0.00,0.00
O-002172,2025-03-25,S-01,หน้าร้าน,P-302,1,3890.00,778.00,3112.00,203.59,0.00,0.00
O-002173,2025-03-25,S-90,ออนไลน์,P-203,1,75.00,0.00,75.00,4.91,35.00,0.00
O-002174,2025-03-25,S-90,ออนไลน์,P-201,1,95.00,0.00,95.00,6.21,80.00,0.00
O-002175,2025-03-25,S-04,หน้าร้าน,P-103,3,135.00,0.00,135.00,8.83,0.00,0.00
O-002176,2025-03-26,S-05,หน้าร้าน,P-203,1,75.00,3.75,71.25,4.66,0.00,0.00
O-002177,2025-03-26,S-04,หน้าร้าน,P-201,2,190.00,9.50,180.50,11.81,0.00,0.00
O-002178,2025-03-26,S-04,หน้าร้าน,P-302,1,3890.00,778.00,3112.00,203.59,0.00,0.00
O-002179,2025-03-26,S-03,หน้าร้าน,P-302,3,11670.00,0.00,11670.00,763.46,0.00,0.00
O-002180,2025-03-26,S-90,ออนไลน์,P-201,1,95.00,19.00,76.00,4.97,0.00,0.00
O-002181,2025-03-26,S-01,หน้าร้าน,P-301,2,4900.00,0.00,4900.00,320.56,0.00,0.00
O-002182,2025-03-26,S-02,หน้าร้าน,P-203,2,150.00,7.50,142.50,9.32,0.00,0.00
O-002183,2025-03-26,S-06,หน้าร้าน,P-102,1,28.00,2.80,25.20,1.65,0.00,0.00
O-002184,2025-03-26,S-90,ออนไลน์,P-203,3,225.00,11.25,213.75,13.98,0.00,0.00
O-002185,2025-03-26,S-03,หน้าร้าน,P-203,1,75.00,7.50,67.50,4.42,0.00,0.00
O-002186,2025-03-26,S-90,ออนไลน์,P-302,1,3890.00,0.00,3890.00,254.49,0.00,0.00
O-002187,2025-03-26,S-06,หน้าร้าน,P-302,2,7780.00,778.00,7002.00,458.07,0.00,0.00
O-002188,2025-03-26,S-01,หน้าร้าน,P-302,1,3890.00,194.50,3695.50,241.76,0.00,0.00
O-002189,2025-03-26,S-05,หน้าร้าน,P-302,2,7780.00,1556.00,6224.00,407.18,0.00,0.00
O-002190,2025-03-26,S-90,ออนไลน์,P-201,2,190.00,0.00,190.00,12.43,50.00,0.00
O-002191,2025-03-26,S-05,หน้าร้าน,P-301,2,4900.00,0.00,4900.00,320.56,0.00,0.00
O-002192,2025-03-26,S-04,หน้าร้าน,P-202,1,120.00,0.00,120.00,7.85,0.00,0.00
O-002193,2025-03-26,S-03,หน้าร้าน,P-302,2,7780.00,1556.00,6224.00,407.18,0.00,0.00
O-002194,2025-03-26,S-05,หน้าร้าน,P-102,3,84.00,0.00,84.00,5.50,0.00,0.00
O-002195,2025-03-26,S-04,หน้าร้าน,P-301,2,4900.00,245.00,4655.00,304.53,0.00,0.00
O-002196,2025-03-26,S-02,หน้าร้าน,P-102,1,28.00,0.00,28.00,1.83,0.00,0.00
O-002197,2025-03-26,S-01,หน้าร้าน,P-101,1,35.00,7.00,28.00,1.83,0.00,0.00
O-002198,2025-03-26,S-04,หน้าร้าน,P-203,2,150.00,30.00,120.00,7.85,0.00,0.00
O-002199,2025-03-26,S-06,หน้าร้าน,P-203,1,75.00,0.00,75.00,4.91,0.00,0.00
O-002200,2025-03-26,S-04,หน้าร้าน,P-202,2,240.00,0.00,240.00,15.70,0.00,0.00
O-002201,2025-03-26,S-01,หน้าร้าน,P-201,2,190.00,0.00,190.00,12.43,0.00,0.00
O-002202,2025-03-26,S-06,หน้าร้าน,P-101,3,105.00,5.25,99.75,6.53,0.00,0.00
O-002203,2025-03-26,S-05,หน้าร้าน,P-202,1,120.00,0.00,120.00,7.85,0.00,0.00
O-002204,2025-03-26,S-90,ออนไลน์,P-101,5,175.00,17.50,157.50,10.30,35.00,0.00
O-002205,2025-03-26,S-03,หน้าร้าน,P-102,2,56.00,5.60,50.40,3.30,0.00,0.00
O-002206,2025-03-26,S-04,หน้าร้าน,P-102,2,56.00,2.80,53.20,3.48,0.00,0.00
O-002207,2025-03-26,S-90,ออนไลน์,P-203,3,225.00,45.00,180.00,11.78,50.00,0.00
O-002208,2025-03-26,S-90,ออนไลน์,P-201,1,95.00,4.75,90.25,5.90,0.00,0.00
O-002209,2025-03-26,S-01,หน้าร้าน,P-202,2,240.00,0.00,240.00,15.70,0.00,0.00
O-002210,2025-03-27,S-03,หน้าร้าน,P-202,3,360.00,0.00,360.00,23.55,0.00,0.00
O-002211,2025-03-27,S-03,หน้าร้าน,P-302,5,19450.00,0.00,19450.00,1272.43,0.00,0.00
O-002212,2025-03-27,S-04,หน้าร้าน,P-202,3,360.00,18.00,342.00,22.37,0.00,0.00
O-002213,2025-03-27,S-01,หน้าร้าน,P-103,2,90.00,18.00,72.00,4.71,0.00,0.00
O-002214,2025-03-27,S-01,หน้าร้าน,P-102,2,56.00,11.20,44.80,2.93,0.00,0.00
O-002215,2025-03-27,S-06,หน้าร้าน,P-102,1,28.00,5.60,22.40,1.47,0.00,0.00
O-002216,2025-03-27,S-01,หน้าร้าน,P-102,1,28.00,0.00,28.00,1.83,0.00,0.00
O-002217,2025-03-27,S-05,หน้าร้าน,P-201,2,190.00,38.00,152.00,9.94,0.00,0.00
O-002218,2025-03-27,S-05,หน้าร้าน,P-103,3,135.00,27.00,108.00,7.07,0.00,0.00
O-002219,2025-03-27,S-01,หน้าร้าน,P-102,5,140.00,0.00,140.00,9.16,0.00,0.00
O-002220,2025-03-27,S-04,หน้าร้าน,P-102,3,84.00,0.00,84.00,5.50,0.00,0.00
O-002221,2025-03-27,S-06,หน้าร้าน,P-203,1,75.00,7.50,67.50,4.42,0.00,0.00
O-002222,2025-03-27,S-01,หน้าร้าน,P-101,2,70.00,3.50,66.50,4.35,0.00,0.00
O-002223,2025-03-27,S-06,หน้าร้าน,P-101,1,35.00,7.00,28.00,1.83,0.00,0.00
O-002224,2025-03-27,S-01,หน้าร้าน,P-202,2,240.00,24.00,216.00,14.13,0.00,0.00
O-002225,2025-03-27,S-05,หน้าร้าน,P-201,1,95.00,0.00,95.00,6.21,0.00,0.00
O-002226,2025-03-27,S-01,หน้าร้าน,P-302,1,3890.00,194.50,3695.50,241.76,0.00,0.00
O-002227,2025-03-27,S-04,หน้าร้าน,P-202,1,120.00,0.00,120.00,7.85,0.00,0.00
O-002228,2025-03-27,S-04,หน้าร้าน,P-102,3,84.00,8.40,75.60,4.95,0.00,75.60
O-002229,2025-03-27,S-02,หน้าร้าน,P-201,1,95.00,0.00,95.00,6.21,0.00,0.00
O-002230,2025-03-27,S-90,ออนไลน์,P-101,1,35.00,3.50,31.50,2.06,50.00,0.00
O-002231,2025-03-27,S-05,หน้าร้าน,P-201,2,190.00,19.00,171.00,11.19,0.00,0.00
O-002232,2025-03-27,S-04,หน้าร้าน,P-103,1,45.00,0.00,45.00,2.94,0.00,0.00
O-002233,2025-03-27,S-06,หน้าร้าน,P-201,1,95.00,4.75,90.25,5.90,0.00,0.00
O-002234,2025-03-27,S-03,หน้าร้าน,P-102,1,28.00,0.00,28.00,1.83,0.00,0.00
O-002235,2025-03-27,S-04,หน้าร้าน,P-301,3,7350.00,0.00,7350.00,480.84,0.00,0.00
O-002236,2025-03-27,S-03,หน้าร้าน,P-203,1,75.00,7.50,67.50,4.42,0.00,0.00
O-002237,2025-03-27,S-05,หน้าร้าน,P-203,1,75.00,7.50,67.50,4.42,0.00,0.00
O-002238,2025-03-27,S-02,หน้าร้าน,P-103,2,90.00,9.00,81.00,5.30,0.00,0.00
O-002239,2025-03-27,S-01,หน้าร้าน,P-302,1,3890.00,0.00,3890.00,254.49,0.00,0.00
O-002240,2025-03-27,S-06,หน้าร้าน,P-302,3,11670.00,2334.00,9336.00,610.77,0.00,0.00
O-002241,2025-03-28,S-02,หน้าร้าน,P-302,2,7780.00,389.00,7391.00,483.52,0.00,0.00
O-002242,2025-03-28,S-02,หน้าร้าน,P-203,1,75.00,15.00,60.00,3.93,0.00,0.00
O-002243,2025-03-28,S-90,ออนไลน์,P-203,3,225.00,11.25,213.75,13.98,50.00,0.00
O-002244,2025-03-28,S-01,หน้าร้าน,P-301,3,7350.00,367.50,6982.50,456.80,0.00,0.00
O-002245,2025-03-28,S-04,หน้าร้าน,P-102,1,28.00,2.80,25.20,1.65,0.00,0.00
O-002246,2025-03-28,S-90,ออนไลน์,P-103,1,45.00,4.50,40.50,2.65,35.00,0.00
O-002247,2025-03-28,S-90,ออนไลน์,P-203,1,75.00,7.50,67.50,4.42,0.00,0.00
O-002248,2025-03-28,S-03,หน้าร้าน,P-202,3,360.00,0.00,360.00,23.55,0.00,0.00
O-002249,2025-03-28,S-04,หน้าร้าน,P-202,1,120.00,24.00,96.00,6.28,0.00,0.00
O-002250,2025-03-28,S-04,หน้าร้าน,P-102,1,28.00,5.60,22.40,1.47,0.00,0.00
O-002251,2025-03-28,S-01,หน้าร้าน,P-103,1,45.00,9.00,36.00,2.36,0.00,0.00
O-002252,2025-03-28,S-06,หน้าร้าน,P-102,1,28.00,5.60,22.40,1.47,0.00,0.00
O-002253,2025-03-28,S-01,หน้าร้าน,P-102,1,28.00,2.80,25.20,1.65,0.00,25.20
O-002254,2025-03-28,S-01,หน้าร้าน,P-202,1,120.00,6.00,114.00,7.46,0.00,0.00
O-002255,2025-03-28,S-03,หน้าร้าน,P-101,5,175.00,35.00,140.00,9.16,0.00,0.00
O-002256,2025-03-28,S-06,หน้าร้าน,P-103,2,90.00,18.00,72.00,4.71,0.00,0.00
O-002257,2025-03-28,S-06,หน้าร้าน,P-202,2,240.00,12.00,228.00,14.92,0.00,0.00
O-002258,2025-03-28,S-03,หน้าร้าน,P-203,2,150.00,7.50,142.50,9.32,0.00,142.50
O-002259,2025-03-28,S-04,หน้าร้าน,P-302,2,7780.00,389.00,7391.00,483.52,0.00,0.00
O-002260,2025-03-28,S-05,หน้าร้าน,P-301,2,4900.00,0.00,4900.00,320.56,0.00,0.00
O-002261,2025-03-28,S-90,ออนไลน์,P-101,1,35.00,0.00,35.00,2.29,35.00,0.00
O-002262,2025-03-28,S-04,หน้าร้าน,P-201,1,95.00,4.75,90.25,5.90,0.00,0.00
O-002263,2025-03-28,S-01,หน้าร้าน,P-202,1,120.00,0.00,120.00,7.85,0.00,0.00
O-002264,2025-03-28,S-01,หน้าร้าน,P-103,3,135.00,27.00,108.00,7.07,0.00,0.00
O-002265,2025-03-28,S-03,หน้าร้าน,P-201,1,95.00,0.00,95.00,6.21,0.00,0.00
O-002266,2025-03-28,S-01,หน้าร้าน,P-102,1,28.00,0.00,28.00,1.83,0.00,28.00
O-002267,2025-03-28,S-01,หน้าร้าน,P-302,1,3890.00,389.00,3501.00,229.04,0.00,0.00
O-002268,2025-03-28,S-02,หน้าร้าน,P-101,1,35.00,0.00,35.00,2.29,0.00,0.00
O-002269,2025-03-28,S-02,หน้าร้าน,P-201,3,285.00,57.00,228.00,14.92,0.00,0.00
O-002270,2025-03-28,S-04,หน้าร้าน,P-103,2,90.00,0.00,90.00,5.89,0.00,0.00
O-002271,2025-03-28,S-04,หน้าร้าน,P-301,1,2450.00,0.00,2450.00,160.28,0.00,0.00
O-002272,2025-03-28,S-06,หน้าร้าน,P-201,2,190.00,9.50,180.50,11.81,0.00,0.00
O-002273,2025-03-28,S-01,หน้าร้าน,P-201,5,475.00,0.00,475.00,31.07,0.00,0.00
O-002274,2025-03-29,S-03,หน้าร้าน,P-103,1,45.00,0.00,45.00,2.94,0.00,0.00
O-002275,2025-03-29,S-05,หน้าร้าน,P-202,3,360.00,0.00,360.00,23.55,0.00,0.00
O-002276,2025-03-29,S-01,หน้าร้าน,P-302,2,7780.00,778.00,7002.00,458.07,0.00,0.00
O-002277,2025-03-29,S-90,ออนไลน์,P-203,3,225.00,0.00,225.00,14.72,50.00,0.00
O-002278,2025-03-29,S-04,หน้าร้าน,P-103,1,45.00,0.00,45.00,2.94,0.00,0.00
O-002279,2025-03-29,S-01,หน้าร้าน,P-203,3,225.00,0.00,225.00,14.72,0.00,0.00
O-002280,2025-03-29,S-04,หน้าร้าน,P-101,3,105.00,0.00,105.00,6.87,0.00,0.00
O-002281,2025-03-29,S-06,หน้าร้าน,P-302,1,3890.00,0.00,3890.00,254.49,0.00,0.00
O-002282,2025-03-29,S-05,หน้าร้าน,P-103,1,45.00,0.00,45.00,2.94,0.00,0.00
O-002283,2025-03-29,S-04,หน้าร้าน,P-201,2,190.00,0.00,190.00,12.43,0.00,0.00
O-002284,2025-03-29,S-90,ออนไลน์,P-301,1,2450.00,490.00,1960.00,128.22,35.00,0.00
O-002285,2025-03-29,S-01,หน้าร้าน,P-101,1,35.00,0.00,35.00,2.29,0.00,0.00
O-002286,2025-03-29,S-06,หน้าร้าน,P-101,1,35.00,0.00,35.00,2.29,0.00,0.00
O-002287,2025-03-29,S-05,หน้าร้าน,P-101,2,70.00,0.00,70.00,4.58,0.00,0.00
O-002288,2025-03-29,S-03,หน้าร้าน,P-103,1,45.00,0.00,45.00,2.94,0.00,0.00
O-002289,2025-03-29,S-04,หน้าร้าน,P-301,1,2450.00,0.00,2450.00,160.28,0.00,0.00
O-002290,2025-03-29,S-90,ออนไลน์,P-202,1,120.00,0.00,120.00,7.85,0.00,0.00
O-002291,2025-03-29,S-01,หน้าร้าน,P-101,1,35.00,0.00,35.00,2.29,0.00,0.00
O-002292,2025-03-29,S-01,หน้าร้าน,P-102,1,28.00,1.40,26.60,1.74,0.00,0.00
O-002293,2025-03-29,S-01,หน้าร้าน,P-102,1,28.00,2.80,25.20,1.65,0.00,0.00
O-002294,2025-03-29,S-03,หน้าร้าน,P-301,1,2450.00,0.00,2450.00,160.28,0.00,0.00
O-002295,2025-03-29,S-90,ออนไลน์,P-102,1,28.00,2.80,25.20,1.65,50.00,0.00
O-002296,2025-03-29,S-05,หน้าร้าน,P-101,2,70.00,14.00,56.00,3.66,0.00,0.00
O-002297,2025-03-29,S-01,หน้าร้าน,P-103,1,45.00,0.00,45.00,2.94,0.00,0.00
O-002298,2025-03-29,S-03,หน้าร้าน,P-301,1,2450.00,122.50,2327.50,152.27,0.00,0.00
O-002299,2025-03-29,S-02,หน้าร้าน,P-102,2,56.00,5.60,50.40,3.30,0.00,0.00
O-002300,2025-03-29,S-01,หน้าร้าน,P-203,2,150.00,15.00,135.00,8.83,0.00,0.00
O-002301,2025-03-29,S-04,หน้าร้าน,P-101,2,70.00,7.00,63.00,4.12,0.00,0.00
O-002302,2025-03-29,S-06,หน้าร้าน,P-301,1,2450.00,0.00,2450.00,160.28,0.00,0.00
O-002303,2025-03-29,S-01,หน้าร้าน,P-201,1,95.00,9.50,85.50,5.59,0.00,0.00
O-002304,2025-03-29,S-06,หน้าร้าน,P-302,2,7780.00,389.00,7391.00,483.52,0.00,0.00
O-002305,2025-03-29,S-02,หน้าร้าน,P-201,2,190.00,9.50,180.50,11.81,0.00,0.00
O-002306,2025-03-30,S-04,หน้าร้าน,P-103,1,45.00,0.00,45.00,2.94,0.00,0.00
O-002307,2025-03-30,S-01,หน้าร้าน,P-103,2,90.00,18.00,72.00,4.71,0.00,0.00
O-002308,2025-03-30,S-03,หน้าร้าน,P-202,3,360.00,36.00,324.00,21.20,0.00,0.00
O-002309,2025-03-30,S-06,หน้าร้าน,P-202,2,240.00,12.00,228.00,14.92,0.00,0.00
O-002310,2025-03-30,S-90,ออนไลน์,P-301,1,2450.00,0.00,2450.00,160.28,35.00,0.00
O-002311,2025-03-30,S-90,ออนไลน์,P-201,3,285.00,57.00,228.00,14.92,35.00,0.00
O-002312,2025-03-30,S-06,หน้าร้าน,P-302,2,7780.00,778.00,7002.00,458.07,0.00,0.00
O-002313,2025-03-30,S-90,ออนไลน์,P-301,2,4900.00,0.00,4900.00,320.56,0.00,0.00
O-002314,2025-03-30,S-03,หน้าร้าน,P-302,1,3890.00,389.00,3501.00,229.04,0.00,0.00
O-002315,2025-03-30,S-02,หน้าร้าน,P-302,1,3890.00,194.50,3695.50,241.76,0.00,0.00
O-002316,2025-03-30,S-02,หน้าร้าน,P-101,1,35.00,7.00,28.00,1.83,0.00,0.00
O-002317,2025-03-30,S-06,หน้าร้าน,P-201,1,95.00,9.50,85.50,5.59,0.00,0.00
O-002318,2025-03-30,S-03,หน้าร้าน,P-101,1,35.00,3.50,31.50,2.06,0.00,0.00
O-002319,2025-03-30,S-90,ออนไลน์,P-201,1,95.00,0.00,95.00,6.21,80.00,0.00
O-002320,2025-03-30,S-03,หน้าร้าน,P-203,1,75.00,7.50,67.50,4.42,0.00,0.00
O-002321,2025-03-30,S-05,หน้าร้าน,P-103,1,45.00,4.50,40.50,2.65,0.00,0.00
O-002322,2025-03-30,S-01,หน้าร้าน,P-102,1,28.00,1.40,26.60,1.74,0.00,0.00
O-002323,2025-03-30,S-04,หน้าร้าน,P-101,2,70.00,7.00,63.00,4.12,0.00,0.00
O-002324,2025-03-30,S-90,ออนไลน์,P-102,1,28.00,0.00,28.00,1.83,80.00,0.00
O-002325,2025-03-31,S-03,หน้าร้าน,P-302,1,3890.00,0.00,3890.00,254.49,0.00,0.00
O-002326,2025-03-31,S-05,หน้าร้าน,P-101,3,105.00,21.00,84.00,5.50,0.00,0.00
O-002327,2025-03-31,S-05,หน้าร้าน,P-202,1,120.00,0.00,120.00,7.85,0.00,0.00
O-002328,2025-03-31,S-06,หน้าร้าน,P-102,2,56.00,0.00,56.00,3.66,0.00,0.00
O-002329,2025-03-31,S-06,หน้าร้าน,P-302,1,3890.00,194.50,3695.50,241.76,0.00,0.00
O-002330,2025-03-31,S-90,ออนไลน์,P-203,1,75.00,3.75,71.25,4.66,0.00,0.00
O-002331,2025-03-31,S-90,ออนไลน์,P-202,1,120.00,6.00,114.00,7.46,35.00,0.00
O-002332,2025-03-31,S-02,หน้าร้าน,P-203,1,75.00,3.75,71.25,4.66,0.00,0.00
O-002333,2025-03-31,S-02,หน้าร้าน,P-302,1,3890.00,194.50,3695.50,241.76,0.00,0.00
O-002334,2025-03-31,S-02,หน้าร้าน,P-103,1,45.00,0.00,45.00,2.94,0.00,0.00
O-002335,2025-03-31,S-04,หน้าร้าน,P-102,2,56.00,11.20,44.80,2.93,0.00,0.00
O-002336,2025-03-31,S-06,หน้าร้าน,P-202,1,120.00,24.00,96.00,6.28,0.00,0.00
O-002337,2025-03-31,S-05,หน้าร้าน,P-302,2,7780.00,1556.00,6224.00,407.18,0.00,0.00
O-002338,2025-03-31,S-90,ออนไลน์,P-302,1,3890.00,778.00,3112.00,203.59,0.00,0.00
O-002339,2025-03-31,S-90,ออนไลน์,P-101,2,70.00,3.50,66.50,4.35,0.00,0.00
O-002340,2025-03-31,S-05,หน้าร้าน,P-302,1,3890.00,389.00,3501.00,229.04,0.00,0.00
O-002341,2025-03-31,S-03,หน้าร้าน,P-302,3,11670.00,2334.00,9336.00,610.77,0.00,0.00
O-002342,2025-03-31,S-06,หน้าร้าน,P-201,2,190.00,19.00,171.00,11.19,0.00,0.00
O-002343,2025-03-31,S-06,หน้าร้าน,P-102,1,28.00,5.60,22.40,1.47,0.00,0.00
O-002344,2025-03-31,S-03,หน้าร้าน,P-203,1,75.00,0.00,75.00,4.91,0.00,0.00
O-002345,2025-03-31,S-02,หน้าร้าน,P-102,1,28.00,1.40,26.60,1.74,0.00,0.00
O-002346,2025-03-31,S-90,ออนไลน์,P-203,3,225.00,11.25,213.75,13.98,0.00,0.00
O-002347,2025-03-31,S-04,หน้าร้าน,P-301,1,2450.00,0.00,2450.00,160.28,0.00,0.00
O-002348,2025-03-31,S-03,หน้าร้าน,P-202,2,240.00,24.00,216.00,14.13,0.00,0.00
O-002349,2025-03-31,S-06,หน้าร้าน,P-102,1,28.00,0.00,28.00,1.83,0.00,0.00
O-002350,2025-03-31,S-04,หน้าร้าน,P-301,3,7350.00,735.00,6615.00,432.76,0.00,0.00
O-002351,2025-03-31,S-01,หน้าร้าน,P-203,1,75.00,0.00,75.00,4.91,0.00,0.00
O-002352,2025-03-31,S-06,หน้าร้าน,P-202,1,120.00,0.00,120.00,7.85,0.00,0.00
O-002353,2025-03-31,S-02,หน้าร้าน,P-103,1,45.00,2.25,42.75,2.80,0.00,0.00
O-002354,2025-03-31,S-90,ออนไลน์,P-201,1,95.00,19.00,76.00,4.97,35.00,0.00
O-002355,2025-03-31,S-03,หน้าร้าน,P-203,1,75.00,15.00,60.00,3.93,0.00,0.00
O-002356,2025-03-31,S-05,หน้าร้าน,P-302,1,3890.00,194.50,3695.50,241.76,0.00,0.00
O-002357,2025-04-01,S-02,หน้าร้าน,P-201,5,475.00,0.00,475.00,31.07,0.00,0.00
O-002358,2025-04-01,S-06,หน้าร้าน,P-301,2,4900.00,980.00,3920.00,256.45,0.00,0.00
O-002359,2025-04-01,S-03,หน้าร้าน,P-202,5,600.00,60.00,540.00,35.33,0.00,0.00
O-002360,2025-04-01,S-05,หน้าร้าน,P-102,2,56.00,0.00,56.00,3.66,0.00,0.00
O-002361,2025-04-01,S-02,หน้าร้าน,P-101,5,175.00,35.00,140.00,9.16,0.00,0.00
O-002362,2025-04-01,S-02,หน้าร้าน,P-101,1,35.00,0.00,35.00,2.29,0.00,0.00
O-002363,2025-04-01,S-05,หน้าร้าน,P-301,2,4900.00,0.00,4900.00,320.56,0.00,0.00
O-002364,2025-04-01,S-90,ออนไลน์,P-302,2,7780.00,778.00,7002.00,458.07,0.00,0.00
O-002365,2025-04-01,S-02,หน้าร้าน,P-302,1,3890.00,0.00,3890.00,254.49,0.00,0.00
O-002366,2025-04-01,S-01,หน้าร้าน,P-302,5,19450.00,0.00,19450.00,1272.43,0.00,0.00
O-002367,2025-04-01,S-06,หน้าร้าน,P-301,2,4900.00,980.00,3920.00,256.45,0.00,0.00
O-002368,2025-04-01,S-90,ออนไลน์,P-102,3,84.00,0.00,84.00,5.50,80.00,0.00
O-002369,2025-04-01,S-90,ออนไลน์,P-202,1,120.00,0.00,120.00,7.85,50.00,0.00
O-002370,2025-04-01,S-90,ออนไลน์,P-202,5,600.00,120.00,480.00,31.40,0.00,0.00
O-002371,2025-04-01,S-02,หน้าร้าน,P-201,2,190.00,9.50,180.50,11.81,0.00,0.00
O-002372,2025-04-01,S-90,ออนไลน์,P-202,1,120.00,12.00,108.00,7.07,0.00,0.00
O-002373,2025-04-01,S-04,หน้าร้าน,P-102,2,56.00,0.00,56.00,3.66,0.00,0.00
O-002374,2025-04-01,S-03,หน้าร้าน,P-201,1,95.00,9.50,85.50,5.59,0.00,0.00
O-002375,2025-04-01,S-90,ออนไลน์,P-201,1,95.00,4.75,90.25,5.90,0.00,0.00
O-002376,2025-04-01,S-90,ออนไลน์,P-103,1,45.00,2.25,42.75,2.80,80.00,0.00
O-002377,2025-04-01,S-01,หน้าร้าน,P-301,1,2450.00,0.00,2450.00,160.28,0.00,0.00
O-002378,2025-04-01,S-05,หน้าร้าน,P-302,1,3890.00,0.00,3890.00,254.49,0.00,0.00
O-002379,2025-04-01,S-05,หน้าร้าน,P-203,1,75.00,7.50,67.50,4.42,0.00,0.00
O-002380,2025-04-01,S-03,หน้าร้าน,P-202,1,120.00,12.00,108.00,7.07,0.00,0.00
O-002381,2025-04-01,S-01,หน้าร้าน,P-203,3,225.00,22.50,202.50,13.25,0.00,0.00
O-002382,2025-04-01,S-03,หน้าร้าน,P-201,2,190.00,19.00,171.00,11.19,0.00,0.00
O-002383,2025-04-01,S-90,ออนไลน์,P-103,2,90.00,18.00,72.00,4.71,0.00,0.00
O-002384,2025-04-01,S-06,หน้าร้าน,P-202,2,240.00,24.00,216.00,14.13,0.00,0.00
O-002385,2025-04-01,S-05,หน้าร้าน,P-301,1,2450.00,490.00,1960.00,128.22,0.00,0.00
O-002386,2025-04-01,S-02,หน้าร้าน,P-203,2,150.00,0.00,150.00,9.81,0.00,0.00
O-002387,2025-04-01,S-05,หน้าร้าน,P-203,1,75.00,0.00,75.00,4.91,0.00,0.00
O-002388,2025-04-01,S-04,หน้าร้าน,P-101,5,175.00,0.00,175.00,11.45,0.00,0.00
O-002389,2025-04-01,S-05,หน้าร้าน,P-202,2,240.00,0.00,240.00,15.70,0.00,0.00
O-002390,2025-04-01,S-05,หน้าร้าน,P-201,1,95.00,0.00,95.00,6.21,0.00,0.00
O-002391,2025-04-02,S-02,หน้าร้าน,P-301,1,2450.00,122.50,2327.50,152.27,0.00,0.00
O-002392,2025-04-02,S-06,หน้าร้าน,P-201,1,95.00,0.00,95.00,6.21,0.00,0.00
O-002393,2025-04-02,S-02,หน้าร้าน,P-101,1,35.00,7.00,28.00,1.83,0.00,0.00
O-002394,2025-04-02,S-90,ออนไลน์,P-203,1,75.00,3.75,71.25,4.66,80.00,0.00
O-002395,2025-04-02,S-90,ออนไลน์,P-103,2,90.00,4.50,85.50,5.59,0.00,0.00
O-002396,2025-04-02,S-01,หน้าร้าน,P-203,1,75.00,3.75,71.25,4.66,0.00,0.00
O-002397,2025-04-02,S-04,หน้าร้าน,P-101,3,105.00,0.00,105.00,6.87,0.00,0.00
O-002398,2025-04-02,S-01,หน้าร้าน,P-201,1,95.00,9.50,85.50,5.59,0.00,0.00
O-002399,2025-04-02,S-02,หน้าร้าน,P-101,1,35.00,7.00,28.00,1.83,0.00,0.00
O-002400,2025-04-02,S-03,หน้าร้าน,P-301,1,2450.00,0.00,2450.00,160.28,0.00,0.00
O-002401,2025-04-02,S-05,หน้าร้าน,P-201,1,95.00,4.75,90.25,5.90,0.00,0.00
O-002402,2025-04-02,S-90,ออนไลน์,P-301,2,4900.00,490.00,4410.00,288.50,80.00,0.00
O-002403,2025-04-02,S-06,หน้าร้าน,P-103,1,45.00,4.50,40.50,2.65,0.00,0.00
O-002404,2025-04-02,S-04,หน้าร้าน,P-201,1,95.00,9.50,85.50,5.59,0.00,0.00
O-002405,2025-04-02,S-05,หน้าร้าน,P-201,2,190.00,0.00,190.00,12.43,0.00,0.00
O-002406,2025-04-02,S-90,ออนไลน์,P-101,1,35.00,0.00,35.00,2.29,0.00,0.00
O-002407,2025-04-02,S-01,หน้าร้าน,P-301,1,2450.00,122.50,2327.50,152.27,0.00,0.00
O-002408,2025-04-02,S-06,หน้าร้าน,P-302,1,3890.00,194.50,3695.50,241.76,0.00,0.00
O-002409,2025-04-02,S-05,หน้าร้าน,P-301,1,2450.00,0.00,2450.00,160.28,0.00,0.00
O-002410,2025-04-02,S-05,หน้าร้าน,P-301,1,2450.00,0.00,2450.00,160.28,0.00,0.00
O-002411,2025-04-02,S-04,หน้าร้าน,P-301,2,4900.00,490.00,4410.00,288.50,0.00,0.00
O-002412,2025-04-02,S-02,หน้าร้าน,P-101,3,105.00,5.25,99.75,6.53,0.00,0.00
O-002413,2025-04-03,S-02,หน้าร้าน,P-301,3,7350.00,0.00,7350.00,480.84,0.00,0.00
O-002414,2025-04-03,S-03,หน้าร้าน,P-101,1,35.00,1.75,33.25,2.18,0.00,0.00
O-002415,2025-04-03,S-06,หน้าร้าน,P-203,1,75.00,0.00,75.00,4.91,0.00,0.00
O-002416,2025-04-03,S-90,ออนไลน์,P-203,5,375.00,0.00,375.00,24.53,0.00,0.00
O-002417,2025-04-03,S-05,หน้าร้าน,P-302,1,3890.00,778.00,3112.00,203.59,0.00,0.00
O-002418,2025-04-03,S-03,หน้าร้าน,P-202,3,360.00,18.00,342.00,22.37,0.00,0.00
O-002419,2025-04-03,S-04,หน้าร้าน,P-302,1,3890.00,194.50,3695.50,241.76,0.00,0.00
O-002420,2025-04-03,S-04,หน้าร้าน,P-301,2,4900.00,245.00,4655.00,304.53,0.00,0.00
O-002421,2025-04-03,S-02,หน้าร้าน,P-301,3,7350.00,0.00,7350.00,480.84,0.00,0.00
O-002422,2025-04-03,S-04,หน้าร้าน,P-101,1,35.00,7.00,28.00,1.83,0.00,0.00
O-002423,2025-04-03,S-02,หน้าร้าน,P-201,1,95.00,9.50,85.50,5.59,0.00,0.00
O-002424,2025-04-03,S-06,หน้าร้าน,P-202,2,240.00,48.00,192.00,12.56,0.00,0.00
O-002425,2025-04-03,S-02,หน้าร้าน,P-203,1,75.00,7.50,67.50,4.42,0.00,0.00
O-002426,2025-04-03,S-03,หน้าร้าน,P-203,5,375.00,75.00,300.00,19.63,0.00,0.00
O-002427,2025-04-03,S-04,หน้าร้าน,P-203,1,75.00,7.50,67.50,4.42,0.00,0.00
O-002428,2025-04-03,S-02,หน้าร้าน,P-201,1,95.00,9.50,85.50,5.59,0.00,0.00
O-002429,2025-04-03,S-02,หน้าร้าน,P-202,3,360.00,36.00,324.00,21.20,0.00,0.00
O-002430,2025-04-03,S-06,หน้าร้าน,P-201,1,95.00,0.00,95.00,6.21,0.00,0.00
O-002431,2025-04-03,S-06,หน้าร้าน,P-201,1,95.00,9.50,85.50,5.59,0.00,0.00
O-002432,2025-04-03,S-04,หน้าร้าน,P-302,3,11670.00,1167.00,10503.00,687.11,0.00,0.00
O-002433,2025-04-03,S-03,หน้าร้าน,P-302,1,3890.00,194.50,3695.50,241.76,0.00,0.00
O-002434,2025-04-03,S-05,หน้าร้าน,P-101,2,70.00,14.00,56.00,3.66,0.00,0.00
O-002435,2025-04-03,S-05,หน้าร้าน,P-203,2,150.00,0.00,150.00,9.81,0.00,0.00
O-002436,2025-04-04,S-06,หน้าร้าน,P-201,2,190.00,38.00,152.00,9.94,0.00,0.00
O-002437,2025-04-04,S-01,หน้าร้าน,P-201,1,95.00,4.75,90.25,5.90,0.00,0.00
O-002438,2025-04-04,S-03,หน้าร้าน,P-301,2,4900.00,245.00,4655.00,304.53,0.00,0.00
O-002439,2025-04-04,S-06,หน้าร้าน,P-203,2,150.00,30.00,120.00,7.85,0.00,0.00
O-002440,2025-04-04,S-02,หน้าร้าน,P-202,3,360.00,0.00,360.00,23.55,0.00,0.00
O-002441,2025-04-04,S-06,หน้าร้าน,P-103,2,90.00,18.00,72.00,4.71,0.00,0.00
O-002442,2025-04-04,S-90,ออนไลน์,P-201,3,285.00,0.00,285.00,18.64,50.00,0.00
O-002443,2025-04-04,S-01,หน้าร้าน,P-301,1,2450.00,490.00,1960.00,128.22,0.00,0.00
O-002444,2025-04-04,S-03,หน้าร้าน,P-202,1,120.00,0.00,120.00,7.85,0.00,0.00
O-002445,2025-04-04,S-06,หน้าร้าน,P-203,2,150.00,30.00,120.00,7.85,0.00,0.00
O-002446,2025-04-04,S-04,หน้าร้าน,P-102,1,28.00,2.80,25.20,1.65,0.00,0.00
O-002447,2025-04-04,S-06,หน้าร้าน,P-203,1,75.00,3.75,71.25,4.66,0.00,0.00
O-002448,2025-04-04,S-01,หน้าร้าน,P-102,1,28.00,2.80,25.20,1.65,0.00,0.00
O-002449,2025-04-04,S-03,หน้าร้าน,P-103,1,45.00,4.50,40.50,2.65,0.00,0.00
O-002450,2025-04-04,S-04,หน้าร้าน,P-101,1,35.00,1.75,33.25,2.18,0.00,0.00
O-002451,2025-04-04,S-90,ออนไลน์,P-302,1,3890.00,0.00,3890.00,254.49,80.00,0.00
O-002452,2025-04-04,S-01,หน้าร้าน,P-102,1,28.00,0.00,28.00,1.83,0.00,0.00
O-002453,2025-04-04,S-90,ออนไลน์,P-201,3,285.00,57.00,228.00,14.92,50.00,0.00
O-002454,2025-04-04,S-04,หน้าร้าน,P-102,5,140.00,28.00,112.00,7.33,0.00,0.00
O-002455,2025-04-04,S-02,หน้าร้าน,P-103,2,90.00,9.00,81.00,5.30,0.00,0.00
O-002456,2025-04-04,S-01,หน้าร้าน,P-102,1,28.00,0.00,28.00,1.83,0.00,0.00
O-002457,2025-04-04,S-90,ออนไลน์,P-202,2,240.00,12.00,228.00,14.92,80.00,0.00
O-002458,2025-04-04,S-05,หน้าร้าน,P-301,1,2450.00,245.00,2205.00,144.25,0.00,0.00
O-002459,2025-04-04,S-03,หน้าร้าน,P-203,2,150.00,30.00,120.00,7.85,0.00,0.00
O-002460,2025-04-04,S-02,หน้าร้าน,P-201,3,285.00,57.00,228.00,14.92,0.00,0.00
O-002461,2025-04-04,S-03,หน้าร้าน,P-102,1,28.00,1.40,26.60,1.74,0.00,0.00
O-002462,2025-04-04,S-03,หน้าร้าน,P-203,3,225.00,22.50,202.50,13.25,0.00,0.00
O-002463,2025-04-04,S-06,หน้าร้าน,P-301,1,2450.00,490.00,1960.00,128.22,0.00,0.00
O-002464,2025-04-04,S-03,หน้าร้าน,P-102,1,28.00,5.60,22.40,1.47,0.00,0.00
O-002465,2025-04-04,S-06,หน้าร้าน,P-101,1,35.00,0.00,35.00,2.29,0.00,0.00
O-002466,2025-04-04,S-90,ออนไลน์,P-302,1,3890.00,0.00,3890.00,254.49,80.00,0.00
O-002467,2025-04-04,S-03,หน้าร้าน,P-201,2,190.00,9.50,180.50,11.81,0.00,0.00
O-002468,2025-04-04,S-05,หน้าร้าน,P-201,1,95.00,0.00,95.00,6.21,0.00,95.00
O-002469,2025-04-04,S-06,หน้าร้าน,P-101,2,70.00,14.00,56.00,3.66,0.00,0.00
O-002470,2025-04-05,S-03,หน้าร้าน,P-202,3,360.00,0.00,360.00,23.55,0.00,0.00
O-002471,2025-04-05,S-02,หน้าร้าน,P-103,2,90.00,0.00,90.00,5.89,0.00,0.00
O-002472,2025-04-05,S-06,หน้าร้าน,P-102,1,28.00,2.80,25.20,1.65,0.00,0.00
O-002473,2025-04-05,S-01,หน้าร้าน,P-203,5,375.00,0.00,375.00,24.53,0.00,0.00
O-002474,2025-04-05,S-01,หน้าร้าน,P-202,1,120.00,0.00,120.00,7.85,0.00,0.00
O-002475,2025-04-05,S-04,หน้าร้าน,P-203,1,75.00,0.00,75.00,4.91,0.00,0.00
O-002476,2025-04-05,S-03,หน้าร้าน,P-103,2,90.00,9.00,81.00,5.30,0.00,0.00
O-002477,2025-04-05,S-06,หน้าร้าน,P-301,2,4900.00,490.00,4410.00,288.50,0.00,0.00
O-002478,2025-04-05,S-02,หน้าร้าน,P-302,2,7780.00,0.00,7780.00,508.97,0.00,0.00
O-002479,2025-04-05,S-90,ออนไลน์,P-203,1,75.00,15.00,60.00,3.93,80.00,0.00
O-002480,2025-04-05,S-02,หน้าร้าน,P-203,1,75.00,15.00,60.00,3.93,0.00,0.00
O-002481,2025-04-05,S-06,หน้าร้าน,P-302,5,19450.00,3890.00,15560.00,1017.94,0.00,0.00
O-002482,2025-04-05,S-90,ออนไลน์,P-301,3,7350.00,735.00,6615.00,432.76,35.00,0.00
O-002483,2025-04-05,S-02,หน้าร้าน,P-203,2,150.00,0.00,150.00,9.81,0.00,0.00
O-002484,2025-04-05,S-90,ออนไลน์,P-201,1,95.00,4.75,90.25,5.90,50.00,0.00
O-002485,2025-04-05,S-05,หน้าร้าน,P-102,1,28.00,5.60,22.40,1.47,0.00,0.00
O-002486,2025-04-05,S-04,หน้าร้าน,P-301,1,2450.00,245.00,2205.00,144.25,0.00,0.00
O-002487,2025-04-05,S-90,ออนไลน์,P-103,2,90.00,9.00,81.00,5.30,50.00,0.00
O-002488,2025-04-05,S-01,หน้าร้าน,P-301,1,2450.00,490.00,1960.00,128.22,0.00,0.00
O-002489,2025-04-05,S-05,หน้าร้าน,P-203,1,75.00,15.00,60.00,3.93,0.00,0.00
O-002490,2025-04-06,S-03,หน้าร้าน,P-202,5,600.00,30.00,570.00,37.29,0.00,0.00
O-002491,2025-04-06,S-04,หน้าร้าน,P-103,2,90.00,9.00,81.00,5.30,0.00,0.00
O-002492,2025-04-06,S-90,ออนไลน์,P-101,1,35.00,3.50,31.50,2.06,50.00,0.00
O-002493,2025-04-06,S-02,หน้าร้าน,P-301,2,4900.00,0.00,4900.00,320.56,0.00,0.00
O-002494,2025-04-06,S-04,หน้าร้าน,P-103,1,45.00,0.00,45.00,2.94,0.00,0.00
O-002495,2025-04-06,S-05,หน้าร้าน,P-102,1,28.00,1.40,26.60,1.74,0.00,0.00
O-002496,2025-04-06,S-04,หน้าร้าน,P-101,2,70.00,0.00,70.00,4.58,0.00,0.00
O-002497,2025-04-06,S-02,หน้าร้าน,P-102,2,56.00,5.60,50.40,3.30,0.00,0.00
O-002498,2025-04-06,S-02,หน้าร้าน,P-201,1,95.00,9.50,85.50,5.59,0.00,0.00
O-002499,2025-04-06,S-90,ออนไลน์,P-301,3,7350.00,0.00,7350.00,480.84,35.00,0.00
O-002500,2025-04-06,S-03,หน้าร้าน,P-102,1,28.00,0.00,28.00,1.83,0.00,0.00
O-002501,2025-04-06,S-04,หน้าร้าน,P-103,1,45.00,0.00,45.00,2.94,0.00,0.00
O-002502,2025-04-06,S-01,หน้าร้าน,P-202,1,120.00,24.00,96.00,6.28,0.00,0.00
O-002503,2025-04-06,S-03,หน้าร้าน,P-301,2,4900.00,245.00,4655.00,304.53,0.00,0.00
O-002504,2025-04-06,S-05,หน้าร้าน,P-102,3,84.00,16.80,67.20,4.40,0.00,0.00
O-002505,2025-04-06,S-05,หน้าร้าน,P-203,5,375.00,0.00,375.00,24.53,0.00,0.00
O-002506,2025-04-06,S-06,หน้าร้าน,P-102,1,28.00,2.80,25.20,1.65,0.00,0.00
O-002507,2025-04-06,S-01,หน้าร้าน,P-302,1,3890.00,778.00,3112.00,203.59,0.00,0.00
O-002508,2025-04-06,S-04,หน้าร้าน,P-301,2,4900.00,0.00,4900.00,320.56,0.00,0.00
O-002509,2025-04-06,S-05,หน้าร้าน,P-202,1,120.00,0.00,120.00,7.85,0.00,0.00
O-002510,2025-04-06,S-06,หน้าร้าน,P-103,1,45.00,2.25,42.75,2.80,0.00,0.00
O-002511,2025-04-06,S-06,หน้าร้าน,P-302,1,3890.00,0.00,3890.00,254.49,0.00,0.00
O-002512,2025-04-06,S-04,หน้าร้าน,P-201,3,285.00,14.25,270.75,17.71,0.00,0.00
O-002513,2025-04-06,S-05,หน้าร้าน,P-302,1,3890.00,389.00,3501.00,229.04,0.00,0.00
O-002514,2025-04-06,S-06,หน้าร้าน,P-203,1,75.00,0.00,75.00,4.91,0.00,0.00
O-002515,2025-04-06,S-01,หน้าร้าน,P-201,1,95.00,0.00,95.00,6.21,0.00,0.00
O-002516,2025-04-06,S-90,ออนไลน์,P-203,1,75.00,15.00,60.00,3.93,50.00,0.00
O-002517,2025-04-07,S-01,หน้าร้าน,P-102,5,140.00,14.00,126.00,8.24,0.00,0.00
O-002518,2025-04-07,S-03,หน้าร้าน,P-101,1,35.00,0.00,35.00,2.29,0.00,0.00
O-002519,2025-04-07,S-03,หน้าร้าน,P-201,3,285.00,14.25,270.75,17.71,0.00,0.00
O-002520,2025-04-07,S-03,หน้าร้าน,P-101,1,35.00,7.00,28.00,1.83,0.00,0.00
O-002521,2025-04-07,S-04,หน้าร้าน,P-203,1,75.00,0.00,75.00,4.91,0.00,0.00
O-002522,2025-04-07,S-90,ออนไลน์,P-302,5,19450.00,3890.00,15560.00,1017.94,0.00,0.00
O-002523,2025-04-07,S-04,หน้าร้าน,P-301,1,2450.00,490.00,1960.00,128.22,0.00,0.00
O-002524,2025-04-07,S-01,หน้าร้าน,P-102,1,28.00,5.60,22.40,1.47,0.00,0.00
O-002525,2025-04-07,S-90,ออนไลน์,P-301,2,4900.00,980.00,3920.00,256.45,0.00,0.00
O-002526,2025-04-07,S-02,หน้าร้าน,P-302,1,3890.00,389.00,3501.00,229.04,0.00,0.00
O-002527,2025-04-07,S-90,ออนไลน์,P-101,1,35.00,0.00,35.00,2.29,0.00,0.00
O-002528,2025-04-07,S-03,หน้าร้าน,P-102,1,28.00,1.40,26.60,1.74,0.00,0.00
O-002529,2025-04-07,S-06,หน้าร้าน,P-301,1,2450.00,122.50,2327.50,152.27,0.00,0.00
O-002530,2025-04-07,S-02,หน้าร้าน,P-203,1,75.00,3.75,71.25,4.66,0.00,0.00
O-002531,2025-04-07,S-03,หน้าร้าน,P-301,2,4900.00,490.00,4410.00,288.50,0.00,0.00
O-002532,2025-04-07,S-03,หน้าร้าน,P-103,2,90.00,0.00,90.00,5.89,0.00,0.00
O-002533,2025-04-07,S-04,หน้าร้าน,P-201,2,190.00,0.00,190.00,12.43,0.00,0.00
O-002534,2025-04-07,S-06,หน้าร้าน,P-102,1,28.00,0.00,28.00,1.83,0.00,0.00
O-002535,2025-04-07,S-03,หน้าร้าน,P-203,2,150.00,15.00,135.00,8.83,0.00,0.00
O-002536,2025-04-07,S-06,หน้าร้าน,P-101,2,70.00,3.50,66.50,4.35,0.00,0.00
O-002537,2025-04-07,S-04,หน้าร้าน,P-203,1,75.00,3.75,71.25,4.66,0.00,0.00
O-002538,2025-04-07,S-05,หน้าร้าน,P-103,1,45.00,4.50,40.50,2.65,0.00,0.00
O-002539,2025-04-07,S-06,หน้าร้าน,P-201,2,190.00,38.00,152.00,9.94,0.00,0.00
O-002540,2025-04-07,S-01,หน้าร้าน,P-102,1,28.00,1.40,26.60,1.74,0.00,0.00
O-002541,2025-04-08,S-06,หน้าร้าน,P-103,1,45.00,0.00,45.00,2.94,0.00,0.00
O-002542,2025-04-08,S-03,หน้าร้าน,P-103,1,45.00,0.00,45.00,2.94,0.00,0.00
O-002543,2025-04-08,S-90,ออนไลน์,P-202,1,120.00,24.00,96.00,6.28,80.00,0.00
O-002544,2025-04-08,S-03,หน้าร้าน,P-103,3,135.00,27.00,108.00,7.07,0.00,0.00
O-002545,2025-04-08,S-04,หน้าร้าน,P-301,1,2450.00,245.00,2205.00,144.25,0.00,0.00
O-002546,2025-04-08,S-04,หน้าร้าน,P-203,1,75.00,3.75,71.25,4.66,0.00,0.00
O-002547,2025-04-08,S-03,หน้าร้าน,P-203,1,75.00,0.00,75.00,4.91,0.00,0.00
O-002548,2025-04-08,S-90,ออนไลน์,P-301,3,7350.00,0.00,7350.00,480.84,50.00,0.00
O-002549,2025-04-08,S-04,หน้าร้าน,P-102,1,28.00,1.40,26.60,1.74,0.00,0.00
O-002550,2025-04-08,S-90,ออนไลน์,P-302,1,3890.00,0.00,3890.00,254.49,0.00,0.00
O-002551,2025-04-08,S-04,หน้าร้าน,P-102,1,28.00,1.40,26.60,1.74,0.00,0.00
O-002552,2025-04-08,S-90,ออนไลน์,P-103,2,90.00,0.00,90.00,5.89,35.00,0.00
O-002553,2025-04-08,S-06,หน้าร้าน,P-101,3,105.00,5.25,99.75,6.53,0.00,0.00
O-002554,2025-04-08,S-06,หน้าร้าน,P-101,1,35.00,3.50,31.50,2.06,0.00,0.00
O-002555,2025-04-08,S-01,หน้าร้าน,P-103,1,45.00,0.00,45.00,2.94,0.00,0.00
O-002556,2025-04-08,S-04,หน้าร้าน,P-302,1,3890.00,0.00,3890.00,254.49,0.00,0.00
O-002557,2025-04-08,S-01,หน้าร้าน,P-102,3,84.00,0.00,84.00,5.50,0.00,0.00
O-002558,2025-04-08,S-90,ออนไลน์,P-301,3,7350.00,1470.00,5880.00,384.67,50.00,0.00
O-002559,2025-04-08,S-05,หน้าร้าน,P-203,1,75.00,3.75,71.25,4.66,0.00,0.00
O-002560,2025-04-08,S-90,ออนไลน์,P-103,2,90.00,0.00,90.00,5.89,50.00,0.00
O-002561,2025-04-08,S-04,หน้าร้าน,P-203,2,150.00,0.00,150.00,9.81,0.00,0.00
O-002562,2025-04-08,S-06,หน้าร้าน,P-101,1,35.00,0.00,35.00,2.29,0.00,0.00
O-002563,2025-04-08,S-03,หน้าร้าน,P-302,1,3890.00,0.00,3890.00,254.49,0.00,0.00
O-002564,2025-04-08,S-90,ออนไลน์,P-202,3,360.00,0.00,360.00,23.55,35.00,0.00
O-002565,2025-04-08,S-06,หน้าร้าน,P-101,2,70.00,7.00,63.00,4.12,0.00,0.00
O-002566,2025-04-08,S-05,หน้าร้าน,P-301,1,2450.00,122.50,2327.50,152.27,0.00,0.00
O-002567,2025-04-08,S-04,หน้าร้าน,P-202,1,120.00,0.00,120.00,7.85,0.00,0.00
O-002568,2025-04-08,S-01,หน้าร้าน,P-201,2,190.00,0.00,190.00,12.43,0.00,0.00
O-002569,2025-04-08,S-90,ออนไลน์,P-103,2,90.00,0.00,90.00,5.89,50.00,0.00
O-002570,2025-04-08,S-90,ออนไลน์,P-103,1,45.00,2.25,42.75,2.80,80.00,0.00
O-002571,2025-04-08,S-04,หน้าร้าน,P-203,5,375.00,0.00,375.00,24.53,0.00,0.00
O-002572,2025-04-08,S-90,ออนไลน์,P-203,2,150.00,0.00,150.00,9.81,80.00,0.00
O-002573,2025-04-08,S-01,หน้าร้าน,P-201,2,190.00,19.00,171.00,11.19,0.00,0.00
O-002574,2025-04-08,S-05,หน้าร้าน,P-201,3,285.00,0.00,285.00,18.64,0.00,0.00
O-002575,2025-04-09,S-04,หน้าร้าน,P-201,1,95.00,0.00,95.00,6.21,0.00,0.00
O-002576,2025-04-09,S-06,หน้าร้าน,P-301,1,2450.00,490.00,1960.00,128.22,0.00,0.00
O-002577,2025-04-09,S-03,หน้าร้าน,P-201,1,95.00,19.00,76.00,4.97,0.00,0.00
O-002578,2025-04-09,S-04,หน้าร้าน,P-202,1,120.00,24.00,96.00,6.28,0.00,0.00
O-002579,2025-04-09,S-01,หน้าร้าน,P-103,2,90.00,0.00,90.00,5.89,0.00,0.00
O-002580,2025-04-09,S-02,หน้าร้าน,P-302,1,3890.00,194.50,3695.50,241.76,0.00,0.00
O-002581,2025-04-09,S-04,หน้าร้าน,P-201,1,95.00,0.00,95.00,6.21,0.00,0.00
O-002582,2025-04-09,S-04,หน้าร้าน,P-201,1,95.00,0.00,95.00,6.21,0.00,95.00
O-002583,2025-04-09,S-90,ออนไลน์,P-101,2,70.00,0.00,70.00,4.58,0.00,0.00
O-002584,2025-04-09,S-02,หน้าร้าน,P-103,2,90.00,0.00,90.00,5.89,0.00,0.00
O-002585,2025-04-09,S-01,หน้าร้าน,P-301,1,2450.00,122.50,2327.50,152.27,0.00,0.00
O-002586,2025-04-09,S-06,หน้าร้าน,P-202,1,120.00,6.00,114.00,7.46,0.00,0.00
O-002587,2025-04-09,S-03,หน้าร้าน,P-301,1,2450.00,0.00,2450.00,160.28,0.00,2450.00
O-002588,2025-04-09,S-04,หน้าร้าน,P-101,2,70.00,3.50,66.50,4.35,0.00,0.00
O-002589,2025-04-09,S-01,หน้าร้าน,P-201,1,95.00,9.50,85.50,5.59,0.00,0.00
O-002590,2025-04-09,S-03,หน้าร้าน,P-101,1,35.00,1.75,33.25,2.18,0.00,0.00
O-002591,2025-04-09,S-02,หน้าร้าน,P-201,1,95.00,0.00,95.00,6.21,0.00,0.00
O-002592,2025-04-09,S-04,หน้าร้าน,P-203,1,75.00,0.00,75.00,4.91,0.00,0.00
O-002593,2025-04-09,S-90,ออนไลน์,P-302,1,3890.00,0.00,3890.00,254.49,50.00,0.00
O-002594,2025-04-09,S-05,หน้าร้าน,P-301,3,7350.00,367.50,6982.50,456.80,0.00,0.00
O-002595,2025-04-09,S-06,หน้าร้าน,P-201,1,95.00,4.75,90.25,5.90,0.00,0.00
O-002596,2025-04-09,S-03,หน้าร้าน,P-102,2,56.00,2.80,53.20,3.48,0.00,0.00
O-002597,2025-04-09,S-01,หน้าร้าน,P-101,3,105.00,10.50,94.50,6.18,0.00,0.00
O-002598,2025-04-09,S-03,หน้าร้าน,P-201,1,95.00,19.00,76.00,4.97,0.00,0.00
O-002599,2025-04-09,S-04,หน้าร้าน,P-202,1,120.00,0.00,120.00,7.85,0.00,0.00
O-002600,2025-04-09,S-01,หน้าร้าน,P-103,2,90.00,0.00,90.00,5.89,0.00,0.00
O-002601,2025-04-09,S-04,หน้าร้าน,P-201,3,285.00,0.00,285.00,18.64,0.00,0.00
O-002602,2025-04-09,S-06,หน้าร้าน,P-201,1,95.00,19.00,76.00,4.97,0.00,0.00
O-002603,2025-04-09,S-04,หน้าร้าน,P-103,1,45.00,2.25,42.75,2.80,0.00,0.00
O-002604,2025-04-09,S-02,หน้าร้าน,P-201,2,190.00,19.00,171.00,11.19,0.00,0.00
O-002605,2025-04-10,S-01,หน้าร้าน,P-202,1,120.00,0.00,120.00,7.85,0.00,0.00
O-002606,2025-04-10,S-04,หน้าร้าน,P-202,1,120.00,12.00,108.00,7.07,0.00,0.00
O-002607,2025-04-10,S-90,ออนไลน์,P-202,1,120.00,0.00,120.00,7.85,35.00,0.00
O-002608,2025-04-10,S-03,หน้าร้าน,P-202,1,120.00,12.00,108.00,7.07,0.00,0.00
O-002609,2025-04-10,S-06,หน้าร้าน,P-102,1,28.00,1.40,26.60,1.74,0.00,0.00
O-002610,2025-04-10,S-04,หน้าร้าน,P-102,1,28.00,0.00,28.00,1.83,0.00,0.00
O-002611,2025-04-10,S-90,ออนไลน์,P-103,1,45.00,2.25,42.75,2.80,0.00,0.00
O-002612,2025-04-10,S-90,ออนไลน์,P-203,1,75.00,15.00,60.00,3.93,0.00,0.00
O-002613,2025-04-10,S-90,ออนไลน์,P-301,1,2450.00,0.00,2450.00,160.28,0.00,0.00
O-002614,2025-04-10,S-04,หน้าร้าน,P-102,2,56.00,0.00,56.00,3.66,0.00,0.00
O-002615,2025-04-10,S-01,หน้าร้าน,P-201,3,285.00,14.25,270.75,17.71,0.00,0.00
O-002616,2025-04-10,S-02,หน้าร้าน,P-202,1,120.00,0.00,120.00,7.85,0.00,0.00
O-002617,2025-04-10,S-05,หน้าร้าน,P-101,2,70.00,7.00,63.00,4.12,0.00,0.00
O-002618,2025-04-10,S-02,หน้าร้าน,P-203,1,75.00,3.75,71.25,4.66,0.00,0.00
O-002619,2025-04-10,S-02,หน้าร้าน,P-302,2,7780.00,0.00,7780.00,508.97,0.00,0.00
O-002620,2025-04-10,S-90,ออนไลน์,P-302,1,3890.00,0.00,3890.00,254.49,80.00,0.00
O-002621,2025-04-10,S-90,ออนไลน์,P-302,1,3890.00,778.00,3112.00,203.59,0.00,0.00
O-002622,2025-04-10,S-06,หน้าร้าน,P-102,1,28.00,2.80,25.20,1.65,0.00,0.00
O-002623,2025-04-10,S-03,หน้าร้าน,P-103,1,45.00,4.50,40.50,2.65,0.00,0.00
O-002624,2025-04-10,S-01,หน้าร้าน,P-302,3,11670.00,583.50,11086.50,725.29,0.00,0.00
O-002625,2025-04-10,S-04,หน้าร้าน,P-302,1,3890.00,389.00,3501.00,229.04,0.00,0.00
O-002626,2025-04-10,S-90,ออนไลน์,P-203,3,225.00,0.00,225.00,14.72,80.00,0.00
O-002627,2025-04-10,S-01,หน้าร้าน,P-101,1,35.00,3.50,31.50,2.06,0.00,0.00
O-002628,2025-04-10,S-06,หน้าร้าน,P-202,2,240.00,48.00,192.00,12.56,0.00,0.00
O-002629,2025-04-10,S-03,หน้าร้าน,P-202,1,120.00,24.00,96.00,6.28,0.00,0.00
O-002630,2025-04-10,S-06,หน้าร้าน,P-301,2,4900.00,245.00,4655.00,304.53,0.00,0.00
O-002631,2025-04-10,S-01,หน้าร้าน,P-101,1,35.00,0.00,35.00,2.29,0.00,0.00
O-002632,2025-04-10,S-06,หน้าร้าน,P-103,1,45.00,0.00,45.00,2.94,0.00,0.00
O-002633,2025-04-10,S-05,หน้าร้าน,P-102,1,28.00,0.00,28.00,1.83,0.00,0.00
O-002634,2025-04-10,S-02,หน้าร้าน,P-302,1,3890.00,194.50,3695.50,241.76,0.00,0.00
O-002635,2025-04-10,S-03,หน้าร้าน,P-102,1,28.00,1.40,26.60,1.74,0.00,0.00
O-002636,2025-04-10,S-03,หน้าร้าน,P-301,1,2450.00,245.00,2205.00,144.25,0.00,0.00
O-002637,2025-04-11,S-02,หน้าร้าน,P-103,2,90.00,0.00,90.00,5.89,0.00,0.00
O-002638,2025-04-11,S-06,หน้าร้าน,P-102,3,84.00,4.20,79.80,5.22,0.00,0.00
O-002639,2025-04-11,S-04,หน้าร้าน,P-103,1,45.00,0.00,45.00,2.94,0.00,0.00
O-002640,2025-04-11,S-90,ออนไลน์,P-301,1,2450.00,0.00,2450.00,160.28,0.00,0.00
O-002641,2025-04-11,S-90,ออนไลน์,P-102,1,28.00,5.60,22.40,1.47,80.00,0.00
O-002642,2025-04-11,S-01,หน้าร้าน,P-202,1,120.00,0.00,120.00,7.85,0.00,0.00
O-002643,2025-04-11,S-05,หน้าร้าน,P-101,1,35.00,7.00,28.00,1.83,0.00,0.00
O-002644,2025-04-11,S-90,ออนไลน์,P-201,1,95.00,19.00,76.00,4.97,50.00,0.00
O-002645,2025-04-11,S-05,หน้าร้าน,P-102,2,56.00,2.80,53.20,3.48,0.00,0.00
O-002646,2025-04-11,S-03,หน้าร้าน,P-203,1,75.00,7.50,67.50,4.42,0.00,0.00
O-002647,2025-04-11,S-06,หน้าร้าน,P-102,2,56.00,2.80,53.20,3.48,0.00,0.00
O-002648,2025-04-11,S-06,หน้าร้าน,P-201,1,95.00,4.75,90.25,5.90,0.00,0.00
O-002649,2025-04-11,S-06,หน้าร้าน,P-102,2,56.00,2.80,53.20,3.48,0.00,0.00
O-002650,2025-04-11,S-04,หน้าร้าน,P-301,3,7350.00,0.00,7350.00,480.84,0.00,0.00
O-002651,2025-04-11,S-90,ออนไลน์,P-101,2,70.00,0.00,70.00,4.58,35.00,0.00
O-002652,2025-04-11,S-02,หน้าร้าน,P-203,1,75.00,0.00,75.00,4.91,0.00,0.00
O-002653,2025-04-11,S-05,หน้าร้าน,P-102,2,56.00,5.60,50.40,3.30,0.00,0.00
O-002654,2025-04-11,S-02,หน้าร้าน,P-302,3,11670.00,1167.00,10503.00,687.11,0.00,0.00
O-002655,2025-04-11,S-03,หน้าร้าน,P-203,1,75.00,0.00,75.00,4.91,0.00,0.00
O-002656,2025-04-11,S-90,ออนไลน์,P-301,1,2450.00,490.00,1960.00,128.22,50.00,0.00
O-002657,2025-04-11,S-90,ออนไลน์,P-102,1,28.00,2.80,25.20,1.65,0.00,0.00
O-002658,2025-04-11,S-05,หน้าร้าน,P-103,1,45.00,0.00,45.00,2.94,0.00,0.00
O-002659,2025-04-12,S-04,หน้าร้าน,P-201,2,190.00,19.00,171.00,11.19,0.00,0.00
O-002660,2025-04-12,S-01,หน้าร้าน,P-201,2,190.00,38.00,152.00,9.94,0.00,0.00
O-002661,2025-04-12,S-02,หน้าร้าน,P-201,1,95.00,19.00,76.00,4.97,0.00,0.00
O-002662,2025-04-12,S-03,หน้าร้าน,P-202,3,360.00,0.00,360.00,23.55,0.00,0.00
O-002663,2025-04-12,S-06,หน้าร้าน,P-103,1,45.00,2.25,42.75,2.80,0.00,0.00
O-002664,2025-04-12,S-01,หน้าร้าน,P-101,2,70.00,0.00,70.00,4.58,0.00,0.00
O-002665,2025-04-12,S-06,หน้าร้าน,P-201,1,95.00,19.00,76.00,4.97,0.00,0.00
O-002666,2025-04-12,S-01,หน้าร้าน,P-301,5,12250.00,0.00,12250.00,801.40,0.00,0.00
O-002667,2025-04-12,S-05,หน้าร้าน,P-201,1,95.00,19.00,76.00,4.97,0.00,0.00
O-002668,2025-04-12,S-02,หน้าร้าน,P-103,1,45.00,0.00,45.00,2.94,0.00,0.00
O-002669,2025-04-12,S-04,หน้าร้าน,P-203,2,150.00,0.00,150.00,9.81,0.00,0.00
O-002670,2025-04-12,S-03,หน้าร้าน,P-201,5,475.00,0.00,475.00,31.07,0.00,0.00
O-002671,2025-04-12,S-01,หน้าร้าน,P-102,3,84.00,16.80,67.20,4.40,0.00,0.00
O-002672,2025-04-12,S-05,หน้าร้าน,P-302,1,3890.00,194.50,3695.50,241.76,0.00,0.00
O-002673,2025-04-12,S-90,ออนไลน์,P-101,1,35.00,0.00,35.00,2.29,80.00,0.00
O-002674,2025-04-12,S-90,ออนไลน์,P-101,1,35.00,7.00,28.00,1.83,35.00,0.00
O-002675,2025-04-12,S-04,หน้าร้าน,P-103,2,90.00,0.00,90.00,5.89,0.00,0.00
O-002676,2025-04-12,S-04,หน้าร้าน,P-201,1,95.00,0.00,95.00,6.21,0.00,0.00
O-002677,2025-04-13,S-03,หน้าร้าน,P-201,2,190.00,9.50,180.50,11.81,0.00,0.00
O-002678,2025-04-13,S-02,หน้าร้าน,P-301,1,2450.00,490.00,1960.00,128.22,0.00,0.00
O-002679,2025-04-13,S-03,หน้าร้าน,P-101,1,35.00,0.00,35.00,2.29,0.00,0.00
O-002680,2025-04-13,S-90,ออนไลน์,P-102,1,28.00,1.40,26.60,1.74,35.00,0.00
O-002681,2025-04-13,S-01,หน้าร้าน,P-301,3,7350.00,735.00,6615.00,432.76,0.00,0.00
O-002682,2025-04-13,S-90,ออนไลน์,P-301,1,2450.00,122.50,2327.50,152.27,35.00,0.00
O-002683,2025-04-13,S-06,หน้าร้าน,P-202,1,120.00,6.00,114.00,7.46,0.00,0.00
O-002684,2025-04-13,S-04,หน้าร้าน,P-201,1,95.00,0.00,95.00,6.21,0.00,0.00
O-002685,2025-04-13,S-02,หน้าร้าน,P-101,3,105.00,5.25,99.75,6.53,0.00,0.00
O-002686,2025-04-13,S-90,ออนไลน์,P-103,1,45.00,4.50,40.50,2.65,0.00,0.00
O-002687,2025-04-13,S-05,หน้าร้าน,P-302,1,3890.00,194.50,3695.50,241.76,0.00,0.00
O-002688,2025-04-13,S-05,หน้าร้าน,P-101,3,105.00,0.00,105.00,6.87,0.00,0.00
O-002689,2025-04-13,S-03,หน้าร้าน,P-201,1,95.00,9.50,85.50,5.59,0.00,0.00
O-002690,2025-04-13,S-03,หน้าร้าน,P-101,1,35.00,1.75,33.25,2.18,0.00,0.00
O-002691,2025-04-13,S-90,ออนไลน์,P-302,2,7780.00,1556.00,6224.00,407.18,0.00,0.00
O-002692,2025-04-13,S-06,หน้าร้าน,P-103,1,45.00,4.50,40.50,2.65,0.00,0.00
O-002693,2025-04-13,S-01,หน้าร้าน,P-202,3,360.00,0.00,360.00,23.55,0.00,0.00
O-002694,2025-04-13,S-06,หน้าร้าน,P-302,1,3890.00,0.00,3890.00,254.49,0.00,0.00
O-002695,2025-04-13,S-02,หน้าร้าน,P-301,2,4900.00,0.00,4900.00,320.56,0.00,0.00
O-002696,2025-04-13,S-03,หน้าร้าน,P-101,1,35.00,1.75,33.25,2.18,0.00,0.00
O-002697,2025-04-13,S-05,หน้าร้าน,P-103,2,90.00,0.00,90.00,5.89,0.00,0.00
O-002698,2025-04-13,S-03,หน้าร้าน,P-102,1,28.00,2.80,25.20,1.65,0.00,0.00
O-002699,2025-04-13,S-05,หน้าร้าน,P-103,1,45.00,9.00,36.00,2.36,0.00,0.00
O-002700,2025-04-13,S-90,ออนไลน์,P-203,1,75.00,0.00,75.00,4.91,50.00,0.00
O-002701,2025-04-13,S-04,หน้าร้าน,P-101,1,35.00,7.00,28.00,1.83,0.00,0.00
O-002702,2025-04-13,S-03,หน้าร้าน,P-101,1,35.00,1.75,33.25,2.18,0.00,0.00
O-002703,2025-04-13,S-02,หน้าร้าน,P-103,2,90.00,18.00,72.00,4.71,0.00,0.00
O-002704,2025-04-13,S-06,หน้าร้าน,P-201,1,95.00,0.00,95.00,6.21,0.00,0.00
O-002705,2025-04-13,S-03,หน้าร้าน,P-101,1,35.00,0.00,35.00,2.29,0.00,0.00
O-002706,2025-04-13,S-01,หน้าร้าน,P-201,1,95.00,0.00,95.00,6.21,0.00,0.00
O-002707,2025-04-13,S-02,หน้าร้าน,P-302,1,3890.00,778.00,3112.00,203.59,0.00,0.00
O-002708,2025-04-13,S-06,หน้าร้าน,P-103,1,45.00,0.00,45.00,2.94,0.00,0.00
O-002709,2025-04-14,S-04,หน้าร้าน,P-202,1,120.00,0.00,120.00,7.85,0.00,0.00
O-002710,2025-04-14,S-05,หน้าร้าน,P-302,1,3890.00,194.50,3695.50,241.76,0.00,0.00
O-002711,2025-04-14,S-90,ออนไลน์,P-302,1,3890.00,778.00,3112.00,203.59,0.00,0.00
O-002712,2025-04-14,S-90,ออนไลน์,P-302,1,3890.00,389.00,3501.00,229.04,50.00,0.00
O-002713,2025-04-14,S-05,หน้าร้าน,P-201,3,285.00,28.50,256.50,16.78,0.00,0.00
O-002714,2025-04-14,S-06,หน้าร้าน,P-301,1,2450.00,0.00,2450.00,160.28,0.00,0.00
O-002715,2025-04-14,S-90,ออนไลน์,P-301,2,4900.00,490.00,4410.00,288.50,0.00,0.00
O-002716,2025-04-14,S-90,ออนไลน์,P-101,2,70.00,0.00,70.00,4.58,80.00,0.00
O-002717,2025-04-14,S-06,หน้าร้าน,P-203,1,75.00,0.00,75.00,4.91,0.00,0.00
O-002718,2025-04-14,S-01,หน้าร้าน,P-102,2,56.00,5.60,50.40,3.30,0.00,0.00
O-002719,2025-04-14,S-90,ออนไลน์,P-102,2,56.00,0.00,56.00,3.66,0.00,0.00
O-002720,2025-04-14,S-02,หน้าร้าน,P-203,2,150.00,15.00,135.00,8.83,0.00,0.00
O-002721,2025-04-14,S-06,หน้าร้าน,P-103,2,90.00,0.00,90.00,5.89,0.00,0.00
O-002722,2025-04-14,S-03,หน้าร้าน,P-202,3,360.00,0.00,360.00,23.55,0.00,0.00
O-002723,2025-04-14,S-06,หน้าร้าน,P-203,1,75.00,7.50,67.50,4.42,0.00,0.00
O-002724,2025-04-14,S-03,หน้าร้าน,P-203,1,75.00,3.75,71.25,4.66,0.00,0.00
O-002725,2025-04-14,S-90,ออนไลน์,P-202,2,240.00,12.00,228.00,14.92,35.00,0.00
O-002726,2025-04-14,S-06,หน้าร้าน,P-201,5,475.00,23.75,451.25,29.52,0.00,0.00
O-002727,2025-04-14,S-06,หน้าร้าน,P-301,1,2450.00,0.00,2450.00,160.28,0.00,0.00
O-002728,2025-04-14,S-02,หน้าร้าน,P-103,1,45.00,9.00,36.00,2.36,0.00,0.00
O-002729,2025-04-14,S-03,หน้าร้าน,P-301,2,4900.00,980.00,3920.00,256.45,0.00,0.00
O-002730,2025-04-14,S-06,หน้าร้าน,P-103,1,45.00,4.50,40.50,2.65,0.00,0.00
O-002731,2025-04-14,S-05,หน้าร้าน,P-201,1,95.00,0.00,95.00,6.21,0.00,0.00
O-002732,2025-04-14,S-04,หน้าร้าน,P-103,1,45.00,2.25,42.75,2.80,0.00,0.00
O-002733,2025-04-14,S-04,หน้าร้าน,P-102,3,84.00,8.40,75.60,4.95,0.00,0.00
O-002734,2025-04-14,S-04,หน้าร้าน,P-301,1,2450.00,0.00,2450.00,160.28,0.00,0.00
O-002735,2025-04-14,S-04,หน้าร้าน,P-202,2,240.00,24.00,216.00,14.13,0.00,0.00
O-002736,2025-04-15,S-05,หน้าร้าน,P-203,1,75.00,3.75,71.25,4.66,0.00,0.00
O-002737,2025-04-15,S-03,หน้าร้าน,P-103,1,45.00,0.00,45.00,2.94,0.00,0.00
O-002738,2025-04-15,S-04,หน้าร้าน,P-102,2,56.00,5.60,50.40,3.30,0.00,0.00
O-002739,2025-04-15,S-03,หน้าร้าน,P-103,1,45.00,4.50,40.50,2.65,0.00,0.00
O-002740,2025-04-15,S-04,หน้าร้าน,P-101,2,70.00,3.50,66.50,4.35,0.00,0.00
O-002741,2025-04-15,S-06,หน้าร้าน,P-101,1,35.00,0.00,35.00,2.29,0.00,0.00
O-002742,2025-04-15,S-05,หน้าร้าน,P-301,1,2450.00,490.00,1960.00,128.22,0.00,0.00
O-002743,2025-04-15,S-05,หน้าร้าน,P-203,5,375.00,18.75,356.25,23.31,0.00,0.00
O-002744,2025-04-15,S-90,ออนไลน์,P-301,2,4900.00,490.00,4410.00,288.50,0.00,0.00
O-002745,2025-04-15,S-05,หน้าร้าน,P-301,1,2450.00,245.00,2205.00,144.25,0.00,0.00
O-002746,2025-04-15,S-04,หน้าร้าน,P-203,3,225.00,11.25,213.75,13.98,0.00,0.00
O-002747,2025-04-15,S-04,หน้าร้าน,P-203,1,75.00,7.50,67.50,4.42,0.00,0.00
O-002748,2025-04-15,S-02,หน้าร้าน,P-302,1,3890.00,389.00,3501.00,229.04,0.00,0.00
O-002749,2025-04-15,S-01,หน้าร้าน,P-101,1,35.00,7.00,28.00,1.83,0.00,0.00
O-002750,2025-04-15,S-06,หน้าร้าน,P-102,2,56.00,5.60,50.40,3.30,0.00,0.00
O-002751,2025-04-15,S-01,หน้าร้าน,P-102,1,28.00,0.00,28.00,1.83,0.00,0.00
O-002752,2025-04-15,S-90,ออนไลน์,P-301,1,2450.00,0.00,2450.00,160.28,0.00,0.00
O-002753,2025-04-15,S-01,หน้าร้าน,P-201,1,95.00,9.50,85.50,5.59,0.00,0.00
O-002754,2025-04-15,S-05,หน้าร้าน,P-101,1,35.00,0.00,35.00,2.29,0.00,0.00
O-002755,2025-04-15,S-02,หน้าร้าน,P-101,2,70.00,0.00,70.00,4.58,0.00,0.00
O-002756,2025-04-15,S-02,หน้าร้าน,P-103,1,45.00,0.00,45.00,2.94,0.00,0.00
O-002757,2025-04-16,S-01,หน้าร้าน,P-202,2,240.00,12.00,228.00,14.92,0.00,0.00
O-002758,2025-04-16,S-05,หน้าร้าน,P-202,2,240.00,48.00,192.00,12.56,0.00,0.00
O-002759,2025-04-16,S-02,หน้าร้าน,P-202,1,120.00,12.00,108.00,7.07,0.00,0.00
O-002760,2025-04-16,S-90,ออนไลน์,P-102,1,28.00,0.00,28.00,1.83,0.00,0.00
O-002761,2025-04-16,S-04,หน้าร้าน,P-302,1,3890.00,389.00,3501.00,229.04,0.00,0.00
O-002762,2025-04-16,S-03,หน้าร้าน,P-302,1,3890.00,0.00,3890.00,254.49,0.00,0.00
O-002763,2025-04-16,S-04,หน้าร้าน,P-203,1,75.00,0.00,75.00,4.91,0.00,0.00
O-002764,2025-04-16,S-04,หน้าร้าน,P-102,5,140.00,7.00,133.00,8.70,0.00,0.00
O-002765,2025-04-16,S-05,หน้าร้าน,P-302,1,3890.00,0.00,3890.00,254.49,0.00,0.00
O-002766,2025-04-16,S-04,หน้าร้าน,P-203,1,75.00,15.00,60.00,3.93,0.00,0.00
O-002767,2025-04-16,S-90,ออนไลน์,P-101,1,35.00,7.00,28.00,1.83,50.00,0.00
O-002768,2025-04-16,S-04,หน้าร้าน,P-103,5,225.00,0.00,225.00,14.72,0.00,0.00
O-002769,2025-04-16,S-01,หน้าร้าน,P-101,1,35.00,0.00,35.00,2.29,0.00,0.00
O-002770,2025-04-16,S-01,หน้าร้าน,P-102,2,56.00,11.20,44.80,2.93,0.00,0.00
O-002771,2025-04-16,S-04,หน้าร้าน,P-101,1,35.00,1.75,33.25,2.18,0.00,0.00
O-002772,2025-04-16,S-04,หน้าร้าน,P-301,1,2450.00,122.50,2327.50,152.27,0.00,0.00
O-002773,2025-04-16,S-01,หน้าร้าน,P-302,1,3890.00,0.00,3890.00,254.49,0.00,0.00
O-002774,2025-04-16,S-04,หน้าร้าน,P-103,1,45.00,2.25,42.75,2.80,0.00,0.00
O-002775,2025-04-16,S-05,หน้าร้าน,P-201,2,190.00,19.00,171.00,11.19,0.00,0.00
O-002776,2025-04-16,S-03,หน้าร้าน,P-302,1,3890.00,778.00,3112.00,203.59,0.00,0.00
O-002777,2025-04-16,S-05,หน้าร้าน,P-101,5,175.00,8.75,166.25,10.88,0.00,0.00
O-002778,2025-04-16,S-06,หน้าร้าน,P-301,2,4900.00,0.00,4900.00,320.56,0.00,0.00
O-002779,2025-04-16,S-02,หน้าร้าน,P-102,2,56.00,0.00,56.00,3.66,0.00,0.00
O-002780,2025-04-16,S-03,หน้าร้าน,P-102,1,28.00,5.60,22.40,1.47,0.00,0.00
O-002781,2025-04-16,S-05,หน้าร้าน,P-301,1,2450.00,0.00,2450.00,160.28,0.00,0.00
O-002782,2025-04-16,S-04,หน้าร้าน,P-201,1,95.00,0.00,95.00,6.21,0.00,0.00
O-002783,2025-04-16,S-01,หน้าร้าน,P-101,2,70.00,0.00,70.00,4.58,0.00,0.00
O-002784,2025-04-17,S-03,หน้าร้าน,P-103,1,45.00,0.00,45.00,2.94,0.00,0.00
O-002785,2025-04-17,S-90,ออนไลน์,P-101,2,70.00,14.00,56.00,3.66,50.00,0.00
O-002786,2025-04-17,S-03,หน้าร้าน,P-101,5,175.00,17.50,157.50,10.30,0.00,0.00
O-002787,2025-04-17,S-05,หน้าร้าน,P-302,5,19450.00,0.00,19450.00,1272.43,0.00,0.00
O-002788,2025-04-17,S-04,หน้าร้าน,P-102,2,56.00,2.80,53.20,3.48,0.00,0.00
O-002789,2025-04-17,S-01,หน้าร้าน,P-301,2,4900.00,980.00,3920.00,256.45,0.00,0.00
O-002790,2025-04-17,S-90,ออนไลน์,P-102,1,28.00,0.00,28.00,1.83,0.00,0.00
O-002791,2025-04-17,S-02,หน้าร้าน,P-102,2,56.00,5.60,50.40,3.30,0.00,0.00
O-002792,2025-04-17,S-06,หน้าร้าน,P-101,1,35.00,1.75,33.25,2.18,0.00,0.00
O-002793,2025-04-17,S-90,ออนไลน์,P-103,2,90.00,0.00,90.00,5.89,35.00,0.00
O-002794,2025-04-17,S-06,หน้าร้าน,P-102,2,56.00,11.20,44.80,2.93,0.00,0.00
O-002795,2025-04-17,S-01,หน้าร้าน,P-202,1,120.00,0.00,120.00,7.85,0.00,0.00
O-002796,2025-04-17,S-01,หน้าร้าน,P-301,2,4900.00,0.00,4900.00,320.56,0.00,0.00
O-002797,2025-04-17,S-06,หน้าร้าน,P-101,3,105.00,21.00,84.00,5.50,0.00,84.00
O-002798,2025-04-17,S-05,หน้าร้าน,P-103,1,45.00,0.00,45.00,2.94,0.00,0.00
O-002799,2025-04-17,S-04,หน้าร้าน,P-101,1,35.00,3.50,31.50,2.06,0.00,0.00
O-002800,2025-04-17,S-05,หน้าร้าน,P-203,3,225.00,0.00,225.00,14.72,0.00,0.00
O-002801,2025-04-17,S-01,หน้าร้าน,P-202,2,240.00,48.00,192.00,12.56,0.00,0.00
O-002802,2025-04-17,S-06,หน้าร้าน,P-102,1,28.00,5.60,22.40,1.47,0.00,0.00
O-002803,2025-04-17,S-02,หน้าร้าน,P-202,5,600.00,30.00,570.00,37.29,0.00,0.00
O-002804,2025-04-17,S-05,หน้าร้าน,P-203,1,75.00,0.00,75.00,4.91,0.00,0.00
O-002805,2025-04-17,S-06,หน้าร้าน,P-302,2,7780.00,0.00,7780.00,508.97,0.00,0.00
O-002806,2025-04-17,S-05,หน้าร้าน,P-103,5,225.00,0.00,225.00,14.72,0.00,0.00
O-002807,2025-04-17,S-02,หน้าร้าน,P-102,2,56.00,2.80,53.20,3.48,0.00,0.00
O-002808,2025-04-17,S-04,หน้าร้าน,P-203,2,150.00,7.50,142.50,9.32,0.00,0.00
O-002809,2025-04-17,S-02,หน้าร้าน,P-302,1,3890.00,778.00,3112.00,203.59,0.00,0.00
O-002810,2025-04-18,S-01,หน้าร้าน,P-103,2,90.00,0.00,90.00,5.89,0.00,0.00
O-002811,2025-04-18,S-06,หน้าร้าน,P-103,1,45.00,0.00,45.00,2.94,0.00,0.00
O-002812,2025-04-18,S-06,หน้าร้าน,P-102,2,56.00,5.60,50.40,3.30,0.00,0.00
O-002813,2025-04-18,S-05,หน้าร้าน,P-102,2,56.00,5.60,50.40,3.30,0.00,0.00
O-002814,2025-04-18,S-04,หน้าร้าน,P-201,1,95.00,19.00,76.00,4.97,0.00,0.00
O-002815,2025-04-18,S-05,หน้าร้าน,P-103,1,45.00,2.25,42.75,2.80,0.00,0.00
O-002816,2025-04-18,S-01,หน้าร้าน,P-302,1,3890.00,0.00,3890.00,254.49,0.00,0.00
O-002817,2025-04-18,S-04,หน้าร้าน,P-101,2,70.00,14.00,56.00,3.66,0.00,0.00
O-002818,2025-04-18,S-04,หน้าร้าน,P-201,5,475.00,95.00,380.00,24.86,0.00,0.00
O-002819,2025-04-18,S-05,หน้าร้าน,P-301,2,4900.00,245.00,4655.00,304.53,0.00,0.00
O-002820,2025-04-18,S-05,หน้าร้าน,P-203,1,75.00,7.50,67.50,4.42,0.00,0.00
O-002821,2025-04-18,S-03,หน้าร้าน,P-302,1,3890.00,194.50,3695.50,241.76,0.00,0.00
O-002822,2025-04-18,S-04,หน้าร้าน,P-202,1,120.00,0.00,120.00,7.85,0.00,0.00
O-002823,2025-04-18,S-06,หน้าร้าน,P-202,1,120.00,12.00,108.00,7.07,0.00,0.00
O-002824,2025-04-18,S-90,ออนไลน์,P-101,1,35.00,3.50,31.50,2.06,35.00,0.00
O-002825,2025-04-18,S-01,หน้าร้าน,P-201,2,190.00,0.00,190.00,12.43,0.00,0.00
O-002826,2025-04-18,S-02,หน้าร้าน,P-201,1,95.00,4.75,90.25,5.90,0.00,0.00
O-002827,2025-04-18,S-02,หน้าร้าน,P-201,1,95.00,9.50,85.50,5.59,0.00,0.00
O-002828,2025-04-18,S-04,หน้าร้าน,P-201,2,190.00,38.00,152.00,9.94,0.00,0.00
O-002829,2025-04-18,S-04,หน้าร้าน,P-201,1,95.00,4.75,90.25,5.90,0.00,0.00
O-002830,2025-04-18,S-02,หน้าร้าน,P-101,2,70.00,14.00,56.00,3.66,0.00,0.00
O-002831,2025-04-18,S-02,หน้าร้าน,P-301,1,2450.00,245.00,2205.00,144.25,0.00,0.00
O-002832,2025-04-18,S-03,หน้าร้าน,P-201,1,95.00,0.00,95.00,6.21,0.00,0.00
O-002833,2025-04-18,S-03,หน้าร้าน,P-301,2,4900.00,490.00,4410.00,288.50,0.00,0.00
O-002834,2025-04-19,S-03,หน้าร้าน,P-101,1,35.00,0.00,35.00,2.29,0.00,0.00
O-002835,2025-04-19,S-06,หน้าร้าน,P-302,1,3890.00,0.00,3890.00,254.49,0.00,0.00
O-002836,2025-04-19,S-04,หน้าร้าน,P-301,1,2450.00,490.00,1960.00,128.22,0.00,0.00
O-002837,2025-04-19,S-90,ออนไลน์,P-102,1,28.00,1.40,26.60,1.74,0.00,0.00
O-002838,2025-04-19,S-90,ออนไลน์,P-201,1,95.00,0.00,95.00,6.21,0.00,0.00
O-002839,2025-04-19,S-03,หน้าร้าน,P-302,2,7780.00,0.00,7780.00,508.97,0.00,7780.00
O-002840,2025-04-19,S-02,หน้าร้าน,P-201,3,285.00,0.00,285.00,18.64,0.00,0.00
O-002841,2025-04-19,S-02,หน้าร้าน,P-203,1,75.00,0.00,75.00,4.91,0.00,0.00
O-002842,2025-04-19,S-90,ออนไลน์,P-203,3,225.00,45.00,180.00,11.78,0.00,0.00
O-002843,2025-04-19,S-05,หน้าร้าน,P-101,2,70.00,3.50,66.50,4.35,0.00,0.00
O-002844,2025-04-19,S-05,หน้าร้าน,P-201,2,190.00,0.00,190.00,12.43,0.00,0.00
O-002845,2025-04-19,S-01,หน้าร้าน,P-302,1,3890.00,389.00,3501.00,229.04,0.00,0.00
O-002846,2025-04-19,S-05,หน้าร้าน,P-302,2,7780.00,389.00,7391.00,483.52,0.00,0.00
O-002847,2025-04-19,S-90,ออนไลน์,P-103,1,45.00,9.00,36.00,2.36,0.00,0.00
O-002848,2025-04-19,S-02,หน้าร้าน,P-102,1,28.00,0.00,28.00,1.83,0.00,0.00
O-002849,2025-04-19,S-90,ออนไลน์,P-302,1,3890.00,194.50,3695.50,241.76,0.00,0.00
O-002850,2025-04-19,S-03,หน้าร้าน,P-202,1,120.00,12.00,108.00,7.07,0.00,0.00
O-002851,2025-04-19,S-06,หน้าร้าน,P-101,1,35.00,3.50,31.50,2.06,0.00,0.00
O-002852,2025-04-19,S-90,ออนไลน์,P-302,1,3890.00,778.00,3112.00,203.59,35.00,0.00
O-002853,2025-04-19,S-04,หน้าร้าน,P-302,1,3890.00,389.00,3501.00,229.04,0.00,0.00
O-002854,2025-04-19,S-02,หน้าร้าน,P-203,1,75.00,3.75,71.25,4.66,0.00,0.00
O-002855,2025-04-19,S-02,หน้าร้าน,P-201,1,95.00,0.00,95.00,6.21,0.00,0.00
O-002856,2025-04-19,S-90,ออนไลน์,P-201,3,285.00,0.00,285.00,18.64,0.00,0.00
O-002857,2025-04-19,S-05,หน้าร้าน,P-102,1,28.00,0.00,28.00,1.83,0.00,0.00
O-002858,2025-04-19,S-05,หน้าร้าน,P-101,2,70.00,3.50,66.50,4.35,0.00,0.00
O-002859,2025-04-19,S-01,หน้าร้าน,P-103,1,45.00,0.00,45.00,2.94,0.00,0.00
O-002860,2025-04-19,S-05,หน้าร้าน,P-101,1,35.00,7.00,28.00,1.83,0.00,0.00
O-002861,2025-04-20,S-01,หน้าร้าน,P-101,1,35.00,0.00,35.00,2.29,0.00,0.00
O-002862,2025-04-20,S-06,หน้าร้าน,P-302,1,3890.00,0.00,3890.00,254.49,0.00,0.00
O-002863,2025-04-20,S-02,หน้าร้าน,P-102,1,28.00,0.00,28.00,1.83,0.00,0.00
O-002864,2025-04-20,S-01,หน้าร้าน,P-302,2,7780.00,778.00,7002.00,458.07,0.00,0.00
O-002865,2025-04-20,S-04,หน้าร้าน,P-302,2,7780.00,1556.00,6224.00,407.18,0.00,0.00
O-002866,2025-04-20,S-01,หน้าร้าน,P-102,1,28.00,5.60,22.40,1.47,0.00,0.00
O-002867,2025-04-20,S-05,หน้าร้าน,P-202,1,120.00,12.00,108.00,7.07,0.00,0.00
O-002868,2025-04-20,S-05,หน้าร้าน,P-103,5,225.00,0.00,225.00,14.72,0.00,0.00
O-002869,2025-04-20,S-04,หน้าร้าน,P-103,1,45.00,0.00,45.00,2.94,0.00,0.00
O-002870,2025-04-20,S-01,หน้าร้าน,P-102,1,28.00,1.40,26.60,1.74,0.00,0.00
O-002871,2025-04-20,S-04,หน้าร้าน,P-301,3,7350.00,735.00,6615.00,432.76,0.00,0.00
O-002872,2025-04-20,S-01,หน้าร้าน,P-301,3,7350.00,1470.00,5880.00,384.67,0.00,0.00
O-002873,2025-04-20,S-06,หน้าร้าน,P-203,1,75.00,0.00,75.00,4.91,0.00,0.00
O-002874,2025-04-20,S-05,หน้าร้าน,P-302,2,7780.00,0.00,7780.00,508.97,0.00,0.00
O-002875,2025-04-20,S-02,หน้าร้าน,P-201,5,475.00,47.50,427.50,27.97,0.00,0.00
O-002876,2025-04-20,S-04,หน้าร้าน,P-201,2,190.00,0.00,190.00,12.43,0.00,0.00
O-002877,2025-04-20,S-06,หน้าร้าน,P-203,1,75.00,0.00,75.00,4.91,0.00,0.00
O-002878,2025-04-20,S-01,หน้าร้าน,P-201,1,95.00,9.50,85.50,5.59,0.00,0.00
O-002879,2025-04-20,S-06,หน้าร้าน,P-203,2,150.00,7.50,142.50,9.32,0.00,0.00
O-002880,2025-04-20,S-02,หน้าร้าน,P-201,1,95.00,19.00,76.00,4.97,0.00,0.00
O-002881,2025-04-20,S-01,หน้าร้าน,P-302,1,3890.00,0.00,3890.00,254.49,0.00,0.00
O-002882,2025-04-20,S-01,หน้าร้าน,P-101,1,35.00,0.00,35.00,2.29,0.00,0.00
O-002883,2025-04-20,S-90,ออนไลน์,P-201,2,190.00,19.00,171.00,11.19,0.00,0.00
O-002884,2025-04-20,S-90,ออนไลน์,P-103,1,45.00,0.00,45.00,2.94,0.00,0.00
O-002885,2025-04-20,S-03,หน้าร้าน,P-103,2,90.00,18.00,72.00,4.71,0.00,0.00
O-002886,2025-04-20,S-03,หน้าร้าน,P-202,2,240.00,12.00,228.00,14.92,0.00,0.00
O-002887,2025-04-20,S-03,หน้าร้าน,P-202,2,240.00,12.00,228.00,14.92,0.00,0.00
O-002888,2025-04-20,S-06,หน้าร้าน,P-203,1,75.00,7.50,67.50,4.42,0.00,0.00
O-002889,2025-04-20,S-03,หน้าร้าน,P-301,1,2450.00,490.00,1960.00,128.22,0.00,0.00
O-002890,2025-04-20,S-03,หน้าร้าน,P-201,2,190.00,19.00,171.00,11.19,0.00,0.00
O-002891,2025-04-20,S-01,หน้าร้าน,P-102,2,56.00,0.00,56.00,3.66,0.00,0.00
O-002892,2025-04-20,S-01,หน้าร้าน,P-302,1,3890.00,0.00,3890.00,254.49,0.00,0.00
O-002893,2025-04-21,S-03,หน้าร้าน,P-101,5,175.00,17.50,157.50,10.30,0.00,0.00
O-002894,2025-04-21,S-90,ออนไลน์,P-101,1,35.00,0.00,35.00,2.29,0.00,0.00
O-002895,2025-04-21,S-02,หน้าร้าน,P-103,2,90.00,18.00,72.00,4.71,0.00,0.00
O-002896,2025-04-21,S-02,หน้าร้าน,P-302,1,3890.00,0.00,3890.00,254.49,0.00,0.00
O-002897,2025-04-21,S-02,หน้าร้าน,P-203,1,75.00,0.00,75.00,4.91,0.00,0.00
O-002898,2025-04-21,S-06,หน้าร้าน,P-103,1,45.00,2.25,42.75,2.80,0.00,42.75
O-002899,2025-04-21,S-03,หน้าร้าน,P-103,5,225.00,45.00,180.00,11.78,0.00,0.00
O-002900,2025-04-21,S-90,ออนไลน์,P-101,1,35.00,0.00,35.00,2.29,35.00,0.00
O-002901,2025-04-21,S-01,หน้าร้าน,P-203,1,75.00,0.00,75.00,4.91,0.00,0.00
O-002902,2025-04-21,S-03,หน้าร้าน,P-102,1,28.00,1.40,26.60,1.74,0.00,0.00
O-002903,2025-04-21,S-01,หน้าร้าน,P-202,1,120.00,6.00,114.00,7.46,0.00,0.00
O-002904,2025-04-21,S-05,หน้าร้าน,P-101,1,35.00,0.00,35.00,2.29,0.00,0.00
O-002905,2025-04-21,S-01,หน้าร้าน,P-301,1,2450.00,122.50,2327.50,152.27,0.00,0.00
O-002906,2025-04-21,S-05,หน้าร้าน,P-302,1,3890.00,389.00,3501.00,229.04,0.00,0.00
O-002907,2025-04-21,S-04,หน้าร้าน,P-201,1,95.00,19.00,76.00,4.97,0.00,0.00
O-002908,2025-04-21,S-04,หน้าร้าน,P-201,1,95.00,0.00,95.00,6.21,0.00,0.00
O-002909,2025-04-21,S-02,หน้าร้าน,P-301,1,2450.00,490.00,1960.00,128.22,0.00,0.00
O-002910,2025-04-21,S-90,ออนไลน์,P-102,3,84.00,0.00,84.00,5.50,0.00,0.00
O-002911,2025-04-21,S-04,หน้าร้าน,P-202,2,240.00,0.00,240.00,15.70,0.00,0.00
O-002912,2025-04-21,S-01,หน้าร้าน,P-102,1,28.00,0.00,28.00,1.83,0.00,0.00
O-002913,2025-04-21,S-06,หน้าร้าน,P-203,1,75.00,7.50,67.50,4.42,0.00,0.00
O-002914,2025-04-21,S-06,หน้าร้าน,P-103,2,90.00,0.00,90.00,5.89,0.00,0.00
O-002915,2025-04-21,S-03,หน้าร้าน,P-101,2,70.00,0.00,70.00,4.58,0.00,0.00
O-002916,2025-04-21,S-05,หน้าร้าน,P-301,1,2450.00,0.00,2450.00,160.28,0.00,0.00
O-002917,2025-04-21,S-90,ออนไลน์,P-201,1,95.00,9.50,85.50,5.59,80.00,0.00
O-002918,2025-04-21,S-05,หน้าร้าน,P-102,1,28.00,2.80,25.20,1.65,0.00,0.00
O-002919,2025-04-21,S-01,หน้าร้าน,P-202,1,120.00,12.00,108.00,7.07,0.00,0.00
O-002920,2025-04-21,S-03,หน้าร้าน,P-202,2,240.00,0.00,240.00,15.70,0.00,0.00
O-002921,2025-04-21,S-01,หน้าร้าน,P-202,1,120.00,0.00,120.00,7.85,0.00,0.00
O-002922,2025-04-22,S-04,หน้าร้าน,P-203,2,150.00,0.00,150.00,9.81,0.00,0.00
O-002923,2025-04-22,S-90,ออนไลน์,P-202,1,120.00,0.00,120.00,7.85,35.00,0.00
O-002924,2025-04-22,S-04,หน้าร้าน,P-101,2,70.00,3.50,66.50,4.35,0.00,0.00
O-002925,2025-04-22,S-06,หน้าร้าน,P-101,2,70.00,0.00,70.00,4.58,0.00,0.00
O-002926,2025-04-22,S-05,หน้าร้าน,P-102,3,84.00,16.80,67.20,4.40,0.00,0.00
O-002927,2025-04-22,S-90,ออนไลน์,P-202,2,240.00,12.00,228.00,14.92,80.00,0.00
O-002928,2025-04-22,S-90,ออนไลน์,P-302,1,3890.00,389.00,3501.00,229.04,80.00,0.00
O-002929,2025-04-22,S-06,หน้าร้าน,P-301,1,2450.00,0.00,2450.00,160.28,0.00,0.00
O-002930,2025-04-22,S-03,หน้าร้าน,P-101,3,105.00,21.00,84.00,5.50,0.00,0.00
O-002931,2025-04-22,S-03,หน้าร้าน,P-102,2,56.00,11.20,44.80,2.93,0.00,0.00
O-002932,2025-04-22,S-06,หน้าร้าน,P-301,1,2450.00,490.00,1960.00,128.22,0.00,0.00
O-002933,2025-04-22,S-90,ออนไลน์,P-103,1,45.00,0.00,45.00,2.94,50.00,0.00
O-002934,2025-04-22,S-06,หน้าร้าน,P-301,3,7350.00,0.00,7350.00,480.84,0.00,0.00
O-002935,2025-04-22,S-04,หน้าร้าน,P-201,1,95.00,0.00,95.00,6.21,0.00,0.00
O-002936,2025-04-22,S-02,หน้าร้าน,P-103,2,90.00,0.00,90.00,5.89,0.00,0.00
O-002937,2025-04-22,S-03,หน้าร้าน,P-101,5,175.00,17.50,157.50,10.30,0.00,0.00
O-002938,2025-04-22,S-01,หน้าร้าน,P-201,1,95.00,4.75,90.25,5.90,0.00,0.00
O-002939,2025-04-22,S-06,หน้าร้าน,P-101,1,35.00,0.00,35.00,2.29,0.00,0.00
O-002940,2025-04-22,S-06,หน้าร้าน,P-302,1,3890.00,0.00,3890.00,254.49,0.00,0.00
O-002941,2025-04-22,S-02,หน้าร้าน,P-103,1,45.00,4.50,40.50,2.65,0.00,0.00
O-002942,2025-04-22,S-90,ออนไลน์,P-201,5,475.00,47.50,427.50,27.97,35.00,0.00
O-002943,2025-04-22,S-02,หน้าร้าน,P-201,1,95.00,0.00,95.00,6.21,0.00,0.00
O-002944,2025-04-22,S-90,ออนไลน์,P-102,1,28.00,5.60,22.40,1.47,0.00,0.00
O-002945,2025-04-22,S-02,หน้าร้าน,P-302,1,3890.00,389.00,3501.00,229.04,0.00,0.00
O-002946,2025-04-22,S-03,หน้าร้าน,P-301,1,2450.00,0.00,2450.00,160.28,0.00,0.00
O-002947,2025-04-22,S-05,หน้าร้าน,P-202,1,120.00,6.00,114.00,7.46,0.00,0.00
O-002948,2025-04-22,S-04,หน้าร้าน,P-101,2,70.00,7.00,63.00,4.12,0.00,0.00
O-002949,2025-04-22,S-02,หน้าร้าน,P-301,1,2450.00,0.00,2450.00,160.28,0.00,0.00
O-002950,2025-04-22,S-06,หน้าร้าน,P-301,2,4900.00,0.00,4900.00,320.56,0.00,0.00
O-002951,2025-04-22,S-04,หน้าร้าน,P-301,2,4900.00,980.00,3920.00,256.45,0.00,0.00
O-002952,2025-04-22,S-05,หน้าร้าน,P-102,1,28.00,5.60,22.40,1.47,0.00,0.00
O-002953,2025-04-22,S-06,หน้าร้าน,P-201,2,190.00,0.00,190.00,12.43,0.00,0.00
O-002954,2025-04-23,S-02,หน้าร้าน,P-202,1,120.00,0.00,120.00,7.85,0.00,0.00
O-002955,2025-04-23,S-04,หน้าร้าน,P-301,2,4900.00,490.00,4410.00,288.50,0.00,0.00
O-002956,2025-04-23,S-02,หน้าร้าน,P-203,1,75.00,7.50,67.50,4.42,0.00,0.00
O-002957,2025-04-23,S-02,หน้าร้าน,P-201,1,95.00,0.00,95.00,6.21,0.00,0.00
O-002958,2025-04-23,S-05,หน้าร้าน,P-101,1,35.00,7.00,28.00,1.83,0.00,0.00
O-002959,2025-04-23,S-06,หน้าร้าน,P-302,1,3890.00,389.00,3501.00,229.04,0.00,0.00
O-002960,2025-04-23,S-04,หน้าร้าน,P-101,3,105.00,21.00,84.00,5.50,0.00,0.00
O-002961,2025-04-23,S-02,หน้าร้าน,P-102,1,28.00,0.00,28.00,1.83,0.00,0.00
O-002962,2025-04-23,S-05,หน้าร้าน,P-301,1,2450.00,122.50,2327.50,152.27,0.00,0.00
O-002963,2025-04-23,S-90,ออนไลน์,P-302,1,3890.00,0.00,3890.00,254.49,0.00,0.00
O-002964,2025-04-23,S-04,หน้าร้าน,P-302,1,3890.00,194.50,3695.50,241.76,0.00,0.00
O-002965,2025-04-23,S-05,หน้าร้าน,P-201,1,95.00,19.00,76.00,4.97,0.00,0.00
O-002966,2025-04-23,S-03,หน้าร้าน,P-302,1,3890.00,194.50,3695.50,241.76,0.00,0.00
O-002967,2025-04-23,S-02,หน้าร้าน,P-201,1,95.00,0.00,95.00,6.21,0.00,0.00
O-002968,2025-04-23,S-02,หน้าร้าน,P-203,2,150.00,0.00,150.00,9.81,0.00,0.00
O-002969,2025-04-23,S-04,หน้าร้าน,P-203,2,150.00,30.00,120.00,7.85,0.00,0.00
O-002970,2025-04-23,S-90,ออนไลน์,P-301,3,7350.00,735.00,6615.00,432.76,0.00,0.00
O-002971,2025-04-23,S-06,หน้าร้าน,P-102,2,56.00,2.80,53.20,3.48,0.00,0.00
O-002972,2025-04-23,S-03,หน้าร้าน,P-201,1,95.00,0.00,95.00,6.21,0.00,0.00
O-002973,2025-04-23,S-05,หน้าร้าน,P-203,1,75.00,7.50,67.50,4.42,0.00,0.00
O-002974,2025-04-23,S-03,หน้าร้าน,P-202,1,120.00,6.00,114.00,7.46,0.00,0.00
O-002975,2025-04-23,S-03,หน้าร้าน,P-103,3,135.00,6.75,128.25,8.39,0.00,0.00
O-002976,2025-04-23,S-04,หน้าร้าน,P-101,1,35.00,3.50,31.50,2.06,0.00,0.00
O-002977,2025-04-23,S-01,หน้าร้าน,P-201,1,95.00,4.75,90.25,5.90,0.00,0.00
O-002978,2025-04-23,S-05,หน้าร้าน,P-301,3,7350.00,367.50,6982.50,456.80,0.00,0.00
O-002979,2025-04-23,S-02,หน้าร้าน,P-201,2,190.00,9.50,180.50,11.81,0.00,0.00
O-002980,2025-04-24,S-06,หน้าร้าน,P-203,1,75.00,3.75,71.25,4.66,0.00,0.00
O-002981,2025-04-24,S-01,หน้าร้าน,P-102,1,28.00,5.60,22.40,1.47,0.00,0.00
O-002982,2025-04-24,S-03,หน้าร้าน,P-201,1,95.00,4.75,90.25,5.90,0.00,0.00
O-002983,2025-04-24,S-04,หน้าร้าน,P-102,1,28.00,0.00,28.00,1.83,0.00,0.00
O-002984,2025-04-24,S-01,หน้าร้าน,P-101,2,70.00,0.00,70.00,4.58,0.00,0.00
O-002985,2025-04-24,S-02,หน้าร้าน,P-103,1,45.00,4.50,40.50,2.65,0.00,0.00
O-002986,2025-04-24,S-01,หน้าร้าน,P-201,1,95.00,4.75,90.25,5.90,0.00,0.00
O-002987,2025-04-24,S-04,หน้าร้าน,P-103,1,45.00,0.00,45.00,2.94,0.00,0.00
O-002988,2025-04-24,S-01,หน้าร้าน,P-101,1,35.00,7.00,28.00,1.83,0.00,0.00
O-002989,2025-04-24,S-03,หน้าร้าน,P-103,3,135.00,0.00,135.00,8.83,0.00,0.00
O-002990,2025-04-24,S-03,หน้าร้าน,P-203,2,150.00,0.00,150.00,9.81,0.00,0.00
O-002991,2025-04-24,S-01,หน้าร้าน,P-201,1,95.00,0.00,95.00,6.21,0.00,0.00
O-002992,2025-04-24,S-06,หน้าร้าน,P-102,2,56.00,0.00,56.00,3.66,0.00,0.00
O-002993,2025-04-24,S-03,หน้าร้าน,P-203,1,75.00,15.00,60.00,3.93,0.00,0.00
O-002994,2025-04-24,S-02,หน้าร้าน,P-203,2,150.00,0.00,150.00,9.81,0.00,0.00
O-002995,2025-04-24,S-90,ออนไลน์,P-201,1,95.00,9.50,85.50,5.59,50.00,0.00
O-002996,2025-04-24,S-06,หน้าร้าน,P-103,2,90.00,18.00,72.00,4.71,0.00,0.00
O-002997,2025-04-24,S-03,หน้าร้าน,P-301,1,2450.00,0.00,2450.00,160.28,0.00,0.00
O-002998,2025-04-24,S-05,หน้าร้าน,P-103,2,90.00,0.00,90.00,5.89,0.00,0.00
O-002999,2025-04-24,S-03,หน้าร้าน,P-102,1,28.00,0.00,28.00,1.83,0.00,0.00
O-003000,2025-04-24,S-05,หน้าร้าน,P-301,1,2450.00,0.00,2450.00,160.28,0.00,0.00
O-003001,2025-04-25,S-04,หน้าร้าน,P-101,1,35.00,1.75,33.25,2.18,0.00,0.00
O-003002,2025-04-25,S-01,หน้าร้าน,P-201,2,190.00,38.00,152.00,9.94,0.00,0.00
O-003003,2025-04-25,S-01,หน้าร้าน,P-301,1,2450.00,0.00,2450.00,160.28,0.00,0.00
O-003004,2025-04-25,S-05,หน้าร้าน,P-203,1,75.00,0.00,75.00,4.91,0.00,0.00
O-003005,2025-04-25,S-01,หน้าร้าน,P-103,1,45.00,4.50,40.50,2.65,0.00,0.00
O-003006,2025-04-25,S-04,หน้าร้าน,P-101,1,35.00,3.50,31.50,2.06,0.00,0.00
O-003007,2025-04-25,S-90,ออนไลน์,P-302,2,7780.00,0.00,7780.00,508.97,50.00,0.00
O-003008,2025-04-25,S-02,หน้าร้าน,P-301,1,2450.00,0.00,2450.00,160.28,0.00,0.00
O-003009,2025-04-25,S-02,หน้าร้าน,P-301,1,2450.00,245.00,2205.00,144.25,0.00,0.00
O-003010,2025-04-25,S-06,หน้าร้าน,P-202,1,120.00,6.00,114.00,7.46,0.00,0.00
O-003011,2025-04-25,S-05,หน้าร้าน,P-203,1,75.00,0.00,75.00,4.91,0.00,0.00
O-003012,2025-04-25,S-03,หน้าร้าน,P-102,2,56.00,5.60,50.40,3.30,0.00,0.00
O-003013,2025-04-25,S-05,หน้าร้าน,P-301,2,4900.00,980.00,3920.00,256.45,0.00,0.00
O-003014,2025-04-25,S-02,หน้าร้าน,P-203,1,75.00,3.75,71.25,4.66,0.00,0.00
O-003015,2025-04-25,S-03,หน้าร้าน,P-202,2,240.00,48.00,192.00,12.56,0.00,0.00
O-003016,2025-04-25,S-01,หน้าร้าน,P-101,1,35.00,0.00,35.00,2.29,0.00,0.00
O-003017,2025-04-25,S-03,หน้าร้าน,P-102,1,28.00,0.00,28.00,1.83,0.00,0.00
O-003018,2025-04-25,S-05,หน้าร้าน,P-201,1,95.00,9.50,85.50,5.59,0.00,0.00
O-003019,2025-04-25,S-90,ออนไลน์,P-302,1,3890.00,194.50,3695.50,241.76,50.00,0.00
O-003020,2025-04-25,S-05,หน้าร้าน,P-201,2,190.00,9.50,180.50,11.81,0.00,0.00
O-003021,2025-04-25,S-90,ออนไลน์,P-103,1,45.00,2.25,42.75,2.80,0.00,0.00
O-003022,2025-04-25,S-04,หน้าร้าน,P-103,1,45.00,4.50,40.50,2.65,0.00,0.00
O-003023,2025-04-25,S-05,หน้าร้าน,P-202,1,120.00,0.00,120.00,7.85,0.00,0.00
O-003024,2025-04-25,S-05,หน้าร้าน,P-103,1,45.00,9.00,36.00,2.36,0.00,0.00
O-003025,2025-04-25,S-05,หน้าร้าน,P-102,2,56.00,0.00,56.00,3.66,0.00,0.00
O-003026,2025-04-25,S-04,หน้าร้าน,P-302,1,3890.00,389.00,3501.00,229.04,0.00,0.00
O-003027,2025-04-25,S-02,หน้าร้าน,P-101,3,105.00,0.00,105.00,6.87,0.00,0.00
O-003028,2025-04-25,S-02,หน้าร้าน,P-101,1,35.00,7.00,28.00,1.83,0.00,0.00
O-003029,2025-04-25,S-01,หน้าร้าน,P-201,1,95.00,9.50,85.50,5.59,0.00,0.00
O-003030,2025-04-26,S-06,หน้าร้าน,P-202,1,120.00,6.00,114.00,7.46,0.00,0.00
O-003031,2025-04-26,S-03,หน้าร้าน,P-203,1,75.00,7.50,67.50,4.42,0.00,0.00
O-003032,2025-04-26,S-03,หน้าร้าน,P-302,1,3890.00,0.00,3890.00,254.49,0.00,0.00
O-003033,2025-04-26,S-04,หน้าร้าน,P-102,2,56.00,0.00,56.00,3.66,0.00,0.00
O-003034,2025-04-26,S-06,หน้าร้าน,P-302,1,3890.00,0.00,3890.00,254.49,0.00,0.00
O-003035,2025-04-26,S-05,หน้าร้าน,P-202,2,240.00,0.00,240.00,15.70,0.00,0.00
O-003036,2025-04-26,S-06,หน้าร้าน,P-202,1,120.00,24.00,96.00,6.28,0.00,0.00
O-003037,2025-04-26,S-04,หน้าร้าน,P-203,3,225.00,0.00,225.00,14.72,0.00,0.00
O-003038,2025-04-26,S-02,หน้าร้าน,P-102,1,28.00,0.00,28.00,1.83,0.00,28.00
O-003039,2025-04-26,S-01,หน้าร้าน,P-302,2,7780.00,0.00,7780.00,508.97,0.00,0.00
O-003040,2025-04-26,S-90,ออนไลน์,P-103,1,45.00,0.00,45.00,2.94,50.00,0.00
O-003041,2025-04-26,S-04,หน้าร้าน,P-201,3,285.00,28.50,256.50,16.78,0.00,0.00
O-003042,2025-04-26,S-02,หน้าร้าน,P-103,2,90.00,18.00,72.00,4.71,0.00,0.00
O-003043,2025-04-26,S-03,หน้าร้าน,P-302,1,3890.00,0.00,3890.00,254.49,0.00,0.00
O-003044,2025-04-26,S-03,หน้าร้าน,P-301,3,7350.00,367.50,6982.50,456.80,0.00,0.00
O-003045,2025-04-26,S-90,ออนไลน์,P-202,2,240.00,24.00,216.00,14.13,50.00,0.00
O-003046,2025-04-26,S-90,ออนไลน์,P-203,2,150.00,30.00,120.00,7.85,35.00,0.00
O-003047,2025-04-26,S-06,หน้าร้าน,P-201,1,95.00,0.00,95.00,6.21,0.00,0.00
O-003048,2025-04-26,S-04,หน้าร้าน,P-202,1,120.00,0.00,120.00,7.85,0.00,0.00
O-003049,2025-04-26,S-05,หน้าร้าน,P-201,1,95.00,0.00,95.00,6.21,0.00,0.00
O-003050,2025-04-26,S-02,หน้าร้าน,P-101,3,105.00,10.50,94.50,6.18,0.00,0.00
O-003051,2025-04-26,S-02,หน้าร้าน,P-102,3,84.00,0.00,84.00,5.50,0.00,0.00
O-003052,2025-04-26,S-90,ออนไลน์,P-302,1,3890.00,778.00,3112.00,203.59,0.00,0.00
O-003053,2025-04-26,S-06,หน้าร้าน,P-202,3,360.00,0.00,360.00,23.55,0.00,0.00
O-003054,2025-04-26,S-06,หน้าร้าน,P-301,1,2450.00,0.00,2450.00,160.28,0.00,0.00
O-003055,2025-04-26,S-02,หน้าร้าน,P-102,5,140.00,14.00,126.00,8.24,0.00,0.00
O-003056,2025-04-26,S-04,หน้าร้าน,P-102,1,28.00,1.40,26.60,1.74,0.00,0.00
O-003057,2025-04-26,S-90,ออนไลน์,P-202,2,240.00,24.00,216.00,14.13,35.00,0.00
O-003058,2025-04-26,S-02,หน้าร้าน,P-102,1,28.00,0.00,28.00,1.83,0.00,0.00
O-003059,2025-04-26,S-01,หน้าร้าน,P-102,2,56.00,11.20,44.80,2.93,0.00,0.00
O-003060,2025-04-27,S-01,หน้าร้าน,P-101,1,35.00,7.00,28.00,1.83,0.00,0.00
O-003061,2025-04-27,S-01,หน้าร้าน,P-201,2,190.00,19.00,171.00,11.19,0.00,0.00
O-003062,2025-04-27,S-04,หน้าร้าน,P-102,1,28.00,0.00,28.00,1.83,0.00,0.00
O-003063,2025-04-27,S-90,ออนไลน์,P-201,1,95.00,0.00,95.00,6.21,80.00,0.00
O-003064,2025-04-27,S-90,ออนไลน์,P-202,1,120.00,6.00,114.00,7.46,80.00,0.00
O-003065,2025-04-27,S-04,หน้าร้าน,P-302,2,7780.00,1556.00,6224.00,407.18,0.00,0.00
O-003066,2025-04-27,S-02,หน้าร้าน,P-203,1,75.00,0.00,75.00,4.91,0.00,0.00
O-003067,2025-04-27,S-05,หน้าร้าน,P-201,2,190.00,0.00,190.00,12.43,0.00,0.00
O-003068,2025-04-27,S-05,หน้าร้าน,P-202,2,240.00,24.00,216.00,14.13,0.00,0.00
O-003069,2025-04-27,S-04,หน้าร้าน,P-101,2,70.00,3.50,66.50,4.35,0.00,0.00
O-003070,2025-04-27,S-02,หน้าร้าน,P-203,2,150.00,7.50,142.50,9.32,0.00,0.00
O-003071,2025-04-27,S-90,ออนไลน์,P-201,1,95.00,4.75,90.25,5.90,35.00,0.00
O-003072,2025-04-27,S-03,หน้าร้าน,P-201,3,285.00,28.50,256.50,16.78,0.00,0.00
O-003073,2025-04-27,S-05,หน้าร้าน,P-202,3,360.00,36.00,324.00,21.20,0.00,0.00
O-003074,2025-04-27,S-02,หน้าร้าน,P-103,1,45.00,4.50,40.50,2.65,0.00,0.00
O-003075,2025-04-27,S-01,หน้าร้าน,P-102,2,56.00,11.20,44.80,2.93,0.00,0.00
O-003076,2025-04-27,S-90,ออนไลน์,P-203,1,75.00,0.00,75.00,4.91,50.00,0.00
O-003077,2025-04-27,S-06,หน้าร้าน,P-203,2,150.00,0.00,150.00,9.81,0.00,0.00
O-003078,2025-04-27,S-05,หน้าร้าน,P-101,2,70.00,0.00,70.00,4.58,0.00,0.00
O-003079,2025-04-27,S-03,หน้าร้าน,P-203,2,150.00,7.50,142.50,9.32,0.00,0.00
O-003080,2025-04-27,S-05,หน้าร้าน,P-203,1,75.00,15.00,60.00,3.93,0.00,0.00
O-003081,2025-04-27,S-04,หน้าร้าน,P-302,1,3890.00,389.00,3501.00,229.04,0.00,0.00
O-003082,2025-04-27,S-06,หน้าร้าน,P-202,1,120.00,24.00,96.00,6.28,0.00,0.00
O-003083,2025-04-27,S-01,หน้าร้าน,P-202,1,120.00,12.00,108.00,7.07,0.00,0.00
O-003084,2025-04-27,S-04,หน้าร้าน,P-101,1,35.00,0.00,35.00,2.29,0.00,0.00
O-003085,2025-04-27,S-05,หน้าร้าน,P-101,2,70.00,14.00,56.00,3.66,0.00,0.00
O-003086,2025-04-27,S-90,ออนไลน์,P-302,1,3890.00,778.00,3112.00,203.59,35.00,0.00
O-003087,2025-04-27,S-90,ออนไลน์,P-202,2,240.00,0.00,240.00,15.70,50.00,0.00
O-003088,2025-04-27,S-01,หน้าร้าน,P-101,1,35.00,0.00,35.00,2.29,0.00,0.00
O-003089,2025-04-28,S-03,หน้าร้าน,P-103,2,90.00,0.00,90.00,5.89,0.00,0.00
O-003090,2025-04-28,S-01,หน้าร้าน,P-203,1,75.00,0.00,75.00,4.91,0.00,0.00
O-003091,2025-04-28,S-04,หน้าร้าน,P-302,1,3890.00,0.00,3890.00,254.49,0.00,0.00
O-003092,2025-04-28,S-03,หน้าร้าน,P-201,1,95.00,0.00,95.00,6.21,0.00,0.00
O-003093,2025-04-28,S-06,หน้าร้าน,P-201,1,95.00,0.00,95.00,6.21,0.00,0.00
O-003094,2025-04-28,S-02,หน้าร้าน,P-302,1,3890.00,778.00,3112.00,203.59,0.00,0.00
O-003095,2025-04-28,S-02,หน้าร้าน,P-201,1,95.00,0.00,95.00,6.21,0.00,0.00
O-003096,2025-04-28,S-02,หน้าร้าน,P-102,1,28.00,0.00,28.00,1.83,0.00,0.00
O-003097,2025-04-28,S-03,หน้าร้าน,P-202,1,120.00,0.00,120.00,7.85,0.00,0.00
O-003098,2025-04-28,S-02,หน้าร้าน,P-203,2,150.00,15.00,135.00,8.83,0.00,0.00
O-003099,2025-04-28,S-90,ออนไลน์,P-302,2,7780.00,1556.00,6224.00,407.18,80.00,0.00
O-003100,2025-04-28,S-90,ออนไลน์,P-101,1,35.00,0.00,35.00,2.29,0.00,0.00
O-003101,2025-04-28,S-04,หน้าร้าน,P-203,3,225.00,0.00,225.00,14.72,0.00,0.00
O-003102,2025-04-28,S-04,หน้าร้าน,P-201,2,190.00,0.00,190.00,12.43,0.00,0.00
O-003103,2025-04-28,S-90,ออนไลน์,P-203,1,75.00,15.00,60.00,3.93,0.00,0.00
O-003104,2025-04-28,S-03,หน้าร้าน,P-103,1,45.00,9.00,36.00,2.36,0.00,0.00
O-003105,2025-04-28,S-06,หน้าร้าน,P-201,3,285.00,0.00,285.00,18.64,0.00,0.00
O-003106,2025-04-28,S-06,หน้าร้าน,P-102,2,56.00,2.80,53.20,3.48,0.00,0.00
O-003107,2025-04-28,S-02,หน้าร้าน,P-201,1,95.00,9.50,85.50,5.59,0.00,0.00
O-003108,2025-04-28,S-90,ออนไลน์,P-301,1,2450.00,0.00,2450.00,160.28,35.00,0.00
O-003109,2025-04-28,S-02,หน้าร้าน,P-302,1,3890.00,0.00,3890.00,254.49,0.00,0.00
O-003110,2025-04-28,S-02,หน้าร้าน,P-201,1,95.00,9.50,85.50,5.59,0.00,0.00
O-003111,2025-04-28,S-02,หน้าร้าน,P-103,1,45.00,9.00,36.00,2.36,0.00,0.00
O-003112,2025-04-28,S-03,หน้าร้าน,P-101,1,35.00,7.00,28.00,1.83,0.00,0.00
O-003113,2025-04-28,S-04,หน้าร้าน,P-301,2,4900.00,490.00,4410.00,288.50,0.00,0.00
O-003114,2025-04-29,S-05,หน้าร้าน,P-102,1,28.00,5.60,22.40,1.47,0.00,0.00
O-003115,2025-04-29,S-05,หน้าร้าน,P-203,1,75.00,3.75,71.25,4.66,0.00,0.00
O-003116,2025-04-29,S-02,หน้าร้าน,P-302,2,7780.00,0.00,7780.00,508.97,0.00,0.00
O-003117,2025-04-29,S-03,หน้าร้าน,P-102,1,28.00,5.60,22.40,1.47,0.00,0.00
O-003118,2025-04-29,S-03,หน้าร้าน,P-202,3,360.00,18.00,342.00,22.37,0.00,0.00
O-003119,2025-04-29,S-01,หน้าร้าน,P-301,5,12250.00,1225.00,11025.00,721.26,0.00,0.00
O-003120,2025-04-29,S-03,หน้าร้าน,P-301,2,4900.00,490.00,4410.00,288.50,0.00,0.00
O-003121,2025-04-29,S-01,หน้าร้าน,P-201,1,95.00,0.00,95.00,6.21,0.00,0.00
O-003122,2025-04-29,S-06,หน้าร้าน,P-201,1,95.00,0.00,95.00,6.21,0.00,0.00
O-003123,2025-04-29,S-03,หน้าร้าน,P-202,2,240.00,48.00,192.00,12.56,0.00,0.00
O-003124,2025-04-29,S-03,หน้าร้าน,P-103,1,45.00,0.00,45.00,2.94,0.00,0.00
O-003125,2025-04-29,S-06,หน้าร้าน,P-202,3,360.00,0.00,360.00,23.55,0.00,0.00
O-003126,2025-04-29,S-90,ออนไลน์,P-202,1,120.00,0.00,120.00,7.85,80.00,0.00
O-003127,2025-04-29,S-06,หน้าร้าน,P-202,2,240.00,48.00,192.00,12.56,0.00,0.00
O-003128,2025-04-29,S-01,หน้าร้าน,P-202,1,120.00,6.00,114.00,7.46,0.00,0.00
O-003129,2025-04-29,S-05,หน้าร้าน,P-301,1,2450.00,0.00,2450.00,160.28,0.00,0.00
O-003130,2025-04-29,S-01,หน้าร้าน,P-102,1,28.00,5.60,22.40,1.47,0.00,0.00
O-003131,2025-04-29,S-05,หน้าร้าน,P-201,1,95.00,4.75,90.25,5.90,0.00,0.00
O-003132,2025-04-29,S-06,หน้าร้าน,P-101,1,35.00,0.00,35.00,2.29,0.00,0.00
O-003133,2025-04-29,S-03,หน้าร้าน,P-202,1,120.00,0.00,120.00,7.85,0.00,0.00
O-003134,2025-04-29,S-05,หน้าร้าน,P-103,3,135.00,0.00,135.00,8.83,0.00,0.00
O-003135,2025-04-29,S-02,หน้าร้าน,P-301,1,2450.00,122.50,2327.50,152.27,0.00,0.00
O-003136,2025-04-29,S-03,หน้าร้าน,P-301,1,2450.00,0.00,2450.00,160.28,0.00,0.00
O-003137,2025-04-30,S-03,หน้าร้าน,P-103,3,135.00,13.50,121.50,7.95,0.00,0.00
O-003138,2025-04-30,S-06,หน้าร้าน,P-101,3,105.00,5.25,99.75,6.53,0.00,0.00
O-003139,2025-04-30,S-05,หน้าร้าน,P-202,2,240.00,0.00,240.00,15.70,0.00,0.00
O-003140,2025-04-30,S-06,หน้าร้าน,P-201,1,95.00,4.75,90.25,5.90,0.00,0.00
O-003141,2025-04-30,S-90,ออนไลน์,P-201,3,285.00,28.50,256.50,16.78,50.00,0.00
O-003142,2025-04-30,S-03,หน้าร้าน,P-101,2,70.00,0.00,70.00,4.58,0.00,0.00
O-003143,2025-04-30,S-04,หน้าร้าน,P-201,1,95.00,4.75,90.25,5.90,0.00,0.00
O-003144,2025-04-30,S-03,หน้าร้าน,P-102,1,28.00,1.40,26.60,1.74,0.00,0.00
O-003145,2025-04-30,S-02,หน้าร้าน,P-301,1,2450.00,490.00,1960.00,128.22,0.00,0.00
O-003146,2025-04-30,S-03,หน้าร้าน,P-101,1,35.00,3.50,31.50,2.06,0.00,0.00
O-003147,2025-04-30,S-04,หน้าร้าน,P-301,1,2450.00,245.00,2205.00,144.25,0.00,0.00
O-003148,2025-04-30,S-05,หน้าร้าน,P-202,2,240.00,24.00,216.00,14.13,0.00,0.00
O-003149,2025-04-30,S-03,หน้าร้าน,P-103,1,45.00,4.50,40.50,2.65,0.00,0.00
O-003150,2025-04-30,S-06,หน้าร้าน,P-301,1,2450.00,490.00,1960.00,128.22,0.00,0.00
O-003151,2025-04-30,S-06,หน้าร้าน,P-301,1,2450.00,0.00,2450.00,160.28,0.00,0.00
O-003152,2025-04-30,S-90,ออนไลน์,P-302,2,7780.00,0.00,7780.00,508.97,0.00,0.00
O-003153,2025-04-30,S-06,หน้าร้าน,P-201,3,285.00,28.50,256.50,16.78,0.00,0.00
O-003154,2025-04-30,S-05,หน้าร้าน,P-302,2,7780.00,1556.00,6224.00,407.18,0.00,0.00
O-003155,2025-04-30,S-06,หน้าร้าน,P-201,1,95.00,0.00,95.00,6.21,0.00,0.00
O-003156,2025-04-30,S-01,หน้าร้าน,P-201,1,95.00,0.00,95.00,6.21,0.00,0.00
O-003157,2025-04-30,S-05,หน้าร้าน,P-201,1,95.00,19.00,76.00,4.97,0.00,0.00
O-003158,2025-04-30,S-06,หน้าร้าน,P-203,1,75.00,0.00,75.00,4.91,0.00,0.00
O-003159,2025-04-30,S-06,หน้าร้าน,P-101,1,35.00,0.00,35.00,2.29,0.00,0.00
O-003160,2025-05-01,S-06,หน้าร้าน,P-102,2,56.00,2.80,53.20,3.48,0.00,0.00
O-003161,2025-05-01,S-04,หน้าร้าน,P-102,3,84.00,0.00,84.00,5.50,0.00,0.00
O-003162,2025-05-01,S-04,หน้าร้าน,P-102,2,56.00,5.60,50.40,3.30,0.00,0.00
O-003163,2025-05-01,S-04,หน้าร้าน,P-103,1,45.00,9.00,36.00,2.36,0.00,0.00
O-003164,2025-05-01,S-01,หน้าร้าน,P-202,1,120.00,6.00,114.00,7.46,0.00,0.00
O-003165,2025-05-01,S-01,หน้าร้าน,P-103,3,135.00,6.75,128.25,8.39,0.00,0.00
O-003166,2025-05-01,S-03,หน้าร้าน,P-102,1,28.00,0.00,28.00,1.83,0.00,0.00
O-003167,2025-05-01,S-06,หน้าร้าน,P-203,1,75.00,7.50,67.50,4.42,0.00,0.00
O-003168,2025-05-01,S-05,หน้าร้าน,P-203,1,75.00,3.75,71.25,4.66,0.00,0.00
O-003169,2025-05-01,S-06,หน้าร้าน,P-103,2,90.00,9.00,81.00,5.30,0.00,0.00
O-003170,2025-05-01,S-05,หน้าร้าน,P-101,2,70.00,0.00,70.00,4.58,0.00,0.00
O-003171,2025-05-01,S-03,หน้าร้าน,P-302,1,3890.00,0.00,3890.00,254.49,0.00,0.00
O-003172,2025-05-01,S-04,หน้าร้าน,P-101,2,70.00,7.00,63.00,4.12,0.00,0.00
O-003173,2025-05-01,S-90,ออนไลน์,P-301,2,4900.00,490.00,4410.00,288.50,50.00,0.00
O-003174,2025-05-01,S-06,หน้าร้าน,P-101,1,35.00,0.00,35.00,2.29,0.00,0.00
O-003175,2025-05-01,S-06,หน้าร้าน,P-103,2,90.00,9.00,81.00,5.30,0.00,0.00
O-003176,2025-05-01,S-01,หน้าร้าน,P-202,1,120.00,12.00,108.00,7.07,0.00,0.00
O-003177,2025-05-01,S-05,หน้าร้าน,P-201,1,95.00,0.00,95.00,6.21,0.00,0.00
O-003178,2025-05-01,S-90,ออนไลน์,P-301,1,2450.00,122.50,2327.50,152.27,35.00,0.00
O-003179,2025-05-01,S-90,ออนไลน์,P-101,1,35.00,0.00,35.00,2.29,35.00,0.00
O-003180,2025-05-02,S-02,หน้าร้าน,P-302,2,7780.00,389.00,7391.00,483.52,0.00,0.00
O-003181,2025-05-02,S-03,หน้าร้าน,P-302,1,3890.00,0.00,3890.00,254.49,0.00,0.00
O-003182,2025-05-02,S-03,หน้าร้าน,P-302,2,7780.00,778.00,7002.00,458.07,0.00,0.00
O-003183,2025-05-02,S-01,หน้าร้าน,P-203,1,75.00,3.75,71.25,4.66,0.00,0.00
O-003184,2025-05-02,S-06,หน้าร้าน,P-302,5,19450.00,1945.00,17505.00,1145.19,0.00,0.00
O-003185,2025-05-02,S-03,หน้าร้าน,P-301,1,2450.00,245.00,2205.00,144.25,0.00,0.00
O-003186,2025-05-02,S-90,ออนไลน์,P-103,1,45.00,2.25,42.75,2.80,35.00,0.00
O-003187,2025-05-02,S-01,หน้าร้าน,P-101,5,175.00,0.00,175.00,11.45,0.00,0.00
O-003188,2025-05-02,S-02,หน้าร้าน,P-202,3,360.00,72.00,288.00,18.84,0.00,0.00
O-003189,2025-05-02,S-05,หน้าร้าน,P-202,3,360.00,72.00,288.00,18.84,0.00,0.00
O-003190,2025-05-02,S-05,หน้าร้าน,P-202,1,120.00,0.00,120.00,7.85,0.00,120.00
O-003191,2025-05-02,S-04,หน้าร้าน,P-202,1,120.00,6.00,114.00,7.46,0.00,0.00
O-003192,2025-05-02,S-90,ออนไลน์,P-102,1,28.00,2.80,25.20,1.65,80.00,0.00
O-003193,2025-05-02,S-01,หน้าร้าน,P-103,2,90.00,18.00,72.00,4.71,0.00,0.00
O-003194,2025-05-02,S-04,หน้าร้าน,P-201,2,190.00,0.00,190.00,12.43,0.00,0.00
O-003195,2025-05-02,S-03,หน้าร้าน,P-202,1,120.00,0.00,120.00,7.85,0.00,0.00
O-003196,2025-05-02,S-90,ออนไลน์,P-202,2,240.00,12.00,228.00,14.92,35.00,0.00
O-003197,2025-05-02,S-01,หน้าร้าน,P-201,1,95.00,0.00,95.00,6.21,0.00,0.00
O-003198,2025-05-02,S-02,หน้าร้าน,P-103,3,135.00,6.75,128.25,8.39,0.00,0.00
O-003199,2025-05-02,S-03,หน้าร้าน,P-102,3,84.00,8.40,75.60,4.95,0.00,0.00
O-003200,2025-05-02,S-04,หน้าร้าน,P-101,2,70.00,0.00,70.00,4.58,0.00,0.00
O-003201,2025-05-02,S-06,หน้าร้าน,P-103,1,45.00,2.25,42.75,2.80,0.00,0.00
O-003202,2025-05-02,S-01,หน้าร้าน,P-201,2,190.00,9.50,180.50,11.81,0.00,0.00
O-003203,2025-05-02,S-03,หน้าร้าน,P-201,1,95.00,9.50,85.50,5.59,0.00,0.00
O-003204,2025-05-02,S-01,หน้าร้าน,P-203,1,75.00,0.00,75.00,4.91,0.00,0.00
O-003205,2025-05-02,S-04,หน้าร้าน,P-301,1,2450.00,0.00,2450.00,160.28,0.00,0.00
O-003206,2025-05-02,S-05,หน้าร้าน,P-101,1,35.00,1.75,33.25,2.18,0.00,0.00
O-003207,2025-05-02,S-03,หน้าร้าน,P-102,1,28.00,0.00,28.00,1.83,0.00,0.00
O-003208,2025-05-02,S-90,ออนไลน์,P-103,2,90.00,0.00,90.00,5.89,0.00,0.00
O-003209,2025-05-02,S-01,หน้าร้าน,P-302,1,3890.00,389.00,3501.00,229.04,0.00,0.00
O-003210,2025-05-02,S-05,หน้าร้าน,P-202,3,360.00,18.00,342.00,22.37,0.00,0.00
O-003211,2025-05-02,S-05,หน้าร้าน,P-301,2,4900.00,0.00,4900.00,320.56,0.00,0.00
O-003212,2025-05-03,S-01,หน้าร้าน,P-301,1,2450.00,0.00,2450.00,160.28,0.00,0.00
O-003213,2025-05-03,S-01,หน้าร้าน,P-201,1,95.00,4.75,90.25,5.90,0.00,0.00
O-003214,2025-05-03,S-04,หน้าร้าน,P-201,1,95.00,9.50,85.50,5.59,0.00,0.00
O-003215,2025-05-03,S-02,หน้าร้าน,P-202,2,240.00,0.00,240.00,15.70,0.00,0.00
O-003216,2025-05-03,S-90,ออนไลน์,P-302,1,3890.00,778.00,3112.00,203.59,0.00,0.00
O-003217,2025-05-03,S-06,หน้าร้าน,P-103,3,135.00,13.50,121.50,7.95,0.00,0.00
O-003218,2025-05-03,S-90,ออนไลน์,P-203,1,75.00,0.00,75.00,4.91,35.00,0.00
O-003219,2025-05-03,S-02,หน้าร้าน,P-101,2,70.00,0.00,70.00,4.58,0.00,0.00
O-003220,2025-05-03,S-01,หน้าร้าน,P-102,5,140.00,28.00,112.00,7.33,0.00,0.00
O-003221,2025-05-03,S-03,หน้าร้าน,P-201,1,95.00,9.50,85.50,5.59,0.00,0.00
O-003222,2025-05-03,S-06,หน้าร้าน,P-103,3,135.00,27.00,108.00,7.07,0.00,0.00
O-003223,2025-05-03,S-04,หน้าร้าน,P-202,1,120.00,24.00,96.00,6.28,0.00,0.00
O-003224,2025-05-03,S-06,หน้าร้าน,P-302,1,3890.00,389.00,3501.00,229.04,0.00,0.00
O-003225,2025-05-03,S-90,ออนไลน์,P-203,3,225.00,22.50,202.50,13.25,0.00,0.00
O-003226,2025-05-03,S-90,ออนไลน์,P-203,3,225.00,0.00,225.00,14.72,35.00,0.00
O-003227,2025-05-03,S-03,หน้าร้าน,P-103,1,45.00,0.00,45.00,2.94,0.00,0.00
O-003228,2025-05-03,S-03,หน้าร้าน,P-301,3,7350.00,1470.00,5880.00,384.67,0.00,0.00
O-003229,2025-05-03,S-90,ออนไลน์,P-201,1,95.00,0.00,95.00,6.21,0.00,0.00
O-003230,2025-05-03,S-04,หน้าร้าน,P-302,1,3890.00,778.00,3112.00,203.59,0.00,0.00
O-003231,2025-05-03,S-03,หน้าร้าน,P-203,1,75.00,3.75,71.25,4.66,0.00,0.00
O-003232,2025-05-03,S-05,หน้าร้าน,P-203,2,150.00,15.00,135.00,8.83,0.00,0.00
O-003233,2025-05-03,S-05,หน้าร้าน,P-102,1,28.00,0.00,28.00,1.83,0.00,0.00
O-003234,2025-05-03,S-06,หน้าร้าน,P-203,2,150.00,30.00,120.00,7.85,0.00,0.00
O-003235,2025-05-03,S-06,หน้าร้าน,P-302,1,3890.00,194.50,3695.50,241.76,0.00,0.00
O-003236,2025-05-03,S-03,หน้าร้าน,P-101,1,35.00,7.00,28.00,1.83,0.00,0.00
O-003237,2025-05-03,S-01,หน้าร้าน,P-103,3,135.00,6.75,128.25,8.39,0.00,0.00
O-003238,2025-05-03,S-06,หน้าร้าน,P-101,1,35.00,0.00,35.00,2.29,0.00,0.00
O-003239,2025-05-03,S-05,หน้าร้าน,P-101,1,35.00,7.00,28.00,1.83,0.00,0.00
O-003240,2025-05-04,S-01,หน้าร้าน,P-102,1,28.00,0.00,28.00,1.83,0.00,0.00
O-003241,2025-05-04,S-01,หน้าร้าน,P-201,1,95.00,0.00,95.00,6.21,0.00,0.00
O-003242,2025-05-04,S-04,หน้าร้าน,P-101,1,35.00,1.75,33.25,2.18,0.00,0.00
O-003243,2025-05-04,S-04,หน้าร้าน,P-201,2,190.00,0.00,190.00,12.43,0.00,0.00
O-003244,2025-05-04,S-04,หน้าร้าน,P-103,1,45.00,9.00,36.00,2.36,0.00,0.00
O-003245,2025-05-04,S-01,หน้าร้าน,P-203,2,150.00,0.00,150.00,9.81,0.00,0.00
O-003246,2025-05-04,S-90,ออนไลน์,P-203,1,75.00,7.50,67.50,4.42,80.00,0.00
O-003247,2025-05-04,S-02,หน้าร้าน,P-101,1,35.00,3.50,31.50,2.06,0.00,0.00
O-003248,2025-05-04,S-05,หน้าร้าน,P-103,1,45.00,0.00,45.00,2.94,0.00,0.00
O-003249,2025-05-04,S-03,หน้าร้าน,P-302,1,3890.00,389.00,3501.00,229.04,0.00,0.00
O-003250,2025-05-04,S-06,หน้าร้าน,P-101,1,35.00,1.75,33.25,2.18,0.00,0.00
O-003251,2025-05-04,S-02,หน้าร้าน,P-302,2,7780.00,778.00,7002.00,458.07,0.00,0.00
O-003252,2025-05-04,S-01,หน้าร้าน,P-302,1,3890.00,778.00,3112.00,203.59,0.00,0.00
O-003253,2025-05-04,S-05,หน้าร้าน,P-202,1,120.00,12.00,108.00,7.07,0.00,0.00
O-003254,2025-05-04,S-05,หน้าร้าน,P-301,1,2450.00,0.00,2450.00,160.28,0.00,0.00
O-003255,2025-05-04,S-05,หน้าร้าน,P-102,1,28.00,0.00,28.00,1.83,0.00,0.00
O-003256,2025-05-04,S-03,หน้าร้าน,P-301,2,4900.00,245.00,4655.00,304.53,0.00,0.00
O-003257,2025-05-04,S-03,หน้าร้าน,P-302,2,7780.00,0.00,7780.00,508.97,0.00,0.00
O-003258,2025-05-04,S-03,หน้าร้าน,P-102,1,28.00,0.00,28.00,1.83,0.00,0.00
O-003259,2025-05-04,S-03,หน้าร้าน,P-103,1,45.00,4.50,40.50,2.65,0.00,0.00
O-003260,2025-05-04,S-90,ออนไลน์,P-301,3,7350.00,735.00,6615.00,432.76,0.00,0.00
O-003261,2025-05-05,S-04,หน้าร้าน,P-201,1,95.00,4.75,90.25,5.90,0.00,0.00
O-003262,2025-05-05,S-90,ออนไลน์,P-203,1,75.00,0.00,75.00,4.91,0.00,0.00
O-003263,2025-05-05,S-06,หน้าร้าน,P-201,1,95.00,4.75,90.25,5.90,0.00,0.00
O-003264,2025-05-05,S-01,หน้าร้าน,P-101,1,35.00,3.50,31.50,2.06,0.00,0.00
O-003265,2025-05-05,S-03,หน้าร้าน,P-101,5,175.00,0.00,175.00,11.45,0.00,0.00
O-003266,2025-05-05,S-90,ออนไลน์,P-103,2,90.00,18.00,72.00,4.71,0.00,0.00
O-003267,2025-05-05,S-04,หน้าร้าน,P-102,3,84.00,4.20,79.80,5.22,0.00,0.00
O-003268,2025-05-05,S-90,ออนไลน์,P-302,1,3890.00,0.00,3890.00,254.49,0.00,0.00
O-003269,2025-05-05,S-04,หน้าร้าน,P-301,3,7350.00,367.50,6982.50,456.80,0.00,0.00
O-003270,2025-05-05,S-04,หน้าร้าน,P-301,2,4900.00,490.00,4410.00,288.50,0.00,0.00
O-003271,2025-05-05,S-06,หน้าร้าน,P-301,2,4900.00,0.00,4900.00,320.56,0.00,0.00
O-003272,2025-05-05,S-05,หน้าร้าน,P-202,1,120.00,0.00,120.00,7.85,0.00,0.00
O-003273,2025-05-05,S-02,หน้าร้าน,P-101,1,35.00,0.00,35.00,2.29,0.00,0.00
O-003274,2025-05-05,S-05,หน้าร้าน,P-301,2,4900.00,980.00,3920.00,256.45,0.00,0.00
O-003275,2025-05-05,S-90,ออนไลน์,P-302,1,3890.00,0.00,3890.00,254.49,50.00,0.00
O-003276,2025-05-05,S-90,ออนไลน์,P-202,1,120.00,24.00,96.00,6.28,0.00,0.00
O-003277,2025-05-05,S-03,หน้าร้าน,P-301,3,7350.00,1470.00,5880.00,384.67,0.00,0.00
O-003278,2025-05-05,S-03,หน้าร้าน,P-202,3,360.00,36.00,324.00,21.20,0.00,0.00
O-003279,2025-05-05,S-03,หน้าร้าน,P-103,2,90.00,0.00,90.00,5.89,0.00,0.00
O-003280,2025-05-05,S-90,ออนไลน์,P-203,1,75.00,0.00,75.00,4.91,80.00,0.00
O-003281,2025-05-05,S-04,หน้าร้าน,P-203,1,75.00,0.00,75.00,4.91,0.00,0.00
O-003282,2025-05-05,S-03,หน้าร้าน,P-103,1,45.00,2.25,42.75,2.80,0.00,0.00
O-003283,2025-05-05,S-90,ออนไลน์,P-202,2,240.00,24.00,216.00,14.13,0.00,0.00
O-003284,2025-05-05,S-03,หน้าร้าน,P-102,1,28.00,1.40,26.60,1.74,0.00,0.00
O-003285,2025-05-05,S-04,หน้าร้าน,P-203,2,150.00,0.00,150.00,9.81,0.00,0.00
O-003286,2025-05-05,S-90,ออนไลน์,P-202,3,360.00,18.00,342.00,22.37,80.00,0.00
O-003287,2025-05-05,S-02,หน้าร้าน,P-301,1,2450.00,490.00,1960.00,128.22,0.00,0.00
O-003288,2025-05-05,S-04,หน้าร้าน,P-102,1,28.00,0.00,28.00,1.83,0.00,0.00
O-003289,2025-05-05,S-04,หน้าร้าน,P-101,1,35.00,1.75,33.25,2.18,0.00,0.00
O-003290,2025-05-06,S-03,หน้าร้าน,P-203,2,150.00,30.00,120.00,7.85,0.00,0.00
O-003291,2025-05-06,S-02,หน้าร้าน,P-102,1,28.00,1.40,26.60,1.74,0.00,0.00
O-003292,2025-05-06,S-01,หน้าร้าน,P-201,1,95.00,4.75,90.25,5.90,0.00,0.00
O-003293,2025-05-06,S-02,หน้าร้าน,P-202,1,120.00,0.00,120.00,7.85,0.00,0.00
O-003294,2025-05-06,S-90,ออนไลน์,P-102,1,28.00,2.80,25.20,1.65,80.00,0.00
O-003295,2025-05-06,S-06,หน้าร้าน,P-302,1,3890.00,194.50,3695.50,241.76,0.00,0.00
O-003296,2025-05-06,S-01,หน้าร้าน,P-203,2,150.00,15.00,135.00,8.83,0.00,135.00
O-003297,2025-05-06,S-02,หน้าร้าน,P-301,1,2450.00,245.00,2205.00,144.25,0.00,0.00
O-003298,2025-05-06,S-05,หน้าร้าน,P-301,1,2450.00,245.00,2205.00,144.25,0.00,0.00
O-003299,2025-05-06,S-01,หน้าร้าน,P-102,2,56.00,2.80,53.20,3.48,0.00,0.00
O-003300,2025-05-06,S-90,ออนไลน์,P-202,1,120.00,0.00,120.00,7.85,0.00,0.00
O-003301,2025-05-06,S-04,หน้าร้าน,P-102,1,28.00,1.40,26.60,1.74,0.00,0.00
O-003302,2025-05-06,S-04,หน้าร้าน,P-201,3,285.00,57.00,228.00,14.92,0.00,0.00
O-003303,2025-05-06,S-01,หน้าร้าน,P-202,5,600.00,30.00,570.00,37.29,0.00,0.00
O-003304,2025-05-06,S-04,หน้าร้าน,P-301,1,2450.00,490.00,1960.00,128.22,0.00,0.00
O-003305,2025-05-06,S-01,หน้าร้าน,P-103,1,45.00,2.25,42.75,2.80,0.00,0.00
O-003306,2025-05-06,S-02,หน้าร้าน,P-203,1,75.00,0.00,75.00,4.91,0.00,0.00
O-003307,2025-05-06,S-02,หน้าร้าน,P-202,1,120.00,12.00,108.00,7.07,0.00,0.00
O-003308,2025-05-06,S-05,หน้าร้าน,P-202,1,120.00,0.00,120.00,7.85,0.00,0.00
O-003309,2025-05-06,S-03,หน้าร้าน,P-202,2,240.00,24.00,216.00,14.13,0.00,0.00
O-003310,2025-05-06,S-01,หน้าร้าน,P-202,3,360.00,72.00,288.00,18.84,0.00,0.00
O-003311,2025-05-06,S-90,ออนไลน์,P-301,1,2450.00,0.00,2450.00,160.28,50.00,0.00
O-003312,2025-05-06,S-01,หน้าร้าน,P-203,2,150.00,30.00,120.00,7.85,0.00,0.00
O-003313,2025-05-06,S-04,หน้าร้าน,P-301,1,2450.00,490.00,1960.00,128.22,0.00,0.00
O-003314,2025-05-06,S-03,หน้าร้าน,P-202,2,240.00,48.00,192.00,12.56,0.00,0.00
O-003315,2025-05-07,S-03,หน้าร้าน,P-102,1,28.00,0.00,28.00,1.83,0.00,0.00
O-003316,2025-05-07,S-06,หน้าร้าน,P-202,1,120.00,12.00,108.00,7.07,0.00,0.00
O-003317,2025-05-07,S-01,หน้าร้าน,P-301,1,2450.00,245.00,2205.00,144.25,0.00,0.00
O-003318,2025-05-07,S-06,หน้าร้าน,P-302,2,7780.00,389.00,7391.00,483.52,0.00,0.00
O-003319,2025-05-07,S-04,หน้าร้าน,P-203,1,75.00,3.75,71.25,4.66,0.00,0.00
O-003320,2025-05-07,S-05,หน้าร้าน,P-101,1,35.00,0.00,35.00,2.29,0.00,0.00
O-003321,2025-05-07,S-02,หน้าร้าน,P-101,2,70.00,3.50,66.50,4.35,0.00,0.00
O-003322,2025-05-07,S-01,หน้าร้าน,P-302,1,3890.00,194.50,3695.50,241.76,0.00,0.00
O-003323,2025-05-07,S-06,หน้าร้าน,P-102,1,28.00,0.00,28.00,1.83,0.00,0.00
O-003324,2025-05-07,S-04,หน้าร้าน,P-201,1,95.00,9.50,85.50,5.59,0.00,0.00
O-003325,2025-05-07,S-02,หน้าร้าน,P-103,1,45.00,4.50,40.50,2.65,0.00,0.00
O-003326,2025-05-07,S-90,ออนไลน์,P-102,1,28.00,2.80,25.20,1.65,50.00,0.00
O-003327,2025-05-07,S-01,หน้าร้าน,P-203,1,75.00,15.00,60.00,3.93,0.00,0.00
O-003328,2025-05-07,S-03,หน้าร้าน,P-202,1,120.00,0.00,120.00,7.85,0.00,0.00
O-003329,2025-05-07,S-01,หน้าร้าน,P-201,2,190.00,0.00,190.00,12.43,0.00,0.00
O-003330,2025-05-07,S-03,หน้าร้าน,P-302,1,3890.00,778.00,3112.00,203.59,0.00,0.00
O-003331,2025-05-07,S-01,หน้าร้าน,P-203,2,150.00,30.00,120.00,7.85,0.00,120.00
O-003332,2025-05-07,S-03,หน้าร้าน,P-201,1,95.00,0.00,95.00,6.21,0.00,0.00
O-003333,2025-05-08,S-06,หน้าร้าน,P-103,3,135.00,0.00,135.00,8.83,0.00,0.00
O-003334,2025-05-08,S-05,หน้าร้าน,P-301,1,2450.00,245.00,2205.00,144.25,0.00,0.00
O-003335,2025-05-08,S-05,หน้าร้าน,P-301,2,4900.00,490.00,4410.00,288.50,0.00,0.00
O-003336,2025-05-08,S-01,หน้าร้าน,P-302,1,3890.00,0.00,3890.00,254.49,0.00,0.00
O-003337,2025-05-08,S-03,หน้าร้าน,P-301,1,2450.00,490.00,1960.00,128.22,0.00,0.00
O-003338,2025-05-08,S-04,หน้าร้าน,P-202,2,240.00,48.00,192.00,12.56,0.00,0.00
O-003339,2025-05-08,S-06,หน้าร้าน,P-202,1,120.00,12.00,108.00,7.07,0.00,0.00
O-003340,2025-05-08,S-05,หน้าร้าน,P-202,1,120.00,6.00,114.00,7.46,0.00,0.00
O-003341,2025-05-08,S-03,หน้าร้าน,P-202,2,240.00,0.00,240.00,15.70,0.00,0.00
O-003342,2025-05-08,S-90,ออนไลน์,P-203,1,75.00,0.00,75.00,4.91,80.00,0.00
O-003343,2025-05-08,S-02,หน้าร้าน,P-301,1,2450.00,0.00,2450.00,160.28,0.00,0.00
O-003344,2025-05-08,S-03,หน้าร้าน,P-103,2,90.00,4.50,85.50,5.59,0.00,0.00
O-003345,2025-05-08,S-04,หน้าร้าน,P-103,3,135.00,6.75,128.25,8.39,0.00,0.00
O-003346,2025-05-08,S-01,หน้าร้าน,P-301,1,2450.00,0.00,2450.00,160.28,0.00,0.00
O-003347,2025-05-08,S-01,หน้าร้าน,P-201,2,190.00,0.00,190.00,12.43,0.00,0.00
O-003348,2025-05-08,S-03,หน้าร้าน,P-201,5,475.00,0.00,475.00,31.07,0.00,0.00
O-003349,2025-05-08,S-06,หน้าร้าน,P-203,1,75.00,0.00,75.00,4.91,0.00,0.00
O-003350,2025-05-08,S-03,หน้าร้าน,P-103,1,45.00,0.00,45.00,2.94,0.00,0.00
O-003351,2025-05-08,S-06,หน้าร้าน,P-203,1,75.00,0.00,75.00,4.91,0.00,0.00
O-003352,2025-05-08,S-04,หน้าร้าน,P-103,1,45.00,4.50,40.50,2.65,0.00,0.00
O-003353,2025-05-09,S-05,หน้าร้าน,P-302,1,3890.00,778.00,3112.00,203.59,0.00,0.00
O-003354,2025-05-09,S-90,ออนไลน์,P-302,2,7780.00,0.00,7780.00,508.97,0.00,0.00
O-003355,2025-05-09,S-05,หน้าร้าน,P-202,1,120.00,24.00,96.00,6.28,0.00,0.00
O-003356,2025-05-09,S-90,ออนไลน์,P-102,1,28.00,1.40,26.60,1.74,0.00,0.00
O-003357,2025-05-09,S-06,หน้าร้าน,P-302,5,19450.00,1945.00,17505.00,1145.19,0.00,0.00
O-003358,2025-05-09,S-06,หน้าร้าน,P-202,1,120.00,0.00,120.00,7.85,0.00,0.00
O-003359,2025-05-09,S-05,หน้าร้าน,P-301,1,2450.00,490.00,1960.00,128.22,0.00,0.00
O-003360,2025-05-09,S-03,หน้าร้าน,P-203,1,75.00,0.00,75.00,4.91,0.00,0.00
O-003361,2025-05-09,S-05,หน้าร้าน,P-301,1,2450.00,490.00,1960.00,128.22,0.00,0.00
O-003362,2025-05-09,S-90,ออนไลน์,P-302,1,3890.00,0.00,3890.00,254.49,0.00,3890.00
O-003363,2025-05-09,S-03,หน้าร้าน,P-302,1,3890.00,389.00,3501.00,229.04,0.00,0.00
O-003364,2025-05-09,S-03,หน้าร้าน,P-102,1,28.00,5.60,22.40,1.47,0.00,0.00
O-003365,2025-05-09,S-06,หน้าร้าน,P-302,1,3890.00,389.00,3501.00,229.04,0.00,0.00
O-003366,2025-05-09,S-04,หน้าร้าน,P-102,2,56.00,11.20,44.80,2.93,0.00,0.00
O-003367,2025-05-09,S-02,หน้าร้าน,P-302,2,7780.00,0.00,7780.00,508.97,0.00,0.00
O-003368,2025-05-09,S-04,หน้าร้าน,P-302,2,7780.00,1556.00,6224.00,407.18,0.00,0.00
O-003369,2025-05-09,S-04,หน้าร้าน,P-201,1,95.00,9.50,85.50,5.59,0.00,0.00
O-003370,2025-05-09,S-90,ออนไลน์,P-302,1,3890.00,194.50,3695.50,241.76,50.00,0.00
O-003371,2025-05-09,S-04,หน้าร้าน,P-102,2,56.00,2.80,53.20,3.48,0.00,0.00
O-003372,2025-05-09,S-01,หน้าร้าน,P-203,2,150.00,15.00,135.00,8.83,0.00,0.00
O-003373,2025-05-09,S-03,หน้าร้าน,P-301,1,2450.00,490.00,1960.00,128.22,0.00,0.00
O-003374,2025-05-09,S-04,หน้าร้าน,P-103,1,45.00,0.00,45.00,2.94,0.00,0.00
O-003375,2025-05-09,S-04,หน้าร้าน,P-101,1,35.00,7.00,28.00,1.83,0.00,0.00
O-003376,2025-05-09,S-02,หน้าร้าน,P-201,1,95.00,19.00,76.00,4.97,0.00,0.00
O-003377,2025-05-09,S-02,หน้าร้าน,P-301,2,4900.00,980.00,3920.00,256.45,0.00,0.00
O-003378,2025-05-09,S-90,ออนไลน์,P-102,5,140.00,14.00,126.00,8.24,80.00,0.00
O-003379,2025-05-09,S-01,หน้าร้าน,P-101,1,35.00,1.75,33.25,2.18,0.00,0.00
O-003380,2025-05-09,S-02,หน้าร้าน,P-202,2,240.00,48.00,192.00,12.56,0.00,0.00
O-003381,2025-05-09,S-05,หน้าร้าน,P-301,2,4900.00,490.00,4410.00,288.50,0.00,0.00
O-003382,2025-05-10,S-03,หน้าร้าน,P-201,2,190.00,0.00,190.00,12.43,0.00,0.00
O-003383,2025-05-10,S-04,หน้าร้าน,P-202,1,120.00,12.00,108.00,7.07,0.00,0.00
O-003384,2025-05-10,S-01,หน้าร้าน,P-202,3,360.00,0.00,360.00,23.55,0.00,0.00
O-003385,2025-05-10,S-01,หน้าร้าน,P-101,3,105.00,10.50,94.50,6.18,0.00,0.00
O-003386,2025-05-10,S-90,ออนไลน์,P-301,1,2450.00,0.00,2450.00,160.28,0.00,0.00
O-003387,2025-05-10,S-03,หน้าร้าน,P-302,5,19450.00,0.00,19450.00,1272.43,0.00,0.00
O-003388,2025-05-10,S-01,หน้าร้าน,P-103,2,90.00,9.00,81.00,5.30,0.00,0.00
O-003389,2025-05-10,S-03,หน้าร้าน,P-102,1,28.00,1.40,26.60,1.74,0.00,0.00
O-003390,2025-05-10,S-06,หน้าร้าน,P-202,1,120.00,24.00,96.00,6.28,0.00,0.00
O-003391,2025-05-10,S-90,ออนไลน์,P-201,1,95.00,19.00,76.00,4.97,50.00,0.00
O-003392,2025-05-10,S-01,หน้าร้าน,P-201,2,190.00,9.50,180.50,11.81,0.00,0.00
O-003393,2025-05-10,S-06,หน้าร้าน,P-301,2,4900.00,245.00,4655.00,304.53,0.00,0.00
O-003394,2025-05-10,S-06,หน้าร้าน,P-102,3,84.00,8.40,75.60,4.95,0.00,0.00
O-003395,2025-05-10,S-06,หน้าร้าน,P-102,1,28.00,5.60,22.40,1.47,0.00,0.00
O-003396,2025-05-10,S-03,หน้าร้าน,P-203,1,75.00,15.00,60.00,3.93,0.00,0.00
O-003397,2025-05-10,S-01,หน้าร้าน,P-103,1,45.00,2.25,42.75,2.80,0.00,0.00
O-003398,2025-05-10,S-02,หน้าร้าน,P-302,1,3890.00,194.50,3695.50,241.76,0.00,0.00
O-003399,2025-05-10,S-01,หน้าร้าน,P-102,2,56.00,0.00,56.00,3.66,0.00,0.00
O-003400,2025-05-10,S-03,หน้าร้าน,P-202,1,120.00,24.00,96.00,6.28,0.00,0.00
O-003401,2025-05-10,S-02,หน้าร้าน,P-103,1,45.00,9.00,36.00,2.36,0.00,0.00
O-003402,2025-05-10,S-02,หน้าร้าน,P-201,1,95.00,19.00,76.00,4.97,0.00,0.00
O-003403,2025-05-10,S-90,ออนไลน์,P-302,1,3890.00,194.50,3695.50,241.76,35.00,0.00
O-003404,2025-05-10,S-02,หน้าร้าน,P-202,3,360.00,0.00,360.00,23.55,0.00,0.00
O-003405,2025-05-10,S-04,หน้าร้าน,P-101,1,35.00,1.75,33.25,2.18,0.00,0.00
O-003406,2025-05-10,S-03,หน้าร้าน,P-302,2,7780.00,0.00,7780.00,508.97,0.00,0.00
O-003407,2025-05-10,S-01,หน้าร้าน,P-101,1,35.00,0.00,35.00,2.29,0.00,0.00
O-003408,2025-05-10,S-04,หน้าร้าน,P-302,1,3890.00,778.00,3112.00,203.59,0.00,0.00
O-003409,2025-05-11,S-03,หน้าร้าน,P-102,1,28.00,2.80,25.20,1.65,0.00,0.00
O-003410,2025-05-11,S-05,หน้าร้าน,P-203,1,75.00,0.00,75.00,4.91,0.00,0.00
O-003411,2025-05-11,S-04,หน้าร้าน,P-302,3,11670.00,2334.00,9336.00,610.77,0.00,0.00
O-003412,2025-05-11,S-04,หน้าร้าน,P-302,1,3890.00,778.00,3112.00,203.59,0.00,0.00
O-003413,2025-05-11,S-06,หน้าร้าน,P-103,1,45.00,0.00,45.00,2.94,0.00,0.00
O-003414,2025-05-11,S-05,หน้าร้าน,P-102,1,28.00,1.40,26.60,1.74,0.00,0.00
O-003415,2025-05-11,S-01,หน้าร้าน,P-302,3,11670.00,0.00,11670.00,763.46,0.00,0.00
O-003416,2025-05-11,S-05,หน้าร้าน,P-103,1,45.00,2.25,42.75,2.80,0.00,0.00
O-003417,2025-05-11,S-03,หน้าร้าน,P-101,3,105.00,21.00,84.00,5.50,0.00,0.00
O-003418,2025-05-11,S-04,หน้าร้าน,P-202,3,360.00,36.00,324.00,21.20,0.00,0.00
O-003419,2025-05-11,S-05,หน้าร้าน,P-201,1,95.00,4.75,90.25,5.90,0.00,0.00
O-003420,2025-05-11,S-02,หน้าร้าน,P-201,2,190.00,0.00,190.00,12.43,0.00,0.00
O-003421,2025-05-11,S-05,หน้าร้าน,P-302,2,7780.00,0.00,7780.00,508.97,0.00,0.00
O-003422,2025-05-11,S-03,หน้าร้าน,P-301,3,7350.00,367.50,6982.50,456.80,0.00,0.00
O-003423,2025-05-11,S-05,หน้าร้าน,P-201,1,95.00,9.50,85.50,5.59,0.00,0.00
O-003424,2025-05-11,S-06,หน้าร้าน,P-203,2,150.00,0.00,150.00,9.81,0.00,0.00
O-003425,2025-05-11,S-01,หน้าร้าน,P-203,3,225.00,22.50,202.50,13.25,0.00,0.00
O-003426,2025-05-11,S-03,หน้าร้าน,P-103,1,45.00,0.00,45.00,2.94,0.00,0.00
O-003427,2025-05-11,S-02,หน้าร้าน,P-102,1,28.00,1.40,26.60,1.74,0.00,0.00
O-003428,2025-05-11,S-05,หน้าร้าน,P-201,1,95.00,19.00,76.00,4.97,0.00,0.00
O-003429,2025-05-11,S-90,ออนไลน์,P-301,2,4900.00,980.00,3920.00,256.45,0.00,0.00
O-003430,2025-05-11,S-90,ออนไลน์,P-101,2,70.00,14.00,56.00,3.66,35.00,0.00
O-003431,2025-05-11,S-90,ออนไลน์,P-302,3,11670.00,2334.00,9336.00,610.77,35.00,0.00
O-003432,2025-05-12,S-90,ออนไลน์,P-201,1,95.00,4.75,90.25,5.90,80.00,0.00
O-003433,2025-05-12,S-01,หน้าร้าน,P-101,1,35.00,3.50,31.50,2.06,0.00,0.00
O-003434,2025-05-12,S-03,หน้าร้าน,P-302,2,7780.00,1556.00,6224.00,407.18,0.00,0.00
O-003435,2025-05-12,S-01,หน้าร้าน,P-202,3,360.00,0.00,360.00,23.55,0.00,0.00
O-003436,2025-05-12,S-06,หน้าร้าน,P-301,5,12250.00,0.00,12250.00,801.40,0.00,0.00
O-003437,2025-05-12,S-06,หน้าร้าน,P-101,3,105.00,0.00,105.00,6.87,0.00,0.00
O-003438,2025-05-12,S-05,หน้าร้าน,P-201,2,190.00,0.00,190.00,12.43,0.00,0.00
O-003439,2025-05-12,S-90,ออนไลน์,P-201,5,475.00,47.50,427.50,27.97,0.00,0.00
O-003440,2025-05-12,S-06,หน้าร้าน,P-201,2,190.00,9.50,180.50,11.81,0.00,0.00
O-003441,2025-05-12,S-05,หน้าร้าน,P-101,1,35.00,7.00,28.00,1.83,0.00,0.00
O-003442,2025-05-12,S-05,หน้าร้าน,P-201,1,95.00,4.75,90.25,5.90,0.00,0.00
O-003443,2025-05-12,S-01,หน้าร้าน,P-203,3,225.00,11.25,213.75,13.98,0.00,0.00
O-003444,2025-05-12,S-90,ออนไลน์,P-103,2,90.00,4.50,85.50,5.59,35.00,0.00
O-003445,2025-05-12,S-01,หน้าร้าน,P-103,2,90.00,0.00,90.00,5.89,0.00,0.00
O-003446,2025-05-12,S-04,หน้าร้าน,P-302,3,11670.00,583.50,11086.50,725.29,0.00,0.00
O-003447,2025-05-12,S-01,หน้าร้าน,P-301,2,4900.00,0.00,4900.00,320.56,0.00,0.00
O-003448,2025-05-12,S-05,หน้าร้าน,P-201,2,190.00,19.00,171.00,11.19,0.00,0.00
O-003449,2025-05-12,S-90,ออนไลน์,P-103,2,90.00,9.00,81.00,5.30,80.00,0.00
O-003450,2025-05-12,S-01,หน้าร้าน,P-302,2,7780.00,1556.00,6224.00,407.18,0.00,0.00
O-003451,2025-05-12,S-90,ออนไลน์,P-102,1,28.00,2.80,25.20,1.65,80.00,0.00
O-003452,2025-05-12,S-02,หน้าร้าน,P-202,1,120.00,0.00,120.00,7.85,0.00,0.00
O-003453,2025-05-12,S-06,หน้าร้าน,P-301,2,4900.00,980.00,3920.00,256.45,0.00,0.00
O-003454,2025-05-13,S-06,หน้าร้าน,P-301,2,4900.00,0.00,4900.00,320.56,0.00,0.00
O-003455,2025-05-13,S-04,หน้าร้าน,P-101,2,70.00,0.00,70.00,4.58,0.00,0.00
O-003456,2025-05-13,S-02,หน้าร้าน,P-302,3,11670.00,1167.00,10503.00,687.11,0.00,0.00
O-003457,2025-05-13,S-01,หน้าร้าน,P-203,3,225.00,0.00,225.00,14.72,0.00,0.00
O-003458,2025-05-13,S-05,หน้าร้าน,P-201,1,95.00,19.00,76.00,4.97,0.00,0.00
O-003459,2025-05-13,S-04,หน้าร้าน,P-201,1,95.00,0.00,95.00,6.21,0.00,0.00
O-003460,2025-05-13,S-06,หน้าร้าน,P-203,1,75.00,0.00,75.00,4.91,0.00,0.00
O-003461,2025-05-13,S-05,หน้าร้าน,P-102,2,56.00,11.20,44.80,2.93,0.00,0.00
O-003462,2025-05-13,S-90,ออนไลน์,P-203,1,75.00,0.00,75.00,4.91,0.00,0.00
O-003463,2025-05-13,S-03,หน้าร้าน,P-302,2,7780.00,389.00,7391.00,483.52,0.00,0.00
O-003464,2025-05-13,S-03,หน้าร้าน,P-103,1,45.00,4.50,40.50,2.65,0.00,0.00
O-003465,2025-05-13,S-03,หน้าร้าน,P-102,3,84.00,4.20,79.80,5.22,0.00,0.00
O-003466,2025-05-13,S-02,หน้าร้าน,P-101,1,35.00,1.75,33.25,2.18,0.00,0.00
O-003467,2025-05-13,S-05,หน้าร้าน,P-201,2,190.00,0.00,190.00,12.43,0.00,0.00
O-003468,2025-05-13,S-02,หน้าร้าน,P-203,3,225.00,22.50,202.50,13.25,0.00,0.00
O-003469,2025-05-13,S-04,หน้าร้าน,P-201,5,475.00,0.00,475.00,31.07,0.00,0.00
O-003470,2025-05-13,S-06,หน้าร้าน,P-302,1,3890.00,0.00,3890.00,254.49,0.00,0.00
O-003471,2025-05-13,S-03,หน้าร้าน,P-102,1,28.00,1.40,26.60,1.74,0.00,0.00
O-003472,2025-05-13,S-02,หน้าร้าน,P-102,1,28.00,2.80,25.20,1.65,0.00,0.00
O-003473,2025-05-13,S-06,หน้าร้าน,P-103,3,135.00,0.00,135.00,8.83,0.00,0.00
O-003474,2025-05-13,S-06,หน้าร้าน,P-103,2,90.00,9.00,81.00,5.30,0.00,0.00
O-003475,2025-05-13,S-03,หน้าร้าน,P-302,3,11670.00,1167.00,10503.00,687.11,0.00,0.00
O-003476,2025-05-13,S-04,หน้าร้าน,P-203,1,75.00,7.50,67.50,4.42,0.00,0.00
O-003477,2025-05-13,S-04,หน้าร้าน,P-102,1,28.00,2.80,25.20,1.65,0.00,0.00
O-003478,2025-05-13,S-01,หน้าร้าน,P-103,1,45.00,0.00,45.00,2.94,0.00,0.00
O-003479,2025-05-13,S-05,หน้าร้าน,P-201,1,95.00,0.00,95.00,6.21,0.00,0.00
O-003480,2025-05-13,S-02,หน้าร้าน,P-202,1,120.00,0.00,120.00,7.85,0.00,0.00
O-003481,2025-05-13,S-01,หน้าร้าน,P-203,2,150.00,7.50,142.50,9.32,0.00,0.00
O-003482,2025-05-13,S-01,หน้าร้าน,P-301,1,2450.00,0.00,2450.00,160.28,0.00,0.00
O-003483,2025-05-13,S-03,หน้าร้าน,P-301,1,2450.00,0.00,2450.00,160.28,0.00,0.00
O-003484,2025-05-13,S-05,หน้าร้าน,P-201,2,190.00,19.00,171.00,11.19,0.00,0.00
O-003485,2025-05-13,S-05,หน้าร้าน,P-101,1,35.00,3.50,31.50,2.06,0.00,0.00
O-003486,2025-05-13,S-03,หน้าร้าน,P-102,1,28.00,0.00,28.00,1.83,0.00,0.00
O-003487,2025-05-13,S-03,หน้าร้าน,P-203,1,75.00,15.00,60.00,3.93,0.00,0.00
O-003488,2025-05-14,S-05,หน้าร้าน,P-203,1,75.00,15.00,60.00,3.93,0.00,0.00
O-003489,2025-05-14,S-01,หน้าร้าน,P-103,1,45.00,0.00,45.00,2.94,0.00,0.00
O-003490,2025-05-14,S-90,ออนไลน์,P-103,2,90.00,9.00,81.00,5.30,35.00,0.00
O-003491,2025-05-14,S-06,หน้าร้าน,P-101,2,70.00,0.00,70.00,4.58,0.00,0.00
O-003492,2025-05-14,S-90,ออนไลน์,P-202,3,360.00,0.00,360.00,23.55,0.00,0.00
O-003493,2025-05-14,S-03,หน้าร้าน,P-101,2,70.00,7.00,63.00,4.12,0.00,0.00
O-003494,2025-05-14,S-05,หน้าร้าน,P-203,1,75.00,3.75,71.25,4.66,0.00,0.00
O-003495,2025-05-14,S-02,หน้าร้าน,P-202,1,120.00,6.00,114.00,7.46,0.00,0.00
O-003496,2025-05-14,S-05,หน้าร้าน,P-103,1,45.00,2.25,42.75,2.80,0.00,0.00
O-003497,2025-05-14,S-02,หน้าร้าน,P-202,1,120.00,0.00,120.00,7.85,0.00,0.00
O-003498,2025-05-14,S-05,หน้าร้าน,P-302,5,19450.00,0.00,19450.00,1272.43,0.00,0.00
O-003499,2025-05-14,S-03,หน้าร้าน,P-302,1,3890.00,778.00,3112.00,203.59,0.00,0.00
O-003500,2025-05-14,S-03,หน้าร้าน,P-103,2,90.00,0.00,90.00,5.89,0.00,0.00
O-003501,2025-05-14,S-06,หน้าร้าน,P-102,2,56.00,2.80,53.20,3.48,0.00,0.00
O-003502,2025-05-14,S-01,หน้าร้าน,P-201,1,95.00,0.00,95.00,6.21,0.00,0.00
O-003503,2025-05-14,S-05,หน้าร้าน,P-101,2,70.00,0.00,70.00,4.58,0.00,0.00
O-003504,2025-05-14,S-90,ออนไลน์,P-101,2,70.00,14.00,56.00,3.66,80.00,0.00
O-003505,2025-05-14,S-04,หน้าร้าน,P-103,5,225.00,22.50,202.50,13.25,0.00,0.00
O-003506,2025-05-14,S-90,ออนไลน์,P-202,1,120.00,12.00,108.00,7.07,50.00,0.00
O-003507,2025-05-14,S-06,หน้าร้าน,P-101,1,35.00,7.00,28.00,1.83,0.00,0.00
O-003508,2025-05-14,S-90,ออนไลน์,P-103,1,45.00,4.50,40.50,2.65,50.00,0.00
O-003509,2025-05-14,S-03,หน้าร้าน,P-203,1,75.00,0.00,75.00,4.91,0.00,0.00
O-003510,2025-05-14,S-05,หน้าร้าน,P-102,2,56.00,0.00,56.00,3.66,0.00,0.00
O-003511,2025-05-14,S-04,หน้าร้าน,P-301,1,2450.00,490.00,1960.00,128.22,0.00,0.00
O-003512,2025-05-14,S-90,ออนไลน์,P-103,1,45.00,4.50,40.50,2.65,0.00,0.00
O-003513,2025-05-15,S-02,หน้าร้าน,P-301,2,4900.00,980.00,3920.00,256.45,0.00,0.00
O-003514,2025-05-15,S-04,หน้าร้าน,P-101,2,70.00,7.00,63.00,4.12,0.00,0.00
O-003515,2025-05-15,S-03,หน้าร้าน,P-201,1,95.00,0.00,95.00,6.21,0.00,0.00
O-003516,2025-05-15,S-01,หน้าร้าน,P-203,1,75.00,0.00,75.00,4.91,0.00,0.00
O-003517,2025-05-15,S-03,หน้าร้าน,P-202,5,600.00,30.00,570.00,37.29,0.00,0.00
O-003518,2025-05-15,S-06,หน้าร้าน,P-202,2,240.00,24.00,216.00,14.13,0.00,0.00
O-003519,2025-05-15,S-01,หน้าร้าน,P-302,1,3890.00,778.00,3112.00,203.59,0.00,0.00
O-003520,2025-05-15,S-05,หน้าร้าน,P-103,3,135.00,6.75,128.25,8.39,0.00,0.00
O-003521,2025-05-15,S-04,หน้าร้าน,P-101,1,35.00,3.50,31.50,2.06,0.00,0.00
O-003522,2025-05-15,S-90,ออนไลน์,P-202,2,240.00,48.00,192.00,12.56,80.00,0.00
O-003523,2025-05-15,S-06,หน้าร้าน,P-202,1,120.00,24.00,96.00,6.28,0.00,0.00
O-003524,2025-05-15,S-01,หน้าร้าน,P-103,1,45.00,0.00,45.00,2.94,0.00,0.00
O-003525,2025-05-15,S-90,ออนไลน์,P-301,5,12250.00,0.00,12250.00,801.40,50.00,0.00
O-003526,2025-05-15,S-01,หน้าร้าน,P-103,5,225.00,0.00,225.00,14.72,0.00,0.00
O-003527,2025-05-15,S-90,ออนไลน์,P-103,1,45.00,0.00,45.00,2.94,80.00,0.00
O-003528,2025-05-15,S-06,หน้าร้าน,P-203,2,150.00,15.00,135.00,8.83,0.00,0.00
O-003529,2025-05-15,S-01,หน้าร้าน,P-301,3,7350.00,0.00,7350.00,480.84,0.00,0.00
O-003530,2025-05-15,S-01,หน้าร้าน,P-302,1,3890.00,778.00,3112.00,203.59,0.00,0.00
O-003531,2025-05-15,S-05,หน้าร้าน,P-102,1,28.00,2.80,25.20,1.65,0.00,0.00
O-003532,2025-05-15,S-03,หน้าร้าน,P-202,2,240.00,0.00,240.00,15.70,0.00,0.00
O-003533,2025-05-15,S-90,ออนไลน์,P-302,3,11670.00,1167.00,10503.00,687.11,80.00,0.00
O-003534,2025-05-15,S-90,ออนไลน์,P-101,1,35.00,0.00,35.00,2.29,0.00,0.00
O-003535,2025-05-16,S-03,หน้าร้าน,P-301,2,4900.00,980.00,3920.00,256.45,0.00,0.00
O-003536,2025-05-16,S-90,ออนไลน์,P-201,1,95.00,4.75,90.25,5.90,0.00,0.00
O-003537,2025-05-16,S-01,หน้าร้าน,P-201,1,95.00,19.00,76.00,4.97,0.00,0.00
O-003538,2025-05-16,S-90,ออนไลน์,P-101,1,35.00,0.00,35.00,2.29,50.00,0.00
O-003539,2025-05-16,S-90,ออนไลน์,P-102,1,28.00,0.00,28.00,1.83,35.00,0.00
O-003540,2025-05-16,S-05,หน้าร้าน,P-302,1,3890.00,0.00,3890.00,254.49,0.00,0.00
O-003541,2025-05-16,S-05,หน้าร้าน,P-201,1,95.00,9.50,85.50,5.59,0.00,0.00
O-003542,2025-05-16,S-05,หน้าร้าน,P-102,1,28.00,0.00,28.00,1.83,0.00,0.00
O-003543,2025-05-16,S-05,หน้าร้าน,P-201,1,95.00,4.75,90.25,5.90,0.00,0.00
O-003544,2025-05-16,S-06,หน้าร้าน,P-101,1,35.00,0.00,35.00,2.29,0.00,0.00
O-003545,2025-05-16,S-06,หน้าร้าน,P-301,1,2450.00,0.00,2450.00,160.28,0.00,0.00
O-003546,2025-05-16,S-02,หน้าร้าน,P-102,1,28.00,2.80,25.20,1.65,0.00,0.00
O-003547,2025-05-16,S-02,หน้าร้าน,P-102,1,28.00,5.60,22.40,1.47,0.00,0.00
O-003548,2025-05-16,S-90,ออนไลน์,P-301,1,2450.00,122.50,2327.50,152.27,0.00,0.00
O-003549,2025-05-16,S-06,หน้าร้าน,P-102,1,28.00,5.60,22.40,1.47,0.00,0.00
O-003550,2025-05-16,S-90,ออนไลน์,P-203,2,150.00,30.00,120.00,7.85,0.00,0.00
O-003551,2025-05-16,S-05,หน้าร้าน,P-101,1,35.00,7.00,28.00,1.83,0.00,0.00
O-003552,2025-05-16,S-01,หน้าร้าน,P-202,2,240.00,24.00,216.00,14.13,0.00,0.00
O-003553,2025-05-16,S-02,หน้าร้าน,P-203,2,150.00,0.00,150.00,9.81,0.00,0.00
O-003554,2025-05-17,S-04,หน้าร้าน,P-101,1,35.00,0.00,35.00,2.29,0.00,35.00
O-003555,2025-05-17,S-02,หน้าร้าน,P-202,1,120.00,12.00,108.00,7.07,0.00,0.00
O-003556,2025-05-17,S-03,หน้าร้าน,P-201,1,95.00,0.00,95.00,6.21,0.00,0.00
O-003557,2025-05-17,S-01,หน้าร้าน,P-201,3,285.00,28.50,256.50,16.78,0.00,0.00
O-003558,2025-05-17,S-90,ออนไลน์,P-101,1,35.00,0.00,35.00,2.29,35.00,0.00
O-003559,2025-05-17,S-04,หน้าร้าน,P-302,1,3890.00,194.50,3695.50,241.76,0.00,0.00
O-003560,2025-05-17,S-04,หน้าร้าน,P-302,1,3890.00,778.00,3112.00,203.59,0.00,0.00
O-003561,2025-05-17,S-06,หน้าร้าน,P-302,1,3890.00,389.00,3501.00,229.04,0.00,0.00
O-003562,2025-05-17,S-06,หน้าร้าน,P-101,3,105.00,0.00,105.00,6.87,0.00,0.00
O-003563,2025-05-17,S-90,ออนไลน์,P-103,2,90.00,18.00,72.00,4.71,35.00,0.00
O-003564,2025-05-17,S-90,ออนไลน์,P-203,3,225.00,0.00,225.00,14.72,0.00,0.00
O-003565,2025-05-17,S-04,หน้าร้าน,P-102,1,28.00,5.60,22.40,1.47,0.00,0.00
O-003566,2025-05-17,S-01,หน้าร้าน,P-103,1,45.00,9.00,36.00,2.36,0.00,0.00
O-003567,2025-05-17,S-01,หน้าร้าน,P-302,5,19450.00,0.00,19450.00,1272.43,0.00,0.00
O-003568,2025-05-17,S-90,ออนไลน์,P-102,2,56.00,0.00,56.00,3.66,0.00,0.00
O-003569,2025-05-17,S-03,หน้าร้าน,P-101,2,70.00,14.00,56.00,3.66,0.00,0.00
O-003570,2025-05-17,S-01,หน้าร้าน,P-103,1,45.00,0.00,45.00,2.94,0.00,0.00
O-003571,2025-05-17,S-90,ออนไลน์,P-203,1,75.00,0.00,75.00,4.91,80.00,0.00
O-003572,2025-05-17,S-02,หน้าร้าน,P-103,2,90.00,4.50,85.50,5.59,0.00,0.00
O-003573,2025-05-17,S-03,หน้าร้าน,P-203,2,150.00,30.00,120.00,7.85,0.00,0.00
O-003574,2025-05-17,S-06,หน้าร้าน,P-301,2,4900.00,0.00,4900.00,320.56,0.00,0.00
O-003575,2025-05-17,S-03,หน้าร้าน,P-102,5,140.00,0.00,140.00,9.16,0.00,0.00
O-003576,2025-05-17,S-03,หน้าร้าน,P-103,2,90.00,18.00,72.00,4.71,0.00,0.00
O-003577,2025-05-17,S-03,หน้าร้าน,P-302,1,3890.00,194.50,3695.50,241.76,0.00,0.00
O-003578,2025-05-17,S-04,หน้าร้าน,P-201,2,190.00,19.00,171.00,11.19,0.00,0.00
O-003579,2025-05-17,S-05,หน้าร้าน,P-202,3,360.00,36.00,324.00,21.20,0.00,0.00
O-003580,2025-05-17,S-06,หน้าร้าน,P-301,1,2450.00,122.50,2327.50,152.27,0.00,0.00
O-003581,2025-05-17,S-01,หน้าร้าน,P-101,3,105.00,0.00,105.00,6.87,0.00,0.00
O-003582,2025-05-17,S-01,หน้าร้าน,P-103,1,45.00,2.25,42.75,2.80,0.00,0.00
O-003583,2025-05-17,S-04,หน้าร้าน,P-103,1,45.00,0.00,45.00,2.94,0.00,0.00
O-003584,2025-05-17,S-06,หน้าร้าน,P-201,2,190.00,19.00,171.00,11.19,0.00,0.00
O-003585,2025-05-17,S-90,ออนไลน์,P-101,1,35.00,7.00,28.00,1.83,0.00,0.00
O-003586,2025-05-18,S-90,ออนไลน์,P-302,1,3890.00,0.00,3890.00,254.49,35.00,0.00
O-003587,2025-05-18,S-02,หน้าร้าน,P-203,1,75.00,0.00,75.00,4.91,0.00,0.00
O-003588,2025-05-18,S-05,หน้าร้าน,P-102,1,28.00,0.00,28.00,1.83,0.00,0.00
O-003589,2025-05-18,S-01,หน้าร้าน,P-203,1,75.00,7.50,67.50,4.42,0.00,0.00
O-003590,2025-05-18,S-90,ออนไลน์,P-203,2,150.00,15.00,135.00,8.83,80.00,0.00
O-003591,2025-05-18,S-02,หน้าร้าน,P-202,1,120.00,6.00,114.00,7.46,0.00,0.00
O-003592,2025-05-18,S-01,หน้าร้าน,P-302,1,3890.00,0.00,3890.00,254.49,0.00,0.00
O-003593,2025-05-18,S-04,หน้าร้าน,P-202,1,120.00,12.00,108.00,7.07,0.00,0.00
O-003594,2025-05-18,S-02,หน้าร้าน,P-103,2,90.00,18.00,72.00,4.71,0.00,0.00
O-003595,2025-05-18,S-05,หน้าร้าน,P-101,1,35.00,0.00,35.00,2.29,0.00,0.00
O-003596,2025-05-18,S-04,หน้าร้าน,P-302,1,3890.00,194.50,3695.50,241.76,0.00,0.00
O-003597,2025-05-18,S-02,หน้าร้าน,P-203,1,75.00,3.75,71.25,4.66,0.00,0.00
O-003598,2025-05-18,S-06,หน้าร้าน,P-103,1,45.00,2.25,42.75,2.80,0.00,0.00
O-003599,2025-05-18,S-04,หน้าร้าน,P-203,1,75.00,7.50,67.50,4.42,0.00,0.00
O-003600,2025-05-18,S-06,หน้าร้าน,P-202,2,240.00,48.00,192.00,12.56,0.00,0.00
O-003601,2025-05-18,S-05,หน้าร้าน,P-103,2,90.00,0.00,90.00,5.89,0.00,0.00
O-003602,2025-05-18,S-05,หน้าร้าน,P-103,1,45.00,4.50,40.50,2.65,0.00,0.00
O-003603,2025-05-18,S-04,หน้าร้าน,P-203,1,75.00,3.75,71.25,4.66,0.00,0.00
O-003604,2025-05-19,S-06,หน้าร้าน,P-302,2,7780.00,778.00,7002.00,458.07,0.00,0.00
O-003605,2025-05-19,S-04,หน้าร้าน,P-302,1,3890.00,194.50,3695.50,241.76,0.00,0.00
O-003606,2025-05-19,S-02,หน้าร้าน,P-101,1,35.00,1.75,33.25,2.18,0.00,0.00
O-003607,2025-05-19,S-03,หน้าร้าน,P-202,2,240.00,0.00,240.00,15.70,0.00,0.00
O-003608,2025-05-19,S-06,หน้าร้าน,P-101,1,35.00,0.00,35.00,2.29,0.00,0.00
O-003609,2025-05-19,S-01,หน้าร้าน,P-201,5,475.00,0.00,475.00,31.07,0.00,0.00
O-003610,2025-05-19,S-01,หน้าร้าน,P-102,1,28.00,5.60,22.40,1.47,0.00,0.00
O-003611,2025-05-19,S-03,หน้าร้าน,P-102,1,28.00,0.00,28.00,1.83,0.00,0.00
O-003612,2025-05-19,S-03,หน้าร้าน,P-201,1,95.00,19.00,76.00,4.97,0.00,0.00
O-003613,2025-05-19,S-05,หน้าร้าน,P-101,1,35.00,3.50,31.50,2.06,0.00,0.00
O-003614,2025-05-19,S-01,หน้าร้าน,P-103,1,45.00,0.00,45.00,2.94,0.00,0.00
O-003615,2025-05-19,S-03,หน้าร้าน,P-102,1,28.00,0.00,28.00,1.83,0.00,0.00
O-003616,2025-05-19,S-04,หน้าร้าน,P-102,1,28.00,5.60,22.40,1.47,0.00,0.00
O-003617,2025-05-19,S-01,หน้าร้าน,P-202,1,120.00,24.00,96.00,6.28,0.00,0.00
O-003618,2025-05-19,S-04,หน้าร้าน,P-203,1,75.00,3.75,71.25,4.66,0.00,0.00
O-003619,2025-05-19,S-90,ออนไลน์,P-203,2,150.00,0.00,150.00,9.81,35.00,0.00
O-003620,2025-05-19,S-02,หน้าร้าน,P-101,2,70.00,14.00,56.00,3.66,0.00,0.00
O-003621,2025-05-19,S-05,หน้าร้าน,P-201,3,285.00,14.25,270.75,17.71,0.00,0.00
O-003622,2025-05-19,S-90,ออนไลน์,P-203,3,225.00,22.50,202.50,13.25,35.00,0.00
O-003623,2025-05-19,S-05,หน้าร้าน,P-202,2,240.00,0.00,240.00,15.70,0.00,0.00
O-003624,2025-05-19,S-02,หน้าร้าน,P-302,1,3890.00,778.00,3112.00,203.59,0.00,0.00
O-003625,2025-05-19,S-03,หน้าร้าน,P-103,3,135.00,13.50,121.50,7.95,0.00,0.00
O-003626,2025-05-19,S-02,หน้าร้าน,P-202,1,120.00,0.00,120.00,7.85,0.00,0.00
O-003627,2025-05-19,S-04,หน้าร้าน,P-202,1,120.00,12.00,108.00,7.07,0.00,0.00
O-003628,2025-05-20,S-02,หน้าร้าน,P-203,1,75.00,7.50,67.50,4.42,0.00,0.00
O-003629,2025-05-20,S-04,หน้าร้าน,P-202,2,240.00,0.00,240.00,15.70,0.00,0.00
O-003630,2025-05-20,S-02,หน้าร้าน,P-301,2,4900.00,0.00,4900.00,320.56,0.00,0.00
O-003631,2025-05-20,S-06,หน้าร้าน,P-203,2,150.00,0.00,150.00,9.81,0.00,0.00
O-003632,2025-05-20,S-02,หน้าร้าน,P-102,1,28.00,0.00,28.00,1.83,0.00,0.00
O-003633,2025-05-20,S-90,ออนไลน์,P-101,1,35.00,3.50,31.50,2.06,0.00,0.00
O-003634,2025-05-20,S-90,ออนไลน์,P-103,2,90.00,4.50,85.50,5.59,50.00,0.00
O-003635,2025-05-20,S-01,หน้าร้าน,P-103,1,45.00,0.00,45.00,2.94,0.00,0.00
O-003636,2025-05-20,S-04,หน้าร้าน,P-102,1,28.00,5.60,22.40,1.47,0.00,0.00
O-003637,2025-05-20,S-02,หน้าร้าน,P-103,3,135.00,6.75,128.25,8.39,0.00,0.00
O-003638,2025-05-20,S-04,หน้าร้าน,P-302,1,3890.00,778.00,3112.00,203.59,0.00,0.00
O-003639,2025-05-20,S-03,หน้าร้าน,P-101,1,35.00,0.00,35.00,2.29,0.00,0.00
O-003640,2025-05-20,S-01,หน้าร้าน,P-302,2,7780.00,389.00,7391.00,483.52,0.00,0.00
O-003641,2025-05-20,S-06,หน้าร้าน,P-201,2,190.00,0.00,190.00,12.43,0.00,0.00
O-003642,2025-05-20,S-02,หน้าร้าน,P-101,1,35.00,0.00,35.00,2.29,0.00,0.00
O-003643,2025-05-20,S-06,หน้าร้าน,P-103,1,45.00,0.00,45.00,2.94,0.00,0.00
O-003644,2025-05-20,S-90,ออนไลน์,P-302,1,3890.00,389.00,3501.00,229.04,50.00,0.00
O-003645,2025-05-20,S-90,ออนไลน์,P-301,1,2450.00,122.50,2327.50,152.27,80.00,0.00
O-003646,2025-05-20,S-06,หน้าร้าน,P-202,3,360.00,72.00,288.00,18.84,0.00,0.00
O-003647,2025-05-20,S-01,หน้าร้าน,P-302,5,19450.00,0.00,19450.00,1272.43,0.00,0.00
O-003648,2025-05-20,S-02,หน้าร้าน,P-203,3,225.00,0.00,225.00,14.72,0.00,0.00
O-003649,2025-05-20,S-01,หน้าร้าน,P-101,2,70.00,0.00,70.00,4.58,0.00,0.00
O-003650,2025-05-20,S-03,หน้าร้าน,P-201,3,285.00,14.25,270.75,17.71,0.00,0.00
O-003651,2025-05-20,S-04,หน้าร้าน,P-103,1,45.00,2.25,42.75,2.80,0.00,0.00
O-003652,2025-05-20,S-04,หน้าร้าน,P-102,3,84.00,8.40,75.60,4.95,0.00,0.00
O-003653,2025-05-20,S-01,หน้าร้าน,P-102,2,56.00,0.00,56.00,3.66,0.00,0.00
O-003654,2025-05-20,S-03,หน้าร้าน,P-101,1,35.00,0.00,35.00,2.29,0.00,0.00
O-003655,2025-05-20,S-05,หน้าร้าน,P-103,1,45.00,4.50,40.50,2.65,0.00,0.00
O-003656,2025-05-20,S-04,หน้าร้าน,P-301,2,4900.00,490.00,4410.00,288.50,0.00,0.00
O-003657,2025-05-20,S-03,หน้าร้าน,P-101,1,35.00,0.00,35.00,2.29,0.00,0.00
O-003658,2025-05-20,S-04,หน้าร้าน,P-301,5,12250.00,0.00,12250.00,801.40,0.00,0.00
O-003659,2025-05-20,S-02,หน้าร้าน,P-101,1,35.00,7.00,28.00,1.83,0.00,0.00
O-003660,2025-05-21,S-02,หน้าร้าน,P-202,3,360.00,0.00,360.00,23.55,0.00,0.00
O-003661,2025-05-21,S-01,หน้าร้าน,P-101,1,35.00,1.75,33.25,2.18,0.00,0.00
O-003662,2025-05-21,S-06,หน้าร้าน,P-302,3,11670.00,583.50,11086.50,725.29,0.00,0.00
O-003663,2025-05-21,S-02,หน้าร้าน,P-202,1,120.00,12.00,108.00,7.07,0.00,0.00
O-003664,2025-05-21,S-05,หน้าร้าน,P-301,1,2450.00,0.00,2450.00,160.28,0.00,0.00
O-003665,2025-05-21,S-03,หน้าร้าน,P-101,2,70.00,0.00,70.00,4.58,0.00,0.00
O-003666,2025-05-21,S-01,หน้าร้าน,P-102,3,84.00,16.80,67.20,4.40,0.00,0.00
O-003667,2025-05-21,S-05,หน้าร้าน,P-103,2,90.00,0.00,90.00,5.89,0.00,0.00
O-003668,2025-05-21,S-03,หน้าร้าน,P-302,1,3890.00,0.00,3890.00,254.49,0.00,0.00
O-003669,2025-05-21,S-04,หน้าร้าน,P-101,2,70.00,0.00,70.00,4.58,0.00,0.00
O-003670,2025-05-21,S-90,ออนไลน์,P-302,2,7780.00,389.00,7391.00,483.52,50.00,0.00
O-003671,2025-05-21,S-02,หน้าร้าน,P-201,1,95.00,4.75,90.25,5.90,0.00,0.00
O-003672,2025-05-21,S-04,หน้าร้าน,P-103,1,45.00,0.00,45.00,2.94,0.00,0.00
O-003673,2025-05-21,S-90,ออนไลน์,P-202,1,120.00,0.00,120.00,7.85,35.00,0.00
O-003674,2025-05-21,S-05,หน้าร้าน,P-202,2,240.00,48.00,192.00,12.56,0.00,0.00
O-003675,2025-05-21,S-04,หน้าร้าน,P-101,2,70.00,14.00,56.00,3.66,0.00,0.00
O-003676,2025-05-21,S-90,ออนไลน์,P-203,2,150.00,0.00,150.00,9.81,35.00,0.00
O-003677,2025-05-21,S-03,หน้าร้าน,P-101,1,35.00,0.00,35.00,2.29,0.00,0.00
O-003678,2025-05-21,S-06,หน้าร้าน,P-103,1,45.00,4.50,40.50,2.65,0.00,0.00
O-003679,2025-05-21,S-05,หน้าร้าน,P-103,2,90.00,0.00,90.00,5.89,0.00,0.00
O-003680,2025-05-21,S-05,หน้าร้าน,P-301,2,4900.00,245.00,4655.00,304.53,0.00,0.00
O-003681,2025-05-21,S-01,หน้าร้าน,P-201,1,95.00,19.00,76.00,4.97,0.00,0.00
O-003682,2025-05-21,S-02,หน้าร้าน,P-201,1,95.00,0.00,95.00,6.21,0.00,0.00
O-003683,2025-05-21,S-01,หน้าร้าน,P-201,2,190.00,9.50,180.50,11.81,0.00,0.00
O-003684,2025-05-21,S-05,หน้าร้าน,P-103,1,45.00,2.25,42.75,2.80,0.00,0.00
O-003685,2025-05-21,S-02,หน้าร้าน,P-201,2,190.00,38.00,152.00,9.94,0.00,0.00
O-003686,2025-05-21,S-06,หน้าร้าน,P-102,1,28.00,5.60,22.40,1.47,0.00,0.00
O-003687,2025-05-21,S-01,หน้าร้าน,P-102,2,56.00,0.00,56.00,3.66,0.00,0.00
O-003688,2025-05-21,S-04,หน้าร้าน,P-301,1,2450.00,0.00,2450.00,160.28,0.00,0.00
O-003689,2025-05-22,S-90,ออนไลน์,P-203,1,75.00,7.50,67.50,4.42,80.00,0.00
O-003690,2025-05-22,S-01,หน้าร้าน,P-102,1,28.00,0.00,28.00,1.83,0.00,0.00
O-003691,2025-05-22,S-03,หน้าร้าน,P-101,1,35.00,1.75,33.25,2.18,0.00,0.00
O-003692,2025-05-22,S-90,ออนไลน์,P-302,1,3890.00,778.00,3112.00,203.59,50.00,0.00
O-003693,2025-05-22,S-06,หน้าร้าน,P-103,3,135.00,27.00,108.00,7.07,0.00,0.00
O-003694,2025-05-22,S-01,หน้าร้าน,P-302,1,3890.00,0.00,3890.00,254.49,0.00,0.00
O-003695,2025-05-22,S-01,หน้าร้าน,P-302,3,11670.00,583.50,11086.50,725.29,0.00,0.00
O-003696,2025-05-22,S-02,หน้าร้าน,P-302,1,3890.00,778.00,3112.00,203.59,0.00,0.00
O-003697,2025-05-22,S-03,หน้าร้าน,P-203,2,150.00,7.50,142.50,9.32,0.00,0.00
O-003698,2025-05-22,S-90,ออนไลน์,P-302,1,3890.00,778.00,3112.00,203.59,50.00,0.00
O-003699,2025-05-22,S-02,หน้าร้าน,P-101,1,35.00,0.00,35.00,2.29,0.00,0.00
O-003700,2025-05-22,S-90,ออนไลน์,P-101,2,70.00,0.00,70.00,4.58,0.00,0.00
O-003701,2025-05-22,S-03,หน้าร้าน,P-203,2,150.00,15.00,135.00,8.83,0.00,0.00
O-003702,2025-05-22,S-02,หน้าร้าน,P-302,3,11670.00,0.00,11670.00,763.46,0.00,0.00
O-003703,2025-05-22,S-01,หน้าร้าน,P-103,1,45.00,0.00,45.00,2.94,0.00,0.00
O-003704,2025-05-22,S-02,หน้าร้าน,P-101,2,70.00,0.00,70.00,4.58,0.00,0.00
O-003705,2025-05-22,S-02,หน้าร้าน,P-203,1,75.00,15.00,60.00,3.93,0.00,0.00
O-003706,2025-05-22,S-06,หน้าร้าน,P-202,2,240.00,12.00,228.00,14.92,0.00,0.00
O-003707,2025-05-22,S-02,หน้าร้าน,P-201,2,190.00,9.50,180.50,11.81,0.00,0.00
O-003708,2025-05-22,S-05,หน้าร้าน,P-103,2,90.00,4.50,85.50,5.59,0.00,0.00
O-003709,2025-05-22,S-03,หน้าร้าน,P-101,1,35.00,1.75,33.25,2.18,0.00,0.00
O-003710,2025-05-22,S-02,หน้าร้าน,P-103,5,225.00,0.00,225.00,14.72,0.00,0.00
O-003711,2025-05-22,S-05,หน้าร้าน,P-103,5,225.00,22.50,202.50,13.25,0.00,0.00
O-003712,2025-05-22,S-01,หน้าร้าน,P-103,1,45.00,0.00,45.00,2.94,0.00,0.00
O-003713,2025-05-22,S-90,ออนไลน์,P-203,1,75.00,7.50,67.50,4.42,35.00,0.00
O-003714,2025-05-22,S-03,หน้าร้าน,P-202,1,120.00,24.00,96.00,6.28,0.00,0.00
O-003715,2025-05-22,S-90,ออนไลน์,P-101,1,35.00,0.00,35.00,2.29,0.00,0.00
O-003716,2025-05-22,S-03,หน้าร้าน,P-201,3,285.00,0.00,285.00,18.64,0.00,0.00
O-003717,2025-05-22,S-05,หน้าร้าน,P-103,2,90.00,0.00,90.00,5.89,0.00,0.00
O-003718,2025-05-22,S-03,หน้าร้าน,P-203,2,150.00,30.00,120.00,7.85,0.00,0.00
O-003719,2025-05-22,S-06,หน้าร้าน,P-202,1,120.00,6.00,114.00,7.46,0.00,0.00
O-003720,2025-05-23,S-04,หน้าร้าน,P-203,1,75.00,0.00,75.00,4.91,0.00,0.00
O-003721,2025-05-23,S-05,หน้าร้าน,P-302,1,3890.00,389.00,3501.00,229.04,0.00,0.00
O-003722,2025-05-23,S-90,ออนไลน์,P-302,3,11670.00,583.50,11086.50,725.29,0.00,0.00
O-003723,2025-05-23,S-02,หน้าร้าน,P-201,2,190.00,38.00,152.00,9.94,0.00,0.00
O-003724,2025-05-23,S-02,หน้าร้าน,P-301,1,2450.00,122.50,2327.50,152.27,0.00,2327.50
O-003725,2025-05-23,S-03,หน้าร้าน,P-302,2,7780.00,1556.00,6224.00,407.18,0.00,0.00
O-003726,2025-05-23,S-03,หน้าร้าน,P-102,3,84.00,8.40,75.60,4.95,0.00,0.00
O-003727,2025-05-23,S-04,หน้าร้าน,P-201,1,95.00,19.00,76.00,4.97,0.00,0.00
O-003728,2025-05-23,S-05,หน้าร้าน,P-203,1,75.00,3.75,71.25,4.66,0.00,0.00
O-003729,2025-05-23,S-90,ออนไลน์,P-101,2,70.00,14.00,56.00,3.66,35.00,0.00
O-003730,2025-05-23,S-03,หน้าร้าน,P-203,1,75.00,15.00,60.00,3.93,0.00,0.00
O-003731,2025-05-23,S-05,หน้าร้าน,P-201,3,285.00,28.50,256.50,16.78,0.00,0.00
O-003732,2025-05-23,S-05,หน้าร้าน,P-201,5,475.00,0.00,475.00,31.07,0.00,0.00
O-003733,2025-05-23,S-05,หน้าร้าน,P-101,5,175.00,17.50,157.50,10.30,0.00,0.00
O-003734,2025-05-23,S-02,หน้าร้าน,P-202,1,120.00,0.00,120.00,7.85,0.00,0.00
O-003735,2025-05-23,S-90,ออนไลน์,P-301,1,2450.00,0.00,2450.00,160.28,80.00,0.00
O-003736,2025-05-23,S-03,หน้าร้าน,P-201,2,190.00,9.50,180.50,11.81,0.00,0.00
O-003737,2025-05-23,S-90,ออนไลน์,P-102,1,28.00,0.00,28.00,1.83,50.00,0.00
O-003738,2025-05-23,S-02,หน้าร้าน,P-302,2,7780.00,0.00,7780.00,508.97,0.00,0.00
O-003739,2025-05-24,S-01,หน้าร้าน,P-302,2,7780.00,389.00,7391.00,483.52,0.00,0.00
O-003740,2025-05-24,S-05,หน้าร้าน,P-301,1,2450.00,0.00,2450.00,160.28,0.00,0.00
O-003741,2025-05-24,S-03,หน้าร้าน,P-102,1,28.00,5.60,22.40,1.47,0.00,0.00
O-003742,2025-05-24,S-06,หน้าร้าน,P-301,3,7350.00,0.00,7350.00,480.84,0.00,0.00
O-003743,2025-05-24,S-90,ออนไลน์,P-301,1,2450.00,0.00,2450.00,160.28,80.00,0.00
O-003744,2025-05-24,S-04,หน้าร้าน,P-301,3,7350.00,1470.00,5880.00,384.67,0.00,0.00
O-003745,2025-05-24,S-05,หน้าร้าน,P-102,5,140.00,0.00,140.00,9.16,0.00,0.00
O-003746,2025-05-24,S-06,หน้าร้าน,P-101,2,70.00,0.00,70.00,4.58,0.00,0.00
O-003747,2025-05-24,S-90,ออนไลน์,P-102,3,84.00,16.80,67.20,4.40,0.00,0.00
O-003748,2025-05-24,S-90,ออนไลน์,P-202,5,600.00,30.00,570.00,37.29,50.00,0.00
O-003749,2025-05-24,S-06,หน้าร้าน,P-202,1,120.00,24.00,96.00,6.28,0.00,0.00
O-003750,2025-05-24,S-01,หน้าร้าน,P-102,1,28.00,5.60,22.40,1.47,0.00,0.00
O-003751,2025-05-24,S-04,หน้าร้าน,P-102,2,56.00,0.00,56.00,3.66,0.00,0.00
O-003752,2025-05-24,S-04,หน้าร้าน,P-203,1,75.00,0.00,75.00,4.91,0.00,0.00
O-003753,2025-05-24,S-05,หน้าร้าน,P-302,1,3890.00,0.00,3890.00,254.49,0.00,0.00
O-003754,2025-05-24,S-90,ออนไลน์,P-203,2,150.00,7.50,142.50,9.32,80.00,0.00
O-003755,2025-05-24,S-06,หน้าร้าน,P-301,3,7350.00,0.00,7350.00,480.84,0.00,0.00
O-003756,2025-05-24,S-06,หน้าร้าน,P-201,3,285.00,57.00,228.00,14.92,0.00,0.00
O-003757,2025-05-24,S-04,หน้าร้าน,P-201,2,190.00,38.00,152.00,9.94,0.00,0.00
O-003758,2025-05-24,S-04,หน้าร้าน,P-301,1,2450.00,490.00,1960.00,128.22,0.00,0.00
O-003759,2025-05-24,S-01,หน้าร้าน,P-102,1,28.00,1.40,26.60,1.74,0.00,0.00
O-003760,2025-05-24,S-03,หน้าร้าน,P-101,1,35.00,7.00,28.00,1.83,0.00,0.00
O-003761,2025-05-24,S-05,หน้าร้าน,P-101,1,35.00,0.00,35.00,2.29,0.00,0.00
O-003762,2025-05-24,S-04,หน้าร้าน,P-102,1,28.00,2.80,25.20,1.65,0.00,0.00
O-003763,2025-05-24,S-06,หน้าร้าน,P-203,3,225.00,0.00,225.00,14.72,0.00,0.00
O-003764,2025-05-24,S-03,หน้าร้าน,P-103,1,45.00,9.00,36.00,2.36,0.00,0.00
O-003765,2025-05-24,S-05,หน้าร้าน,P-101,1,35.00,7.00,28.00,1.83,0.00,0.00
O-003766,2025-05-24,S-04,หน้าร้าน,P-301,2,4900.00,980.00,3920.00,256.45,0.00,3920.00
O-003767,2025-05-24,S-05,หน้าร้าน,P-203,1,75.00,3.75,71.25,4.66,0.00,0.00
O-003768,2025-05-24,S-03,หน้าร้าน,P-202,1,120.00,12.00,108.00,7.07,0.00,0.00
O-003769,2025-05-24,S-05,หน้าร้าน,P-301,1,2450.00,0.00,2450.00,160.28,0.00,0.00
O-003770,2025-05-25,S-02,หน้าร้าน,P-201,1,95.00,9.50,85.50,5.59,0.00,0.00
O-003771,2025-05-25,S-03,หน้าร้าน,P-102,1,28.00,1.40,26.60,1.74,0.00,0.00
O-003772,2025-05-25,S-02,หน้าร้าน,P-202,1,120.00,0.00,120.00,7.85,0.00,0.00
O-003773,2025-05-25,S-03,หน้าร้าน,P-202,1,120.00,0.00,120.00,7.85,0.00,0.00
O-003774,2025-05-25,S-02,หน้าร้าน,P-202,1,120.00,0.00,120.00,7.85,0.00,0.00
O-003775,2025-05-25,S-06,หน้าร้าน,P-203,1,75.00,0.00,75.00,4.91,0.00,0.00
O-003776,2025-05-25,S-06,หน้าร้าน,P-102,1,28.00,0.00,28.00,1.83,0.00,0.00
O-003777,2025-05-25,S-04,หน้าร้าน,P-203,2,150.00,0.00,150.00,9.81,0.00,0.00
O-003778,2025-05-25,S-04,หน้าร้าน,P-301,5,12250.00,0.00,12250.00,801.40,0.00,0.00
O-003779,2025-05-25,S-01,หน้าร้าน,P-202,1,120.00,0.00,120.00,7.85,0.00,0.00
O-003780,2025-05-25,S-06,หน้าร้าน,P-101,3,105.00,21.00,84.00,5.50,0.00,0.00
O-003781,2025-05-25,S-02,หน้าร้าน,P-301,2,4900.00,0.00,4900.00,320.56,0.00,0.00
O-003782,2025-05-25,S-06,หน้าร้าน,P-301,1,2450.00,0.00,2450.00,160.28,0.00,0.00
O-003783,2025-05-25,S-03,หน้าร้าน,P-102,1,28.00,0.00,28.00,1.83,0.00,0.00
O-003784,2025-05-25,S-01,หน้าร้าน,P-201,2,190.00,0.00,190.00,12.43,0.00,0.00
O-003785,2025-05-25,S-06,หน้าร้าน,P-102,3,84.00,16.80,67.20,4.40,0.00,67.20
O-003786,2025-05-25,S-90,ออนไลน์,P-202,1,120.00,0.00,120.00,7.85,80.00,0.00
O-003787,2025-05-25,S-02,หน้าร้าน,P-102,3,84.00,8.40,75.60,4.95,0.00,0.00
O-003788,2025-05-25,S-01,หน้าร้าน,P-202,1,120.00,0.00,120.00,7.85,0.00,0.00
O-003789,2025-05-25,S-90,ออนไลน์,P-301,1,2450.00,122.50,2327.50,152.27,80.00,0.00
O-003790,2025-05-25,S-06,หน้าร้าน,P-201,2,190.00,19.00,171.00,11.19,0.00,0.00
O-003791,2025-05-25,S-03,หน้าร้าน,P-302,2,7780.00,0.00,7780.00,508.97,0.00,0.00
O-003792,2025-05-25,S-90,ออนไลน์,P-103,2,90.00,9.00,81.00,5.30,0.00,0.00
O-003793,2025-05-25,S-05,หน้าร้าน,P-302,2,7780.00,778.00,7002.00,458.07,0.00,0.00
O-003794,2025-05-25,S-05,หน้าร้าน,P-202,2,240.00,48.00,192.00,12.56,0.00,0.00
O-003795,2025-05-25,S-90,ออนไลน์,P-302,2,7780.00,1556.00,6224.00,407.18,0.00,0.00
O-003796,2025-05-26,S-01,หน้าร้าน,P-103,2,90.00,0.00,90.00,5.89,0.00,0.00
O-003797,2025-05-26,S-02,หน้าร้าน,P-102,5,140.00,14.00,126.00,8.24,0.00,0.00
O-003798,2025-05-26,S-01,หน้าร้าน,P-203,1,75.00,15.00,60.00,3.93,0.00,0.00
O-003799,2025-05-26,S-06,หน้าร้าน,P-102,2,56.00,5.60,50.40,3.30,0.00,0.00
O-003800,2025-05-26,S-03,หน้าร้าน,P-102,1,28.00,0.00,28.00,1.83,0.00,0.00
O-003801,2025-05-26,S-06,หน้าร้าน,P-302,1,3890.00,389.00,3501.00,229.04,0.00,0.00
O-003802,2025-05-26,S-05,หน้าร้าน,P-202,2,240.00,24.00,216.00,14.13,0.00,0.00
O-003803,2025-05-26,S-03,หน้าร้าน,P-301,1,2450.00,0.00,2450.00,160.28,0.00,0.00
O-003804,2025-05-26,S-02,หน้าร้าน,P-103,1,45.00,0.00,45.00,2.94,0.00,0.00
O-003805,2025-05-26,S-01,หน้าร้าน,P-102,1,28.00,0.00,28.00,1.83,0.00,0.00
O-003806,2025-05-26,S-04,หน้าร้าน,P-101,1,35.00,7.00,28.00,1.83,0.00,0.00
O-003807,2025-05-26,S-02,หน้าร้าน,P-201,2,190.00,0.00,190.00,12.43,0.00,0.00
O-003808,2025-05-26,S-03,หน้าร้าน,P-101,1,35.00,0.00,35.00,2.29,0.00,0.00
O-003809,2025-05-26,S-02,หน้าร้าน,P-301,1,2450.00,0.00,2450.00,160.28,0.00,0.00
O-003810,2025-05-26,S-06,หน้าร้าน,P-301,2,4900.00,245.00,4655.00,304.53,0.00,0.00
O-003811,2025-05-26,S-03,หน้าร้าน,P-203,1,75.00,0.00,75.00,4.91,0.00,0.00
O-003812,2025-05-26,S-90,ออนไลน์,P-203,2,150.00,0.00,150.00,9.81,0.00,0.00
O-003813,2025-05-26,S-03,หน้าร้าน,P-102,3,84.00,0.00,84.00,5.50,0.00,0.00
O-003814,2025-05-26,S-90,ออนไลน์,P-202,1,120.00,12.00,108.00,7.07,0.00,0.00
O-003815,2025-05-26,S-05,หน้าร้าน,P-102,1,28.00,0.00,28.00,1.83,0.00,0.00
O-003816,2025-05-26,S-04,หน้าร้าน,P-201,2,190.00,9.50,180.50,11.81,0.00,0.00
O-003817,2025-05-26,S-90,ออนไลน์,P-201,1,95.00,19.00,76.00,4.97,0.00,0.00
O-003818,2025-05-26,S-03,หน้าร้าน,P-301,3,7350.00,367.50,6982.50,456.80,0.00,0.00
O-003819,2025-05-26,S-01,หน้าร้าน,P-201,1,95.00,9.50,85.50,5.59,0.00,0.00
O-003820,2025-05-27,S-02,หน้าร้าน,P-103,2,90.00,18.00,72.00,4.71,0.00,72.00
O-003821,2025-05-27,S-90,ออนไลน์,P-302,1,3890.00,389.00,3501.00,229.04,80.00,0.00
O-003822,2025-05-27,S-01,หน้าร้าน,P-103,1,45.00,0.00,45.00,2.94,0.00,0.00
O-003823,2025-05-27,S-90,ออนไลน์,P-301,1,2450.00,122.50,2327.50,152.27,50.00,0.00
O-003824,2025-05-27,S-06,หน้าร้าน,P-201,1,95.00,4.75,90.25,5.90,0.00,0.00
O-003825,2025-05-27,S-90,ออนไลน์,P-201,3,285.00,28.50,256.50,16.78,0.00,0.00
O-003826,2025-05-27,S-04,หน้าร้าน,P-103,2,90.00,9.00,81.00,5.30,0.00,0.00
O-003827,2025-05-27,S-90,ออนไลน์,P-302,1,3890.00,0.00,3890.00,254.49,80.00,0.00
O-003828,2025-05-27,S-01,หน้าร้าน,P-102,1,28.00,5.60,22.40,1.47,0.00,0.00
O-003829,2025-05-27,S-04,หน้าร้าน,P-203,3,225.00,0.00,225.00,14.72,0.00,0.00
O-003830,2025-05-27,S-05,หน้าร้าน,P-201,1,95.00,9.50,85.50,5.59,0.00,0.00
O-003831,2025-05-27,S-04,หน้าร้าน,P-203,3,225.00,0.00,225.00,14.72,0.00,0.00
O-003832,2025-05-27,S-90,ออนไลน์,P-103,1,45.00,0.00,45.00,2.94,35.00,0.00
O-003833,2025-05-27,S-03,หน้าร้าน,P-201,1,95.00,0.00,95.00,6.21,0.00,0.00
O-003834,2025-05-27,S-04,หน้าร้าน,P-201,1,95.00,0.00,95.00,6.21,0.00,0.00
O-003835,2025-05-27,S-03,หน้าร้าน,P-302,3,11670.00,2334.00,9336.00,610.77,0.00,0.00
O-003836,2025-05-27,S-01,หน้าร้าน,P-101,1,35.00,0.00,35.00,2.29,0.00,0.00
O-003837,2025-05-27,S-01,หน้าร้าน,P-302,1,3890.00,0.00,3890.00,254.49,0.00,0.00
O-003838,2025-05-27,S-03,หน้าร้าน,P-102,2,56.00,11.20,44.80,2.93,0.00,44.80
O-003839,2025-05-27,S-02,หน้าร้าน,P-101,1,35.00,7.00,28.00,1.83,0.00,0.00
O-003840,2025-05-27,S-04,หน้าร้าน,P-101,2,70.00,0.00,70.00,4.58,0.00,0.00
O-003841,2025-05-27,S-06,หน้าร้าน,P-302,1,3890.00,389.00,3501.00,229.04,0.00,0.00
O-003842,2025-05-27,S-04,หน้าร้าน,P-101,2,70.00,0.00,70.00,4.58,0.00,0.00
O-003843,2025-05-27,S-02,หน้าร้าน,P-203,3,225.00,11.25,213.75,13.98,0.00,0.00
O-003844,2025-05-27,S-90,ออนไลน์,P-102,1,28.00,1.40,26.60,1.74,50.00,0.00
O-003845,2025-05-27,S-02,หน้าร้าน,P-101,3,105.00,10.50,94.50,6.18,0.00,0.00
O-003846,2025-05-27,S-06,หน้าร้าน,P-301,2,4900.00,490.00,4410.00,288.50,0.00,0.00
O-003847,2025-05-27,S-01,หน้าร้าน,P-103,1,45.00,0.00,45.00,2.94,0.00,0.00
O-003848,2025-05-27,S-05,หน้าร้าน,P-103,5,225.00,22.50,202.50,13.25,0.00,0.00
O-003849,2025-05-27,S-03,หน้าร้าน,P-201,1,95.00,19.00,76.00,4.97,0.00,0.00
O-003850,2025-05-27,S-06,หน้าร้าน,P-301,2,4900.00,0.00,4900.00,320.56,0.00,0.00
O-003851,2025-05-27,S-90,ออนไลน์,P-201,2,190.00,0.00,190.00,12.43,0.00,0.00
O-003852,2025-05-27,S-01,หน้าร้าน,P-203,1,75.00,0.00,75.00,4.91,0.00,0.00
O-003853,2025-05-27,S-01,หน้าร้าน,P-301,2,4900.00,245.00,4655.00,304.53,0.00,0.00
O-003854,2025-05-28,S-02,หน้าร้าน,P-101,2,70.00,0.00,70.00,4.58,0.00,0.00
O-003855,2025-05-28,S-06,หน้าร้าน,P-302,1,3890.00,778.00,3112.00,203.59,0.00,0.00
O-003856,2025-05-28,S-04,หน้าร้าน,P-102,1,28.00,1.40,26.60,1.74,0.00,0.00
O-003857,2025-05-28,S-01,หน้าร้าน,P-301,5,12250.00,1225.00,11025.00,721.26,0.00,0.00
O-003858,2025-05-28,S-01,หน้าร้าน,P-101,3,105.00,21.00,84.00,5.50,0.00,0.00
O-003859,2025-05-28,S-90,ออนไลน์,P-302,2,7780.00,0.00,7780.00,508.97,50.00,0.00
O-003860,2025-05-28,S-04,หน้าร้าน,P-302,1,3890.00,389.00,3501.00,229.04,0.00,0.00
O-003861,2025-05-28,S-05,หน้าร้าน,P-102,1,28.00,2.80,25.20,1.65,0.00,0.00
O-003862,2025-05-28,S-04,หน้าร้าน,P-101,2,70.00,0.00,70.00,4.58,0.00,0.00
O-003863,2025-05-28,S-02,หน้าร้าน,P-101,2,70.00,3.50,66.50,4.35,0.00,0.00
O-003864,2025-05-28,S-90,ออนไลน์,P-101,2,70.00,3.50,66.50,4.35,80.00,0.00
O-003865,2025-05-28,S-02,หน้าร้าน,P-102,1,28.00,0.00,28.00,1.83,0.00,0.00
O-003866,2025-05-28,S-90,ออนไลน์,P-101,1,35.00,7.00,28.00,1.83,0.00,0.00
O-003867,2025-05-28,S-90,ออนไลน์,P-201,2,190.00,0.00,190.00,12.43,80.00,0.00
O-003868,2025-05-28,S-05,หน้าร้าน,P-201,1,95.00,9.50,85.50,5.59,0.00,0.00
O-003869,2025-05-28,S-05,หน้าร้าน,P-202,2,240.00,48.00,192.00,12.56,0.00,0.00
O-003870,2025-05-28,S-01,หน้าร้าน,P-301,1,2450.00,245.00,2205.00,144.25,0.00,0.00
O-003871,2025-05-28,S-01,หน้าร้าน,P-101,1,35.00,0.00,35.00,2.29,0.00,0.00
O-003872,2025-05-28,S-02,หน้าร้าน,P-202,1,120.00,12.00,108.00,7.07,0.00,0.00
O-003873,2025-05-28,S-06,หน้าร้าน,P-101,1,35.00,1.75,33.25,2.18,0.00,0.00
O-003874,2025-05-28,S-01,หน้าร้าน,P-102,2,56.00,2.80,53.20,3.48,0.00,0.00
O-003875,2025-05-28,S-02,หน้าร้าน,P-201,1,95.00,4.75,90.25,5.90,0.00,0.00
O-003876,2025-05-28,S-02,หน้าร้าน,P-202,1,120.00,24.00,96.00,6.28,0.00,0.00
O-003877,2025-05-28,S-02,หน้าร้าน,P-301,2,4900.00,0.00,4900.00,320.56,0.00,0.00
O-003878,2025-05-28,S-03,หน้าร้าน,P-103,1,45.00,2.25,42.75,2.80,0.00,0.00
O-003879,2025-05-28,S-03,หน้าร้าน,P-302,1,3890.00,0.00,3890.00,254.49,0.00,0.00
O-003880,2025-05-28,S-02,หน้าร้าน,P-302,3,11670.00,1167.00,10503.00,687.11,0.00,0.00
O-003881,2025-05-28,S-02,หน้าร้าน,P-301,5,12250.00,1225.00,11025.00,721.26,0.00,0.00
O-003882,2025-05-28,S-02,หน้าร้าน,P-103,1,45.00,4.50,40.50,2.65,0.00,0.00
O-003883,2025-05-28,S-04,หน้าร้าน,P-103,3,135.00,27.00,108.00,7.07,0.00,0.00
O-003884,2025-05-29,S-02,หน้าร้าน,P-302,2,7780.00,778.00,7002.00,458.07,0.00,0.00
O-003885,2025-05-29,S-90,ออนไลน์,P-102,1,28.00,1.40,26.60,1.74,80.00,0.00
O-003886,2025-05-29,S-02,หน้าร้าน,P-203,3,225.00,45.00,180.00,11.78,0.00,0.00
O-003887,2025-05-29,S-06,หน้าร้าน,P-102,5,140.00,7.00,133.00,8.70,0.00,0.00
O-003888,2025-05-29,S-06,หน้าร้าน,P-203,1,75.00,0.00,75.00,4.91,0.00,0.00
O-003889,2025-05-29,S-01,หน้าร้าน,P-201,1,95.00,4.75,90.25,5.90,0.00,0.00
O-003890,2025-05-29,S-01,หน้าร้าน,P-101,2,70.00,14.00,56.00,3.66,0.00,0.00
O-003891,2025-05-29,S-05,หน้าร้าน,P-302,3,11670.00,1167.00,10503.00,687.11,0.00,0.00
O-003892,2025-05-29,S-04,หน้าร้าน,P-202,1,120.00,12.00,108.00,7.07,0.00,0.00
O-003893,2025-05-29,S-05,หน้าร้าน,P-301,2,4900.00,980.00,3920.00,256.45,0.00,0.00
O-003894,2025-05-29,S-90,ออนไลน์,P-301,1,2450.00,490.00,1960.00,128.22,0.00,0.00
O-003895,2025-05-29,S-03,หน้าร้าน,P-302,3,11670.00,0.00,11670.00,763.46,0.00,0.00
O-003896,2025-05-29,S-90,ออนไลน์,P-102,1,28.00,5.60,22.40,1.47,0.00,0.00
O-003897,2025-05-29,S-02,หน้าร้าน,P-101,2,70.00,0.00,70.00,4.58,0.00,0.00
O-003898,2025-05-29,S-06,หน้าร้าน,P-103,2,90.00,18.00,72.00,4.71,0.00,0.00
O-003899,2025-05-29,S-02,หน้าร้าน,P-103,1,45.00,0.00,45.00,2.94,0.00,0.00
O-003900,2025-05-29,S-05,หน้าร้าน,P-201,1,95.00,4.75,90.25,5.90,0.00,0.00
O-003901,2025-05-29,S-01,หน้าร้าน,P-101,2,70.00,7.00,63.00,4.12,0.00,0.00
O-003902,2025-05-29,S-03,หน้าร้าน,P-202,2,240.00,12.00,228.00,14.92,0.00,0.00
O-003903,2025-05-29,S-02,หน้าร้าน,P-201,3,285.00,0.00,285.00,18.64,0.00,0.00
O-003904,2025-05-29,S-05,หน้าร้าน,P-101,1,35.00,0.00,35.00,2.29,0.00,0.00
O-003905,2025-05-29,S-03,หน้าร้าน,P-301,3,7350.00,367.50,6982.50,456.80,0.00,0.00
O-003906,2025-05-29,S-01,หน้าร้าน,P-201,2,190.00,0.00,190.00,12.43,0.00,0.00
O-003907,2025-05-29,S-02,หน้าร้าน,P-202,1,120.00,24.00,96.00,6.28,0.00,0.00
O-003908,2025-05-29,S-03,หน้าร้าน,P-202,2,240.00,0.00,240.00,15.70,0.00,0.00
O-003909,2025-05-29,S-04,หน้าร้าน,P-203,3,225.00,45.00,180.00,11.78,0.00,0.00
O-003910,2025-05-29,S-03,หน้าร้าน,P-102,1,28.00,5.60,22.40,1.47,0.00,0.00
O-003911,2025-05-29,S-05,หน้าร้าน,P-102,3,84.00,8.40,75.60,4.95,0.00,0.00
O-003912,2025-05-29,S-01,หน้าร้าน,P-302,3,11670.00,2334.00,9336.00,610.77,0.00,0.00
O-003913,2025-05-29,S-90,ออนไลน์,P-101,2,70.00,0.00,70.00,4.58,80.00,0.00
O-003914,2025-05-29,S-90,ออนไลน์,P-302,2,7780.00,389.00,7391.00,483.52,0.00,0.00
O-003915,2025-05-30,S-06,หน้าร้าน,P-301,1,2450.00,0.00,2450.00,160.28,0.00,0.00
O-003916,2025-05-30,S-01,หน้าร้าน,P-201,1,95.00,0.00,95.00,6.21,0.00,0.00
O-003917,2025-05-30,S-90,ออนไลน์,P-102,1,28.00,0.00,28.00,1.83,0.00,0.00
O-003918,2025-05-30,S-03,หน้าร้าน,P-302,1,3890.00,0.00,3890.00,254.49,0.00,0.00
O-003919,2025-05-30,S-90,ออนไลน์,P-101,3,105.00,0.00,105.00,6.87,80.00,0.00
O-003920,2025-05-30,S-90,ออนไลน์,P-101,3,105.00,5.25,99.75,6.53,0.00,0.00
O-003921,2025-05-30,S-05,หน้าร้าน,P-202,2,240.00,24.00,216.00,14.13,0.00,0.00
O-003922,2025-05-30,S-05,หน้าร้าน,P-203,2,150.00,30.00,120.00,7.85,0.00,0.00
O-003923,2025-05-30,S-06,หน้าร้าน,P-103,1,45.00,9.00,36.00,2.36,0.00,0.00
O-003924,2025-05-30,S-03,หน้าร้าน,P-201,1,95.00,0.00,95.00,6.21,0.00,0.00
O-003925,2025-05-30,S-05,หน้าร้าน,P-202,1,120.00,12.00,108.00,7.07,0.00,0.00
O-003926,2025-05-30,S-01,หน้าร้าน,P-102,3,84.00,0.00,84.00,5.50,0.00,0.00
O-003927,2025-05-30,S-01,หน้าร้าน,P-202,2,240.00,12.00,228.00,14.92,0.00,0.00
O-003928,2025-05-30,S-90,ออนไลน์,P-102,1,28.00,0.00,28.00,1.83,0.00,0.00
O-003929,2025-05-30,S-05,หน้าร้าน,P-102,1,28.00,0.00,28.00,1.83,0.00,0.00
O-003930,2025-05-30,S-03,หน้าร้าน,P-301,5,12250.00,2450.00,9800.00,641.12,0.00,0.00
O-003931,2025-05-30,S-90,ออนไลน์,P-103,1,45.00,2.25,42.75,2.80,0.00,0.00
O-003932,2025-05-30,S-90,ออนไลน์,P-201,1,95.00,4.75,90.25,5.90,80.00,0.00
O-003933,2025-05-30,S-03,หน้าร้าน,P-203,5,375.00,75.00,300.00,19.63,0.00,0.00
O-003934,2025-05-30,S-01,หน้าร้าน,P-202,2,240.00,24.00,216.00,14.13,0.00,0.00
O-003935,2025-05-30,S-06,หน้าร้าน,P-201,2,190.00,19.00,171.00,11.19,0.00,0.00
O-003936,2025-05-30,S-05,หน้าร้าน,P-103,1,45.00,0.00,45.00,2.94,0.00,0.00
O-003937,2025-05-30,S-02,หน้าร้าน,P-101,1,35.00,3.50,31.50,2.06,0.00,0.00
O-003938,2025-05-30,S-03,หน้าร้าน,P-301,1,2450.00,490.00,1960.00,128.22,0.00,0.00
O-003939,2025-05-30,S-04,หน้าร้าน,P-301,1,2450.00,245.00,2205.00,144.25,0.00,0.00
O-003940,2025-05-30,S-02,หน้าร้าน,P-302,1,3890.00,389.00,3501.00,229.04,0.00,0.00
O-003941,2025-05-30,S-03,หน้าร้าน,P-301,3,7350.00,0.00,7350.00,480.84,0.00,0.00
O-003942,2025-05-30,S-03,หน้าร้าน,P-101,1,35.00,1.75,33.25,2.18,0.00,0.00
O-003943,2025-05-30,S-02,หน้าร้าน,P-201,1,95.00,9.50,85.50,5.59,0.00,0.00
O-003944,2025-05-30,S-90,ออนไลน์,P-103,1,45.00,4.50,40.50,2.65,50.00,0.00
O-003945,2025-05-30,S-90,ออนไลน์,P-301,2,4900.00,245.00,4655.00,304.53,50.00,0.00
O-003946,2025-05-30,S-90,ออนไลน์,P-103,1,45.00,9.00,36.00,2.36,0.00,0.00
O-003947,2025-05-30,S-05,หน้าร้าน,P-102,1,28.00,2.80,25.20,1.65,0.00,0.00
O-003948,2025-05-30,S-02,หน้าร้าน,P-201,1,95.00,0.00,95.00,6.21,0.00,95.00
O-003949,2025-05-31,S-02,หน้าร้าน,P-202,1,120.00,12.00,108.00,7.07,0.00,0.00
O-003950,2025-05-31,S-05,หน้าร้าน,P-203,1,75.00,0.00,75.00,4.91,0.00,0.00
O-003951,2025-05-31,S-02,หน้าร้าน,P-101,2,70.00,7.00,63.00,4.12,0.00,0.00
O-003952,2025-05-31,S-04,หน้าร้าน,P-101,1,35.00,0.00,35.00,2.29,0.00,0.00
O-003953,2025-05-31,S-06,หน้าร้าน,P-102,1,28.00,2.80,25.20,1.65,0.00,0.00
O-003954,2025-05-31,S-03,หน้าร้าน,P-103,1,45.00,0.00,45.00,2.94,0.00,0.00
O-003955,2025-05-31,S-90,ออนไลน์,P-202,1,120.00,24.00,96.00,6.28,80.00,0.00
O-003956,2025-05-31,S-02,หน้าร้าน,P-102,2,56.00,2.80,53.20,3.48,0.00,0.00
O-003957,2025-05-31,S-90,ออนไลน์,P-202,2,240.00,0.00,240.00,15.70,50.00,0.00
O-003958,2025-05-31,S-06,หน้าร้าน,P-202,1,120.00,0.00,120.00,7.85,0.00,0.00
O-003959,2025-05-31,S-05,หน้าร้าน,P-301,1,2450.00,0.00,2450.00,160.28,0.00,0.00
O-003960,2025-05-31,S-03,หน้าร้าน,P-101,1,35.00,3.50,31.50,2.06,0.00,0.00
O-003961,2025-05-31,S-04,หน้าร้าน,P-301,2,4900.00,0.00,4900.00,320.56,0.00,0.00
O-003962,2025-05-31,S-01,หน้าร้าน,P-103,2,90.00,0.00,90.00,5.89,0.00,0.00
O-003963,2025-05-31,S-02,หน้าร้าน,P-102,1,28.00,0.00,28.00,1.83,0.00,0.00
O-003964,2025-05-31,S-01,หน้าร้าน,P-202,1,120.00,0.00,120.00,7.85,0.00,0.00
O-003965,2025-05-31,S-02,หน้าร้าน,P-202,1,120.00,24.00,96.00,6.28,0.00,0.00
O-003966,2025-05-31,S-01,หน้าร้าน,P-203,1,75.00,15.00,60.00,3.93,0.00,0.00
O-003967,2025-05-31,S-05,หน้าร้าน,P-202,2,240.00,0.00,240.00,15.70,0.00,0.00
O-003968,2025-05-31,S-03,หน้าร้าน,P-101,1,35.00,3.50,31.50,2.06,0.00,0.00
O-003969,2025-05-31,S-02,หน้าร้าน,P-301,1,2450.00,0.00,2450.00,160.28,0.00,0.00
O-003970,2025-05-31,S-03,หน้าร้าน,P-203,1,75.00,3.75,71.25,4.66,0.00,0.00
O-003971,2025-05-31,S-01,หน้าร้าน,P-302,1,3890.00,0.00,3890.00,254.49,0.00,0.00
O-003972,2025-05-31,S-06,หน้าร้าน,P-202,2,240.00,48.00,192.00,12.56,0.00,0.00
O-003973,2025-05-31,S-05,หน้าร้าน,P-102,2,56.00,0.00,56.00,3.66,0.00,0.00
O-003974,2025-05-31,S-02,หน้าร้าน,P-203,1,75.00,0.00,75.00,4.91,0.00,0.00
O-003975,2025-05-31,S-05,หน้าร้าน,P-101,5,175.00,0.00,175.00,11.45,0.00,0.00
O-003976,2025-05-31,S-90,ออนไลน์,P-302,2,7780.00,0.00,7780.00,508.97,80.00,0.00
O-003977,2025-05-31,S-05,หน้าร้าน,P-201,2,190.00,0.00,190.00,12.43,0.00,0.00
O-003978,2025-05-31,S-01,หน้าร้าน,P-102,1,28.00,0.00,28.00,1.83,0.00,0.00
O-003979,2025-05-31,S-01,หน้าร้าน,P-203,1,75.00,3.75,71.25,4.66,0.00,71.25
O-003980,2025-05-31,S-06,หน้าร้าน,P-201,2,190.00,9.50,180.50,11.81,0.00,0.00
O-003981,2025-05-31,S-04,หน้าร้าน,P-301,1,2450.00,245.00,2205.00,144.25,0.00,0.00
O-003982,2025-06-01,S-01,หน้าร้าน,P-101,1,35.00,7.00,28.00,1.83,0.00,0.00
O-003983,2025-06-01,S-06,หน้าร้าน,P-102,3,84.00,4.20,79.80,5.22,0.00,0.00
O-003984,2025-06-01,S-05,หน้าร้าน,P-301,2,4900.00,0.00,4900.00,320.56,0.00,0.00
O-003985,2025-06-01,S-02,หน้าร้าน,P-201,3,285.00,57.00,228.00,14.92,0.00,0.00
O-003986,2025-06-01,S-90,ออนไลน์,P-101,1,35.00,1.75,33.25,2.18,80.00,0.00
O-003987,2025-06-01,S-90,ออนไลน์,P-102,3,84.00,0.00,84.00,5.50,80.00,0.00
O-003988,2025-06-01,S-01,หน้าร้าน,P-101,1,35.00,1.75,33.25,2.18,0.00,0.00
O-003989,2025-06-01,S-01,หน้าร้าน,P-102,1,28.00,2.80,25.20,1.65,0.00,0.00
O-003990,2025-06-01,S-02,หน้าร้าน,P-102,1,28.00,2.80,25.20,1.65,0.00,0.00
O-003991,2025-06-01,S-05,หน้าร้าน,P-201,1,95.00,19.00,76.00,4.97,0.00,0.00
O-003992,2025-06-01,S-04,หน้าร้าน,P-201,3,285.00,0.00,285.00,18.64,0.00,0.00
O-003993,2025-06-01,S-06,หน้าร้าน,P-103,1,45.00,0.00,45.00,2.94,0.00,45.00
O-003994,2025-06-01,S-01,หน้าร้าน,P-102,2,56.00,11.20,44.80,2.93,0.00,0.00
O-003995,2025-06-01,S-03,หน้าร้าน,P-102,1,28.00,5.60,22.40,1.47,0.00,0.00
O-003996,2025-06-01,S-01,หน้าร้าน,P-203,3,225.00,0.00,225.00,14.72,0.00,0.00
O-003997,2025-06-01,S-06,หน้าร้าน,P-102,2,56.00,2.80,53.20,3.48,0.00,0.00
O-003998,2025-06-01,S-04,หน้าร้าน,P-202,1,120.00,0.00,120.00,7.85,0.00,0.00
O-003999,2025-06-01,S-90,ออนไลน์,P-301,1,2450.00,0.00,2450.00,160.28,0.00,0.00
O-004000,2025-06-01,S-04,หน้าร้าน,P-301,1,2450.00,122.50,2327.50,152.27,0.00,0.00
O-004001,2025-06-01,S-02,หน้าร้าน,P-203,1,75.00,15.00,60.00,3.93,0.00,0.00
O-004002,2025-06-01,S-06,หน้าร้าน,P-102,1,28.00,0.00,28.00,1.83,0.00,0.00
O-004003,2025-06-01,S-04,หน้าร้าน,P-103,1,45.00,4.50,40.50,2.65,0.00,0.00
O-004004,2025-06-01,S-04,หน้าร้าน,P-301,2,4900.00,490.00,4410.00,288.50,0.00,0.00
O-004005,2025-06-01,S-90,ออนไลน์,P-101,1,35.00,7.00,28.00,1.83,0.00,0.00
O-004006,2025-06-01,S-90,ออนไลน์,P-201,2,190.00,19.00,171.00,11.19,35.00,0.00
O-004007,2025-06-01,S-02,หน้าร้าน,P-201,3,285.00,14.25,270.75,17.71,0.00,0.00
O-004008,2025-06-01,S-04,หน้าร้าน,P-202,2,240.00,0.00,240.00,15.70,0.00,0.00
O-004009,2025-06-01,S-04,หน้าร้าน,P-302,3,11670.00,583.50,11086.50,725.29,0.00,0.00
O-004010,2025-06-02,S-90,ออนไลน์,P-103,2,90.00,0.00,90.00,5.89,80.00,0.00
O-004011,2025-06-02,S-01,หน้าร้าน,P-102,1,28.00,0.00,28.00,1.83,0.00,0.00
O-004012,2025-06-02,S-02,หน้าร้าน,P-301,1,2450.00,122.50,2327.50,152.27,0.00,0.00
O-004013,2025-06-02,S-05,หน้าร้าน,P-102,2,56.00,0.00,56.00,3.66,0.00,0.00
O-004014,2025-06-02,S-02,หน้าร้าน,P-203,3,225.00,22.50,202.50,13.25,0.00,0.00
O-004015,2025-06-02,S-06,หน้าร้าน,P-101,1,35.00,7.00,28.00,1.83,0.00,0.00
O-004016,2025-06-02,S-03,หน้าร้าน,P-102,2,56.00,0.00,56.00,3.66,0.00,0.00
O-004017,2025-06-02,S-01,หน้าร้าน,P-201,1,95.00,0.00,95.00,6.21,0.00,0.00
O-004018,2025-06-02,S-05,หน้าร้าน,P-101,1,35.00,1.75,33.25,2.18,0.00,0.00
O-004019,2025-06-02,S-90,ออนไลน์,P-201,1,95.00,0.00,95.00,6.21,80.00,0.00
O-004020,2025-06-02,S-01,หน้าร้าน,P-103,1,45.00,2.25,42.75,2.80,0.00,0.00
O-004021,2025-06-02,S-05,หน้าร้าน,P-301,2,4900.00,490.00,4410.00,288.50,0.00,0.00
O-004022,2025-06-02,S-01,หน้าร้าน,P-301,3,7350.00,367.50,6982.50,456.80,0.00,0.00
O-004023,2025-06-02,S-06,หน้าร้าน,P-302,1,3890.00,0.00,3890.00,254.49,0.00,0.00
O-004024,2025-06-02,S-05,หน้าร้าน,P-203,1,75.00,0.00,75.00,4.91,0.00,0.00
O-004025,2025-06-02,S-04,หน้าร้าน,P-202,2,240.00,0.00,240.00,15.70,0.00,0.00
O-004026,2025-06-02,S-05,หน้าร้าน,P-102,1,28.00,1.40,26.60,1.74,0.00,0.00
O-004027,2025-06-02,S-04,หน้าร้าน,P-103,2,90.00,4.50,85.50,5.59,0.00,0.00
O-004028,2025-06-02,S-05,หน้าร้าน,P-102,1,28.00,2.80,25.20,1.65,0.00,0.00
O-004029,2025-06-02,S-04,หน้าร้าน,P-202,2,240.00,24.00,216.00,14.13,0.00,0.00
O-004030,2025-06-02,S-02,หน้าร้าน,P-101,2,70.00,0.00,70.00,4.58,0.00,0.00
O-004031,2025-06-02,S-90,ออนไลน์,P-203,3,225.00,22.50,202.50,13.25,50.00,0.00
O-004032,2025-06-02,S-02,หน้าร้าน,P-302,1,3890.00,0.00,3890.00,254.49,0.00,0.00
O-004033,2025-06-02,S-01,หน้าร้าน,P-301,1,2450.00,122.50,2327.50,152.27,0.00,0.00
O-004034,2025-06-02,S-03,หน้าร้าน,P-102,2,56.00,5.60,50.40,3.30,0.00,0.00
O-004035,2025-06-02,S-06,หน้าร้าน,P-301,1,2450.00,245.00,2205.00,144.25,0.00,0.00
O-004036,2025-06-02,S-90,ออนไลน์,P-103,1,45.00,0.00,45.00,2.94,50.00,0.00
O-004037,2025-06-02,S-90,ออนไลน์,P-102,1,28.00,2.80,25.20,1.65,0.00,0.00
O-004038,2025-06-02,S-02,หน้าร้าน,P-201,2,190.00,0.00,190.00,12.43,0.00,0.00
O-004039,2025-06-02,S-04,หน้าร้าน,P-102,1,28.00,2.80,25.20,1.65,0.00,0.00
O-004040,2025-06-03,S-03,หน้าร้าน,P-101,1,35.00,1.75,33.25,2.18,0.00,0.00
O-004041,2025-06-03,S-90,ออนไลน์,P-103,2,90.00,9.00,81.00,5.30,80.00,0.00
O-004042,2025-06-03,S-04,หน้าร้าน,P-103,1,45.00,0.00,45.00,2.94,0.00,0.00
O-004043,2025-06-03,S-06,หน้าร้าน,P-102,2,56.00,0.00,56.00,3.66,0.00,0.00
O-004044,2025-06-03,S-05,หน้าร้าน,P-202,5,600.00,120.00,480.00,31.40,0.00,0.00
O-004045,2025-06-03,S-04,หน้าร้าน,P-202,1,120.00,24.00,96.00,6.28,0.00,0.00
O-004046,2025-06-03,S-05,หน้าร้าน,P-203,5,375.00,0.00,375.00,24.53,0.00,0.00
O-004047,2025-06-03,S-05,หน้าร้าน,P-202,5,600.00,30.00,570.00,37.29,0.00,0.00
O-004048,2025-06-03,S-90,ออนไลน์,P-102,2,56.00,0.00,56.00,3.66,0.00,0.00
O-004049,2025-06-03,S-90,ออนไลน์,P-203,1,75.00,7.50,67.50,4.42,35.00,0.00
O-004050,2025-06-03,S-06,หน้าร้าน,P-302,1,3890.00,0.00,3890.00,254.49,0.00,0.00
O-004051,2025-06-03,S-03,หน้าร้าน,P-201,2,190.00,19.00,171.00,11.19,0.00,0.00
O-004052,2025-06-03,S-02,หน้าร้าน,P-302,2,7780.00,1556.00,6224.00,407.18,0.00,0.00
O-004053,2025-06-03,S-05,หน้าร้าน,P-302,1,3890.00,0.00,3890.00,254.49,0.00,0.00
O-004054,2025-06-03,S-04,หน้าร้าน,P-101,1,35.00,0.00,35.00,2.29,0.00,0.00
O-004055,2025-06-03,S-02,หน้าร้าน,P-202,1,120.00,6.00,114.00,7.46,0.00,0.00
O-004056,2025-06-03,S-02,หน้าร้าน,P-103,1,45.00,2.25,42.75,2.80,0.00,0.00
O-004057,2025-06-03,S-06,หน้าร้าน,P-203,2,150.00,0.00,150.00,9.81,0.00,0.00
O-004058,2025-06-03,S-02,หน้าร้าน,P-302,1,3890.00,389.00,3501.00,229.04,0.00,0.00
O-004059,2025-06-04,S-06,หน้าร้าน,P-102,3,84.00,8.40,75.60,4.95,0.00,0.00
O-004060,2025-06-04,S-01,หน้าร้าน,P-102,1,28.00,0.00,28.00,1.83,0.00,0.00
O-004061,2025-06-04,S-01,หน้าร้าน,P-103,1,45.00,9.00,36.00,2.36,0.00,0.00
O-004062,2025-06-04,S-06,หน้าร้าน,P-301,1,2450.00,490.00,1960.00,128.22,0.00,0.00
O-004063,2025-06-04,S-03,หน้าร้าน,P-302,2,7780.00,0.00,7780.00,508.97,0.00,0.00
O-004064,2025-06-04,S-04,หน้าร้าน,P-301,2,4900.00,980.00,3920.00,256.45,0.00,0.00
O-004065,2025-06-04,S-04,หน้าร้าน,P-102,1,28.00,2.80,25.20,1.65,0.00,0.00
O-004066,2025-06-04,S-90,ออนไลน์,P-302,1,3890.00,0.00,3890.00,254.49,0.00,0.00
O-004067,2025-06-04,S-03,หน้าร้าน,P-302,1,3890.00,0.00,3890.00,254.49,0.00,0.00
O-004068,2025-06-04,S-05,หน้าร้าน,P-102,2,56.00,11.20,44.80,2.93,0.00,0.00
O-004069,2025-06-04,S-02,หน้าร้าน,P-103,1,45.00,0.00,45.00,2.94,0.00,0.00
O-004070,2025-06-04,S-06,หน้าร้าน,P-101,1,35.00,0.00,35.00,2.29,0.00,0.00
O-004071,2025-06-04,S-90,ออนไลน์,P-202,2,240.00,12.00,228.00,14.92,50.00,0.00
O-004072,2025-06-04,S-02,หน้าร้าน,P-101,1,35.00,0.00,35.00,2.29,0.00,0.00
O-004073,2025-06-04,S-90,ออนไลน์,P-203,1,75.00,0.00,75.00,4.91,50.00,0.00
O-004074,2025-06-04,S-04,หน้าร้าน,P-203,2,150.00,7.50,142.50,9.32,0.00,0.00
O-004075,2025-06-04,S-04,หน้าร้าน,P-102,2,56.00,2.80,53.20,3.48,0.00,0.00
O-004076,2025-06-04,S-90,ออนไลน์,P-101,1,35.00,7.00,28.00,1.83,50.00,0.00
O-004077,2025-06-04,S-02,หน้าร้าน,P-103,1,45.00,0.00,45.00,2.94,0.00,0.00
O-004078,2025-06-04,S-02,หน้าร้าน,P-102,1,28.00,0.00,28.00,1.83,0.00,0.00
O-004079,2025-06-05,S-02,หน้าร้าน,P-103,2,90.00,4.50,85.50,5.59,0.00,0.00
O-004080,2025-06-05,S-06,หน้าร้าน,P-301,1,2450.00,0.00,2450.00,160.28,0.00,0.00
O-004081,2025-06-05,S-90,ออนไลน์,P-101,3,105.00,0.00,105.00,6.87,0.00,0.00
O-004082,2025-06-05,S-90,ออนไลน์,P-202,2,240.00,0.00,240.00,15.70,35.00,0.00
O-004083,2025-06-05,S-03,หน้าร้าน,P-302,1,3890.00,0.00,3890.00,254.49,0.00,0.00
O-004084,2025-06-05,S-06,หน้าร้าน,P-301,1,2450.00,490.00,1960.00,128.22,0.00,0.00
O-004085,2025-06-05,S-04,หน้าร้าน,P-301,1,2450.00,122.50,2327.50,152.27,0.00,0.00
O-004086,2025-06-05,S-02,หน้าร้าน,P-101,3,105.00,0.00,105.00,6.87,0.00,0.00
O-004087,2025-06-05,S-06,หน้าร้าน,P-103,2,90.00,0.00,90.00,5.89,0.00,0.00
O-004088,2025-06-05,S-06,หน้าร้าน,P-202,1,120.00,24.00,96.00,6.28,0.00,0.00
O-004089,2025-06-05,S-04,หน้าร้าน,P-302,2,7780.00,778.00,7002.00,458.07,0.00,0.00
O-004090,2025-06-05,S-90,ออนไลน์,P-301,1,2450.00,245.00,2205.00,144.25,50.00,0.00
O-004091,2025-06-05,S-05,หน้าร้าน,P-103,5,225.00,0.00,225.00,14.72,0.00,0.00
O-004092,2025-06-05,S-04,หน้าร้าน,P-202,1,120.00,6.00,114.00,7.46,0.00,0.00
O-004093,2025-06-05,S-02,หน้าร้าน,P-301,1,2450.00,490.00,1960.00,128.22,0.00,0.00
O-004094,2025-06-05,S-02,หน้าร้าน,P-203,1,75.00,7.50,67.50,4.42,0.00,0.00
O-004095,2025-06-05,S-04,หน้าร้าน,P-201,1,95.00,0.00,95.00,6.21,0.00,0.00
O-004096,2025-06-05,S-02,หน้าร้าน,P-302,2,7780.00,778.00,7002.00,458.07,0.00,0.00
O-004097,2025-06-05,S-06,หน้าร้าน,P-302,1,3890.00,0.00,3890.00,254.49,0.00,0.00
O-004098,2025-06-05,S-02,หน้าร้าน,P-202,3,360.00,18.00,342.00,22.37,0.00,0.00
O-004099,2025-06-05,S-03,หน้าร้าน,P-201,1,95.00,19.00,76.00,4.97,0.00,76.00
O-004100,2025-06-06,S-04,หน้าร้าน,P-101,2,70.00,3.50,66.50,4.35,0.00,0.00
O-004101,2025-06-06,S-03,หน้าร้าน,P-201,5,475.00,0.00,475.00,31.07,0.00,0.00
O-004102,2025-06-06,S-06,หน้าร้าน,P-301,1,2450.00,0.00,2450.00,160.28,0.00,0.00
O-004103,2025-06-06,S-04,หน้าร้าน,P-101,2,70.00,0.00,70.00,4.58,0.00,0.00
O-004104,2025-06-06,S-06,หน้าร้าน,P-201,2,190.00,19.00,171.00,11.19,0.00,0.00
O-004105,2025-06-06,S-01,หน้าร้าน,P-301,3,7350.00,1470.00,5880.00,384.67,0.00,0.00
O-004106,2025-06-06,S-05,หน้าร้าน,P-203,2,150.00,15.00,135.00,8.83,0.00,0.00
O-004107,2025-06-06,S-06,หน้าร้าน,P-103,1,45.00,9.00,36.00,2.36,0.00,0.00
O-004108,2025-06-06,S-06,หน้าร้าน,P-202,1,120.00,0.00,120.00,7.85,0.00,0.00
O-004109,2025-06-06,S-90,ออนไลน์,P-101,2,70.00,0.00,70.00,4.58,50.00,0.00
O-004110,2025-06-06,S-90,ออนไลน์,P-302,2,7780.00,0.00,7780.00,508.97,0.00,0.00
O-004111,2025-06-06,S-03,หน้าร้าน,P-302,2,7780.00,389.00,7391.00,483.52,0.00,0.00
O-004112,2025-06-06,S-05,หน้าร้าน,P-301,1,2450.00,0.00,2450.00,160.28,0.00,0.00
O-004113,2025-06-06,S-90,ออนไลน์,P-201,2,190.00,0.00,190.00,12.43,0.00,0.00
O-004114,2025-06-06,S-03,หน้าร้าน,P-103,1,45.00,4.50,40.50,2.65,0.00,0.00
O-004115,2025-06-06,S-04,หน้าร้าน,P-302,1,3890.00,778.00,3112.00,203.59,0.00,0.00
O-004116,2025-06-06,S-03,หน้าร้าน,P-202,1,120.00,6.00,114.00,7.46,0.00,0.00
O-004117,2025-06-06,S-06,หน้าร้าน,P-202,1,120.00,0.00,120.00,7.85,0.00,0.00
O-004118,2025-06-06,S-04,หน้าร้าน,P-301,1,2450.00,0.00,2450.00,160.28,0.00,0.00
O-004119,2025-06-06,S-04,หน้าร้าน,P-201,1,95.00,0.00,95.00,6.21,0.00,0.00
O-004120,2025-06-06,S-06,หน้าร้าน,P-302,2,7780.00,778.00,7002.00,458.07,0.00,0.00
O-004121,2025-06-06,S-90,ออนไลน์,P-301,1,2450.00,490.00,1960.00,128.22,35.00,0.00
O-004122,2025-06-06,S-06,หน้าร้าน,P-202,1,120.00,24.00,96.00,6.28,0.00,0.00
O-004123,2025-06-06,S-04,หน้าร้าน,P-301,1,2450.00,0.00,2450.00,160.28,0.00,0.00
O-004124,2025-06-06,S-06,หน้าร้าน,P-302,1,3890.00,778.00,3112.00,203.59,0.00,0.00
O-004125,2025-06-06,S-02,หน้าร้าน,P-102,1,28.00,5.60,22.40,1.47,0.00,0.00
O-004126,2025-06-06,S-01,หน้าร้าน,P-201,1,95.00,9.50,85.50,5.59,0.00,0.00
O-004127,2025-06-06,S-03,หน้าร้าน,P-203,1,75.00,0.00,75.00,4.91,0.00,0.00
O-004128,2025-06-06,S-04,หน้าร้าน,P-302,1,3890.00,389.00,3501.00,229.04,0.00,0.00
O-004129,2025-06-07,S-01,หน้าร้าน,P-202,1,120.00,12.00,108.00,7.07,0.00,0.00
O-004130,2025-06-07,S-06,หน้าร้าน,P-302,1,3890.00,778.00,3112.00,203.59,0.00,0.00
O-004131,2025-06-07,S-02,หน้าร้าน,P-201,1,95.00,9.50,85.50,5.59,0.00,0.00
O-004132,2025-06-07,S-02,หน้าร้าน,P-201,1,95.00,4.75,90.25,5.90,0.00,0.00
O-004133,2025-06-07,S-06,หน้าร้าน,P-302,2,7780.00,389.00,7391.00,483.52,0.00,0.00
O-004134,2025-06-07,S-02,หน้าร้าน,P-103,2,90.00,0.00,90.00,5.89,0.00,0.00
O-004135,2025-06-07,S-06,หน้าร้าน,P-202,1,120.00,0.00,120.00,7.85,0.00,0.00
O-004136,2025-06-07,S-03,หน้าร้าน,P-103,1,45.00,4.50,40.50,2.65,0.00,0.00
O-004137,2025-06-07,S-06,หน้าร้าน,P-203,1,75.00,0.00,75.00,4.91,0.00,0.00
O-004138,2025-06-07,S-02,หน้าร้าน,P-101,2,70.00,7.00,63.00,4.12,0.00,0.00
O-004139,2025-06-07,S-90,ออนไลน์,P-301,1,2450.00,245.00,2205.00,144.25,0.00,0.00
O-004140,2025-06-07,S-03,หน้าร้าน,P-101,1,35.00,1.75,33.25,2.18,0.00,0.00
O-004141,2025-06-07,S-05,หน้าร้าน,P-301,1,2450.00,245.00,2205.00,144.25,0.00,0.00
O-004142,2025-06-07,S-04,หน้าร้าน,P-202,2,240.00,0.00,240.00,15.70,0.00,0.00
O-004143,2025-06-07,S-04,หน้าร้าน,P-202,1,120.00,24.00,96.00,6.28,0.00,0.00
O-004144,2025-06-07,S-06,หน้าร้าน,P-302,2,7780.00,0.00,7780.00,508.97,0.00,0.00
O-004145,2025-06-07,S-03,หน้าร้าน,P-201,3,285.00,14.25,270.75,17.71,0.00,0.00
O-004146,2025-06-07,S-04,หน้าร้าน,P-203,1,75.00,0.00,75.00,4.91,0.00,75.00
O-004147,2025-06-07,S-05,หน้าร้าน,P-103,2,90.00,18.00,72.00,4.71,0.00,0.00
O-004148,2025-06-07,S-05,หน้าร้าน,P-201,1,95.00,4.75,90.25,5.90,0.00,0.00
O-004149,2025-06-07,S-06,หน้าร้าน,P-102,1,28.00,0.00,28.00,1.83,0.00,0.00
O-004150,2025-06-07,S-90,ออนไลน์,P-301,1,2450.00,0.00,2450.00,160.28,80.00,0.00
O-004151,2025-06-07,S-03,หน้าร้าน,P-202,2,240.00,0.00,240.00,15.70,0.00,240.00
O-004152,2025-06-07,S-01,หน้าร้าน,P-301,1,2450.00,0.00,2450.00,160.28,0.00,0.00
O-004153,2025-06-07,S-03,หน้าร้าน,P-203,1,75.00,15.00,60.00,3.93,0.00,0.00
O-004154,2025-06-07,S-90,ออนไลน์,P-201,1,95.00,0.00,95.00,6.21,50.00,0.00
O-004155,2025-06-07,S-02,หน้าร้าน,P-101,1,35.00,1.75,33.25,2.18,0.00,0.00
O-004156,2025-06-07,S-06,หน้าร้าน,P-102,1,28.00,2.80,25.20,1.65,0.00,0.00
O-004157,2025-06-07,S-02,หน้าร้าน,P-101,1,35.00,0.00,35.00,2.29,0.00,0.00
O-004158,2025-06-07,S-06,หน้าร้าน,P-103,1,45.00,2.25,42.75,2.80,0.00,0.00
O-004159,2025-06-07,S-06,หน้าร้าน,P-101,2,70.00,0.00,70.00,4.58,0.00,0.00
O-004160,2025-06-07,S-02,หน้าร้าน,P-203,1,75.00,3.75,71.25,4.66,0.00,0.00
O-004161,2025-06-07,S-05,หน้าร้าน,P-202,1,120.00,0.00,120.00,7.85,0.00,0.00
O-004162,2025-06-08,S-90,ออนไลน์,P-102,1,28.00,1.40,26.60,1.74,50.00,0.00
O-004163,2025-06-08,S-01,หน้าร้าน,P-302,3,11670.00,0.00,11670.00,763.46,0.00,0.00
O-004164,2025-06-08,S-03,หน้าร้าน,P-102,1,28.00,0.00,28.00,1.83,0.00,0.00
O-004165,2025-06-08,S-90,ออนไลน์,P-202,1,120.00,24.00,96.00,6.28,80.00,0.00
O-004166,2025-06-08,S-90,ออนไลน์,P-203,1,75.00,15.00,60.00,3.93,80.00,0.00
O-004167,2025-06-08,S-02,หน้าร้าน,P-101,1,35.00,7.00,28.00,1.83,0.00,0.00
O-004168,2025-06-08,S-90,ออนไลน์,P-301,2,4900.00,245.00,4655.00,304.53,0.00,0.00
O-004169,2025-06-08,S-01,หน้าร้าน,P-102,1,28.00,2.80,25.20,1.65,0.00,0.00
O-004170,2025-06-08,S-06,หน้าร้าน,P-201,2,190.00,38.00,152.00,9.94,0.00,0.00
O-004171,2025-06-08,S-02,หน้าร้าน,P-201,1,95.00,0.00,95.00,6.21,0.00,0.00
O-004172,2025-06-08,S-04,หน้าร้าน,P-203,1,75.00,0.00,75.00,4.91,0.00,0.00
O-004173,2025-06-08,S-01,หน้าร้าน,P-203,3,225.00,45.00,180.00,11.78,0.00,0.00
O-004174,2025-06-08,S-06,หน้าร้าน,P-201,1,95.00,0.00,95.00,6.21,0.00,0.00
O-004175,2025-06-08,S-02,หน้าร้าน,P-202,1,120.00,12.00,108.00,7.07,0.00,0.00
O-004176,2025-06-08,S-05,หน้าร้าน,P-201,5,475.00,0.00,475.00,31.07,0.00,0.00
O-004177,2025-06-08,S-90,ออนไลน์,P-103,3,135.00,6.75,128.25,8.39,35.00,0.00
O-004178,2025-06-08,S-05,หน้าร้าน,P-202,1,120.00,12.00,108.00,7.07,0.00,0.00
O-004179,2025-06-08,S-02,หน้าร้าน,P-301,1,2450.00,490.00,1960.00,128.22,0.00,0.00
O-004180,2025-06-08,S-04,หน้าร้าน,P-202,2,240.00,0.00,240.00,15.70,0.00,0.00
O-004181,2025-06-08,S-04,หน้าร้าน,P-302,1,3890.00,778.00,3112.00,203.59,0.00,0.00
O-004182,2025-06-08,S-06,หน้าร้าน,P-201,1,95.00,0.00,95.00,6.21,0.00,0.00
O-004183,2025-06-09,S-02,หน้าร้าน,P-301,1,2450.00,490.00,1960.00,128.22,0.00,0.00
O-004184,2025-06-09,S-03,หน้าร้าน,P-202,1,120.00,12.00,108.00,7.07,0.00,0.00
O-004185,2025-06-09,S-06,หน้าร้าน,P-302,1,3890.00,194.50,3695.50,241.76,0.00,0.00
O-004186,2025-06-09,S-05,หน้าร้าน,P-201,1,95.00,0.00,95.00,6.21,0.00,0.00
O-004187,2025-06-09,S-01,หน้าร้าน,P-302,1,3890.00,0.00,3890.00,254.49,0.00,0.00
O-004188,2025-06-09,S-90,ออนไลน์,P-103,1,45.00,0.00,45.00,2.94,80.00,45.00
O-004189,2025-06-09,S-90,ออนไลน์,P-202,3,360.00,72.00,288.00,18.84,0.00,0.00
O-004190,2025-06-09,S-01,หน้าร้าน,P-203,3,225.00,0.00,225.00,14.72,0.00,0.00
O-004191,2025-06-09,S-05,หน้าร้าน,P-202,2,240.00,24.00,216.00,14.13,0.00,0.00
O-004192,2025-06-09,S-90,ออนไลน์,P-202,1,120.00,12.00,108.00,7.07,0.00,0.00
O-004193,2025-06-09,S-03,หน้าร้าน,P-203,1,75.00,0.00,75.00,4.91,0.00,0.00
O-004194,2025-06-09,S-04,หน้าร้าน,P-301,1,2450.00,0.00,2450.00,160.28,0.00,0.00
O-004195,2025-06-09,S-01,หน้าร้าน,P-103,2,90.00,4.50,85.50,5.59,0.00,0.00
O-004196,2025-06-09,S-90,ออนไลน์,P-101,1,35.00,0.00,35.00,2.29,35.00,0.00
O-004197,2025-06-09,S-06,หน้าร้าน,P-101,3,105.00,21.00,84.00,5.50,0.00,0.00
O-004198,2025-06-09,S-04,หน้าร้าน,P-203,1,75.00,7.50,67.50,4.42,0.00,0.00
O-004199,2025-06-09,S-02,หน้าร้าน,P-301,3,7350.00,0.00,7350.00,480.84,0.00,0.00
O-004200,2025-06-09,S-03,หน้าร้าน,P-101,1,35.00,1.75,33.25,2.18,0.00,0.00
O-004201,2025-06-09,S-04,หน้าร้าน,P-302,3,11670.00,0.00,11670.00,763.46,0.00,0.00
O-004202,2025-06-09,S-03,หน้าร้าน,P-202,1,120.00,12.00,108.00,7.07,0.00,0.00
O-004203,2025-06-09,S-01,หน้าร้าน,P-203,1,75.00,7.50,67.50,4.42,0.00,0.00
O-004204,2025-06-09,S-06,หน้าร้าน,P-103,2,90.00,18.00,72.00,4.71,0.00,0.00
O-004205,2025-06-09,S-04,หน้าร้าน,P-103,1,45.00,4.50,40.50,2.65,0.00,0.00
O-004206,2025-06-10,S-05,หน้าร้าน,P-102,3,84.00,8.40,75.60,4.95,0.00,0.00
O-004207,2025-06-10,S-05,หน้าร้าน,P-202,3,360.00,18.00,342.00,22.37,0.00,0.00
O-004208,2025-06-10,S-03,หน้าร้าน,P-103,2,90.00,4.50,85.50,5.59,0.00,0.00
O-004209,2025-06-10,S-01,หน้าร้าน,P-301,1,2450.00,490.00,1960.00,128.22,0.00,0.00
O-004210,2025-06-10,S-90,ออนไลน์,P-201,1,95.00,19.00,76.00,4.97,35.00,0.00
O-004211,2025-06-10,S-04,หน้าร้าน,P-302,5,19450.00,3890.00,15560.00,1017.94,0.00,0.00
O-004212,2025-06-10,S-02,หน้าร้าน,P-103,1,45.00,2.25,42.75,2.80,0.00,0.00
O-004213,2025-06-10,S-04,หน้าร้าน,P-102,1,28.00,2.80,25.20,1.65,0.00,0.00
O-004214,2025-06-10,S-01,หน้าร้าน,P-103,1,45.00,4.50,40.50,2.65,0.00,0.00
O-004215,2025-06-10,S-04,หน้าร้าน,P-202,2,240.00,0.00,240.00,15.70,0.00,0.00
O-004216,2025-06-10,S-01,หน้าร้าน,P-101,1,35.00,0.00,35.00,2.29,0.00,0.00
O-004217,2025-06-10,S-02,หน้าร้าน,P-202,2,240.00,0.00,240.00,15.70,0.00,0.00
O-004218,2025-06-10,S-06,หน้าร้าน,P-301,1,2450.00,490.00,1960.00,128.22,0.00,0.00
O-004219,2025-06-10,S-90,ออนไลน์,P-301,2,4900.00,0.00,4900.00,320.56,0.00,0.00
O-004220,2025-06-10,S-01,หน้าร้าน,P-301,1,2450.00,490.00,1960.00,128.22,0.00,1960.00
O-004221,2025-06-10,S-03,หน้าร้าน,P-302,1,3890.00,389.00,3501.00,229.04,0.00,0.00
O-004222,2025-06-10,S-04,หน้าร้าน,P-103,1,45.00,0.00,45.00,2.94,0.00,0.00
O-004223,2025-06-10,S-05,หน้าร้าน,P-201,2,190.00,0.00,190.00,12.43,0.00,0.00
O-004224,2025-06-10,S-90,ออนไลน์,P-103,2,90.00,4.50,85.50,5.59,35.00,0.00
O-004225,2025-06-10,S-06,หน้าร้าน,P-302,2,7780.00,1556.00,6224.00,407.18,0.00,0.00
O-004226,2025-06-10,S-02,หน้าร้าน,P-302,3,11670.00,0.00,11670.00,763.46,0.00,0.00
O-004227,2025-06-10,S-90,ออนไลน์,P-202,1,120.00,6.00,114.00,7.46,35.00,0.00
O-004228,2025-06-10,S-06,หน้าร้าน,P-302,1,3890.00,0.00,3890.00,254.49,0.00,0.00
O-004229,2025-06-10,S-06,หน้าร้าน,P-102,2,56.00,0.00,56.00,3.66,0.00,0.00
O-004230,2025-06-11,S-01,หน้าร้าน,P-203,2,150.00,7.50,142.50,9.32,0.00,0.00
O-004231,2025-06-11,S-03,หน้าร้าน,P-203,2,150.00,0.00,150.00,9.81,0.00,0.00
O-004232,2025-06-11,S-90,ออนไลน์,P-101,2,70.00,0.00,70.00,4.58,80.00,0.00
O-004233,2025-06-11,S-05,หน้าร้าน,P-201,2,190.00,9.50,180.50,11.81,0.00,0.00
O-004234,2025-06-11,S-02,หน้าร้าน,P-103,1,45.00,9.00,36.00,2.36,0.00,0.00
O-004235,2025-06-11,S-04,หน้าร้าน,P-302,3,11670.00,583.50,11086.50,725.29,0.00,0.00
O-004236,2025-06-11,S-02,หน้าร้าน,P-203,2,150.00,7.50,142.50,9.32,0.00,0.00
O-004237,2025-06-11,S-05,หน้าร้าน,P-302,2,7780.00,0.00,7780.00,508.97,0.00,0.00
O-004238,2025-06-11,S-02,หน้าร้าน,P-103,1,45.00,2.25,42.75,2.80,0.00,0.00
O-004239,2025-06-11,S-06,หน้าร้าน,P-301,5,12250.00,1225.00,11025.00,721.26,0.00,0.00
O-004240,2025-06-11,S-05,หน้าร้าน,P-203,2,150.00,30.00,120.00,7.85,0.00,0.00
O-004241,2025-06-11,S-02,หน้าร้าน,P-302,3,11670.00,583.50,11086.50,725.29,0.00,0.00
O-004242,2025-06-11,S-03,หน้าร้าน,P-103,1,45.00,9.00,36.00,2.36,0.00,0.00
O-004243,2025-06-11,S-05,หน้าร้าน,P-302,1,3890.00,0.00,3890.00,254.49,0.00,0.00
O-004244,2025-06-11,S-04,หน้าร้าน,P-302,1,3890.00,0.00,3890.00,254.49,0.00,0.00
O-004245,2025-06-11,S-04,หน้าร้าน,P-302,5,19450.00,972.50,18477.50,1208.81,0.00,0.00
O-004246,2025-06-11,S-90,ออนไลน์,P-201,1,95.00,0.00,95.00,6.21,35.00,0.00
O-004247,2025-06-11,S-06,หน้าร้าน,P-203,2,150.00,0.00,150.00,9.81,0.00,0.00
O-004248,2025-06-11,S-02,หน้าร้าน,P-302,1,3890.00,194.50,3695.50,241.76,0.00,0.00
O-004249,2025-06-11,S-02,หน้าร้าน,P-101,2,70.00,14.00,56.00,3.66,0.00,0.00
O-004250,2025-06-11,S-06,หน้าร้าน,P-202,3,360.00,0.00,360.00,23.55,0.00,0.00
O-004251,2025-06-11,S-90,ออนไลน์,P-202,1,120.00,6.00,114.00,7.46,0.00,0.00
O-004252,2025-06-11,S-90,ออนไลน์,P-203,2,150.00,0.00,150.00,9.81,50.00,0.00
O-004253,2025-06-11,S-01,หน้าร้าน,P-102,1,28.00,2.80,25.20,1.65,0.00,0.00
O-004254,2025-06-11,S-03,หน้าร้าน,P-302,1,3890.00,0.00,3890.00,254.49,0.00,0.00
O-004255,2025-06-11,S-04,หน้าร้าน,P-203,1,75.00,7.50,67.50,4.42,0.00,0.00
O-004256,2025-06-11,S-01,หน้าร้าน,P-203,1,75.00,0.00,75.00,4.91,0.00,0.00
O-004257,2025-06-11,S-02,หน้าร้าน,P-102,3,84.00,0.00,84.00,5.50,0.00,0.00
O-004258,2025-06-11,S-03,หน้าร้าน,P-102,1,28.00,0.00,28.00,1.83,0.00,0.00
O-004259,2025-06-11,S-05,หน้าร้าน,P-103,1,45.00,0.00,45.00,2.94,0.00,0.00
O-004260,2025-06-11,S-90,ออนไลน์,P-202,1,120.00,0.00,120.00,7.85,0.00,0.00
O-004261,2025-06-12,S-02,หน้าร้าน,P-301,1,2450.00,245.00,2205.00,144.25,0.00,0.00
O-004262,2025-06-12,S-06,หน้าร้าน,P-201,1,95.00,19.00,76.00,4.97,0.00,0.00
O-004263,2025-06-12,S-04,หน้าร้าน,P-102,3,84.00,8.40,75.60,4.95,0.00,0.00
O-004264,2025-06-12,S-01,หน้าร้าน,P-101,2,70.00,3.50,66.50,4.35,0.00,0.00
O-004265,2025-06-12,S-03,หน้าร้าน,P-301,3,7350.00,1470.00,5880.00,384.67,0.00,0.00
O-004266,2025-06-12,S-03,หน้าร้าน,P-301,1,2450.00,0.00,2450.00,160.28,0.00,0.00
O-004267,2025-06-12,S-05,หน้าร้าน,P-301,1,2450.00,490.00,1960.00,128.22,0.00,0.00
O-004268,2025-06-12,S-01,หน้าร้าน,P-102,2,56.00,0.00,56.00,3.66,0.00,0.00
O-004269,2025-06-12,S-01,หน้าร้าน,P-302,2,7780.00,0.00,7780.00,508.97,0.00,0.00
O-004270,2025-06-12,S-90,ออนไลน์,P-101,1,35.00,0.00,35.00,2.29,35.00,0.00
O-004271,2025-06-12,S-02,หน้าร้าน,P-102,1,28.00,0.00,28.00,1.83,0.00,0.00
O-004272,2025-06-12,S-03,หน้าร้าน,P-201,1,95.00,9.50,85.50,5.59,0.00,0.00
O-004273,2025-06-12,S-90,ออนไลน์,P-203,1,75.00,15.00,60.00,3.93,0.00,0.00
O-004274,2025-06-12,S-05,หน้าร้าน,P-301,5,12250.00,612.50,11637.50,761.33,0.00,0.00
O-004275,2025-06-12,S-03,หน้าร้าน,P-101,1,35.00,1.75,33.25,2.18,0.00,0.00
O-004276,2025-06-12,S-02,หน้าร้าน,P-102,3,84.00,0.00,84.00,5.50,0.00,0.00
O-004277,2025-06-12,S-02,หน้าร้าน,P-301,2,4900.00,245.00,4655.00,304.53,0.00,0.00
O-004278,2025-06-12,S-05,หน้าร้าน,P-301,3,7350.00,0.00,7350.00,480.84,0.00,0.00
O-004279,2025-06-12,S-02,หน้าร้าน,P-103,3,135.00,0.00,135.00,8.83,0.00,0.00
O-004280,2025-06-12,S-05,หน้าร้าน,P-103,2,90.00,0.00,90.00,5.89,0.00,0.00
O-004281,2025-06-12,S-90,ออนไลน์,P-301,2,4900.00,0.00,4900.00,320.56,0.00,0.00
O-004282,2025-06-12,S-03,หน้าร้าน,P-201,1,95.00,0.00,95.00,6.21,0.00,0.00
O-004283,2025-06-12,S-06,หน้าร้าน,P-203,1,75.00,0.00,75.00,4.91,0.00,0.00
O-004284,2025-06-12,S-06,หน้าร้าน,P-203,1,75.00,0.00,75.00,4.91,0.00,0.00
O-004285,2025-06-12,S-02,หน้าร้าน,P-101,1,35.00,3.50,31.50,2.06,0.00,0.00
O-004286,2025-06-12,S-90,ออนไลน์,P-201,1,95.00,4.75,90.25,5.90,80.00,0.00
O-004287,2025-06-12,S-06,หน้าร้าน,P-203,5,375.00,18.75,356.25,23.31,0.00,0.00
O-004288,2025-06-13,S-06,หน้าร้าน,P-302,1,3890.00,389.00,3501.00,229.04,0.00,0.00
O-004289,2025-06-13,S-01,หน้าร้าน,P-301,2,4900.00,980.00,3920.00,256.45,0.00,0.00
O-004290,2025-06-13,S-03,หน้าร้าน,P-201,1,95.00,9.50,85.50,5.59,0.00,0.00
O-004291,2025-06-13,S-01,หน้าร้าน,P-203,2,150.00,0.00,150.00,9.81,0.00,0.00
O-004292,2025-06-13,S-04,หน้าร้าน,P-301,1,2450.00,245.00,2205.00,144.25,0.00,0.00
O-004293,2025-06-13,S-04,หน้าร้าน,P-201,1,95.00,0.00,95.00,6.21,0.00,0.00
O-004294,2025-06-13,S-02,หน้าร้าน,P-302,2,7780.00,0.00,7780.00,508.97,0.00,0.00
O-004295,2025-06-13,S-03,หน้าร้าน,P-103,1,45.00,2.25,42.75,2.80,0.00,0.00
O-004296,2025-06-13,S-03,หน้าร้าน,P-103,2,90.00,9.00,81.00,5.30,0.00,0.00
O-004297,2025-06-13,S-03,หน้าร้าน,P-302,2,7780.00,389.00,7391.00,483.52,0.00,0.00
O-004298,2025-06-13,S-06,หน้าร้าน,P-201,1,95.00,0.00,95.00,6.21,0.00,0.00
O-004299,2025-06-13,S-02,หน้าร้าน,P-201,3,285.00,0.00,285.00,18.64,0.00,0.00
O-004300,2025-06-13,S-02,หน้าร้าน,P-302,1,3890.00,778.00,3112.00,203.59,0.00,0.00
O-004301,2025-06-13,S-05,หน้าร้าน,P-301,1,2450.00,122.50,2327.50,152.27,0.00,0.00
O-004302,2025-06-13,S-06,หน้าร้าน,P-202,1,120.00,12.00,108.00,7.07,0.00,0.00
O-004303,2025-06-13,S-03,หน้าร้าน,P-201,3,285.00,28.50,256.50,16.78,0.00,0.00
O-004304,2025-06-13,S-06,หน้าร้าน,P-202,1,120.00,12.00,108.00,7.07,0.00,0.00
O-004305,2025-06-13,S-01,หน้าร้าน,P-103,1,45.00,0.00,45.00,2.94,0.00,0.00
O-004306,2025-06-13,S-06,หน้าร้าน,P-201,1,95.00,19.00,76.00,4.97,0.00,0.00
O-004307,2025-06-13,S-01,หน้าร้าน,P-203,1,75.00,7.50,67.50,4.42,0.00,0.00
O-004308,2025-06-13,S-06,หน้าร้าน,P-201,2,190.00,19.00,171.00,11.19,0.00,0.00
O-004309,2025-06-13,S-03,หน้าร้าน,P-102,1,28.00,1.40,26.60,1.74,0.00,0.00
O-004310,2025-06-13,S-04,หน้าร้าน,P-203,1,75.00,3.75,71.25,4.66,0.00,0.00
O-004311,2025-06-13,S-06,หน้าร้าน,P-202,1,120.00,0.00,120.00,7.85,0.00,0.00
O-004312,2025-06-13,S-05,หน้าร้าน,P-103,1,45.00,9.00,36.00,2.36,0.00,0.00
O-004313,2025-06-13,S-01,หน้าร้าน,P-202,3,360.00,36.00,324.00,21.20,0.00,0.00
O-004314,2025-06-13,S-90,ออนไลน์,P-101,5,175.00,35.00,140.00,9.16,0.00,0.00
O-004315,2025-06-13,S-01,หน้าร้าน,P-302,1,3890.00,778.00,3112.00,203.59,0.00,0.00
O-004316,2025-06-13,S-01,หน้าร้าน,P-203,1,75.00,7.50,67.50,4.42,0.00,0.00
O-004317,2025-06-13,S-06,หน้าร้าน,P-203,1,75.00,15.00,60.00,3.93,0.00,0.00
O-004318,2025-06-13,S-06,หน้าร้าน,P-102,2,56.00,2.80,53.20,3.48,0.00,0.00
O-004319,2025-06-13,S-02,หน้าร้าน,P-101,1,35.00,1.75,33.25,2.18,0.00,0.00
O-004320,2025-06-13,S-02,หน้าร้าน,P-101,2,70.00,7.00,63.00,4.12,0.00,0.00
O-004321,2025-06-13,S-03,หน้าร้าน,P-301,2,4900.00,980.00,3920.00,256.45,0.00,0.00
O-004322,2025-06-14,S-90,ออนไลน์,P-201,1,95.00,0.00,95.00,6.21,50.00,0.00
O-004323,2025-06-14,S-04,หน้าร้าน,P-101,1,35.00,7.00,28.00,1.83,0.00,0.00
O-004324,2025-06-14,S-05,หน้าร้าน,P-302,1,3890.00,389.00,3501.00,229.04,0.00,0.00
O-004325,2025-06-14,S-06,หน้าร้าน,P-102,2,56.00,0.00,56.00,3.66,0.00,0.00
O-004326,2025-06-14,S-03,หน้าร้าน,P-202,2,240.00,0.00,240.00,15.70,0.00,0.00
O-004327,2025-06-14,S-02,หน้าร้าน,P-201,3,285.00,57.00,228.00,14.92,0.00,0.00
O-004328,2025-06-14,S-06,หน้าร้าน,P-302,1,3890.00,0.00,3890.00,254.49,0.00,0.00
O-004329,2025-06-14,S-03,หน้าร้าน,P-202,1,120.00,6.00,114.00,7.46,0.00,0.00
O-004330,2025-06-14,S-02,หน้าร้าน,P-202,3,360.00,0.00,360.00,23.55,0.00,0.00
O-004331,2025-06-14,S-90,ออนไลน์,P-202,1,120.00,24.00,96.00,6.28,0.00,0.00
O-004332,2025-06-14,S-04,หน้าร้าน,P-103,1,45.00,0.00,45.00,2.94,0.00,0.00
O-004333,2025-06-14,S-01,หน้าร้าน,P-302,1,3890.00,194.50,3695.50,241.76,0.00,0.00
O-004334,2025-06-14,S-06,หน้าร้าน,P-302,3,11670.00,583.50,11086.50,725.29,0.00,0.00
O-004335,2025-06-14,S-05,หน้าร้าน,P-301,1,2450.00,490.00,1960.00,128.22,0.00,0.00
O-004336,2025-06-14,S-01,หน้าร้าน,P-301,1,2450.00,0.00,2450.00,160.28,0.00,0.00
O-004337,2025-06-14,S-01,หน้าร้าน,P-103,1,45.00,0.00,45.00,2.94,0.00,0.00
O-004338,2025-06-14,S-01,หน้าร้าน,P-201,2,190.00,0.00,190.00,12.43,0.00,0.00
O-004339,2025-06-14,S-90,ออนไลน์,P-302,1,3890.00,778.00,3112.00,203.59,0.00,0.00
O-004340,2025-06-14,S-02,หน้าร้าน,P-202,1,120.00,0.00,120.00,7.85,0.00,0.00
O-004341,2025-06-15,S-01,หน้าร้าน,P-301,3,7350.00,1470.00,5880.00,384.67,0.00,0.00
O-004342,2025-06-15,S-01,หน้าร้าน,P-203,1,75.00,0.00,75.00,4.91,0.00,0.00
O-004343,2025-06-15,S-90,ออนไลน์,P-202,1,120.00,0.00,120.00,7.85,80.00,0.00
O-004344,2025-06-15,S-02,หน้าร้าน,P-102,1,28.00,1.40,26.60,1.74,0.00,0.00
O-004345,2025-06-15,S-01,หน้าร้าน,P-201,1,95.00,19.00,76.00,4.97,0.00,0.00
O-004346,2025-06-15,S-03,หน้าร้าน,P-103,1,45.00,9.00,36.00,2.36,0.00,0.00
O-004347,2025-06-15,S-05,หน้าร้าน,P-301,1,2450.00,0.00,2450.00,160.28,0.00,0.00
O-004348,2025-06-15,S-02,หน้าร้าน,P-301,1,2450.00,490.00,1960.00,128.22,0.00,0.00
O-004349,2025-06-15,S-06,หน้าร้าน,P-103,5,225.00,0.00,225.00,14.72,0.00,0.00
O-004350,2025-06-15,S-02,หน้าร้าน,P-203,1,75.00,15.00,60.00,3.93,0.00,0.00
O-004351,2025-06-15,S-05,หน้าร้าน,P-301,1,2450.00,122.50,2327.50,152.27,0.00,0.00
O-004352,2025-06-15,S-06,หน้าร้าน,P-202,2,240.00,24.00,216.00,14.13,0.00,0.00
O-004353,2025-06-15,S-06,หน้าร้าน,P-203,2,150.00,0.00,150.00,9.81,0.00,0.00
O-004354,2025-06-15,S-03,หน้าร้าน,P-102,3,84.00,4.20,79.80,5.22,0.00,0.00
O-004355,2025-06-15,S-90,ออนไลน์,P-302,2,7780.00,0.00,7780.00,508.97,80.00,0.00
O-004356,2025-06-15,S-90,ออนไลน์,P-302,1,3890.00,778.00,3112.00,203.59,35.00,0.00
O-004357,2025-06-15,S-02,หน้าร้าน,P-301,3,7350.00,0.00,7350.00,480.84,0.00,0.00
O-004358,2025-06-15,S-01,หน้าร้าน,P-302,1,3890.00,194.50,3695.50,241.76,0.00,0.00
O-004359,2025-06-15,S-06,หน้าร้าน,P-202,5,600.00,0.00,600.00,39.25,0.00,0.00
O-004360,2025-06-15,S-03,หน้าร้าน,P-301,2,4900.00,0.00,4900.00,320.56,0.00,0.00
O-004361,2025-06-15,S-05,หน้าร้าน,P-203,2,150.00,15.00,135.00,8.83,0.00,0.00
O-004362,2025-06-15,S-04,หน้าร้าน,P-102,3,84.00,0.00,84.00,5.50,0.00,0.00
O-004363,2025-06-15,S-02,หน้าร้าน,P-103,3,135.00,0.00,135.00,8.83,0.00,0.00
O-004364,2025-06-15,S-05,หน้าร้าน,P-302,2,7780.00,778.00,7002.00,458.07,0.00,0.00
O-004365,2025-06-15,S-01,หน้าร้าน,P-102,2,56.00,0.00,56.00,3.66,0.00,0.00
O-004366,2025-06-16,S-03,หน้าร้าน,P-103,1,45.00,0.00,45.00,2.94,0.00,0.00
O-004367,2025-06-16,S-02,หน้าร้าน,P-201,5,475.00,95.00,380.00,24.86,0.00,0.00
O-004368,2025-06-16,S-05,หน้าร้าน,P-302,1,3890.00,0.00,3890.00,254.49,0.00,0.00
O-004369,2025-06-16,S-05,หน้าร้าน,P-301,1,2450.00,0.00,2450.00,160.28,0.00,0.00
O-004370,2025-06-16,S-04,หน้าร้าน,P-301,5,12250.00,2450.00,9800.00,641.12,0.00,0.00
O-004371,2025-06-16,S-90,ออนไลน์,P-102,3,84.00,4.20,79.80,5.22,50.00,0.00
O-004372,2025-06-16,S-03,หน้าร้าน,P-302,1,3890.00,0.00,3890.00,254.49,0.00,0.00
O-004373,2025-06-16,S-02,หน้าร้าน,P-102,5,140.00,14.00,126.00,8.24,0.00,0.00
O-004374,2025-06-16,S-02,หน้าร้าน,P-201,3,285.00,14.25,270.75,17.71,0.00,0.00
O-004375,2025-06-16,S-05,หน้าร้าน,P-103,1,45.00,9.00,36.00,2.36,0.00,0.00
O-004376,2025-06-16,S-03,หน้าร้าน,P-202,1,120.00,12.00,108.00,7.07,0.00,0.00
O-004377,2025-06-16,S-05,หน้าร้าน,P-202,2,240.00,12.00,228.00,14.92,0.00,0.00
O-004378,2025-06-16,S-06,หน้าร้าน,P-302,1,3890.00,0.00,3890.00,254.49,0.00,0.00
O-004379,2025-06-16,S-02,หน้าร้าน,P-202,1,120.00,12.00,108.00,7.07,0.00,0.00
O-004380,2025-06-16,S-05,หน้าร้าน,P-203,2,150.00,0.00,150.00,9.81,0.00,0.00
O-004381,2025-06-16,S-02,หน้าร้าน,P-201,3,285.00,28.50,256.50,16.78,0.00,0.00
O-004382,2025-06-16,S-03,หน้าร้าน,P-302,1,3890.00,389.00,3501.00,229.04,0.00,0.00
O-004383,2025-06-16,S-03,หน้าร้าน,P-301,1,2450.00,490.00,1960.00,128.22,0.00,0.00
O-004384,2025-06-16,S-06,หน้าร้าน,P-301,3,7350.00,0.00,7350.00,480.84,0.00,0.00
O-004385,2025-06-16,S-01,หน้าร้าน,P-301,1,2450.00,122.50,2327.50,152.27,0.00,0.00
O-004386,2025-06-16,S-01,หน้าร้าน,P-101,1,35.00,0.00,35.00,2.29,0.00,0.00
O-004387,2025-06-16,S-05,หน้าร้าน,P-101,1,35.00,0.00,35.00,2.29,0.00,0.00
O-004388,2025-06-16,S-01,หน้าร้าน,P-201,2,190.00,0.00,190.00,12.43,0.00,0.00
O-004389,2025-06-16,S-01,หน้าร้าน,P-101,5,175.00,35.00,140.00,9.16,0.00,0.00
O-004390,2025-06-16,S-05,หน้าร้าน,P-103,2,90.00,9.00,81.00,5.30,0.00,0.00
O-004391,2025-06-16,S-01,หน้าร้าน,P-101,3,105.00,10.50,94.50,6.18,0.00,0.00
O-004392,2025-06-16,S-90,ออนไลน์,P-203,2,150.00,15.00,135.00,8.83,0.00,0.00
O-004393,2025-06-16,S-06,หน้าร้าน,P-301,1,2450.00,245.00,2205.00,144.25,0.00,0.00
O-004394,2025-06-16,S-05,หน้าร้าน,P-101,1,35.00,0.00,35.00,2.29,0.00,0.00
O-004395,2025-06-16,S-01,หน้าร้าน,P-302,3,11670.00,2334.00,9336.00,610.77,0.00,0.00
O-004396,2025-06-16,S-03,หน้าร้าน,P-201,1,95.00,9.50,85.50,5.59,0.00,0.00
O-004397,2025-06-16,S-01,หน้าร้าน,P-201,1,95.00,0.00,95.00,6.21,0.00,0.00
O-004398,2025-06-16,S-05,หน้าร้าน,P-202,2,240.00,12.00,228.00,14.92,0.00,0.00
O-004399,2025-06-17,S-02,หน้าร้าน,P-102,3,84.00,0.00,84.00,5.50,0.00,0.00
O-004400,2025-06-17,S-90,ออนไลน์,P-202,1,120.00,12.00,108.00,7.07,0.00,0.00
O-004401,2025-06-17,S-06,หน้าร้าน,P-301,2,4900.00,490.00,4410.00,288.50,0.00,0.00
O-004402,2025-06-17,S-02,หน้าร้าน,P-301,5,12250.00,0.00,12250.00,801.40,0.00,0.00
O-004403,2025-06-17,S-05,หน้าร้าน,P-301,2,4900.00,490.00,4410.00,288.50,0.00,0.00
O-004404,2025-06-17,S-06,หน้าร้าน,P-101,3,105.00,0.00,105.00,6.87,0.00,0.00
O-004405,2025-06-17,S-90,ออนไลน์,P-102,1,28.00,5.60,22.40,1.47,35.00,0.00
O-004406,2025-06-17,S-02,หน้าร้าน,P-203,1,75.00,7.50,67.50,4.42,0.00,0.00
O-004407,2025-06-17,S-06,หน้าร้าน,P-302,1,3890.00,778.00,3112.00,203.59,0.00,3112.00
O-004408,2025-06-17,S-05,หน้าร้าน,P-101,1,35.00,0.00,35.00,2.29,0.00,0.00
O-004409,2025-06-17,S-01,หน้าร้าน,P-301,1,2450.00,0.00,2450.00,160.28,0.00,0.00
O-004410,2025-06-17,S-04,หน้าร้าน,P-302,1,3890.00,0.00,3890.00,254.49,0.00,0.00
O-004411,2025-06-17,S-01,หน้าร้าน,P-103,1,45.00,2.25,42.75,2.80,0.00,0.00
O-004412,2025-06-17,S-04,หน้าร้าน,P-201,2,190.00,0.00,190.00,12.43,0.00,0.00
O-004413,2025-06-17,S-04,หน้าร้าน,P-201,2,190.00,0.00,190.00,12.43,0.00,0.00
O-004414,2025-06-17,S-06,หน้าร้าน,P-202,1,120.00,12.00,108.00,7.07,0.00,0.00
O-004415,2025-06-17,S-06,หน้าร้าน,P-201,1,95.00,9.50,85.50,5.59,0.00,0.00
O-004416,2025-06-17,S-90,ออนไลน์,P-103,2,90.00,18.00,72.00,4.71,0.00,0.00
O-004417,2025-06-17,S-05,หน้าร้าน,P-202,1,120.00,6.00,114.00,7.46,0.00,0.00
O-004418,2025-06-17,S-05,หน้าร้าน,P-201,1,95.00,0.00,95.00,6.21,0.00,0.00
O-004419,2025-06-17,S-01,หน้าร้าน,P-201,2,190.00,0.00,190.00,12.43,0.00,0.00
O-004420,2025-06-17,S-06,หน้าร้าน,P-202,1,120.00,6.00,114.00,7.46,0.00,0.00
O-004421,2025-06-17,S-05,หน้าร้าน,P-201,1,95.00,19.00,76.00,4.97,0.00,0.00
O-004422,2025-06-17,S-04,หน้าร้าน,P-301,2,4900.00,0.00,4900.00,320.56,0.00,0.00
O-004423,2025-06-17,S-01,หน้าร้าน,P-302,1,3890.00,194.50,3695.50,241.76,0.00,0.00
O-004424,2025-06-17,S-90,ออนไลน์,P-103,3,135.00,0.00,135.00,8.83,50.00,0.00
O-004425,2025-06-17,S-90,ออนไลน์,P-301,3,7350.00,735.00,6615.00,432.76,35.00,0.00
O-004426,2025-06-17,S-02,หน้าร้าน,P-301,1,2450.00,122.50,2327.50,152.27,0.00,0.00
O-004427,2025-06-17,S-04,หน้าร้าน,P-203,2,150.00,15.00,135.00,8.83,0.00,0.00
O-004428,2025-06-18,S-02,หน้าร้าน,P-201,2,190.00,9.50,180.50,11.81,0.00,0.00
O-004429,2025-06-18,S-90,ออนไลน์,P-103,1,45.00,2.25,42.75,2.80,0.00,0.00
O-004430,2025-06-18,S-01,หน้าร้าน,P-101,1,35.00,3.50,31.50,2.06,0.00,0.00
O-004431,2025-06-18,S-05,หน้าร้าน,P-202,1,120.00,12.00,108.00,7.07,0.00,0.00
O-004432,2025-06-18,S-05,หน้าร้าน,P-102,1,28.00,2.80,25.20,1.65,0.00,0.00
O-004433,2025-06-18,S-03,หน้าร้าน,P-202,2,240.00,0.00,240.00,15.70,0.00,0.00
O-004434,2025-06-18,S-04,หน้าร้าน,P-103,2,90.00,9.00,81.00,5.30,0.00,0.00
O-004435,2025-06-18,S-02,หน้าร้าน,P-102,1,28.00,2.80,25.20,1.65,0.00,0.00
O-004436,2025-06-18,S-02,หน้าร้าน,P-202,2,240.00,0.00,240.00,15.70,0.00,0.00
O-004437,2025-06-18,S-05,หน้าร้าน,P-101,5,175.00,0.00,175.00,11.45,0.00,0.00
O-004438,2025-06-18,S-90,ออนไลน์,P-202,1,120.00,24.00,96.00,6.28,80.00,0.00
O-004439,2025-06-18,S-90,ออนไลน์,P-201,1,95.00,0.00,95.00,6.21,50.00,0.00
O-004440,2025-06-18,S-03,หน้าร้าน,P-202,1,120.00,6.00,114.00,7.46,0.00,0.00
O-004441,2025-06-18,S-01,หน้าร้าน,P-201,1,95.00,0.00,95.00,6.21,0.00,0.00
O-004442,2025-06-18,S-03,หน้าร้าน,P-103,2,90.00,0.00,90.00,5.89,0.00,0.00
O-004443,2025-06-18,S-02,หน้าร้าน,P-201,3,285.00,57.00,228.00,14.92,0.00,0.00
O-004444,2025-06-18,S-05,หน้าร้าน,P-101,1,35.00,7.00,28.00,1.83,0.00,0.00
O-004445,2025-06-18,S-04,หน้าร้าน,P-203,1,75.00,0.00,75.00,4.91,0.00,0.00
O-004446,2025-06-18,S-04,หน้าร้าน,P-301,2,4900.00,0.00,4900.00,320.56,0.00,0.00
O-004447,2025-06-18,S-01,หน้าร้าน,P-102,2,56.00,11.20,44.80,2.93,0.00,0.00
O-004448,2025-06-18,S-03,หน้าร้าน,P-102,1,28.00,1.40,26.60,1.74,0.00,0.00
O-004449,2025-06-18,S-90,ออนไลน์,P-302,2,7780.00,1556.00,6224.00,407.18,80.00,0.00
O-004450,2025-06-19,S-05,หน้าร้าน,P-101,2,70.00,7.00,63.00,4.12,0.00,0.00
O-004451,2025-06-19,S-06,หน้าร้าน,P-201,2,190.00,19.00,171.00,11.19,0.00,0.00
O-004452,2025-06-19,S-06,หน้าร้าน,P-302,1,3890.00,0.00,3890.00,254.49,0.00,0.00
O-004453,2025-06-19,S-03,หน้าร้าน,P-301,2,4900.00,245.00,4655.00,304.53,0.00,0.00
O-004454,2025-06-19,S-06,หน้าร้าน,P-103,1,45.00,0.00,45.00,2.94,0.00,0.00
O-004455,2025-06-19,S-01,หน้าร้าน,P-201,2,190.00,38.00,152.00,9.94,0.00,0.00
O-004456,2025-06-19,S-04,หน้าร้าน,P-301,1,2450.00,245.00,2205.00,144.25,0.00,0.00
O-004457,2025-06-19,S-04,หน้าร้าน,P-203,1,75.00,0.00,75.00,4.91,0.00,0.00
O-004458,2025-06-19,S-03,หน้าร้าน,P-101,2,70.00,0.00,70.00,4.58,0.00,0.00
O-004459,2025-06-19,S-06,หน้าร้าน,P-201,1,95.00,9.50,85.50,5.59,0.00,0.00
O-004460,2025-06-19,S-02,หน้าร้าน,P-201,3,285.00,14.25,270.75,17.71,0.00,0.00
O-004461,2025-06-19,S-05,หน้าร้าน,P-302,1,3890.00,194.50,3695.50,241.76,0.00,0.00
O-004462,2025-06-19,S-04,หน้าร้าน,P-202,1,120.00,0.00,120.00,7.85,0.00,0.00
O-004463,2025-06-19,S-06,หน้าร้าน,P-202,2,240.00,24.00,216.00,14.13,0.00,0.00
O-004464,2025-06-19,S-02,หน้าร้าน,P-201,1,95.00,4.75,90.25,5.90,0.00,0.00
O-004465,2025-06-19,S-04,หน้าร้าน,P-301,2,4900.00,980.00,3920.00,256.45,0.00,0.00
O-004466,2025-06-19,S-05,หน้าร้าน,P-302,1,3890.00,194.50,3695.50,241.76,0.00,0.00
O-004467,2025-06-19,S-01,หน้าร้าน,P-101,1,35.00,7.00,28.00,1.83,0.00,0.00
O-004468,2025-06-19,S-05,หน้าร้าน,P-302,1,3890.00,389.00,3501.00,229.04,0.00,0.00
O-004469,2025-06-19,S-90,ออนไลน์,P-101,2,70.00,7.00,63.00,4.12,0.00,0.00
O-004470,2025-06-19,S-90,ออนไลน์,P-301,5,12250.00,0.00,12250.00,801.40,0.00,0.00
O-004471,2025-06-19,S-90,ออนไลน์,P-102,1,28.00,1.40,26.60,1.74,80.00,0.00
O-004472,2025-06-19,S-06,หน้าร้าน,P-203,1,75.00,7.50,67.50,4.42,0.00,0.00
O-004473,2025-06-19,S-01,หน้าร้าน,P-203,3,225.00,11.25,213.75,13.98,0.00,0.00
O-004474,2025-06-19,S-04,หน้าร้าน,P-103,1,45.00,9.00,36.00,2.36,0.00,0.00
O-004475,2025-06-19,S-02,หน้าร้าน,P-201,5,475.00,47.50,427.50,27.97,0.00,0.00
O-004476,2025-06-19,S-01,หน้าร้าน,P-101,1,35.00,1.75,33.25,2.18,0.00,0.00
O-004477,2025-06-20,S-05,หน้าร้าน,P-101,2,70.00,14.00,56.00,3.66,0.00,56.00
O-004478,2025-06-20,S-05,หน้าร้าน,P-202,2,240.00,0.00,240.00,15.70,0.00,0.00
O-004479,2025-06-20,S-90,ออนไลน์,P-201,2,190.00,0.00,190.00,12.43,35.00,0.00
O-004480,2025-06-20,S-04,หน้าร้าน,P-102,1,28.00,5.60,22.40,1.47,0.00,0.00
O-004481,2025-06-20,S-90,ออนไลน์,P-301,1,2450.00,245.00,2205.00,144.25,50.00,0.00
O-004482,2025-06-20,S-01,หน้าร้าน,P-202,1,120.00,0.00,120.00,7.85,0.00,0.00
O-004483,2025-06-20,S-02,หน้าร้าน,P-101,1,35.00,7.00,28.00,1.83,0.00,0.00
O-004484,2025-06-20,S-06,หน้าร้าน,P-202,3,360.00,0.00,360.00,23.55,0.00,0.00
O-004485,2025-06-20,S-90,ออนไลน์,P-301,1,2450.00,0.00,2450.00,160.28,0.00,2450.00
O-004486,2025-06-20,S-05,หน้าร้าน,P-202,1,120.00,12.00,108.00,7.07,0.00,0.00
O-004487,2025-06-20,S-90,ออนไลน์,P-302,1,3890.00,0.00,3890.00,254.49,0.00,0.00
O-004488,2025-06-20,S-04,หน้าร้าน,P-103,1,45.00,4.50,40.50,2.65,0.00,0.00
O-004489,2025-06-20,S-04,หน้าร้าน,P-102,1,28.00,2.80,25.20,1.65,0.00,0.00
O-004490,2025-06-20,S-90,ออนไลน์,P-301,2,4900.00,0.00,4900.00,320.56,0.00,0.00
O-004491,2025-06-20,S-03,หน้าร้าน,P-102,2,56.00,11.20,44.80,2.93,0.00,0.00
O-004492,2025-06-20,S-01,หน้าร้าน,P-102,1,28.00,5.60,22.40,1.47,0.00,0.00
O-004493,2025-06-20,S-01,หน้าร้าน,P-203,1,75.00,0.00,75.00,4.91,0.00,0.00
O-004494,2025-06-20,S-04,หน้าร้าน,P-103,1,45.00,0.00,45.00,2.94,0.00,0.00
O-004495,2025-06-20,S-04,หน้าร้าน,P-101,3,105.00,21.00,84.00,5.50,0.00,0.00
O-004496,2025-06-21,S-01,หน้าร้าน,P-201,1,95.00,4.75,90.25,5.90,0.00,0.00
O-004497,2025-06-21,S-05,หน้าร้าน,P-302,2,7780.00,0.00,7780.00,508.97,0.00,0.00
O-004498,2025-06-21,S-06,หน้าร้าน,P-101,1,35.00,3.50,31.50,2.06,0.00,0.00
O-004499,2025-06-21,S-05,หน้าร้าน,P-301,2,4900.00,490.00,4410.00,288.50,0.00,0.00
O-004500,2025-06-21,S-01,หน้าร้าน,P-201,2,190.00,38.00,152.00,9.94,0.00,0.00
O-004501,2025-06-21,S-90,ออนไลน์,P-201,1,95.00,19.00,76.00,4.97,0.00,0.00
O-004502,2025-06-21,S-90,ออนไลน์,P-101,1,35.00,0.00,35.00,2.29,80.00,0.00
O-004503,2025-06-21,S-03,หน้าร้าน,P-202,1,120.00,24.00,96.00,6.28,0.00,0.00
O-004504,2025-06-21,S-90,ออนไลน์,P-103,2,90.00,0.00,90.00,5.89,50.00,0.00
O-004505,2025-06-21,S-01,หน้าร้าน,P-101,1,35.00,0.00,35.00,2.29,0.00,0.00
O-004506,2025-06-21,S-05,หน้าร้าน,P-101,2,70.00,14.00,56.00,3.66,0.00,0.00
O-004507,2025-06-21,S-01,หน้าร้าน,P-203,5,375.00,0.00,375.00,24.53,0.00,0.00
O-004508,2025-06-21,S-90,ออนไลน์,P-102,3,84.00,16.80,67.20,4.40,35.00,0.00
O-004509,2025-06-21,S-01,หน้าร้าน,P-103,1,45.00,0.00,45.00,2.94,0.00,0.00
O-004510,2025-06-21,S-01,หน้าร้าน,P-203,1,75.00,0.00,75.00,4.91,0.00,0.00
O-004511,2025-06-21,S-03,หน้าร้าน,P-103,2,90.00,0.00,90.00,5.89,0.00,0.00
O-004512,2025-06-21,S-03,หน้าร้าน,P-102,1,28.00,0.00,28.00,1.83,0.00,0.00
O-004513,2025-06-21,S-90,ออนไลน์,P-102,3,84.00,16.80,67.20,4.40,50.00,0.00
O-004514,2025-06-21,S-04,หน้าร้าน,P-302,2,7780.00,0.00,7780.00,508.97,0.00,0.00
O-004515,2025-06-21,S-06,หน้าร้าน,P-102,1,28.00,0.00,28.00,1.83,0.00,0.00
O-004516,2025-06-21,S-04,หน้าร้าน,P-201,1,95.00,9.50,85.50,5.59,0.00,0.00
O-004517,2025-06-21,S-03,หน้าร้าน,P-302,1,3890.00,0.00,3890.00,254.49,0.00,0.00
O-004518,2025-06-21,S-05,หน้าร้าน,P-203,2,150.00,0.00,150.00,9.81,0.00,0.00
O-004519,2025-06-21,S-01,หน้าร้าน,P-103,1,45.00,0.00,45.00,2.94,0.00,0.00
O-004520,2025-06-21,S-06,หน้าร้าน,P-202,2,240.00,24.00,216.00,14.13,0.00,0.00
O-004521,2025-06-21,S-01,หน้าร้าน,P-102,2,56.00,5.60,50.40,3.30,0.00,0.00
O-004522,2025-06-21,S-03,หน้าร้าน,P-302,1,3890.00,778.00,3112.00,203.59,0.00,0.00
O-004523,2025-06-21,S-90,ออนไลน์,P-302,1,3890.00,389.00,3501.00,229.04,80.00,0.00
O-004524,2025-06-22,S-01,หน้าร้าน,P-103,1,45.00,0.00,45.00,2.94,0.00,0.00
O-004525,2025-06-22,S-06,หน้าร้าน,P-103,1,45.00,9.00,36.00,2.36,0.00,0.00
O-004526,2025-06-22,S-06,หน้าร้าน,P-302,1,3890.00,0.00,3890.00,254.49,0.00,0.00
O-004527,2025-06-22,S-04,หน้าร้าน,P-203,3,225.00,0.00,225.00,14.72,0.00,0.00
O-004528,2025-06-22,S-02,หน้าร้าน,P-302,2,7780.00,0.00,7780.00,508.97,0.00,0.00
O-004529,2025-06-22,S-90,ออนไลน์,P-103,2,90.00,4.50,85.50,5.59,35.00,0.00
O-004530,2025-06-22,S-90,ออนไลน์,P-302,5,19450.00,972.50,18477.50,1208.81,0.00,0.00
O-004531,2025-06-22,S-01,หน้าร้าน,P-301,1,2450.00,0.00,2450.00,160.28,0.00,0.00
O-004532,2025-06-22,S-01,หน้าร้าน,P-302,1,3890.00,194.50,3695.50,241.76,0.00,0.00
O-004533,2025-06-22,S-04,หน้าร้าน,P-302,2,7780.00,0.00,7780.00,508.97,0.00,0.00
O-004534,2025-06-22,S-06,หน้าร้าน,P-301,2,4900.00,0.00,4900.00,320.56,0.00,0.00
O-004535,2025-06-22,S-02,หน้าร้าน,P-102,1,28.00,5.60,22.40,1.47,0.00,0.00
O-004536,2025-06-22,S-03,หน้าร้าน,P-102,1,28.00,0.00,28.00,1.83,0.00,0.00
O-004537,2025-06-22,S-06,หน้าร้าน,P-203,1,75.00,3.75,71.25,4.66,0.00,0.00
O-004538,2025-06-22,S-06,หน้าร้าน,P-301,2,4900.00,245.00,4655.00,304.53,0.00,0.00
O-004539,2025-06-22,S-03,หน้าร้าน,P-203,2,150.00,0.00,150.00,9.81,0.00,0.00
O-004540,2025-06-22,S-05,หน้าร้าน,P-202,2,240.00,24.00,216.00,14.13,0.00,0.00
O-004541,2025-06-22,S-05,หน้าร้าน,P-302,1,3890.00,0.00,3890.00,254.49,0.00,0.00
O-004542,2025-06-22,S-90,ออนไลน์,P-202,2,240.00,48.00,192.00,12.56,0.00,0.00
O-004543,2025-06-22,S-90,ออนไลน์,P-102,1,28.00,2.80,25.20,1.65,0.00,0.00
O-004544,2025-06-22,S-04,หน้าร้าน,P-102,1,28.00,2.80,25.20,1.65,0.00,0.00
O-004545,2025-06-22,S-04,หน้าร้าน,P-301,1,2450.00,0.00,2450.00,160.28,0.00,0.00
O-004546,2025-06-22,S-03,หน้าร้าน,P-302,5,19450.00,972.50,18477.50,1208.81,0.00,0.00
O-004547,2025-06-22,S-04,หน้าร้าน,P-301,1,2450.00,0.00,2450.00,160.28,0.00,0.00
O-004548,2025-06-22,S-02,หน้าร้าน,P-101,5,175.00,35.00,140.00,9.16,0.00,0.00
O-004549,2025-06-22,S-03,หน้าร้าน,P-203,1,75.00,3.75,71.25,4.66,0.00,0.00
O-004550,2025-06-22,S-02,หน้าร้าน,P-101,1,35.00,1.75,33.25,2.18,0.00,0.00
O-004551,2025-06-22,S-90,ออนไลน์,P-302,2,7780.00,389.00,7391.00,483.52,35.00,0.00
O-004552,2025-06-23,S-90,ออนไลน์,P-102,2,56.00,2.80,53.20,3.48,50.00,0.00
O-004553,2025-06-23,S-06,หน้าร้าน,P-203,3,225.00,0.00,225.00,14.72,0.00,0.00
O-004554,2025-06-23,S-04,หน้าร้าน,P-203,1,75.00,0.00,75.00,4.91,0.00,0.00
O-004555,2025-06-23,S-01,หน้าร้าน,P-101,1,35.00,7.00,28.00,1.83,0.00,0.00
O-004556,2025-06-23,S-01,หน้าร้าน,P-201,1,95.00,19.00,76.00,4.97,0.00,0.00
O-004557,2025-06-23,S-02,หน้าร้าน,P-103,1,45.00,2.25,42.75,2.80,0.00,0.00
O-004558,2025-06-23,S-04,หน้าร้าน,P-201,1,95.00,19.00,76.00,4.97,0.00,0.00
O-004559,2025-06-23,S-04,หน้าร้าน,P-101,2,70.00,0.00,70.00,4.58,0.00,0.00
O-004560,2025-06-23,S-01,หน้าร้าน,P-301,1,2450.00,490.00,1960.00,128.22,0.00,0.00
O-004561,2025-06-23,S-04,หน้าร้าน,P-301,3,7350.00,0.00,7350.00,480.84,0.00,0.00
O-004562,2025-06-23,S-05,หน้าร้าน,P-202,1,120.00,0.00,120.00,7.85,0.00,0.00
O-004563,2025-06-23,S-04,หน้าร้าน,P-103,3,135.00,6.75,128.25,8.39,0.00,0.00
O-004564,2025-06-23,S-04,หน้าร้าน,P-101,1,35.00,3.50,31.50,2.06,0.00,0.00
O-004565,2025-06-23,S-90,ออนไลน์,P-101,1,35.00,3.50,31.50,2.06,0.00,0.00
O-004566,2025-06-23,S-04,หน้าร้าน,P-102,1,28.00,0.00,28.00,1.83,0.00,0.00
O-004567,2025-06-23,S-04,หน้าร้าน,P-103,2,90.00,0.00,90.00,5.89,0.00,0.00
O-004568,2025-06-23,S-90,ออนไลน์,P-101,1,35.00,7.00,28.00,1.83,50.00,0.00
O-004569,2025-06-23,S-05,หน้าร้าน,P-302,1,3890.00,194.50,3695.50,241.76,0.00,0.00
O-004570,2025-06-23,S-01,หน้าร้าน,P-302,2,7780.00,0.00,7780.00,508.97,0.00,0.00
O-004571,2025-06-23,S-03,หน้าร้าน,P-201,5,475.00,95.00,380.00,24.86,0.00,0.00
O-004572,2025-06-23,S-05,หน้าร้าน,P-301,1,2450.00,122.50,2327.50,152.27,0.00,0.00
O-004573,2025-06-24,S-03,หน้าร้าน,P-301,1,2450.00,0.00,2450.00,160.28,0.00,0.00
O-004574,2025-06-24,S-90,ออนไลน์,P-101,3,105.00,5.25,99.75,6.53,50.00,0.00
O-004575,2025-06-24,S-02,หน้าร้าน,P-202,1,120.00,0.00,120.00,7.85,0.00,0.00
O-004576,2025-06-24,S-05,หน้าร้าน,P-103,5,225.00,22.50,202.50,13.25,0.00,0.00
O-004577,2025-06-24,S-90,ออนไลน์,P-301,1,2450.00,122.50,2327.50,152.27,0.00,0.00
O-004578,2025-06-24,S-05,หน้าร้าน,P-101,1,35.00,3.50,31.50,2.06,0.00,0.00
O-004579,2025-06-24,S-04,หน้าร้าน,P-203,2,150.00,0.00,150.00,9.81,0.00,0.00
O-004580,2025-06-24,S-01,หน้าร้าน,P-301,1,2450.00,0.00,2450.00,160.28,0.00,0.00
O-004581,2025-06-24,S-90,ออนไลน์,P-201,1,95.00,0.00,95.00,6.21,35.00,0.00
O-004582,2025-06-24,S-03,หน้าร้าน,P-203,1,75.00,0.00,75.00,4.91,0.00,0.00
O-004583,2025-06-24,S-02,หน้าร้าน,P-102,3,84.00,0.00,84.00,5.50,0.00,0.00
O-004584,2025-06-24,S-05,หน้าร้าน,P-202,1,120.00,24.00,96.00,6.28,0.00,0.00
O-004585,2025-06-24,S-05,หน้าร้าน,P-103,1,45.00,4.50,40.50,2.65,0.00,0.00
O-004586,2025-06-24,S-04,หน้าร้าน,P-201,1,95.00,0.00,95.00,6.21,0.00,0.00
O-004587,2025-06-24,S-06,หน้าร้าน,P-102,1,28.00,1.40,26.60,1.74,0.00,0.00
O-004588,2025-06-24,S-02,หน้าร้าน,P-202,1,120.00,0.00,120.00,7.85,0.00,0.00
O-004589,2025-06-24,S-05,หน้าร้าน,P-301,1,2450.00,245.00,2205.00,144.25,0.00,0.00
O-004590,2025-06-24,S-02,หน้าร้าน,P-302,2,7780.00,0.00,7780.00,508.97,0.00,0.00
O-004591,2025-06-24,S-90,ออนไลน์,P-201,1,95.00,9.50,85.50,5.59,35.00,0.00
O-004592,2025-06-24,S-05,หน้าร้าน,P-101,1,35.00,1.75,33.25,2.18,0.00,0.00
O-004593,2025-06-24,S-03,หน้าร้าน,P-103,2,90.00,9.00,81.00,5.30,0.00,0.00
O-004594,2025-06-24,S-90,ออนไลน์,P-302,2,7780.00,778.00,7002.00,458.07,35.00,0.00
O-004595,2025-06-24,S-03,หน้าร้าน,P-103,1,45.00,9.00,36.00,2.36,0.00,0.00
O-004596,2025-06-24,S-04,หน้าร้าน,P-302,3,11670.00,2334.00,9336.00,610.77,0.00,0.00
O-004597,2025-06-24,S-03,หน้าร้าน,P-102,1,28.00,0.00,28.00,1.83,0.00,0.00
O-004598,2025-06-25,S-02,หน้าร้าน,P-102,2,56.00,5.60,50.40,3.30,0.00,0.00
O-004599,2025-06-25,S-06,หน้าร้าน,P-102,1,28.00,0.00,28.00,1.83,0.00,0.00
O-004600,2025-06-25,S-06,หน้าร้าน,P-201,1,95.00,0.00,95.00,6.21,0.00,0.00
O-004601,2025-06-25,S-06,หน้าร้าน,P-201,1,95.00,4.75,90.25,5.90,0.00,0.00
O-004602,2025-06-25,S-05,หน้าร้าน,P-102,1,28.00,2.80,25.20,1.65,0.00,0.00
O-004603,2025-06-25,S-05,หน้าร้าน,P-302,2,7780.00,1556.00,6224.00,407.18,0.00,0.00
O-004604,2025-06-25,S-03,หน้าร้าน,P-202,2,240.00,0.00,240.00,15.70,0.00,0.00
O-004605,2025-06-25,S-01,หน้าร้าน,P-302,1,3890.00,194.50,3695.50,241.76,0.00,0.00
O-004606,2025-06-25,S-02,หน้าร้าน,P-102,2,56.00,5.60,50.40,3.30,0.00,0.00
O-004607,2025-06-25,S-03,หน้าร้าน,P-202,1,120.00,24.00,96.00,6.28,0.00,0.00
O-004608,2025-06-25,S-06,หน้าร้าน,P-201,2,190.00,0.00,190.00,12.43,0.00,0.00
O-004609,2025-06-25,S-02,หน้าร้าน,P-201,1,95.00,0.00,95.00,6.21,0.00,0.00
O-004610,2025-06-25,S-02,หน้าร้าน,P-302,1,3890.00,778.00,3112.00,203.59,0.00,0.00
O-004611,2025-06-25,S-04,หน้าร้าน,P-201,1,95.00,0.00,95.00,6.21,0.00,0.00
O-004612,2025-06-25,S-90,ออนไลน์,P-302,1,3890.00,0.00,3890.00,254.49,0.00,0.00
O-004613,2025-06-25,S-02,หน้าร้าน,P-103,1,45.00,0.00,45.00,2.94,0.00,0.00
O-004614,2025-06-25,S-01,หน้าร้าน,P-103,2,90.00,0.00,90.00,5.89,0.00,0.00
O-004615,2025-06-25,S-03,หน้าร้าน,P-302,1,3890.00,778.00,3112.00,203.59,0.00,0.00
O-004616,2025-06-25,S-90,ออนไลน์,P-202,1,120.00,0.00,120.00,7.85,0.00,0.00
O-004617,2025-06-25,S-02,หน้าร้าน,P-103,1,45.00,0.00,45.00,2.94,0.00,0.00
O-004618,2025-06-25,S-04,หน้าร้าน,P-103,1,45.00,2.25,42.75,2.80,0.00,0.00
O-004619,2025-06-25,S-06,หน้าร้าน,P-202,1,120.00,0.00,120.00,7.85,0.00,0.00
O-004620,2025-06-25,S-05,หน้าร้าน,P-102,1,28.00,2.80,25.20,1.65,0.00,0.00
O-004621,2025-06-25,S-05,หน้าร้าน,P-203,2,150.00,0.00,150.00,9.81,0.00,0.00
O-004622,2025-06-25,S-06,หน้าร้าน,P-202,1,120.00,0.00,120.00,7.85,0.00,0.00
O-004623,2025-06-25,S-04,หน้าร้าน,P-302,1,3890.00,0.00,3890.00,254.49,0.00,0.00
O-004624,2025-06-25,S-04,หน้าร้าน,P-103,2,90.00,18.00,72.00,4.71,0.00,0.00
O-004625,2025-06-25,S-02,หน้าร้าน,P-201,2,190.00,9.50,180.50,11.81,0.00,0.00
O-004626,2025-06-25,S-04,หน้าร้าน,P-102,3,84.00,8.40,75.60,4.95,0.00,0.00
O-004627,2025-06-25,S-03,หน้าร้าน,P-203,1,75.00,0.00,75.00,4.91,0.00,0.00
O-004628,2025-06-25,S-02,หน้าร้าน,P-103,1,45.00,0.00,45.00,2.94,0.00,0.00
O-004629,2025-06-25,S-04,หน้าร้าน,P-202,1,120.00,0.00,120.00,7.85,0.00,0.00
O-004630,2025-06-26,S-03,หน้าร้าน,P-103,2,90.00,0.00,90.00,5.89,0.00,0.00
O-004631,2025-06-26,S-03,หน้าร้าน,P-101,2,70.00,0.00,70.00,4.58,0.00,0.00
O-004632,2025-06-26,S-06,หน้าร้าน,P-302,5,19450.00,972.50,18477.50,1208.81,0.00,0.00
O-004633,2025-06-26,S-01,หน้าร้าน,P-203,1,75.00,7.50,67.50,4.42,0.00,0.00
O-004634,2025-06-26,S-06,หน้าร้าน,P-302,2,7780.00,0.00,7780.00,508.97,0.00,0.00
O-004635,2025-06-26,S-02,หน้าร้าน,P-101,3,105.00,0.00,105.00,6.87,0.00,0.00
O-004636,2025-06-26,S-04,หน้าร้าน,P-102,1,28.00,0.00,28.00,1.83,0.00,0.00
O-004637,2025-06-26,S-06,หน้าร้าน,P-203,5,375.00,0.00,375.00,24.53,0.00,0.00
O-004638,2025-06-26,S-02,หน้าร้าน,P-101,1,35.00,3.50,31.50,2.06,0.00,0.00
O-004639,2025-06-26,S-90,ออนไลน์,P-203,1,75.00,0.00,75.00,4.91,50.00,0.00
O-004640,2025-06-26,S-06,หน้าร้าน,P-201,1,95.00,4.75,90.25,5.90,0.00,0.00
O-004641,2025-06-26,S-05,หน้าร้าน,P-202,1,120.00,6.00,114.00,7.46,0.00,0.00
O-004642,2025-06-26,S-01,หน้าร้าน,P-302,1,3890.00,778.00,3112.00,203.59,0.00,0.00
O-004643,2025-06-26,S-02,หน้าร้าน,P-101,2,70.00,7.00,63.00,4.12,0.00,0.00
O-004644,2025-06-26,S-90,ออนไลน์,P-301,1,2450.00,490.00,1960.00,128.22,35.00,0.00
O-004645,2025-06-26,S-05,หน้าร้าน,P-302,5,19450.00,972.50,18477.50,1208.81,0.00,0.00
O-004646,2025-06-26,S-04,หน้าร้าน,P-102,2,56.00,2.80,53.20,3.48,0.00,0.00
O-004647,2025-06-26,S-01,หน้าร้าน,P-101,2,70.00,0.00,70.00,4.58,0.00,0.00
O-004648,2025-06-26,S-06,หน้าร้าน,P-301,1,2450.00,490.00,1960.00,128.22,0.00,0.00
O-004649,2025-06-26,S-01,หน้าร้าน,P-101,5,175.00,17.50,157.50,10.30,0.00,0.00
O-004650,2025-06-26,S-03,หน้าร้าน,P-102,1,28.00,0.00,28.00,1.83,0.00,0.00
O-004651,2025-06-26,S-90,ออนไลน์,P-201,2,190.00,0.00,190.00,12.43,35.00,0.00
O-004652,2025-06-26,S-04,หน้าร้าน,P-102,1,28.00,1.40,26.60,1.74,0.00,0.00
O-004653,2025-06-26,S-03,หน้าร้าน,P-203,3,225.00,11.25,213.75,13.98,0.00,0.00
O-004654,2025-06-26,S-02,หน้าร้าน,P-202,2,240.00,0.00,240.00,15.70,0.00,0.00
O-004655,2025-06-26,S-01,หน้าร้าน,P-201,1,95.00,0.00,95.00,6.21,0.00,0.00
O-004656,2025-06-26,S-05,หน้าร้าน,P-101,1,35.00,0.00,35.00,2.29,0.00,0.00
O-004657,2025-06-26,S-06,หน้าร้าน,P-201,1,95.00,4.75,90.25,5.90,0.00,90.25
O-004658,2025-06-26,S-06,หน้าร้าน,P-302,2,7780.00,389.00,7391.00,483.52,0.00,0.00
O-004659,2025-06-26,S-90,ออนไลน์,P-203,3,225.00,22.50,202.50,13.25,35.00,0.00
O-004660,2025-06-26,S-90,ออนไลน์,P-103,2,90.00,4.50,85.50,5.59,35.00,0.00
O-004661,2025-06-26,S-02,หน้าร้าน,P-203,2,150.00,30.00,120.00,7.85,0.00,0.00
O-004662,2025-06-27,S-03,หน้าร้าน,P-302,2,7780.00,0.00,7780.00,508.97,0.00,0.00
O-004663,2025-06-27,S-01,หน้าร้าน,P-201,2,190.00,19.00,171.00,11.19,0.00,0.00
O-004664,2025-06-27,S-03,หน้าร้าน,P-201,3,285.00,28.50,256.50,16.78,0.00,0.00
O-004665,2025-06-27,S-01,หน้าร้าน,P-301,2,4900.00,490.00,4410.00,288.50,0.00,0.00
O-004666,2025-06-27,S-03,หน้าร้าน,P-101,1,35.00,0.00,35.00,2.29,0.00,0.00
O-004667,2025-06-27,S-03,หน้าร้าน,P-203,3,225.00,22.50,202.50,13.25,0.00,0.00
O-004668,2025-06-27,S-06,หน้าร้าน,P-203,1,75.00,15.00,60.00,3.93,0.00,0.00
O-004669,2025-06-27,S-03,หน้าร้าน,P-102,2,56.00,2.80,53.20,3.48,0.00,0.00
O-004670,2025-06-27,S-06,หน้าร้าน,P-202,2,240.00,48.00,192.00,12.56,0.00,0.00
O-004671,2025-06-27,S-06,หน้าร้าน,P-101,2,70.00,14.00,56.00,3.66,0.00,0.00
O-004672,2025-06-27,S-03,หน้าร้าน,P-201,2,190.00,0.00,190.00,12.43,0.00,0.00
O-004673,2025-06-27,S-06,หน้าร้าน,P-102,2,56.00,11.20,44.80,2.93,0.00,0.00
O-004674,2025-06-27,S-06,หน้าร้าน,P-102,1,28.00,2.80,25.20,1.65,0.00,0.00
O-004675,2025-06-27,S-04,หน้าร้าน,P-301,5,12250.00,1225.00,11025.00,721.26,0.00,11025.00
O-004676,2025-06-27,S-04,หน้าร้าน,P-101,2,70.00,7.00,63.00,4.12,0.00,0.00
O-004677,2025-06-27,S-04,หน้าร้าน,P-203,1,75.00,15.00,60.00,3.93,0.00,0.00
O-004678,2025-06-27,S-06,หน้าร้าน,P-101,1,35.00,3.50,31.50,2.06,0.00,0.00
O-004679,2025-06-27,S-04,หน้าร้าน,P-203,1,75.00,0.00,75.00,4.91,0.00,0.00
O-004680,2025-06-27,S-90,ออนไลน์,P-101,2,70.00,3.50,66.50,4.35,50.00,0.00
O-004681,2025-06-27,S-04,หน้าร้าน,P-201,2,190.00,0.00,190.00,12.43,0.00,0.00
O-004682,2025-06-27,S-01,หน้าร้าน,P-302,2,7780.00,0.00,7780.00,508.97,0.00,0.00
O-004683,2025-06-27,S-90,ออนไลน์,P-103,2,90.00,18.00,72.00,4.71,50.00,0.00
O-004684,2025-06-28,S-01,หน้าร้าน,P-301,1,2450.00,490.00,1960.00,128.22,0.00,0.00
O-004685,2025-06-28,S-04,หน้าร้าน,P-202,3,360.00,0.00,360.00,23.55,0.00,0.00
O-004686,2025-06-28,S-05,หน้าร้าน,P-302,3,11670.00,2334.00,9336.00,610.77,0.00,0.00
O-004687,2025-06-28,S-03,หน้าร้าน,P-101,1,35.00,0.00,35.00,2.29,0.00,0.00
O-004688,2025-06-28,S-06,หน้าร้าน,P-102,5,140.00,14.00,126.00,8.24,0.00,0.00
O-004689,2025-06-28,S-90,ออนไลน์,P-203,1,75.00,0.00,75.00,4.91,80.00,0.00
O-004690,2025-06-28,S-02,หน้าร้าน,P-101,3,105.00,10.50,94.50,6.18,0.00,0.00
O-004691,2025-06-28,S-01,หน้าร้าน,P-301,1,2450.00,245.00,2205.00,144.25,0.00,0.00
O-004692,2025-06-28,S-05,หน้าร้าน,P-103,1,45.00,2.25,42.75,2.80,0.00,0.00
O-004693,2025-06-28,S-90,ออนไลน์,P-202,1,120.00,24.00,96.00,6.28,35.00,0.00
O-004694,2025-06-28,S-04,หน้าร้าน,P-102,1,28.00,0.00,28.00,1.83,0.00,0.00
O-004695,2025-06-28,S-06,หน้าร้าน,P-102,1,28.00,0.00,28.00,1.83,0.00,0.00
O-004696,2025-06-28,S-02,หน้าร้าน,P-203,1,75.00,0.00,75.00,4.91,0.00,0.00
O-004697,2025-06-28,S-03,หน้าร้าน,P-203,1,75.00,7.50,67.50,4.42,0.00,0.00
O-004698,2025-06-28,S-01,หน้าร้าน,P-102,1,28.00,1.40,26.60,1.74,0.00,0.00
O-004699,2025-06-28,S-04,หน้าร้าน,P-201,1,95.00,0.00,95.00,6.21,0.00,0.00
O-004700,2025-06-28,S-01,หน้าร้าน,P-203,1,75.00,15.00,60.00,3.93,0.00,0.00
O-004701,2025-06-28,S-06,หน้าร้าน,P-101,1,35.00,0.00,35.00,2.29,0.00,0.00
O-004702,2025-06-28,S-05,หน้าร้าน,P-103,2,90.00,0.00,90.00,5.89,0.00,0.00
O-004703,2025-06-28,S-02,หน้าร้าน,P-103,1,45.00,2.25,42.75,2.80,0.00,0.00
O-004704,2025-06-28,S-90,ออนไลน์,P-302,2,7780.00,389.00,7391.00,483.52,0.00,0.00
O-004705,2025-06-29,S-06,หน้าร้าน,P-102,2,56.00,0.00,56.00,3.66,0.00,0.00
O-004706,2025-06-29,S-02,หน้าร้าน,P-203,1,75.00,0.00,75.00,4.91,0.00,0.00
O-004707,2025-06-29,S-06,หน้าร้าน,P-103,1,45.00,2.25,42.75,2.80,0.00,0.00
O-004708,2025-06-29,S-02,หน้าร้าน,P-102,1,28.00,0.00,28.00,1.83,0.00,0.00
O-004709,2025-06-29,S-05,หน้าร้าน,P-201,1,95.00,4.75,90.25,5.90,0.00,0.00
O-004710,2025-06-29,S-04,หน้าร้าน,P-302,1,3890.00,778.00,3112.00,203.59,0.00,0.00
O-004711,2025-06-29,S-04,หน้าร้าน,P-201,2,190.00,19.00,171.00,11.19,0.00,0.00
O-004712,2025-06-29,S-90,ออนไลน์,P-102,1,28.00,2.80,25.20,1.65,35.00,0.00
O-004713,2025-06-29,S-03,หน้าร้าน,P-103,1,45.00,0.00,45.00,2.94,0.00,0.00
O-004714,2025-06-29,S-05,หน้าร้าน,P-103,2,90.00,18.00,72.00,4.71,0.00,0.00
O-004715,2025-06-29,S-02,หน้าร้าน,P-102,5,140.00,0.00,140.00,9.16,0.00,0.00
O-004716,2025-06-29,S-01,หน้าร้าน,P-201,1,95.00,0.00,95.00,6.21,0.00,0.00
O-004717,2025-06-29,S-06,หน้าร้าน,P-203,1,75.00,0.00,75.00,4.91,0.00,0.00
O-004718,2025-06-29,S-90,ออนไลน์,P-203,1,75.00,0.00,75.00,4.91,0.00,0.00
O-004719,2025-06-29,S-04,หน้าร้าน,P-201,2,190.00,0.00,190.00,12.43,0.00,0.00
O-004720,2025-06-29,S-90,ออนไลน์,P-101,2,70.00,7.00,63.00,4.12,0.00,0.00
O-004721,2025-06-29,S-01,หน้าร้าน,P-103,1,45.00,0.00,45.00,2.94,0.00,0.00
O-004722,2025-06-29,S-04,หน้าร้าน,P-201,2,190.00,19.00,171.00,11.19,0.00,0.00
O-004723,2025-06-29,S-04,หน้าร้าน,P-302,2,7780.00,1556.00,6224.00,407.18,0.00,0.00
O-004724,2025-06-29,S-06,หน้าร้าน,P-101,1,35.00,3.50,31.50,2.06,0.00,0.00
O-004725,2025-06-29,S-01,หน้าร้าน,P-103,1,45.00,2.25,42.75,2.80,0.00,0.00
O-004726,2025-06-29,S-03,หน้าร้าน,P-103,1,45.00,2.25,42.75,2.80,0.00,0.00
O-004727,2025-06-29,S-02,หน้าร้าน,P-203,3,225.00,0.00,225.00,14.72,0.00,0.00
O-004728,2025-06-29,S-01,หน้าร้าน,P-302,1,3890.00,778.00,3112.00,203.59,0.00,0.00
O-004729,2025-06-29,S-02,หน้าร้าน,P-203,2,150.00,0.00,150.00,9.81,0.00,0.00
O-004730,2025-06-29,S-01,หน้าร้าน,P-103,1,45.00,4.50,40.50,2.65,0.00,0.00
O-004731,2025-06-29,S-05,หน้าร้าน,P-203,1,75.00,7.50,67.50,4.42,0.00,0.00
O-004732,2025-06-29,S-02,หน้าร้าน,P-102,2,56.00,0.00,56.00,3.66,0.00,0.00
O-004733,2025-06-29,S-04,หน้าร้าน,P-101,3,105.00,0.00,105.00,6.87,0.00,0.00
O-004734,2025-06-30,S-05,หน้าร้าน,P-302,2,7780.00,1556.00,6224.00,407.18,0.00,6224.00
O-004735,2025-06-30,S-01,หน้าร้าน,P-102,1,28.00,2.80,25.20,1.65,0.00,0.00
O-004736,2025-06-30,S-01,หน้าร้าน,P-301,2,4900.00,490.00,4410.00,288.50,0.00,0.00
O-004737,2025-06-30,S-05,หน้าร้าน,P-201,2,190.00,9.50,180.50,11.81,0.00,0.00
O-004738,2025-06-30,S-05,หน้าร้าน,P-301,2,4900.00,245.00,4655.00,304.53,0.00,0.00
O-004739,2025-06-30,S-03,หน้าร้าน,P-302,1,3890.00,389.00,3501.00,229.04,0.00,0.00
O-004740,2025-06-30,S-03,หน้าร้าน,P-202,2,240.00,24.00,216.00,14.13,0.00,0.00
O-004741,2025-06-30,S-03,หน้าร้าน,P-301,1,2450.00,122.50,2327.50,152.27,0.00,0.00
O-004742,2025-06-30,S-04,หน้าร้าน,P-103,2,90.00,0.00,90.00,5.89,0.00,0.00
O-004743,2025-06-30,S-90,ออนไลน์,P-102,3,84.00,8.40,75.60,4.95,35.00,0.00
O-004744,2025-06-30,S-04,หน้าร้าน,P-202,1,120.00,0.00,120.00,7.85,0.00,0.00
O-004745,2025-06-30,S-03,หน้าร้าน,P-201,2,190.00,38.00,152.00,9.94,0.00,0.00
O-004746,2025-06-30,S-01,หน้าร้าน,P-103,1,45.00,2.25,42.75,2.80,0.00,0.00
O-004747,2025-06-30,S-03,หน้าร้าน,P-102,1,28.00,1.40,26.60,1.74,0.00,0.00
O-004748,2025-06-30,S-01,หน้าร้าน,P-102,2,56.00,2.80,53.20,3.48,0.00,0.00
O-004749,2025-06-30,S-06,หน้าร้าน,P-302,1,3890.00,194.50,3695.50,241.76,0.00,0.00
O-004750,2025-06-30,S-90,ออนไลน์,P-202,2,240.00,12.00,228.00,14.92,0.00,0.00
O-004751,2025-06-30,S-04,หน้าร้าน,P-102,1,28.00,5.60,22.40,1.47,0.00,0.00
O-004752,2025-06-30,S-90,ออนไลน์,P-201,3,285.00,14.25,270.75,17.71,35.00,0.00
O-004753,2025-06-30,S-05,หน้าร้าน,P-103,1,45.00,0.00,45.00,2.94,0.00,0.00
O-004754,2025-06-30,S-01,หน้าร้าน,P-301,2,4900.00,980.00,3920.00,256.45,0.00,0.00
O-004755,2025-06-30,S-01,หน้าร้าน,P-202,1,120.00,12.00,108.00,7.07,0.00,0.00
O-004756,2025-06-30,S-03,หน้าร้าน,P-101,1,35.00,0.00,35.00,2.29,0.00,0.00
O-004757,2025-06-30,S-05,หน้าร้าน,P-102,2,56.00,2.80,53.20,3.48,0.00,0.00
O-004758,2025-06-30,S-06,หน้าร้าน,P-103,3,135.00,27.00,108.00,7.07,0.00,0.00
O-004759,2025-06-30,S-02,หน้าร้าน,P-203,1,75.00,3.75,71.25,4.66,0.00,0.00
O-004760,2025-06-30,S-05,หน้าร้าน,P-202,2,240.00,24.00,216.00,14.13,0.00,0.00
O-004761,2025-06-30,S-06,หน้าร้าน,P-302,1,3890.00,778.00,3112.00,203.59,0.00,0.00
O-004762,2025-07-01,S-04,หน้าร้าน,P-102,1,28.00,2.80,25.20,1.65,0.00,25.20
O-004763,2025-07-01,S-04,หน้าร้าน,P-201,2,190.00,9.50,180.50,11.81,0.00,0.00
O-004764,2025-07-01,S-04,หน้าร้าน,P-103,1,45.00,0.00,45.00,2.94,0.00,0.00
O-004765,2025-07-01,S-03,หน้าร้าน,P-103,2,90.00,18.00,72.00,4.71,0.00,0.00
O-004766,2025-07-01,S-03,หน้าร้าน,P-201,1,95.00,0.00,95.00,6.21,0.00,0.00
O-004767,2025-07-01,S-02,หน้าร้าน,P-301,1,2450.00,490.00,1960.00,128.22,0.00,0.00
O-004768,2025-07-01,S-90,ออนไลน์,P-301,3,7350.00,367.50,6982.50,456.80,0.00,0.00
O-004769,2025-07-01,S-04,หน้าร้าน,P-203,1,75.00,7.50,67.50,4.42,0.00,0.00
O-004770,2025-07-01,S-90,ออนไลน์,P-103,1,45.00,2.25,42.75,2.80,0.00,0.00
O-004771,2025-07-01,S-04,หน้าร้าน,P-102,5,140.00,7.00,133.00,8.70,0.00,0.00
O-004772,2025-07-01,S-04,หน้าร้าน,P-302,1,3890.00,389.00,3501.00,229.04,0.00,0.00
O-004773,2025-07-01,S-03,หน้าร้าน,P-202,1,120.00,0.00,120.00,7.85,0.00,0.00
O-004774,2025-07-01,S-02,หน้าร้าน,P-203,1,75.00,0.00,75.00,4.91,0.00,0.00
O-004775,2025-07-01,S-90,ออนไลน์,P-301,1,2450.00,490.00,1960.00,128.22,0.00,0.00
O-004776,2025-07-01,S-04,หน้าร้าน,P-302,1,3890.00,194.50,3695.50,241.76,0.00,0.00
O-004777,2025-07-01,S-01,หน้าร้าน,P-203,1,75.00,3.75,71.25,4.66,0.00,0.00
O-004778,2025-07-01,S-03,หน้าร้าน,P-301,1,2450.00,490.00,1960.00,128.22,0.00,0.00
O-004779,2025-07-01,S-02,หน้าร้าน,P-203,5,375.00,37.50,337.50,22.08,0.00,0.00
O-004780,2025-07-01,S-05,หน้าร้าน,P-202,1,120.00,24.00,96.00,6.28,0.00,0.00
O-004781,2025-07-01,S-02,หน้าร้าน,P-302,1,3890.00,194.50,3695.50,241.76,0.00,0.00
O-004782,2025-07-01,S-90,ออนไลน์,P-202,1,120.00,0.00,120.00,7.85,80.00,0.00
O-004783,2025-07-01,S-90,ออนไลน์,P-202,1,120.00,0.00,120.00,7.85,0.00,0.00
O-004784,2025-07-01,S-02,หน้าร้าน,P-201,3,285.00,14.25,270.75,17.71,0.00,0.00
O-004785,2025-07-01,S-03,หน้าร้าน,P-301,1,2450.00,245.00,2205.00,144.25,0.00,0.00
O-004786,2025-07-01,S-03,หน้าร้าน,P-203,1,75.00,3.75,71.25,4.66,0.00,0.00
O-004787,2025-07-01,S-04,หน้าร้าน,P-102,1,28.00,2.80,25.20,1.65,0.00,0.00
O-004788,2025-07-01,S-90,ออนไลน์,P-202,3,360.00,18.00,342.00,22.37,0.00,0.00
O-004789,2025-07-02,S-05,หน้าร้าน,P-302,1,3890.00,778.00,3112.00,203.59,0.00,0.00
O-004790,2025-07-02,S-02,หน้าร้าน,P-203,2,150.00,30.00,120.00,7.85,0.00,0.00
O-004791,2025-07-02,S-04,หน้าร้าน,P-102,1,28.00,0.00,28.00,1.83,0.00,0.00
O-004792,2025-07-02,S-01,หน้าร้าน,P-103,2,90.00,4.50,85.50,5.59,0.00,0.00
O-004793,2025-07-02,S-01,หน้าร้าน,P-201,1,95.00,19.00,76.00,4.97,0.00,0.00
O-004794,2025-07-02,S-05,หน้าร้าน,P-201,2,190.00,0.00,190.00,12.43,0.00,0.00
O-004795,2025-07-02,S-03,หน้าร้าน,P-201,1,95.00,9.50,85.50,5.59,0.00,0.00
O-004796,2025-07-02,S-06,หน้าร้าน,P-301,1,2450.00,0.00,2450.00,160.28,0.00,0.00
O-004797,2025-07-02,S-02,หน้าร้าน,P-202,2,240.00,24.00,216.00,14.13,0.00,0.00
O-004798,2025-07-02,S-03,หน้าร้าน,P-202,3,360.00,0.00,360.00,23.55,0.00,0.00
O-004799,2025-07-02,S-02,หน้าร้าน,P-101,2,70.00,3.50,66.50,4.35,0.00,0.00
O-004800,2025-07-02,S-90,ออนไลน์,P-302,2,7780.00,1556.00,6224.00,407.18,0.00,0.00
O-004801,2025-07-02,S-02,หน้าร้าน,P-203,3,225.00,22.50,202.50,13.25,0.00,0.00
O-004802,2025-07-02,S-90,ออนไลน์,P-103,1,45.00,0.00,45.00,2.94,0.00,0.00
O-004803,2025-07-02,S-03,หน้าร้าน,P-201,1,95.00,19.00,76.00,4.97,0.00,0.00
O-004804,2025-07-02,S-04,หน้าร้าน,P-301,2,4900.00,490.00,4410.00,288.50,0.00,0.00
O-004805,2025-07-02,S-02,หน้าร้าน,P-201,1,95.00,0.00,95.00,6.21,0.00,0.00
O-004806,2025-07-02,S-90,ออนไลน์,P-201,2,190.00,0.00,190.00,12.43,35.00,0.00
O-004807,2025-07-02,S-02,หน้าร้าน,P-302,2,7780.00,0.00,7780.00,508.97,0.00,0.00
O-004808,2025-07-02,S-01,หน้าร้าน,P-101,2,70.00,3.50,66.50,4.35,0.00,0.00
O-004809,2025-07-02,S-04,หน้าร้าน,P-102,2,56.00,11.20,44.80,2.93,0.00,0.00
O-004810,2025-07-02,S-90,ออนไลน์,P-202,1,120.00,0.00,120.00,7.85,50.00,0.00
O-004811,2025-07-02,S-02,หน้าร้าน,P-103,1,45.00,0.00,45.00,2.94,0.00,0.00
O-004812,2025-07-02,S-06,หน้าร้าน,P-302,2,7780.00,0.00,7780.00,508.97,0.00,0.00
O-004813,2025-07-02,S-90,ออนไลน์,P-101,2,70.00,0.00,70.00,4.58,50.00,0.00
O-004814,2025-07-02,S-01,หน้าร้าน,P-301,1,2450.00,245.00,2205.00,144.25,0.00,0.00
O-004815,2025-07-02,S-04,หน้าร้าน,P-301,1,2450.00,245.00,2205.00,144.25,0.00,0.00
O-004816,2025-07-02,S-90,ออนไลน์,P-102,2,56.00,0.00,56.00,3.66,80.00,0.00
O-004817,2025-07-02,S-05,หน้าร้าน,P-101,1,35.00,3.50,31.50,2.06,0.00,0.00
O-004818,2025-07-02,S-04,หน้าร้าน,P-103,2,90.00,0.00,90.00,5.89,0.00,0.00
O-004819,2025-07-02,S-01,หน้าร้าน,P-201,1,95.00,0.00,95.00,6.21,0.00,0.00
O-004820,2025-07-02,S-05,หน้าร้าน,P-103,1,45.00,2.25,42.75,2.80,0.00,0.00
O-004821,2025-07-02,S-04,หน้าร้าน,P-102,2,56.00,0.00,56.00,3.66,0.00,0.00
O-004822,2025-07-03,S-06,หน้าร้าน,P-302,1,3890.00,0.00,3890.00,254.49,0.00,0.00
O-004823,2025-07-03,S-02,หน้าร้าน,P-102,1,28.00,0.00,28.00,1.83,0.00,0.00
O-004824,2025-07-03,S-02,หน้าร้าน,P-201,2,190.00,9.50,180.50,11.81,0.00,0.00
O-004825,2025-07-03,S-03,หน้าร้าน,P-103,1,45.00,0.00,45.00,2.94,0.00,0.00
O-004826,2025-07-03,S-04,หน้าร้าน,P-101,1,35.00,1.75,33.25,2.18,0.00,0.00
O-004827,2025-07-03,S-01,หน้าร้าน,P-202,1,120.00,12.00,108.00,7.07,0.00,0.00
O-004828,2025-07-03,S-05,หน้าร้าน,P-201,2,190.00,0.00,190.00,12.43,0.00,0.00
O-004829,2025-07-03,S-90,ออนไลน์,P-101,2,70.00,0.00,70.00,4.58,50.00,0.00
O-004830,2025-07-03,S-03,หน้าร้าน,P-302,1,3890.00,389.00,3501.00,229.04,0.00,0.00
O-004831,2025-07-03,S-02,หน้าร้าน,P-201,1,95.00,9.50,85.50,5.59,0.00,0.00
O-004832,2025-07-03,S-03,หน้าร้าน,P-202,1,120.00,12.00,108.00,7.07,0.00,0.00
O-004833,2025-07-03,S-04,หน้าร้าน,P-301,2,4900.00,980.00,3920.00,256.45,0.00,0.00
O-004834,2025-07-03,S-06,หน้าร้าน,P-302,2,7780.00,0.00,7780.00,508.97,0.00,0.00
O-004835,2025-07-03,S-04,หน้าร้าน,P-301,1,2450.00,0.00,2450.00,160.28,0.00,0.00
O-004836,2025-07-03,S-02,หน้าร้าน,P-203,3,225.00,0.00,225.00,14.72,0.00,0.00
O-004837,2025-07-03,S-06,หน้าร้าน,P-201,1,95.00,4.75,90.25,5.90,0.00,0.00
O-004838,2025-07-03,S-05,หน้าร้าน,P-203,2,150.00,15.00,135.00,8.83,0.00,0.00
O-004839,2025-07-03,S-06,หน้าร้าน,P-202,2,240.00,0.00,240.00,15.70,0.00,0.00
O-004840,2025-07-03,S-04,หน้าร้าน,P-101,3,105.00,0.00,105.00,6.87,0.00,0.00
O-004841,2025-07-03,S-04,หน้าร้าน,P-202,2,240.00,12.00,228.00,14.92,0.00,0.00
O-004842,2025-07-03,S-90,ออนไลน์,P-203,2,150.00,30.00,120.00,7.85,80.00,0.00
O-004843,2025-07-03,S-06,หน้าร้าน,P-203,1,75.00,15.00,60.00,3.93,0.00,0.00
O-004844,2025-07-03,S-90,ออนไลน์,P-202,1,120.00,0.00,120.00,7.85,35.00,0.00
O-004845,2025-07-03,S-01,หน้าร้าน,P-102,1,28.00,2.80,25.20,1.65,0.00,0.00
O-004846,2025-07-03,S-01,หน้าร้าน,P-201,1,95.00,19.00,76.00,4.97,0.00,0.00
O-004847,2025-07-03,S-06,หน้าร้าน,P-101,3,105.00,21.00,84.00,5.50,0.00,0.00
O-004848,2025-07-03,S-06,หน้าร้าน,P-201,2,190.00,0.00,190.00,12.43,0.00,0.00
O-004849,2025-07-03,S-02,หน้าร้าน,P-301,1,2450.00,245.00,2205.00,144.25,0.00,0.00
O-004850,2025-07-03,S-05,หน้าร้าน,P-301,3,7350.00,735.00,6615.00,432.76,0.00,0.00
O-004851,2025-07-03,S-03,หน้าร้าน,P-301,1,2450.00,122.50,2327.50,152.27,0.00,0.00
O-004852,2025-07-03,S-05,หน้าร้าน,P-302,2,7780.00,778.00,7002.00,458.07,0.00,0.00
O-004853,2025-07-03,S-06,หน้าร้าน,P-103,2,90.00,18.00,72.00,4.71,0.00,0.00
O-004854,2025-07-04,S-01,หน้าร้าน,P-102,1,28.00,1.40,26.60,1.74,0.00,0.00
O-004855,2025-07-04,S-05,หน้าร้าน,P-102,1,28.00,5.60,22.40,1.47,0.00,0.00
O-004856,2025-07-04,S-01,หน้าร้าน,P-202,1,120.00,6.00,114.00,7.46,0.00,0.00
O-004857,2025-07-04,S-06,หน้าร้าน,P-302,2,7780.00,778.00,7002.00,458.07,0.00,0.00
O-004858,2025-07-04,S-06,หน้าร้าน,P-103,1,45.00,0.00,45.00,2.94,0.00,0.00
O-004859,2025-07-04,S-01,หน้าร้าน,P-302,1,3890.00,778.00,3112.00,203.59,0.00,0.00
O-004860,2025-07-04,S-90,ออนไลน์,P-101,1,35.00,1.75,33.25,2.18,0.00,0.00
O-004861,2025-07-04,S-02,หน้าร้าน,P-103,2,90.00,18.00,72.00,4.71,0.00,0.00
O-004862,2025-07-04,S-90,ออนไลน์,P-102,1,28.00,0.00,28.00,1.83,80.00,0.00
O-004863,2025-07-04,S-05,หน้าร้าน,P-203,2,150.00,0.00,150.00,9.81,0.00,0.00
O-004864,2025-07-04,S-03,หน้าร้าน,P-301,1,2450.00,490.00,1960.00,128.22,0.00,0.00
O-004865,2025-07-04,S-02,หน้าร้าน,P-201,1,95.00,19.00,76.00,4.97,0.00,0.00
O-004866,2025-07-04,S-06,หน้าร้าน,P-101,1,35.00,0.00,35.00,2.29,0.00,0.00
O-004867,2025-07-04,S-05,หน้าร้าน,P-202,3,360.00,18.00,342.00,22.37,0.00,0.00
O-004868,2025-07-04,S-90,ออนไลน์,P-301,1,2450.00,0.00,2450.00,160.28,35.00,0.00
O-004869,2025-07-04,S-03,หน้าร้าน,P-203,1,75.00,0.00,75.00,4.91,0.00,0.00
O-004870,2025-07-04,S-05,หน้าร้าน,P-101,1,35.00,7.00,28.00,1.83,0.00,0.00
O-004871,2025-07-04,S-06,หน้าร้าน,P-202,1,120.00,0.00,120.00,7.85,0.00,0.00
O-004872,2025-07-04,S-03,หน้าร้าน,P-103,2,90.00,18.00,72.00,4.71,0.00,0.00
O-004873,2025-07-04,S-04,หน้าร้าน,P-202,2,240.00,0.00,240.00,15.70,0.00,0.00
O-004874,2025-07-04,S-05,หน้าร้าน,P-102,2,56.00,0.00,56.00,3.66,0.00,0.00
O-004875,2025-07-04,S-01,หน้าร้าน,P-201,5,475.00,0.00,475.00,31.07,0.00,0.00
O-004876,2025-07-04,S-01,หน้าร้าน,P-101,1,35.00,1.75,33.25,2.18,0.00,0.00
O-004877,2025-07-04,S-90,ออนไลน์,P-201,1,95.00,4.75,90.25,5.90,35.00,0.00
O-004878,2025-07-04,S-01,หน้าร้าน,P-301,2,4900.00,0.00,4900.00,320.56,0.00,0.00
O-004879,2025-07-04,S-05,หน้าร้าน,P-203,2,150.00,30.00,120.00,7.85,0.00,0.00
O-004880,2025-07-04,S-04,หน้าร้าน,P-103,1,45.00,9.00,36.00,2.36,0.00,0.00
O-004881,2025-07-04,S-03,หน้าร้าน,P-103,5,225.00,11.25,213.75,13.98,0.00,0.00
O-004882,2025-07-04,S-01,หน้าร้าน,P-201,1,95.00,0.00,95.00,6.21,0.00,0.00
O-004883,2025-07-04,S-05,หน้าร้าน,P-103,1,45.00,0.00,45.00,2.94,0.00,0.00
O-004884,2025-07-04,S-03,หน้าร้าน,P-101,2,70.00,7.00,63.00,4.12,0.00,0.00
O-004885,2025-07-04,S-03,หน้าร้าน,P-201,2,190.00,9.50,180.50,11.81,0.00,0.00
O-004886,2025-07-04,S-90,ออนไลน์,P-301,1,2450.00,245.00,2205.00,144.25,80.00,0.00
O-004887,2025-07-05,S-02,หน้าร้าน,P-102,2,56.00,0.00,56.00,3.66,0.00,0.00
O-004888,2025-07-05,S-05,หน้าร้าน,P-203,2,150.00,15.00,135.00,8.83,0.00,0.00
O-004889,2025-07-05,S-01,หน้าร้าน,P-201,1,95.00,4.75,90.25,5.90,0.00,0.00
O-004890,2025-07-05,S-05,หน้าร้าน,P-203,1,75.00,15.00,60.00,3.93,0.00,0.00
O-004891,2025-07-05,S-04,หน้าร้าน,P-302,1,3890.00,0.00,3890.00,254.49,0.00,0.00
O-004892,2025-07-05,S-02,หน้าร้าน,P-203,2,150.00,30.00,120.00,7.85,0.00,0.00
O-004893,2025-07-05,S-06,หน้าร้าน,P-201,2,190.00,0.00,190.00,12.43,0.00,0.00
O-004894,2025-07-05,S-06,หน้าร้าน,P-102,1,28.00,2.80,25.20,1.65,0.00,0.00
O-004895,2025-07-05,S-04,หน้าร้าน,P-302,2,7780.00,0.00,7780.00,508.97,0.00,0.00
O-004896,2025-07-05,S-02,หน้าร้าน,P-202,1,120.00,24.00,96.00,6.28,0.00,0.00
O-004897,2025-07-05,S-06,หน้าร้าน,P-103,1,45.00,2.25,42.75,2.80,0.00,0.00
O-004898,2025-07-05,S-01,หน้าร้าน,P-102,1,28.00,5.60,22.40,1.47,0.00,0.00
O-004899,2025-07-05,S-04,หน้าร้าน,P-103,3,135.00,0.00,135.00,8.83,0.00,0.00
O-004900,2025-07-05,S-02,หน้าร้าน,P-101,2,70.00,7.00,63.00,4.12,0.00,0.00
O-004901,2025-07-05,S-04,หน้าร้าน,P-301,2,4900.00,980.00,3920.00,256.45,0.00,0.00
O-004902,2025-07-05,S-06,หน้าร้าน,P-203,2,150.00,0.00,150.00,9.81,0.00,0.00
O-004903,2025-07-05,S-03,หน้าร้าน,P-302,5,19450.00,972.50,18477.50,1208.81,0.00,0.00
O-004904,2025-07-05,S-02,หน้าร้าน,P-301,1,2450.00,0.00,2450.00,160.28,0.00,0.00
O-004905,2025-07-05,S-90,ออนไลน์,P-201,1,95.00,0.00,95.00,6.21,0.00,0.00
O-004906,2025-07-05,S-90,ออนไลน์,P-201,1,95.00,9.50,85.50,5.59,35.00,0.00
O-004907,2025-07-05,S-01,หน้าร้าน,P-202,5,600.00,30.00,570.00,37.29,0.00,0.00
O-004908,2025-07-05,S-04,หน้าร้าน,P-101,2,70.00,3.50,66.50,4.35,0.00,0.00
O-004909,2025-07-05,S-04,หน้าร้าน,P-103,1,45.00,0.00,45.00,2.94,0.00,0.00
O-004910,2025-07-05,S-05,หน้าร้าน,P-301,2,4900.00,0.00,4900.00,320.56,0.00,0.00
O-004911,2025-07-05,S-05,หน้าร้าน,P-202,2,240.00,0.00,240.00,15.70,0.00,0.00
O-004912,2025-07-05,S-03,หน้าร้าน,P-302,1,3890.00,194.50,3695.50,241.76,0.00,3695.50
O-004913,2025-07-05,S-03,หน้าร้าน,P-202,1,120.00,0.00,120.00,7.85,0.00,0.00
O-004914,2025-07-05,S-01,หน้าร้าน,P-302,1,3890.00,389.00,3501.00,229.04,0.00,0.00
O-004915,2025-07-06,S-01,หน้าร้าน,P-102,1,28.00,1.40,26.60,1.74,0.00,0.00
O-004916,2025-07-06,S-02,หน้าร้าน,P-203,3,225.00,45.00,180.00,11.78,0.00,0.00
O-004917,2025-07-06,S-03,หน้าร้าน,P-102,1,28.00,0.00,28.00,1.83,0.00,0.00
O-004918,2025-07-06,S-05,หน้าร้าน,P-102,2,56.00,11.20,44.80,2.93,0.00,0.00
O-004919,2025-07-06,S-02,หน้าร้าน,P-202,1,120.00,0.00,120.00,7.85,0.00,0.00
O-004920,2025-07-06,S-06,หน้าร้าน,P-102,1,28.00,5.60,22.40,1.47,0.00,0.00
O-004921,2025-07-06,S-02,หน้าร้าน,P-101,1,35.00,0.00,35.00,2.29,0.00,0.00
O-004922,2025-07-06,S-90,ออนไลน์,P-202,1,120.00,0.00,120.00,7.85,0.00,0.00
O-004923,2025-07-06,S-90,ออนไลน์,P-203,1,75.00,0.00,75.00,4.91,50.00,0.00
O-004924,2025-07-06,S-02,หน้าร้าน,P-202,1,120.00,24.00,96.00,6.28,0.00,0.00
O-004925,2025-07-06,S-03,หน้าร้าน,P-201,2,190.00,9.50,180.50,11.81,0.00,0.00
O-004926,2025-07-06,S-06,หน้าร้าน,P-203,1,75.00,15.00,60.00,3.93,0.00,0.00
O-004927,2025-07-06,S-06,หน้าร้าน,P-103,2,90.00,4.50,85.50,5.59,0.00,0.00
O-004928,2025-07-06,S-01,หน้าร้าน,P-203,1,75.00,7.50,67.50,4.42,0.00,0.00
O-004929,2025-07-06,S-05,หน้าร้าน,P-103,2,90.00,0.00,90.00,5.89,0.00,0.00
O-004930,2025-07-06,S-03,หน้าร้าน,P-301,1,2450.00,122.50,2327.50,152.27,0.00,0.00
O-004931,2025-07-06,S-02,หน้าร้าน,P-201,1,95.00,19.00,76.00,4.97,0.00,0.00
O-004932,2025-07-06,S-90,ออนไลน์,P-201,1,95.00,9.50,85.50,5.59,35.00,0.00
O-004933,2025-07-06,S-02,หน้าร้าน,P-201,1,95.00,19.00,76.00,4.97,0.00,0.00
O-004934,2025-07-06,S-05,หน้าร้าน,P-102,1,28.00,5.60,22.40,1.47,0.00,0.00
O-004935,2025-07-06,S-05,หน้าร้าน,P-102,1,28.00,2.80,25.20,1.65,0.00,0.00
O-004936,2025-07-06,S-02,หน้าร้าน,P-203,1,75.00,3.75,71.25,4.66,0.00,0.00
O-004937,2025-07-06,S-05,หน้าร้าน,P-102,1,28.00,2.80,25.20,1.65,0.00,0.00
O-004938,2025-07-06,S-03,หน้าร้าน,P-203,2,150.00,15.00,135.00,8.83,0.00,0.00
O-004939,2025-07-06,S-90,ออนไลน์,P-201,2,190.00,9.50,180.50,11.81,35.00,0.00
O-004940,2025-07-06,S-02,หน้าร้าน,P-302,2,7780.00,1556.00,6224.00,407.18,0.00,0.00
O-004941,2025-07-06,S-02,หน้าร้าน,P-203,1,75.00,7.50,67.50,4.42,0.00,0.00
O-004942,2025-07-06,S-02,หน้าร้าน,P-102,1,28.00,0.00,28.00,1.83,0.00,0.00
O-004943,2025-07-07,S-02,หน้าร้าน,P-103,1,45.00,0.00,45.00,2.94,0.00,0.00
O-004944,2025-07-07,S-05,หน้าร้าน,P-201,1,95.00,4.75,90.25,5.90,0.00,0.00
O-004945,2025-07-07,S-01,หน้าร้าน,P-101,2,70.00,14.00,56.00,3.66,0.00,0.00
O-004946,2025-07-07,S-01,หน้าร้าน,P-102,1,28.00,0.00,28.00,1.83,0.00,0.00
O-004947,2025-07-07,S-05,หน้าร้าน,P-203,2,150.00,0.00,150.00,9.81,0.00,0.00
O-004948,2025-07-07,S-05,หน้าร้าน,P-101,1,35.00,3.50,31.50,2.06,0.00,0.00
O-004949,2025-07-07,S-01,หน้าร้าน,P-201,2,190.00,9.50,180.50,11.81,0.00,0.00
O-004950,2025-07-07,S-03,หน้าร้าน,P-202,1,120.00,12.00,108.00,7.07,0.00,0.00
O-004951,2025-07-07,S-01,หน้าร้าน,P-301,1,2450.00,0.00,2450.00,160.28,0.00,0.00
O-004952,2025-07-07,S-04,หน้าร้าน,P-201,2,190.00,9.50,180.50,11.81,0.00,0.00
O-004953,2025-07-07,S-04,หน้าร้าน,P-202,2,240.00,24.00,216.00,14.13,0.00,0.00
O-004954,2025-07-07,S-03,หน้าร้าน,P-202,3,360.00,0.00,360.00,23.55,0.00,0.00
O-004955,2025-07-07,S-90,ออนไลน์,P-101,1,35.00,0.00,35.00,2.29,80.00,0.00
O-004956,2025-07-07,S-03,หน้าร้าน,P-102,1,28.00,2.80,25.20,1.65,0.00,0.00
O-004957,2025-07-07,S-90,ออนไลน์,P-203,3,225.00,22.50,202.50,13.25,80.00,0.00
O-004958,2025-07-07,S-90,ออนไลน์,P-301,2,4900.00,0.00,4900.00,320.56,0.00,0.00
O-004959,2025-07-07,S-03,หน้าร้าน,P-102,2,56.00,5.60,50.40,3.30,0.00,0.00
O-004960,2025-07-07,S-02,หน้าร้าน,P-102,1,28.00,2.80,25.20,1.65,0.00,0.00
O-004961,2025-07-07,S-06,หน้าร้าน,P-103,2,90.00,0.00,90.00,5.89,0.00,0.00
O-004962,2025-07-08,S-06,หน้าร้าน,P-203,2,150.00,0.00,150.00,9.81,0.00,0.00
O-004963,2025-07-08,S-90,ออนไลน์,P-202,1,120.00,6.00,114.00,7.46,50.00,0.00
O-004964,2025-07-08,S-05,หน้าร้าน,P-102,5,140.00,0.00,140.00,9.16,0.00,0.00
O-004965,2025-07-08,S-05,หน้าร้าน,P-101,2,70.00,14.00,56.00,3.66,0.00,0.00
O-004966,2025-07-08,S-90,ออนไลน์,P-302,1,3890.00,389.00,3501.00,229.04,0.00,0.00
O-004967,2025-07-08,S-05,หน้าร้าน,P-203,3,225.00,11.25,213.75,13.98,0.00,0.00
O-004968,2025-07-08,S-03,หน้าร้าน,P-201,1,95.00,0.00,95.00,6.21,0.00,0.00
O-004969,2025-07-08,S-01,หน้าร้าน,P-202,1,120.00,6.00,114.00,7.46,0.00,0.00
O-004970,2025-07-08,S-90,ออนไลน์,P-302,3,11670.00,0.00,11670.00,763.46,35.00,0.00
O-004971,2025-07-08,S-03,หน้าร้าน,P-203,2,150.00,7.50,142.50,9.32,0.00,0.00
O-004972,2025-07-08,S-01,หน้าร้าน,P-203,2,150.00,7.50,142.50,9.32,0.00,0.00
O-004973,2025-07-08,S-05,หน้าร้าน,P-201,1,95.00,9.50,85.50,5.59,0.00,0.00
O-004974,2025-07-08,S-04,หน้าร้าน,P-101,5,175.00,35.00,140.00,9.16,0.00,0.00
O-004975,2025-07-08,S-90,ออนไลน์,P-201,2,190.00,9.50,180.50,11.81,35.00,0.00
O-004976,2025-07-08,S-02,หน้าร้าน,P-103,1,45.00,4.50,40.50,2.65,0.00,0.00
O-004977,2025-07-08,S-90,ออนไลน์,P-201,3,285.00,14.25,270.75,17.71,50.00,0.00
O-004978,2025-07-08,S-90,ออนไลน์,P-201,1,95.00,0.00,95.00,6.21,35.00,0.00
O-004979,2025-07-08,S-03,หน้าร้าน,P-301,1,2450.00,122.50,2327.50,152.27,0.00,0.00
O-004980,2025-07-08,S-04,หน้าร้าน,P-302,1,3890.00,194.50,3695.50,241.76,0.00,0.00
O-004981,2025-07-08,S-03,หน้าร้าน,P-203,3,225.00,45.00,180.00,11.78,0.00,0.00
O-004982,2025-07-08,S-04,หน้าร้าน,P-103,2,90.00,18.00,72.00,4.71,0.00,0.00
O-004983,2025-07-08,S-05,หน้าร้าน,P-203,1,75.00,0.00,75.00,4.91,0.00,0.00
O-004984,2025-07-09,S-02,หน้าร้าน,P-301,1,2450.00,245.00,2205.00,144.25,0.00,2205.00
O-004985,2025-07-09,S-01,หน้าร้าน,P-201,3,285.00,0.00,285.00,18.64,0.00,0.00
O-004986,2025-07-09,S-03,หน้าร้าน,P-301,1,2450.00,245.00,2205.00,144.25,0.00,0.00
O-004987,2025-07-09,S-04,หน้าร้าน,P-103,5,225.00,0.00,225.00,14.72,0.00,0.00
O-004988,2025-07-09,S-06,หน้าร้าน,P-101,5,175.00,35.00,140.00,9.16,0.00,0.00
O-004989,2025-07-09,S-02,หน้าร้าน,P-103,1,45.00,4.50,40.50,2.65,0.00,0.00
O-004990,2025-07-09,S-90,ออนไลน์,P-103,2,90.00,18.00,72.00,4.71,80.00,0.00
O-004991,2025-07-09,S-03,หน้าร้าน,P-301,3,7350.00,0.00,7350.00,480.84,0.00,0.00
O-004992,2025-07-09,S-01,หน้าร้าน,P-302,2,7780.00,778.00,7002.00,458.07,0.00,0.00
O-004993,2025-07-09,S-06,หน้าร้าน,P-203,2,150.00,0.00,150.00,9.81,0.00,0.00
O-004994,2025-07-09,S-01,หน้าร้าน,P-103,1,45.00,9.00,36.00,2.36,0.00,0.00
O-004995,2025-07-09,S-05,หน้าร้าน,P-203,1,75.00,0.00,75.00,4.91,0.00,0.00
O-004996,2025-07-09,S-03,หน้าร้าน,P-302,2,7780.00,778.00,7002.00,458.07,0.00,0.00
O-004997,2025-07-09,S-01,หน้าร้าน,P-302,1,3890.00,0.00,3890.00,254.49,0.00,0.00
O-004998,2025-07-09,S-01,หน้าร้าน,P-102,5,140.00,7.00,133.00,8.70,0.00,0.00
O-004999,2025-07-09,S-01,หน้าร้าน,P-302,1,3890.00,0.00,3890.00,254.49,0.00,0.00
O-005000,2025-07-09,S-04,หน้าร้าน,P-201,1,95.00,4.75,90.25,5.90,0.00,0.00
O-005001,2025-07-09,S-90,ออนไลน์,P-302,1,3890.00,194.50,3695.50,241.76,0.00,0.00
O-005002,2025-07-09,S-01,หน้าร้าน,P-302,2,7780.00,389.00,7391.00,483.52,0.00,0.00
O-005003,2025-07-10,S-05,หน้าร้าน,P-203,1,75.00,3.75,71.25,4.66,0.00,0.00
O-005004,2025-07-10,S-06,หน้าร้าน,P-203,1,75.00,0.00,75.00,4.91,0.00,0.00
O-005005,2025-07-10,S-02,หน้าร้าน,P-203,1,75.00,3.75,71.25,4.66,0.00,0.00
O-005006,2025-07-10,S-06,หน้าร้าน,P-202,1,120.00,12.00,108.00,7.07,0.00,0.00
O-005007,2025-07-10,S-06,หน้าร้าน,P-202,3,360.00,36.00,324.00,21.20,0.00,0.00
O-005008,2025-07-10,S-05,หน้าร้าน,P-301,2,4900.00,245.00,4655.00,304.53,0.00,0.00
O-005009,2025-07-10,S-04,หน้าร้าน,P-102,2,56.00,5.60,50.40,3.30,0.00,0.00
O-005010,2025-07-10,S-06,หน้าร้าน,P-103,2,90.00,18.00,72.00,4.71,0.00,0.00
O-005011,2025-07-10,S-01,หน้าร้าน,P-202,3,360.00,0.00,360.00,23.55,0.00,0.00
O-005012,2025-07-10,S-05,หน้าร้าน,P-302,2,7780.00,389.00,7391.00,483.52,0.00,0.00
O-005013,2025-07-10,S-04,หน้าร้าน,P-203,3,225.00,22.50,202.50,13.25,0.00,0.00
O-005014,2025-07-10,S-05,หน้าร้าน,P-202,5,600.00,60.00,540.00,35.33,0.00,0.00
O-005015,2025-07-10,S-05,หน้าร้าน,P-102,1,28.00,0.00,28.00,1.83,0.00,0.00
O-005016,2025-07-10,S-05,หน้าร้าน,P-103,1,45.00,2.25,42.75,2.80,0.00,0.00
O-005017,2025-07-10,S-90,ออนไลน์,P-101,1,35.00,0.00,35.00,2.29,0.00,35.00
O-005018,2025-07-10,S-01,หน้าร้าน,P-301,2,4900.00,0.00,4900.00,320.56,0.00,0.00
O-005019,2025-07-10,S-05,หน้าร้าน,P-201,1,95.00,9.50,85.50,5.59,0.00,0.00
O-005020,2025-07-10,S-90,ออนไลน์,P-202,1,120.00,12.00,108.00,7.07,0.00,0.00
O-005021,2025-07-10,S-90,ออนไลน์,P-201,2,190.00,9.50,180.50,11.81,35.00,0.00
O-005022,2025-07-10,S-01,หน้าร้าน,P-201,2,190.00,19.00,171.00,11.19,0.00,0.00
O-005023,2025-07-10,S-03,หน้าร้าน,P-302,2,7780.00,778.00,7002.00,458.07,0.00,0.00
O-005024,2025-07-11,S-06,หน้าร้าน,P-301,1,2450.00,245.00,2205.00,144.25,0.00,0.00
O-005025,2025-07-11,S-01,หน้าร้าน,P-301,2,4900.00,490.00,4410.00,288.50,0.00,0.00
O-005026,2025-07-11,S-05,หน้าร้าน,P-101,1,35.00,3.50,31.50,2.06,0.00,0.00
O-005027,2025-07-11,S-90,ออนไลน์,P-102,3,84.00,0.00,84.00,5.50,80.00,0.00
O-005028,2025-07-11,S-05,หน้าร้าน,P-102,1,28.00,0.00,28.00,1.83,0.00,0.00
O-005029,2025-07-11,S-04,หน้าร้าน,P-201,1,95.00,4.75,90.25,5.90,0.00,0.00
O-005030,2025-07-11,S-04,หน้าร้าน,P-203,2,150.00,15.00,135.00,8.83,0.00,0.00
O-005031,2025-07-11,S-03,หน้าร้าน,P-102,1,28.00,2.80,25.20,1.65,0.00,0.00
O-005032,2025-07-11,S-06,หน้าร้าน,P-302,1,3890.00,389.00,3501.00,229.04,0.00,0.00
O-005033,2025-07-11,S-04,หน้าร้าน,P-201,3,285.00,0.00,285.00,18.64,0.00,0.00
O-005034,2025-07-11,S-04,หน้าร้าน,P-203,3,225.00,22.50,202.50,13.25,0.00,0.00
O-005035,2025-07-11,S-06,หน้าร้าน,P-103,2,90.00,18.00,72.00,4.71,0.00,0.00
O-005036,2025-07-11,S-04,หน้าร้าน,P-102,1,28.00,1.40,26.60,1.74,0.00,0.00
O-005037,2025-07-11,S-90,ออนไลน์,P-103,2,90.00,9.00,81.00,5.30,50.00,0.00
O-005038,2025-07-11,S-01,หน้าร้าน,P-301,3,7350.00,0.00,7350.00,480.84,0.00,0.00
O-005039,2025-07-11,S-05,หน้าร้าน,P-102,5,140.00,0.00,140.00,9.16,0.00,0.00
O-005040,2025-07-11,S-04,หน้าร้าน,P-102,2,56.00,5.60,50.40,3.30,0.00,0.00
O-005041,2025-07-11,S-05,หน้าร้าน,P-301,1,2450.00,122.50,2327.50,152.27,0.00,0.00
O-005042,2025-07-11,S-03,หน้าร้าน,P-302,3,11670.00,0.00,11670.00,763.46,0.00,0.00
O-005043,2025-07-11,S-01,หน้าร้าน,P-102,2,56.00,5.60,50.40,3.30,0.00,0.00
O-005044,2025-07-11,S-02,หน้าร้าน,P-101,1,35.00,7.00,28.00,1.83,0.00,0.00
O-005045,2025-07-11,S-05,หน้าร้าน,P-103,1,45.00,9.00,36.00,2.36,0.00,0.00
O-005046,2025-07-11,S-01,หน้าร้าน,P-203,1,75.00,0.00,75.00,4.91,0.00,0.00
O-005047,2025-07-11,S-90,ออนไลน์,P-202,1,120.00,0.00,120.00,7.85,0.00,0.00
O-005048,2025-07-11,S-04,หน้าร้าน,P-301,1,2450.00,0.00,2450.00,160.28,0.00,0.00
O-005049,2025-07-11,S-05,หน้าร้าน,P-203,5,375.00,18.75,356.25,23.31,0.00,0.00
O-005050,2025-07-11,S-04,หน้าร้าน,P-201,2,190.00,19.00,171.00,11.19,0.00,0.00
O-005051,2025-07-11,S-04,หน้าร้าน,P-101,1,35.00,1.75,33.25,2.18,0.00,0.00
O-005052,2025-07-11,S-04,หน้าร้าน,P-203,1,75.00,3.75,71.25,4.66,0.00,0.00
O-005053,2025-07-11,S-04,หน้าร้าน,P-202,3,360.00,0.00,360.00,23.55,0.00,0.00
O-005054,2025-07-11,S-03,หน้าร้าน,P-101,3,105.00,0.00,105.00,6.87,0.00,0.00
O-005055,2025-07-11,S-06,หน้าร้าน,P-102,1,28.00,2.80,25.20,1.65,0.00,0.00
O-005056,2025-07-12,S-06,หน้าร้าน,P-201,3,285.00,57.00,228.00,14.92,0.00,228.00
O-005057,2025-07-12,S-04,หน้าร้าน,P-103,2,90.00,9.00,81.00,5.30,0.00,0.00
O-005058,2025-07-12,S-04,หน้าร้าน,P-203,1,75.00,7.50,67.50,4.42,0.00,0.00
O-005059,2025-07-12,S-04,หน้าร้าน,P-201,2,190.00,19.00,171.00,11.19,0.00,0.00
O-005060,2025-07-12,S-02,หน้าร้าน,P-302,1,3890.00,389.00,3501.00,229.04,0.00,0.00
O-005061,2025-07-12,S-04,หน้าร้าน,P-102,1,28.00,2.80,25.20,1.65,0.00,0.00
O-005062,2025-07-12,S-06,หน้าร้าน,P-202,1,120.00,0.00,120.00,7.85,0.00,0.00
O-005063,2025-07-12,S-02,หน้าร้าน,P-203,1,75.00,3.75,71.25,4.66,0.00,0.00
O-005064,2025-07-12,S-02,หน้าร้าน,P-102,1,28.00,0.00,28.00,1.83,0.00,0.00
O-005065,2025-07-12,S-03,หน้าร้าน,P-201,3,285.00,28.50,256.50,16.78,0.00,0.00
O-005066,2025-07-12,S-01,หน้าร้าน,P-102,2,56.00,11.20,44.80,2.93,0.00,0.00
O-005067,2025-07-12,S-02,หน้าร้าน,P-302,1,3890.00,0.00,3890.00,254.49,0.00,0.00
O-005068,2025-07-12,S-04,หน้าร้าน,P-102,1,28.00,1.40,26.60,1.74,0.00,0.00
O-005069,2025-07-12,S-03,หน้าร้าน,P-203,2,150.00,7.50,142.50,9.32,0.00,0.00
O-005070,2025-07-12,S-05,หน้าร้าน,P-101,1,35.00,0.00,35.00,2.29,0.00,0.00
O-005071,2025-07-12,S-90,ออนไลน์,P-101,1,35.00,7.00,28.00,1.83,50.00,0.00
O-005072,2025-07-12,S-90,ออนไลน์,P-202,2,240.00,0.00,240.00,15.70,35.00,0.00
O-005073,2025-07-12,S-05,หน้าร้าน,P-101,1,35.00,3.50,31.50,2.06,0.00,0.00
O-005074,2025-07-12,S-04,หน้าร้าน,P-301,2,4900.00,0.00,4900.00,320.56,0.00,0.00
O-005075,2025-07-12,S-90,ออนไลน์,P-101,3,105.00,10.50,94.50,6.18,50.00,0.00
O-005076,2025-07-12,S-06,หน้าร้าน,P-102,3,84.00,0.00,84.00,5.50,0.00,0.00
O-005077,2025-07-12,S-02,หน้าร้าน,P-103,2,90.00,18.00,72.00,4.71,0.00,0.00
O-005078,2025-07-12,S-02,หน้าร้าน,P-101,1,35.00,0.00,35.00,2.29,0.00,0.00
O-005079,2025-07-12,S-01,หน้าร้าน,P-301,1,2450.00,490.00,1960.00,128.22,0.00,0.00
O-005080,2025-07-12,S-05,หน้าร้าน,P-101,1,35.00,3.50,31.50,2.06,0.00,0.00
O-005081,2025-07-12,S-90,ออนไลน์,P-201,1,95.00,4.75,90.25,5.90,80.00,0.00
O-005082,2025-07-12,S-90,ออนไลน์,P-102,1,28.00,0.00,28.00,1.83,0.00,0.00
O-005083,2025-07-12,S-06,หน้าร้าน,P-202,2,240.00,24.00,216.00,14.13,0.00,0.00
O-005084,2025-07-12,S-03,หน้าร้าน,P-203,2,150.00,0.00,150.00,9.81,0.00,150.00
O-005085,2025-07-12,S-03,หน้าร้าน,P-301,2,4900.00,490.00,4410.00,288.50,0.00,0.00
O-005086,2025-07-12,S-05,หน้าร้าน,P-201,3,285.00,0.00,285.00,18.64,0.00,0.00
O-005087,2025-07-12,S-05,หน้าร้าน,P-302,2,7780.00,0.00,7780.00,508.97,0.00,0.00
O-005088,2025-07-12,S-06,หน้าร้าน,P-103,1,45.00,4.50,40.50,2.65,0.00,0.00
O-005089,2025-07-13,S-90,ออนไลน์,P-301,2,4900.00,0.00,4900.00,320.56,50.00,0.00
O-005090,2025-07-13,S-01,หน้าร้าน,P-203,2,150.00,0.00,150.00,9.81,0.00,0.00
O-005091,2025-07-13,S-03,หน้าร้าน,P-301,1,2450.00,0.00,2450.00,160.28,0.00,0.00
O-005092,2025-07-13,S-02,หน้าร้าน,P-202,5,600.00,60.00,540.00,35.33,0.00,0.00
O-005093,2025-07-13,S-03,หน้าร้าน,P-103,2,90.00,18.00,72.00,4.71,0.00,0.00
O-005094,2025-07-13,S-03,หน้าร้าน,P-201,1,95.00,19.00,76.00,4.97,0.00,0.00
O-005095,2025-07-13,S-06,หน้าร้าน,P-203,2,150.00,30.00,120.00,7.85,0.00,0.00
O-005096,2025-07-13,S-04,หน้าร้าน,P-102,1,28.00,2.80,25.20,1.65,0.00,0.00
O-005097,2025-07-13,S-01,หน้าร้าน,P-302,1,3890.00,194.50,3695.50,241.76,0.00,0.00
O-005098,2025-07-13,S-90,ออนไลน์,P-103,1,45.00,0.00,45.00,2.94,0.00,0.00
O-005099,2025-07-13,S-02,หน้าร้าน,P-202,3,360.00,18.00,342.00,22.37,0.00,0.00
O-005100,2025-07-13,S-06,หน้าร้าน,P-202,1,120.00,0.00,120.00,7.85,0.00,0.00
O-005101,2025-07-13,S-01,หน้าร้าน,P-302,1,3890.00,0.00,3890.00,254.49,0.00,0.00
O-005102,2025-07-13,S-04,หน้าร้าน,P-103,2,90.00,18.00,72.00,4.71,0.00,0.00
O-005103,2025-07-13,S-90,ออนไลน์,P-202,1,120.00,6.00,114.00,7.46,0.00,0.00
O-005104,2025-07-13,S-04,หน้าร้าน,P-103,1,45.00,2.25,42.75,2.80,0.00,0.00
O-005105,2025-07-13,S-90,ออนไลน์,P-101,2,70.00,3.50,66.50,4.35,0.00,0.00
O-005106,2025-07-13,S-05,หน้าร้าน,P-202,2,240.00,0.00,240.00,15.70,0.00,0.00
O-005107,2025-07-14,S-90,ออนไลน์,P-202,2,240.00,0.00,240.00,15.70,35.00,0.00
O-005108,2025-07-14,S-05,หน้าร้าน,P-301,1,2450.00,0.00,2450.00,160.28,0.00,0.00
O-005109,2025-07-14,S-03,หน้าร้าน,P-201,2,190.00,0.00,190.00,12.43,0.00,0.00
O-005110,2025-07-14,S-01,หน้าร้าน,P-102,2,56.00,0.00,56.00,3.66,0.00,0.00
O-005111,2025-07-14,S-01,หน้าร้าน,P-101,1,35.00,0.00,35.00,2.29,0.00,0.00
O-005112,2025-07-14,S-04,หน้าร้าน,P-101,2,70.00,7.00,63.00,4.12,0.00,0.00
O-005113,2025-07-14,S-04,หน้าร้าน,P-302,1,3890.00,0.00,3890.00,254.49,0.00,0.00
O-005114,2025-07-14,S-06,หน้าร้าน,P-101,1,35.00,1.75,33.25,2.18,0.00,0.00
O-005115,2025-07-14,S-02,หน้าร้าน,P-302,1,3890.00,0.00,3890.00,254.49,0.00,0.00
O-005116,2025-07-14,S-02,หน้าร้าน,P-201,1,95.00,19.00,76.00,4.97,0.00,0.00
O-005117,2025-07-14,S-01,หน้าร้าน,P-202,2,240.00,0.00,240.00,15.70,0.00,0.00
O-005118,2025-07-14,S-02,หน้าร้าน,P-103,1,45.00,4.50,40.50,2.65,0.00,0.00
O-005119,2025-07-14,S-04,หน้าร้าน,P-203,1,75.00,7.50,67.50,4.42,0.00,0.00
O-005120,2025-07-14,S-01,หน้าร้าน,P-201,2,190.00,9.50,180.50,11.81,0.00,0.00
O-005121,2025-07-14,S-04,หน้าร้าน,P-202,1,120.00,0.00,120.00,7.85,0.00,0.00
O-005122,2025-07-14,S-02,หน้าร้าน,P-103,1,45.00,0.00,45.00,2.94,0.00,0.00
O-005123,2025-07-14,S-03,หน้าร้าน,P-301,3,7350.00,367.50,6982.50,456.80,0.00,0.00
O-005124,2025-07-14,S-01,หน้าร้าน,P-301,2,4900.00,245.00,4655.00,304.53,0.00,0.00
O-005125,2025-07-14,S-06,หน้าร้าน,P-101,1,35.00,3.50,31.50,2.06,0.00,0.00
O-005126,2025-07-15,S-03,หน้าร้าน,P-103,1,45.00,4.50,40.50,2.65,0.00,0.00
O-005127,2025-07-15,S-01,หน้าร้าน,P-102,3,84.00,4.20,79.80,5.22,0.00,0.00
O-005128,2025-07-15,S-05,หน้าร้าน,P-302,1,3890.00,194.50,3695.50,241.76,0.00,0.00
O-005129,2025-07-15,S-03,หน้าร้าน,P-103,2,90.00,18.00,72.00,4.71,0.00,72.00
O-005130,2025-07-15,S-01,หน้าร้าน,P-102,2,56.00,2.80,53.20,3.48,0.00,0.00
O-005131,2025-07-15,S-03,หน้าร้าน,P-202,1,120.00,12.00,108.00,7.07,0.00,0.00
O-005132,2025-07-15,S-06,หน้าร้าน,P-301,2,4900.00,0.00,4900.00,320.56,0.00,0.00
O-005133,2025-07-15,S-05,หน้าร้าน,P-101,3,105.00,5.25,99.75,6.53,0.00,0.00
O-005134,2025-07-15,S-05,หน้าร้าน,P-101,2,70.00,3.50,66.50,4.35,0.00,0.00
O-005135,2025-07-15,S-06,หน้าร้าน,P-201,3,285.00,28.50,256.50,16.78,0.00,0.00
O-005136,2025-07-15,S-06,หน้าร้าน,P-301,1,2450.00,122.50,2327.50,152.27,0.00,0.00
O-005137,2025-07-15,S-90,ออนไลน์,P-202,1,120.00,6.00,114.00,7.46,80.00,0.00
O-005138,2025-07-15,S-04,หน้าร้าน,P-301,5,12250.00,1225.00,11025.00,721.26,0.00,0.00
O-005139,2025-07-15,S-03,หน้าร้าน,P-201,1,95.00,19.00,76.00,4.97,0.00,0.00
O-005140,2025-07-15,S-02,หน้าร้าน,P-302,3,11670.00,0.00,11670.00,763.46,0.00,0.00
O-005141,2025-07-15,S-03,หน้าร้าน,P-202,3,360.00,18.00,342.00,22.37,0.00,0.00
O-005142,2025-07-15,S-02,หน้าร้าน,P-102,1,28.00,0.00,28.00,1.83,0.00,0.00
O-005143,2025-07-15,S-03,หน้าร้าน,P-201,1,95.00,0.00,95.00,6.21,0.00,0.00
O-005144,2025-07-15,S-04,หน้าร้าน,P-103,1,45.00,9.00,36.00,2.36,0.00,0.00
O-005145,2025-07-15,S-01,หน้าร้าน,P-101,3,105.00,10.50,94.50,6.18,0.00,0.00
O-005146,2025-07-15,S-06,หน้าร้าน,P-203,1,75.00,7.50,67.50,4.42,0.00,0.00
O-005147,2025-07-15,S-04,หน้าร้าน,P-302,1,3890.00,389.00,3501.00,229.04,0.00,0.00
O-005148,2025-07-15,S-01,หน้าร้าน,P-203,1,75.00,0.00,75.00,4.91,0.00,0.00
O-005149,2025-07-15,S-90,ออนไลน์,P-203,1,75.00,0.00,75.00,4.91,80.00,0.00
O-005150,2025-07-15,S-02,หน้าร้าน,P-301,1,2450.00,0.00,2450.00,160.28,0.00,0.00
O-005151,2025-07-15,S-03,หน้าร้าน,P-302,1,3890.00,194.50,3695.50,241.76,0.00,0.00
O-005152,2025-07-16,S-05,หน้าร้าน,P-101,1,35.00,3.50,31.50,2.06,0.00,0.00
O-005153,2025-07-16,S-01,หน้าร้าน,P-103,2,90.00,0.00,90.00,5.89,0.00,0.00
O-005154,2025-07-16,S-05,หน้าร้าน,P-301,2,4900.00,490.00,4410.00,288.50,0.00,0.00
O-005155,2025-07-16,S-03,หน้าร้าน,P-101,1,35.00,7.00,28.00,1.83,0.00,0.00
O-005156,2025-07-16,S-05,หน้าร้าน,P-202,3,360.00,18.00,342.00,22.37,0.00,0.00
O-005157,2025-07-16,S-90,ออนไลน์,P-203,1,75.00,0.00,75.00,4.91,0.00,0.00
O-005158,2025-07-16,S-05,หน้าร้าน,P-201,1,95.00,0.00,95.00,6.21,0.00,0.00
O-005159,2025-07-16,S-05,หน้าร้าน,P-101,5,175.00,0.00,175.00,11.45,0.00,0.00
O-005160,2025-07-16,S-04,หน้าร้าน,P-102,2,56.00,0.00,56.00,3.66,0.00,0.00
O-005161,2025-07-16,S-01,หน้าร้าน,P-301,2,4900.00,0.00,4900.00,320.56,0.00,0.00
O-005162,2025-07-16,S-02,หน้าร้าน,P-103,2,90.00,18.00,72.00,4.71,0.00,0.00
O-005163,2025-07-16,S-02,หน้าร้าน,P-203,1,75.00,0.00,75.00,4.91,0.00,0.00
O-005164,2025-07-16,S-05,หน้าร้าน,P-201,2,190.00,9.50,180.50,11.81,0.00,0.00
O-005165,2025-07-16,S-05,หน้าร้าน,P-302,1,3890.00,0.00,3890.00,254.49,0.00,0.00
O-005166,2025-07-16,S-01,หน้าร้าน,P-202,1,120.00,0.00,120.00,7.85,0.00,0.00
O-005167,2025-07-16,S-90,ออนไลน์,P-202,1,120.00,6.00,114.00,7.46,0.00,0.00
O-005168,2025-07-16,S-06,หน้าร้าน,P-202,2,240.00,0.00,240.00,15.70,0.00,0.00
O-005169,2025-07-16,S-05,หน้าร้าน,P-201,2,190.00,19.00,171.00,11.19,0.00,0.00
O-005170,2025-07-16,S-01,หน้าร้าน,P-101,1,35.00,1.75,33.25,2.18,0.00,0.00
O-005171,2025-07-16,S-05,หน้าร้าน,P-301,2,4900.00,0.00,4900.00,320.56,0.00,0.00
O-005172,2025-07-16,S-03,หน้าร้าน,P-103,1,45.00,4.50,40.50,2.65,0.00,0.00
O-005173,2025-07-16,S-02,หน้าร้าน,P-202,1,120.00,6.00,114.00,7.46,0.00,0.00
O-005174,2025-07-16,S-04,หน้าร้าน,P-103,1,45.00,0.00,45.00,2.94,0.00,0.00
O-005175,2025-07-16,S-03,หน้าร้าน,P-102,2,56.00,0.00,56.00,3.66,0.00,0.00
O-005176,2025-07-16,S-06,หน้าร้าน,P-202,1,120.00,0.00,120.00,7.85,0.00,0.00
O-005177,2025-07-16,S-05,หน้าร้าน,P-203,1,75.00,3.75,71.25,4.66,0.00,0.00
O-005178,2025-07-16,S-06,หน้าร้าน,P-101,3,105.00,0.00,105.00,6.87,0.00,0.00
O-005179,2025-07-17,S-06,หน้าร้าน,P-301,2,4900.00,0.00,4900.00,320.56,0.00,0.00
O-005180,2025-07-17,S-04,หน้าร้าน,P-202,1,120.00,0.00,120.00,7.85,0.00,0.00
O-005181,2025-07-17,S-04,หน้าร้าน,P-202,1,120.00,24.00,96.00,6.28,0.00,0.00
O-005182,2025-07-17,S-04,หน้าร้าน,P-101,1,35.00,0.00,35.00,2.29,0.00,0.00
O-005183,2025-07-17,S-02,หน้าร้าน,P-103,1,45.00,2.25,42.75,2.80,0.00,0.00
O-005184,2025-07-17,S-90,ออนไลน์,P-302,1,3890.00,389.00,3501.00,229.04,0.00,0.00
O-005185,2025-07-17,S-90,ออนไลน์,P-203,1,75.00,0.00,75.00,4.91,0.00,0.00
O-005186,2025-07-17,S-03,หน้าร้าน,P-301,1,2450.00,490.00,1960.00,128.22,0.00,0.00
O-005187,2025-07-17,S-05,หน้าร้าน,P-203,1,75.00,7.50,67.50,4.42,0.00,0.00
O-005188,2025-07-17,S-02,หน้าร้าน,P-301,1,2450.00,122.50,2327.50,152.27,0.00,0.00
O-005189,2025-07-17,S-90,ออนไลน์,P-103,1,45.00,9.00,36.00,2.36,80.00,0.00
O-005190,2025-07-17,S-02,หน้าร้าน,P-302,1,3890.00,0.00,3890.00,254.49,0.00,0.00
O-005191,2025-07-17,S-05,หน้าร้าน,P-201,3,285.00,0.00,285.00,18.64,0.00,0.00
O-005192,2025-07-17,S-90,ออนไลน์,P-103,2,90.00,0.00,90.00,5.89,0.00,0.00
O-005193,2025-07-17,S-06,หน้าร้าน,P-101,1,35.00,7.00,28.00,1.83,0.00,0.00
O-005194,2025-07-17,S-06,หน้าร้าน,P-102,1,28.00,0.00,28.00,1.83,0.00,0.00
O-005195,2025-07-17,S-01,หน้าร้าน,P-302,2,7780.00,0.00,7780.00,508.97,0.00,0.00
O-005196,2025-07-17,S-01,หน้าร้าน,P-203,1,75.00,0.00,75.00,4.91,0.00,0.00
O-005197,2025-07-17,S-02,หน้าร้าน,P-302,3,11670.00,1167.00,10503.00,687.11,0.00,0.00
O-005198,2025-07-17,S-01,หน้าร้าน,P-103,1,45.00,0.00,45.00,2.94,0.00,0.00
O-005199,2025-07-17,S-06,หน้าร้าน,P-201,5,475.00,47.50,427.50,27.97,0.00,0.00
O-005200,2025-07-17,S-90,ออนไลน์,P-203,2,150.00,30.00,120.00,7.85,35.00,0.00
O-005201,2025-07-17,S-04,หน้าร้าน,P-201,3,285.00,0.00,285.00,18.64,0.00,0.00
O-005202,2025-07-17,S-90,ออนไลน์,P-201,2,190.00,0.00,190.00,12.43,0.00,0.00
O-005203,2025-07-17,S-03,หน้าร้าน,P-201,3,285.00,14.25,270.75,17.71,0.00,0.00
O-005204,2025-07-17,S-05,หน้าร้าน,P-102,1,28.00,5.60,22.40,1.47,0.00,0.00
O-005205,2025-07-17,S-02,หน้าร้าน,P-102,1,28.00,1.40,26.60,1.74,0.00,0.00
O-005206,2025-07-17,S-02,หน้าร้าน,P-103,1,45.00,4.50,40.50,2.65,0.00,0.00
O-005207,2025-07-17,S-04,หน้าร้าน,P-102,1,28.00,5.60,22.40,1.47,0.00,0.00
O-005208,2025-07-17,S-05,หน้าร้าน,P-203,2,150.00,30.00,120.00,7.85,0.00,0.00
O-005209,2025-07-17,S-05,หน้าร้าน,P-103,1,45.00,2.25,42.75,2.80,0.00,0.00
O-005210,2025-07-18,S-02,หน้าร้าน,P-201,1,95.00,0.00,95.00,6.21,0.00,0.00
O-005211,2025-07-18,S-05,หน้าร้าน,P-301,1,2450.00,490.00,1960.00,128.22,0.00,0.00
O-005212,2025-07-18,S-02,หน้าร้าน,P-102,1,28.00,0.00,28.00,1.83,0.00,0.00
O-005213,2025-07-18,S-04,หน้าร้าน,P-203,1,75.00,7.50,67.50,4.42,0.00,0.00
O-005214,2025-07-18,S-01,หน้าร้าน,P-301,1,2450.00,0.00,2450.00,160.28,0.00,0.00
O-005215,2025-07-18,S-90,ออนไลน์,P-103,3,135.00,6.75,128.25,8.39,0.00,0.00
O-005216,2025-07-18,S-01,หน้าร้าน,P-103,1,45.00,0.00,45.00,2.94,0.00,0.00
O-005217,2025-07-18,S-06,หน้าร้าน,P-101,2,70.00,0.00,70.00,4.58,0.00,0.00
O-005218,2025-07-18,S-06,หน้าร้าน,P-103,2,90.00,0.00,90.00,5.89,0.00,0.00
O-005219,2025-07-18,S-05,หน้าร้าน,P-302,1,3890.00,0.00,3890.00,254.49,0.00,0.00
O-005220,2025-07-18,S-90,ออนไลน์,P-102,2,56.00,5.60,50.40,3.30,50.00,0.00
O-005221,2025-07-18,S-04,หน้าร้าน,P-202,1,120.00,12.00,108.00,7.07,0.00,0.00
O-005222,2025-07-18,S-90,ออนไลน์,P-102,1,28.00,0.00,28.00,1.83,50.00,0.00
O-005223,2025-07-18,S-05,หน้าร้าน,P-101,1,35.00,7.00,28.00,1.83,0.00,0.00
O-005224,2025-07-18,S-02,หน้าร้าน,P-202,1,120.00,12.00,108.00,7.07,0.00,0.00
O-005225,2025-07-18,S-02,หน้าร้าน,P-302,1,3890.00,0.00,3890.00,254.49,0.00,0.00
O-005226,2025-07-18,S-01,หน้าร้าน,P-202,5,600.00,0.00,600.00,39.25,0.00,0.00
O-005227,2025-07-18,S-04,หน้าร้าน,P-202,1,120.00,6.00,114.00,7.46,0.00,0.00
O-005228,2025-07-18,S-02,หน้าร้าน,P-301,1,2450.00,122.50,2327.50,152.27,0.00,0.00
O-005229,2025-07-18,S-03,หน้าร้าน,P-103,3,135.00,0.00,135.00,8.83,0.00,0.00
O-005230,2025-07-18,S-01,หน้าร้าน,P-101,2,70.00,14.00,56.00,3.66,0.00,0.00
O-005231,2025-07-18,S-03,หน้าร้าน,P-103,2,90.00,4.50,85.50,5.59,0.00,0.00
O-005232,2025-07-18,S-03,หน้าร้าน,P-302,3,11670.00,0.00,11670.00,763.46,0.00,0.00
O-005233,2025-07-18,S-04,หน้าร้าน,P-103,1,45.00,2.25,42.75,2.80,0.00,0.00
O-005234,2025-07-18,S-90,ออนไลน์,P-102,1,28.00,0.00,28.00,1.83,50.00,0.00
O-005235,2025-07-18,S-06,หน้าร้าน,P-101,1,35.00,3.50,31.50,2.06,0.00,0.00
O-005236,2025-07-18,S-05,หน้าร้าน,P-102,1,28.00,5.60,22.40,1.47,0.00,0.00
O-005237,2025-07-18,S-90,ออนไลน์,P-301,1,2450.00,122.50,2327.50,152.27,50.00,0.00
O-005238,2025-07-18,S-04,หน้าร้าน,P-102,1,28.00,0.00,28.00,1.83,0.00,0.00
O-005239,2025-07-18,S-03,หน้าร้าน,P-301,2,4900.00,245.00,4655.00,304.53,0.00,0.00
O-005240,2025-07-18,S-02,หน้าร้าน,P-101,1,35.00,0.00,35.00,2.29,0.00,0.00
O-005241,2025-07-18,S-04,หน้าร้าน,P-302,3,11670.00,2334.00,9336.00,610.77,0.00,0.00
O-005242,2025-07-18,S-04,หน้าร้าน,P-202,1,120.00,24.00,96.00,6.28,0.00,0.00
O-005243,2025-07-19,S-90,ออนไลน์,P-101,2,70.00,0.00,70.00,4.58,80.00,0.00
O-005244,2025-07-19,S-05,หน้าร้าน,P-202,1,120.00,0.00,120.00,7.85,0.00,0.00
O-005245,2025-07-19,S-04,หน้าร้าน,P-302,1,3890.00,194.50,3695.50,241.76,0.00,0.00
O-005246,2025-07-19,S-01,หน้าร้าน,P-102,3,84.00,8.40,75.60,4.95,0.00,0.00
O-005247,2025-07-19,S-02,หน้าร้าน,P-202,1,120.00,6.00,114.00,7.46,0.00,0.00
O-005248,2025-07-19,S-04,หน้าร้าน,P-102,2,56.00,5.60,50.40,3.30,0.00,0.00
O-005249,2025-07-19,S-06,หน้าร้าน,P-202,1,120.00,6.00,114.00,7.46,0.00,114.00
O-005250,2025-07-19,S-01,หน้าร้าน,P-202,1,120.00,12.00,108.00,7.07,0.00,0.00
O-005251,2025-07-19,S-06,หน้าร้าน,P-202,1,120.00,6.00,114.00,7.46,0.00,0.00
O-005252,2025-07-19,S-06,หน้าร้าน,P-101,2,70.00,14.00,56.00,3.66,0.00,0.00
O-005253,2025-07-19,S-90,ออนไลน์,P-101,1,35.00,1.75,33.25,2.18,0.00,0.00
O-005254,2025-07-19,S-04,หน้าร้าน,P-103,1,45.00,0.00,45.00,2.94,0.00,0.00
O-005255,2025-07-19,S-03,หน้าร้าน,P-101,5,175.00,0.00,175.00,11.45,0.00,0.00
O-005256,2025-07-19,S-05,หน้าร้าน,P-102,2,56.00,0.00,56.00,3.66,0.00,0.00
O-005257,2025-07-19,S-04,หน้าร้าน,P-102,1,28.00,5.60,22.40,1.47,0.00,0.00
O-005258,2025-07-19,S-05,หน้าร้าน,P-102,2,56.00,11.20,44.80,2.93,0.00,0.00
O-005259,2025-07-19,S-04,หน้าร้าน,P-203,1,75.00,7.50,67.50,4.42,0.00,0.00
O-005260,2025-07-19,S-04,หน้าร้าน,P-301,1,2450.00,122.50,2327.50,152.27,0.00,0.00
O-005261,2025-07-20,S-05,หน้าร้าน,P-202,1,120.00,0.00,120.00,7.85,0.00,0.00
O-005262,2025-07-20,S-02,หน้าร้าน,P-101,5,175.00,0.00,175.00,11.45,0.00,0.00
O-005263,2025-07-20,S-05,หน้าร้าน,P-302,1,3890.00,389.00,3501.00,229.04,0.00,0.00
O-005264,2025-07-20,S-02,หน้าร้าน,P-302,1,3890.00,194.50,3695.50,241.76,0.00,0.00
O-005265,2025-07-20,S-02,หน้าร้าน,P-203,1,75.00,0.00,75.00,4.91,0.00,0.00
O-005266,2025-07-20,S-03,หน้าร้าน,P-301,1,2450.00,0.00,2450.00,160.28,0.00,0.00
O-005267,2025-07-20,S-04,หน้าร้าน,P-102,1,28.00,2.80,25.20,1.65,0.00,0.00
O-005268,2025-07-20,S-05,หน้าร้าน,P-202,2,240.00,12.00,228.00,14.92,0.00,0.00
O-005269,2025-07-20,S-03,หน้าร้าน,P-201,1,95.00,19.00,76.00,4.97,0.00,0.00
O-005270,2025-07-20,S-05,หน้าร้าน,P-201,2,190.00,0.00,190.00,12.43,0.00,0.00
O-005271,2025-07-20,S-05,หน้าร้าน,P-102,3,84.00,16.80,67.20,4.40,0.00,0.00
O-005272,2025-07-20,S-05,หน้าร้าน,P-301,1,2450.00,0.00,2450.00,160.28,0.00,0.00
O-005273,2025-07-20,S-05,หน้าร้าน,P-201,3,285.00,28.50,256.50,16.78,0.00,0.00
O-005274,2025-07-20,S-06,หน้าร้าน,P-203,2,150.00,0.00,150.00,9.81,0.00,0.00
O-005275,2025-07-20,S-90,ออนไลน์,P-202,1,120.00,24.00,96.00,6.28,80.00,0.00
O-005276,2025-07-20,S-03,หน้าร้าน,P-201,1,95.00,19.00,76.00,4.97,0.00,0.00
O-005277,2025-07-20,S-02,หน้าร้าน,P-103,1,45.00,4.50,40.50,2.65,0.00,0.00
O-005278,2025-07-20,S-02,หน้าร้าน,P-301,1,2450.00,0.00,2450.00,160.28,0.00,0.00
O-005279,2025-07-20,S-02,หน้าร้าน,P-201,3,285.00,28.50,256.50,16.78,0.00,0.00
O-005280,2025-07-20,S-05,หน้าร้าน,P-201,1,95.00,0.00,95.00,6.21,0.00,0.00
O-005281,2025-07-20,S-02,หน้าร้าน,P-102,1,28.00,2.80,25.20,1.65,0.00,0.00
O-005282,2025-07-20,S-04,หน้าร้าน,P-101,1,35.00,1.75,33.25,2.18,0.00,0.00
O-005283,2025-07-20,S-01,หน้าร้าน,P-201,1,95.00,4.75,90.25,5.90,0.00,0.00
O-005284,2025-07-20,S-04,หน้าร้าน,P-101,1,35.00,7.00,28.00,1.83,0.00,0.00
O-005285,2025-07-21,S-01,หน้าร้าน,P-203,2,150.00,7.50,142.50,9.32,0.00,0.00
O-005286,2025-07-21,S-04,หน้าร้าน,P-102,3,84.00,4.20,79.80,5.22,0.00,0.00
O-005287,2025-07-21,S-01,หน้าร้าน,P-202,2,240.00,0.00,240.00,15.70,0.00,0.00
O-005288,2025-07-21,S-03,หน้าร้าน,P-101,1,35.00,0.00,35.00,2.29,0.00,0.00
O-005289,2025-07-21,S-03,หน้าร้าน,P-301,2,4900.00,0.00,4900.00,320.56,0.00,0.00
O-005290,2025-07-21,S-02,หน้าร้าน,P-202,1,120.00,24.00,96.00,6.28,0.00,0.00
O-005291,2025-07-21,S-01,หน้าร้าน,P-202,3,360.00,0.00,360.00,23.55,0.00,0.00
O-005292,2025-07-21,S-02,หน้าร้าน,P-302,2,7780.00,389.00,7391.00,483.52,0.00,0.00
O-005293,2025-07-21,S-03,หน้าร้าน,P-201,1,95.00,0.00,95.00,6.21,0.00,0.00
O-005294,2025-07-21,S-03,หน้าร้าน,P-202,1,120.00,24.00,96.00,6.28,0.00,0.00
O-005295,2025-07-21,S-03,หน้าร้าน,P-102,1,28.00,2.80,25.20,1.65,0.00,0.00
O-005296,2025-07-21,S-90,ออนไลน์,P-101,2,70.00,0.00,70.00,4.58,35.00,0.00
O-005297,2025-07-21,S-03,หน้าร้าน,P-101,2,70.00,0.00,70.00,4.58,0.00,0.00
O-005298,2025-07-21,S-06,หน้าร้าน,P-102,1,28.00,5.60,22.40,1.47,0.00,0.00
O-005299,2025-07-21,S-03,หน้าร้าน,P-103,1,45.00,0.00,45.00,2.94,0.00,0.00
O-005300,2025-07-21,S-03,หน้าร้าน,P-201,2,190.00,38.00,152.00,9.94,0.00,0.00
O-005301,2025-07-21,S-05,หน้าร้าน,P-102,2,56.00,0.00,56.00,3.66,0.00,0.00
O-005302,2025-07-21,S-90,ออนไลน์,P-301,2,4900.00,980.00,3920.00,256.45,0.00,0.00
O-005303,2025-07-21,S-01,หน้าร้าน,P-203,1,75.00,7.50,67.50,4.42,0.00,0.00
O-005304,2025-07-21,S-90,ออนไลน์,P-201,1,95.00,9.50,85.50,5.59,0.00,0.00
O-005305,2025-07-21,S-05,หน้าร้าน,P-102,2,56.00,0.00,56.00,3.66,0.00,0.00
O-005306,2025-07-21,S-03,หน้าร้าน,P-101,2,70.00,0.00,70.00,4.58,0.00,0.00
O-005307,2025-07-21,S-03,หน้าร้าน,P-301,2,4900.00,245.00,4655.00,304.53,0.00,0.00
O-005308,2025-07-21,S-04,หน้าร้าน,P-203,1,75.00,15.00,60.00,3.93,0.00,0.00
O-005309,2025-07-21,S-03,หน้าร้าน,P-103,1,45.00,4.50,40.50,2.65,0.00,0.00
O-005310,2025-07-22,S-01,หน้าร้าน,P-202,2,240.00,48.00,192.00,12.56,0.00,0.00
O-005311,2025-07-22,S-02,หน้าร้าน,P-102,1,28.00,1.40,26.60,1.74,0.00,0.00
O-005312,2025-07-22,S-90,ออนไลน์,P-302,1,3890.00,194.50,3695.50,241.76,0.00,0.00
O-005313,2025-07-22,S-06,หน้าร้าน,P-103,1,45.00,9.00,36.00,2.36,0.00,0.00
O-005314,2025-07-22,S-01,หน้าร้าน,P-302,1,3890.00,0.00,3890.00,254.49,0.00,0.00
O-005315,2025-07-22,S-06,หน้าร้าน,P-203,5,375.00,0.00,375.00,24.53,0.00,0.00
O-005316,2025-07-22,S-03,หน้าร้าน,P-301,1,2450.00,0.00,2450.00,160.28,0.00,0.00
O-005317,2025-07-22,S-04,หน้าร้าน,P-301,1,2450.00,0.00,2450.00,160.28,0.00,0.00
O-005318,2025-07-22,S-90,ออนไลน์,P-201,2,190.00,19.00,171.00,11.19,80.00,0.00
O-005319,2025-07-22,S-03,หน้าร้าน,P-301,3,7350.00,0.00,7350.00,480.84,0.00,0.00
O-005320,2025-07-22,S-01,หน้าร้าน,P-202,1,120.00,0.00,120.00,7.85,0.00,0.00
O-005321,2025-07-22,S-06,หน้าร้าน,P-302,3,11670.00,583.50,11086.50,725.29,0.00,0.00
O-005322,2025-07-22,S-02,หน้าร้าน,P-101,1,35.00,1.75,33.25,2.18,0.00,0.00
O-005323,2025-07-22,S-03,หน้าร้าน,P-302,1,3890.00,0.00,3890.00,254.49,0.00,0.00
O-005324,2025-07-22,S-03,หน้าร้าน,P-301,3,7350.00,1470.00,5880.00,384.67,0.00,0.00
O-005325,2025-07-22,S-03,หน้าร้าน,P-102,1,28.00,0.00,28.00,1.83,0.00,0.00
O-005326,2025-07-22,S-03,หน้าร้าน,P-103,1,45.00,9.00,36.00,2.36,0.00,0.00
O-005327,2025-07-22,S-04,หน้าร้าน,P-301,1,2450.00,490.00,1960.00,128.22,0.00,0.00
O-005328,2025-07-22,S-04,หน้าร้าน,P-302,2,7780.00,0.00,7780.00,508.97,0.00,0.00
O-005329,2025-07-22,S-03,หน้าร้าน,P-201,1,95.00,19.00,76.00,4.97,0.00,0.00
O-005330,2025-07-22,S-03,หน้าร้าน,P-203,1,75.00,15.00,60.00,3.93,0.00,0.00
O-005331,2025-07-22,S-05,หน้าร้าน,P-203,1,75.00,15.00,60.00,3.93,0.00,0.00
O-005332,2025-07-23,S-02,หน้าร้าน,P-301,1,2450.00,0.00,2450.00,160.28,0.00,0.00
O-005333,2025-07-23,S-06,หน้าร้าน,P-201,3,285.00,14.25,270.75,17.71,0.00,0.00
O-005334,2025-07-23,S-06,หน้าร้าน,P-203,3,225.00,0.00,225.00,14.72,0.00,0.00
O-005335,2025-07-23,S-90,ออนไลน์,P-103,1,45.00,0.00,45.00,2.94,35.00,0.00
O-005336,2025-07-23,S-02,หน้าร้าน,P-101,1,35.00,1.75,33.25,2.18,0.00,0.00
O-005337,2025-07-23,S-04,หน้าร้าน,P-203,1,75.00,3.75,71.25,4.66,0.00,0.00
O-005338,2025-07-23,S-06,หน้าร้าน,P-301,3,7350.00,0.00,7350.00,480.84,0.00,0.00
O-005339,2025-07-23,S-06,หน้าร้าน,P-202,2,240.00,24.00,216.00,14.13,0.00,0.00
O-005340,2025-07-23,S-05,หน้าร้าน,P-102,1,28.00,1.40,26.60,1.74,0.00,0.00
O-005341,2025-07-23,S-05,หน้าร้าน,P-103,2,90.00,4.50,85.50,5.59,0.00,0.00
O-005342,2025-07-23,S-06,หน้าร้าน,P-103,1,45.00,9.00,36.00,2.36,0.00,0.00
O-005343,2025-07-23,S-01,หน้าร้าน,P-203,1,75.00,15.00,60.00,3.93,0.00,0.00
O-005344,2025-07-23,S-05,หน้าร้าน,P-102,2,56.00,0.00,56.00,3.66,0.00,0.00
O-005345,2025-07-23,S-04,หน้าร้าน,P-201,1,95.00,19.00,76.00,4.97,0.00,0.00
O-005346,2025-07-23,S-03,หน้าร้าน,P-302,3,11670.00,2334.00,9336.00,610.77,0.00,0.00
O-005347,2025-07-23,S-04,หน้าร้าน,P-202,1,120.00,12.00,108.00,7.07,0.00,0.00
O-005348,2025-07-23,S-90,ออนไลน์,P-202,1,120.00,0.00,120.00,7.85,0.00,0.00
O-005349,2025-07-23,S-01,หน้าร้าน,P-101,3,105.00,0.00,105.00,6.87,0.00,0.00
O-005350,2025-07-23,S-06,หน้าร้าน,P-103,1,45.00,9.00,36.00,2.36,0.00,0.00
O-005351,2025-07-23,S-04,หน้าร้าน,P-101,1,35.00,3.50,31.50,2.06,0.00,0.00
O-005352,2025-07-23,S-06,หน้าร้าน,P-202,2,240.00,0.00,240.00,15.70,0.00,0.00
O-005353,2025-07-23,S-02,หน้าร้าน,P-301,1,2450.00,490.00,1960.00,128.22,0.00,0.00
O-005354,2025-07-23,S-06,หน้าร้าน,P-203,5,375.00,37.50,337.50,22.08,0.00,0.00
O-005355,2025-07-23,S-05,หน้าร้าน,P-103,1,45.00,0.00,45.00,2.94,0.00,0.00
O-005356,2025-07-23,S-03,หน้าร้าน,P-201,2,190.00,38.00,152.00,9.94,0.00,0.00
O-005357,2025-07-24,S-01,หน้าร้าน,P-203,1,75.00,0.00,75.00,4.91,0.00,0.00
O-005358,2025-07-24,S-01,หน้าร้าน,P-301,2,4900.00,0.00,4900.00,320.56,0.00,0.00
O-005359,2025-07-24,S-03,หน้าร้าน,P-103,3,135.00,27.00,108.00,7.07,0.00,0.00
O-005360,2025-07-24,S-90,ออนไลน์,P-102,1,28.00,5.60,22.40,1.47,35.00,0.00
O-005361,2025-07-24,S-90,ออนไลน์,P-202,1,120.00,6.00,114.00,7.46,0.00,0.00
O-005362,2025-07-24,S-06,หน้าร้าน,P-301,1,2450.00,0.00,2450.00,160.28,0.00,0.00
O-005363,2025-07-24,S-04,หน้าร้าน,P-302,1,3890.00,194.50,3695.50,241.76,0.00,0.00
O-005364,2025-07-24,S-06,หน้าร้าน,P-201,2,190.00,9.50,180.50,11.81,0.00,0.00
O-005365,2025-07-24,S-06,หน้าร้าน,P-302,3,11670.00,2334.00,9336.00,610.77,0.00,0.00
O-005366,2025-07-24,S-01,หน้าร้าน,P-102,1,28.00,1.40,26.60,1.74,0.00,0.00
O-005367,2025-07-24,S-03,หน้าร้าน,P-302,1,3890.00,389.00,3501.00,229.04,0.00,0.00
O-005368,2025-07-24,S-04,หน้าร้าน,P-103,1,45.00,0.00,45.00,2.94,0.00,0.00
O-005369,2025-07-24,S-02,หน้าร้าน,P-203,1,75.00,0.00,75.00,4.91,0.00,0.00
O-005370,2025-07-24,S-90,ออนไลน์,P-301,3,7350.00,735.00,6615.00,432.76,35.00,0.00
O-005371,2025-07-24,S-05,หน้าร้าน,P-301,2,4900.00,0.00,4900.00,320.56,0.00,0.00
O-005372,2025-07-24,S-03,หน้าร้าน,P-201,1,95.00,9.50,85.50,5.59,0.00,0.00
O-005373,2025-07-24,S-04,หน้าร้าน,P-202,1,120.00,6.00,114.00,7.46,0.00,0.00
O-005374,2025-07-24,S-03,หน้าร้าน,P-302,1,3890.00,0.00,3890.00,254.49,0.00,0.00
O-005375,2025-07-24,S-90,ออนไลน์,P-301,1,2450.00,490.00,1960.00,128.22,0.00,0.00
O-005376,2025-07-24,S-04,หน้าร้าน,P-101,1,35.00,3.50,31.50,2.06,0.00,0.00
O-005377,2025-07-24,S-02,หน้าร้าน,P-102,1,28.00,0.00,28.00,1.83,0.00,0.00
O-005378,2025-07-24,S-05,หน้าร้าน,P-103,3,135.00,27.00,108.00,7.07,0.00,0.00
O-005379,2025-07-24,S-04,หน้าร้าน,P-202,2,240.00,0.00,240.00,15.70,0.00,0.00
O-005380,2025-07-25,S-04,หน้าร้าน,P-101,1,35.00,1.75,33.25,2.18,0.00,0.00
O-005381,2025-07-25,S-02,หน้าร้าน,P-102,1,28.00,0.00,28.00,1.83,0.00,0.00
O-005382,2025-07-25,S-06,หน้าร้าน,P-102,1,28.00,5.60,22.40,1.47,0.00,0.00
O-005383,2025-07-25,S-06,หน้าร้าน,P-103,5,225.00,22.50,202.50,13.25,0.00,0.00
O-005384,2025-07-25,S-02,หน้าร้าน,P-101,2,70.00,0.00,70.00,4.58,0.00,0.00
O-005385,2025-07-25,S-01,หน้าร้าน,P-302,1,3890.00,389.00,3501.00,229.04,0.00,0.00
O-005386,2025-07-25,S-04,หน้าร้าน,P-201,1,95.00,0.00,95.00,6.21,0.00,0.00
O-005387,2025-07-25,S-04,หน้าร้าน,P-102,2,56.00,5.60,50.40,3.30,0.00,0.00
O-005388,2025-07-25,S-05,หน้าร้าน,P-101,1,35.00,0.00,35.00,2.29,0.00,0.00
O-005389,2025-07-25,S-03,หน้าร้าน,P-201,1,95.00,0.00,95.00,6.21,0.00,0.00
O-005390,2025-07-25,S-03,หน้าร้าน,P-301,1,2450.00,490.00,1960.00,128.22,0.00,0.00
O-005391,2025-07-25,S-05,หน้าร้าน,P-101,1,35.00,0.00,35.00,2.29,0.00,0.00
O-005392,2025-07-25,S-90,ออนไลน์,P-202,1,120.00,0.00,120.00,7.85,35.00,0.00
O-005393,2025-07-25,S-90,ออนไลน์,P-301,2,4900.00,0.00,4900.00,320.56,35.00,0.00
O-005394,2025-07-25,S-04,หน้าร้าน,P-202,3,360.00,18.00,342.00,22.37,0.00,0.00
O-005395,2025-07-25,S-05,หน้าร้าน,P-102,1,28.00,5.60,22.40,1.47,0.00,0.00
O-005396,2025-07-25,S-04,หน้าร้าน,P-202,2,240.00,12.00,228.00,14.92,0.00,0.00
O-005397,2025-07-25,S-05,หน้าร้าน,P-301,2,4900.00,245.00,4655.00,304.53,0.00,0.00
O-005398,2025-07-25,S-03,หน้าร้าน,P-202,2,240.00,48.00,192.00,12.56,0.00,0.00
O-005399,2025-07-25,S-04,หน้าร้าน,P-203,2,150.00,15.00,135.00,8.83,0.00,0.00
O-005400,2025-07-25,S-05,หน้าร้าน,P-202,3,360.00,72.00,288.00,18.84,0.00,288.00
O-005401,2025-07-25,S-02,หน้าร้าน,P-102,2,56.00,11.20,44.80,2.93,0.00,0.00
O-005402,2025-07-25,S-03,หน้าร้าน,P-202,1,120.00,24.00,96.00,6.28,0.00,0.00
O-005403,2025-07-25,S-04,หน้าร้าน,P-101,2,70.00,0.00,70.00,4.58,0.00,0.00
O-005404,2025-07-25,S-03,หน้าร้าน,P-203,3,225.00,11.25,213.75,13.98,0.00,0.00
O-005405,2025-07-25,S-05,หน้าร้าน,P-101,1,35.00,1.75,33.25,2.18,0.00,0.00
O-005406,2025-07-25,S-90,ออนไลน์,P-201,1,95.00,0.00,95.00,6.21,0.00,0.00
O-005407,2025-07-25,S-05,หน้าร้าน,P-203,2,150.00,15.00,135.00,8.83,0.00,0.00
O-005408,2025-07-25,S-05,หน้าร้าน,P-302,1,3890.00,0.00,3890.00,254.49,0.00,0.00
O-005409,2025-07-25,S-90,ออนไลน์,P-103,1,45.00,9.00,36.00,2.36,50.00,0.00
O-005410,2025-07-25,S-05,หน้าร้าน,P-102,1,28.00,2.80,25.20,1.65,0.00,0.00
O-005411,2025-07-25,S-05,หน้าร้าน,P-202,3,360.00,0.00,360.00,23.55,0.00,0.00
O-005412,2025-07-26,S-90,ออนไลน์,P-203,1,75.00,3.75,71.25,4.66,80.00,0.00
O-005413,2025-07-26,S-05,หน้าร้าน,P-101,1,35.00,0.00,35.00,2.29,0.00,0.00
O-005414,2025-07-26,S-05,หน้าร้าน,P-301,1,2450.00,122.50,2327.50,152.27,0.00,0.00
O-005415,2025-07-26,S-05,หน้าร้าน,P-101,1,35.00,3.50,31.50,2.06,0.00,0.00
O-005416,2025-07-26,S-03,หน้าร้าน,P-301,3,7350.00,0.00,7350.00,480.84,0.00,0.00
O-005417,2025-07-26,S-04,หน้าร้าน,P-101,1,35.00,7.00,28.00,1.83,0.00,0.00
O-005418,2025-07-26,S-90,ออนไลน์,P-102,1,28.00,2.80,25.20,1.65,80.00,0.00
O-005419,2025-07-26,S-04,หน้าร้าน,P-202,2,240.00,0.00,240.00,15.70,0.00,0.00
O-005420,2025-07-26,S-04,หน้าร้าน,P-101,2,70.00,14.00,56.00,3.66,0.00,0.00
O-005421,2025-07-26,S-03,หน้าร้าน,P-202,2,240.00,12.00,228.00,14.92,0.00,0.00
O-005422,2025-07-26,S-04,หน้าร้าน,P-201,2,190.00,0.00,190.00,12.43,0.00,0.00
O-005423,2025-07-26,S-06,หน้าร้าน,P-301,1,2450.00,245.00,2205.00,144.25,0.00,0.00
O-005424,2025-07-26,S-02,หน้าร้าน,P-102,2,56.00,0.00,56.00,3.66,0.00,0.00
O-005425,2025-07-26,S-90,ออนไลน์,P-201,3,285.00,14.25,270.75,17.71,35.00,0.00
O-005426,2025-07-26,S-90,ออนไลน์,P-302,1,3890.00,194.50,3695.50,241.76,50.00,0.00
O-005427,2025-07-26,S-90,ออนไลน์,P-101,1,35.00,0.00,35.00,2.29,80.00,0.00
O-005428,2025-07-26,S-03,หน้าร้าน,P-203,1,75.00,3.75,71.25,4.66,0.00,0.00
O-005429,2025-07-26,S-05,หน้าร้าน,P-101,2,70.00,14.00,56.00,3.66,0.00,0.00
O-005430,2025-07-26,S-06,หน้าร้าน,P-201,1,95.00,19.00,76.00,4.97,0.00,0.00
O-005431,2025-07-26,S-90,ออนไลน์,P-302,1,3890.00,778.00,3112.00,203.59,0.00,0.00
O-005432,2025-07-26,S-02,หน้าร้าน,P-101,5,175.00,0.00,175.00,11.45,0.00,0.00
O-005433,2025-07-26,S-90,ออนไลน์,P-101,2,70.00,14.00,56.00,3.66,0.00,0.00
O-005434,2025-07-26,S-90,ออนไลน์,P-301,5,12250.00,1225.00,11025.00,721.26,80.00,0.00
O-005435,2025-07-26,S-01,หน้าร้าน,P-203,2,150.00,0.00,150.00,9.81,0.00,0.00
O-005436,2025-07-26,S-06,หน้าร้าน,P-201,1,95.00,4.75,90.25,5.90,0.00,0.00
O-005437,2025-07-26,S-04,หน้าร้าน,P-201,3,285.00,28.50,256.50,16.78,0.00,0.00
O-005438,2025-07-26,S-90,ออนไลน์,P-102,2,56.00,11.20,44.80,2.93,35.00,0.00
O-005439,2025-07-26,S-04,หน้าร้าน,P-301,1,2450.00,245.00,2205.00,144.25,0.00,0.00
O-005440,2025-07-26,S-90,ออนไลน์,P-202,3,360.00,0.00,360.00,23.55,0.00,0.00
O-005441,2025-07-26,S-03,หน้าร้าน,P-201,3,285.00,0.00,285.00,18.64,0.00,0.00
O-005442,2025-07-26,S-04,หน้าร้าน,P-103,2,90.00,0.00,90.00,5.89,0.00,0.00
O-005443,2025-07-26,S-06,หน้าร้าน,P-202,2,240.00,24.00,216.00,14.13,0.00,0.00
O-005444,2025-07-27,S-90,ออนไลน์,P-302,1,3890.00,389.00,3501.00,229.04,35.00,0.00
O-005445,2025-07-27,S-03,หน้าร้าน,P-101,1,35.00,1.75,33.25,2.18,0.00,0.00
O-005446,2025-07-27,S-03,หน้าร้าน,P-301,2,4900.00,980.00,3920.00,256.45,0.00,0.00
O-005447,2025-07-27,S-05,หน้าร้าน,P-301,1,2450.00,490.00,1960.00,128.22,0.00,0.00
O-005448,2025-07-27,S-06,หน้าร้าน,P-101,2,70.00,14.00,56.00,3.66,0.00,0.00
O-005449,2025-07-27,S-02,หน้าร้าน,P-302,1,3890.00,389.00,3501.00,229.04,0.00,0.00
O-005450,2025-07-27,S-90,ออนไลน์,P-101,2,70.00,3.50,66.50,4.35,35.00,0.00
O-005451,2025-07-27,S-04,หน้าร้าน,P-203,1,75.00,0.00,75.00,4.91,0.00,0.00
O-005452,2025-07-27,S-02,หน้าร้าน,P-302,5,19450.00,1945.00,17505.00,1145.19,0.00,0.00
O-005453,2025-07-27,S-05,หน้าร้าน,P-301,3,7350.00,735.00,6615.00,432.76,0.00,0.00
O-005454,2025-07-27,S-06,หน้าร้าน,P-103,2,90.00,0.00,90.00,5.89,0.00,0.00
O-005455,2025-07-27,S-90,ออนไลน์,P-102,5,140.00,28.00,112.00,7.33,35.00,0.00
O-005456,2025-07-27,S-05,หน้าร้าน,P-301,2,4900.00,980.00,3920.00,256.45,0.00,0.00
O-005457,2025-07-27,S-05,หน้าร้าน,P-301,1,2450.00,490.00,1960.00,128.22,0.00,0.00
O-005458,2025-07-27,S-05,หน้าร้าน,P-302,2,7780.00,1556.00,6224.00,407.18,0.00,0.00
O-005459,2025-07-27,S-04,หน้าร้าน,P-103,1,45.00,9.00,36.00,2.36,0.00,0.00
O-005460,2025-07-27,S-05,หน้าร้าน,P-102,1,28.00,1.40,26.60,1.74,0.00,0.00
O-005461,2025-07-27,S-01,หน้าร้าน,P-101,2,70.00,0.00,70.00,4.58,0.00,0.00
O-005462,2025-07-27,S-90,ออนไลน์,P-201,2,190.00,9.50,180.50,11.81,80.00,0.00
O-005463,2025-07-27,S-02,หน้าร้าน,P-301,1,2450.00,122.50,2327.50,152.27,0.00,0.00
O-005464,2025-07-27,S-90,ออนไลน์,P-102,1,28.00,0.00,28.00,1.83,0.00,0.00
O-005465,2025-07-27,S-05,หน้าร้าน,P-203,2,150.00,15.00,135.00,8.83,0.00,0.00
O-005466,2025-07-27,S-05,หน้าร้าน,P-301,1,2450.00,0.00,2450.00,160.28,0.00,0.00
O-005467,2025-07-27,S-90,ออนไลน์,P-201,1,95.00,9.50,85.50,5.59,80.00,0.00
O-005468,2025-07-27,S-03,หน้าร้าน,P-301,1,2450.00,490.00,1960.00,128.22,0.00,0.00
O-005469,2025-07-27,S-90,ออนไลน์,P-203,2,150.00,7.50,142.50,9.32,0.00,0.00
O-005470,2025-07-27,S-01,หน้าร้าน,P-301,1,2450.00,122.50,2327.50,152.27,0.00,0.00
O-005471,2025-07-27,S-02,หน้าร้าน,P-103,2,90.00,9.00,81.00,5.30,0.00,0.00
O-005472,2025-07-27,S-02,หน้าร้าน,P-101,1,35.00,1.75,33.25,2.18,0.00,0.00
O-005473,2025-07-27,S-05,หน้าร้าน,P-301,1,2450.00,122.50,2327.50,152.27,0.00,0.00
O-005474,2025-07-28,S-90,ออนไลน์,P-202,1,120.00,0.00,120.00,7.85,0.00,0.00
O-005475,2025-07-28,S-03,หน้าร้าน,P-201,2,190.00,19.00,171.00,11.19,0.00,0.00
O-005476,2025-07-28,S-02,หน้าร้าน,P-301,2,4900.00,490.00,4410.00,288.50,0.00,0.00
O-005477,2025-07-28,S-06,หน้าร้าน,P-203,1,75.00,0.00,75.00,4.91,0.00,0.00
O-005478,2025-07-28,S-05,หน้าร้าน,P-103,3,135.00,13.50,121.50,7.95,0.00,0.00
O-005479,2025-07-28,S-05,หน้าร้าน,P-301,2,4900.00,0.00,4900.00,320.56,0.00,0.00
O-005480,2025-07-28,S-02,หน้าร้าน,P-101,2,70.00,0.00,70.00,4.58,0.00,0.00
O-005481,2025-07-28,S-01,หน้าร้าน,P-101,3,105.00,21.00,84.00,5.50,0.00,84.00
O-005482,2025-07-28,S-05,หน้าร้าน,P-201,1,95.00,4.75,90.25,5.90,0.00,0.00
O-005483,2025-07-28,S-90,ออนไลน์,P-203,1,75.00,15.00,60.00,3.93,0.00,0.00
O-005484,2025-07-28,S-03,หน้าร้าน,P-101,1,35.00,1.75,33.25,2.18,0.00,0.00
O-005485,2025-07-28,S-02,หน้าร้าน,P-302,1,3890.00,778.00,3112.00,203.59,0.00,0.00
O-005486,2025-07-28,S-90,ออนไลน์,P-201,1,95.00,0.00,95.00,6.21,0.00,95.00
O-005487,2025-07-28,S-90,ออนไลน์,P-101,2,70.00,7.00,63.00,4.12,50.00,0.00
O-005488,2025-07-28,S-05,หน้าร้าน,P-203,1,75.00,15.00,60.00,3.93,0.00,0.00
O-005489,2025-07-28,S-04,หน้าร้าน,P-102,2,56.00,0.00,56.00,3.66,0.00,0.00
O-005490,2025-07-28,S-06,หน้าร้าน,P-301,2,4900.00,245.00,4655.00,304.53,0.00,0.00
O-005491,2025-07-28,S-02,หน้าร้าน,P-202,1,120.00,6.00,114.00,7.46,0.00,0.00
O-005492,2025-07-28,S-05,หน้าร้าน,P-103,2,90.00,4.50,85.50,5.59,0.00,0.00
O-005493,2025-07-28,S-90,ออนไลน์,P-101,1,35.00,3.50,31.50,2.06,0.00,0.00
O-005494,2025-07-28,S-06,หน้าร้าน,P-201,1,95.00,19.00,76.00,4.97,0.00,0.00
O-005495,2025-07-28,S-04,หน้าร้าน,P-301,3,7350.00,0.00,7350.00,480.84,0.00,0.00
O-005496,2025-07-28,S-04,หน้าร้าน,P-302,1,3890.00,0.00,3890.00,254.49,0.00,0.00
O-005497,2025-07-28,S-03,หน้าร้าน,P-102,1,28.00,5.60,22.40,1.47,0.00,0.00
O-005498,2025-07-28,S-06,หน้าร้าน,P-203,1,75.00,15.00,60.00,3.93,0.00,0.00
O-005499,2025-07-28,S-03,หน้าร้าน,P-103,3,135.00,27.00,108.00,7.07,0.00,0.00
O-005500,2025-07-28,S-05,หน้าร้าน,P-301,3,7350.00,0.00,7350.00,480.84,0.00,0.00
O-005501,2025-07-28,S-02,หน้าร้าน,P-101,2,70.00,7.00,63.00,4.12,0.00,0.00
O-005502,2025-07-28,S-04,หน้าร้าน,P-302,1,3890.00,194.50,3695.50,241.76,0.00,0.00
O-005503,2025-07-28,S-04,หน้าร้าน,P-301,3,7350.00,0.00,7350.00,480.84,0.00,0.00
O-005504,2025-07-28,S-90,ออนไลน์,P-101,3,105.00,0.00,105.00,6.87,50.00,0.00
O-005505,2025-07-29,S-04,หน้าร้าน,P-202,1,120.00,24.00,96.00,6.28,0.00,0.00
O-005506,2025-07-29,S-03,หน้าร้าน,P-103,1,45.00,9.00,36.00,2.36,0.00,0.00
O-005507,2025-07-29,S-03,หน้าร้าน,P-201,1,95.00,0.00,95.00,6.21,0.00,0.00
O-005508,2025-07-29,S-03,หน้าร้าน,P-102,1,28.00,0.00,28.00,1.83,0.00,0.00
O-005509,2025-07-29,S-03,หน้าร้าน,P-203,2,150.00,0.00,150.00,9.81,0.00,0.00
O-005510,2025-07-29,S-90,ออนไลน์,P-101,1,35.00,1.75,33.25,2.18,0.00,0.00
O-005511,2025-07-29,S-05,หน้าร้าน,P-103,2,90.00,0.00,90.00,5.89,0.00,0.00
O-005512,2025-07-29,S-05,หน้าร้าน,P-203,1,75.00,3.75,71.25,4.66,0.00,0.00
O-005513,2025-07-29,S-05,หน้าร้าน,P-203,1,75.00,3.75,71.25,4.66,0.00,0.00
O-005514,2025-07-29,S-02,หน้าร้าน,P-301,1,2450.00,490.00,1960.00,128.22,0.00,0.00
O-005515,2025-07-29,S-01,หน้าร้าน,P-201,1,95.00,0.00,95.00,6.21,0.00,0.00
O-005516,2025-07-29,S-05,หน้าร้าน,P-103,1,45.00,4.50,40.50,2.65,0.00,0.00
O-005517,2025-07-29,S-05,หน้าร้าน,P-102,2,56.00,0.00,56.00,3.66,0.00,0.00
O-005518,2025-07-29,S-01,หน้าร้าน,P-202,1,120.00,24.00,96.00,6.28,0.00,0.00
O-005519,2025-07-29,S-02,หน้าร้าน,P-103,2,90.00,4.50,85.50,5.59,0.00,0.00
O-005520,2025-07-29,S-03,หน้าร้าน,P-202,1,120.00,6.00,114.00,7.46,0.00,0.00
O-005521,2025-07-29,S-90,ออนไลน์,P-302,3,11670.00,583.50,11086.50,725.29,0.00,0.00
O-005522,2025-07-29,S-03,หน้าร้าน,P-101,1,35.00,3.50,31.50,2.06,0.00,0.00
O-005523,2025-07-29,S-90,ออนไลน์,P-202,2,240.00,12.00,228.00,14.92,50.00,0.00
O-005524,2025-07-29,S-03,หน้าร้าน,P-301,1,2450.00,490.00,1960.00,128.22,0.00,0.00
O-005525,2025-07-29,S-04,หน้าร้าน,P-202,3,360.00,36.00,324.00,21.20,0.00,0.00
O-005526,2025-07-29,S-01,หน้าร้าน,P-301,5,12250.00,612.50,11637.50,761.33,0.00,0.00
O-005527,2025-07-29,S-90,ออนไลน์,P-201,2,190.00,19.00,171.00,11.19,80.00,0.00
O-005528,2025-07-29,S-01,หน้าร้าน,P-203,2,150.00,30.00,120.00,7.85,0.00,0.00
O-005529,2025-07-29,S-02,หน้าร้าน,P-102,1,28.00,1.40,26.60,1.74,0.00,0.00
O-005530,2025-07-29,S-05,หน้าร้าน,P-201,1,95.00,19.00,76.00,4.97,0.00,0.00
O-005531,2025-07-29,S-01,หน้าร้าน,P-201,2,190.00,19.00,171.00,11.19,0.00,0.00
O-005532,2025-07-29,S-06,หน้าร้าน,P-202,1,120.00,0.00,120.00,7.85,0.00,0.00
O-005533,2025-07-30,S-02,หน้าร้าน,P-203,1,75.00,0.00,75.00,4.91,0.00,0.00
O-005534,2025-07-30,S-03,หน้าร้าน,P-202,1,120.00,12.00,108.00,7.07,0.00,0.00
O-005535,2025-07-30,S-05,หน้าร้าน,P-101,1,35.00,7.00,28.00,1.83,0.00,0.00
O-005536,2025-07-30,S-05,หน้าร้าน,P-202,1,120.00,0.00,120.00,7.85,0.00,0.00
O-005537,2025-07-30,S-06,หน้าร้าน,P-302,1,3890.00,389.00,3501.00,229.04,0.00,0.00
O-005538,2025-07-30,S-03,หน้าร้าน,P-301,5,12250.00,2450.00,9800.00,641.12,0.00,0.00
O-005539,2025-07-30,S-05,หน้าร้าน,P-202,1,120.00,0.00,120.00,7.85,0.00,0.00
O-005540,2025-07-30,S-04,หน้าร้าน,P-302,1,3890.00,0.00,3890.00,254.49,0.00,0.00
O-005541,2025-07-30,S-06,หน้าร้าน,P-102,2,56.00,11.20,44.80,2.93,0.00,0.00
O-005542,2025-07-30,S-02,หน้าร้าน,P-301,3,7350.00,0.00,7350.00,480.84,0.00,0.00
O-005543,2025-07-30,S-05,หน้าร้าน,P-203,1,75.00,3.75,71.25,4.66,0.00,0.00
O-005544,2025-07-30,S-03,หน้าร้าน,P-101,2,70.00,0.00,70.00,4.58,0.00,0.00
O-005545,2025-07-30,S-02,หน้าร้าน,P-202,5,600.00,0.00,600.00,39.25,0.00,0.00
O-005546,2025-07-30,S-06,หน้าร้าน,P-302,2,7780.00,0.00,7780.00,508.97,0.00,0.00
O-005547,2025-07-30,S-06,หน้าร้าน,P-203,1,75.00,0.00,75.00,4.91,0.00,0.00
O-005548,2025-07-30,S-03,หน้าร้าน,P-301,1,2450.00,245.00,2205.00,144.25,0.00,0.00
O-005549,2025-07-30,S-03,หน้าร้าน,P-202,3,360.00,36.00,324.00,21.20,0.00,0.00
O-005550,2025-07-30,S-03,หน้าร้าน,P-202,1,120.00,0.00,120.00,7.85,0.00,0.00
O-005551,2025-07-30,S-06,หน้าร้าน,P-201,2,190.00,0.00,190.00,12.43,0.00,0.00
O-005552,2025-07-30,S-01,หน้าร้าน,P-301,1,2450.00,0.00,2450.00,160.28,0.00,2450.00
O-005553,2025-07-30,S-90,ออนไลน์,P-301,1,2450.00,490.00,1960.00,128.22,0.00,0.00
O-005554,2025-07-30,S-06,หน้าร้าน,P-103,1,45.00,9.00,36.00,2.36,0.00,0.00
O-005555,2025-07-30,S-02,หน้าร้าน,P-301,1,2450.00,0.00,2450.00,160.28,0.00,0.00
O-005556,2025-07-30,S-02,หน้าร้าน,P-101,1,35.00,7.00,28.00,1.83,0.00,0.00
O-005557,2025-07-30,S-02,หน้าร้าน,P-101,1,35.00,7.00,28.00,1.83,0.00,0.00
O-005558,2025-07-30,S-02,หน้าร้าน,P-101,1,35.00,1.75,33.25,2.18,0.00,0.00
O-005559,2025-07-30,S-04,หน้าร้าน,P-302,2,7780.00,389.00,7391.00,483.52,0.00,0.00
O-005560,2025-07-30,S-04,หน้าร้าน,P-201,1,95.00,19.00,76.00,4.97,0.00,0.00
O-005561,2025-07-30,S-04,หน้าร้าน,P-201,1,95.00,19.00,76.00,4.97,0.00,0.00
O-005562,2025-07-30,S-03,หน้าร้าน,P-103,3,135.00,13.50,121.50,7.95,0.00,0.00
O-005563,2025-07-30,S-03,หน้าร้าน,P-103,2,90.00,0.00,90.00,5.89,0.00,0.00
O-005564,2025-07-30,S-90,ออนไลน์,P-102,2,56.00,0.00,56.00,3.66,35.00,0.00
O-005565,2025-07-31,S-04,หน้าร้าน,P-102,2,56.00,0.00,56.00,3.66,0.00,0.00
O-005566,2025-07-31,S-01,หน้าร้าน,P-102,2,56.00,2.80,53.20,3.48,0.00,0.00
O-005567,2025-07-31,S-02,หน้าร้าน,P-302,2,7780.00,0.00,7780.00,508.97,0.00,0.00
O-005568,2025-07-31,S-05,หน้าร้าน,P-202,5,600.00,120.00,480.00,31.40,0.00,0.00
O-005569,2025-07-31,S-03,หน้าร้าน,P-102,1,28.00,0.00,28.00,1.83,0.00,0.00
O-005570,2025-07-31,S-06,หน้าร้าน,P-103,1,45.00,0.00,45.00,2.94,0.00,0.00
O-005571,2025-07-31,S-05,หน้าร้าน,P-103,1,45.00,9.00,36.00,2.36,0.00,0.00
O-005572,2025-07-31,S-05,หน้าร้าน,P-101,1,35.00,3.50,31.50,2.06,0.00,0.00
O-005573,2025-07-31,S-06,หน้าร้าน,P-202,1,120.00,24.00,96.00,6.28,0.00,0.00
O-005574,2025-07-31,S-90,ออนไลน์,P-301,1,2450.00,0.00,2450.00,160.28,35.00,0.00
O-005575,2025-07-31,S-90,ออนไลน์,P-301,1,2450.00,490.00,1960.00,128.22,35.00,0.00
O-005576,2025-07-31,S-02,หน้าร้าน,P-103,5,225.00,0.00,225.00,14.72,0.00,0.00
O-005577,2025-07-31,S-04,หน้าร้าน,P-203,2,150.00,30.00,120.00,7.85,0.00,0.00
O-005578,2025-07-31,S-03,หน้าร้าน,P-301,1,2450.00,0.00,2450.00,160.28,0.00,0.00
O-005579,2025-07-31,S-90,ออนไลน์,P-201,1,95.00,0.00,95.00,6.21,80.00,0.00
O-005580,2025-07-31,S-04,หน้าร้าน,P-202,2,240.00,0.00,240.00,15.70,0.00,0.00
O-005581,2025-07-31,S-90,ออนไลน์,P-102,2,56.00,0.00,56.00,3.66,50.00,0.00
O-005582,2025-07-31,S-02,หน้าร้าน,P-101,1,35.00,3.50,31.50,2.06,0.00,0.00
O-005583,2025-07-31,S-06,หน้าร้าน,P-302,3,11670.00,1167.00,10503.00,687.11,0.00,0.00
O-005584,2025-07-31,S-06,หน้าร้าน,P-102,2,56.00,5.60,50.40,3.30,0.00,0.00
O-005585,2025-07-31,S-01,หน้าร้าน,P-301,1,2450.00,0.00,2450.00,160.28,0.00,0.00
O-005586,2025-07-31,S-90,ออนไลน์,P-202,1,120.00,12.00,108.00,7.07,0.00,0.00
O-005587,2025-07-31,S-06,หน้าร้าน,P-202,1,120.00,6.00,114.00,7.46,0.00,0.00
O-005588,2025-07-31,S-04,หน้าร้าน,P-202,1,120.00,0.00,120.00,7.85,0.00,0.00
O-005589,2025-07-31,S-02,หน้าร้าน,P-202,3,360.00,36.00,324.00,21.20,0.00,0.00
O-005590,2025-08-01,S-06,หน้าร้าน,P-203,1,75.00,15.00,60.00,3.93,0.00,0.00
O-005591,2025-08-01,S-90,ออนไลน์,P-301,2,4900.00,245.00,4655.00,304.53,0.00,0.00
O-005592,2025-08-01,S-02,หน้าร้าน,P-203,1,75.00,3.75,71.25,4.66,0.00,0.00
O-005593,2025-08-01,S-04,หน้าร้าน,P-102,1,28.00,1.40,26.60,1.74,0.00,0.00
O-005594,2025-08-01,S-05,หน้าร้าน,P-103,2,90.00,4.50,85.50,5.59,0.00,0.00
O-005595,2025-08-01,S-05,หน้าร้าน,P-101,1,35.00,7.00,28.00,1.83,0.00,0.00
O-005596,2025-08-01,S-05,หน้าร้าน,P-301,2,4900.00,0.00,4900.00,320.56,0.00,0.00
O-005597,2025-08-01,S-03,หน้าร้าน,P-103,1,45.00,4.50,40.50,2.65,0.00,0.00
O-005598,2025-08-01,S-90,ออนไลน์,P-203,2,150.00,7.50,142.50,9.32,0.00,0.00
O-005599,2025-08-01,S-90,ออนไลน์,P-302,5,19450.00,0.00,19450.00,1272.43,0.00,0.00
O-005600,2025-08-01,S-04,หน้าร้าน,P-203,2,150.00,7.50,142.50,9.32,0.00,0.00
O-005601,2025-08-01,S-90,ออนไลน์,P-203,2,150.00,15.00,135.00,8.83,80.00,0.00
O-005602,2025-08-01,S-06,หน้าร้าน,P-301,1,2450.00,245.00,2205.00,144.25,0.00,0.00
O-005603,2025-08-01,S-02,หน้าร้าน,P-202,1,120.00,0.00,120.00,7.85,0.00,0.00
O-005604,2025-08-01,S-02,หน้าร้าน,P-103,2,90.00,18.00,72.00,4.71,0.00,0.00
O-005605,2025-08-01,S-05,หน้าร้าน,P-103,2,90.00,18.00,72.00,4.71,0.00,0.00
O-005606,2025-08-01,S-06,หน้าร้าน,P-202,1,120.00,0.00,120.00,7.85,0.00,0.00
O-005607,2025-08-01,S-06,หน้าร้าน,P-101,1,35.00,0.00,35.00,2.29,0.00,0.00
O-005608,2025-08-01,S-90,ออนไลน์,P-102,1,28.00,2.80,25.20,1.65,0.00,0.00
O-005609,2025-08-01,S-05,หน้าร้าน,P-301,1,2450.00,490.00,1960.00,128.22,0.00,0.00
O-005610,2025-08-01,S-90,ออนไลน์,P-103,2,90.00,0.00,90.00,5.89,80.00,0.00
O-005611,2025-08-01,S-03,หน้าร้าน,P-102,2,56.00,0.00,56.00,3.66,0.00,0.00
O-005612,2025-08-01,S-04,หน้าร้าน,P-101,1,35.00,0.00,35.00,2.29,0.00,0.00
O-005613,2025-08-01,S-06,หน้าร้าน,P-203,2,150.00,15.00,135.00,8.83,0.00,0.00
O-005614,2025-08-01,S-03,หน้าร้าน,P-302,2,7780.00,778.00,7002.00,458.07,0.00,0.00
O-005615,2025-08-01,S-04,หน้าร้าน,P-101,1,35.00,1.75,33.25,2.18,0.00,0.00
O-005616,2025-08-01,S-06,หน้าร้าน,P-301,1,2450.00,245.00,2205.00,144.25,0.00,0.00
O-005617,2025-08-01,S-05,หน้าร้าน,P-201,3,285.00,28.50,256.50,16.78,0.00,0.00
O-005618,2025-08-01,S-02,หน้าร้าน,P-201,1,95.00,4.75,90.25,5.90,0.00,0.00
O-005619,2025-08-01,S-05,หน้าร้าน,P-102,1,28.00,1.40,26.60,1.74,0.00,0.00
O-005620,2025-08-01,S-90,ออนไลน์,P-203,3,225.00,11.25,213.75,13.98,0.00,0.00
O-005621,2025-08-01,S-05,หน้าร้าน,P-202,2,240.00,24.00,216.00,14.13,0.00,0.00
O-005622,2025-08-01,S-90,ออนไลน์,P-302,1,3890.00,778.00,3112.00,203.59,50.00,0.00
O-005623,2025-08-01,S-01,หน้าร้าน,P-201,1,95.00,9.50,85.50,5.59,0.00,0.00
O-005624,2025-08-02,S-90,ออนไลน์,P-302,1,3890.00,778.00,3112.00,203.59,35.00,0.00
O-005625,2025-08-02,S-06,หน้าร้าน,P-301,2,4900.00,0.00,4900.00,320.56,0.00,0.00
O-005626,2025-08-02,S-90,ออนไลน์,P-101,1,35.00,7.00,28.00,1.83,0.00,0.00
O-005627,2025-08-02,S-06,หน้าร้าน,P-202,3,360.00,18.00,342.00,22.37,0.00,0.00
O-005628,2025-08-02,S-01,หน้าร้าน,P-201,1,95.00,19.00,76.00,4.97,0.00,0.00
O-005629,2025-08-02,S-01,หน้าร้าน,P-202,2,240.00,0.00,240.00,15.70,0.00,0.00
O-005630,2025-08-02,S-03,หน้าร้าน,P-302,2,7780.00,389.00,7391.00,483.52,0.00,0.00
O-005631,2025-08-02,S-03,หน้าร้าน,P-101,1,35.00,0.00,35.00,2.29,0.00,0.00
O-005632,2025-08-02,S-01,หน้าร้าน,P-203,2,150.00,0.00,150.00,9.81,0.00,0.00
O-005633,2025-08-02,S-04,หน้าร้าน,P-302,1,3890.00,0.00,3890.00,254.49,0.00,0.00
O-005634,2025-08-02,S-04,หน้าร้าน,P-302,3,11670.00,0.00,11670.00,763.46,0.00,0.00
O-005635,2025-08-02,S-90,ออนไลน์,P-302,2,7780.00,389.00,7391.00,483.52,0.00,0.00
O-005636,2025-08-02,S-90,ออนไลน์,P-101,1,35.00,0.00,35.00,2.29,50.00,0.00
O-005637,2025-08-02,S-01,หน้าร้าน,P-302,2,7780.00,0.00,7780.00,508.97,0.00,0.00
O-005638,2025-08-02,S-01,หน้าร้าน,P-302,2,7780.00,778.00,7002.00,458.07,0.00,0.00
O-005639,2025-08-02,S-06,หน้าร้าน,P-301,1,2450.00,490.00,1960.00,128.22,0.00,0.00
O-005640,2025-08-02,S-90,ออนไลน์,P-302,1,3890.00,0.00,3890.00,254.49,0.00,0.00
O-005641,2025-08-02,S-02,หน้าร้าน,P-103,2,90.00,0.00,90.00,5.89,0.00,0.00
O-005642,2025-08-02,S-03,หน้าร้าน,P-201,1,95.00,9.50,85.50,5.59,0.00,0.00
O-005643,2025-08-02,S-06,หน้าร้าน,P-302,1,3890.00,194.50,3695.50,241.76,0.00,0.00
O-005644,2025-08-02,S-02,หน้าร้าน,P-201,1,95.00,19.00,76.00,4.97,0.00,0.00
O-005645,2025-08-02,S-04,หน้าร้าน,P-102,2,56.00,2.80,53.20,3.48,0.00,0.00
O-005646,2025-08-02,S-90,ออนไลน์,P-302,1,3890.00,778.00,3112.00,203.59,35.00,0.00
O-005647,2025-08-03,S-05,หน้าร้าน,P-102,2,56.00,2.80,53.20,3.48,0.00,0.00
O-005648,2025-08-03,S-02,หน้าร้าน,P-103,2,90.00,18.00,72.00,4.71,0.00,0.00
O-005649,2025-08-03,S-06,หน้าร้าน,P-101,2,70.00,0.00,70.00,4.58,0.00,0.00
O-005650,2025-08-03,S-90,ออนไลน์,P-102,1,28.00,1.40,26.60,1.74,50.00,0.00
O-005651,2025-08-03,S-03,หน้าร้าน,P-102,1,28.00,0.00,28.00,1.83,0.00,0.00
O-005652,2025-08-03,S-90,ออนไลน์,P-102,2,56.00,0.00,56.00,3.66,0.00,0.00
O-005653,2025-08-03,S-01,หน้าร้าน,P-102,1,28.00,1.40,26.60,1.74,0.00,0.00
O-005654,2025-08-03,S-05,หน้าร้าน,P-102,1,28.00,2.80,25.20,1.65,0.00,0.00
O-005655,2025-08-03,S-04,หน้าร้าน,P-201,1,95.00,9.50,85.50,5.59,0.00,0.00
O-005656,2025-08-03,S-04,หน้าร้าน,P-301,2,4900.00,245.00,4655.00,304.53,0.00,0.00
O-005657,2025-08-03,S-01,หน้าร้าน,P-101,1,35.00,3.50,31.50,2.06,0.00,0.00
O-005658,2025-08-03,S-04,หน้าร้าน,P-302,1,3890.00,194.50,3695.50,241.76,0.00,0.00
O-005659,2025-08-03,S-01,หน้าร้าน,P-103,2,90.00,18.00,72.00,4.71,0.00,0.00
O-005660,2025-08-03,S-06,หน้าร้าน,P-101,2,70.00,0.00,70.00,4.58,0.00,0.00
O-005661,2025-08-03,S-05,หน้าร้าน,P-201,2,190.00,38.00,152.00,9.94,0.00,0.00
O-005662,2025-08-03,S-04,หน้าร้าน,P-203,5,375.00,75.00,300.00,19.63,0.00,0.00
O-005663,2025-08-03,S-90,ออนไลน์,P-302,1,3890.00,0.00,3890.00,254.49,50.00,0.00
O-005664,2025-08-03,S-04,หน้าร้าน,P-202,2,240.00,24.00,216.00,14.13,0.00,0.00
O-005665,2025-08-03,S-03,หน้าร้าน,P-201,5,475.00,0.00,475.00,31.07,0.00,0.00
O-005666,2025-08-03,S-90,ออนไลน์,P-203,1,75.00,7.50,67.50,4.42,80.00,0.00
O-005667,2025-08-03,S-02,หน้าร้าน,P-302,1,3890.00,0.00,3890.00,254.49,0.00,0.00
O-005668,2025-08-03,S-01,หน้าร้าน,P-101,2,70.00,7.00,63.00,4.12,0.00,0.00
O-005669,2025-08-03,S-06,หน้าร้าน,P-301,2,4900.00,0.00,4900.00,320.56,0.00,0.00
O-005670,2025-08-03,S-90,ออนไลน์,P-102,3,84.00,4.20,79.80,5.22,35.00,0.00
O-005671,2025-08-03,S-03,หน้าร้าน,P-102,5,140.00,7.00,133.00,8.70,0.00,0.00
O-005672,2025-08-04,S-06,หน้าร้าน,P-202,1,120.00,24.00,96.00,6.28,0.00,0.00
O-005673,2025-08-04,S-01,หน้าร้าน,P-103,1,45.00,2.25,42.75,2.80,0.00,0.00
O-005674,2025-08-04,S-05,หน้าร้าน,P-101,1,35.00,1.75,33.25,2.18,0.00,0.00
O-005675,2025-08-04,S-01,หน้าร้าน,P-301,1,2450.00,0.00,2450.00,160.28,0.00,0.00
O-005676,2025-08-04,S-06,หน้าร้าน,P-202,2,240.00,0.00,240.00,15.70,0.00,0.00
O-005677,2025-08-04,S-02,หน้าร้าน,P-301,5,12250.00,612.50,11637.50,761.33,0.00,0.00
O-005678,2025-08-04,S-02,หน้าร้าน,P-302,1,3890.00,0.00,3890.00,254.49,0.00,0.00
O-005679,2025-08-04,S-05,หน้าร้าน,P-202,1,120.00,0.00,120.00,7.85,0.00,0.00
O-005680,2025-08-04,S-90,ออนไลน์,P-102,1,28.00,0.00,28.00,1.83,50.00,0.00
O-005681,2025-08-04,S-90,ออนไลน์,P-102,2,56.00,0.00,56.00,3.66,0.00,0.00
O-005682,2025-08-04,S-01,หน้าร้าน,P-102,1,28.00,0.00,28.00,1.83,0.00,0.00
O-005683,2025-08-04,S-04,หน้าร้าน,P-103,2,90.00,18.00,72.00,4.71,0.00,0.00
O-005684,2025-08-04,S-04,หน้าร้าน,P-101,1,35.00,3.50,31.50,2.06,0.00,0.00
O-005685,2025-08-04,S-03,หน้าร้าน,P-202,2,240.00,48.00,192.00,12.56,0.00,0.00
O-005686,2025-08-04,S-01,หน้าร้าน,P-102,2,56.00,11.20,44.80,2.93,0.00,0.00
O-005687,2025-08-04,S-01,หน้าร้าน,P-101,3,105.00,21.00,84.00,5.50,0.00,0.00
O-005688,2025-08-04,S-04,หน้าร้าน,P-103,2,90.00,18.00,72.00,4.71,0.00,72.00
O-005689,2025-08-04,S-02,หน้าร้าน,P-203,2,150.00,7.50,142.50,9.32,0.00,0.00
O-005690,2025-08-04,S-90,ออนไลน์,P-201,2,190.00,0.00,190.00,12.43,0.00,0.00
O-005691,2025-08-04,S-05,หน้าร้าน,P-202,1,120.00,24.00,96.00,6.28,0.00,0.00
O-005692,2025-08-04,S-04,หน้าร้าน,P-102,1,28.00,2.80,25.20,1.65,0.00,0.00
O-005693,2025-08-04,S-05,หน้าร้าน,P-301,3,7350.00,1470.00,5880.00,384.67,0.00,0.00
O-005694,2025-08-04,S-05,หน้าร้าน,P-203,1,75.00,7.50,67.50,4.42,0.00,0.00
O-005695,2025-08-04,S-03,หน้าร้าน,P-301,1,2450.00,122.50,2327.50,152.27,0.00,0.00
O-005696,2025-08-04,S-05,หน้าร้าน,P-202,1,120.00,0.00,120.00,7.85,0.00,0.00
O-005697,2025-08-05,S-03,หน้าร้าน,P-103,3,135.00,27.00,108.00,7.07,0.00,0.00
O-005698,2025-08-05,S-03,หน้าร้าน,P-103,1,45.00,0.00,45.00,2.94,0.00,0.00
O-005699,2025-08-05,S-01,หน้าร้าน,P-203,1,75.00,0.00,75.00,4.91,0.00,0.00
O-005700,2025-08-05,S-02,หน้าร้าน,P-102,1,28.00,2.80,25.20,1.65,0.00,0.00
O-005701,2025-08-05,S-90,ออนไลน์,P-301,1,2450.00,245.00,2205.00,144.25,35.00,0.00
O-005702,2025-08-05,S-05,หน้าร้าน,P-302,2,7780.00,778.00,7002.00,458.07,0.00,0.00
O-005703,2025-08-05,S-05,หน้าร้าน,P-203,3,225.00,45.00,180.00,11.78,0.00,0.00
O-005704,2025-08-05,S-02,หน้าร้าน,P-201,1,95.00,4.75,90.25,5.90,0.00,0.00
O-005705,2025-08-05,S-01,หน้าร้าน,P-102,1,28.00,0.00,28.00,1.83,0.00,0.00
O-005706,2025-08-05,S-05,หน้าร้าน,P-202,1,120.00,0.00,120.00,7.85,0.00,0.00
O-005707,2025-08-05,S-03,หน้าร้าน,P-102,1,28.00,0.00,28.00,1.83,0.00,0.00
O-005708,2025-08-05,S-90,ออนไลน์,P-302,1,3890.00,389.00,3501.00,229.04,0.00,0.00
O-005709,2025-08-05,S-90,ออนไลน์,P-102,1,28.00,5.60,22.40,1.47,0.00,0.00
O-005710,2025-08-05,S-90,ออนไลน์,P-101,1,35.00,1.75,33.25,2.18,35.00,0.00
O-005711,2025-08-05,S-90,ออนไลน์,P-203,1,75.00,0.00,75.00,4.91,0.00,0.00
O-005712,2025-08-05,S-05,หน้าร้าน,P-301,5,12250.00,612.50,11637.50,761.33,0.00,0.00
O-005713,2025-08-05,S-03,หน้าร้าน,P-302,3,11670.00,1167.00,10503.00,687.11,0.00,0.00
O-005714,2025-08-05,S-90,ออนไลน์,P-202,1,120.00,0.00,120.00,7.85,0.00,0.00
O-005715,2025-08-05,S-01,หน้าร้าน,P-101,1,35.00,0.00,35.00,2.29,0.00,0.00
O-005716,2025-08-05,S-01,หน้าร้าน,P-202,3,360.00,0.00,360.00,23.55,0.00,0.00
O-005717,2025-08-05,S-02,หน้าร้าน,P-101,1,35.00,0.00,35.00,2.29,0.00,0.00
O-005718,2025-08-05,S-05,หน้าร้าน,P-102,2,56.00,0.00,56.00,3.66,0.00,0.00
O-005719,2025-08-05,S-04,หน้าร้าน,P-101,1,35.00,7.00,28.00,1.83,0.00,0.00
O-005720,2025-08-05,S-01,หน้าร้าน,P-102,1,28.00,0.00,28.00,1.83,0.00,0.00
O-005721,2025-08-05,S-03,หน้าร้าน,P-101,3,105.00,10.50,94.50,6.18,0.00,0.00
O-005722,2025-08-06,S-90,ออนไลน์,P-101,2,70.00,0.00,70.00,4.58,0.00,0.00
O-005723,2025-08-06,S-06,หน้าร้าน,P-102,2,56.00,11.20,44.80,2.93,0.00,0.00
O-005724,2025-08-06,S-01,หน้าร้าน,P-202,2,240.00,12.00,228.00,14.92,0.00,0.00
O-005725,2025-08-06,S-03,หน้าร้าน,P-202,1,120.00,0.00,120.00,7.85,0.00,0.00
O-005726,2025-08-06,S-04,หน้าร้าน,P-301,3,7350.00,367.50,6982.50,456.80,0.00,0.00
O-005727,2025-08-06,S-06,หน้าร้าน,P-101,1,35.00,7.00,28.00,1.83,0.00,0.00
O-005728,2025-08-06,S-04,หน้าร้าน,P-203,5,375.00,37.50,337.50,22.08,0.00,0.00
O-005729,2025-08-06,S-05,หน้าร้าน,P-301,3,7350.00,0.00,7350.00,480.84,0.00,0.00
O-005730,2025-08-06,S-03,หน้าร้าน,P-203,1,75.00,15.00,60.00,3.93,0.00,0.00
O-005731,2025-08-06,S-05,หน้าร้าน,P-201,3,285.00,28.50,256.50,16.78,0.00,0.00
O-005732,2025-08-06,S-90,ออนไลน์,P-203,1,75.00,7.50,67.50,4.42,35.00,0.00
O-005733,2025-08-06,S-06,หน้าร้าน,P-201,1,95.00,9.50,85.50,5.59,0.00,0.00
O-005734,2025-08-06,S-03,หน้าร้าน,P-102,1,28.00,0.00,28.00,1.83,0.00,0.00
O-005735,2025-08-06,S-04,หน้าร้าน,P-103,1,45.00,9.00,36.00,2.36,0.00,0.00
O-005736,2025-08-06,S-04,หน้าร้าน,P-301,5,12250.00,612.50,11637.50,761.33,0.00,0.00
O-005737,2025-08-06,S-05,หน้าร้าน,P-302,5,19450.00,3890.00,15560.00,1017.94,0.00,0.00
O-005738,2025-08-06,S-06,หน้าร้าน,P-102,1,28.00,0.00,28.00,1.83,0.00,0.00
O-005739,2025-08-06,S-02,หน้าร้าน,P-301,2,4900.00,0.00,4900.00,320.56,0.00,0.00
O-005740,2025-08-06,S-04,หน้าร้าน,P-301,5,12250.00,2450.00,9800.00,641.12,0.00,0.00
O-005741,2025-08-06,S-90,ออนไลน์,P-103,2,90.00,0.00,90.00,5.89,0.00,0.00
O-005742,2025-08-06,S-01,หน้าร้าน,P-101,1,35.00,3.50,31.50,2.06,0.00,0.00
O-005743,2025-08-06,S-05,หน้าร้าน,P-201,1,95.00,4.75,90.25,5.90,0.00,0.00
O-005744,2025-08-06,S-02,หน้าร้าน,P-302,5,19450.00,3890.00,15560.00,1017.94,0.00,0.00
O-005745,2025-08-06,S-01,หน้าร้าน,P-201,1,95.00,9.50,85.50,5.59,0.00,0.00
O-005746,2025-08-06,S-03,หน้าร้าน,P-102,5,140.00,0.00,140.00,9.16,0.00,0.00
O-005747,2025-08-06,S-06,หน้าร้าน,P-301,1,2450.00,0.00,2450.00,160.28,0.00,0.00
O-005748,2025-08-06,S-03,หน้าร้าน,P-301,1,2450.00,490.00,1960.00,128.22,0.00,0.00
O-005749,2025-08-06,S-90,ออนไลน์,P-202,2,240.00,24.00,216.00,14.13,35.00,0.00
O-005750,2025-08-06,S-06,หน้าร้าน,P-203,2,150.00,0.00,150.00,9.81,0.00,0.00
O-005751,2025-08-06,S-02,หน้าร้าน,P-102,1,28.00,0.00,28.00,1.83,0.00,0.00
O-005752,2025-08-07,S-03,หน้าร้าน,P-302,1,3890.00,194.50,3695.50,241.76,0.00,0.00
O-005753,2025-08-07,S-04,หน้าร้าน,P-202,1,120.00,0.00,120.00,7.85,0.00,0.00
O-005754,2025-08-07,S-03,หน้าร้าน,P-102,1,28.00,2.80,25.20,1.65,0.00,0.00
O-005755,2025-08-07,S-06,หน้าร้าน,P-201,3,285.00,0.00,285.00,18.64,0.00,0.00
O-005756,2025-08-07,S-90,ออนไลน์,P-201,2,190.00,0.00,190.00,12.43,0.00,0.00
O-005757,2025-08-07,S-03,หน้าร้าน,P-203,2,150.00,0.00,150.00,9.81,0.00,0.00
O-005758,2025-08-07,S-04,หน้าร้าน,P-103,5,225.00,0.00,225.00,14.72,0.00,0.00
O-005759,2025-08-07,S-06,หน้าร้าน,P-101,1,35.00,1.75,33.25,2.18,0.00,0.00
O-005760,2025-08-07,S-01,หน้าร้าน,P-103,2,90.00,0.00,90.00,5.89,0.00,0.00
O-005761,2025-08-07,S-02,หน้าร้าน,P-101,2,70.00,14.00,56.00,3.66,0.00,0.00
O-005762,2025-08-07,S-01,หน้าร้าน,P-103,5,225.00,0.00,225.00,14.72,0.00,0.00
O-005763,2025-08-07,S-03,หน้าร้าน,P-302,2,7780.00,1556.00,6224.00,407.18,0.00,0.00
O-005764,2025-08-07,S-02,หน้าร้าน,P-101,1,35.00,0.00,35.00,2.29,0.00,0.00
O-005765,2025-08-07,S-90,ออนไลน์,P-302,3,11670.00,2334.00,9336.00,610.77,35.00,0.00
O-005766,2025-08-07,S-02,หน้าร้าน,P-301,1,2450.00,0.00,2450.00,160.28,0.00,0.00
O-005767,2025-08-07,S-90,ออนไลน์,P-302,2,7780.00,389.00,7391.00,483.52,50.00,0.00
O-005768,2025-08-07,S-06,หน้าร้าน,P-301,1,2450.00,245.00,2205.00,144.25,0.00,0.00
O-005769,2025-08-07,S-04,หน้าร้าน,P-203,3,225.00,0.00,225.00,14.72,0.00,0.00
O-005770,2025-08-07,S-02,หน้าร้าน,P-302,1,3890.00,389.00,3501.00,229.04,0.00,0.00
O-005771,2025-08-07,S-01,หน้าร้าน,P-203,1,75.00,0.00,75.00,4.91,0.00,0.00
O-005772,2025-08-07,S-06,หน้าร้าน,P-302,2,7780.00,389.00,7391.00,483.52,0.00,0.00
O-005773,2025-08-07,S-02,หน้าร้าน,P-202,2,240.00,24.00,216.00,14.13,0.00,0.00
O-005774,2025-08-07,S-01,หน้าร้าน,P-101,2,70.00,0.00,70.00,4.58,0.00,0.00
O-005775,2025-08-07,S-03,หน้าร้าน,P-302,1,3890.00,0.00,3890.00,254.49,0.00,0.00
O-005776,2025-08-07,S-05,หน้าร้าน,P-202,2,240.00,24.00,216.00,14.13,0.00,0.00
O-005777,2025-08-08,S-03,หน้าร้าน,P-102,1,28.00,0.00,28.00,1.83,0.00,0.00
O-005778,2025-08-08,S-90,ออนไลน์,P-301,1,2450.00,122.50,2327.50,152.27,0.00,0.00
O-005779,2025-08-08,S-01,หน้าร้าน,P-302,3,11670.00,1167.00,10503.00,687.11,0.00,0.00
O-005780,2025-08-08,S-05,หน้าร้าน,P-202,3,360.00,72.00,288.00,18.84,0.00,0.00
O-005781,2025-08-08,S-06,หน้าร้าน,P-203,2,150.00,30.00,120.00,7.85,0.00,0.00
O-005782,2025-08-08,S-06,หน้าร้าน,P-203,2,150.00,15.00,135.00,8.83,0.00,0.00
O-005783,2025-08-08,S-05,หน้าร้าน,P-301,2,4900.00,245.00,4655.00,304.53,0.00,0.00
O-005784,2025-08-08,S-01,หน้าร้าน,P-301,2,4900.00,0.00,4900.00,320.56,0.00,0.00
O-005785,2025-08-08,S-03,หน้าร้าน,P-302,2,7780.00,389.00,7391.00,483.52,0.00,0.00
O-005786,2025-08-08,S-06,หน้าร้าน,P-301,1,2450.00,0.00,2450.00,160.28,0.00,0.00
O-005787,2025-08-08,S-03,หน้าร้าน,P-302,1,3890.00,0.00,3890.00,254.49,0.00,0.00
O-005788,2025-08-08,S-01,หน้าร้าน,P-203,2,150.00,30.00,120.00,7.85,0.00,0.00
O-005789,2025-08-08,S-90,ออนไลน์,P-101,1,35.00,7.00,28.00,1.83,35.00,0.00
O-005790,2025-08-08,S-90,ออนไลน์,P-102,2,56.00,11.20,44.80,2.93,0.00,0.00
O-005791,2025-08-08,S-02,หน้าร้าน,P-202,2,240.00,24.00,216.00,14.13,0.00,0.00
O-005792,2025-08-08,S-05,หน้าร้าน,P-103,1,45.00,0.00,45.00,2.94,0.00,0.00
O-005793,2025-08-08,S-03,หน้าร้าน,P-103,1,45.00,9.00,36.00,2.36,0.00,0.00
O-005794,2025-08-08,S-02,หน้าร้าน,P-301,1,2450.00,0.00,2450.00,160.28,0.00,0.00
O-005795,2025-08-08,S-04,หน้าร้าน,P-302,1,3890.00,194.50,3695.50,241.76,0.00,0.00
O-005796,2025-08-08,S-03,หน้าร้าน,P-201,1,95.00,0.00,95.00,6.21,0.00,0.00
O-005797,2025-08-08,S-05,หน้าร้าน,P-101,3,105.00,21.00,84.00,5.50,0.00,0.00
O-005798,2025-08-09,S-02,หน้าร้าน,P-101,1,35.00,3.50,31.50,2.06,0.00,0.00
O-005799,2025-08-09,S-05,หน้าร้าน,P-202,2,240.00,24.00,216.00,14.13,0.00,0.00
O-005800,2025-08-09,S-03,หน้าร้าน,P-201,2,190.00,38.00,152.00,9.94,0.00,0.00
O-005801,2025-08-09,S-05,หน้าร้าน,P-101,1,35.00,3.50,31.50,2.06,0.00,0.00
O-005802,2025-08-09,S-06,หน้าร้าน,P-302,1,3890.00,194.50,3695.50,241.76,0.00,0.00
O-005803,2025-08-09,S-03,หน้าร้าน,P-102,2,56.00,5.60,50.40,3.30,0.00,0.00
O-005804,2025-08-09,S-02,หน้าร้าน,P-301,2,4900.00,980.00,3920.00,256.45,0.00,0.00
O-005805,2025-08-09,S-01,หน้าร้าน,P-301,2,4900.00,0.00,4900.00,320.56,0.00,0.00
O-005806,2025-08-09,S-90,ออนไลน์,P-203,1,75.00,15.00,60.00,3.93,80.00,0.00
O-005807,2025-08-09,S-02,หน้าร้าน,P-103,2,90.00,18.00,72.00,4.71,0.00,0.00
O-005808,2025-08-09,S-04,หน้าร้าน,P-302,1,3890.00,0.00,3890.00,254.49,0.00,0.00
O-005809,2025-08-09,S-04,หน้าร้าน,P-301,1,2450.00,122.50,2327.50,152.27,0.00,0.00
O-005810,2025-08-09,S-04,หน้าร้าน,P-202,1,120.00,0.00,120.00,7.85,0.00,0.00
O-005811,2025-08-09,S-06,หน้าร้าน,P-302,1,3890.00,389.00,3501.00,229.04,0.00,0.00
O-005812,2025-08-09,S-06,หน้าร้าน,P-203,1,75.00,0.00,75.00,4.91,0.00,0.00
O-005813,2025-08-09,S-01,หน้าร้าน,P-101,1,35.00,0.00,35.00,2.29,0.00,0.00
O-005814,2025-08-09,S-01,หน้าร้าน,P-202,1,120.00,6.00,114.00,7.46,0.00,0.00
O-005815,2025-08-09,S-03,หน้าร้าน,P-203,1,75.00,15.00,60.00,3.93,0.00,0.00
O-005816,2025-08-09,S-01,หน้าร้าน,P-301,5,12250.00,0.00,12250.00,801.40,0.00,0.00
O-005817,2025-08-09,S-01,หน้าร้าน,P-302,1,3890.00,194.50,3695.50,241.76,0.00,0.00
O-005818,2025-08-10,S-03,หน้าร้าน,P-102,1,28.00,5.60,22.40,1.47,0.00,0.00
O-005819,2025-08-10,S-06,หน้าร้าน,P-201,1,95.00,0.00,95.00,6.21,0.00,0.00
O-005820,2025-08-10,S-05,หน้าร้าน,P-302,2,7780.00,0.00,7780.00,508.97,0.00,0.00
O-005821,2025-08-10,S-06,หน้าร้าน,P-201,1,95.00,19.00,76.00,4.97,0.00,0.00
O-005822,2025-08-10,S-03,หน้าร้าน,P-103,3,135.00,6.75,128.25,8.39,0.00,0.00
O-005823,2025-08-10,S-03,หน้าร้าน,P-103,1,45.00,0.00,45.00,2.94,0.00,0.00
O-005824,2025-08-10,S-05,หน้าร้าน,P-301,2,4900.00,0.00,4900.00,320.56,0.00,0.00
O-005825,2025-08-10,S-02,หน้าร้าน,P-301,3,7350.00,1470.00,5880.00,384.67,0.00,0.00
O-005826,2025-08-10,S-90,ออนไลน์,P-101,2,70.00,3.50,66.50,4.35,0.00,0.00
O-005827,2025-08-10,S-01,หน้าร้าน,P-202,3,360.00,0.00,360.00,23.55,0.00,0.00
O-005828,2025-08-10,S-03,หน้าร้าน,P-203,1,75.00,0.00,75.00,4.91,0.00,0.00
O-005829,2025-08-10,S-90,ออนไลน์,P-201,5,475.00,0.00,475.00,31.07,80.00,0.00
O-005830,2025-08-10,S-03,หน้าร้าน,P-102,3,84.00,16.80,67.20,4.40,0.00,0.00
O-005831,2025-08-10,S-05,หน้าร้าน,P-203,1,75.00,0.00,75.00,4.91,0.00,0.00
O-005832,2025-08-10,S-03,หน้าร้าน,P-302,1,3890.00,194.50,3695.50,241.76,0.00,0.00
O-005833,2025-08-10,S-06,หน้าร้าน,P-202,1,120.00,0.00,120.00,7.85,0.00,0.00
O-005834,2025-08-10,S-90,ออนไลน์,P-102,1,28.00,0.00,28.00,1.83,80.00,0.00
O-005835,2025-08-10,S-01,หน้าร้าน,P-302,1,3890.00,778.00,3112.00,203.59,0.00,0.00
O-005836,2025-08-10,S-02,หน้าร้าน,P-203,1,75.00,0.00,75.00,4.91,0.00,0.00
O-005837,2025-08-10,S-90,ออนไลน์,P-302,2,7780.00,0.00,7780.00,508.97,0.00,0.00
O-005838,2025-08-10,S-02,หน้าร้าน,P-203,2,150.00,15.00,135.00,8.83,0.00,0.00
O-005839,2025-08-10,S-04,หน้าร้าน,P-301,2,4900.00,0.00,4900.00,320.56,0.00,0.00
O-005840,2025-08-10,S-04,หน้าร้าน,P-202,1,120.00,0.00,120.00,7.85,0.00,0.00
O-005841,2025-08-10,S-90,ออนไลน์,P-101,1,35.00,1.75,33.25,2.18,80.00,0.00
O-005842,2025-08-10,S-90,ออนไลน์,P-301,1,2450.00,490.00,1960.00,128.22,0.00,0.00
O-005843,2025-08-10,S-05,หน้าร้าน,P-202,1,120.00,12.00,108.00,7.07,0.00,0.00
O-005844,2025-08-10,S-04,หน้าร้าน,P-103,1,45.00,2.25,42.75,2.80,0.00,0.00
O-005845,2025-08-10,S-02,หน้าร้าน,P-203,1,75.00,0.00,75.00,4.91,0.00,0.00
O-005846,2025-08-10,S-02,หน้าร้าน,P-301,1,2450.00,245.00,2205.00,144.25,0.00,0.00
O-005847,2025-08-10,S-04,หน้าร้าน,P-103,1,45.00,2.25,42.75,2.80,0.00,0.00
O-005848,2025-08-11,S-03,หน้าร้าน,P-201,2,190.00,9.50,180.50,11.81,0.00,0.00
O-005849,2025-08-11,S-06,หน้าร้าน,P-302,1,3890.00,0.00,3890.00,254.49,0.00,0.00
O-005850,2025-08-11,S-05,หน้าร้าน,P-103,1,45.00,9.00,36.00,2.36,0.00,0.00
O-005851,2025-08-11,S-01,หน้าร้าน,P-102,1,28.00,2.80,25.20,1.65,0.00,0.00
O-005852,2025-08-11,S-01,หน้าร้าน,P-103,2,90.00,0.00,90.00,5.89,0.00,0.00
O-005853,2025-08-11,S-90,ออนไลน์,P-201,1,95.00,19.00,76.00,4.97,0.00,0.00
O-005854,2025-08-11,S-05,หน้าร้าน,P-301,2,4900.00,245.00,4655.00,304.53,0.00,0.00
O-005855,2025-08-11,S-01,หน้าร้าน,P-103,1,45.00,4.50,40.50,2.65,0.00,0.00
O-005856,2025-08-11,S-05,หน้าร้าน,P-202,1,120.00,6.00,114.00,7.46,0.00,0.00
O-005857,2025-08-11,S-04,หน้าร้าน,P-201,1,95.00,19.00,76.00,4.97,0.00,0.00
O-005858,2025-08-11,S-04,หน้าร้าน,P-102,1,28.00,5.60,22.40,1.47,0.00,0.00
O-005859,2025-08-11,S-90,ออนไลน์,P-102,1,28.00,1.40,26.60,1.74,80.00,0.00
O-005860,2025-08-11,S-06,หน้าร้าน,P-103,1,45.00,0.00,45.00,2.94,0.00,0.00
O-005861,2025-08-11,S-05,หน้าร้าน,P-102,3,84.00,16.80,67.20,4.40,0.00,0.00
O-005862,2025-08-11,S-06,หน้าร้าน,P-203,1,75.00,3.75,71.25,4.66,0.00,0.00
O-005863,2025-08-11,S-02,หน้าร้าน,P-202,1,120.00,0.00,120.00,7.85,0.00,0.00
O-005864,2025-08-11,S-90,ออนไลน์,P-302,2,7780.00,0.00,7780.00,508.97,0.00,0.00
O-005865,2025-08-11,S-06,หน้าร้าน,P-102,3,84.00,0.00,84.00,5.50,0.00,0.00
O-005866,2025-08-11,S-05,หน้าร้าน,P-302,1,3890.00,778.00,3112.00,203.59,0.00,0.00
O-005867,2025-08-12,S-02,หน้าร้าน,P-101,2,70.00,0.00,70.00,4.58,0.00,0.00
O-005868,2025-08-12,S-03,หน้าร้าน,P-201,1,95.00,0.00,95.00,6.21,0.00,0.00
O-005869,2025-08-12,S-90,ออนไลน์,P-202,3,360.00,36.00,324.00,21.20,0.00,0.00
O-005870,2025-08-12,S-02,หน้าร้าน,P-203,1,75.00,7.50,67.50,4.42,0.00,0.00
O-005871,2025-08-12,S-03,หน้าร้าน,P-101,1,35.00,3.50,31.50,2.06,0.00,0.00
O-005872,2025-08-12,S-02,หน้าร้าน,P-202,1,120.00,6.00,114.00,7.46,0.00,0.00
O-005873,2025-08-12,S-04,หน้าร้าน,P-202,1,120.00,0.00,120.00,7.85,0.00,0.00
O-005874,2025-08-12,S-01,หน้าร้าน,P-302,2,7780.00,0.00,7780.00,508.97,0.00,0.00
O-005875,2025-08-12,S-06,หน้าร้าน,P-301,1,2450.00,490.00,1960.00,128.22,0.00,0.00
O-005876,2025-08-12,S-04,หน้าร้าน,P-201,1,95.00,19.00,76.00,4.97,0.00,0.00
O-005877,2025-08-12,S-03,หน้าร้าน,P-101,1,35.00,1.75,33.25,2.18,0.00,0.00
O-005878,2025-08-12,S-05,หน้าร้าน,P-103,2,90.00,0.00,90.00,5.89,0.00,0.00
O-005879,2025-08-12,S-06,หน้าร้าน,P-201,1,95.00,4.75,90.25,5.90,0.00,0.00
O-005880,2025-08-12,S-03,หน้าร้าน,P-203,2,150.00,0.00,150.00,9.81,0.00,0.00
O-005881,2025-08-12,S-03,หน้าร้าน,P-202,1,120.00,0.00,120.00,7.85,0.00,0.00
O-005882,2025-08-12,S-06,หน้าร้าน,P-301,5,12250.00,0.00,12250.00,801.40,0.00,0.00
O-005883,2025-08-12,S-03,หน้าร้าน,P-203,3,225.00,22.50,202.50,13.25,0.00,0.00
O-005884,2025-08-12,S-01,หน้าร้าน,P-103,2,90.00,4.50,85.50,5.59,0.00,0.00
O-005885,2025-08-12,S-05,หน้าร้าน,P-102,2,56.00,5.60,50.40,3.30,0.00,0.00
O-005886,2025-08-12,S-03,หน้าร้าน,P-202,5,600.00,60.00,540.00,35.33,0.00,0.00
O-005887,2025-08-12,S-90,ออนไลน์,P-102,2,56.00,11.20,44.80,2.93,0.00,0.00
O-005888,2025-08-12,S-05,หน้าร้าน,P-203,5,375.00,18.75,356.25,23.31,0.00,0.00
O-005889,2025-08-12,S-02,หน้าร้าน,P-103,2,90.00,4.50,85.50,5.59,0.00,0.00
O-005890,2025-08-13,S-06,หน้าร้าน,P-103,1,45.00,2.25,42.75,2.80,0.00,0.00
O-005891,2025-08-13,S-05,หน้าร้าน,P-103,2,90.00,9.00,81.00,5.30,0.00,0.00
O-005892,2025-08-13,S-90,ออนไลน์,P-301,1,2450.00,0.00,2450.00,160.28,0.00,0.00
O-005893,2025-08-13,S-06,หน้าร้าน,P-201,1,95.00,9.50,85.50,5.59,0.00,0.00
O-005894,2025-08-13,S-06,หน้าร้าน,P-201,2,190.00,0.00,190.00,12.43,0.00,0.00
O-005895,2025-08-13,S-05,หน้าร้าน,P-203,1,75.00,15.00,60.00,3.93,0.00,0.00
O-005896,2025-08-13,S-03,หน้าร้าน,P-301,1,2450.00,245.00,2205.00,144.25,0.00,0.00
O-005897,2025-08-13,S-03,หน้าร้าน,P-301,1,2450.00,245.00,2205.00,144.25,0.00,0.00
O-005898,2025-08-13,S-90,ออนไลน์,P-302,1,3890.00,389.00,3501.00,229.04,35.00,0.00
O-005899,2025-08-13,S-01,หน้าร้าน,P-203,2,150.00,30.00,120.00,7.85,0.00,0.00
O-005900,2025-08-13,S-90,ออนไลน์,P-101,5,175.00,0.00,175.00,11.45,35.00,0.00
O-005901,2025-08-13,S-03,หน้าร้าน,P-201,1,95.00,9.50,85.50,5.59,0.00,0.00
O-005902,2025-08-13,S-06,หน้าร้าน,P-203,2,150.00,7.50,142.50,9.32,0.00,0.00
O-005903,2025-08-13,S-03,หน้าร้าน,P-203,2,150.00,30.00,120.00,7.85,0.00,0.00
O-005904,2025-08-13,S-05,หน้าร้าน,P-302,3,11670.00,583.50,11086.50,725.29,0.00,11086.50
O-005905,2025-08-13,S-05,หน้าร้าน,P-201,1,95.00,9.50,85.50,5.59,0.00,0.00
O-005906,2025-08-13,S-06,หน้าร้าน,P-102,1,28.00,2.80,25.20,1.65,0.00,0.00
O-005907,2025-08-13,S-06,หน้าร้าน,P-203,1,75.00,3.75,71.25,4.66,0.00,0.00
O-005908,2025-08-13,S-90,ออนไลน์,P-301,2,4900.00,0.00,4900.00,320.56,35.00,0.00
O-005909,2025-08-13,S-03,หน้าร้าน,P-102,1,28.00,5.60,22.40,1.47,0.00,0.00
O-005910,2025-08-13,S-06,หน้าร้าน,P-301,2,4900.00,980.00,3920.00,256.45,0.00,0.00
O-005911,2025-08-13,S-03,หน้าร้าน,P-103,1,45.00,9.00,36.00,2.36,0.00,0.00
O-005912,2025-08-13,S-90,ออนไลน์,P-302,3,11670.00,583.50,11086.50,725.29,0.00,0.00
O-005913,2025-08-13,S-90,ออนไลน์,P-301,2,4900.00,0.00,4900.00,320.56,50.00,0.00
O-005914,2025-08-13,S-05,หน้าร้าน,P-103,1,45.00,0.00,45.00,2.94,0.00,0.00
O-005915,2025-08-13,S-01,หน้าร้าน,P-203,2,150.00,0.00,150.00,9.81,0.00,0.00
O-005916,2025-08-13,S-01,หน้าร้าน,P-102,5,140.00,28.00,112.00,7.33,0.00,0.00
O-005917,2025-08-13,S-01,หน้าร้าน,P-202,2,240.00,0.00,240.00,15.70,0.00,0.00
O-005918,2025-08-13,S-05,หน้าร้าน,P-102,2,56.00,0.00,56.00,3.66,0.00,0.00
O-005919,2025-08-13,S-01,หน้าร้าน,P-302,1,3890.00,194.50,3695.50,241.76,0.00,0.00
O-005920,2025-08-13,S-03,หน้าร้าน,P-202,1,120.00,6.00,114.00,7.46,0.00,0.00
O-005921,2025-08-13,S-06,หน้าร้าน,P-202,1,120.00,24.00,96.00,6.28,0.00,0.00
O-005922,2025-08-14,S-06,หน้าร้าน,P-302,2,7780.00,778.00,7002.00,458.07,0.00,0.00
O-005923,2025-08-14,S-05,หน้าร้าน,P-203,1,75.00,15.00,60.00,3.93,0.00,0.00
O-005924,2025-08-14,S-02,หน้าร้าน,P-301,1,2450.00,122.50,2327.50,152.27,0.00,0.00
O-005925,2025-08-14,S-06,หน้าร้าน,P-202,1,120.00,0.00,120.00,7.85,0.00,0.00
O-005926,2025-08-14,S-05,หน้าร้าน,P-102,2,56.00,0.00,56.00,3.66,0.00,0.00
O-005927,2025-08-14,S-05,หน้าร้าน,P-102,2,56.00,0.00,56.00,3.66,0.00,0.00
O-005928,2025-08-14,S-03,หน้าร้าน,P-302,3,11670.00,583.50,11086.50,725.29,0.00,0.00
O-005929,2025-08-14,S-02,หน้าร้าน,P-201,1,95.00,0.00,95.00,6.21,0.00,0.00
O-005930,2025-08-14,S-02,หน้าร้าน,P-301,2,4900.00,245.00,4655.00,304.53,0.00,0.00
O-005931,2025-08-14,S-06,หน้าร้าน,P-201,1,95.00,9.50,85.50,5.59,0.00,0.00
O-005932,2025-08-14,S-01,หน้าร้าน,P-102,1,28.00,5.60,22.40,1.47,0.00,0.00
O-005933,2025-08-14,S-05,หน้าร้าน,P-201,1,95.00,19.00,76.00,4.97,0.00,0.00
O-005934,2025-08-14,S-03,หน้าร้าน,P-203,2,150.00,7.50,142.50,9.32,0.00,0.00
O-005935,2025-08-14,S-90,ออนไลน์,P-103,1,45.00,2.25,42.75,2.80,80.00,0.00
O-005936,2025-08-14,S-04,หน้าร้าน,P-302,2,7780.00,778.00,7002.00,458.07,0.00,0.00
O-005937,2025-08-14,S-90,ออนไลน์,P-202,1,120.00,24.00,96.00,6.28,50.00,0.00
O-005938,2025-08-14,S-02,หน้าร้าน,P-102,1,28.00,0.00,28.00,1.83,0.00,0.00
O-005939,2025-08-14,S-90,ออนไลน์,P-202,1,120.00,0.00,120.00,7.85,80.00,0.00
O-005940,2025-08-14,S-03,หน้าร้าน,P-101,3,105.00,10.50,94.50,6.18,0.00,0.00
O-005941,2025-08-14,S-03,หน้าร้าน,P-203,1,75.00,0.00,75.00,4.91,0.00,0.00
O-005942,2025-08-15,S-02,หน้าร้าน,P-202,1,120.00,24.00,96.00,6.28,0.00,0.00
O-005943,2025-08-15,S-04,หน้าร้าน,P-202,1,120.00,6.00,114.00,7.46,0.00,0.00
O-005944,2025-08-15,S-90,ออนไลน์,P-103,2,90.00,18.00,72.00,4.71,0.00,0.00
O-005945,2025-08-15,S-06,หน้าร้าน,P-101,1,35.00,7.00,28.00,1.83,0.00,0.00
O-005946,2025-08-15,S-04,หน้าร้าน,P-201,2,190.00,9.50,180.50,11.81,0.00,0.00
O-005947,2025-08-15,S-06,หน้าร้าน,P-203,1,75.00,0.00,75.00,4.91,0.00,0.00
O-005948,2025-08-15,S-04,หน้าร้าน,P-302,1,3890.00,194.50,3695.50,241.76,0.00,0.00
O-005949,2025-08-15,S-01,หน้าร้าน,P-201,2,190.00,0.00,190.00,12.43,0.00,0.00
O-005950,2025-08-15,S-90,ออนไลน์,P-202,2,240.00,0.00,240.00,15.70,80.00,0.00
O-005951,2025-08-15,S-06,หน้าร้าน,P-103,3,135.00,0.00,135.00,8.83,0.00,0.00
O-005952,2025-08-15,S-90,ออนไลน์,P-102,1,28.00,5.60,22.40,1.47,0.00,0.00
O-005953,2025-08-15,S-04,หน้าร้าน,P-101,2,70.00,14.00,56.00,3.66,0.00,0.00
O-005954,2025-08-15,S-01,หน้าร้าน,P-301,2,4900.00,0.00,4900.00,320.56,0.00,0.00
O-005955,2025-08-15,S-05,หน้าร้าน,P-301,1,2450.00,0.00,2450.00,160.28,0.00,0.00
O-005956,2025-08-15,S-05,หน้าร้าน,P-203,1,75.00,7.50,67.50,4.42,0.00,0.00
O-005957,2025-08-15,S-06,หน้าร้าน,P-102,2,56.00,0.00,56.00,3.66,0.00,56.00
O-005958,2025-08-15,S-04,หน้าร้าน,P-102,2,56.00,5.60,50.40,3.30,0.00,0.00
O-005959,2025-08-15,S-90,ออนไลน์,P-102,1,28.00,5.60,22.40,1.47,35.00,0.00
O-005960,2025-08-15,S-05,หน้าร้าน,P-201,1,95.00,0.00,95.00,6.21,0.00,0.00
O-005961,2025-08-15,S-03,หน้าร้าน,P-202,1,120.00,6.00,114.00,7.46,0.00,0.00
O-005962,2025-08-15,S-05,หน้าร้าน,P-201,1,95.00,4.75,90.25,5.90,0.00,0.00
O-005963,2025-08-15,S-02,หน้าร้าน,P-202,1,120.00,24.00,96.00,6.28,0.00,0.00
O-005964,2025-08-15,S-90,ออนไลน์,P-102,1,28.00,1.40,26.60,1.74,0.00,0.00
O-005965,2025-08-15,S-05,หน้าร้าน,P-202,1,120.00,12.00,108.00,7.07,0.00,0.00
O-005966,2025-08-15,S-04,หน้าร้าน,P-302,1,3890.00,0.00,3890.00,254.49,0.00,0.00
O-005967,2025-08-15,S-06,หน้าร้าน,P-301,3,7350.00,0.00,7350.00,480.84,0.00,0.00
O-005968,2025-08-15,S-90,ออนไลน์,P-102,2,56.00,2.80,53.20,3.48,80.00,0.00
O-005969,2025-08-15,S-04,หน้าร้าน,P-302,1,3890.00,194.50,3695.50,241.76,0.00,0.00
O-005970,2025-08-15,S-01,หน้าร้าน,P-301,2,4900.00,0.00,4900.00,320.56,0.00,0.00
O-005971,2025-08-15,S-02,หน้าร้าน,P-302,1,3890.00,194.50,3695.50,241.76,0.00,0.00
O-005972,2025-08-15,S-90,ออนไลน์,P-201,1,95.00,0.00,95.00,6.21,50.00,0.00
O-005973,2025-08-15,S-03,หน้าร้าน,P-102,3,84.00,0.00,84.00,5.50,0.00,0.00
O-005974,2025-08-16,S-04,หน้าร้าน,P-102,1,28.00,2.80,25.20,1.65,0.00,0.00
O-005975,2025-08-16,S-06,หน้าร้าน,P-201,3,285.00,14.25,270.75,17.71,0.00,0.00
O-005976,2025-08-16,S-01,หน้าร้าน,P-203,1,75.00,7.50,67.50,4.42,0.00,0.00
O-005977,2025-08-16,S-90,ออนไลน์,P-302,3,11670.00,0.00,11670.00,763.46,35.00,0.00
O-005978,2025-08-16,S-06,หน้าร้าน,P-302,2,7780.00,778.00,7002.00,458.07,0.00,0.00
O-005979,2025-08-16,S-02,หน้าร้าน,P-203,1,75.00,15.00,60.00,3.93,0.00,0.00
O-005980,2025-08-16,S-05,หน้าร้าน,P-101,2,70.00,14.00,56.00,3.66,0.00,0.00
O-005981,2025-08-16,S-02,หน้าร้าน,P-103,2,90.00,4.50,85.50,5.59,0.00,0.00
O-005982,2025-08-16,S-06,หน้าร้าน,P-301,2,4900.00,0.00,4900.00,320.56,0.00,0.00
O-005983,2025-08-16,S-06,หน้าร้าน,P-203,1,75.00,7.50,67.50,4.42,0.00,0.00
O-005984,2025-08-16,S-02,หน้าร้าน,P-102,1,28.00,2.80,25.20,1.65,0.00,0.00
O-005985,2025-08-16,S-03,หน้าร้าน,P-202,1,120.00,6.00,114.00,7.46,0.00,114.00
O-005986,2025-08-16,S-04,หน้าร้าน,P-203,3,225.00,45.00,180.00,11.78,0.00,0.00
O-005987,2025-08-16,S-03,หน้าร้าน,P-301,1,2450.00,0.00,2450.00,160.28,0.00,0.00
O-005988,2025-08-16,S-90,ออนไลน์,P-202,2,240.00,0.00,240.00,15.70,35.00,0.00
O-005989,2025-08-16,S-02,หน้าร้าน,P-202,1,120.00,12.00,108.00,7.07,0.00,0.00
O-005990,2025-08-16,S-02,หน้าร้าน,P-301,1,2450.00,0.00,2450.00,160.28,0.00,0.00
O-005991,2025-08-16,S-90,ออนไลน์,P-203,3,225.00,11.25,213.75,13.98,35.00,0.00
O-005992,2025-08-16,S-05,หน้าร้าน,P-302,1,3890.00,194.50,3695.50,241.76,0.00,0.00
O-005993,2025-08-16,S-06,หน้าร้าน,P-102,2,56.00,11.20,44.80,2.93,0.00,0.00
O-005994,2025-08-16,S-04,หน้าร้าน,P-201,2,190.00,38.00,152.00,9.94,0.00,0.00
O-005995,2025-08-16,S-03,หน้าร้าน,P-202,3,360.00,18.00,342.00,22.37,0.00,0.00
O-005996,2025-08-16,S-04,หน้าร้าน,P-301,5,12250.00,0.00,12250.00,801.40,0.00,0.00
O-005997,2025-08-16,S-03,หน้าร้าน,P-301,2,4900.00,980.00,3920.00,256.45,0.00,0.00
O-005998,2025-08-16,S-03,หน้าร้าน,P-203,2,150.00,0.00,150.00,9.81,0.00,0.00
O-005999,2025-08-16,S-02,หน้าร้าน,P-103,1,45.00,4.50,40.50,2.65,0.00,0.00
O-006000,2025-08-16,S-02,หน้าร้าน,P-201,2,190.00,19.00,171.00,11.19,0.00,0.00
O-006001,2025-08-16,S-03,หน้าร้าน,P-301,1,2450.00,0.00,2450.00,160.28,0.00,0.00
O-006002,2025-08-16,S-90,ออนไลน์,P-102,1,28.00,1.40,26.60,1.74,50.00,0.00
O-006003,2025-08-16,S-06,หน้าร้าน,P-202,1,120.00,6.00,114.00,7.46,0.00,0.00
O-006004,2025-08-16,S-02,หน้าร้าน,P-102,1,28.00,0.00,28.00,1.83,0.00,0.00
O-006005,2025-08-17,S-90,ออนไลน์,P-202,1,120.00,12.00,108.00,7.07,50.00,0.00
O-006006,2025-08-17,S-01,หน้าร้าน,P-203,1,75.00,0.00,75.00,4.91,0.00,0.00
O-006007,2025-08-17,S-04,หน้าร้าน,P-301,2,4900.00,0.00,4900.00,320.56,0.00,0.00
O-006008,2025-08-17,S-05,หน้าร้าน,P-101,1,35.00,1.75,33.25,2.18,0.00,0.00
O-006009,2025-08-17,S-01,หน้าร้าน,P-202,1,120.00,24.00,96.00,6.28,0.00,0.00
O-006010,2025-08-17,S-06,หน้าร้าน,P-101,2,70.00,0.00,70.00,4.58,0.00,0.00
O-006011,2025-08-17,S-04,หน้าร้าน,P-201,1,95.00,9.50,85.50,5.59,0.00,0.00
O-006012,2025-08-17,S-01,หน้าร้าน,P-301,1,2450.00,122.50,2327.50,152.27,0.00,0.00
O-006013,2025-08-17,S-02,หน้าร้าน,P-102,1,28.00,0.00,28.00,1.83,0.00,0.00
O-006014,2025-08-17,S-90,ออนไลน์,P-201,1,95.00,0.00,95.00,6.21,0.00,0.00
O-006015,2025-08-17,S-03,หน้าร้าน,P-203,1,75.00,15.00,60.00,3.93,0.00,0.00
O-006016,2025-08-17,S-03,หน้าร้าน,P-101,2,70.00,7.00,63.00,4.12,0.00,0.00
O-006017,2025-08-17,S-04,หน้าร้าน,P-102,3,84.00,4.20,79.80,5.22,0.00,0.00
O-006018,2025-08-17,S-04,หน้าร้าน,P-101,1,35.00,3.50,31.50,2.06,0.00,0.00
O-006019,2025-08-17,S-01,หน้าร้าน,P-201,1,95.00,0.00,95.00,6.21,0.00,0.00
O-006020,2025-08-17,S-05,หน้าร้าน,P-103,5,225.00,0.00,225.00,14.72,0.00,0.00
O-006021,2025-08-17,S-05,หน้าร้าน,P-201,1,95.00,4.75,90.25,5.90,0.00,0.00
O-006022,2025-08-17,S-01,หน้าร้าน,P-103,2,90.00,9.00,81.00,5.30,0.00,0.00
O-006023,2025-08-17,S-04,หน้าร้าน,P-101,2,70.00,14.00,56.00,3.66,0.00,0.00
O-006024,2025-08-17,S-02,หน้าร้าน,P-302,2,7780.00,0.00,7780.00,508.97,0.00,0.00
O-006025,2025-08-17,S-90,ออนไลน์,P-302,1,3890.00,778.00,3112.00,203.59,50.00,0.00
O-006026,2025-08-17,S-90,ออนไลน์,P-202,3,360.00,36.00,324.00,21.20,50.00,0.00
O-006027,2025-08-17,S-06,หน้าร้าน,P-302,2,7780.00,0.00,7780.00,508.97,0.00,0.00
O-006028,2025-08-17,S-04,หน้าร้าน,P-201,1,95.00,19.00,76.00,4.97,0.00,0.00
O-006029,2025-08-17,S-90,ออนไลน์,P-202,2,240.00,12.00,228.00,14.92,0.00,0.00
O-006030,2025-08-17,S-90,ออนไลน์,P-302,1,3890.00,778.00,3112.00,203.59,50.00,0.00
O-006031,2025-08-17,S-05,หน้าร้าน,P-301,2,4900.00,0.00,4900.00,320.56,0.00,0.00
O-006032,2025-08-17,S-03,หน้าร้าน,P-201,5,475.00,0.00,475.00,31.07,0.00,0.00
O-006033,2025-08-17,S-90,ออนไลน์,P-201,1,95.00,9.50,85.50,5.59,80.00,0.00
O-006034,2025-08-17,S-02,หน้าร้าน,P-203,1,75.00,3.75,71.25,4.66,0.00,0.00
O-006035,2025-08-17,S-04,หน้าร้าน,P-203,1,75.00,7.50,67.50,4.42,0.00,0.00
O-006036,2025-08-17,S-05,หน้าร้าน,P-102,1,28.00,0.00,28.00,1.83,0.00,0.00
O-006037,2025-08-17,S-06,หน้าร้าน,P-202,2,240.00,0.00,240.00,15.70,0.00,0.00
O-006038,2025-08-18,S-06,หน้าร้าน,P-102,5,140.00,28.00,112.00,7.33,0.00,0.00
O-006039,2025-08-18,S-06,หน้าร้าน,P-102,3,84.00,4.20,79.80,5.22,0.00,0.00
O-006040,2025-08-18,S-01,หน้าร้าน,P-201,2,190.00,19.00,171.00,11.19,0.00,0.00
O-006041,2025-08-18,S-90,ออนไลน์,P-203,1,75.00,15.00,60.00,3.93,0.00,0.00
O-006042,2025-08-18,S-06,หน้าร้าน,P-102,3,84.00,0.00,84.00,5.50,0.00,0.00
O-006043,2025-08-18,S-90,ออนไลน์,P-102,1,28.00,5.60,22.40,1.47,50.00,0.00
O-006044,2025-08-18,S-03,หน้าร้าน,P-102,1,28.00,5.60,22.40,1.47,0.00,0.00
O-006045,2025-08-18,S-05,หน้าร้าน,P-102,1,28.00,1.40,26.60,1.74,0.00,0.00
O-006046,2025-08-18,S-90,ออนไลน์,P-201,1,95.00,0.00,95.00,6.21,50.00,0.00
O-006047,2025-08-18,S-04,หน้าร้าน,P-103,2,90.00,4.50,85.50,5.59,0.00,0.00
O-006048,2025-08-18,S-03,หน้าร้าน,P-202,1,120.00,0.00,120.00,7.85,0.00,0.00
O-006049,2025-08-18,S-05,หน้าร้าน,P-203,2,150.00,30.00,120.00,7.85,0.00,0.00
O-006050,2025-08-18,S-02,หน้าร้าน,P-203,1,75.00,3.75,71.25,4.66,0.00,0.00
O-006051,2025-08-18,S-01,หน้าร้าน,P-301,3,7350.00,1470.00,5880.00,384.67,0.00,0.00
O-006052,2025-08-18,S-01,หน้าร้าน,P-203,2,150.00,0.00,150.00,9.81,0.00,0.00
O-006053,2025-08-18,S-02,หน้าร้าน,P-203,1,75.00,0.00,75.00,4.91,0.00,0.00
O-006054,2025-08-18,S-02,หน้าร้าน,P-201,2,190.00,38.00,152.00,9.94,0.00,0.00
O-006055,2025-08-18,S-03,หน้าร้าน,P-202,1,120.00,0.00,120.00,7.85,0.00,0.00
O-006056,2025-08-19,S-06,หน้าร้าน,P-301,2,4900.00,0.00,4900.00,320.56,0.00,0.00
O-006057,2025-08-19,S-90,ออนไลน์,P-302,1,3890.00,194.50,3695.50,241.76,0.00,0.00
O-006058,2025-08-19,S-02,หน้าร้าน,P-202,1,120.00,12.00,108.00,7.07,0.00,0.00
O-006059,2025-08-19,S-01,หน้าร้าน,P-302,1,3890.00,778.00,3112.00,203.59,0.00,0.00
O-006060,2025-08-19,S-01,หน้าร้าน,P-201,2,190.00,9.50,180.50,11.81,0.00,0.00
O-006061,2025-08-19,S-02,หน้าร้าน,P-202,2,240.00,0.00,240.00,15.70,0.00,0.00
O-006062,2025-08-19,S-01,หน้าร้าน,P-203,1,75.00,0.00,75.00,4.91,0.00,0.00
O-006063,2025-08-19,S-02,หน้าร้าน,P-103,2,90.00,0.00,90.00,5.89,0.00,0.00
O-006064,2025-08-19,S-03,หน้าร้าน,P-103,1,45.00,2.25,42.75,2.80,0.00,0.00
O-006065,2025-08-19,S-02,หน้าร้าน,P-203,1,75.00,3.75,71.25,4.66,0.00,0.00
O-006066,2025-08-19,S-02,หน้าร้าน,P-101,5,175.00,0.00,175.00,11.45,0.00,0.00
O-006067,2025-08-19,S-01,หน้าร้าน,P-101,2,70.00,0.00,70.00,4.58,0.00,0.00
O-006068,2025-08-19,S-03,หน้าร้าน,P-203,1,75.00,3.75,71.25,4.66,0.00,0.00
O-006069,2025-08-19,S-06,หน้าร้าน,P-103,1,45.00,0.00,45.00,2.94,0.00,0.00
O-006070,2025-08-19,S-04,หน้าร้าน,P-202,1,120.00,0.00,120.00,7.85,0.00,0.00
O-006071,2025-08-19,S-03,หน้าร้าน,P-102,2,56.00,0.00,56.00,3.66,0.00,0.00
O-006072,2025-08-19,S-01,หน้าร้าน,P-302,1,3890.00,194.50,3695.50,241.76,0.00,0.00
O-006073,2025-08-19,S-06,หน้าร้าน,P-103,1,45.00,9.00,36.00,2.36,0.00,0.00
O-006074,2025-08-19,S-02,หน้าร้าน,P-103,2,90.00,0.00,90.00,5.89,0.00,0.00
O-006075,2025-08-19,S-90,ออนไลน์,P-202,1,120.00,24.00,96.00,6.28,80.00,0.00
O-006076,2025-08-19,S-90,ออนไลน์,P-301,5,12250.00,0.00,12250.00,801.40,50.00,0.00
O-006077,2025-08-19,S-02,หน้าร้าน,P-101,3,105.00,0.00,105.00,6.87,0.00,0.00
O-006078,2025-08-19,S-01,หน้าร้าน,P-103,1,45.00,9.00,36.00,2.36,0.00,0.00
O-006079,2025-08-19,S-90,ออนไลน์,P-103,1,45.00,9.00,36.00,2.36,80.00,0.00
O-006080,2025-08-19,S-06,หน้าร้าน,P-101,5,175.00,8.75,166.25,10.88,0.00,0.00
O-006081,2025-08-19,S-03,หน้าร้าน,P-201,1,95.00,19.00,76.00,4.97,0.00,0.00
O-006082,2025-08-19,S-05,หน้าร้าน,P-301,2,4900.00,245.00,4655.00,304.53,0.00,0.00
O-006083,2025-08-19,S-02,หน้าร้าน,P-301,3,7350.00,0.00,7350.00,480.84,0.00,0.00
O-006084,2025-08-19,S-04,หน้าร้าน,P-202,1,120.00,6.00,114.00,7.46,0.00,0.00
O-006085,2025-08-19,S-02,หน้าร้าน,P-102,2,56.00,0.00,56.00,3.66,0.00,0.00
O-006086,2025-08-20,S-01,หน้าร้าน,P-203,5,375.00,0.00,375.00,24.53,0.00,0.00
O-006087,2025-08-20,S-01,หน้าร้าน,P-302,2,7780.00,389.00,7391.00,483.52,0.00,0.00
O-006088,2025-08-20,S-06,หน้าร้าน,P-102,1,28.00,5.60,22.40,1.47,0.00,0.00
O-006089,2025-08-20,S-90,ออนไลน์,P-302,1,3890.00,778.00,3112.00,203.59,0.00,0.00
O-006090,2025-08-20,S-04,หน้าร้าน,P-302,1,3890.00,0.00,3890.00,254.49,0.00,0.00
O-006091,2025-08-20,S-90,ออนไลน์,P-301,1,2450.00,122.50,2327.50,152.27,0.00,0.00
O-006092,2025-08-20,S-02,หน้าร้าน,P-203,3,225.00,11.25,213.75,13.98,0.00,0.00
O-006093,2025-08-20,S-01,หน้าร้าน,P-301,1,2450.00,0.00,2450.00,160.28,0.00,0.00
O-006094,2025-08-20,S-02,หน้าร้าน,P-203,1,75.00,0.00,75.00,4.91,0.00,0.00
O-006095,2025-08-20,S-05,หน้าร้าน,P-102,1,28.00,5.60,22.40,1.47,0.00,0.00
O-006096,2025-08-20,S-01,หน้าร้าน,P-301,2,4900.00,490.00,4410.00,288.50,0.00,0.00
O-006097,2025-08-20,S-01,หน้าร้าน,P-201,1,95.00,0.00,95.00,6.21,0.00,0.00
O-006098,2025-08-20,S-01,หน้าร้าน,P-203,2,150.00,15.00,135.00,8.83,0.00,0.00
O-006099,2025-08-20,S-06,หน้าร้าน,P-103,1,45.00,4.50,40.50,2.65,0.00,0.00
O-006100,2025-08-20,S-90,ออนไลน์,P-302,1,3890.00,389.00,3501.00,229.04,0.00,0.00
O-006101,2025-08-20,S-90,ออนไลน์,P-203,5,375.00,0.00,375.00,24.53,35.00,0.00
O-006102,2025-08-20,S-05,หน้าร้าน,P-101,1,35.00,7.00,28.00,1.83,0.00,0.00
O-006103,2025-08-20,S-02,หน้าร้าน,P-201,2,190.00,9.50,180.50,11.81,0.00,0.00
O-006104,2025-08-20,S-04,หน้าร้าน,P-101,2,70.00,0.00,70.00,4.58,0.00,0.00
O-006105,2025-08-20,S-06,หน้าร้าน,P-201,1,95.00,9.50,85.50,5.59,0.00,0.00
O-006106,2025-08-21,S-01,หน้าร้าน,P-102,1,28.00,2.80,25.20,1.65,0.00,0.00
O-006107,2025-08-21,S-03,หน้าร้าน,P-301,1,2450.00,122.50,2327.50,152.27,0.00,0.00
O-006108,2025-08-21,S-03,หน้าร้าน,P-202,2,240.00,0.00,240.00,15.70,0.00,0.00
O-006109,2025-08-21,S-04,หน้าร้าน,P-103,3,135.00,27.00,108.00,7.07,0.00,0.00
O-006110,2025-08-21,S-05,หน้าร้าน,P-301,1,2450.00,245.00,2205.00,144.25,0.00,0.00
O-006111,2025-08-21,S-03,หน้าร้าน,P-203,1,75.00,0.00,75.00,4.91,0.00,0.00
O-006112,2025-08-21,S-01,หน้าร้าน,P-202,1,120.00,12.00,108.00,7.07,0.00,0.00
O-006113,2025-08-21,S-06,หน้าร้าน,P-302,2,7780.00,389.00,7391.00,483.52,0.00,0.00
O-006114,2025-08-21,S-04,หน้าร้าน,P-201,1,95.00,0.00,95.00,6.21,0.00,0.00
O-006115,2025-08-21,S-90,ออนไลน์,P-102,2,56.00,2.80,53.20,3.48,80.00,0.00
O-006116,2025-08-21,S-03,หน้าร้าน,P-203,2,150.00,0.00,150.00,9.81,0.00,0.00
O-006117,2025-08-21,S-04,หน้าร้าน,P-202,1,120.00,12.00,108.00,7.07,0.00,0.00
O-006118,2025-08-21,S-06,หน้าร้าน,P-201,1,95.00,0.00,95.00,6.21,0.00,0.00
O-006119,2025-08-21,S-05,หน้าร้าน,P-202,1,120.00,12.00,108.00,7.07,0.00,0.00
O-006120,2025-08-21,S-05,หน้าร้าน,P-203,1,75.00,0.00,75.00,4.91,0.00,0.00
O-006121,2025-08-21,S-05,หน้าร้าน,P-302,1,3890.00,0.00,3890.00,254.49,0.00,0.00
O-006122,2025-08-21,S-02,หน้าร้าน,P-102,1,28.00,0.00,28.00,1.83,0.00,0.00
O-006123,2025-08-21,S-01,หน้าร้าน,P-203,2,150.00,15.00,135.00,8.83,0.00,0.00
O-006124,2025-08-21,S-02,หน้าร้าน,P-202,1,120.00,24.00,96.00,6.28,0.00,0.00
O-006125,2025-08-21,S-03,หน้าร้าน,P-203,1,75.00,3.75,71.25,4.66,0.00,0.00
O-006126,2025-08-21,S-03,หน้าร้าน,P-203,1,75.00,0.00,75.00,4.91,0.00,0.00
O-006127,2025-08-21,S-02,หน้าร้าน,P-102,1,28.00,0.00,28.00,1.83,0.00,0.00
O-006128,2025-08-21,S-04,หน้าร้าน,P-202,1,120.00,0.00,120.00,7.85,0.00,0.00
O-006129,2025-08-21,S-01,หน้าร้าน,P-202,2,240.00,24.00,216.00,14.13,0.00,0.00
O-006130,2025-08-21,S-02,หน้าร้าน,P-103,1,45.00,4.50,40.50,2.65,0.00,0.00
O-006131,2025-08-21,S-01,หน้าร้าน,P-301,2,4900.00,980.00,3920.00,256.45,0.00,0.00
O-006132,2025-08-21,S-01,หน้าร้าน,P-101,1,35.00,0.00,35.00,2.29,0.00,0.00
O-006133,2025-08-21,S-03,หน้าร้าน,P-101,1,35.00,0.00,35.00,2.29,0.00,0.00
O-006134,2025-08-22,S-04,หน้าร้าน,P-101,1,35.00,3.50,31.50,2.06,0.00,0.00
O-006135,2025-08-22,S-03,หน้าร้าน,P-101,2,70.00,0.00,70.00,4.58,0.00,0.00
O-006136,2025-08-22,S-06,หน้าร้าน,P-302,1,3890.00,778.00,3112.00,203.59,0.00,0.00
O-006137,2025-08-22,S-02,หน้าร้าน,P-203,2,150.00,30.00,120.00,7.85,0.00,0.00
O-006138,2025-08-22,S-01,หน้าร้าน,P-103,1,45.00,0.00,45.00,2.94,0.00,0.00
O-006139,2025-08-22,S-06,หน้าร้าน,P-101,1,35.00,3.50,31.50,2.06,0.00,0.00
O-006140,2025-08-22,S-04,หน้าร้าน,P-102,1,28.00,5.60,22.40,1.47,0.00,0.00
O-006141,2025-08-22,S-02,หน้าร้าน,P-301,5,12250.00,2450.00,9800.00,641.12,0.00,0.00
O-006142,2025-08-22,S-05,หน้าร้าน,P-202,5,600.00,30.00,570.00,37.29,0.00,0.00
O-006143,2025-08-22,S-04,หน้าร้าน,P-202,1,120.00,24.00,96.00,6.28,0.00,0.00
O-006144,2025-08-22,S-05,หน้าร้าน,P-201,1,95.00,0.00,95.00,6.21,0.00,0.00
O-006145,2025-08-22,S-04,หน้าร้าน,P-102,1,28.00,0.00,28.00,1.83,0.00,0.00
O-006146,2025-08-22,S-90,ออนไลน์,P-103,2,90.00,0.00,90.00,5.89,50.00,0.00
O-006147,2025-08-22,S-04,หน้าร้าน,P-102,1,28.00,5.60,22.40,1.47,0.00,0.00
O-006148,2025-08-22,S-05,หน้าร้าน,P-302,5,19450.00,972.50,18477.50,1208.81,0.00,0.00
O-006149,2025-08-22,S-06,หน้าร้าน,P-202,2,240.00,0.00,240.00,15.70,0.00,0.00
O-006150,2025-08-22,S-03,หน้าร้าน,P-203,1,75.00,0.00,75.00,4.91,0.00,0.00
O-006151,2025-08-22,S-02,หน้าร้าน,P-101,1,35.00,1.75,33.25,2.18,0.00,0.00
O-006152,2025-08-22,S-05,หน้าร้าน,P-101,1,35.00,7.00,28.00,1.83,0.00,0.00
O-006153,2025-08-22,S-05,หน้าร้าน,P-301,2,4900.00,0.00,4900.00,320.56,0.00,0.00
O-006154,2025-08-22,S-90,ออนไลน์,P-302,1,3890.00,778.00,3112.00,203.59,80.00,0.00
O-006155,2025-08-22,S-04,หน้าร้าน,P-301,1,2450.00,490.00,1960.00,128.22,0.00,0.00
O-006156,2025-08-22,S-04,หน้าร้าน,P-102,1,28.00,2.80,25.20,1.65,0.00,0.00
O-006157,2025-08-22,S-04,หน้าร้าน,P-101,2,70.00,14.00,56.00,3.66,0.00,0.00
O-006158,2025-08-22,S-90,ออนไลน์,P-302,1,3890.00,389.00,3501.00,229.04,50.00,0.00
O-006159,2025-08-22,S-04,หน้าร้าน,P-101,1,35.00,1.75,33.25,2.18,0.00,0.00
O-006160,2025-08-22,S-03,หน้าร้าน,P-103,1,45.00,9.00,36.00,2.36,0.00,0.00
O-006161,2025-08-22,S-05,หน้าร้าน,P-201,2,190.00,19.00,171.00,11.19,0.00,0.00
O-006162,2025-08-22,S-01,หน้าร้าน,P-301,1,2450.00,0.00,2450.00,160.28,0.00,0.00
O-006163,2025-08-22,S-05,หน้าร้าน,P-101,1,35.00,1.75,33.25,2.18,0.00,0.00
O-006164,2025-08-22,S-03,หน้าร้าน,P-202,1,120.00,24.00,96.00,6.28,0.00,0.00
O-006165,2025-08-22,S-05,หน้าร้าน,P-102,1,28.00,2.80,25.20,1.65,0.00,0.00
O-006166,2025-08-22,S-02,หน้าร้าน,P-102,1,28.00,1.40,26.60,1.74,0.00,0.00
O-006167,2025-08-23,S-04,หน้าร้าน,P-102,1,28.00,2.80,25.20,1.65,0.00,0.00
O-006168,2025-08-23,S-04,หน้าร้าน,P-103,2,90.00,0.00,90.00,5.89,0.00,0.00
O-006169,2025-08-23,S-90,ออนไลน์,P-301,2,4900.00,490.00,4410.00,288.50,0.00,0.00
O-006170,2025-08-23,S-90,ออนไลน์,P-302,1,3890.00,778.00,3112.00,203.59,0.00,0.00
O-006171,2025-08-23,S-03,หน้าร้าน,P-301,2,4900.00,0.00,4900.00,320.56,0.00,0.00
O-006172,2025-08-23,S-03,หน้าร้าน,P-102,1,28.00,0.00,28.00,1.83,0.00,0.00
O-006173,2025-08-23,S-01,หน้าร้าน,P-102,2,56.00,0.00,56.00,3.66,0.00,0.00
O-006174,2025-08-23,S-06,หน้าร้าน,P-203,2,150.00,15.00,135.00,8.83,0.00,0.00
O-006175,2025-08-23,S-02,หน้าร้าน,P-201,1,95.00,9.50,85.50,5.59,0.00,0.00
O-006176,2025-08-23,S-90,ออนไลน์,P-101,2,70.00,14.00,56.00,3.66,50.00,0.00
O-006177,2025-08-23,S-06,หน้าร้าน,P-101,2,70.00,7.00,63.00,4.12,0.00,0.00
O-006178,2025-08-23,S-04,หน้าร้าน,P-203,1,75.00,7.50,67.50,4.42,0.00,0.00
O-006179,2025-08-23,S-06,หน้าร้าน,P-102,1,28.00,0.00,28.00,1.83,0.00,0.00
O-006180,2025-08-23,S-03,หน้าร้าน,P-103,2,90.00,9.00,81.00,5.30,0.00,0.00
O-006181,2025-08-23,S-05,หน้าร้าน,P-202,1,120.00,0.00,120.00,7.85,0.00,0.00
O-006182,2025-08-23,S-04,หน้าร้าน,P-101,3,105.00,0.00,105.00,6.87,0.00,0.00
O-006183,2025-08-23,S-06,หน้าร้าน,P-301,2,4900.00,0.00,4900.00,320.56,0.00,0.00
O-006184,2025-08-23,S-04,หน้าร้าน,P-302,1,3890.00,194.50,3695.50,241.76,0.00,0.00
O-006185,2025-08-23,S-03,หน้าร้าน,P-102,1,28.00,0.00,28.00,1.83,0.00,0.00
O-006186,2025-08-23,S-90,ออนไลน์,P-201,1,95.00,19.00,76.00,4.97,0.00,0.00
O-006187,2025-08-23,S-03,หน้าร้าน,P-301,1,2450.00,490.00,1960.00,128.22,0.00,0.00
O-006188,2025-08-23,S-02,หน้าร้าน,P-102,2,56.00,0.00,56.00,3.66,0.00,0.00
O-006189,2025-08-23,S-01,หน้าร้าน,P-201,3,285.00,0.00,285.00,18.64,0.00,0.00
O-006190,2025-08-23,S-90,ออนไลน์,P-302,2,7780.00,0.00,7780.00,508.97,80.00,0.00
O-006191,2025-08-23,S-02,หน้าร้าน,P-101,1,35.00,0.00,35.00,2.29,0.00,0.00
O-006192,2025-08-23,S-03,หน้าร้าน,P-201,2,190.00,19.00,171.00,11.19,0.00,0.00
O-006193,2025-08-23,S-02,หน้าร้าน,P-302,1,3890.00,194.50,3695.50,241.76,0.00,0.00
O-006194,2025-08-23,S-03,หน้าร้าน,P-202,2,240.00,0.00,240.00,15.70,0.00,0.00
O-006195,2025-08-23,S-01,หน้าร้าน,P-202,1,120.00,0.00,120.00,7.85,0.00,0.00
O-006196,2025-08-23,S-05,หน้าร้าน,P-302,1,3890.00,778.00,3112.00,203.59,0.00,0.00
O-006197,2025-08-24,S-05,หน้าร้าน,P-202,2,240.00,0.00,240.00,15.70,0.00,0.00
O-006198,2025-08-24,S-05,หน้าร้าน,P-102,1,28.00,0.00,28.00,1.83,0.00,0.00
O-006199,2025-08-24,S-06,หน้าร้าน,P-203,1,75.00,3.75,71.25,4.66,0.00,0.00
O-006200,2025-08-24,S-04,หน้าร้าน,P-101,3,105.00,10.50,94.50,6.18,0.00,0.00
O-006201,2025-08-24,S-01,หน้าร้าน,P-302,2,7780.00,1556.00,6224.00,407.18,0.00,0.00
O-006202,2025-08-24,S-04,หน้าร้าน,P-201,2,190.00,19.00,171.00,11.19,0.00,0.00
O-006203,2025-08-24,S-90,ออนไลน์,P-202,3,360.00,18.00,342.00,22.37,50.00,0.00
O-006204,2025-08-24,S-02,หน้าร้าน,P-202,1,120.00,0.00,120.00,7.85,0.00,0.00
O-006205,2025-08-24,S-04,หน้าร้าน,P-301,1,2450.00,0.00,2450.00,160.28,0.00,0.00
O-006206,2025-08-24,S-90,ออนไลน์,P-301,1,2450.00,122.50,2327.50,152.27,35.00,0.00
O-006207,2025-08-24,S-90,ออนไลน์,P-103,3,135.00,0.00,135.00,8.83,0.00,0.00
O-006208,2025-08-24,S-04,หน้าร้าน,P-301,1,2450.00,490.00,1960.00,128.22,0.00,0.00
O-006209,2025-08-24,S-05,หน้าร้าน,P-202,3,360.00,0.00,360.00,23.55,0.00,0.00
O-006210,2025-08-24,S-90,ออนไลน์,P-101,1,35.00,0.00,35.00,2.29,35.00,0.00
O-006211,2025-08-24,S-01,หน้าร้าน,P-103,1,45.00,0.00,45.00,2.94,0.00,0.00
O-006212,2025-08-24,S-05,หน้าร้าน,P-101,1,35.00,7.00,28.00,1.83,0.00,0.00
O-006213,2025-08-24,S-04,หน้าร้าน,P-202,1,120.00,0.00,120.00,7.85,0.00,0.00
O-006214,2025-08-24,S-04,หน้าร้าน,P-302,1,3890.00,389.00,3501.00,229.04,0.00,0.00
O-006215,2025-08-24,S-90,ออนไลน์,P-301,1,2450.00,0.00,2450.00,160.28,35.00,0.00
O-006216,2025-08-24,S-05,หน้าร้าน,P-102,2,56.00,0.00,56.00,3.66,0.00,0.00
O-006217,2025-08-24,S-04,หน้าร้าน,P-102,1,28.00,5.60,22.40,1.47,0.00,0.00
O-006218,2025-08-24,S-03,หน้าร้าน,P-101,1,35.00,0.00,35.00,2.29,0.00,0.00
O-006219,2025-08-25,S-02,หน้าร้าน,P-102,1,28.00,0.00,28.00,1.83,0.00,0.00
O-006220,2025-08-25,S-90,ออนไลน์,P-201,1,95.00,0.00,95.00,6.21,80.00,0.00
O-006221,2025-08-25,S-02,หน้าร้าน,P-202,1,120.00,0.00,120.00,7.85,0.00,0.00
O-006222,2025-08-25,S-01,หน้าร้าน,P-302,1,3890.00,0.00,3890.00,254.49,0.00,0.00
O-006223,2025-08-25,S-90,ออนไลน์,P-102,2,56.00,2.80,53.20,3.48,80.00,0.00
O-006224,2025-08-25,S-02,หน้าร้าน,P-102,1,28.00,0.00,28.00,1.83,0.00,0.00
O-006225,2025-08-25,S-90,ออนไลน์,P-201,2,190.00,0.00,190.00,12.43,50.00,0.00
O-006226,2025-08-25,S-04,หน้าร้าน,P-302,1,3890.00,389.00,3501.00,229.04,0.00,0.00
O-006227,2025-08-25,S-90,ออนไลน์,P-301,5,12250.00,1225.00,11025.00,721.26,35.00,0.00
O-006228,2025-08-25,S-04,หน้าร้าน,P-201,5,475.00,47.50,427.50,27.97,0.00,0.00
O-006229,2025-08-25,S-01,หน้าร้าน,P-302,2,7780.00,389.00,7391.00,483.52,0.00,0.00
O-006230,2025-08-25,S-02,หน้าร้าน,P-202,1,120.00,24.00,96.00,6.28,0.00,0.00
O-006231,2025-08-25,S-04,หน้าร้าน,P-301,1,2450.00,0.00,2450.00,160.28,0.00,0.00
O-006232,2025-08-25,S-01,หน้าร้าน,P-102,1,28.00,2.80,25.20,1.65,0.00,0.00
O-006233,2025-08-25,S-04,หน้าร้าน,P-102,1,28.00,2.80,25.20,1.65,0.00,0.00
O-006234,2025-08-25,S-01,หน้าร้าน,P-101,1,35.00,7.00,28.00,1.83,0.00,0.00
O-006235,2025-08-25,S-04,หน้าร้าน,P-101,2,70.00,7.00,63.00,4.12,0.00,0.00
O-006236,2025-08-25,S-01,หน้าร้าน,P-301,1,2450.00,0.00,2450.00,160.28,0.00,0.00
O-006237,2025-08-25,S-05,หน้าร้าน,P-201,2,190.00,0.00,190.00,12.43,0.00,0.00
O-006238,2025-08-25,S-06,หน้าร้าน,P-201,1,95.00,0.00,95.00,6.21,0.00,0.00
O-006239,2025-08-25,S-03,หน้าร้าน,P-201,1,95.00,0.00,95.00,6.21,0.00,0.00
O-006240,2025-08-25,S-04,หน้าร้าน,P-203,1,75.00,0.00,75.00,4.91,0.00,0.00
O-006241,2025-08-25,S-02,หน้าร้าน,P-301,1,2450.00,0.00,2450.00,160.28,0.00,0.00
O-006242,2025-08-25,S-90,ออนไลน์,P-201,2,190.00,0.00,190.00,12.43,80.00,0.00
O-006243,2025-08-25,S-90,ออนไลน์,P-301,2,4900.00,0.00,4900.00,320.56,80.00,0.00
O-006244,2025-08-25,S-02,หน้าร้าน,P-302,3,11670.00,2334.00,9336.00,610.77,0.00,0.00
O-006245,2025-08-25,S-01,หน้าร้าน,P-302,1,3890.00,389.00,3501.00,229.04,0.00,0.00
O-006246,2025-08-25,S-02,หน้าร้าน,P-103,1,45.00,9.00,36.00,2.36,0.00,0.00
O-006247,2025-08-25,S-02,หน้าร้าน,P-101,2,70.00,7.00,63.00,4.12,0.00,0.00
O-006248,2025-08-25,S-02,หน้าร้าน,P-102,1,28.00,2.80,25.20,1.65,0.00,0.00
O-006249,2025-08-26,S-02,หน้าร้าน,P-301,1,2450.00,122.50,2327.50,152.27,0.00,0.00
O-006250,2025-08-26,S-01,หน้าร้าน,P-102,1,28.00,0.00,28.00,1.83,0.00,0.00
O-006251,2025-08-26,S-05,หน้าร้าน,P-103,5,225.00,45.00,180.00,11.78,0.00,0.00
O-006252,2025-08-26,S-02,หน้าร้าน,P-101,1,35.00,0.00,35.00,2.29,0.00,0.00
O-006253,2025-08-26,S-06,หน้าร้าน,P-202,1,120.00,24.00,96.00,6.28,0.00,0.00
O-006254,2025-08-26,S-06,หน้าร้าน,P-202,1,120.00,0.00,120.00,7.85,0.00,0.00
O-006255,2025-08-26,S-02,หน้าร้าน,P-201,1,95.00,4.75,90.25,5.90,0.00,0.00
O-006256,2025-08-26,S-06,หน้าร้าน,P-301,2,4900.00,0.00,4900.00,320.56,0.00,0.00
O-006257,2025-08-26,S-04,หน้าร้าน,P-201,2,190.00,0.00,190.00,12.43,0.00,0.00
O-006258,2025-08-26,S-01,หน้าร้าน,P-301,1,2450.00,0.00,2450.00,160.28,0.00,0.00
O-006259,2025-08-26,S-90,ออนไลน์,P-102,1,28.00,2.80,25.20,1.65,35.00,0.00
O-006260,2025-08-26,S-90,ออนไลน์,P-103,2,90.00,0.00,90.00,5.89,0.00,0.00
O-006261,2025-08-26,S-04,หน้าร้าน,P-302,1,3890.00,0.00,3890.00,254.49,0.00,0.00
O-006262,2025-08-26,S-05,หน้าร้าน,P-301,2,4900.00,245.00,4655.00,304.53,0.00,0.00
O-006263,2025-08-26,S-90,ออนไลน์,P-202,1,120.00,0.00,120.00,7.85,0.00,0.00
O-006264,2025-08-26,S-02,หน้าร้าน,P-302,2,7780.00,1556.00,6224.00,407.18,0.00,0.00
O-006265,2025-08-26,S-05,หน้าร้าน,P-203,1,75.00,0.00,75.00,4.91,0.00,75.00
O-006266,2025-08-26,S-90,ออนไลน์,P-102,1,28.00,5.60,22.40,1.47,80.00,0.00
O-006267,2025-08-26,S-03,หน้าร้าน,P-103,1,45.00,9.00,36.00,2.36,0.00,0.00
O-006268,2025-08-26,S-05,หน้าร้าน,P-103,3,135.00,27.00,108.00,7.07,0.00,0.00
O-006269,2025-08-26,S-90,ออนไลน์,P-103,1,45.00,9.00,36.00,2.36,50.00,0.00
O-006270,2025-08-26,S-01,หน้าร้าน,P-102,1,28.00,1.40,26.60,1.74,0.00,0.00
O-006271,2025-08-26,S-06,หน้าร้าน,P-302,1,3890.00,0.00,3890.00,254.49,0.00,0.00
O-006272,2025-08-26,S-01,หน้าร้าน,P-302,3,11670.00,0.00,11670.00,763.46,0.00,0.00
O-006273,2025-08-26,S-90,ออนไลน์,P-203,1,75.00,0.00,75.00,4.91,50.00,0.00
O-006274,2025-08-26,S-05,หน้าร้าน,P-101,1,35.00,0.00,35.00,2.29,0.00,0.00
O-006275,2025-08-26,S-90,ออนไลน์,P-301,1,2450.00,0.00,2450.00,160.28,50.00,0.00
O-006276,2025-08-26,S-02,หน้าร้าน,P-202,2,240.00,48.00,192.00,12.56,0.00,0.00
O-006277,2025-08-26,S-90,ออนไลน์,P-302,1,3890.00,778.00,3112.00,203.59,50.00,0.00
O-006278,2025-08-26,S-01,หน้าร้าน,P-203,3,225.00,11.25,213.75,13.98,0.00,0.00
O-006279,2025-08-26,S-06,หน้าร้าน,P-102,3,84.00,16.80,67.20,4.40,0.00,0.00
O-006280,2025-08-27,S-01,หน้าร้าน,P-201,2,190.00,19.00,171.00,11.19,0.00,0.00
O-006281,2025-08-27,S-03,หน้าร้าน,P-102,2,56.00,5.60,50.40,3.30,0.00,0.00
O-006282,2025-08-27,S-02,หน้าร้าน,P-301,2,4900.00,980.00,3920.00,256.45,0.00,0.00
O-006283,2025-08-27,S-90,ออนไลน์,P-101,1,35.00,0.00,35.00,2.29,35.00,0.00
O-006284,2025-08-27,S-01,หน้าร้าน,P-103,1,45.00,9.00,36.00,2.36,0.00,0.00
O-006285,2025-08-27,S-01,หน้าร้าน,P-201,2,190.00,0.00,190.00,12.43,0.00,0.00
O-006286,2025-08-27,S-06,หน้าร้าน,P-202,1,120.00,6.00,114.00,7.46,0.00,0.00
O-006287,2025-08-27,S-90,ออนไลน์,P-302,1,3890.00,389.00,3501.00,229.04,50.00,0.00
O-006288,2025-08-27,S-01,หน้าร้าน,P-301,2,4900.00,0.00,4900.00,320.56,0.00,0.00
O-006289,2025-08-27,S-06,หน้าร้าน,P-301,1,2450.00,122.50,2327.50,152.27,0.00,0.00
O-006290,2025-08-27,S-06,หน้าร้าน,P-103,1,45.00,9.00,36.00,2.36,0.00,0.00
O-006291,2025-08-27,S-06,หน้าร้าน,P-302,1,3890.00,0.00,3890.00,254.49,0.00,0.00
O-006292,2025-08-27,S-90,ออนไลน์,P-203,1,75.00,3.75,71.25,4.66,50.00,0.00
O-006293,2025-08-27,S-02,หน้าร้าน,P-302,5,19450.00,0.00,19450.00,1272.43,0.00,0.00
O-006294,2025-08-27,S-90,ออนไลน์,P-102,1,28.00,5.60,22.40,1.47,50.00,0.00
O-006295,2025-08-27,S-06,หน้าร้าน,P-203,1,75.00,7.50,67.50,4.42,0.00,0.00
O-006296,2025-08-27,S-01,หน้าร้าน,P-203,5,375.00,0.00,375.00,24.53,0.00,0.00
O-006297,2025-08-27,S-05,หน้าร้าน,P-203,3,225.00,0.00,225.00,14.72,0.00,0.00
O-006298,2025-08-27,S-03,หน้าร้าน,P-301,2,4900.00,245.00,4655.00,304.53,0.00,0.00
O-006299,2025-08-27,S-01,หน้าร้าน,P-203,3,225.00,11.25,213.75,13.98,0.00,0.00
O-006300,2025-08-27,S-01,หน้าร้าน,P-103,1,45.00,0.00,45.00,2.94,0.00,0.00
O-006301,2025-08-27,S-90,ออนไลน์,P-102,2,56.00,11.20,44.80,2.93,50.00,0.00
O-006302,2025-08-28,S-01,หน้าร้าน,P-301,2,4900.00,0.00,4900.00,320.56,0.00,0.00
O-006303,2025-08-28,S-04,หน้าร้าน,P-101,1,35.00,7.00,28.00,1.83,0.00,0.00
O-006304,2025-08-28,S-06,หน้าร้าน,P-301,1,2450.00,122.50,2327.50,152.27,0.00,0.00
O-006305,2025-08-28,S-06,หน้าร้าน,P-302,5,19450.00,0.00,19450.00,1272.43,0.00,0.00
O-006306,2025-08-28,S-01,หน้าร้าน,P-301,1,2450.00,490.00,1960.00,128.22,0.00,0.00
O-006307,2025-08-28,S-05,หน้าร้าน,P-102,2,56.00,11.20,44.80,2.93,0.00,0.00
O-006308,2025-08-28,S-06,หน้าร้าน,P-202,3,360.00,0.00,360.00,23.55,0.00,0.00
O-006309,2025-08-28,S-02,หน้าร้าน,P-301,2,4900.00,980.00,3920.00,256.45,0.00,0.00
O-006310,2025-08-28,S-05,หน้าร้าน,P-101,3,105.00,0.00,105.00,6.87,0.00,0.00
O-006311,2025-08-28,S-06,หน้าร้าน,P-103,1,45.00,4.50,40.50,2.65,0.00,0.00
O-006312,2025-08-28,S-06,หน้าร้าน,P-301,2,4900.00,0.00,4900.00,320.56,0.00,0.00
O-006313,2025-08-28,S-05,หน้าร้าน,P-102,3,84.00,0.00,84.00,5.50,0.00,0.00
O-006314,2025-08-28,S-01,หน้าร้าน,P-103,1,45.00,0.00,45.00,2.94,0.00,0.00
O-006315,2025-08-28,S-04,หน้าร้าน,P-101,3,105.00,10.50,94.50,6.18,0.00,0.00
O-006316,2025-08-28,S-06,หน้าร้าน,P-103,1,45.00,9.00,36.00,2.36,0.00,0.00
O-006317,2025-08-28,S-02,หน้าร้าน,P-302,1,3890.00,194.50,3695.50,241.76,0.00,0.00
O-006318,2025-08-28,S-03,หน้าร้าน,P-301,2,4900.00,490.00,4410.00,288.50,0.00,0.00
O-006319,2025-08-28,S-02,หน้าร้าน,P-102,1,28.00,1.40,26.60,1.74,0.00,0.00
O-006320,2025-08-28,S-02,หน้าร้าน,P-202,1,120.00,0.00,120.00,7.85,0.00,0.00
O-006321,2025-08-28,S-05,หน้าร้าน,P-102,3,84.00,16.80,67.20,4.40,0.00,0.00
O-006322,2025-08-28,S-02,หน้าร้าน,P-203,1,75.00,0.00,75.00,4.91,0.00,0.00
O-006323,2025-08-28,S-02,หน้าร้าน,P-103,1,45.00,4.50,40.50,2.65,0.00,0.00
O-006324,2025-08-28,S-02,หน้าร้าน,P-301,1,2450.00,0.00,2450.00,160.28,0.00,0.00
O-006325,2025-08-28,S-04,หน้าร้าน,P-203,2,150.00,30.00,120.00,7.85,0.00,0.00
O-006326,2025-08-28,S-90,ออนไลน์,P-302,3,11670.00,0.00,11670.00,763.46,80.00,0.00
O-006327,2025-08-28,S-04,หน้าร้าน,P-202,1,120.00,0.00,120.00,7.85,0.00,0.00
O-006328,2025-08-28,S-02,หน้าร้าน,P-202,1,120.00,12.00,108.00,7.07,0.00,108.00
O-006329,2025-08-28,S-03,หน้าร้าน,P-203,2,150.00,30.00,120.00,7.85,0.00,0.00
O-006330,2025-08-28,S-03,หน้าร้าน,P-203,3,225.00,0.00,225.00,14.72,0.00,0.00
O-006331,2025-08-29,S-03,หน้าร้าน,P-101,1,35.00,0.00,35.00,2.29,0.00,0.00
O-006332,2025-08-29,S-02,หน้าร้าน,P-302,1,3890.00,778.00,3112.00,203.59,0.00,0.00
O-006333,2025-08-29,S-04,หน้าร้าน,P-102,2,56.00,2.80,53.20,3.48,0.00,0.00
O-006334,2025-08-29,S-05,หน้าร้าน,P-202,3,360.00,0.00,360.00,23.55,0.00,0.00
O-006335,2025-08-29,S-02,หน้าร้าน,P-301,1,2450.00,490.00,1960.00,128.22,0.00,0.00
O-006336,2025-08-29,S-90,ออนไลน์,P-202,1,120.00,12.00,108.00,7.07,50.00,0.00
O-006337,2025-08-29,S-90,ออนไลน์,P-202,1,120.00,24.00,96.00,6.28,0.00,0.00
O-006338,2025-08-29,S-90,ออนไลน์,P-102,2,56.00,0.00,56.00,3.66,35.00,0.00
O-006339,2025-08-29,S-05,หน้าร้าน,P-201,3,285.00,0.00,285.00,18.64,0.00,0.00
O-006340,2025-08-29,S-90,ออนไลน์,P-202,1,120.00,24.00,96.00,6.28,0.00,0.00
O-006341,2025-08-29,S-05,หน้าร้าน,P-301,3,7350.00,0.00,7350.00,480.84,0.00,0.00
O-006342,2025-08-29,S-06,หน้าร้าน,P-102,3,84.00,0.00,84.00,5.50,0.00,0.00
O-006343,2025-08-29,S-01,หน้าร้าน,P-302,2,7780.00,389.00,7391.00,483.52,0.00,0.00
O-006344,2025-08-29,S-04,หน้าร้าน,P-103,1,45.00,2.25,42.75,2.80,0.00,0.00
O-006345,2025-08-29,S-03,หน้าร้าน,P-302,5,19450.00,0.00,19450.00,1272.43,0.00,0.00
O-006346,2025-08-29,S-90,ออนไลน์,P-203,2,150.00,30.00,120.00,7.85,80.00,0.00
O-006347,2025-08-29,S-90,ออนไลน์,P-301,2,4900.00,490.00,4410.00,288.50,0.00,0.00
O-006348,2025-08-29,S-04,หน้าร้าน,P-102,1,28.00,0.00,28.00,1.83,0.00,0.00
O-006349,2025-08-30,S-04,หน้าร้าน,P-203,2,150.00,7.50,142.50,9.32,0.00,0.00
O-006350,2025-08-30,S-03,หน้าร้าน,P-101,1,35.00,1.75,33.25,2.18,0.00,0.00
O-006351,2025-08-30,S-03,หน้าร้าน,P-202,1,120.00,12.00,108.00,7.07,0.00,0.00
O-006352,2025-08-30,S-04,หน้าร้าน,P-101,3,105.00,0.00,105.00,6.87,0.00,0.00
O-006353,2025-08-30,S-90,ออนไลน์,P-201,1,95.00,9.50,85.50,5.59,80.00,0.00
O-006354,2025-08-30,S-01,หน้าร้าน,P-102,1,28.00,0.00,28.00,1.83,0.00,0.00
O-006355,2025-08-30,S-06,หน้าร้าน,P-302,2,7780.00,389.00,7391.00,483.52,0.00,0.00
O-006356,2025-08-30,S-04,หน้าร้าน,P-202,2,240.00,48.00,192.00,12.56,0.00,0.00
O-006357,2025-08-30,S-05,หน้าร้าน,P-102,3,84.00,8.40,75.60,4.95,0.00,0.00
O-006358,2025-08-30,S-02,หน้าร้าน,P-301,2,4900.00,0.00,4900.00,320.56,0.00,0.00
O-006359,2025-08-30,S-01,หน้าร้าน,P-101,2,70.00,0.00,70.00,4.58,0.00,0.00
O-006360,2025-08-30,S-90,ออนไลน์,P-302,2,7780.00,0.00,7780.00,508.97,0.00,0.00
O-006361,2025-08-30,S-90,ออนไลน์,P-301,1,2450.00,0.00,2450.00,160.28,0.00,0.00
O-006362,2025-08-30,S-90,ออนไลน์,P-203,1,75.00,3.75,71.25,4.66,0.00,0.00
O-006363,2025-08-30,S-05,หน้าร้าน,P-101,3,105.00,10.50,94.50,6.18,0.00,0.00
O-006364,2025-08-30,S-05,หน้าร้าน,P-103,1,45.00,9.00,36.00,2.36,0.00,0.00
O-006365,2025-08-30,S-04,หน้าร้าน,P-102,1,28.00,1.40,26.60,1.74,0.00,0.00
O-006366,2025-08-30,S-90,ออนไลน์,P-201,2,190.00,0.00,190.00,12.43,0.00,0.00
O-006367,2025-08-30,S-06,หน้าร้าน,P-101,2,70.00,0.00,70.00,4.58,0.00,0.00
O-006368,2025-08-30,S-01,หน้าร้าน,P-302,5,19450.00,0.00,19450.00,1272.43,0.00,0.00
O-006369,2025-08-30,S-01,หน้าร้าน,P-102,1,28.00,0.00,28.00,1.83,0.00,0.00
O-006370,2025-08-30,S-05,หน้าร้าน,P-103,2,90.00,0.00,90.00,5.89,0.00,0.00
O-006371,2025-08-30,S-03,หน้าร้าน,P-302,1,3890.00,778.00,3112.00,203.59,0.00,0.00
O-006372,2025-08-30,S-04,หน้าร้าน,P-301,2,4900.00,245.00,4655.00,304.53,0.00,0.00
O-006373,2025-08-30,S-03,หน้าร้าน,P-103,5,225.00,45.00,180.00,11.78,0.00,0.00
O-006374,2025-08-30,S-90,ออนไลน์,P-103,1,45.00,2.25,42.75,2.80,35.00,0.00
O-006375,2025-08-30,S-01,หน้าร้าน,P-103,1,45.00,0.00,45.00,2.94,0.00,0.00
O-006376,2025-08-30,S-90,ออนไลน์,P-103,1,45.00,0.00,45.00,2.94,0.00,0.00
O-006377,2025-08-31,S-06,หน้าร้าน,P-103,3,135.00,27.00,108.00,7.07,0.00,0.00
O-006378,2025-08-31,S-05,หน้าร้าน,P-301,2,4900.00,490.00,4410.00,288.50,0.00,0.00
O-006379,2025-08-31,S-06,หน้าร้าน,P-102,2,56.00,5.60,50.40,3.30,0.00,0.00
O-006380,2025-08-31,S-06,หน้าร้าน,P-301,2,4900.00,0.00,4900.00,320.56,0.00,0.00
O-006381,2025-08-31,S-05,หน้าร้าน,P-103,1,45.00,4.50,40.50,2.65,0.00,0.00
O-006382,2025-08-31,S-02,หน้าร้าน,P-103,1,45.00,4.50,40.50,2.65,0.00,0.00
O-006383,2025-08-31,S-04,หน้าร้าน,P-301,3,7350.00,735.00,6615.00,432.76,0.00,0.00
O-006384,2025-08-31,S-04,หน้าร้าน,P-301,1,2450.00,122.50,2327.50,152.27,0.00,0.00
O-006385,2025-08-31,S-01,หน้าร้าน,P-201,3,285.00,0.00,285.00,18.64,0.00,0.00
O-006386,2025-08-31,S-03,หน้าร้าน,P-302,1,3890.00,0.00,3890.00,254.49,0.00,0.00
O-006387,2025-08-31,S-06,หน้าร้าน,P-203,1,75.00,7.50,67.50,4.42,0.00,0.00
O-006388,2025-08-31,S-90,ออนไลน์,P-203,1,75.00,0.00,75.00,4.91,35.00,0.00
O-006389,2025-08-31,S-06,หน้าร้าน,P-301,1,2450.00,490.00,1960.00,128.22,0.00,0.00
O-006390,2025-08-31,S-01,หน้าร้าน,P-203,1,75.00,0.00,75.00,4.91,0.00,0.00
O-006391,2025-08-31,S-02,หน้าร้าน,P-102,1,28.00,1.40,26.60,1.74,0.00,0.00
O-006392,2025-08-31,S-03,หน้าร้าน,P-302,1,3890.00,0.00,3890.00,254.49,0.00,0.00
O-006393,2025-08-31,S-04,หน้าร้าน,P-102,2,56.00,2.80,53.20,3.48,0.00,0.00
O-006394,2025-08-31,S-90,ออนไลน์,P-103,1,45.00,4.50,40.50,2.65,0.00,0.00
O-006395,2025-08-31,S-02,หน้าร้าน,P-101,2,70.00,0.00,70.00,4.58,0.00,0.00
O-006396,2025-08-31,S-06,หน้าร้าน,P-101,3,105.00,0.00,105.00,6.87,0.00,0.00
O-006397,2025-09-01,S-90,ออนไลน์,P-203,1,75.00,15.00,60.00,3.93,50.00,0.00
O-006398,2025-09-01,S-06,หน้าร้าน,P-103,1,45.00,4.50,40.50,2.65,0.00,0.00
O-006399,2025-09-01,S-03,หน้าร้าน,P-302,1,3890.00,778.00,3112.00,203.59,0.00,0.00
O-006400,2025-09-01,S-03,หน้าร้าน,P-203,1,75.00,7.50,67.50,4.42,0.00,0.00
O-006401,2025-09-01,S-90,ออนไลน์,P-202,1,120.00,24.00,96.00,6.28,35.00,0.00
O-006402,2025-09-01,S-01,หน้าร้าน,P-301,2,4900.00,0.00,4900.00,320.56,0.00,0.00
O-006403,2025-09-01,S-04,หน้าร้าน,P-103,1,45.00,0.00,45.00,2.94,0.00,0.00
O-006404,2025-09-01,S-06,หน้าร้าน,P-201,1,95.00,0.00,95.00,6.21,0.00,0.00
O-006405,2025-09-01,S-05,หน้าร้าน,P-101,2,70.00,3.50,66.50,4.35,0.00,0.00
O-006406,2025-09-01,S-05,หน้าร้าน,P-102,1,28.00,2.80,25.20,1.65,0.00,0.00
O-006407,2025-09-01,S-01,หน้าร้าน,P-101,2,70.00,14.00,56.00,3.66,0.00,0.00
O-006408,2025-09-01,S-02,หน้าร้าน,P-201,1,95.00,9.50,85.50,5.59,0.00,0.00
O-006409,2025-09-01,S-03,หน้าร้าน,P-102,1,28.00,5.60,22.40,1.47,0.00,0.00
O-006410,2025-09-01,S-04,หน้าร้าน,P-202,3,360.00,18.00,342.00,22.37,0.00,0.00
O-006411,2025-09-01,S-01,หน้าร้าน,P-101,1,35.00,0.00,35.00,2.29,0.00,0.00
O-006412,2025-09-01,S-01,หน้าร้าน,P-101,3,105.00,21.00,84.00,5.50,0.00,0.00
O-006413,2025-09-01,S-02,หน้าร้าน,P-103,1,45.00,4.50,40.50,2.65,0.00,0.00
O-006414,2025-09-01,S-04,หน้าร้าน,P-103,2,90.00,0.00,90.00,5.89,0.00,0.00
O-006415,2025-09-02,S-04,หน้าร้าน,P-202,2,240.00,12.00,228.00,14.92,0.00,0.00
O-006416,2025-09-02,S-02,หน้าร้าน,P-203,1,75.00,3.75,71.25,4.66,0.00,0.00
O-006417,2025-09-02,S-04,หน้าร้าน,P-302,1,3890.00,0.00,3890.00,254.49,0.00,0.00
O-006418,2025-09-02,S-01,หน้าร้าน,P-101,2,70.00,3.50,66.50,4.35,0.00,0.00
O-006419,2025-09-02,S-01,หน้าร้าน,P-201,1,95.00,19.00,76.00,4.97,0.00,0.00
O-006420,2025-09-02,S-02,หน้าร้าน,P-202,3,360.00,72.00,288.00,18.84,0.00,0.00
O-006421,2025-09-02,S-04,หน้าร้าน,P-101,2,70.00,0.00,70.00,4.58,0.00,0.00
O-006422,2025-09-02,S-05,หน้าร้าน,P-101,5,175.00,8.75,166.25,10.88,0.00,0.00
O-006423,2025-09-02,S-05,หน้าร้าน,P-202,1,120.00,24.00,96.00,6.28,0.00,0.00
O-006424,2025-09-02,S-01,หน้าร้าน,P-101,1,35.00,1.75,33.25,2.18,0.00,0.00
O-006425,2025-09-02,S-05,หน้าร้าน,P-102,1,28.00,2.80,25.20,1.65,0.00,0.00
O-006426,2025-09-02,S-05,หน้าร้าน,P-301,3,7350.00,735.00,6615.00,432.76,0.00,0.00
O-006427,2025-09-02,S-06,หน้าร้าน,P-302,1,3890.00,778.00,3112.00,203.59,0.00,0.00
O-006428,2025-09-02,S-02,หน้าร้าน,P-101,1,35.00,7.00,28.00,1.83,0.00,0.00
O-006429,2025-09-02,S-02,หน้าร้าน,P-101,2,70.00,7.00,63.00,4.12,0.00,0.00
O-006430,2025-09-02,S-90,ออนไลน์,P-203,1,75.00,0.00,75.00,4.91,50.00,0.00
O-006431,2025-09-02,S-06,หน้าร้าน,P-101,1,35.00,3.50,31.50,2.06,0.00,0.00
O-006432,2025-09-02,S-04,หน้าร้าน,P-301,3,7350.00,367.50,6982.50,456.80,0.00,0.00
O-006433,2025-09-02,S-04,หน้าร้าน,P-203,5,375.00,0.00,375.00,24.53,0.00,0.00
O-006434,2025-09-02,S-03,หน้าร้าน,P-103,2,90.00,9.00,81.00,5.30,0.00,0.00
O-006435,2025-09-02,S-06,หน้าร้าน,P-101,2,70.00,0.00,70.00,4.58,0.00,70.00
O-006436,2025-09-02,S-02,หน้าร้าน,P-203,1,75.00,0.00,75.00,4.91,0.00,0.00
O-006437,2025-09-02,S-03,หน้าร้าน,P-102,1,28.00,0.00,28.00,1.83,0.00,0.00
O-006438,2025-09-02,S-02,หน้าร้าน,P-103,1,45.00,2.25,42.75,2.80,0.00,0.00
O-006439,2025-09-02,S-03,หน้าร้าน,P-302,3,11670.00,583.50,11086.50,725.29,0.00,0.00
O-006440,2025-09-02,S-04,หน้าร้าน,P-101,1,35.00,0.00,35.00,2.29,0.00,0.00
O-006441,2025-09-02,S-06,หน้าร้าน,P-101,2,70.00,7.00,63.00,4.12,0.00,0.00
O-006442,2025-09-02,S-02,หน้าร้าน,P-301,1,2450.00,490.00,1960.00,128.22,0.00,0.00
O-006443,2025-09-03,S-90,ออนไลน์,P-301,1,2450.00,490.00,1960.00,128.22,0.00,0.00
O-006444,2025-09-03,S-01,หน้าร้าน,P-101,2,70.00,0.00,70.00,4.58,0.00,0.00
O-006445,2025-09-03,S-90,ออนไลน์,P-202,1,120.00,24.00,96.00,6.28,50.00,0.00
O-006446,2025-09-03,S-05,หน้าร้าน,P-103,2,90.00,4.50,85.50,5.59,0.00,0.00
O-006447,2025-09-03,S-06,หน้าร้าน,P-103,1,45.00,4.50,40.50,2.65,0.00,0.00
O-006448,2025-09-03,S-01,หน้าร้าน,P-102,2,56.00,5.60,50.40,3.30,0.00,0.00
O-006449,2025-09-03,S-02,หน้าร้าน,P-201,3,285.00,0.00,285.00,18.64,0.00,0.00
O-006450,2025-09-03,S-03,หน้าร้าน,P-202,3,360.00,18.00,342.00,22.37,0.00,0.00
O-006451,2025-09-03,S-06,หน้าร้าน,P-102,1,28.00,0.00,28.00,1.83,0.00,0.00
O-006452,2025-09-03,S-03,หน้าร้าน,P-201,1,95.00,9.50,85.50,5.59,0.00,0.00
O-006453,2025-09-03,S-06,หน้าร้าน,P-102,1,28.00,0.00,28.00,1.83,0.00,0.00
O-006454,2025-09-03,S-06,หน้าร้าน,P-102,2,56.00,2.80,53.20,3.48,0.00,0.00
O-006455,2025-09-03,S-05,หน้าร้าน,P-103,1,45.00,4.50,40.50,2.65,0.00,0.00
O-006456,2025-09-03,S-01,หน้าร้าน,P-301,5,12250.00,612.50,11637.50,761.33,0.00,0.00
O-006457,2025-09-03,S-02,หน้าร้าน,P-103,5,225.00,45.00,180.00,11.78,0.00,0.00
O-006458,2025-09-03,S-03,หน้าร้าน,P-101,2,70.00,14.00,56.00,3.66,0.00,0.00
O-006459,2025-09-03,S-04,หน้าร้าน,P-202,2,240.00,0.00,240.00,15.70,0.00,0.00
O-006460,2025-09-03,S-03,หน้าร้าน,P-302,1,3890.00,0.00,3890.00,254.49,0.00,0.00
O-006461,2025-09-03,S-02,หน้าร้าน,P-103,1,45.00,9.00,36.00,2.36,0.00,0.00
O-006462,2025-09-03,S-03,หน้าร้าน,P-102,3,84.00,8.40,75.60,4.95,0.00,0.00
O-006463,2025-09-03,S-02,หน้าร้าน,P-203,2,150.00,0.00,150.00,9.81,0.00,0.00
O-006464,2025-09-03,S-01,หน้าร้าน,P-201,1,95.00,0.00,95.00,6.21,0.00,0.00
O-006465,2025-09-03,S-03,หน้าร้าน,P-202,3,360.00,18.00,342.00,22.37,0.00,0.00
O-006466,2025-09-03,S-90,ออนไลน์,P-203,2,150.00,0.00,150.00,9.81,0.00,0.00
O-006467,2025-09-03,S-06,หน้าร้าน,P-202,3,360.00,0.00,360.00,23.55,0.00,0.00
O-006468,2025-09-03,S-01,หน้าร้าน,P-302,1,3890.00,389.00,3501.00,229.04,0.00,0.00
O-006469,2025-09-03,S-02,หน้าร้าน,P-202,1,120.00,0.00,120.00,7.85,0.00,0.00
O-006470,2025-09-03,S-90,ออนไลน์,P-103,2,90.00,4.50,85.50,5.59,80.00,0.00
O-006471,2025-09-03,S-90,ออนไลน์,P-203,1,75.00,15.00,60.00,3.93,0.00,0.00
O-006472,2025-09-03,S-02,หน้าร้าน,P-202,1,120.00,0.00,120.00,7.85,0.00,0.00
O-006473,2025-09-03,S-06,หน้าร้าน,P-203,1,75.00,0.00,75.00,4.91,0.00,0.00
O-006474,2025-09-03,S-02,หน้าร้าน,P-202,2,240.00,0.00,240.00,15.70,0.00,0.00
O-006475,2025-09-03,S-05,หน้าร้าน,P-201,3,285.00,0.00,285.00,18.64,0.00,0.00
O-006476,2025-09-03,S-05,หน้าร้าน,P-202,1,120.00,6.00,114.00,7.46,0.00,0.00
O-006477,2025-09-04,S-04,หน้าร้าน,P-202,1,120.00,24.00,96.00,6.28,0.00,0.00
O-006478,2025-09-04,S-04,หน้าร้าน,P-201,2,190.00,0.00,190.00,12.43,0.00,0.00
O-006479,2025-09-04,S-04,หน้าร้าน,P-103,1,45.00,0.00,45.00,2.94,0.00,0.00
O-006480,2025-09-04,S-06,หน้าร้าน,P-201,1,95.00,9.50,85.50,5.59,0.00,0.00
O-006481,2025-09-04,S-02,หน้าร้าน,P-302,1,3890.00,194.50,3695.50,241.76,0.00,0.00
O-006482,2025-09-04,S-01,หน้าร้าน,P-203,1,75.00,3.75,71.25,4.66,0.00,0.00
O-006483,2025-09-04,S-90,ออนไลน์,P-201,1,95.00,9.50,85.50,5.59,0.00,0.00
O-006484,2025-09-04,S-04,หน้าร้าน,P-101,2,70.00,7.00,63.00,4.12,0.00,0.00
O-006485,2025-09-04,S-01,หน้าร้าน,P-301,1,2450.00,490.00,1960.00,128.22,0.00,0.00
O-006486,2025-09-04,S-04,หน้าร้าน,P-103,1,45.00,9.00,36.00,2.36,0.00,0.00
O-006487,2025-09-04,S-02,หน้าร้าน,P-302,3,11670.00,1167.00,10503.00,687.11,0.00,0.00
O-006488,2025-09-04,S-04,หน้าร้าน,P-203,1,75.00,0.00,75.00,4.91,0.00,0.00
O-006489,2025-09-04,S-03,หน้าร้าน,P-202,1,120.00,24.00,96.00,6.28,0.00,0.00
O-006490,2025-09-04,S-01,หน้าร้าน,P-301,1,2450.00,122.50,2327.50,152.27,0.00,0.00
O-006491,2025-09-04,S-02,หน้าร้าน,P-101,2,70.00,0.00,70.00,4.58,0.00,0.00
O-006492,2025-09-04,S-03,หน้าร้าน,P-102,1,28.00,0.00,28.00,1.83,0.00,0.00
O-006493,2025-09-04,S-06,หน้าร้าน,P-201,1,95.00,4.75,90.25,5.90,0.00,0.00
O-006494,2025-09-04,S-06,หน้าร้าน,P-302,1,3890.00,389.00,3501.00,229.04,0.00,0.00
O-006495,2025-09-04,S-01,หน้าร้าน,P-101,1,35.00,7.00,28.00,1.83,0.00,0.00
O-006496,2025-09-04,S-05,หน้าร้าน,P-202,1,120.00,0.00,120.00,7.85,0.00,0.00
O-006497,2025-09-04,S-01,หน้าร้าน,P-202,3,360.00,72.00,288.00,18.84,0.00,0.00
O-006498,2025-09-05,S-03,หน้าร้าน,P-103,2,90.00,0.00,90.00,5.89,0.00,0.00
O-006499,2025-09-05,S-04,หน้าร้าน,P-301,1,2450.00,0.00,2450.00,160.28,0.00,0.00
O-006500,2025-09-05,S-05,หน้าร้าน,P-202,3,360.00,18.00,342.00,22.37,0.00,0.00
O-006501,2025-09-05,S-03,หน้าร้าน,P-202,2,240.00,24.00,216.00,14.13,0.00,0.00
O-006502,2025-09-05,S-90,ออนไลน์,P-101,2,70.00,0.00,70.00,4.58,80.00,0.00
O-006503,2025-09-05,S-04,หน้าร้าน,P-202,2,240.00,0.00,240.00,15.70,0.00,0.00
O-006504,2025-09-05,S-01,หน้าร้าน,P-302,2,7780.00,1556.00,6224.00,407.18,0.00,0.00
O-006505,2025-09-05,S-03,หน้าร้าน,P-103,2,90.00,9.00,81.00,5.30,0.00,0.00
O-006506,2025-09-05,S-05,หน้าร้าน,P-201,1,95.00,9.50,85.50,5.59,0.00,0.00
O-006507,2025-09-05,S-03,หน้าร้าน,P-103,2,90.00,0.00,90.00,5.89,0.00,0.00
O-006508,2025-09-05,S-90,ออนไลน์,P-102,2,56.00,2.80,53.20,3.48,35.00,0.00
O-006509,2025-09-05,S-01,หน้าร้าน,P-103,2,90.00,0.00,90.00,5.89,0.00,0.00
O-006510,2025-09-05,S-05,หน้าร้าน,P-301,1,2450.00,0.00,2450.00,160.28,0.00,0.00
O-006511,2025-09-05,S-04,หน้าร้าน,P-101,2,70.00,14.00,56.00,3.66,0.00,0.00
O-006512,2025-09-05,S-04,หน้าร้าน,P-302,3,11670.00,1167.00,10503.00,687.11,0.00,0.00
O-006513,2025-09-05,S-90,ออนไลน์,P-102,1,28.00,2.80,25.20,1.65,50.00,0.00
O-006514,2025-09-05,S-05,หน้าร้าน,P-201,1,95.00,4.75,90.25,5.90,0.00,0.00
O-006515,2025-09-05,S-06,หน้าร้าน,P-301,1,2450.00,245.00,2205.00,144.25,0.00,0.00
O-006516,2025-09-05,S-04,หน้าร้าน,P-301,1,2450.00,122.50,2327.50,152.27,0.00,0.00
O-006517,2025-09-05,S-04,หน้าร้าน,P-301,2,4900.00,0.00,4900.00,320.56,0.00,0.00
O-006518,2025-09-05,S-90,ออนไลน์,P-302,5,19450.00,1945.00,17505.00,1145.19,50.00,0.00
O-006519,2025-09-05,S-03,หน้าร้าน,P-302,3,11670.00,0.00,11670.00,763.46,0.00,0.00
O-006520,2025-09-05,S-06,หน้าร้าน,P-201,1,95.00,0.00,95.00,6.21,0.00,0.00
O-006521,2025-09-05,S-06,หน้าร้าน,P-302,1,3890.00,778.00,3112.00,203.59,0.00,0.00
O-006522,2025-09-05,S-04,หน้าร้าน,P-101,1,35.00,3.50,31.50,2.06,0.00,0.00
O-006523,2025-09-05,S-01,หน้าร้าน,P-103,1,45.00,0.00,45.00,2.94,0.00,0.00
O-006524,2025-09-05,S-01,หน้าร้าน,P-102,2,56.00,2.80,53.20,3.48,0.00,0.00
O-006525,2025-09-05,S-06,หน้าร้าน,P-101,5,175.00,0.00,175.00,11.45,0.00,0.00
O-006526,2025-09-06,S-03,หน้าร้าน,P-103,1,45.00,9.00,36.00,2.36,0.00,0.00
O-006527,2025-09-06,S-05,หน้าร้าน,P-101,1,35.00,3.50,31.50,2.06,0.00,0.00
O-006528,2025-09-06,S-03,หน้าร้าน,P-202,2,240.00,24.00,216.00,14.13,0.00,0.00
O-006529,2025-09-06,S-03,หน้าร้าน,P-101,1,35.00,0.00,35.00,2.29,0.00,0.00
O-006530,2025-09-06,S-02,หน้าร้าน,P-203,2,150.00,0.00,150.00,9.81,0.00,0.00
O-006531,2025-09-06,S-03,หน้าร้าน,P-203,3,225.00,11.25,213.75,13.98,0.00,0.00
O-006532,2025-09-06,S-02,หน้าร้าน,P-102,1,28.00,0.00,28.00,1.83,0.00,0.00
O-006533,2025-09-06,S-90,ออนไลน์,P-301,1,2450.00,122.50,2327.50,152.27,50.00,0.00
O-006534,2025-09-06,S-02,หน้าร้าน,P-102,1,28.00,5.60,22.40,1.47,0.00,0.00
O-006535,2025-09-06,S-03,หน้าร้าน,P-202,1,120.00,0.00,120.00,7.85,0.00,0.00
O-006536,2025-09-06,S-01,หน้าร้าน,P-103,1,45.00,0.00,45.00,2.94,0.00,0.00
O-006537,2025-09-06,S-06,หน้าร้าน,P-302,1,3890.00,0.00,3890.00,254.49,0.00,0.00
O-006538,2025-09-06,S-02,หน้าร้าน,P-301,5,12250.00,1225.00,11025.00,721.26,0.00,0.00
O-006539,2025-09-06,S-04,หน้าร้าน,P-103,1,45.00,9.00,36.00,2.36,0.00,0.00
O-006540,2025-09-06,S-02,หน้าร้าน,P-202,1,120.00,6.00,114.00,7.46,0.00,0.00
O-006541,2025-09-06,S-03,หน้าร้าน,P-102,2,56.00,11.20,44.80,2.93,0.00,0.00
O-006542,2025-09-06,S-06,หน้าร้าน,P-301,1,2450.00,122.50,2327.50,152.27,0.00,0.00
O-006543,2025-09-06,S-90,ออนไลน์,P-202,1,120.00,0.00,120.00,7.85,0.00,0.00
O-006544,2025-09-06,S-04,หน้าร้าน,P-101,1,35.00,3.50,31.50,2.06,0.00,0.00
O-006545,2025-09-06,S-02,หน้าร้าน,P-302,1,3890.00,194.50,3695.50,241.76,0.00,0.00
O-006546,2025-09-06,S-05,หน้าร้าน,P-201,1,95.00,19.00,76.00,4.97,0.00,0.00
O-006547,2025-09-06,S-03,หน้าร้าน,P-103,1,45.00,4.50,40.50,2.65,0.00,0.00
O-006548,2025-09-07,S-05,หน้าร้าน,P-301,2,4900.00,980.00,3920.00,256.45,0.00,0.00
O-006549,2025-09-07,S-06,หน้าร้าน,P-202,1,120.00,0.00,120.00,7.85,0.00,0.00
O-006550,2025-09-07,S-03,หน้าร้าน,P-301,1,2450.00,0.00,2450.00,160.28,0.00,0.00
O-006551,2025-09-07,S-02,หน้าร้าน,P-201,1,95.00,9.50,85.50,5.59,0.00,0.00
O-006552,2025-09-07,S-01,หน้าร้าน,P-101,1,35.00,1.75,33.25,2.18,0.00,0.00
O-006553,2025-09-07,S-06,หน้าร้าน,P-103,1,45.00,4.50,40.50,2.65,0.00,0.00
O-006554,2025-09-07,S-04,หน้าร้าน,P-102,2,56.00,5.60,50.40,3.30,0.00,0.00
O-006555,2025-09-07,S-03,หน้าร้าน,P-202,3,360.00,0.00,360.00,23.55,0.00,0.00
O-006556,2025-09-07,S-05,หน้าร้าน,P-102,2,56.00,11.20,44.80,2.93,0.00,0.00
O-006557,2025-09-07,S-06,หน้าร้าน,P-302,1,3890.00,0.00,3890.00,254.49,0.00,0.00
O-006558,2025-09-07,S-04,หน้าร้าน,P-302,2,7780.00,389.00,7391.00,483.52,0.00,0.00
O-006559,2025-09-07,S-02,หน้าร้าน,P-202,2,240.00,0.00,240.00,15.70,0.00,0.00
O-006560,2025-09-07,S-02,หน้าร้าน,P-202,1,120.00,24.00,96.00,6.28,0.00,0.00
O-006561,2025-09-07,S-04,หน้าร้าน,P-302,1,3890.00,778.00,3112.00,203.59,0.00,0.00
O-006562,2025-09-07,S-01,หน้าร้าน,P-202,1,120.00,24.00,96.00,6.28,0.00,0.00
O-006563,2025-09-07,S-01,หน้าร้าน,P-101,2,70.00,7.00,63.00,4.12,0.00,0.00
O-006564,2025-09-07,S-90,ออนไลน์,P-102,1,28.00,1.40,26.60,1.74,80.00,0.00
O-006565,2025-09-07,S-04,หน้าร้าน,P-203,2,150.00,0.00,150.00,9.81,0.00,0.00
O-006566,2025-09-07,S-03,หน้าร้าน,P-101,2,70.00,0.00,70.00,4.58,0.00,0.00
O-006567,2025-09-07,S-06,หน้าร้าน,P-202,2,240.00,12.00,228.00,14.92,0.00,0.00
O-006568,2025-09-07,S-05,หน้าร้าน,P-202,1,120.00,24.00,96.00,6.28,0.00,0.00
O-006569,2025-09-08,S-02,หน้าร้าน,P-103,1,45.00,4.50,40.50,2.65,0.00,0.00
O-006570,2025-09-08,S-04,หน้าร้าน,P-202,1,120.00,24.00,96.00,6.28,0.00,0.00
O-006571,2025-09-08,S-06,หน้าร้าน,P-201,5,475.00,23.75,451.25,29.52,0.00,0.00
O-006572,2025-09-08,S-01,หน้าร้าน,P-301,2,4900.00,245.00,4655.00,304.53,0.00,0.00
O-006573,2025-09-08,S-90,ออนไลน์,P-102,2,56.00,0.00,56.00,3.66,0.00,0.00
O-006574,2025-09-08,S-02,หน้าร้าน,P-201,1,95.00,0.00,95.00,6.21,0.00,0.00
O-006575,2025-09-08,S-90,ออนไลน์,P-301,5,12250.00,0.00,12250.00,801.40,35.00,0.00
O-006576,2025-09-08,S-90,ออนไลน์,P-301,1,2450.00,0.00,2450.00,160.28,0.00,0.00
O-006577,2025-09-08,S-03,หน้าร้าน,P-102,1,28.00,0.00,28.00,1.83,0.00,0.00
O-006578,2025-09-08,S-02,หน้าร้าน,P-102,1,28.00,5.60,22.40,1.47,0.00,0.00
O-006579,2025-09-08,S-05,หน้าร้าน,P-201,2,190.00,38.00,152.00,9.94,0.00,0.00
O-006580,2025-09-08,S-03,หน้าร้าน,P-102,1,28.00,1.40,26.60,1.74,0.00,0.00
O-006581,2025-09-08,S-05,หน้าร้าน,P-102,1,28.00,2.80,25.20,1.65,0.00,0.00
O-006582,2025-09-08,S-04,หน้าร้าน,P-102,2,56.00,5.60,50.40,3.30,0.00,0.00
O-006583,2025-09-08,S-90,ออนไลน์,P-101,5,175.00,35.00,140.00,9.16,0.00,0.00
O-006584,2025-09-08,S-06,หน้าร้าน,P-102,1,28.00,2.80,25.20,1.65,0.00,0.00
O-006585,2025-09-08,S-03,หน้าร้าน,P-202,1,120.00,12.00,108.00,7.07,0.00,0.00
O-006586,2025-09-08,S-03,หน้าร้าน,P-102,2,56.00,0.00,56.00,3.66,0.00,0.00
O-006587,2025-09-08,S-02,หน้าร้าน,P-301,1,2450.00,0.00,2450.00,160.28,0.00,0.00
O-006588,2025-09-08,S-01,หน้าร้าน,P-101,1,35.00,0.00,35.00,2.29,0.00,0.00
O-006589,2025-09-08,S-90,ออนไลน์,P-102,1,28.00,1.40,26.60,1.74,50.00,0.00
O-006590,2025-09-08,S-01,หน้าร้าน,P-301,3,7350.00,735.00,6615.00,432.76,0.00,0.00
O-006591,2025-09-08,S-03,หน้าร้าน,P-301,1,2450.00,0.00,2450.00,160.28,0.00,0.00
O-006592,2025-09-08,S-90,ออนไลน์,P-203,3,225.00,22.50,202.50,13.25,0.00,0.00
O-006593,2025-09-08,S-04,หน้าร้าน,P-302,2,7780.00,778.00,7002.00,458.07,0.00,0.00
O-006594,2025-09-08,S-02,หน้าร้าน,P-103,1,45.00,4.50,40.50,2.65,0.00,0.00
O-006595,2025-09-08,S-02,หน้าร้าน,P-103,1,45.00,4.50,40.50,2.65,0.00,0.00
O-006596,2025-09-08,S-90,ออนไลน์,P-203,2,150.00,30.00,120.00,7.85,0.00,0.00
O-006597,2025-09-09,S-06,หน้าร้าน,P-301,1,2450.00,0.00,2450.00,160.28,0.00,0.00
O-006598,2025-09-09,S-05,หน้าร้าน,P-201,5,475.00,0.00,475.00,31.07,0.00,0.00
O-006599,2025-09-09,S-02,หน้าร้าน,P-302,1,3890.00,0.00,3890.00,254.49,0.00,0.00
O-006600,2025-09-09,S-01,หน้าร้าน,P-301,1,2450.00,490.00,1960.00,128.22,0.00,0.00
O-006601,2025-09-09,S-05,หน้าร้าน,P-202,3,360.00,72.00,288.00,18.84,0.00,0.00
O-006602,2025-09-09,S-02,หน้าร้าน,P-203,1,75.00,3.75,71.25,4.66,0.00,0.00
O-006603,2025-09-09,S-04,หน้าร้าน,P-103,2,90.00,9.00,81.00,5.30,0.00,0.00
O-006604,2025-09-09,S-02,หน้าร้าน,P-103,1,45.00,0.00,45.00,2.94,0.00,0.00
O-006605,2025-09-09,S-03,หน้าร้าน,P-101,1,35.00,3.50,31.50,2.06,0.00,0.00
O-006606,2025-09-09,S-90,ออนไลน์,P-302,1,3890.00,0.00,3890.00,254.49,50.00,0.00
O-006607,2025-09-09,S-06,หน้าร้าน,P-203,2,150.00,30.00,120.00,7.85,0.00,120.00
O-006608,2025-09-09,S-03,หน้าร้าน,P-103,2,90.00,4.50,85.50,5.59,0.00,0.00
O-006609,2025-09-09,S-90,ออนไลน์,P-201,1,95.00,19.00,76.00,4.97,50.00,0.00
O-006610,2025-09-09,S-90,ออนไลน์,P-101,5,175.00,0.00,175.00,11.45,35.00,0.00
O-006611,2025-09-09,S-01,หน้าร้าน,P-203,2,150.00,15.00,135.00,8.83,0.00,0.00
O-006612,2025-09-09,S-04,หน้าร้าน,P-102,5,140.00,14.00,126.00,8.24,0.00,0.00
O-006613,2025-09-09,S-03,หน้าร้าน,P-201,1,95.00,4.75,90.25,5.90,0.00,0.00
O-006614,2025-09-09,S-03,หน้าร้าน,P-202,5,600.00,0.00,600.00,39.25,0.00,0.00
O-006615,2025-09-09,S-05,หน้าร้าน,P-301,1,2450.00,245.00,2205.00,144.25,0.00,0.00
O-006616,2025-09-10,S-03,หน้าร้าน,P-203,1,75.00,0.00,75.00,4.91,0.00,0.00
O-006617,2025-09-10,S-05,หน้าร้าน,P-202,1,120.00,24.00,96.00,6.28,0.00,0.00
O-006618,2025-09-10,S-06,หน้าร้าน,P-302,2,7780.00,1556.00,6224.00,407.18,0.00,0.00
O-006619,2025-09-10,S-04,หน้าร้าน,P-202,1,120.00,0.00,120.00,7.85,0.00,0.00
O-006620,2025-09-10,S-04,หน้าร้าน,P-103,2,90.00,18.00,72.00,4.71,0.00,0.00
O-006621,2025-09-10,S-04,หน้าร้าน,P-203,2,150.00,0.00,150.00,9.81,0.00,0.00
O-006622,2025-09-10,S-90,ออนไลน์,P-202,2,240.00,12.00,228.00,14.92,0.00,0.00
O-006623,2025-09-10,S-06,หน้าร้าน,P-103,2,90.00,0.00,90.00,5.89,0.00,0.00
O-006624,2025-09-10,S-01,หน้าร้าน,P-101,1,35.00,0.00,35.00,2.29,0.00,0.00
O-006625,2025-09-10,S-04,หน้าร้าน,P-101,1,35.00,3.50,31.50,2.06,0.00,0.00
O-006626,2025-09-10,S-05,หน้าร้าน,P-203,1,75.00,0.00,75.00,4.91,0.00,0.00
O-006627,2025-09-10,S-90,ออนไลน์,P-102,1,28.00,0.00,28.00,1.83,0.00,0.00
O-006628,2025-09-10,S-90,ออนไลน์,P-102,1,28.00,5.60,22.40,1.47,50.00,0.00
O-006629,2025-09-10,S-01,หน้าร้าน,P-102,1,28.00,0.00,28.00,1.83,0.00,0.00
O-006630,2025-09-10,S-05,หน้าร้าน,P-201,3,285.00,57.00,228.00,14.92,0.00,0.00
O-006631,2025-09-10,S-04,หน้าร้าน,P-203,1,75.00,7.50,67.50,4.42,0.00,0.00
O-006632,2025-09-10,S-02,หน้าร้าน,P-202,1,120.00,6.00,114.00,7.46,0.00,0.00
O-006633,2025-09-10,S-01,หน้าร้าน,P-302,3,11670.00,1167.00,10503.00,687.11,0.00,0.00
O-006634,2025-09-10,S-02,หน้าร้าน,P-103,2,90.00,0.00,90.00,5.89,0.00,0.00
O-006635,2025-09-10,S-06,หน้าร้าน,P-302,3,11670.00,1167.00,10503.00,687.11,0.00,0.00
O-006636,2025-09-11,S-04,หน้าร้าน,P-203,1,75.00,3.75,71.25,4.66,0.00,0.00
O-006637,2025-09-11,S-06,หน้าร้าน,P-203,1,75.00,0.00,75.00,4.91,0.00,0.00
O-006638,2025-09-11,S-90,ออนไลน์,P-302,3,11670.00,0.00,11670.00,763.46,0.00,0.00
O-006639,2025-09-11,S-06,หน้าร้าน,P-101,1,35.00,0.00,35.00,2.29,0.00,0.00
O-006640,2025-09-11,S-90,ออนไลน์,P-102,1,28.00,5.60,22.40,1.47,0.00,0.00
O-006641,2025-09-11,S-01,หน้าร้าน,P-203,1,75.00,3.75,71.25,4.66,0.00,0.00
O-006642,2025-09-11,S-04,หน้าร้าน,P-302,1,3890.00,0.00,3890.00,254.49,0.00,0.00
O-006643,2025-09-11,S-04,หน้าร้าน,P-202,1,120.00,0.00,120.00,7.85,0.00,0.00
O-006644,2025-09-11,S-06,หน้าร้าน,P-302,1,3890.00,194.50,3695.50,241.76,0.00,3695.50
O-006645,2025-09-11,S-04,หน้าร้าน,P-201,2,190.00,9.50,180.50,11.81,0.00,0.00
O-006646,2025-09-11,S-02,หน้าร้าน,P-202,3,360.00,36.00,324.00,21.20,0.00,0.00
O-006647,2025-09-11,S-03,หน้าร้าน,P-201,2,190.00,0.00,190.00,12.43,0.00,0.00
O-006648,2025-09-11,S-05,หน้าร้าน,P-302,1,3890.00,389.00,3501.00,229.04,0.00,0.00
O-006649,2025-09-11,S-01,หน้าร้าน,P-202,2,240.00,24.00,216.00,14.13,0.00,0.00
O-006650,2025-09-11,S-03,หน้าร้าน,P-101,1,35.00,3.50,31.50,2.06,0.00,0.00
O-006651,2025-09-11,S-03,หน้าร้าน,P-302,1,3890.00,389.00,3501.00,229.04,0.00,0.00
O-006652,2025-09-11,S-06,หน้าร้าน,P-102,1,28.00,0.00,28.00,1.83,0.00,0.00
O-006653,2025-09-11,S-90,ออนไลน์,P-201,3,285.00,28.50,256.50,16.78,80.00,0.00
O-006654,2025-09-12,S-90,ออนไลน์,P-102,1,28.00,1.40,26.60,1.74,35.00,26.60
O-006655,2025-09-12,S-03,หน้าร้าน,P-102,2,56.00,0.00,56.00,3.66,0.00,0.00
O-006656,2025-09-12,S-90,ออนไลน์,P-103,1,45.00,4.50,40.50,2.65,35.00,0.00
O-006657,2025-09-12,S-90,ออนไลน์,P-202,2,240.00,0.00,240.00,15.70,0.00,0.00
O-006658,2025-09-12,S-04,หน้าร้าน,P-301,1,2450.00,490.00,1960.00,128.22,0.00,0.00
O-006659,2025-09-12,S-05,หน้าร้าน,P-102,1,28.00,0.00,28.00,1.83,0.00,0.00
O-006660,2025-09-12,S-90,ออนไลน์,P-201,1,95.00,0.00,95.00,6.21,0.00,0.00
O-006661,2025-09-12,S-02,หน้าร้าน,P-101,1,35.00,3.50,31.50,2.06,0.00,0.00
O-006662,2025-09-12,S-04,หน้าร้าน,P-203,1,75.00,3.75,71.25,4.66,0.00,0.00
O-006663,2025-09-12,S-02,หน้าร้าน,P-301,1,2450.00,245.00,2205.00,144.25,0.00,0.00
O-006664,2025-09-12,S-03,หน้าร้าน,P-301,1,2450.00,0.00,2450.00,160.28,0.00,0.00
O-006665,2025-09-12,S-06,หน้าร้าน,P-202,1,120.00,24.00,96.00,6.28,0.00,0.00
O-006666,2025-09-12,S-04,หน้าร้าน,P-201,1,95.00,9.50,85.50,5.59,0.00,0.00
O-006667,2025-09-12,S-06,หน้าร้าน,P-201,3,285.00,14.25,270.75,17.71,0.00,0.00
O-006668,2025-09-12,S-04,หน้าร้าน,P-103,1,45.00,2.25,42.75,2.80,0.00,0.00
O-006669,2025-09-12,S-05,หน้าร้าน,P-202,1,120.00,6.00,114.00,7.46,0.00,0.00
O-006670,2025-09-12,S-90,ออนไลน์,P-202,1,120.00,0.00,120.00,7.85,35.00,0.00
O-006671,2025-09-12,S-02,หน้าร้าน,P-203,2,150.00,0.00,150.00,9.81,0.00,0.00
O-006672,2025-09-12,S-90,ออนไลน์,P-103,1,45.00,9.00,36.00,2.36,35.00,0.00
O-006673,2025-09-12,S-03,หน้าร้าน,P-102,2,56.00,0.00,56.00,3.66,0.00,0.00
O-006674,2025-09-12,S-03,หน้าร้าน,P-102,1,28.00,2.80,25.20,1.65,0.00,0.00
O-006675,2025-09-12,S-04,หน้าร้าน,P-302,1,3890.00,778.00,3112.00,203.59,0.00,0.00
O-006676,2025-09-12,S-03,หน้าร้าน,P-202,3,360.00,36.00,324.00,21.20,0.00,0.00
O-006677,2025-09-12,S-06,หน้าร้าน,P-301,3,7350.00,0.00,7350.00,480.84,0.00,0.00
O-006678,2025-09-12,S-03,หน้าร้าน,P-301,1,2450.00,0.00,2450.00,160.28,0.00,0.00
O-006679,2025-09-12,S-03,หน้าร้าน,P-103,2,90.00,0.00,90.00,5.89,0.00,0.00
O-006680,2025-09-13,S-04,หน้าร้าน,P-103,2,90.00,4.50,85.50,5.59,0.00,0.00
O-006681,2025-09-13,S-01,หน้าร้าน,P-103,1,45.00,0.00,45.00,2.94,0.00,0.00
O-006682,2025-09-13,S-06,หน้าร้าน,P-201,2,190.00,19.00,171.00,11.19,0.00,0.00
O-006683,2025-09-13,S-01,หน้าร้าน,P-302,1,3890.00,194.50,3695.50,241.76,0.00,0.00
O-006684,2025-09-13,S-04,หน้าร้าน,P-102,2,56.00,5.60,50.40,3.30,0.00,0.00
O-006685,2025-09-13,S-06,หน้าร้าน,P-201,1,95.00,4.75,90.25,5.90,0.00,0.00
O-006686,2025-09-13,S-03,หน้าร้าน,P-301,1,2450.00,0.00,2450.00,160.28,0.00,0.00
O-006687,2025-09-13,S-06,หน้าร้าน,P-101,1,35.00,3.50,31.50,2.06,0.00,0.00
O-006688,2025-09-13,S-01,หน้าร้าน,P-203,2,150.00,0.00,150.00,9.81,0.00,0.00
O-006689,2025-09-13,S-02,หน้าร้าน,P-203,1,75.00,15.00,60.00,3.93,0.00,0.00
O-006690,2025-09-13,S-90,ออนไลน์,P-202,1,120.00,24.00,96.00,6.28,50.00,0.00
O-006691,2025-09-13,S-06,หน้าร้าน,P-301,1,2450.00,0.00,2450.00,160.28,0.00,0.00
O-006692,2025-09-13,S-06,หน้าร้าน,P-203,3,225.00,0.00,225.00,14.72,0.00,0.00
O-006693,2025-09-13,S-01,หน้าร้าน,P-101,1,35.00,3.50,31.50,2.06,0.00,0.00
O-006694,2025-09-13,S-03,หน้าร้าน,P-102,1,28.00,1.40,26.60,1.74,0.00,0.00
O-006695,2025-09-13,S-90,ออนไลน์,P-301,1,2450.00,0.00,2450.00,160.28,0.00,0.00
O-006696,2025-09-13,S-02,หน้าร้าน,P-201,2,190.00,19.00,171.00,11.19,0.00,0.00
O-006697,2025-09-13,S-05,หน้าร้าน,P-202,3,360.00,36.00,324.00,21.20,0.00,0.00
O-006698,2025-09-13,S-01,หน้าร้าน,P-201,2,190.00,0.00,190.00,12.43,0.00,0.00
O-006699,2025-09-13,S-02,หน้าร้าน,P-202,2,240.00,12.00,228.00,14.92,0.00,0.00
O-006700,2025-09-13,S-02,หน้าร้าน,P-201,1,95.00,0.00,95.00,6.21,0.00,0.00
O-006701,2025-09-13,S-90,ออนไลน์,P-101,2,70.00,3.50,66.50,4.35,35.00,0.00
O-006702,2025-09-13,S-90,ออนไลน์,P-201,1,95.00,0.00,95.00,6.21,0.00,0.00
O-006703,2025-09-13,S-01,หน้าร้าน,P-103,1,45.00,9.00,36.00,2.36,0.00,0.00
O-006704,2025-09-13,S-01,หน้าร้าน,P-102,1,28.00,1.40,26.60,1.74,0.00,0.00
O-006705,2025-09-13,S-01,หน้าร้าน,P-103,2,90.00,0.00,90.00,5.89,0.00,0.00
O-006706,2025-09-13,S-03,หน้าร้าน,P-301,1,2450.00,122.50,2327.50,152.27,0.00,0.00
O-006707,2025-09-13,S-05,หน้าร้าน,P-301,1,2450.00,490.00,1960.00,128.22,0.00,0.00
O-006708,2025-09-14,S-01,หน้าร้าน,P-103,2,90.00,0.00,90.00,5.89,0.00,0.00
O-006709,2025-09-14,S-02,หน้าร้าน,P-202,2,240.00,12.00,228.00,14.92,0.00,0.00
O-006710,2025-09-14,S-06,หน้าร้าน,P-201,1,95.00,0.00,95.00,6.21,0.00,0.00
O-006711,2025-09-14,S-04,หน้าร้าน,P-203,1,75.00,15.00,60.00,3.93,0.00,0.00
O-006712,2025-09-14,S-03,หน้าร้าน,P-301,2,4900.00,0.00,4900.00,320.56,0.00,0.00
O-006713,2025-09-14,S-01,หน้าร้าน,P-103,2,90.00,4.50,85.50,5.59,0.00,0.00
O-006714,2025-09-14,S-06,หน้าร้าน,P-203,1,75.00,15.00,60.00,3.93,0.00,0.00
O-006715,2025-09-14,S-03,หน้าร้าน,P-203,1,75.00,7.50,67.50,4.42,0.00,0.00
O-006716,2025-09-14,S-03,หน้าร้าน,P-102,1,28.00,2.80,25.20,1.65,0.00,0.00
O-006717,2025-09-14,S-03,หน้าร้าน,P-102,3,84.00,16.80,67.20,4.40,0.00,0.00
O-006718,2025-09-14,S-90,ออนไลน์,P-201,2,190.00,19.00,171.00,11.19,0.00,0.00
O-006719,2025-09-14,S-02,หน้าร้าน,P-103,1,45.00,2.25,42.75,2.80,0.00,0.00
O-006720,2025-09-14,S-04,หน้าร้าน,P-201,1,95.00,9.50,85.50,5.59,0.00,0.00
O-006721,2025-09-14,S-01,หน้าร้าน,P-301,1,2450.00,490.00,1960.00,128.22,0.00,0.00
O-006722,2025-09-14,S-02,หน้าร้าน,P-302,1,3890.00,0.00,3890.00,254.49,0.00,0.00
O-006723,2025-09-14,S-01,หน้าร้าน,P-102,1,28.00,5.60,22.40,1.47,0.00,0.00
O-006724,2025-09-14,S-06,หน้าร้าน,P-302,1,3890.00,0.00,3890.00,254.49,0.00,0.00
O-006725,2025-09-14,S-01,หน้าร้าน,P-203,1,75.00,0.00,75.00,4.91,0.00,0.00
O-006726,2025-09-14,S-03,หน้าร้าน,P-101,3,105.00,5.25,99.75,6.53,0.00,0.00
O-006727,2025-09-14,S-05,หน้าร้าน,P-101,1,35.00,1.75,33.25,2.18,0.00,0.00
O-006728,2025-09-14,S-90,ออนไลน์,P-102,2,56.00,5.60,50.40,3.30,80.00,0.00
O-006729,2025-09-14,S-01,หน้าร้าน,P-102,1,28.00,1.40,26.60,1.74,0.00,0.00
O-006730,2025-09-14,S-01,หน้าร้าน,P-101,1,35.00,3.50,31.50,2.06,0.00,31.50
O-006731,2025-09-14,S-04,หน้าร้าน,P-302,1,3890.00,389.00,3501.00,229.04,0.00,0.00
O-006732,2025-09-14,S-90,ออนไลน์,P-101,2,70.00,0.00,70.00,4.58,50.00,0.00
O-006733,2025-09-14,S-01,หน้าร้าน,P-302,1,3890.00,778.00,3112.00,203.59,0.00,0.00
O-006734,2025-09-14,S-90,ออนไลน์,P-301,1,2450.00,0.00,2450.00,160.28,35.00,0.00
O-006735,2025-09-14,S-90,ออนไลน์,P-301,1,2450.00,490.00,1960.00,128.22,0.00,0.00
O-006736,2025-09-14,S-90,ออนไลน์,P-301,2,4900.00,980.00,3920.00,256.45,0.00,0.00
O-006737,2025-09-14,S-05,หน้าร้าน,P-202,2,240.00,24.00,216.00,14.13,0.00,0.00
O-006738,2025-09-14,S-90,ออนไลน์,P-301,1,2450.00,490.00,1960.00,128.22,50.00,0.00
O-006739,2025-09-14,S-04,หน้าร้าน,P-203,2,150.00,30.00,120.00,7.85,0.00,0.00
O-006740,2025-09-14,S-02,หน้าร้าน,P-202,2,240.00,24.00,216.00,14.13,0.00,0.00
O-006741,2025-09-14,S-05,หน้าร้าน,P-301,1,2450.00,0.00,2450.00,160.28,0.00,0.00
O-006742,2025-09-15,S-06,หน้าร้าน,P-102,2,56.00,11.20,44.80,2.93,0.00,0.00
O-006743,2025-09-15,S-06,หน้าร้าน,P-301,2,4900.00,0.00,4900.00,320.56,0.00,0.00
O-006744,2025-09-15,S-01,หน้าร้าน,P-201,1,95.00,0.00,95.00,6.21,0.00,0.00
O-006745,2025-09-15,S-02,หน้าร้าน,P-301,1,2450.00,0.00,2450.00,160.28,0.00,0.00
O-006746,2025-09-15,S-03,หน้าร้าน,P-201,2,190.00,0.00,190.00,12.43,0.00,0.00
O-006747,2025-09-15,S-90,ออนไลน์,P-302,2,7780.00,778.00,7002.00,458.07,0.00,0.00
O-006748,2025-09-15,S-01,หน้าร้าน,P-302,1,3890.00,389.00,3501.00,229.04,0.00,0.00
O-006749,2025-09-15,S-04,หน้าร้าน,P-203,2,150.00,30.00,120.00,7.85,0.00,0.00
O-006750,2025-09-15,S-04,หน้าร้าน,P-103,1,45.00,0.00,45.00,2.94,0.00,0.00
O-006751,2025-09-15,S-03,หน้าร้าน,P-301,1,2450.00,490.00,1960.00,128.22,0.00,0.00
O-006752,2025-09-15,S-05,หน้าร้าน,P-201,3,285.00,0.00,285.00,18.64,0.00,0.00
O-006753,2025-09-15,S-90,ออนไลน์,P-302,3,11670.00,2334.00,9336.00,610.77,50.00,0.00
O-006754,2025-09-15,S-04,หน้าร้าน,P-301,1,2450.00,490.00,1960.00,128.22,0.00,0.00
O-006755,2025-09-15,S-90,ออนไลน์,P-101,5,175.00,8.75,166.25,10.88,50.00,0.00
O-006756,2025-09-15,S-05,หน้าร้าน,P-101,1,35.00,0.00,35.00,2.29,0.00,0.00
O-006757,2025-09-15,S-05,หน้าร้าน,P-103,2,90.00,0.00,90.00,5.89,0.00,0.00
O-006758,2025-09-15,S-01,หน้าร้าน,P-301,1,2450.00,0.00,2450.00,160.28,0.00,0.00
O-006759,2025-09-15,S-01,หน้าร้าน,P-301,3,7350.00,1470.00,5880.00,384.67,0.00,0.00
O-006760,2025-09-15,S-04,หน้าร้าน,P-301,1,2450.00,0.00,2450.00,160.28,0.00,0.00
O-006761,2025-09-15,S-02,หน้าร้าน,P-203,1,75.00,0.00,75.00,4.91,0.00,0.00
O-006762,2025-09-15,S-90,ออนไลน์,P-102,1,28.00,0.00,28.00,1.83,35.00,0.00
O-006763,2025-09-15,S-06,หน้าร้าน,P-101,2,70.00,3.50,66.50,4.35,0.00,0.00
O-006764,2025-09-15,S-03,หน้าร้าน,P-101,1,35.00,0.00,35.00,2.29,0.00,0.00
O-006765,2025-09-15,S-03,หน้าร้าน,P-103,1,45.00,9.00,36.00,2.36,0.00,0.00
O-006766,2025-09-15,S-01,หน้าร้าน,P-202,2,240.00,48.00,192.00,12.56,0.00,0.00
O-006767,2025-09-15,S-01,หน้าร้าน,P-203,1,75.00,0.00,75.00,4.91,0.00,0.00
O-006768,2025-09-15,S-04,หน้าร้าน,P-203,1,75.00,15.00,60.00,3.93,0.00,0.00
O-006769,2025-09-16,S-01,หน้าร้าน,P-302,1,3890.00,0.00,3890.00,254.49,0.00,0.00
O-006770,2025-09-16,S-01,หน้าร้าน,P-103,1,45.00,9.00,36.00,2.36,0.00,0.00
O-006771,2025-09-16,S-06,หน้าร้าน,P-202,1,120.00,12.00,108.00,7.07,0.00,0.00
O-006772,2025-09-16,S-90,ออนไลน์,P-202,1,120.00,12.00,108.00,7.07,35.00,0.00
O-006773,2025-09-16,S-05,หน้าร้าน,P-202,1,120.00,6.00,114.00,7.46,0.00,0.00
O-006774,2025-09-16,S-04,หน้าร้าน,P-302,1,3890.00,778.00,3112.00,203.59,0.00,0.00
O-006775,2025-09-16,S-05,หน้าร้าน,P-102,1,28.00,2.80,25.20,1.65,0.00,0.00
O-006776,2025-09-16,S-03,หน้าร้าน,P-302,1,3890.00,389.00,3501.00,229.04,0.00,0.00
O-006777,2025-09-16,S-02,หน้าร้าน,P-301,5,12250.00,1225.00,11025.00,721.26,0.00,0.00
O-006778,2025-09-16,S-05,หน้าร้าน,P-103,1,45.00,2.25,42.75,2.80,0.00,0.00
O-006779,2025-09-16,S-06,หน้าร้าน,P-101,1,35.00,0.00,35.00,2.29,0.00,0.00
O-006780,2025-09-16,S-03,หน้าร้าน,P-101,1,35.00,7.00,28.00,1.83,0.00,0.00
O-006781,2025-09-16,S-02,หน้าร้าน,P-102,2,56.00,2.80,53.20,3.48,0.00,0.00
O-006782,2025-09-16,S-02,หน้าร้าน,P-101,2,70.00,7.00,63.00,4.12,0.00,0.00
O-006783,2025-09-16,S-03,หน้าร้าน,P-203,1,75.00,3.75,71.25,4.66,0.00,0.00
O-006784,2025-09-16,S-90,ออนไลน์,P-302,1,3890.00,194.50,3695.50,241.76,0.00,0.00
O-006785,2025-09-16,S-90,ออนไลน์,P-101,2,70.00,3.50,66.50,4.35,50.00,0.00
O-006786,2025-09-16,S-05,หน้าร้าน,P-102,1,28.00,5.60,22.40,1.47,0.00,0.00
O-006787,2025-09-16,S-03,หน้าร้าน,P-202,2,240.00,0.00,240.00,15.70,0.00,0.00
O-006788,2025-09-16,S-90,ออนไลน์,P-203,1,75.00,7.50,67.50,4.42,0.00,0.00
O-006789,2025-09-16,S-04,หน้าร้าน,P-201,2,190.00,38.00,152.00,9.94,0.00,0.00
O-006790,2025-09-16,S-01,หน้าร้าน,P-201,2,190.00,0.00,190.00,12.43,0.00,0.00
O-006791,2025-09-16,S-06,หน้าร้าน,P-103,2,90.00,9.00,81.00,5.30,0.00,0.00
O-006792,2025-09-17,S-90,ออนไลน์,P-203,2,150.00,0.00,150.00,9.81,0.00,0.00
O-006793,2025-09-17,S-90,ออนไลน์,P-302,1,3890.00,0.00,3890.00,254.49,0.00,0.00
O-006794,2025-09-17,S-01,หน้าร้าน,P-302,1,3890.00,0.00,3890.00,254.49,0.00,0.00
O-006795,2025-09-17,S-03,หน้าร้าน,P-202,1,120.00,12.00,108.00,7.07,0.00,0.00
O-006796,2025-09-17,S-03,หน้าร้าน,P-202,2,240.00,12.00,228.00,14.92,0.00,0.00
O-006797,2025-09-17,S-90,ออนไลน์,P-202,1,120.00,0.00,120.00,7.85,35.00,0.00
O-006798,2025-09-17,S-01,หน้าร้าน,P-201,1,95.00,9.50,85.50,5.59,0.00,0.00
O-006799,2025-09-17,S-03,หน้าร้าน,P-302,2,7780.00,0.00,7780.00,508.97,0.00,0.00
O-006800,2025-09-17,S-90,ออนไลน์,P-302,2,7780.00,0.00,7780.00,508.97,50.00,0.00
O-006801,2025-09-17,S-06,หน้าร้าน,P-101,2,70.00,14.00,56.00,3.66,0.00,0.00
O-006802,2025-09-17,S-05,หน้าร้าน,P-102,2,56.00,0.00,56.00,3.66,0.00,0.00
O-006803,2025-09-17,S-06,หน้าร้าน,P-202,1,120.00,6.00,114.00,7.46,0.00,0.00
O-006804,2025-09-17,S-90,ออนไลน์,P-202,1,120.00,0.00,120.00,7.85,50.00,0.00
O-006805,2025-09-17,S-06,หน้าร้าน,P-202,1,120.00,6.00,114.00,7.46,0.00,0.00
O-006806,2025-09-17,S-02,หน้าร้าน,P-301,2,4900.00,245.00,4655.00,304.53,0.00,0.00
O-006807,2025-09-17,S-01,หน้าร้าน,P-201,1,95.00,9.50,85.50,5.59,0.00,0.00
O-006808,2025-09-17,S-03,หน้าร้าน,P-202,2,240.00,24.00,216.00,14.13,0.00,0.00
O-006809,2025-09-17,S-05,หน้าร้าน,P-302,5,19450.00,0.00,19450.00,1272.43,0.00,0.00
O-006810,2025-09-17,S-03,หน้าร้าน,P-103,2,90.00,9.00,81.00,5.30,0.00,0.00
O-006811,2025-09-17,S-90,ออนไลน์,P-302,1,3890.00,194.50,3695.50,241.76,0.00,0.00
O-006812,2025-09-17,S-04,หน้าร้าน,P-302,1,3890.00,0.00,3890.00,254.49,0.00,0.00
O-006813,2025-09-17,S-01,หน้าร้าน,P-102,1,28.00,5.60,22.40,1.47,0.00,0.00
O-006814,2025-09-17,S-04,หน้าร้าน,P-102,1,28.00,0.00,28.00,1.83,0.00,0.00
O-006815,2025-09-17,S-06,หน้าร้าน,P-102,1,28.00,0.00,28.00,1.83,0.00,0.00
O-006816,2025-09-17,S-04,หน้าร้าน,P-202,1,120.00,0.00,120.00,7.85,0.00,0.00
O-006817,2025-09-17,S-02,หน้าร้าน,P-102,1,28.00,2.80,25.20,1.65,0.00,0.00
O-006818,2025-09-17,S-03,หน้าร้าน,P-101,1,35.00,1.75,33.25,2.18,0.00,0.00
O-006819,2025-09-17,S-90,ออนไลน์,P-202,1,120.00,6.00,114.00,7.46,50.00,0.00
O-006820,2025-09-17,S-01,หน้าร้าน,P-201,1,95.00,9.50,85.50,5.59,0.00,0.00
O-006821,2025-09-17,S-03,หน้าร้าน,P-201,3,285.00,28.50,256.50,16.78,0.00,0.00
O-006822,2025-09-17,S-01,หน้าร้าน,P-102,3,84.00,4.20,79.80,5.22,0.00,0.00
O-006823,2025-09-17,S-04,หน้าร้าน,P-301,2,4900.00,490.00,4410.00,288.50,0.00,0.00
O-006824,2025-09-17,S-05,หน้าร้าน,P-203,1,75.00,0.00,75.00,4.91,0.00,0.00
O-006825,2025-09-17,S-90,ออนไลน์,P-101,1,35.00,1.75,33.25,2.18,0.00,0.00
O-006826,2025-09-18,S-05,หน้าร้าน,P-203,1,75.00,3.75,71.25,4.66,0.00,0.00
O-006827,2025-09-18,S-02,หน้าร้าน,P-302,1,3890.00,0.00,3890.00,254.49,0.00,0.00
O-006828,2025-09-18,S-04,หน้าร้าน,P-101,1,35.00,0.00,35.00,2.29,0.00,0.00
O-006829,2025-09-18,S-01,หน้าร้าน,P-101,1,35.00,0.00,35.00,2.29,0.00,0.00
O-006830,2025-09-18,S-06,หน้าร้าน,P-202,2,240.00,48.00,192.00,12.56,0.00,0.00
O-006831,2025-09-18,S-01,หน้าร้าน,P-302,1,3890.00,0.00,3890.00,254.49,0.00,0.00
O-006832,2025-09-18,S-01,หน้าร้าน,P-203,1,75.00,15.00,60.00,3.93,0.00,0.00
O-006833,2025-09-18,S-90,ออนไลน์,P-201,1,95.00,0.00,95.00,6.21,0.00,0.00
O-006834,2025-09-18,S-01,หน้าร้าน,P-302,2,7780.00,0.00,7780.00,508.97,0.00,0.00
O-006835,2025-09-18,S-01,หน้าร้าน,P-103,2,90.00,0.00,90.00,5.89,0.00,0.00
O-006836,2025-09-18,S-02,หน้าร้าน,P-101,5,175.00,8.75,166.25,10.88,0.00,0.00
O-006837,2025-09-18,S-01,หน้าร้าน,P-302,1,3890.00,0.00,3890.00,254.49,0.00,0.00
O-006838,2025-09-18,S-03,หน้าร้าน,P-202,1,120.00,0.00,120.00,7.85,0.00,0.00
O-006839,2025-09-18,S-04,หน้าร้าน,P-302,2,7780.00,389.00,7391.00,483.52,0.00,0.00
O-006840,2025-09-18,S-03,หน้าร้าน,P-101,3,105.00,21.00,84.00,5.50,0.00,0.00
O-006841,2025-09-18,S-02,หน้าร้าน,P-302,2,7780.00,0.00,7780.00,508.97,0.00,0.00
O-006842,2025-09-18,S-04,หน้าร้าน,P-302,3,11670.00,0.00,11670.00,763.46,0.00,0.00
O-006843,2025-09-18,S-90,ออนไลน์,P-202,1,120.00,0.00,120.00,7.85,0.00,0.00
O-006844,2025-09-18,S-05,หน้าร้าน,P-202,2,240.00,24.00,216.00,14.13,0.00,0.00
O-006845,2025-09-18,S-04,หน้าร้าน,P-103,2,90.00,0.00,90.00,5.89,0.00,0.00
O-006846,2025-09-18,S-06,หน้าร้าน,P-302,1,3890.00,778.00,3112.00,203.59,0.00,0.00
O-006847,2025-09-18,S-02,หน้าร้าน,P-101,1,35.00,3.50,31.50,2.06,0.00,0.00
O-006848,2025-09-18,S-04,หน้าร้าน,P-302,1,3890.00,389.00,3501.00,229.04,0.00,0.00
O-006849,2025-09-18,S-01,หน้าร้าน,P-201,2,190.00,0.00,190.00,12.43,0.00,0.00
O-006850,2025-09-18,S-90,ออนไลน์,P-302,1,3890.00,0.00,3890.00,254.49,50.00,0.00
O-006851,2025-09-18,S-04,หน้าร้าน,P-302,1,3890.00,389.00,3501.00,229.04,0.00,0.00
O-006852,2025-09-18,S-03,หน้าร้าน,P-103,1,45.00,2.25,42.75,2.80,0.00,0.00
O-006853,2025-09-18,S-04,หน้าร้าน,P-302,2,7780.00,1556.00,6224.00,407.18,0.00,0.00
O-006854,2025-09-19,S-05,หน้าร้าน,P-203,3,225.00,11.25,213.75,13.98,0.00,0.00
O-006855,2025-09-19,S-06,หน้าร้าน,P-202,2,240.00,24.00,216.00,14.13,0.00,0.00
O-006856,2025-09-19,S-02,หน้าร้าน,P-203,2,150.00,30.00,120.00,7.85,0.00,0.00
O-006857,2025-09-19,S-90,ออนไลน์,P-301,1,2450.00,245.00,2205.00,144.25,50.00,0.00
O-006858,2025-09-19,S-04,หน้าร้าน,P-301,5,12250.00,1225.00,11025.00,721.26,0.00,0.00
O-006859,2025-09-19,S-90,ออนไลน์,P-202,1,120.00,12.00,108.00,7.07,35.00,0.00
O-006860,2025-09-19,S-03,หน้าร้าน,P-202,1,120.00,0.00,120.00,7.85,0.00,0.00
O-006861,2025-09-19,S-04,หน้าร้าน,P-302,2,7780.00,778.00,7002.00,458.07,0.00,0.00
O-006862,2025-09-19,S-01,หน้าร้าน,P-203,1,75.00,15.00,60.00,3.93,0.00,0.00
O-006863,2025-09-19,S-01,หน้าร้าน,P-102,1,28.00,0.00,28.00,1.83,0.00,0.00
O-006864,2025-09-19,S-90,ออนไลน์,P-301,2,4900.00,490.00,4410.00,288.50,50.00,0.00
O-006865,2025-09-19,S-03,หน้าร้าน,P-202,2,240.00,0.00,240.00,15.70,0.00,0.00
O-006866,2025-09-19,S-06,หน้าร้าน,P-203,1,75.00,15.00,60.00,3.93,0.00,0.00
O-006867,2025-09-19,S-01,หน้าร้าน,P-201,1,95.00,4.75,90.25,5.90,0.00,0.00
O-006868,2025-09-19,S-90,ออนไลน์,P-101,2,70.00,7.00,63.00,4.12,35.00,0.00
O-006869,2025-09-19,S-05,หน้าร้าน,P-301,1,2450.00,122.50,2327.50,152.27,0.00,0.00
O-006870,2025-09-19,S-02,หน้าร้าน,P-102,1,28.00,5.60,22.40,1.47,0.00,0.00
O-006871,2025-09-19,S-04,หน้าร้าน,P-301,1,2450.00,245.00,2205.00,144.25,0.00,0.00
O-006872,2025-09-19,S-03,หน้าร้าน,P-201,1,95.00,0.00,95.00,6.21,0.00,0.00
O-006873,2025-09-19,S-90,ออนไลน์,P-201,1,95.00,19.00,76.00,4.97,35.00,0.00
O-006874,2025-09-20,S-02,หน้าร้าน,P-203,1,75.00,0.00,75.00,4.91,0.00,0.00
O-006875,2025-09-20,S-02,หน้าร้าน,P-302,2,7780.00,389.00,7391.00,483.52,0.00,0.00
O-006876,2025-09-20,S-06,หน้าร้าน,P-301,2,4900.00,0.00,4900.00,320.56,0.00,0.00
O-006877,2025-09-20,S-05,หน้าร้าน,P-302,2,7780.00,778.00,7002.00,458.07,0.00,0.00
O-006878,2025-09-20,S-01,หน้าร้าน,P-301,1,2450.00,245.00,2205.00,144.25,0.00,0.00
O-006879,2025-09-20,S-01,หน้าร้าน,P-302,2,7780.00,1556.00,6224.00,407.18,0.00,0.00
O-006880,2025-09-20,S-04,หน้าร้าน,P-101,2,70.00,0.00,70.00,4.58,0.00,0.00
O-006881,2025-09-20,S-90,ออนไลน์,P-302,2,7780.00,0.00,7780.00,508.97,0.00,0.00
O-006882,2025-09-20,S-02,หน้าร้าน,P-203,2,150.00,15.00,135.00,8.83,0.00,0.00
O-006883,2025-09-20,S-05,หน้าร้าน,P-103,1,45.00,0.00,45.00,2.94,0.00,0.00
O-006884,2025-09-20,S-90,ออนไลน์,P-101,1,35.00,0.00,35.00,2.29,35.00,0.00
O-006885,2025-09-20,S-01,หน้าร้าน,P-203,1,75.00,7.50,67.50,4.42,0.00,0.00
O-006886,2025-09-20,S-05,หน้าร้าน,P-201,2,190.00,0.00,190.00,12.43,0.00,0.00
O-006887,2025-09-20,S-03,หน้าร้าน,P-302,1,3890.00,194.50,3695.50,241.76,0.00,0.00
O-006888,2025-09-20,S-90,ออนไลน์,P-103,1,45.00,2.25,42.75,2.80,0.00,0.00
O-006889,2025-09-20,S-06,หน้าร้าน,P-301,1,2450.00,0.00,2450.00,160.28,0.00,0.00
O-006890,2025-09-20,S-02,หน้าร้าน,P-301,3,7350.00,1470.00,5880.00,384.67,0.00,0.00
O-006891,2025-09-20,S-01,หน้าร้าน,P-203,3,225.00,11.25,213.75,13.98,0.00,0.00
O-006892,2025-09-20,S-01,หน้าร้าน,P-302,1,3890.00,389.00,3501.00,229.04,0.00,0.00
O-006893,2025-09-20,S-01,หน้าร้าน,P-203,3,225.00,11.25,213.75,13.98,0.00,0.00
O-006894,2025-09-20,S-03,หน้าร้าน,P-202,2,240.00,12.00,228.00,14.92,0.00,0.00
O-006895,2025-09-20,S-04,หน้าร้าน,P-301,1,2450.00,122.50,2327.50,152.27,0.00,0.00
O-006896,2025-09-20,S-05,หน้าร้าน,P-302,1,3890.00,0.00,3890.00,254.49,0.00,0.00
O-006897,2025-09-20,S-02,หน้าร้าน,P-202,3,360.00,72.00,288.00,18.84,0.00,0.00
O-006898,2025-09-20,S-06,หน้าร้าน,P-101,1,35.00,3.50,31.50,2.06,0.00,0.00
O-006899,2025-09-20,S-90,ออนไลน์,P-101,1,35.00,1.75,33.25,2.18,0.00,0.00
O-006900,2025-09-20,S-02,หน้าร้าน,P-301,1,2450.00,0.00,2450.00,160.28,0.00,0.00
O-006901,2025-09-20,S-90,ออนไลน์,P-202,1,120.00,6.00,114.00,7.46,35.00,0.00
O-006902,2025-09-20,S-06,หน้าร้าน,P-202,2,240.00,12.00,228.00,14.92,0.00,0.00
O-006903,2025-09-20,S-02,หน้าร้าน,P-302,1,3890.00,194.50,3695.50,241.76,0.00,0.00
O-006904,2025-09-20,S-01,หน้าร้าน,P-201,1,95.00,19.00,76.00,4.97,0.00,0.00
O-006905,2025-09-20,S-03,หน้าร้าน,P-202,2,240.00,0.00,240.00,15.70,0.00,0.00
O-006906,2025-09-20,S-04,หน้าร้าน,P-102,1,28.00,5.60,22.40,1.47,0.00,0.00
O-006907,2025-09-21,S-06,หน้าร้าน,P-102,2,56.00,0.00,56.00,3.66,0.00,0.00
O-006908,2025-09-21,S-90,ออนไลน์,P-102,1,28.00,2.80,25.20,1.65,35.00,0.00
O-006909,2025-09-21,S-90,ออนไลน์,P-301,3,7350.00,1470.00,5880.00,384.67,50.00,0.00
O-006910,2025-09-21,S-03,หน้าร้าน,P-301,1,2450.00,0.00,2450.00,160.28,0.00,0.00
O-006911,2025-09-21,S-90,ออนไลน์,P-103,1,45.00,4.50,40.50,2.65,35.00,0.00
O-006912,2025-09-21,S-06,หน้าร้าน,P-202,1,120.00,6.00,114.00,7.46,0.00,0.00
O-006913,2025-09-21,S-06,หน้าร้าน,P-302,1,3890.00,778.00,3112.00,203.59,0.00,0.00
O-006914,2025-09-21,S-05,หน้าร้าน,P-101,1,35.00,0.00,35.00,2.29,0.00,0.00
O-006915,2025-09-21,S-03,หน้าร้าน,P-103,1,45.00,9.00,36.00,2.36,0.00,0.00
O-006916,2025-09-21,S-06,หน้าร้าน,P-302,3,11670.00,0.00,11670.00,763.46,0.00,0.00
O-006917,2025-09-21,S-05,หน้าร้าน,P-202,1,120.00,0.00,120.00,7.85,0.00,0.00
O-006918,2025-09-21,S-04,หน้าร้าน,P-103,2,90.00,0.00,90.00,5.89,0.00,0.00
O-006919,2025-09-21,S-03,หน้าร้าน,P-301,3,7350.00,1470.00,5880.00,384.67,0.00,0.00
O-006920,2025-09-21,S-04,หน้าร้าน,P-101,3,105.00,5.25,99.75,6.53,0.00,0.00
O-006921,2025-09-21,S-05,หน้าร้าน,P-101,1,35.00,0.00,35.00,2.29,0.00,0.00
O-006922,2025-09-21,S-06,หน้าร้าน,P-101,2,70.00,0.00,70.00,4.58,0.00,0.00
O-006923,2025-09-21,S-03,หน้าร้าน,P-302,2,7780.00,0.00,7780.00,508.97,0.00,0.00
O-006924,2025-09-21,S-01,หน้าร้าน,P-201,1,95.00,9.50,85.50,5.59,0.00,0.00
O-006925,2025-09-22,S-04,หน้าร้าน,P-201,1,95.00,4.75,90.25,5.90,0.00,0.00
O-006926,2025-09-22,S-90,ออนไลน์,P-202,2,240.00,24.00,216.00,14.13,0.00,0.00
O-006927,2025-09-22,S-04,หน้าร้าน,P-203,1,75.00,0.00,75.00,4.91,0.00,0.00
O-006928,2025-09-22,S-90,ออนไลน์,P-201,1,95.00,0.00,95.00,6.21,0.00,0.00
O-006929,2025-09-22,S-05,หน้าร้าน,P-202,3,360.00,18.00,342.00,22.37,0.00,0.00
O-006930,2025-09-22,S-06,หน้าร้าน,P-201,1,95.00,9.50,85.50,5.59,0.00,0.00
O-006931,2025-09-22,S-03,หน้าร้าน,P-202,2,240.00,24.00,216.00,14.13,0.00,0.00
O-006932,2025-09-22,S-03,หน้าร้าน,P-103,1,45.00,0.00,45.00,2.94,0.00,0.00
O-006933,2025-09-22,S-01,หน้าร้าน,P-201,2,190.00,0.00,190.00,12.43,0.00,0.00
O-006934,2025-09-22,S-03,หน้าร้าน,P-102,2,56.00,11.20,44.80,2.93,0.00,0.00
O-006935,2025-09-22,S-90,ออนไลน์,P-102,2,56.00,0.00,56.00,3.66,0.00,0.00
O-006936,2025-09-22,S-04,หน้าร้าน,P-302,2,7780.00,389.00,7391.00,483.52,0.00,0.00
O-006937,2025-09-22,S-02,หน้าร้าน,P-103,1,45.00,9.00,36.00,2.36,0.00,0.00
O-006938,2025-09-22,S-04,หน้าร้าน,P-201,2,190.00,9.50,180.50,11.81,0.00,0.00
O-006939,2025-09-22,S-01,หน้าร้าน,P-203,5,375.00,18.75,356.25,23.31,0.00,0.00
O-006940,2025-09-22,S-05,หน้าร้าน,P-201,1,95.00,19.00,76.00,4.97,0.00,0.00
O-006941,2025-09-22,S-05,หน้าร้าน,P-203,2,150.00,0.00,150.00,9.81,0.00,0.00
O-006942,2025-09-22,S-05,หน้าร้าน,P-201,1,95.00,0.00,95.00,6.21,0.00,0.00
O-006943,2025-09-22,S-02,หน้าร้าน,P-203,1,75.00,7.50,67.50,4.42,0.00,0.00
O-006944,2025-09-22,S-05,หน้าร้าน,P-301,3,7350.00,0.00,7350.00,480.84,0.00,0.00
O-006945,2025-09-22,S-04,หน้าร้าน,P-201,1,95.00,9.50,85.50,5.59,0.00,0.00
O-006946,2025-09-22,S-06,หน้าร้าน,P-302,2,7780.00,389.00,7391.00,483.52,0.00,0.00
O-006947,2025-09-22,S-05,หน้าร้าน,P-202,1,120.00,24.00,96.00,6.28,0.00,0.00
O-006948,2025-09-22,S-02,หน้าร้าน,P-301,1,2450.00,490.00,1960.00,128.22,0.00,0.00
O-006949,2025-09-22,S-03,หน้าร้าน,P-102,1,28.00,1.40,26.60,1.74,0.00,0.00
O-006950,2025-09-22,S-01,หน้าร้าน,P-202,2,240.00,0.00,240.00,15.70,0.00,0.00
O-006951,2025-09-22,S-05,หน้าร้าน,P-201,1,95.00,4.75,90.25,5.90,0.00,0.00
O-006952,2025-09-22,S-90,ออนไลน์,P-302,1,3890.00,389.00,3501.00,229.04,0.00,0.00
O-006953,2025-09-22,S-06,หน้าร้าน,P-101,1,35.00,7.00,28.00,1.83,0.00,0.00
O-006954,2025-09-22,S-06,หน้าร้าน,P-203,2,150.00,30.00,120.00,7.85,0.00,0.00
O-006955,2025-09-22,S-01,หน้าร้าน,P-302,3,11670.00,1167.00,10503.00,687.11,0.00,0.00
O-006956,2025-09-22,S-90,ออนไลน์,P-201,1,95.00,9.50,85.50,5.59,50.00,0.00
O-006957,2025-09-23,S-03,หน้าร้าน,P-203,1,75.00,7.50,67.50,4.42,0.00,0.00
O-006958,2025-09-23,S-02,หน้าร้าน,P-203,1,75.00,0.00,75.00,4.91,0.00,0.00
O-006959,2025-09-23,S-05,หน้าร้าน,P-103,2,90.00,0.00,90.00,5.89,0.00,0.00
O-006960,2025-09-23,S-03,หน้าร้าน,P-102,2,56.00,0.00,56.00,3.66,0.00,0.00
O-006961,2025-09-23,S-90,ออนไลน์,P-103,1,45.00,4.50,40.50,2.65,35.00,0.00
O-006962,2025-09-23,S-02,หน้าร้าน,P-302,2,7780.00,778.00,7002.00,458.07,0.00,0.00
O-006963,2025-09-23,S-05,หน้าร้าน,P-201,5,475.00,47.50,427.50,27.97,0.00,0.00
O-006964,2025-09-23,S-04,หน้าร้าน,P-203,1,75.00,15.00,60.00,3.93,0.00,0.00
O-006965,2025-09-23,S-01,หน้าร้าน,P-302,1,3890.00,389.00,3501.00,229.04,0.00,0.00
O-006966,2025-09-23,S-03,หน้าร้าน,P-102,2,56.00,5.60,50.40,3.30,0.00,0.00
O-006967,2025-09-23,S-04,หน้าร้าน,P-101,1,35.00,7.00,28.00,1.83,0.00,0.00
O-006968,2025-09-23,S-04,หน้าร้าน,P-203,5,375.00,37.50,337.50,22.08,0.00,0.00
O-006969,2025-09-23,S-05,หน้าร้าน,P-102,2,56.00,5.60,50.40,3.30,0.00,0.00
O-006970,2025-09-23,S-04,หน้าร้าน,P-103,1,45.00,4.50,40.50,2.65,0.00,0.00
O-006971,2025-09-23,S-01,หน้าร้าน,P-301,1,2450.00,490.00,1960.00,128.22,0.00,0.00
O-006972,2025-09-23,S-03,หน้าร้าน,P-103,5,225.00,0.00,225.00,14.72,0.00,0.00
O-006973,2025-09-23,S-06,หน้าร้าน,P-202,1,120.00,0.00,120.00,7.85,0.00,0.00
O-006974,2025-09-23,S-05,หน้าร้าน,P-302,1,3890.00,0.00,3890.00,254.49,0.00,0.00
O-006975,2025-09-23,S-03,หน้าร้าน,P-302,1,3890.00,0.00,3890.00,254.49,0.00,0.00
O-006976,2025-09-23,S-05,หน้าร้าน,P-203,1,75.00,15.00,60.00,3.93,0.00,0.00
O-006977,2025-09-23,S-02,หน้าร้าน,P-101,2,70.00,7.00,63.00,4.12,0.00,0.00
O-006978,2025-09-23,S-05,หน้าร้าน,P-202,1,120.00,12.00,108.00,7.07,0.00,0.00
O-006979,2025-09-23,S-02,หน้าร้าน,P-102,3,84.00,0.00,84.00,5.50,0.00,0.00
O-006980,2025-09-23,S-04,หน้าร้าน,P-301,1,2450.00,122.50,2327.50,152.27,0.00,0.00
O-006981,2025-09-23,S-02,หน้าร้าน,P-301,3,7350.00,1470.00,5880.00,384.67,0.00,0.00
O-006982,2025-09-23,S-03,หน้าร้าน,P-202,1,120.00,0.00,120.00,7.85,0.00,0.00
O-006983,2025-09-23,S-01,หน้าร้าน,P-203,1,75.00,0.00,75.00,4.91,0.00,0.00
O-006984,2025-09-23,S-03,หน้าร้าน,P-102,2,56.00,5.60,50.40,3.30,0.00,0.00
O-006985,2025-09-23,S-03,หน้าร้าน,P-103,1,45.00,0.00,45.00,2.94,0.00,0.00
O-006986,2025-09-24,S-06,หน้าร้าน,P-302,1,3890.00,0.00,3890.00,254.49,0.00,0.00
O-006987,2025-09-24,S-02,หน้าร้าน,P-302,1,3890.00,0.00,3890.00,254.49,0.00,0.00
O-006988,2025-09-24,S-90,ออนไลน์,P-302,1,3890.00,194.50,3695.50,241.76,80.00,0.00
O-006989,2025-09-24,S-03,หน้าร้าน,P-101,1,35.00,0.00,35.00,2.29,0.00,0.00
O-006990,2025-09-24,S-90,ออนไลน์,P-302,3,11670.00,583.50,11086.50,725.29,80.00,11086.50
O-006991,2025-09-24,S-02,หน้าร้าน,P-101,2,70.00,3.50,66.50,4.35,0.00,0.00
O-006992,2025-09-24,S-90,ออนไลน์,P-101,1,35.00,1.75,33.25,2.18,50.00,0.00
O-006993,2025-09-24,S-90,ออนไลน์,P-202,1,120.00,0.00,120.00,7.85,0.00,0.00
O-006994,2025-09-24,S-02,หน้าร้าน,P-102,1,28.00,5.60,22.40,1.47,0.00,0.00
O-006995,2025-09-24,S-05,หน้าร้าน,P-202,2,240.00,24.00,216.00,14.13,0.00,0.00
O-006996,2025-09-24,S-01,หน้าร้าน,P-103,2,90.00,18.00,72.00,4.71,0.00,0.00
O-006997,2025-09-24,S-05,หน้าร้าน,P-201,1,95.00,9.50,85.50,5.59,0.00,0.00
O-006998,2025-09-24,S-06,หน้าร้าน,P-101,1,35.00,3.50,31.50,2.06,0.00,0.00
O-006999,2025-09-24,S-04,หน้าร้าน,P-202,1,120.00,24.00,96.00,6.28,0.00,0.00
O-007000,2025-09-24,S-90,ออนไลน์,P-102,1,28.00,5.60,22.40,1.47,80.00,0.00
O-007001,2025-09-24,S-01,หน้าร้าน,P-202,1,120.00,24.00,96.00,6.28,0.00,0.00
O-007002,2025-09-24,S-01,หน้าร้าน,P-202,1,120.00,24.00,96.00,6.28,0.00,0.00
O-007003,2025-09-24,S-90,ออนไลน์,P-202,1,120.00,0.00,120.00,7.85,35.00,0.00
O-007004,2025-09-24,S-90,ออนไลน์,P-201,1,95.00,4.75,90.25,5.90,35.00,0.00
O-007005,2025-09-24,S-04,หน้าร้าน,P-302,2,7780.00,0.00,7780.00,508.97,0.00,0.00
O-007006,2025-09-25,S-04,หน้าร้าน,P-301,2,4900.00,980.00,3920.00,256.45,0.00,0.00
O-007007,2025-09-25,S-06,หน้าร้าน,P-202,5,600.00,30.00,570.00,37.29,0.00,0.00
O-007008,2025-09-25,S-04,หน้าร้าน,P-302,2,7780.00,778.00,7002.00,458.07,0.00,0.00
O-007009,2025-09-25,S-90,ออนไลน์,P-103,1,45.00,2.25,42.75,2.80,0.00,0.00
O-007010,2025-09-25,S-05,หน้าร้าน,P-201,1,95.00,0.00,95.00,6.21,0.00,0.00
O-007011,2025-09-25,S-04,หน้าร้าน,P-301,2,4900.00,245.00,4655.00,304.53,0.00,0.00
O-007012,2025-09-25,S-06,หน้าร้าน,P-201,1,95.00,9.50,85.50,5.59,0.00,0.00
O-007013,2025-09-25,S-03,หน้าร้าน,P-201,1,95.00,0.00,95.00,6.21,0.00,0.00
O-007014,2025-09-25,S-90,ออนไลน์,P-301,2,4900.00,490.00,4410.00,288.50,50.00,0.00
O-007015,2025-09-25,S-01,หน้าร้าน,P-203,1,75.00,7.50,67.50,4.42,0.00,0.00
O-007016,2025-09-25,S-05,หน้าร้าน,P-203,5,375.00,0.00,375.00,24.53,0.00,0.00
O-007017,2025-09-25,S-90,ออนไลน์,P-202,1,120.00,0.00,120.00,7.85,50.00,0.00
O-007018,2025-09-25,S-06,หน้าร้าน,P-102,1,28.00,0.00,28.00,1.83,0.00,0.00
O-007019,2025-09-25,S-90,ออนไลน์,P-103,2,90.00,0.00,90.00,5.89,80.00,0.00
O-007020,2025-09-25,S-02,หน้าร้าน,P-202,1,120.00,0.00,120.00,7.85,0.00,0.00
O-007021,2025-09-25,S-04,หน้าร้าน,P-203,1,75.00,3.75,71.25,4.66,0.00,0.00
O-007022,2025-09-25,S-05,หน้าร้าน,P-201,1,95.00,19.00,76.00,4.97,0.00,0.00
O-007023,2025-09-25,S-01,หน้าร้าน,P-201,1,95.00,4.75,90.25,5.90,0.00,0.00
O-007024,2025-09-25,S-04,หน้าร้าน,P-301,1,2450.00,0.00,2450.00,160.28,0.00,0.00
O-007025,2025-09-26,S-05,หน้าร้าน,P-302,1,3890.00,778.00,3112.00,203.59,0.00,0.00
O-007026,2025-09-26,S-06,หน้าร้าน,P-103,1,45.00,9.00,36.00,2.36,0.00,0.00
O-007027,2025-09-26,S-90,ออนไลน์,P-202,1,120.00,0.00,120.00,7.85,35.00,0.00
O-007028,2025-09-26,S-05,หน้าร้าน,P-203,1,75.00,3.75,71.25,4.66,0.00,0.00
O-007029,2025-09-26,S-02,หน้าร้าน,P-103,1,45.00,0.00,45.00,2.94,0.00,0.00
O-007030,2025-09-26,S-06,หน้าร้าน,P-101,2,70.00,3.50,66.50,4.35,0.00,0.00
O-007031,2025-09-26,S-06,หน้าร้าน,P-301,2,4900.00,245.00,4655.00,304.53,0.00,0.00
O-007032,2025-09-26,S-05,หน้าร้าน,P-101,1,35.00,7.00,28.00,1.83,0.00,0.00
O-007033,2025-09-26,S-05,หน้าร้าน,P-102,2,56.00,5.60,50.40,3.30,0.00,0.00
O-007034,2025-09-26,S-02,หน้าร้าน,P-302,1,3890.00,194.50,3695.50,241.76,0.00,0.00
O-007035,2025-09-26,S-90,ออนไลน์,P-103,2,90.00,4.50,85.50,5.59,0.00,0.00
O-007036,2025-09-26,S-04,หน้าร้าน,P-201,2,190.00,9.50,180.50,11.81,0.00,0.00
O-007037,2025-09-26,S-02,หน้าร้าน,P-101,2,70.00,7.00,63.00,4.12,0.00,0.00
O-007038,2025-09-26,S-90,ออนไลน์,P-203,1,75.00,3.75,71.25,4.66,35.00,0.00
O-007039,2025-09-26,S-03,หน้าร้าน,P-101,1,35.00,0.00,35.00,2.29,0.00,0.00
O-007040,2025-09-26,S-04,หน้าร้าน,P-203,2,150.00,15.00,135.00,8.83,0.00,0.00
O-007041,2025-09-26,S-01,หน้าร้าน,P-101,1,35.00,3.50,31.50,2.06,0.00,0.00
O-007042,2025-09-26,S-05,หน้าร้าน,P-301,2,4900.00,245.00,4655.00,304.53,0.00,0.00
O-007043,2025-09-26,S-05,หน้าร้าน,P-103,1,45.00,9.00,36.00,2.36,0.00,0.00
O-007044,2025-09-26,S-03,หน้าร้าน,P-102,3,84.00,4.20,79.80,5.22,0.00,0.00
O-007045,2025-09-26,S-90,ออนไลน์,P-301,2,4900.00,245.00,4655.00,304.53,0.00,0.00
O-007046,2025-09-26,S-04,หน้าร้าน,P-202,1,120.00,12.00,108.00,7.07,0.00,0.00
O-007047,2025-09-26,S-02,หน้าร้าน,P-103,1,45.00,2.25,42.75,2.80,0.00,0.00
O-007048,2025-09-26,S-02,หน้าร้าน,P-101,3,105.00,5.25,99.75,6.53,0.00,0.00
O-007049,2025-09-26,S-06,หน้าร้าน,P-301,3,7350.00,367.50,6982.50,456.80,0.00,0.00
O-007050,2025-09-26,S-90,ออนไลน์,P-203,1,75.00,7.50,67.50,4.42,0.00,0.00
O-007051,2025-09-26,S-04,หน้าร้าน,P-102,3,84.00,4.20,79.80,5.22,0.00,0.00
O-007052,2025-09-26,S-90,ออนไลน์,P-101,1,35.00,0.00,35.00,2.29,80.00,0.00
O-007053,2025-09-26,S-06,หน้าร้าน,P-201,1,95.00,19.00,76.00,4.97,0.00,0.00
O-007054,2025-09-26,S-01,หน้าร้าน,P-202,1,120.00,12.00,108.00,7.07,0.00,0.00
O-007055,2025-09-27,S-03,หน้าร้าน,P-101,2,70.00,0.00,70.00,4.58,0.00,0.00
O-007056,2025-09-27,S-03,หน้าร้าน,P-203,1,75.00,0.00,75.00,4.91,0.00,0.00
O-007057,2025-09-27,S-06,หน้าร้าน,P-201,1,95.00,0.00,95.00,6.21,0.00,0.00
O-007058,2025-09-27,S-05,หน้าร้าน,P-201,1,95.00,0.00,95.00,6.21,0.00,0.00
O-007059,2025-09-27,S-03,หน้าร้าน,P-202,1,120.00,0.00,120.00,7.85,0.00,0.00
O-007060,2025-09-27,S-06,หน้าร้าน,P-102,1,28.00,5.60,22.40,1.47,0.00,0.00
O-007061,2025-09-27,S-05,หน้าร้าน,P-101,1,35.00,3.50,31.50,2.06,0.00,0.00
O-007062,2025-09-27,S-90,ออนไลน์,P-302,2,7780.00,778.00,7002.00,458.07,80.00,0.00
O-007063,2025-09-27,S-04,หน้าร้าน,P-202,1,120.00,24.00,96.00,6.28,0.00,0.00
O-007064,2025-09-27,S-06,หน้าร้าน,P-103,3,135.00,13.50,121.50,7.95,0.00,0.00
O-007065,2025-09-27,S-90,ออนไลน์,P-102,2,56.00,5.60,50.40,3.30,35.00,0.00
O-007066,2025-09-27,S-04,หน้าร้าน,P-102,1,28.00,0.00,28.00,1.83,0.00,0.00
O-007067,2025-09-27,S-02,หน้าร้าน,P-102,1,28.00,2.80,25.20,1.65,0.00,0.00
O-007068,2025-09-27,S-01,หน้าร้าน,P-203,2,150.00,15.00,135.00,8.83,0.00,0.00
O-007069,2025-09-27,S-05,หน้าร้าน,P-301,1,2450.00,0.00,2450.00,160.28,0.00,0.00
O-007070,2025-09-27,S-04,หน้าร้าน,P-103,1,45.00,0.00,45.00,2.94,0.00,0.00
O-007071,2025-09-27,S-03,หน้าร้าน,P-201,1,95.00,19.00,76.00,4.97,0.00,0.00
O-007072,2025-09-27,S-90,ออนไลน์,P-103,2,90.00,4.50,85.50,5.59,35.00,0.00
O-007073,2025-09-27,S-90,ออนไลน์,P-302,1,3890.00,0.00,3890.00,254.49,80.00,0.00
O-007074,2025-09-27,S-90,ออนไลน์,P-302,1,3890.00,389.00,3501.00,229.04,35.00,0.00
O-007075,2025-09-27,S-03,หน้าร้าน,P-203,1,75.00,3.75,71.25,4.66,0.00,0.00
O-007076,2025-09-27,S-04,หน้าร้าน,P-201,3,285.00,57.00,228.00,14.92,0.00,0.00
O-007077,2025-09-27,S-06,หน้าร้าน,P-101,2,70.00,7.00,63.00,4.12,0.00,0.00
O-007078,2025-09-27,S-04,หน้าร้าน,P-302,3,11670.00,2334.00,9336.00,610.77,0.00,0.00
O-007079,2025-09-27,S-04,หน้าร้าน,P-203,1,75.00,0.00,75.00,4.91,0.00,0.00
O-007080,2025-09-27,S-05,หน้าร้าน,P-201,2,190.00,0.00,190.00,12.43,0.00,0.00
O-007081,2025-09-28,S-01,หน้าร้าน,P-103,3,135.00,0.00,135.00,8.83,0.00,0.00
O-007082,2025-09-28,S-02,หน้าร้าน,P-302,2,7780.00,1556.00,6224.00,407.18,0.00,0.00
O-007083,2025-09-28,S-02,หน้าร้าน,P-202,1,120.00,12.00,108.00,7.07,0.00,0.00
O-007084,2025-09-28,S-03,หน้าร้าน,P-102,1,28.00,5.60,22.40,1.47,0.00,0.00
O-007085,2025-09-28,S-01,หน้าร้าน,P-202,2,240.00,24.00,216.00,14.13,0.00,0.00
O-007086,2025-09-28,S-01,หน้าร้าน,P-203,1,75.00,7.50,67.50,4.42,0.00,0.00
O-007087,2025-09-28,S-03,หน้าร้าน,P-301,3,7350.00,367.50,6982.50,456.80,0.00,0.00
O-007088,2025-09-28,S-04,หน้าร้าน,P-302,1,3890.00,0.00,3890.00,254.49,0.00,0.00
O-007089,2025-09-28,S-04,หน้าร้าน,P-102,3,84.00,16.80,67.20,4.40,0.00,0.00
O-007090,2025-09-28,S-90,ออนไลน์,P-302,1,3890.00,194.50,3695.50,241.76,35.00,0.00
O-007091,2025-09-28,S-02,หน้าร้าน,P-103,1,45.00,2.25,42.75,2.80,0.00,0.00
O-007092,2025-09-28,S-02,หน้าร้าน,P-302,2,7780.00,0.00,7780.00,508.97,0.00,0.00
O-007093,2025-09-28,S-02,หน้าร้าน,P-103,2,90.00,4.50,85.50,5.59,0.00,0.00
O-007094,2025-09-28,S-06,หน้าร้าน,P-301,1,2450.00,0.00,2450.00,160.28,0.00,0.00
O-007095,2025-09-28,S-04,หน้าร้าน,P-102,5,140.00,7.00,133.00,8.70,0.00,0.00
O-007096,2025-09-28,S-02,หน้าร้าน,P-101,1,35.00,3.50,31.50,2.06,0.00,0.00
O-007097,2025-09-28,S-05,หน้าร้าน,P-203,1,75.00,7.50,67.50,4.42,0.00,0.00
O-007098,2025-09-28,S-02,หน้าร้าน,P-103,2,90.00,0.00,90.00,5.89,0.00,0.00
O-007099,2025-09-28,S-01,หน้าร้าน,P-202,1,120.00,6.00,114.00,7.46,0.00,0.00
O-007100,2025-09-28,S-06,หน้าร้าน,P-101,1,35.00,1.75,33.25,2.18,0.00,0.00
O-007101,2025-09-28,S-01,หน้าร้าน,P-101,1,35.00,1.75,33.25,2.18,0.00,0.00
O-007102,2025-09-28,S-06,หน้าร้าน,P-202,1,120.00,0.00,120.00,7.85,0.00,0.00
O-007103,2025-09-28,S-90,ออนไลน์,P-301,1,2450.00,122.50,2327.50,152.27,50.00,0.00
O-007104,2025-09-28,S-01,หน้าร้าน,P-102,2,56.00,2.80,53.20,3.48,0.00,0.00
O-007105,2025-09-29,S-90,ออนไลน์,P-302,1,3890.00,389.00,3501.00,229.04,50.00,0.00
O-007106,2025-09-29,S-01,หน้าร้าน,P-201,3,285.00,14.25,270.75,17.71,0.00,0.00
O-007107,2025-09-29,S-05,หน้าร้าน,P-202,3,360.00,0.00,360.00,23.55,0.00,0.00
O-007108,2025-09-29,S-04,หน้าร้าน,P-103,3,135.00,0.00,135.00,8.83,0.00,0.00
O-007109,2025-09-29,S-90,ออนไลน์,P-201,3,285.00,14.25,270.75,17.71,50.00,0.00
O-007110,2025-09-29,S-90,ออนไลน์,P-302,1,3890.00,778.00,3112.00,203.59,35.00,0.00
O-007111,2025-09-29,S-06,หน้าร้าน,P-301,1,2450.00,122.50,2327.50,152.27,0.00,0.00
O-007112,2025-09-29,S-05,หน้าร้าน,P-203,1,75.00,3.75,71.25,4.66,0.00,0.00
O-007113,2025-09-29,S-90,ออนไลน์,P-202,1,120.00,0.00,120.00,7.85,50.00,0.00
O-007114,2025-09-29,S-05,หน้าร้าน,P-203,1,75.00,0.00,75.00,4.91,0.00,0.00
O-007115,2025-09-29,S-04,หน้าร้าน,P-201,2,190.00,0.00,190.00,12.43,0.00,0.00
O-007116,2025-09-29,S-90,ออนไลน์,P-301,2,4900.00,245.00,4655.00,304.53,0.00,0.00
O-007117,2025-09-29,S-04,หน้าร้าน,P-302,3,11670.00,0.00,11670.00,763.46,0.00,0.00
O-007118,2025-09-29,S-01,หน้าร้าน,P-102,2,56.00,11.20,44.80,2.93,0.00,0.00
O-007119,2025-09-29,S-90,ออนไลน์,P-301,2,4900.00,245.00,4655.00,304.53,0.00,0.00
O-007120,2025-09-29,S-05,หน้าร้าน,P-101,2,70.00,3.50,66.50,4.35,0.00,0.00
O-007121,2025-09-29,S-03,หน้าร้าน,P-101,3,105.00,21.00,84.00,5.50,0.00,0.00
O-007122,2025-09-29,S-01,หน้าร้าน,P-301,1,2450.00,122.50,2327.50,152.27,0.00,0.00
O-007123,2025-09-29,S-02,หน้าร้าน,P-201,1,95.00,0.00,95.00,6.21,0.00,0.00
O-007124,2025-09-29,S-05,หน้าร้าน,P-203,1,75.00,0.00,75.00,4.91,0.00,0.00
O-007125,2025-09-29,S-04,หน้าร้าน,P-103,1,45.00,9.00,36.00,2.36,0.00,0.00
O-007126,2025-09-29,S-06,หน้าร้าน,P-103,3,135.00,13.50,121.50,7.95,0.00,0.00
O-007127,2025-09-29,S-04,หน้าร้าน,P-102,1,28.00,5.60,22.40,1.47,0.00,0.00
O-007128,2025-09-29,S-02,หน้าร้าน,P-302,1,3890.00,0.00,3890.00,254.49,0.00,0.00
O-007129,2025-09-29,S-04,หน้าร้าน,P-102,2,56.00,0.00,56.00,3.66,0.00,0.00
O-007130,2025-09-29,S-06,หน้าร้าน,P-102,2,56.00,5.60,50.40,3.30,0.00,0.00
O-007131,2025-09-29,S-04,หน้าร้าน,P-301,1,2450.00,0.00,2450.00,160.28,0.00,0.00
O-007132,2025-09-29,S-90,ออนไลน์,P-101,1,35.00,7.00,28.00,1.83,50.00,0.00
O-007133,2025-09-29,S-05,หน้าร้าน,P-301,1,2450.00,0.00,2450.00,160.28,0.00,0.00
O-007134,2025-09-29,S-04,หน้าร้าน,P-201,3,285.00,57.00,228.00,14.92,0.00,0.00
O-007135,2025-09-29,S-03,หน้าร้าน,P-103,1,45.00,2.25,42.75,2.80,0.00,0.00
O-007136,2025-09-29,S-90,ออนไลน์,P-103,1,45.00,4.50,40.50,2.65,80.00,0.00
O-007137,2025-09-29,S-03,หน้าร้าน,P-203,1,75.00,0.00,75.00,4.91,0.00,0.00
O-007138,2025-09-29,S-04,หน้าร้าน,P-302,1,3890.00,389.00,3501.00,229.04,0.00,0.00
O-007139,2025-09-30,S-03,หน้าร้าน,P-202,5,600.00,30.00,570.00,37.29,0.00,0.00
O-007140,2025-09-30,S-90,ออนไลน์,P-102,2,56.00,0.00,56.00,3.66,35.00,0.00
O-007141,2025-09-30,S-04,หน้าร้าน,P-202,1,120.00,24.00,96.00,6.28,0.00,0.00
O-007142,2025-09-30,S-04,หน้าร้าน,P-301,3,7350.00,367.50,6982.50,456.80,0.00,0.00
O-007143,2025-09-30,S-06,หน้าร้าน,P-202,1,120.00,6.00,114.00,7.46,0.00,0.00
O-007144,2025-09-30,S-05,หน้าร้าน,P-301,1,2450.00,245.00,2205.00,144.25,0.00,0.00
O-007145,2025-09-30,S-90,ออนไลน์,P-202,1,120.00,0.00,120.00,7.85,35.00,0.00
O-007146,2025-09-30,S-90,ออนไลน์,P-102,3,84.00,0.00,84.00,5.50,50.00,0.00
O-007147,2025-09-30,S-05,หน้าร้าน,P-202,1,120.00,24.00,96.00,6.28,0.00,0.00
O-007148,2025-09-30,S-04,หน้าร้าน,P-302,2,7780.00,0.00,7780.00,508.97,0.00,0.00
O-007149,2025-09-30,S-90,ออนไลน์,P-302,2,7780.00,389.00,7391.00,483.52,0.00,0.00
O-007150,2025-09-30,S-06,หน้าร้าน,P-103,1,45.00,0.00,45.00,2.94,0.00,0.00
O-007151,2025-09-30,S-04,หน้าร้าน,P-301,3,7350.00,0.00,7350.00,480.84,0.00,0.00
O-007152,2025-09-30,S-01,หน้าร้าน,P-103,1,45.00,9.00,36.00,2.36,0.00,0.00
O-007153,2025-09-30,S-90,ออนไลน์,P-202,1,120.00,12.00,108.00,7.07,50.00,0.00
O-007154,2025-09-30,S-06,หน้าร้าน,P-201,3,285.00,14.25,270.75,17.71,0.00,0.00
O-007155,2025-09-30,S-02,หน้าร้าน,P-201,1,95.00,0.00,95.00,6.21,0.00,0.00
O-007156,2025-09-30,S-05,หน้าร้าน,P-203,1,75.00,15.00,60.00,3.93,0.00,0.00
O-007157,2025-09-30,S-06,หน้าร้าน,P-301,2,4900.00,0.00,4900.00,320.56,0.00,0.00
O-007158,2025-09-30,S-03,หน้าร้าน,P-203,2,150.00,7.50,142.50,9.32,0.00,0.00
O-007159,2025-09-30,S-04,หน้าร้าน,P-102,5,140.00,28.00,112.00,7.33,0.00,0.00
O-007160,2025-09-30,S-01,หน้าร้าน,P-302,1,3890.00,0.00,3890.00,254.49,0.00,0.00
O-007161,2025-09-30,S-90,ออนไลน์,P-101,3,105.00,0.00,105.00,6.87,80.00,0.00
O-007162,2025-09-30,S-03,หน้าร้าน,P-101,2,70.00,7.00,63.00,4.12,0.00,0.00
O-007163,2025-09-30,S-06,หน้าร้าน,P-202,1,120.00,24.00,96.00,6.28,0.00,0.00
O-007164,2025-09-30,S-06,หน้าร้าน,P-102,2,56.00,0.00,56.00,3.66,0.00,0.00
O-007165,2025-09-30,S-90,ออนไลน์,P-103,2,90.00,18.00,72.00,4.71,35.00,0.00
O-007166,2025-09-30,S-06,หน้าร้าน,P-103,1,45.00,4.50,40.50,2.65,0.00,0.00
O-007167,2025-09-30,S-03,หน้าร้าน,P-203,1,75.00,0.00,75.00,4.91,0.00,0.00
O-007168,2025-09-30,S-90,ออนไลน์,P-202,1,120.00,0.00,120.00,7.85,0.00,0.00
O-007169,2025-09-30,S-05,หน้าร้าน,P-201,2,190.00,9.50,180.50,11.81,0.00,0.00
O-007170,2025-10-01,S-02,หน้าร้าน,P-102,1,28.00,0.00,28.00,1.83,0.00,0.00
O-007171,2025-10-01,S-05,หน้าร้าน,P-203,1,75.00,3.75,71.25,4.66,0.00,0.00
O-007172,2025-10-01,S-04,หน้าร้าน,P-201,1,95.00,9.50,85.50,5.59,0.00,0.00
O-007173,2025-10-01,S-02,หน้าร้าน,P-201,2,190.00,0.00,190.00,12.43,0.00,0.00
O-007174,2025-10-01,S-06,หน้าร้าน,P-201,2,190.00,0.00,190.00,12.43,0.00,0.00
O-007175,2025-10-01,S-05,หน้าร้าน,P-301,1,2450.00,122.50,2327.50,152.27,0.00,0.00
O-007176,2025-10-01,S-06,หน้าร้าน,P-201,1,95.00,19.00,76.00,4.97,0.00,0.00
O-007177,2025-10-01,S-04,หน้าร้าน,P-203,2,150.00,30.00,120.00,7.85,0.00,0.00
O-007178,2025-10-01,S-05,หน้าร้าน,P-103,1,45.00,9.00,36.00,2.36,0.00,0.00
O-007179,2025-10-01,S-90,ออนไลน์,P-102,2,56.00,0.00,56.00,3.66,35.00,0.00
O-007180,2025-10-01,S-02,หน้าร้าน,P-302,3,11670.00,0.00,11670.00,763.46,0.00,0.00
O-007181,2025-10-01,S-01,หน้าร้าน,P-301,1,2450.00,122.50,2327.50,152.27,0.00,0.00
O-007182,2025-10-01,S-05,หน้าร้าน,P-101,1,35.00,1.75,33.25,2.18,0.00,0.00
O-007183,2025-10-01,S-90,ออนไลน์,P-101,2,70.00,14.00,56.00,3.66,0.00,0.00
O-007184,2025-10-01,S-04,หน้าร้าน,P-201,1,95.00,0.00,95.00,6.21,0.00,0.00
O-007185,2025-10-01,S-90,ออนไลน์,P-102,2,56.00,0.00,56.00,3.66,0.00,0.00
O-007186,2025-10-01,S-01,หน้าร้าน,P-301,3,7350.00,367.50,6982.50,456.80,0.00,0.00
O-007187,2025-10-01,S-06,หน้าร้าน,P-201,2,190.00,38.00,152.00,9.94,0.00,0.00
O-007188,2025-10-01,S-06,หน้าร้าน,P-102,1,28.00,0.00,28.00,1.83,0.00,0.00
O-007189,2025-10-01,S-06,หน้าร้าน,P-301,2,4900.00,980.00,3920.00,256.45,0.00,0.00
O-007190,2025-10-01,S-05,หน้าร้าน,P-203,2,150.00,0.00,150.00,9.81,0.00,0.00
O-007191,2025-10-01,S-05,หน้าร้าน,P-102,2,56.00,11.20,44.80,2.93,0.00,0.00
O-007192,2025-10-01,S-01,หน้าร้าน,P-101,2,70.00,0.00,70.00,4.58,0.00,0.00
O-007193,2025-10-01,S-04,หน้าร้าน,P-202,3,360.00,18.00,342.00,22.37,0.00,0.00
O-007194,2025-10-01,S-05,หน้าร้าน,P-302,1,3890.00,0.00,3890.00,254.49,0.00,0.00
O-007195,2025-10-01,S-03,หน้าร้าน,P-101,3,105.00,0.00,105.00,6.87,0.00,0.00
O-007196,2025-10-01,S-04,หน้าร้าน,P-203,2,150.00,7.50,142.50,9.32,0.00,0.00
O-007197,2025-10-01,S-03,หน้าร้าน,P-203,1,75.00,7.50,67.50,4.42,0.00,0.00
O-007198,2025-10-01,S-05,หน้าร้าน,P-301,1,2450.00,245.00,2205.00,144.25,0.00,0.00
O-007199,2025-10-01,S-90,ออนไลน์,P-302,5,19450.00,972.50,18477.50,1208.81,35.00,0.00
O-007200,2025-10-01,S-03,หน้าร้าน,P-203,2,150.00,0.00,150.00,9.81,0.00,0.00
O-007201,2025-10-01,S-06,หน้าร้าน,P-101,1,35.00,1.75,33.25,2.18,0.00,0.00
O-007202,2025-10-01,S-90,ออนไลน์,P-101,2,70.00,7.00,63.00,4.12,0.00,0.00
O-007203,2025-10-01,S-04,หน้าร้าน,P-201,1,95.00,4.75,90.25,5.90,0.00,0.00
O-007204,2025-10-02,S-01,หน้าร้าน,P-201,1,95.00,19.00,76.00,4.97,0.00,0.00
O-007205,2025-10-02,S-04,หน้าร้าน,P-102,5,140.00,0.00,140.00,9.16,0.00,0.00
O-007206,2025-10-02,S-03,หน้าร้าน,P-302,1,3890.00,194.50,3695.50,241.76,0.00,0.00
O-007207,2025-10-02,S-01,หน้าร้าน,P-101,3,105.00,10.50,94.50,6.18,0.00,0.00
O-007208,2025-10-02,S-04,หน้าร้าน,P-201,3,285.00,0.00,285.00,18.64,0.00,0.00
O-007209,2025-10-02,S-05,หน้าร้าน,P-202,2,240.00,12.00,228.00,14.92,0.00,0.00
O-007210,2025-10-02,S-01,หน้าร้าน,P-302,2,7780.00,1556.00,6224.00,407.18,0.00,0.00
O-007211,2025-10-02,S-90,ออนไลน์,P-201,1,95.00,9.50,85.50,5.59,50.00,0.00
O-007212,2025-10-02,S-01,หน้าร้าน,P-202,2,240.00,48.00,192.00,12.56,0.00,0.00
O-007213,2025-10-02,S-03,หน้าร้าน,P-201,2,190.00,38.00,152.00,9.94,0.00,0.00
O-007214,2025-10-02,S-06,หน้าร้าน,P-302,1,3890.00,0.00,3890.00,254.49,0.00,0.00
O-007215,2025-10-02,S-06,หน้าร้าน,P-203,2,150.00,30.00,120.00,7.85,0.00,0.00
O-007216,2025-10-02,S-05,หน้าร้าน,P-202,1,120.00,0.00,120.00,7.85,0.00,0.00
O-007217,2025-10-02,S-01,หน้าร้าน,P-102,3,84.00,0.00,84.00,5.50,0.00,0.00
O-007218,2025-10-02,S-01,หน้าร้าน,P-103,1,45.00,9.00,36.00,2.36,0.00,0.00
O-007219,2025-10-02,S-02,หน้าร้าน,P-302,3,11670.00,0.00,11670.00,763.46,0.00,0.00
O-007220,2025-10-02,S-04,หน้าร้าน,P-202,5,600.00,0.00,600.00,39.25,0.00,0.00
O-007221,2025-10-02,S-06,หน้าร้าน,P-203,1,75.00,0.00,75.00,4.91,0.00,0.00
O-007222,2025-10-02,S-03,หน้าร้าน,P-102,3,84.00,4.20,79.80,5.22,0.00,0.00
O-007223,2025-10-02,S-06,หน้าร้าน,P-201,2,190.00,38.00,152.00,9.94,0.00,0.00
O-007224,2025-10-02,S-06,หน้าร้าน,P-101,1,35.00,1.75,33.25,2.18,0.00,0.00
O-007225,2025-10-02,S-06,หน้าร้าน,P-301,1,2450.00,0.00,2450.00,160.28,0.00,0.00
O-007226,2025-10-02,S-01,หน้าร้าน,P-102,3,84.00,0.00,84.00,5.50,0.00,0.00
O-007227,2025-10-02,S-02,หน้าร้าน,P-201,2,190.00,19.00,171.00,11.19,0.00,0.00
O-007228,2025-10-02,S-01,หน้าร้าน,P-201,1,95.00,0.00,95.00,6.21,0.00,0.00
O-007229,2025-10-02,S-90,ออนไลน์,P-101,2,70.00,0.00,70.00,4.58,0.00,0.00
O-007230,2025-10-02,S-06,หน้าร้าน,P-202,5,600.00,60.00,540.00,35.33,0.00,0.00
O-007231,2025-10-02,S-04,หน้าร้าน,P-101,3,105.00,21.00,84.00,5.50,0.00,0.00
O-007232,2025-10-02,S-04,หน้าร้าน,P-203,2,150.00,7.50,142.50,9.32,0.00,0.00
O-007233,2025-10-02,S-90,ออนไลน์,P-102,2,56.00,2.80,53.20,3.48,0.00,0.00
O-007234,2025-10-02,S-06,หน้าร้าน,P-102,1,28.00,0.00,28.00,1.83,0.00,0.00
O-007235,2025-10-02,S-06,หน้าร้าน,P-201,1,95.00,0.00,95.00,6.21,0.00,0.00
O-007236,2025-10-03,S-06,หน้าร้าน,P-103,1,45.00,2.25,42.75,2.80,0.00,0.00
O-007237,2025-10-03,S-04,หน้าร้าน,P-302,2,7780.00,389.00,7391.00,483.52,0.00,0.00
O-007238,2025-10-03,S-01,หน้าร้าน,P-301,1,2450.00,0.00,2450.00,160.28,0.00,0.00
O-007239,2025-10-03,S-03,หน้าร้าน,P-103,2,90.00,18.00,72.00,4.71,0.00,0.00
O-007240,2025-10-03,S-04,หน้าร้าน,P-101,1,35.00,7.00,28.00,1.83,0.00,0.00
O-007241,2025-10-03,S-01,หน้าร้าน,P-301,1,2450.00,0.00,2450.00,160.28,0.00,0.00
O-007242,2025-10-03,S-02,หน้าร้าน,P-202,2,240.00,48.00,192.00,12.56,0.00,0.00
O-007243,2025-10-03,S-04,หน้าร้าน,P-202,1,120.00,0.00,120.00,7.85,0.00,0.00
O-007244,2025-10-03,S-01,หน้าร้าน,P-301,2,4900.00,980.00,3920.00,256.45,0.00,0.00
O-007245,2025-10-03,S-01,หน้าร้าน,P-203,5,375.00,75.00,300.00,19.63,0.00,0.00
O-007246,2025-10-03,S-02,หน้าร้าน,P-101,2,70.00,0.00,70.00,4.58,0.00,0.00
O-007247,2025-10-03,S-02,หน้าร้าน,P-202,2,240.00,48.00,192.00,12.56,0.00,0.00
O-007248,2025-10-03,S-06,หน้าร้าน,P-203,2,150.00,0.00,150.00,9.81,0.00,0.00
O-007249,2025-10-03,S-01,หน้าร้าน,P-302,1,3890.00,0.00,3890.00,254.49,0.00,0.00
O-007250,2025-10-03,S-03,หน้าร้าน,P-203,1,75.00,7.50,67.50,4.42,0.00,0.00
O-007251,2025-10-03,S-03,หน้าร้าน,P-102,1,28.00,0.00,28.00,1.83,0.00,0.00
O-007252,2025-10-03,S-06,หน้าร้าน,P-201,2,190.00,19.00,171.00,11.19,0.00,0.00
O-007253,2025-10-03,S-04,หน้าร้าน,P-202,2,240.00,0.00,240.00,15.70,0.00,0.00
O-007254,2025-10-03,S-90,ออนไลน์,P-201,2,190.00,19.00,171.00,11.19,35.00,0.00
O-007255,2025-10-03,S-04,หน้าร้าน,P-202,3,360.00,18.00,342.00,22.37,0.00,0.00
O-007256,2025-10-03,S-05,หน้าร้าน,P-102,1,28.00,1.40,26.60,1.74,0.00,26.60
O-007257,2025-10-03,S-06,หน้าร้าน,P-103,3,135.00,6.75,128.25,8.39,0.00,0.00
O-007258,2025-10-03,S-06,หน้าร้าน,P-301,1,2450.00,245.00,2205.00,144.25,0.00,0.00
O-007259,2025-10-03,S-90,ออนไลน์,P-102,1,28.00,1.40,26.60,1.74,0.00,0.00
O-007260,2025-10-03,S-90,ออนไลน์,P-101,2,70.00,3.50,66.50,4.35,0.00,0.00
O-007261,2025-10-03,S-04,หน้าร้าน,P-202,2,240.00,0.00,240.00,15.70,0.00,0.00
O-007262,2025-10-04,S-06,หน้าร้าน,P-203,1,75.00,0.00,75.00,4.91,0.00,0.00
O-007263,2025-10-04,S-02,หน้าร้าน,P-302,2,7780.00,1556.00,6224.00,407.18,0.00,0.00
O-007264,2025-10-04,S-04,หน้าร้าน,P-302,1,3890.00,389.00,3501.00,229.04,0.00,0.00
O-007265,2025-10-04,S-90,ออนไลน์,P-103,2,90.00,9.00,81.00,5.30,35.00,0.00
O-007266,2025-10-04,S-05,หน้าร้าน,P-202,1,120.00,0.00,120.00,7.85,0.00,0.00
O-007267,2025-10-04,S-06,หน้าร้าน,P-102,1,28.00,2.80,25.20,1.65,0.00,0.00
O-007268,2025-10-04,S-02,หน้าร้าน,P-103,1,45.00,0.00,45.00,2.94,0.00,0.00
O-007269,2025-10-04,S-03,หน้าร้าน,P-103,2,90.00,9.00,81.00,5.30,0.00,0.00
O-007270,2025-10-04,S-02,หน้าร้าน,P-201,1,95.00,9.50,85.50,5.59,0.00,0.00
O-007271,2025-10-04,S-02,หน้าร้าน,P-102,2,56.00,11.20,44.80,2.93,0.00,0.00
O-007272,2025-10-04,S-02,หน้าร้าน,P-201,1,95.00,4.75,90.25,5.90,0.00,0.00
O-007273,2025-10-04,S-05,หน้าร้าน,P-302,1,3890.00,0.00,3890.00,254.49,0.00,0.00
O-007274,2025-10-04,S-90,ออนไลน์,P-103,1,45.00,9.00,36.00,2.36,35.00,0.00
O-007275,2025-10-04,S-05,หน้าร้าน,P-103,2,90.00,4.50,85.50,5.59,0.00,0.00
O-007276,2025-10-04,S-05,หน้าร้าน,P-101,1,35.00,3.50,31.50,2.06,0.00,0.00
O-007277,2025-10-04,S-04,หน้าร้าน,P-103,1,45.00,9.00,36.00,2.36,0.00,0.00
O-007278,2025-10-04,S-03,หน้าร้าน,P-103,1,45.00,0.00,45.00,2.94,0.00,0.00
O-007279,2025-10-04,S-01,หน้าร้าน,P-201,1,95.00,0.00,95.00,6.21,0.00,0.00
O-007280,2025-10-04,S-01,หน้าร้าน,P-302,1,3890.00,0.00,3890.00,254.49,0.00,0.00
O-007281,2025-10-04,S-03,หน้าร้าน,P-302,1,3890.00,194.50,3695.50,241.76,0.00,0.00
O-007282,2025-10-04,S-04,หน้าร้าน,P-301,1,2450.00,0.00,2450.00,160.28,0.00,0.00
O-007283,2025-10-04,S-06,หน้าร้าน,P-103,1,45.00,0.00,45.00,2.94,0.00,0.00
O-007284,2025-10-04,S-01,หน้าร้าน,P-201,1,95.00,9.50,85.50,5.59,0.00,0.00
O-007285,2025-10-04,S-01,หน้าร้าน,P-302,1,3890.00,389.00,3501.00,229.04,0.00,0.00
O-007286,2025-10-04,S-04,หน้าร้าน,P-301,1,2450.00,245.00,2205.00,144.25,0.00,0.00
O-007287,2025-10-04,S-01,หน้าร้าน,P-302,2,7780.00,0.00,7780.00,508.97,0.00,0.00
O-007288,2025-10-04,S-06,หน้าร้าน,P-203,1,75.00,3.75,71.25,4.66,0.00,0.00
O-007289,2025-10-04,S-01,หน้าร้าน,P-101,1,35.00,3.50,31.50,2.06,0.00,0.00
O-007290,2025-10-04,S-05,หน้าร้าน,P-101,1,35.00,1.75,33.25,2.18,0.00,0.00
O-007291,2025-10-04,S-01,หน้าร้าน,P-101,1,35.00,0.00,35.00,2.29,0.00,0.00
O-007292,2025-10-04,S-03,หน้าร้าน,P-202,1,120.00,0.00,120.00,7.85,0.00,0.00
O-007293,2025-10-04,S-03,หน้าร้าน,P-202,1,120.00,12.00,108.00,7.07,0.00,0.00
O-007294,2025-10-04,S-05,หน้าร้าน,P-101,3,105.00,0.00,105.00,6.87,0.00,0.00
O-007295,2025-10-04,S-02,หน้าร้าน,P-103,5,225.00,0.00,225.00,14.72,0.00,0.00
O-007296,2025-10-05,S-04,หน้าร้าน,P-203,3,225.00,0.00,225.00,14.72,0.00,0.00
O-007297,2025-10-05,S-01,หน้าร้าน,P-301,5,12250.00,1225.00,11025.00,721.26,0.00,0.00
O-007298,2025-10-05,S-03,หน้าร้าน,P-202,1,120.00,0.00,120.00,7.85,0.00,0.00
O-007299,2025-10-05,S-04,หน้าร้าน,P-202,2,240.00,0.00,240.00,15.70,0.00,0.00
O-007300,2025-10-05,S-06,หน้าร้าน,P-301,2,4900.00,980.00,3920.00,256.45,0.00,0.00
O-007301,2025-10-05,S-01,หน้าร้าน,P-201,2,190.00,19.00,171.00,11.19,0.00,0.00
O-007302,2025-10-05,S-03,หน้าร้าน,P-201,1,95.00,4.75,90.25,5.90,0.00,0.00
O-007303,2025-10-05,S-01,หน้าร้าน,P-203,1,75.00,7.50,67.50,4.42,0.00,0.00
O-007304,2025-10-05,S-01,หน้าร้าน,P-301,1,2450.00,490.00,1960.00,128.22,0.00,0.00
O-007305,2025-10-05,S-05,หน้าร้าน,P-102,1,28.00,2.80,25.20,1.65,0.00,0.00
O-007306,2025-10-05,S-01,หน้าร้าน,P-202,1,120.00,12.00,108.00,7.07,0.00,0.00
O-007307,2025-10-05,S-90,ออนไลน์,P-301,1,2450.00,0.00,2450.00,160.28,0.00,0.00
O-007308,2025-10-05,S-03,หน้าร้าน,P-103,2,90.00,4.50,85.50,5.59,0.00,0.00
O-007309,2025-10-05,S-90,ออนไลน์,P-202,1,120.00,0.00,120.00,7.85,0.00,0.00
O-007310,2025-10-05,S-01,หน้าร้าน,P-301,2,4900.00,980.00,3920.00,256.45,0.00,0.00
O-007311,2025-10-05,S-02,หน้าร้าน,P-102,2,56.00,5.60,50.40,3.30,0.00,0.00
O-007312,2025-10-05,S-02,หน้าร้าน,P-302,2,7780.00,0.00,7780.00,508.97,0.00,0.00
O-007313,2025-10-05,S-03,หน้าร้าน,P-102,1,28.00,1.40,26.60,1.74,0.00,0.00
O-007314,2025-10-06,S-01,หน้าร้าน,P-301,1,2450.00,122.50,2327.50,152.27,0.00,0.00
O-007315,2025-10-06,S-01,หน้าร้าน,P-201,5,475.00,47.50,427.50,27.97,0.00,0.00
O-007316,2025-10-06,S-01,หน้าร้าน,P-203,1,75.00,15.00,60.00,3.93,0.00,0.00
O-007317,2025-10-06,S-90,ออนไลน์,P-102,2,56.00,0.00,56.00,3.66,80.00,0.00
O-007318,2025-10-06,S-06,หน้าร้าน,P-203,1,75.00,7.50,67.50,4.42,0.00,0.00
O-007319,2025-10-06,S-04,หน้าร้าน,P-103,1,45.00,9.00,36.00,2.36,0.00,0.00
O-007320,2025-10-06,S-02,หน้าร้าน,P-101,2,70.00,0.00,70.00,4.58,0.00,0.00
O-007321,2025-10-06,S-02,หน้าร้าน,P-103,1,45.00,2.25,42.75,2.80,0.00,0.00
O-007322,2025-10-06,S-04,หน้าร้าน,P-203,1,75.00,7.50,67.50,4.42,0.00,0.00
O-007323,2025-10-06,S-02,หน้าร้าน,P-201,1,95.00,0.00,95.00,6.21,0.00,0.00
O-007324,2025-10-06,S-05,หน้าร้าน,P-202,2,240.00,48.00,192.00,12.56,0.00,0.00
O-007325,2025-10-06,S-05,หน้าร้าน,P-201,1,95.00,0.00,95.00,6.21,0.00,0.00
O-007326,2025-10-06,S-90,ออนไลน์,P-302,1,3890.00,194.50,3695.50,241.76,35.00,0.00
O-007327,2025-10-06,S-02,หน้าร้าน,P-302,1,3890.00,389.00,3501.00,229.04,0.00,0.00
O-007328,2025-10-06,S-02,หน้าร้าน,P-201,2,190.00,19.00,171.00,11.19,0.00,0.00
O-007329,2025-10-06,S-05,หน้าร้าน,P-301,2,4900.00,245.00,4655.00,304.53,0.00,0.00
O-007330,2025-10-06,S-03,หน้าร้าน,P-301,5,12250.00,612.50,11637.50,761.33,0.00,0.00
O-007331,2025-10-06,S-02,หน้าร้าน,P-101,1,35.00,1.75,33.25,2.18,0.00,0.00
O-007332,2025-10-06,S-03,หน้าร้าน,P-202,1,120.00,12.00,108.00,7.07,0.00,0.00
O-007333,2025-10-06,S-04,หน้าร้าน,P-202,1,120.00,12.00,108.00,7.07,0.00,0.00
O-007334,2025-10-06,S-06,หน้าร้าน,P-202,2,240.00,12.00,228.00,14.92,0.00,0.00
O-007335,2025-10-06,S-05,หน้าร้าน,P-101,3,105.00,21.00,84.00,5.50,0.00,0.00
O-007336,2025-10-06,S-01,หน้าร้าน,P-203,2,150.00,15.00,135.00,8.83,0.00,0.00
O-007337,2025-10-06,S-04,หน้าร้าน,P-203,1,75.00,3.75,71.25,4.66,0.00,0.00
O-007338,2025-10-06,S-01,หน้าร้าน,P-102,2,56.00,5.60,50.40,3.30,0.00,0.00
O-007339,2025-10-06,S-90,ออนไลน์,P-203,2,150.00,30.00,120.00,7.85,50.00,0.00
O-007340,2025-10-06,S-02,หน้าร้าน,P-201,1,95.00,19.00,76.00,4.97,0.00,0.00
O-007341,2025-10-06,S-01,หน้าร้าน,P-202,1,120.00,0.00,120.00,7.85,0.00,0.00
O-007342,2025-10-06,S-05,หน้าร้าน,P-103,1,45.00,4.50,40.50,2.65,0.00,0.00
O-007343,2025-10-06,S-01,หน้าร้าน,P-302,1,3890.00,389.00,3501.00,229.04,0.00,0.00
O-007344,2025-10-06,S-05,หน้าร้าน,P-102,2,56.00,5.60,50.40,3.30,0.00,0.00
O-007345,2025-10-06,S-04,หน้าร้าน,P-201,5,475.00,47.50,427.50,27.97,0.00,0.00
O-007346,2025-10-06,S-05,หน้าร้าน,P-202,1,120.00,0.00,120.00,7.85,0.00,0.00
O-007347,2025-10-06,S-06,หน้าร้าน,P-201,2,190.00,38.00,152.00,9.94,0.00,0.00
O-007348,2025-10-07,S-90,ออนไลน์,P-201,1,95.00,9.50,85.50,5.59,35.00,0.00
O-007349,2025-10-07,S-01,หน้าร้าน,P-102,1,28.00,0.00,28.00,1.83,0.00,0.00
O-007350,2025-10-07,S-06,หน้าร้าน,P-203,1,75.00,0.00,75.00,4.91,0.00,0.00
O-007351,2025-10-07,S-90,ออนไลน์,P-302,1,3890.00,0.00,3890.00,254.49,80.00,0.00
O-007352,2025-10-07,S-01,หน้าร้าน,P-101,1,35.00,0.00,35.00,2.29,0.00,0.00
O-007353,2025-10-07,S-02,หน้าร้าน,P-103,1,45.00,0.00,45.00,2.94,0.00,0.00
O-007354,2025-10-07,S-03,หน้าร้าน,P-203,3,225.00,22.50,202.50,13.25,0.00,0.00
O-007355,2025-10-07,S-04,หน้าร้าน,P-301,3,7350.00,1470.00,5880.00,384.67,0.00,0.00
O-007356,2025-10-07,S-04,หน้าร้าน,P-201,1,95.00,0.00,95.00,6.21,0.00,0.00
O-007357,2025-10-07,S-03,หน้าร้าน,P-201,1,95.00,4.75,90.25,5.90,0.00,0.00
O-007358,2025-10-07,S-04,หน้าร้าน,P-202,3,360.00,0.00,360.00,23.55,0.00,0.00
O-007359,2025-10-07,S-04,หน้าร้าน,P-203,5,375.00,0.00,375.00,24.53,0.00,0.00
O-007360,2025-10-07,S-03,หน้าร้าน,P-102,2,56.00,11.20,44.80,2.93,0.00,0.00
O-007361,2025-10-07,S-01,หน้าร้าน,P-103,1,45.00,0.00,45.00,2.94,0.00,0.00
O-007362,2025-10-07,S-03,หน้าร้าน,P-302,2,7780.00,778.00,7002.00,458.07,0.00,0.00
O-007363,2025-10-07,S-03,หน้าร้าน,P-301,2,4900.00,0.00,4900.00,320.56,0.00,0.00
O-007364,2025-10-07,S-05,หน้าร้าน,P-302,3,11670.00,0.00,11670.00,763.46,0.00,0.00
O-007365,2025-10-07,S-06,หน้าร้าน,P-201,1,95.00,9.50,85.50,5.59,0.00,0.00
O-007366,2025-10-07,S-90,ออนไลน์,P-103,1,45.00,4.50,40.50,2.65,0.00,0.00
O-007367,2025-10-07,S-03,หน้าร้าน,P-102,1,28.00,5.60,22.40,1.47,0.00,0.00
O-007368,2025-10-07,S-05,หน้าร้าน,P-103,1,45.00,2.25,42.75,2.80,0.00,0.00
O-007369,2025-10-07,S-02,หน้าร้าน,P-301,1,2450.00,245.00,2205.00,144.25,0.00,0.00
O-007370,2025-10-07,S-04,หน้าร้าน,P-102,5,140.00,14.00,126.00,8.24,0.00,0.00
O-007371,2025-10-08,S-06,หน้าร้าน,P-301,2,4900.00,0.00,4900.00,320.56,0.00,0.00
O-007372,2025-10-08,S-01,หน้าร้าน,P-302,5,19450.00,0.00,19450.00,1272.43,0.00,0.00
O-007373,2025-10-08,S-01,หน้าร้าน,P-301,1,2450.00,122.50,2327.50,152.27,0.00,0.00
O-007374,2025-10-08,S-06,หน้าร้าน,P-301,1,2450.00,122.50,2327.50,152.27,0.00,0.00
O-007375,2025-10-08,S-02,หน้าร้าน,P-302,2,7780.00,389.00,7391.00,483.52,0.00,0.00
O-007376,2025-10-08,S-05,หน้าร้าน,P-202,1,120.00,6.00,114.00,7.46,0.00,0.00
O-007377,2025-10-08,S-90,ออนไลน์,P-201,1,95.00,0.00,95.00,6.21,50.00,0.00
O-007378,2025-10-08,S-90,ออนไลน์,P-302,1,3890.00,0.00,3890.00,254.49,0.00,0.00
O-007379,2025-10-08,S-03,หน้าร้าน,P-301,3,7350.00,735.00,6615.00,432.76,0.00,0.00
O-007380,2025-10-08,S-06,หน้าร้าน,P-202,1,120.00,6.00,114.00,7.46,0.00,0.00
O-007381,2025-10-08,S-06,หน้าร้าน,P-302,1,3890.00,0.00,3890.00,254.49,0.00,0.00
O-007382,2025-10-08,S-04,หน้าร้าน,P-103,2,90.00,0.00,90.00,5.89,0.00,0.00
O-007383,2025-10-08,S-06,หน้าร้าน,P-202,3,360.00,18.00,342.00,22.37,0.00,0.00
O-007384,2025-10-08,S-03,หน้าร้าน,P-103,2,90.00,4.50,85.50,5.59,0.00,0.00
O-007385,2025-10-08,S-04,หน้าร้าน,P-302,1,3890.00,0.00,3890.00,254.49,0.00,0.00
O-007386,2025-10-08,S-06,หน้าร้าน,P-102,1,28.00,0.00,28.00,1.83,0.00,0.00
O-007387,2025-10-08,S-03,หน้าร้าน,P-202,1,120.00,6.00,114.00,7.46,0.00,0.00
O-007388,2025-10-08,S-02,หน้าร้าน,P-202,1,120.00,12.00,108.00,7.07,0.00,0.00
O-007389,2025-10-08,S-90,ออนไลน์,P-102,2,56.00,5.60,50.40,3.30,0.00,0.00
O-007390,2025-10-08,S-02,หน้าร้าน,P-202,1,120.00,12.00,108.00,7.07,0.00,0.00
O-007391,2025-10-08,S-03,หน้าร้าน,P-101,3,105.00,5.25,99.75,6.53,0.00,0.00
O-007392,2025-10-08,S-90,ออนไลน์,P-102,1,28.00,0.00,28.00,1.83,0.00,0.00
O-007393,2025-10-08,S-04,หน้าร้าน,P-202,1,120.00,24.00,96.00,6.28,0.00,0.00
O-007394,2025-10-08,S-03,หน้าร้าน,P-203,1,75.00,15.00,60.00,3.93,0.00,0.00
O-007395,2025-10-08,S-90,ออนไลน์,P-202,2,240.00,0.00,240.00,15.70,0.00,0.00
O-007396,2025-10-08,S-03,หน้าร้าน,P-201,5,475.00,95.00,380.00,24.86,0.00,0.00
O-007397,2025-10-08,S-06,หน้าร้าน,P-101,2,70.00,0.00,70.00,4.58,0.00,0.00
O-007398,2025-10-08,S-03,หน้าร้าน,P-201,1,95.00,9.50,85.50,5.59,0.00,0.00
O-007399,2025-10-08,S-01,หน้าร้าน,P-302,1,3890.00,0.00,3890.00,254.49,0.00,0.00
O-007400,2025-10-09,S-04,หน้าร้าน,P-203,1,75.00,7.50,67.50,4.42,0.00,0.00
O-007401,2025-10-09,S-04,หน้าร้าน,P-202,1,120.00,6.00,114.00,7.46,0.00,0.00
O-007402,2025-10-09,S-02,หน้าร้าน,P-201,2,190.00,0.00,190.00,12.43,0.00,0.00
O-007403,2025-10-09,S-05,หน้าร้าน,P-302,2,7780.00,0.00,7780.00,508.97,0.00,0.00
O-007404,2025-10-09,S-06,หน้าร้าน,P-202,3,360.00,0.00,360.00,23.55,0.00,0.00
O-007405,2025-10-09,S-04,หน้าร้าน,P-102,1,28.00,0.00,28.00,1.83,0.00,0.00
O-007406,2025-10-09,S-90,ออนไลน์,P-102,1,28.00,0.00,28.00,1.83,50.00,0.00
O-007407,2025-10-09,S-05,หน้าร้าน,P-203,2,150.00,0.00,150.00,9.81,0.00,0.00
O-007408,2025-10-09,S-90,ออนไลน์,P-103,3,135.00,27.00,108.00,7.07,0.00,0.00
O-007409,2025-10-09,S-90,ออนไลน์,P-201,2,190.00,38.00,152.00,9.94,35.00,0.00
O-007410,2025-10-09,S-03,หน้าร้าน,P-103,3,135.00,6.75,128.25,8.39,0.00,0.00
O-007411,2025-10-09,S-06,หน้าร้าน,P-203,2,150.00,15.00,135.00,8.83,0.00,0.00
O-007412,2025-10-09,S-03,หน้าร้าน,P-301,1,2450.00,245.00,2205.00,144.25,0.00,0.00
O-007413,2025-10-09,S-03,หน้าร้าน,P-301,3,7350.00,0.00,7350.00,480.84,0.00,0.00
O-007414,2025-10-09,S-06,หน้าร้าน,P-103,3,135.00,13.50,121.50,7.95,0.00,0.00
O-007415,2025-10-09,S-05,หน้าร้าน,P-203,1,75.00,0.00,75.00,4.91,0.00,0.00
O-007416,2025-10-09,S-90,ออนไลน์,P-201,1,95.00,0.00,95.00,6.21,50.00,0.00
O-007417,2025-10-09,S-03,หน้าร้าน,P-201,1,95.00,9.50,85.50,5.59,0.00,0.00
O-007418,2025-10-09,S-05,หน้าร้าน,P-103,1,45.00,2.25,42.75,2.80,0.00,0.00
O-007419,2025-10-10,S-04,หน้าร้าน,P-201,2,190.00,9.50,180.50,11.81,0.00,0.00
O-007420,2025-10-10,S-05,หน้าร้าน,P-102,1,28.00,0.00,28.00,1.83,0.00,0.00
O-007421,2025-10-10,S-04,หน้าร้าน,P-103,1,45.00,4.50,40.50,2.65,0.00,0.00
O-007422,2025-10-10,S-90,ออนไลน์,P-102,1,28.00,2.80,25.20,1.65,80.00,0.00
O-007423,2025-10-10,S-03,หน้าร้าน,P-301,1,2450.00,490.00,1960.00,128.22,0.00,0.00
O-007424,2025-10-10,S-03,หน้าร้าน,P-203,1,75.00,15.00,60.00,3.93,0.00,0.00
O-007425,2025-10-10,S-05,หน้าร้าน,P-201,1,95.00,4.75,90.25,5.90,0.00,0.00
O-007426,2025-10-10,S-01,หน้าร้าน,P-201,5,475.00,0.00,475.00,31.07,0.00,0.00
O-007427,2025-10-10,S-90,ออนไลน์,P-203,1,75.00,0.00,75.00,4.91,80.00,0.00
O-007428,2025-10-10,S-06,หน้าร้าน,P-102,3,84.00,8.40,75.60,4.95,0.00,0.00
O-007429,2025-10-10,S-02,หน้าร้าน,P-302,2,7780.00,0.00,7780.00,508.97,0.00,0.00
O-007430,2025-10-10,S-90,ออนไลน์,P-101,1,35.00,1.75,33.25,2.18,0.00,0.00
O-007431,2025-10-10,S-06,หน้าร้าน,P-201,2,190.00,9.50,180.50,11.81,0.00,0.00
O-007432,2025-10-10,S-01,หน้าร้าน,P-301,3,7350.00,0.00,7350.00,480.84,0.00,0.00
O-007433,2025-10-10,S-90,ออนไลน์,P-101,2,70.00,3.50,66.50,4.35,50.00,0.00
O-007434,2025-10-10,S-03,หน้าร้าน,P-102,1,28.00,0.00,28.00,1.83,0.00,0.00
O-007435,2025-10-10,S-90,ออนไลน์,P-301,2,4900.00,490.00,4410.00,288.50,0.00,0.00
O-007436,2025-10-10,S-03,หน้าร้าน,P-102,1,28.00,1.40,26.60,1.74,0.00,0.00
O-007437,2025-10-10,S-03,หน้าร้าน,P-202,3,360.00,0.00,360.00,23.55,0.00,0.00
O-007438,2025-10-10,S-01,หน้าร้าน,P-201,1,95.00,0.00,95.00,6.21,0.00,0.00
O-007439,2025-10-10,S-02,หน้าร้าน,P-103,1,45.00,4.50,40.50,2.65,0.00,0.00
O-007440,2025-10-10,S-04,หน้าร้าน,P-102,1,28.00,2.80,25.20,1.65,0.00,0.00
O-007441,2025-10-10,S-03,หน้าร้าน,P-103,1,45.00,9.00,36.00,2.36,0.00,0.00
O-007442,2025-10-11,S-05,หน้าร้าน,P-102,1,28.00,0.00,28.00,1.83,0.00,0.00
O-007443,2025-10-11,S-05,หน้าร้าน,P-302,3,11670.00,2334.00,9336.00,610.77,0.00,0.00
O-007444,2025-10-11,S-90,ออนไลน์,P-201,1,95.00,0.00,95.00,6.21,0.00,0.00
O-007445,2025-10-11,S-01,หน้าร้าน,P-101,2,70.00,3.50,66.50,4.35,0.00,0.00
O-007446,2025-10-11,S-01,หน้าร้าน,P-102,2,56.00,5.60,50.40,3.30,0.00,0.00
O-007447,2025-10-11,S-01,หน้าร้าน,P-102,2,56.00,5.60,50.40,3.30,0.00,0.00
O-007448,2025-10-11,S-05,หน้าร้าน,P-203,2,150.00,0.00,150.00,9.81,0.00,0.00
O-007449,2025-10-11,S-01,หน้าร้าน,P-102,1,28.00,2.80,25.20,1.65,0.00,0.00
O-007450,2025-10-11,S-06,หน้าร้าน,P-301,1,2450.00,122.50,2327.50,152.27,0.00,0.00
O-007451,2025-10-11,S-04,หน้าร้าน,P-201,2,190.00,38.00,152.00,9.94,0.00,0.00
O-007452,2025-10-11,S-05,หน้าร้าน,P-302,1,3890.00,389.00,3501.00,229.04,0.00,0.00
O-007453,2025-10-11,S-04,หน้าร้าน,P-301,1,2450.00,122.50,2327.50,152.27,0.00,0.00
O-007454,2025-10-11,S-02,หน้าร้าน,P-201,1,95.00,9.50,85.50,5.59,0.00,0.00
O-007455,2025-10-11,S-02,หน้าร้าน,P-302,2,7780.00,389.00,7391.00,483.52,0.00,0.00
O-007456,2025-10-11,S-01,หน้าร้าน,P-102,2,56.00,2.80,53.20,3.48,0.00,0.00
O-007457,2025-10-11,S-05,หน้าร้าน,P-102,1,28.00,0.00,28.00,1.83,0.00,0.00
O-007458,2025-10-11,S-01,หน้าร้าน,P-201,2,190.00,9.50,180.50,11.81,0.00,0.00
O-007459,2025-10-11,S-05,หน้าร้าน,P-202,2,240.00,0.00,240.00,15.70,0.00,0.00
O-007460,2025-10-11,S-01,หน้าร้าน,P-101,5,175.00,8.75,166.25,10.88,0.00,0.00
O-007461,2025-10-11,S-90,ออนไลน์,P-301,1,2450.00,245.00,2205.00,144.25,0.00,0.00
O-007462,2025-10-11,S-90,ออนไลน์,P-301,1,2450.00,490.00,1960.00,128.22,0.00,0.00
O-007463,2025-10-11,S-90,ออนไลน์,P-203,2,150.00,30.00,120.00,7.85,80.00,0.00
O-007464,2025-10-11,S-01,หน้าร้าน,P-101,1,35.00,0.00,35.00,2.29,0.00,0.00
O-007465,2025-10-11,S-90,ออนไลน์,P-201,1,95.00,19.00,76.00,4.97,50.00,0.00
O-007466,2025-10-11,S-03,หน้าร้าน,P-202,1,120.00,12.00,108.00,7.07,0.00,0.00
O-007467,2025-10-11,S-05,หน้าร้าน,P-203,2,150.00,0.00,150.00,9.81,0.00,0.00
O-007468,2025-10-11,S-04,หน้าร้าน,P-203,5,375.00,75.00,300.00,19.63,0.00,0.00
O-007469,2025-10-11,S-01,หน้าร้าน,P-101,3,105.00,10.50,94.50,6.18,0.00,0.00
O-007470,2025-10-11,S-01,หน้าร้าน,P-102,1,28.00,0.00,28.00,1.83,0.00,0.00
O-007471,2025-10-12,S-03,หน้าร้าน,P-302,1,3890.00,0.00,3890.00,254.49,0.00,0.00
O-007472,2025-10-12,S-04,หน้าร้าน,P-202,3,360.00,72.00,288.00,18.84,0.00,0.00
O-007473,2025-10-12,S-06,หน้าร้าน,P-202,2,240.00,0.00,240.00,15.70,0.00,0.00
O-007474,2025-10-12,S-05,หน้าร้าน,P-102,3,84.00,16.80,67.20,4.40,0.00,0.00
O-007475,2025-10-12,S-06,หน้าร้าน,P-102,1,28.00,5.60,22.40,1.47,0.00,0.00
O-007476,2025-10-12,S-04,หน้าร้าน,P-101,1,35.00,1.75,33.25,2.18,0.00,0.00
O-007477,2025-10-12,S-04,หน้าร้าน,P-101,1,35.00,0.00,35.00,2.29,0.00,0.00
O-007478,2025-10-12,S-02,หน้าร้าน,P-102,1,28.00,5.60,22.40,1.47,0.00,0.00
O-007479,2025-10-12,S-05,หน้าร้าน,P-203,2,150.00,0.00,150.00,9.81,0.00,0.00
O-007480,2025-10-12,S-01,หน้าร้าน,P-102,3,84.00,8.40,75.60,4.95,0.00,0.00
O-007481,2025-10-12,S-03,หน้าร้าน,P-103,3,135.00,27.00,108.00,7.07,0.00,0.00
O-007482,2025-10-12,S-01,หน้าร้าน,P-202,1,120.00,24.00,96.00,6.28,0.00,0.00
O-007483,2025-10-12,S-02,หน้าร้าน,P-102,1,28.00,5.60,22.40,1.47,0.00,0.00
O-007484,2025-10-12,S-90,ออนไลน์,P-202,1,120.00,0.00,120.00,7.85,0.00,0.00
O-007485,2025-10-12,S-01,หน้าร้าน,P-103,1,45.00,0.00,45.00,2.94,0.00,0.00
O-007486,2025-10-12,S-01,หน้าร้าน,P-301,2,4900.00,490.00,4410.00,288.50,0.00,0.00
O-007487,2025-10-12,S-01,หน้าร้าน,P-202,1,120.00,24.00,96.00,6.28,0.00,0.00
O-007488,2025-10-12,S-90,ออนไลน์,P-202,3,360.00,0.00,360.00,23.55,80.00,0.00
O-007489,2025-10-12,S-90,ออนไลน์,P-302,1,3890.00,0.00,3890.00,254.49,0.00,0.00
O-007490,2025-10-12,S-06,หน้าร้าน,P-203,3,225.00,11.25,213.75,13.98,0.00,0.00
O-007491,2025-10-12,S-02,หน้าร้าน,P-302,2,7780.00,1556.00,6224.00,407.18,0.00,0.00
O-007492,2025-10-12,S-05,หน้าร้าน,P-103,3,135.00,0.00,135.00,8.83,0.00,0.00
O-007493,2025-10-12,S-03,หน้าร้าน,P-301,2,4900.00,980.00,3920.00,256.45,0.00,0.00
O-007494,2025-10-12,S-01,หน้าร้าน,P-203,1,75.00,3.75,71.25,4.66,0.00,0.00
O-007495,2025-10-12,S-06,หน้าร้าน,P-203,1,75.00,0.00,75.00,4.91,0.00,0.00
O-007496,2025-10-12,S-01,หน้าร้าน,P-302,2,7780.00,0.00,7780.00,508.97,0.00,0.00
O-007497,2025-10-12,S-90,ออนไลน์,P-302,1,3890.00,0.00,3890.00,254.49,80.00,0.00
O-007498,2025-10-12,S-04,หน้าร้าน,P-203,1,75.00,15.00,60.00,3.93,0.00,0.00
O-007499,2025-10-12,S-01,หน้าร้าน,P-301,1,2450.00,122.50,2327.50,152.27,0.00,0.00
O-007500,2025-10-12,S-06,หน้าร้าน,P-202,2,240.00,24.00,216.00,14.13,0.00,0.00
O-007501,2025-10-13,S-03,หน้าร้าน,P-202,1,120.00,0.00,120.00,7.85,0.00,0.00
O-007502,2025-10-13,S-06,หน้าร้าน,P-202,1,120.00,0.00,120.00,7.85,0.00,0.00
O-007503,2025-10-13,S-05,หน้าร้าน,P-202,1,120.00,12.00,108.00,7.07,0.00,0.00
O-007504,2025-10-13,S-03,หน้าร้าน,P-101,1,35.00,0.00,35.00,2.29,0.00,0.00
O-007505,2025-10-13,S-05,หน้าร้าน,P-103,1,45.00,4.50,40.50,2.65,0.00,0.00
O-007506,2025-10-13,S-90,ออนไลน์,P-202,1,120.00,6.00,114.00,7.46,80.00,0.00
O-007507,2025-10-13,S-02,หน้าร้าน,P-203,2,150.00,15.00,135.00,8.83,0.00,0.00
O-007508,2025-10-13,S-02,หน้าร้าน,P-202,3,360.00,36.00,324.00,21.20,0.00,0.00
O-007509,2025-10-13,S-01,หน้าร้าน,P-103,1,45.00,4.50,40.50,2.65,0.00,0.00
O-007510,2025-10-13,S-05,หน้าร้าน,P-202,1,120.00,24.00,96.00,6.28,0.00,0.00
O-007511,2025-10-13,S-04,หน้าร้าน,P-201,5,475.00,47.50,427.50,27.97,0.00,0.00
O-007512,2025-10-13,S-01,หน้าร้าน,P-103,2,90.00,9.00,81.00,5.30,0.00,0.00
O-007513,2025-10-13,S-90,ออนไลน์,P-202,1,120.00,24.00,96.00,6.28,35.00,0.00
O-007514,2025-10-13,S-05,หน้าร้าน,P-203,1,75.00,15.00,60.00,3.93,0.00,0.00
O-007515,2025-10-13,S-06,หน้าร้าน,P-302,2,7780.00,0.00,7780.00,508.97,0.00,0.00
O-007516,2025-10-13,S-03,หน้าร้าน,P-201,3,285.00,14.25,270.75,17.71,0.00,0.00
O-007517,2025-10-13,S-06,หน้าร้าน,P-102,2,56.00,2.80,53.20,3.48,0.00,0.00
O-007518,2025-10-13,S-06,หน้าร้าน,P-203,3,225.00,45.00,180.00,11.78,0.00,0.00
O-007519,2025-10-13,S-01,หน้าร้าน,P-102,2,56.00,5.60,50.40,3.30,0.00,0.00
O-007520,2025-10-13,S-90,ออนไลน์,P-103,3,135.00,27.00,108.00,7.07,0.00,0.00
O-007521,2025-10-13,S-02,หน้าร้าน,P-201,2,190.00,0.00,190.00,12.43,0.00,0.00
O-007522,2025-10-13,S-03,หน้าร้าน,P-103,1,45.00,2.25,42.75,2.80,0.00,0.00
O-007523,2025-10-13,S-04,หน้าร้าน,P-302,1,3890.00,0.00,3890.00,254.49,0.00,0.00
O-007524,2025-10-13,S-04,หน้าร้าน,P-203,3,225.00,22.50,202.50,13.25,0.00,0.00
O-007525,2025-10-13,S-06,หน้าร้าน,P-101,1,35.00,0.00,35.00,2.29,0.00,0.00
O-007526,2025-10-14,S-90,ออนไลน์,P-103,1,45.00,0.00,45.00,2.94,80.00,0.00
O-007527,2025-10-14,S-05,หน้าร้าน,P-302,1,3890.00,389.00,3501.00,229.04,0.00,0.00
O-007528,2025-10-14,S-03,หน้าร้าน,P-101,2,70.00,14.00,56.00,3.66,0.00,0.00
O-007529,2025-10-14,S-05,หน้าร้าน,P-202,1,120.00,24.00,96.00,6.28,0.00,0.00
O-007530,2025-10-14,S-03,หน้าร้าน,P-103,1,45.00,0.00,45.00,2.94,0.00,0.00
O-007531,2025-10-14,S-03,หน้าร้าน,P-301,1,2450.00,245.00,2205.00,144.25,0.00,0.00
O-007532,2025-10-14,S-04,หน้าร้าน,P-301,5,12250.00,612.50,11637.50,761.33,0.00,0.00
O-007533,2025-10-14,S-05,หน้าร้าน,P-203,1,75.00,0.00,75.00,4.91,0.00,0.00
O-007534,2025-10-14,S-05,หน้าร้าน,P-203,1,75.00,3.75,71.25,4.66,0.00,0.00
O-007535,2025-10-14,S-06,หน้าร้าน,P-102,2,56.00,0.00,56.00,3.66,0.00,0.00
O-007536,2025-10-14,S-04,หน้าร้าน,P-203,1,75.00,7.50,67.50,4.42,0.00,0.00
O-007537,2025-10-14,S-03,หน้าร้าน,P-302,1,3890.00,0.00,3890.00,254.49,0.00,0.00
O-007538,2025-10-14,S-04,หน้าร้าน,P-103,2,90.00,0.00,90.00,5.89,0.00,0.00
O-007539,2025-10-14,S-02,หน้าร้าน,P-103,3,135.00,0.00,135.00,8.83,0.00,0.00
O-007540,2025-10-14,S-90,ออนไลน์,P-201,1,95.00,0.00,95.00,6.21,35.00,0.00
O-007541,2025-10-14,S-05,หน้าร้าน,P-201,1,95.00,0.00,95.00,6.21,0.00,0.00
O-007542,2025-10-14,S-03,หน้าร้าน,P-103,1,45.00,0.00,45.00,2.94,0.00,0.00
O-007543,2025-10-14,S-05,หน้าร้าน,P-203,1,75.00,0.00,75.00,4.91,0.00,0.00
O-007544,2025-10-14,S-05,หน้าร้าน,P-302,2,7780.00,1556.00,6224.00,407.18,0.00,0.00
O-007545,2025-10-14,S-06,หน้าร้าน,P-203,2,150.00,7.50,142.50,9.32,0.00,0.00
O-007546,2025-10-14,S-06,หน้าร้าน,P-302,2,7780.00,0.00,7780.00,508.97,0.00,0.00
O-007547,2025-10-14,S-01,หน้าร้าน,P-101,1,35.00,0.00,35.00,2.29,0.00,0.00
O-007548,2025-10-14,S-01,หน้าร้าน,P-203,1,75.00,0.00,75.00,4.91,0.00,0.00
O-007549,2025-10-14,S-90,ออนไลน์,P-203,1,75.00,7.50,67.50,4.42,35.00,0.00
O-007550,2025-10-14,S-05,หน้าร้าน,P-101,2,70.00,14.00,56.00,3.66,0.00,0.00
O-007551,2025-10-14,S-02,หน้าร้าน,P-201,1,95.00,0.00,95.00,6.21,0.00,0.00
O-007552,2025-10-14,S-05,หน้าร้าน,P-203,1,75.00,15.00,60.00,3.93,0.00,0.00
O-007553,2025-10-15,S-02,หน้าร้าน,P-302,2,7780.00,778.00,7002.00,458.07,0.00,0.00
O-007554,2025-10-15,S-06,หน้าร้าน,P-103,1,45.00,0.00,45.00,2.94,0.00,0.00
O-007555,2025-10-15,S-90,ออนไลน์,P-203,5,375.00,37.50,337.50,22.08,50.00,0.00
O-007556,2025-10-15,S-02,หน้าร้าน,P-302,1,3890.00,778.00,3112.00,203.59,0.00,0.00
O-007557,2025-10-15,S-90,ออนไลน์,P-201,2,190.00,0.00,190.00,12.43,0.00,0.00
O-007558,2025-10-15,S-06,หน้าร้าน,P-103,2,90.00,0.00,90.00,5.89,0.00,0.00
O-007559,2025-10-15,S-04,หน้าร้าน,P-202,1,120.00,0.00,120.00,7.85,0.00,0.00
O-007560,2025-10-15,S-06,หน้าร้าน,P-101,1,35.00,0.00,35.00,2.29,0.00,0.00
O-007561,2025-10-15,S-05,หน้าร้าน,P-201,1,95.00,0.00,95.00,6.21,0.00,0.00
O-007562,2025-10-15,S-01,หน้าร้าน,P-101,1,35.00,0.00,35.00,2.29,0.00,0.00
O-007563,2025-10-15,S-90,ออนไลน์,P-201,1,95.00,19.00,76.00,4.97,35.00,0.00
O-007564,2025-10-15,S-02,หน้าร้าน,P-103,1,45.00,0.00,45.00,2.94,0.00,0.00
O-007565,2025-10-15,S-06,หน้าร้าน,P-202,1,120.00,0.00,120.00,7.85,0.00,0.00
O-007566,2025-10-15,S-05,หน้าร้าน,P-101,2,70.00,3.50,66.50,4.35,0.00,0.00
O-007567,2025-10-15,S-05,หน้าร้าน,P-102,2,56.00,0.00,56.00,3.66,0.00,0.00
O-007568,2025-10-15,S-03,หน้าร้าน,P-301,1,2450.00,490.00,1960.00,128.22,0.00,0.00
O-007569,2025-10-15,S-04,หน้าร้าน,P-202,1,120.00,24.00,96.00,6.28,0.00,0.00
O-007570,2025-10-15,S-06,หน้าร้าน,P-103,1,45.00,4.50,40.50,2.65,0.00,0.00
O-007571,2025-10-15,S-02,หน้าร้าน,P-302,1,3890.00,778.00,3112.00,203.59,0.00,0.00
O-007572,2025-10-15,S-90,ออนไลน์,P-102,1,28.00,0.00,28.00,1.83,0.00,0.00
O-007573,2025-10-15,S-04,หน้าร้าน,P-203,1,75.00,7.50,67.50,4.42,0.00,0.00
O-007574,2025-10-15,S-90,ออนไลน์,P-302,2,7780.00,778.00,7002.00,458.07,0.00,0.00
O-007575,2025-10-15,S-05,หน้าร้าน,P-102,1,28.00,1.40,26.60,1.74,0.00,0.00
O-007576,2025-10-15,S-02,หน้าร้าน,P-101,1,35.00,3.50,31.50,2.06,0.00,0.00
O-007577,2025-10-15,S-01,หน้าร้าน,P-203,1,75.00,3.75,71.25,4.66,0.00,0.00
O-007578,2025-10-15,S-02,หน้าร้าน,P-101,5,175.00,0.00,175.00,11.45,0.00,0.00
O-007579,2025-10-15,S-05,หน้าร้าน,P-102,1,28.00,2.80,25.20,1.65,0.00,0.00
O-007580,2025-10-16,S-04,หน้าร้าน,P-302,3,11670.00,2334.00,9336.00,610.77,0.00,0.00
O-007581,2025-10-16,S-01,หน้าร้าน,P-202,1,120.00,0.00,120.00,7.85,0.00,0.00
O-007582,2025-10-16,S-01,หน้าร้าน,P-102,5,140.00,0.00,140.00,9.16,0.00,0.00
O-007583,2025-10-16,S-90,ออนไลน์,P-201,1,95.00,4.75,90.25,5.90,0.00,0.00
O-007584,2025-10-16,S-01,หน้าร้าน,P-102,1,28.00,2.80,25.20,1.65,0.00,0.00
O-007585,2025-10-16,S-03,หน้าร้าน,P-101,3,105.00,5.25,99.75,6.53,0.00,0.00
O-007586,2025-10-16,S-05,หน้าร้าน,P-201,1,95.00,0.00,95.00,6.21,0.00,0.00
O-007587,2025-10-16,S-90,ออนไลน์,P-301,1,2450.00,490.00,1960.00,128.22,0.00,0.00
O-007588,2025-10-16,S-01,หน้าร้าน,P-102,2,56.00,11.20,44.80,2.93,0.00,0.00
O-007589,2025-10-16,S-02,หน้าร้าน,P-101,2,70.00,3.50,66.50,4.35,0.00,0.00
O-007590,2025-10-16,S-02,หน้าร้าน,P-102,3,84.00,4.20,79.80,5.22,0.00,0.00
O-007591,2025-10-16,S-02,หน้าร้าน,P-301,3,7350.00,0.00,7350.00,480.84,0.00,0.00
O-007592,2025-10-16,S-04,หน้าร้าน,P-301,1,2450.00,0.00,2450.00,160.28,0.00,0.00
O-007593,2025-10-16,S-03,หน้าร้าน,P-202,1,120.00,12.00,108.00,7.07,0.00,0.00
O-007594,2025-10-16,S-01,หน้าร้าน,P-202,1,120.00,12.00,108.00,7.07,0.00,0.00
O-007595,2025-10-16,S-01,หน้าร้าน,P-102,2,56.00,0.00,56.00,3.66,0.00,0.00
O-007596,2025-10-16,S-03,หน้าร้าน,P-101,3,105.00,0.00,105.00,6.87,0.00,0.00
O-007597,2025-10-16,S-01,หน้าร้าน,P-101,5,175.00,0.00,175.00,11.45,0.00,0.00
O-007598,2025-10-16,S-90,ออนไลน์,P-101,1,35.00,3.50,31.50,2.06,0.00,0.00
O-007599,2025-10-16,S-03,หน้าร้าน,P-203,2,150.00,7.50,142.50,9.32,0.00,0.00
O-007600,2025-10-16,S-02,หน้าร้าน,P-101,1,35.00,3.50,31.50,2.06,0.00,0.00
O-007601,2025-10-16,S-02,หน้าร้าน,P-101,2,70.00,3.50,66.50,4.35,0.00,0.00
O-007602,2025-10-16,S-05,หน้าร้าน,P-103,1,45.00,0.00,45.00,2.94,0.00,0.00
O-007603,2025-10-16,S-06,หน้าร้าน,P-101,1,35.00,0.00,35.00,2.29,0.00,0.00
O-007604,2025-10-16,S-02,หน้าร้าน,P-301,1,2450.00,0.00,2450.00,160.28,0.00,0.00
O-007605,2025-10-16,S-04,หน้าร้าน,P-102,1,28.00,0.00,28.00,1.83,0.00,0.00
O-007606,2025-10-16,S-03,หน้าร้าน,P-102,1,28.00,1.40,26.60,1.74,0.00,0.00
O-007607,2025-10-16,S-04,หน้าร้าน,P-202,3,360.00,36.00,324.00,21.20,0.00,0.00
O-007608,2025-10-16,S-90,ออนไลน์,P-201,1,95.00,4.75,90.25,5.90,80.00,0.00
O-007609,2025-10-16,S-05,หน้าร้าน,P-203,1,75.00,0.00,75.00,4.91,0.00,0.00
O-007610,2025-10-17,S-90,ออนไลน์,P-103,1,45.00,0.00,45.00,2.94,50.00,0.00
O-007611,2025-10-17,S-06,หน้าร้าน,P-203,1,75.00,3.75,71.25,4.66,0.00,0.00
O-007612,2025-10-17,S-90,ออนไลน์,P-203,2,150.00,7.50,142.50,9.32,35.00,0.00
O-007613,2025-10-17,S-90,ออนไลน์,P-202,1,120.00,0.00,120.00,7.85,80.00,0.00
O-007614,2025-10-17,S-06,หน้าร้าน,P-103,2,90.00,9.00,81.00,5.30,0.00,0.00
O-007615,2025-10-17,S-02,หน้าร้าน,P-103,1,45.00,4.50,40.50,2.65,0.00,0.00
O-007616,2025-10-17,S-05,หน้าร้าน,P-302,2,7780.00,1556.00,6224.00,407.18,0.00,0.00
O-007617,2025-10-17,S-02,หน้าร้าน,P-101,1,35.00,0.00,35.00,2.29,0.00,0.00
O-007618,2025-10-17,S-06,หน้าร้าน,P-102,2,56.00,11.20,44.80,2.93,0.00,0.00
O-007619,2025-10-17,S-01,หน้าร้าน,P-301,1,2450.00,490.00,1960.00,128.22,0.00,0.00
O-007620,2025-10-17,S-02,หน้าร้าน,P-102,1,28.00,0.00,28.00,1.83,0.00,0.00
O-007621,2025-10-17,S-04,หน้าร้าน,P-201,3,285.00,0.00,285.00,18.64,0.00,0.00
O-007622,2025-10-17,S-05,หน้าร้าน,P-102,1,28.00,0.00,28.00,1.83,0.00,0.00
O-007623,2025-10-17,S-03,หน้าร้าน,P-301,1,2450.00,0.00,2450.00,160.28,0.00,0.00
O-007624,2025-10-17,S-90,ออนไลน์,P-302,2,7780.00,0.00,7780.00,508.97,80.00,0.00
O-007625,2025-10-17,S-90,ออนไลน์,P-101,2,70.00,3.50,66.50,4.35,80.00,0.00
O-007626,2025-10-17,S-01,หน้าร้าน,P-203,2,150.00,7.50,142.50,9.32,0.00,0.00
O-007627,2025-10-17,S-90,ออนไลน์,P-103,3,135.00,13.50,121.50,7.95,80.00,0.00
O-007628,2025-10-17,S-04,หน้าร้าน,P-302,1,3890.00,389.00,3501.00,229.04,0.00,0.00
O-007629,2025-10-18,S-03,หน้าร้าน,P-103,1,45.00,9.00,36.00,2.36,0.00,0.00
O-007630,2025-10-18,S-01,หน้าร้าน,P-201,1,95.00,9.50,85.50,5.59,0.00,0.00
O-007631,2025-10-18,S-90,ออนไลน์,P-102,1,28.00,0.00,28.00,1.83,50.00,0.00
O-007632,2025-10-18,S-03,หน้าร้าน,P-101,1,35.00,1.75,33.25,2.18,0.00,0.00
O-007633,2025-10-18,S-01,หน้าร้าน,P-203,1,75.00,3.75,71.25,4.66,0.00,0.00
O-007634,2025-10-18,S-90,ออนไลน์,P-302,1,3890.00,0.00,3890.00,254.49,80.00,0.00
O-007635,2025-10-18,S-03,หน้าร้าน,P-102,1,28.00,5.60,22.40,1.47,0.00,0.00
O-007636,2025-10-18,S-90,ออนไลน์,P-203,1,75.00,3.75,71.25,4.66,80.00,0.00
O-007637,2025-10-18,S-90,ออนไลน์,P-103,1,45.00,2.25,42.75,2.80,0.00,0.00
O-007638,2025-10-18,S-01,หน้าร้าน,P-201,2,190.00,9.50,180.50,11.81,0.00,0.00
O-007639,2025-10-18,S-05,หน้าร้าน,P-201,1,95.00,19.00,76.00,4.97,0.00,0.00
O-007640,2025-10-18,S-90,ออนไลน์,P-103,5,225.00,0.00,225.00,14.72,35.00,0.00
O-007641,2025-10-18,S-01,หน้าร้าน,P-302,1,3890.00,0.00,3890.00,254.49,0.00,0.00
O-007642,2025-10-18,S-90,ออนไลน์,P-101,2,70.00,0.00,70.00,4.58,35.00,0.00
O-007643,2025-10-18,S-05,หน้าร้าน,P-103,1,45.00,2.25,42.75,2.80,0.00,0.00
O-007644,2025-10-18,S-05,หน้าร้าน,P-202,1,120.00,24.00,96.00,6.28,0.00,0.00
O-007645,2025-10-18,S-90,ออนไลน์,P-101,1,35.00,0.00,35.00,2.29,50.00,0.00
O-007646,2025-10-18,S-06,หน้าร้าน,P-203,3,225.00,0.00,225.00,14.72,0.00,0.00
O-007647,2025-10-18,S-03,หน้าร้าน,P-201,3,285.00,0.00,285.00,18.64,0.00,0.00
O-007648,2025-10-18,S-04,หน้าร้าน,P-301,5,12250.00,612.50,11637.50,761.33,0.00,0.00
O-007649,2025-10-18,S-03,หน้าร้าน,P-201,3,285.00,28.50,256.50,16.78,0.00,0.00
O-007650,2025-10-18,S-05,หน้าร้าน,P-101,1,35.00,7.00,28.00,1.83,0.00,0.00
O-007651,2025-10-18,S-03,หน้าร้าน,P-102,1,28.00,0.00,28.00,1.83,0.00,0.00
O-007652,2025-10-19,S-01,หน้าร้าน,P-201,2,190.00,9.50,180.50,11.81,0.00,0.00
O-007653,2025-10-19,S-01,หน้าร้าน,P-102,1,28.00,0.00,28.00,1.83,0.00,0.00
O-007654,2025-10-19,S-01,หน้าร้าน,P-301,1,2450.00,490.00,1960.00,128.22,0.00,0.00
O-007655,2025-10-19,S-04,หน้าร้าน,P-203,2,150.00,30.00,120.00,7.85,0.00,0.00
O-007656,2025-10-19,S-90,ออนไลน์,P-301,2,4900.00,490.00,4410.00,288.50,0.00,0.00
O-007657,2025-10-19,S-90,ออนไลน์,P-302,2,7780.00,1556.00,6224.00,407.18,50.00,6224.00
O-007658,2025-10-19,S-06,หน้าร้าน,P-101,2,70.00,14.00,56.00,3.66,0.00,0.00
O-007659,2025-10-19,S-03,หน้าร้าน,P-103,1,45.00,4.50,40.50,2.65,0.00,0.00
O-007660,2025-10-19,S-02,หน้าร้าน,P-101,1,35.00,0.00,35.00,2.29,0.00,0.00
O-007661,2025-10-19,S-03,หน้าร้าน,P-302,1,3890.00,0.00,3890.00,254.49,0.00,0.00
O-007662,2025-10-19,S-04,หน้าร้าน,P-103,2,90.00,0.00,90.00,5.89,0.00,0.00
O-007663,2025-10-19,S-90,ออนไลน์,P-101,1,35.00,0.00,35.00,2.29,0.00,0.00
O-007664,2025-10-19,S-05,หน้าร้าน,P-202,2,240.00,24.00,216.00,14.13,0.00,0.00
O-007665,2025-10-19,S-03,หน้าร้าน,P-202,1,120.00,0.00,120.00,7.85,0.00,0.00
O-007666,2025-10-19,S-06,หน้าร้าน,P-202,1,120.00,24.00,96.00,6.28,0.00,0.00
O-007667,2025-10-19,S-01,หน้าร้าน,P-203,2,150.00,0.00,150.00,9.81,0.00,0.00
O-007668,2025-10-19,S-06,หน้าร้าน,P-102,2,56.00,0.00,56.00,3.66,0.00,0.00
O-007669,2025-10-19,S-01,หน้าร้าน,P-103,1,45.00,0.00,45.00,2.94,0.00,0.00
O-007670,2025-10-19,S-03,หน้าร้าน,P-202,2,240.00,48.00,192.00,12.56,0.00,0.00
O-007671,2025-10-19,S-01,หน้าร้าน,P-201,1,95.00,0.00,95.00,6.21,0.00,0.00
O-007672,2025-10-19,S-04,หน้าร้าน,P-102,1,28.00,0.00,28.00,1.83,0.00,0.00
O-007673,2025-10-19,S-03,หน้าร้าน,P-202,3,360.00,36.00,324.00,21.20,0.00,0.00
O-007674,2025-10-19,S-90,ออนไลน์,P-103,1,45.00,0.00,45.00,2.94,0.00,0.00
O-007675,2025-10-19,S-02,หน้าร้าน,P-202,1,120.00,6.00,114.00,7.46,0.00,0.00
O-007676,2025-10-19,S-05,หน้าร้าน,P-302,1,3890.00,0.00,3890.00,254.49,0.00,0.00
O-007677,2025-10-19,S-90,ออนไลน์,P-102,1,28.00,0.00,28.00,1.83,0.00,0.00
O-007678,2025-10-19,S-02,หน้าร้าน,P-301,1,2450.00,0.00,2450.00,160.28,0.00,0.00
O-007679,2025-10-19,S-06,หน้าร้าน,P-201,3,285.00,28.50,256.50,16.78,0.00,0.00
O-007680,2025-10-19,S-03,หน้าร้าน,P-101,1,35.00,1.75,33.25,2.18,0.00,0.00
O-007681,2025-10-20,S-04,หน้าร้าน,P-102,3,84.00,0.00,84.00,5.50,0.00,0.00
O-007682,2025-10-20,S-03,หน้าร้าน,P-101,1,35.00,7.00,28.00,1.83,0.00,0.00
O-007683,2025-10-20,S-04,หน้าร้าน,P-302,1,3890.00,194.50,3695.50,241.76,0.00,0.00
O-007684,2025-10-20,S-02,หน้าร้าน,P-302,1,3890.00,778.00,3112.00,203.59,0.00,0.00
O-007685,2025-10-20,S-01,หน้าร้าน,P-103,3,135.00,13.50,121.50,7.95,0.00,0.00
O-007686,2025-10-20,S-04,หน้าร้าน,P-102,1,28.00,2.80,25.20,1.65,0.00,0.00
O-007687,2025-10-20,S-03,หน้าร้าน,P-201,5,475.00,0.00,475.00,31.07,0.00,0.00
O-007688,2025-10-20,S-02,หน้าร้าน,P-102,1,28.00,0.00,28.00,1.83,0.00,0.00
O-007689,2025-10-20,S-01,หน้าร้าน,P-203,1,75.00,0.00,75.00,4.91,0.00,0.00
O-007690,2025-10-20,S-01,หน้าร้าน,P-202,3,360.00,0.00,360.00,23.55,0.00,0.00
O-007691,2025-10-20,S-06,หน้าร้าน,P-202,3,360.00,0.00,360.00,23.55,0.00,0.00
O-007692,2025-10-20,S-02,หน้าร้าน,P-302,1,3890.00,778.00,3112.00,203.59,0.00,0.00
O-007693,2025-10-20,S-03,หน้าร้าน,P-201,1,95.00,0.00,95.00,6.21,0.00,0.00
O-007694,2025-10-20,S-90,ออนไลน์,P-102,1,28.00,2.80,25.20,1.65,80.00,0.00
O-007695,2025-10-20,S-04,หน้าร้าน,P-202,1,120.00,0.00,120.00,7.85,0.00,0.00
O-007696,2025-10-20,S-02,หน้าร้าน,P-301,2,4900.00,245.00,4655.00,304.53,0.00,0.00
O-007697,2025-10-20,S-02,หน้าร้าน,P-102,1,28.00,0.00,28.00,1.83,0.00,0.00
O-007698,2025-10-20,S-05,หน้าร้าน,P-202,2,240.00,48.00,192.00,12.56,0.00,0.00
O-007699,2025-10-20,S-06,หน้าร้าน,P-102,1,28.00,1.40,26.60,1.74,0.00,0.00
O-007700,2025-10-20,S-02,หน้าร้าน,P-101,1,35.00,7.00,28.00,1.83,0.00,0.00
O-007701,2025-10-20,S-05,หน้าร้าน,P-103,2,90.00,18.00,72.00,4.71,0.00,0.00
O-007702,2025-10-20,S-90,ออนไลน์,P-202,5,600.00,120.00,480.00,31.40,0.00,0.00
O-007703,2025-10-20,S-04,หน้าร้าน,P-302,1,3890.00,778.00,3112.00,203.59,0.00,0.00
O-007704,2025-10-20,S-01,หน้าร้าน,P-202,1,120.00,0.00,120.00,7.85,0.00,0.00
O-007705,2025-10-20,S-90,ออนไลน์,P-202,1,120.00,24.00,96.00,6.28,0.00,0.00
O-007706,2025-10-20,S-06,หน้าร้าน,P-301,1,2450.00,490.00,1960.00,128.22,0.00,0.00
O-007707,2025-10-20,S-04,หน้าร้าน,P-101,1,35.00,0.00,35.00,2.29,0.00,0.00
O-007708,2025-10-20,S-06,หน้าร้าน,P-103,5,225.00,11.25,213.75,13.98,0.00,0.00
O-007709,2025-10-20,S-05,หน้าร้าน,P-203,1,75.00,3.75,71.25,4.66,0.00,0.00
O-007710,2025-10-21,S-90,ออนไลน์,P-203,1,75.00,0.00,75.00,4.91,50.00,0.00
O-007711,2025-10-21,S-05,หน้าร้าน,P-102,1,28.00,0.00,28.00,1.83,0.00,0.00
O-007712,2025-10-21,S-04,หน้าร้าน,P-202,3,360.00,18.00,342.00,22.37,0.00,0.00
O-007713,2025-10-21,S-02,หน้าร้าน,P-202,1,120.00,6.00,114.00,7.46,0.00,0.00
O-007714,2025-10-21,S-90,ออนไลน์,P-302,1,3890.00,389.00,3501.00,229.04,35.00,0.00
O-007715,2025-10-21,S-06,หน้าร้าน,P-101,2,70.00,3.50,66.50,4.35,0.00,0.00
O-007716,2025-10-21,S-02,หน้าร้าน,P-201,3,285.00,0.00,285.00,18.64,0.00,0.00
O-007717,2025-10-21,S-90,ออนไลน์,P-102,1,28.00,5.60,22.40,1.47,80.00,0.00
O-007718,2025-10-21,S-05,หน้าร้าน,P-102,2,56.00,0.00,56.00,3.66,0.00,0.00
O-007719,2025-10-21,S-04,หน้าร้าน,P-103,2,90.00,4.50,85.50,5.59,0.00,0.00
O-007720,2025-10-21,S-06,หน้าร้าน,P-202,1,120.00,24.00,96.00,6.28,0.00,0.00
O-007721,2025-10-21,S-04,หน้าร้าน,P-102,1,28.00,5.60,22.40,1.47,0.00,22.40
O-007722,2025-10-21,S-05,หน้าร้าน,P-202,3,360.00,0.00,360.00,23.55,0.00,0.00
O-007723,2025-10-21,S-01,หน้าร้าน,P-301,2,4900.00,980.00,3920.00,256.45,0.00,0.00
O-007724,2025-10-21,S-04,หน้าร้าน,P-302,1,3890.00,0.00,3890.00,254.49,0.00,0.00
O-007725,2025-10-21,S-90,ออนไลน์,P-301,2,4900.00,0.00,4900.00,320.56,50.00,0.00
O-007726,2025-10-21,S-03,หน้าร้าน,P-202,1,120.00,6.00,114.00,7.46,0.00,0.00
O-007727,2025-10-21,S-90,ออนไลน์,P-103,1,45.00,0.00,45.00,2.94,35.00,0.00
O-007728,2025-10-22,S-90,ออนไลน์,P-101,2,70.00,0.00,70.00,4.58,35.00,0.00
O-007729,2025-10-22,S-02,หน้าร้าน,P-301,1,2450.00,122.50,2327.50,152.27,0.00,0.00
O-007730,2025-10-22,S-05,หน้าร้าน,P-202,3,360.00,0.00,360.00,23.55,0.00,0.00
O-007731,2025-10-22,S-90,ออนไลน์,P-201,1,95.00,0.00,95.00,6.21,80.00,0.00
O-007732,2025-10-22,S-03,หน้าร้าน,P-203,3,225.00,0.00,225.00,14.72,0.00,0.00
O-007733,2025-10-22,S-02,หน้าร้าน,P-301,1,2450.00,490.00,1960.00,128.22,0.00,0.00
O-007734,2025-10-22,S-05,หน้าร้าน,P-203,1,75.00,0.00,75.00,4.91,0.00,0.00
O-007735,2025-10-22,S-05,หน้าร้าน,P-101,1,35.00,7.00,28.00,1.83,0.00,0.00
O-007736,2025-10-22,S-03,หน้าร้าน,P-102,1,28.00,5.60,22.40,1.47,0.00,0.00
O-007737,2025-10-22,S-06,หน้าร้าน,P-202,1,120.00,6.00,114.00,7.46,0.00,0.00
O-007738,2025-10-22,S-06,หน้าร้าน,P-203,1,75.00,15.00,60.00,3.93,0.00,0.00
O-007739,2025-10-22,S-06,หน้าร้าน,P-203,1,75.00,7.50,67.50,4.42,0.00,0.00
O-007740,2025-10-22,S-90,ออนไลน์,P-302,1,3890.00,389.00,3501.00,229.04,80.00,0.00
O-007741,2025-10-22,S-01,หน้าร้าน,P-102,1,28.00,1.40,26.60,1.74,0.00,0.00
O-007742,2025-10-22,S-03,หน้าร้าน,P-103,1,45.00,0.00,45.00,2.94,0.00,0.00
O-007743,2025-10-22,S-03,หน้าร้าน,P-202,2,240.00,12.00,228.00,14.92,0.00,0.00
O-007744,2025-10-22,S-90,ออนไลน์,P-301,3,7350.00,735.00,6615.00,432.76,35.00,0.00
O-007745,2025-10-22,S-90,ออนไลน์,P-202,1,120.00,12.00,108.00,7.07,35.00,0.00
O-007746,2025-10-22,S-01,หน้าร้าน,P-201,2,190.00,9.50,180.50,11.81,0.00,0.00
O-007747,2025-10-22,S-01,หน้าร้าน,P-301,1,2450.00,490.00,1960.00,128.22,0.00,0.00
O-007748,2025-10-22,S-90,ออนไลน์,P-102,1,28.00,0.00,28.00,1.83,80.00,0.00
O-007749,2025-10-22,S-03,หน้าร้าน,P-201,2,190.00,9.50,180.50,11.81,0.00,0.00
O-007750,2025-10-22,S-01,หน้าร้าน,P-301,3,7350.00,0.00,7350.00,480.84,0.00,0.00
O-007751,2025-10-22,S-04,หน้าร้าน,P-203,1,75.00,3.75,71.25,4.66,0.00,0.00
O-007752,2025-10-23,S-05,หน้าร้าน,P-201,1,95.00,9.50,85.50,5.59,0.00,0.00
O-007753,2025-10-23,S-04,หน้าร้าน,P-102,1,28.00,1.40,26.60,1.74,0.00,0.00
O-007754,2025-10-23,S-06,หน้าร้าน,P-102,1,28.00,0.00,28.00,1.83,0.00,0.00
O-007755,2025-10-23,S-01,หน้าร้าน,P-202,1,120.00,0.00,120.00,7.85,0.00,0.00
O-007756,2025-10-23,S-01,หน้าร้าน,P-202,1,120.00,6.00,114.00,7.46,0.00,0.00
O-007757,2025-10-23,S-01,หน้าร้าน,P-203,1,75.00,0.00,75.00,4.91,0.00,0.00
O-007758,2025-10-23,S-04,หน้าร้าน,P-201,1,95.00,0.00,95.00,6.21,0.00,0.00
O-007759,2025-10-23,S-90,ออนไลน์,P-302,1,3890.00,389.00,3501.00,229.04,80.00,0.00
O-007760,2025-10-23,S-02,หน้าร้าน,P-301,3,7350.00,0.00,7350.00,480.84,0.00,0.00
O-007761,2025-10-23,S-02,หน้าร้าน,P-202,2,240.00,24.00,216.00,14.13,0.00,0.00
O-007762,2025-10-23,S-90,ออนไลน์,P-202,1,120.00,12.00,108.00,7.07,80.00,0.00
O-007763,2025-10-23,S-90,ออนไลน์,P-201,5,475.00,0.00,475.00,31.07,80.00,0.00
O-007764,2025-10-23,S-03,หน้าร้าน,P-302,2,7780.00,1556.00,6224.00,407.18,0.00,0.00
O-007765,2025-10-23,S-01,หน้าร้าน,P-203,1,75.00,0.00,75.00,4.91,0.00,0.00
O-007766,2025-10-23,S-02,หน้าร้าน,P-203,1,75.00,0.00,75.00,4.91,0.00,0.00
O-007767,2025-10-23,S-01,หน้าร้าน,P-101,1,35.00,0.00,35.00,2.29,0.00,0.00
O-007768,2025-10-23,S-05,หน้าร้าน,P-102,2,56.00,0.00,56.00,3.66,0.00,0.00
O-007769,2025-10-23,S-03,หน้าร้าน,P-302,2,7780.00,0.00,7780.00,508.97,0.00,0.00
O-007770,2025-10-23,S-04,หน้าร้าน,P-203,1,75.00,0.00,75.00,4.91,0.00,0.00
O-007771,2025-10-23,S-01,หน้าร้าน,P-203,2,150.00,15.00,135.00,8.83,0.00,0.00
O-007772,2025-10-23,S-01,หน้าร้าน,P-302,2,7780.00,0.00,7780.00,508.97,0.00,0.00
O-007773,2025-10-23,S-02,หน้าร้าน,P-201,3,285.00,0.00,285.00,18.64,0.00,0.00
O-007774,2025-10-23,S-01,หน้าร้าน,P-203,2,150.00,0.00,150.00,9.81,0.00,0.00
O-007775,2025-10-23,S-03,หน้าร้าน,P-103,1,45.00,9.00,36.00,2.36,0.00,0.00
O-007776,2025-10-23,S-01,หน้าร้าน,P-103,2,90.00,0.00,90.00,5.89,0.00,0.00
O-007777,2025-10-23,S-90,ออนไลน์,P-302,2,7780.00,0.00,7780.00,508.97,35.00,0.00
O-007778,2025-10-23,S-03,หน้าร้าน,P-102,3,84.00,0.00,84.00,5.50,0.00,0.00
O-007779,2025-10-23,S-05,หน้าร้าน,P-201,3,285.00,28.50,256.50,16.78,0.00,0.00
O-007780,2025-10-23,S-05,หน้าร้าน,P-203,2,150.00,15.00,135.00,8.83,0.00,0.00
O-007781,2025-10-23,S-03,หน้าร้าน,P-203,1,75.00,0.00,75.00,4.91,0.00,0.00
O-007782,2025-10-23,S-03,หน้าร้าน,P-203,2,150.00,30.00,120.00,7.85,0.00,0.00
O-007783,2025-10-23,S-06,หน้าร้าน,P-201,2,190.00,9.50,180.50,11.81,0.00,0.00
O-007784,2025-10-23,S-01,หน้าร้าน,P-101,1,35.00,7.00,28.00,1.83,0.00,0.00
O-007785,2025-10-24,S-90,ออนไลน์,P-202,1,120.00,12.00,108.00,7.07,80.00,0.00
O-007786,2025-10-24,S-02,หน้าร้าน,P-302,1,3890.00,0.00,3890.00,254.49,0.00,0.00
O-007787,2025-10-24,S-04,หน้าร้าน,P-203,2,150.00,15.00,135.00,8.83,0.00,0.00
O-007788,2025-10-24,S-02,หน้าร้าน,P-302,1,3890.00,389.00,3501.00,229.04,0.00,0.00
O-007789,2025-10-24,S-05,หน้าร้าน,P-103,1,45.00,0.00,45.00,2.94,0.00,0.00
O-007790,2025-10-24,S-04,หน้าร้าน,P-202,1,120.00,0.00,120.00,7.85,0.00,0.00
O-007791,2025-10-24,S-04,หน้าร้าน,P-101,2,70.00,0.00,70.00,4.58,0.00,0.00
O-007792,2025-10-24,S-01,หน้าร้าน,P-201,2,190.00,38.00,152.00,9.94,0.00,0.00
O-007793,2025-10-24,S-06,หน้าร้าน,P-103,2,90.00,18.00,72.00,4.71,0.00,0.00
O-007794,2025-10-24,S-90,ออนไลน์,P-201,3,285.00,28.50,256.50,16.78,0.00,0.00
O-007795,2025-10-24,S-06,หน้าร้าน,P-302,1,3890.00,389.00,3501.00,229.04,0.00,0.00
O-007796,2025-10-24,S-06,หน้าร้าน,P-202,1,120.00,12.00,108.00,7.07,0.00,0.00
O-007797,2025-10-24,S-06,หน้าร้าน,P-301,1,2450.00,0.00,2450.00,160.28,0.00,0.00
O-007798,2025-10-24,S-06,หน้าร้าน,P-102,1,28.00,0.00,28.00,1.83,0.00,0.00
O-007799,2025-10-24,S-02,หน้าร้าน,P-301,1,2450.00,490.00,1960.00,128.22,0.00,0.00
O-007800,2025-10-24,S-06,หน้าร้าน,P-202,1,120.00,0.00,120.00,7.85,0.00,0.00
O-007801,2025-10-24,S-04,หน้าร้าน,P-201,1,95.00,9.50,85.50,5.59,0.00,0.00
O-007802,2025-10-24,S-03,หน้าร้าน,P-202,2,240.00,24.00,216.00,14.13,0.00,0.00
O-007803,2025-10-24,S-05,หน้าร้าน,P-101,1,35.00,3.50,31.50,2.06,0.00,0.00
O-007804,2025-10-24,S-01,หน้าร้าน,P-301,3,7350.00,0.00,7350.00,480.84,0.00,0.00
O-007805,2025-10-25,S-05,หน้าร้าน,P-103,1,45.00,4.50,40.50,2.65,0.00,0.00
O-007806,2025-10-25,S-04,หน้าร้าน,P-301,2,4900.00,490.00,4410.00,288.50,0.00,0.00
O-007807,2025-10-25,S-05,หน้าร้าน,P-103,2,90.00,0.00,90.00,5.89,0.00,0.00
O-007808,2025-10-25,S-06,หน้าร้าน,P-302,1,3890.00,0.00,3890.00,254.49,0.00,0.00
O-007809,2025-10-25,S-05,หน้าร้าน,P-201,1,95.00,4.75,90.25,5.90,0.00,0.00
O-007810,2025-10-25,S-03,หน้าร้าน,P-203,1,75.00,3.75,71.25,4.66,0.00,0.00
O-007811,2025-10-25,S-90,ออนไลน์,P-203,1,75.00,3.75,71.25,4.66,80.00,0.00
O-007812,2025-10-25,S-02,หน้าร้าน,P-302,3,11670.00,0.00,11670.00,763.46,0.00,0.00
O-007813,2025-10-25,S-03,หน้าร้าน,P-202,1,120.00,12.00,108.00,7.07,0.00,0.00
O-007814,2025-10-25,S-01,หน้าร้าน,P-201,1,95.00,19.00,76.00,4.97,0.00,0.00
O-007815,2025-10-25,S-04,หน้าร้าน,P-101,3,105.00,0.00,105.00,6.87,0.00,0.00
O-007816,2025-10-25,S-01,หน้าร้าน,P-301,1,2450.00,122.50,2327.50,152.27,0.00,0.00
O-007817,2025-10-25,S-05,หน้าร้าน,P-301,2,4900.00,490.00,4410.00,288.50,0.00,4410.00
O-007818,2025-10-25,S-03,หน้าร้าน,P-203,5,375.00,37.50,337.50,22.08,0.00,0.00
O-007819,2025-10-25,S-06,หน้าร้าน,P-103,1,45.00,2.25,42.75,2.80,0.00,0.00
O-007820,2025-10-25,S-02,หน้าร้าน,P-302,1,3890.00,778.00,3112.00,203.59,0.00,0.00
O-007821,2025-10-25,S-06,หน้าร้าน,P-202,1,120.00,6.00,114.00,7.46,0.00,0.00
O-007822,2025-10-25,S-05,หน้าร้าน,P-301,3,7350.00,367.50,6982.50,456.80,0.00,0.00
O-007823,2025-10-25,S-05,หน้าร้าน,P-202,2,240.00,48.00,192.00,12.56,0.00,0.00
O-007824,2025-10-25,S-06,หน้าร้าน,P-102,1,28.00,0.00,28.00,1.83,0.00,0.00
O-007825,2025-10-25,S-01,หน้าร้าน,P-102,1,28.00,2.80,25.20,1.65,0.00,0.00
O-007826,2025-10-25,S-05,หน้าร้าน,P-302,1,3890.00,0.00,3890.00,254.49,0.00,3890.00
O-007827,2025-10-25,S-03,หน้าร้าน,P-203,2,150.00,0.00,150.00,9.81,0.00,0.00
O-007828,2025-10-25,S-02,หน้าร้าน,P-202,1,120.00,12.00,108.00,7.07,0.00,0.00
O-007829,2025-10-25,S-01,หน้าร้าน,P-102,1,28.00,2.80,25.20,1.65,0.00,0.00
O-007830,2025-10-25,S-04,หน้าร้าน,P-201,3,285.00,0.00,285.00,18.64,0.00,0.00
O-007831,2025-10-25,S-01,หน้าร้าน,P-101,1,35.00,1.75,33.25,2.18,0.00,0.00
O-007832,2025-10-25,S-06,หน้าร้าน,P-201,1,95.00,0.00,95.00,6.21,0.00,0.00
O-007833,2025-10-25,S-03,หน้าร้าน,P-301,3,7350.00,1470.00,5880.00,384.67,0.00,0.00
O-007834,2025-10-25,S-02,หน้าร้าน,P-302,1,3890.00,778.00,3112.00,203.59,0.00,0.00
O-007835,2025-10-25,S-05,หน้าร้าน,P-203,3,225.00,0.00,225.00,14.72,0.00,0.00
O-007836,2025-10-26,S-04,หน้าร้าน,P-302,2,7780.00,0.00,7780.00,508.97,0.00,0.00
O-007837,2025-10-26,S-04,หน้าร้าน,P-301,1,2450.00,490.00,1960.00,128.22,0.00,0.00
O-007838,2025-10-26,S-02,หน้าร้าน,P-202,1,120.00,12.00,108.00,7.07,0.00,0.00
O-007839,2025-10-26,S-05,หน้าร้าน,P-103,1,45.00,4.50,40.50,2.65,0.00,0.00
O-007840,2025-10-26,S-02,หน้าร้าน,P-201,5,475.00,23.75,451.25,29.52,0.00,0.00
O-007841,2025-10-26,S-05,หน้าร้าน,P-301,1,2450.00,122.50,2327.50,152.27,0.00,0.00
O-007842,2025-10-26,S-90,ออนไลน์,P-302,1,3890.00,0.00,3890.00,254.49,0.00,0.00
O-007843,2025-10-26,S-06,หน้าร้าน,P-201,1,95.00,0.00,95.00,6.21,0.00,0.00
O-007844,2025-10-26,S-04,หน้าร้าน,P-301,1,2450.00,0.00,2450.00,160.28,0.00,0.00
O-007845,2025-10-26,S-06,หน้าร้าน,P-201,1,95.00,0.00,95.00,6.21,0.00,0.00
O-007846,2025-10-26,S-05,หน้าร้าน,P-202,1,120.00,0.00,120.00,7.85,0.00,0.00
O-007847,2025-10-26,S-03,หน้าร้าน,P-101,1,35.00,3.50,31.50,2.06,0.00,0.00
O-007848,2025-10-26,S-02,หน้าร้าน,P-202,2,240.00,0.00,240.00,15.70,0.00,0.00
O-007849,2025-10-26,S-90,ออนไลน์,P-201,1,95.00,9.50,85.50,5.59,0.00,0.00
O-007850,2025-10-26,S-05,หน้าร้าน,P-101,3,105.00,0.00,105.00,6.87,0.00,0.00
O-007851,2025-10-26,S-04,หน้าร้าน,P-203,1,75.00,15.00,60.00,3.93,0.00,0.00
O-007852,2025-10-26,S-05,หน้าร้าน,P-103,1,45.00,0.00,45.00,2.94,0.00,0.00
O-007853,2025-10-26,S-90,ออนไลน์,P-201,1,95.00,0.00,95.00,6.21,35.00,0.00
O-007854,2025-10-26,S-06,หน้าร้าน,P-202,3,360.00,0.00,360.00,23.55,0.00,0.00
O-007855,2025-10-26,S-05,หน้าร้าน,P-201,1,95.00,0.00,95.00,6.21,0.00,0.00
O-007856,2025-10-26,S-01,หน้าร้าน,P-202,1,120.00,0.00,120.00,7.85,0.00,0.00
O-007857,2025-10-26,S-01,หน้าร้าน,P-201,2,190.00,9.50,180.50,11.81,0.00,0.00
O-007858,2025-10-26,S-03,หน้าร้าน,P-203,2,150.00,15.00,135.00,8.83,0.00,0.00
O-007859,2025-10-26,S-90,ออนไลน์,P-102,1,28.00,1.40,26.60,1.74,50.00,0.00
O-007860,2025-10-26,S-06,หน้าร้าน,P-103,1,45.00,0.00,45.00,2.94,0.00,0.00
O-007861,2025-10-26,S-03,หน้าร้าน,P-103,1,45.00,0.00,45.00,2.94,0.00,0.00
O-007862,2025-10-26,S-04,หน้าร้าน,P-103,3,135.00,0.00,135.00,8.83,0.00,0.00
O-007863,2025-10-27,S-01,หน้าร้าน,P-103,2,90.00,18.00,72.00,4.71,0.00,0.00
O-007864,2025-10-27,S-04,หน้าร้าน,P-302,2,7780.00,0.00,7780.00,508.97,0.00,0.00
O-007865,2025-10-27,S-04,หน้าร้าน,P-302,1,3890.00,194.50,3695.50,241.76,0.00,0.00
O-007866,2025-10-27,S-01,หน้าร้าน,P-102,3,84.00,8.40,75.60,4.95,0.00,0.00
O-007867,2025-10-27,S-04,หน้าร้าน,P-203,1,75.00,7.50,67.50,4.42,0.00,0.00
O-007868,2025-10-27,S-06,หน้าร้าน,P-201,1,95.00,0.00,95.00,6.21,0.00,0.00
O-007869,2025-10-27,S-02,หน้าร้าน,P-301,1,2450.00,122.50,2327.50,152.27,0.00,0.00
O-007870,2025-10-27,S-01,หน้าร้าน,P-101,1,35.00,3.50,31.50,2.06,0.00,0.00
O-007871,2025-10-27,S-06,หน้าร้าน,P-203,3,225.00,0.00,225.00,14.72,0.00,0.00
O-007872,2025-10-27,S-03,หน้าร้าน,P-202,2,240.00,12.00,228.00,14.92,0.00,0.00
O-007873,2025-10-27,S-90,ออนไลน์,P-202,1,120.00,24.00,96.00,6.28,0.00,0.00
O-007874,2025-10-27,S-06,หน้าร้าน,P-102,2,56.00,11.20,44.80,2.93,0.00,0.00
O-007875,2025-10-27,S-90,ออนไลน์,P-101,1,35.00,0.00,35.00,2.29,80.00,0.00
O-007876,2025-10-27,S-04,หน้าร้าน,P-102,3,84.00,0.00,84.00,5.50,0.00,0.00
O-007877,2025-10-27,S-90,ออนไลน์,P-301,1,2450.00,0.00,2450.00,160.28,0.00,0.00
O-007878,2025-10-27,S-02,หน้าร้าน,P-103,5,225.00,0.00,225.00,14.72,0.00,225.00
O-007879,2025-10-27,S-06,หน้าร้าน,P-103,1,45.00,0.00,45.00,2.94,0.00,0.00
O-007880,2025-10-27,S-06,หน้าร้าน,P-201,1,95.00,4.75,90.25,5.90,0.00,0.00
O-007881,2025-10-27,S-03,หน้าร้าน,P-302,2,7780.00,389.00,7391.00,483.52,0.00,0.00
O-007882,2025-10-27,S-02,หน้าร้าน,P-302,3,11670.00,0.00,11670.00,763.46,0.00,0.00
O-007883,2025-10-27,S-06,หน้าร้าน,P-101,2,70.00,3.50,66.50,4.35,0.00,0.00
O-007884,2025-10-27,S-02,หน้าร้าน,P-301,2,4900.00,0.00,4900.00,320.56,0.00,0.00
O-007885,2025-10-27,S-90,ออนไลน์,P-103,1,45.00,9.00,36.00,2.36,80.00,0.00
O-007886,2025-10-27,S-90,ออนไลน์,P-102,2,56.00,2.80,53.20,3.48,0.00,0.00
O-007887,2025-10-27,S-90,ออนไลน์,P-103,1,45.00,4.50,40.50,2.65,50.00,0.00
O-007888,2025-10-27,S-01,หน้าร้าน,P-201,1,95.00,4.75,90.25,5.90,0.00,0.00
O-007889,2025-10-27,S-90,ออนไลน์,P-301,1,2450.00,0.00,2450.00,160.28,35.00,0.00
O-007890,2025-10-27,S-90,ออนไลน์,P-203,1,75.00,7.50,67.50,4.42,80.00,0.00
O-007891,2025-10-27,S-05,หน้าร้าน,P-301,2,4900.00,490.00,4410.00,288.50,0.00,0.00
O-007892,2025-10-27,S-04,หน้าร้าน,P-101,1,35.00,0.00,35.00,2.29,0.00,0.00
O-007893,2025-10-27,S-90,ออนไลน์,P-101,1,35.00,7.00,28.00,1.83,80.00,0.00
O-007894,2025-10-27,S-05,หน้าร้าน,P-203,1,75.00,0.00,75.00,4.91,0.00,0.00
O-007895,2025-10-27,S-90,ออนไลน์,P-202,1,120.00,0.00,120.00,7.85,0.00,0.00
O-007896,2025-10-27,S-03,หน้าร้าน,P-203,2,150.00,0.00,150.00,9.81,0.00,0.00
O-007897,2025-10-28,S-03,หน้าร้าน,P-101,1,35.00,0.00,35.00,2.29,0.00,0.00
O-007898,2025-10-28,S-06,หน้าร้าน,P-202,1,120.00,12.00,108.00,7.07,0.00,0.00
O-007899,2025-10-28,S-03,หน้าร้าน,P-103,2,90.00,0.00,90.00,5.89,0.00,0.00
O-007900,2025-10-28,S-04,หน้าร้าน,P-101,1,35.00,1.75,33.25,2.18,0.00,0.00
O-007901,2025-10-28,S-05,หน้าร้าน,P-102,1,28.00,0.00,28.00,1.83,0.00,0.00
O-007902,2025-10-28,S-06,หน้าร้าน,P-302,2,7780.00,778.00,7002.00,458.07,0.00,0.00
O-007903,2025-10-28,S-90,ออนไลน์,P-301,1,2450.00,0.00,2450.00,160.28,0.00,0.00
O-007904,2025-10-28,S-03,หน้าร้าน,P-103,1,45.00,0.00,45.00,2.94,0.00,0.00
O-007905,2025-10-28,S-05,หน้าร้าน,P-301,1,2450.00,122.50,2327.50,152.27,0.00,0.00
O-007906,2025-10-28,S-04,หน้าร้าน,P-203,1,75.00,0.00,75.00,4.91,0.00,0.00
O-007907,2025-10-28,S-04,หน้าร้าน,P-302,3,11670.00,2334.00,9336.00,610.77,0.00,0.00
O-007908,2025-10-28,S-06,หน้าร้าน,P-201,1,95.00,19.00,76.00,4.97,0.00,0.00
O-007909,2025-10-28,S-02,หน้าร้าน,P-201,2,190.00,0.00,190.00,12.43,0.00,0.00
O-007910,2025-10-28,S-04,หน้าร้าน,P-302,2,7780.00,778.00,7002.00,458.07,0.00,0.00
O-007911,2025-10-28,S-03,หน้าร้าน,P-301,1,2450.00,122.50,2327.50,152.27,0.00,0.00
O-007912,2025-10-28,S-01,หน้าร้าน,P-102,2,56.00,5.60,50.40,3.30,0.00,0.00
O-007913,2025-10-28,S-90,ออนไลน์,P-302,3,11670.00,0.00,11670.00,763.46,0.00,0.00
O-007914,2025-10-28,S-01,หน้าร้าน,P-301,3,7350.00,0.00,7350.00,480.84,0.00,0.00
O-007915,2025-10-28,S-02,หน้าร้าน,P-103,1,45.00,9.00,36.00,2.36,0.00,0.00
O-007916,2025-10-28,S-05,หน้าร้าน,P-201,1,95.00,0.00,95.00,6.21,0.00,0.00
O-007917,2025-10-28,S-02,หน้าร้าน,P-102,1,28.00,0.00,28.00,1.83,0.00,0.00
O-007918,2025-10-28,S-02,หน้าร้าน,P-202,1,120.00,0.00,120.00,7.85,0.00,0.00
O-007919,2025-10-28,S-01,หน้าร้าน,P-203,2,150.00,30.00,120.00,7.85,0.00,0.00
O-007920,2025-10-28,S-06,หน้าร้าน,P-101,1,35.00,0.00,35.00,2.29,0.00,0.00
O-007921,2025-10-29,S-03,หน้าร้าน,P-301,1,2450.00,0.00,2450.00,160.28,0.00,0.00
O-007922,2025-10-29,S-04,หน้าร้าน,P-203,2,150.00,30.00,120.00,7.85,0.00,0.00
O-007923,2025-10-29,S-06,หน้าร้าน,P-101,3,105.00,5.25,99.75,6.53,0.00,0.00
O-007924,2025-10-29,S-06,หน้าร้าน,P-103,2,90.00,9.00,81.00,5.30,0.00,0.00
O-007925,2025-10-29,S-04,หน้าร้าน,P-102,1,28.00,5.60,22.40,1.47,0.00,0.00
O-007926,2025-10-29,S-03,หน้าร้าน,P-301,2,4900.00,245.00,4655.00,304.53,0.00,0.00
O-007927,2025-10-29,S-05,หน้าร้าน,P-201,1,95.00,19.00,76.00,4.97,0.00,0.00
O-007928,2025-10-29,S-03,หน้าร้าน,P-101,1,35.00,0.00,35.00,2.29,0.00,0.00
O-007929,2025-10-29,S-04,หน้าร้าน,P-101,1,35.00,0.00,35.00,2.29,0.00,0.00
O-007930,2025-10-29,S-04,หน้าร้าน,P-301,1,2450.00,0.00,2450.00,160.28,0.00,0.00
O-007931,2025-10-29,S-05,หน้าร้าน,P-201,1,95.00,19.00,76.00,4.97,0.00,0.00
O-007932,2025-10-29,S-03,หน้าร้าน,P-202,2,240.00,0.00,240.00,15.70,0.00,0.00
O-007933,2025-10-29,S-06,หน้าร้าน,P-301,1,2450.00,0.00,2450.00,160.28,0.00,0.00
O-007934,2025-10-29,S-06,หน้าร้าน,P-301,1,2450.00,0.00,2450.00,160.28,0.00,0.00
O-007935,2025-10-29,S-05,หน้าร้าน,P-301,1,2450.00,122.50,2327.50,152.27,0.00,0.00
O-007936,2025-10-29,S-02,หน้าร้าน,P-202,1,120.00,6.00,114.00,7.46,0.00,0.00
O-007937,2025-10-29,S-90,ออนไลน์,P-202,1,120.00,6.00,114.00,7.46,80.00,0.00
O-007938,2025-10-29,S-03,หน้าร้าน,P-101,1,35.00,1.75,33.25,2.18,0.00,0.00
O-007939,2025-10-29,S-03,หน้าร้าน,P-302,1,3890.00,389.00,3501.00,229.04,0.00,0.00
O-007940,2025-10-29,S-06,หน้าร้าน,P-201,1,95.00,0.00,95.00,6.21,0.00,0.00
O-007941,2025-10-29,S-01,หน้าร้าน,P-102,2,56.00,0.00,56.00,3.66,0.00,0.00
O-007942,2025-10-29,S-05,หน้าร้าน,P-103,2,90.00,18.00,72.00,4.71,0.00,0.00
O-007943,2025-10-29,S-05,หน้าร้าน,P-102,1,28.00,5.60,22.40,1.47,0.00,0.00
O-007944,2025-10-29,S-01,หน้าร้าน,P-301,2,4900.00,490.00,4410.00,288.50,0.00,0.00
O-007945,2025-10-29,S-02,หน้าร้าน,P-102,2,56.00,11.20,44.80,2.93,0.00,0.00
O-007946,2025-10-29,S-03,หน้าร้าน,P-101,3,105.00,21.00,84.00,5.50,0.00,0.00
O-007947,2025-10-29,S-06,หน้าร้าน,P-101,1,35.00,7.00,28.00,1.83,0.00,0.00
O-007948,2025-10-29,S-04,หน้าร้าน,P-302,1,3890.00,194.50,3695.50,241.76,0.00,0.00
O-007949,2025-10-29,S-02,หน้าร้าน,P-103,2,90.00,0.00,90.00,5.89,0.00,0.00
O-007950,2025-10-29,S-06,หน้าร้าน,P-101,3,105.00,21.00,84.00,5.50,0.00,0.00
O-007951,2025-10-29,S-03,หน้าร้าน,P-202,2,240.00,0.00,240.00,15.70,0.00,0.00
O-007952,2025-10-30,S-02,หน้าร้าน,P-201,2,190.00,0.00,190.00,12.43,0.00,0.00
O-007953,2025-10-30,S-04,หน้าร้าน,P-201,2,190.00,0.00,190.00,12.43,0.00,0.00
O-007954,2025-10-30,S-06,หน้าร้าน,P-103,1,45.00,2.25,42.75,2.80,0.00,0.00
O-007955,2025-10-30,S-06,หน้าร้าน,P-201,2,190.00,9.50,180.50,11.81,0.00,0.00
O-007956,2025-10-30,S-05,หน้าร้าน,P-202,3,360.00,18.00,342.00,22.37,0.00,0.00
O-007957,2025-10-30,S-04,หน้าร้าน,P-102,2,56.00,0.00,56.00,3.66,0.00,0.00
O-007958,2025-10-30,S-04,หน้าร้าน,P-103,1,45.00,4.50,40.50,2.65,0.00,0.00
O-007959,2025-10-30,S-04,หน้าร้าน,P-301,1,2450.00,0.00,2450.00,160.28,0.00,0.00
O-007960,2025-10-30,S-05,หน้าร้าน,P-102,2,56.00,2.80,53.20,3.48,0.00,0.00
O-007961,2025-10-30,S-04,หน้าร้าน,P-101,1,35.00,0.00,35.00,2.29,0.00,0.00
O-007962,2025-10-30,S-06,หน้าร้าน,P-202,1,120.00,0.00,120.00,7.85,0.00,0.00
O-007963,2025-10-30,S-02,หน้าร้าน,P-101,2,70.00,0.00,70.00,4.58,0.00,0.00
O-007964,2025-10-30,S-04,หน้าร้าน,P-201,2,190.00,9.50,180.50,11.81,0.00,0.00
O-007965,2025-10-30,S-04,หน้าร้าน,P-101,5,175.00,0.00,175.00,11.45,0.00,0.00
O-007966,2025-10-30,S-04,หน้าร้าน,P-301,1,2450.00,0.00,2450.00,160.28,0.00,0.00
O-007967,2025-10-30,S-90,ออนไลน์,P-101,1,35.00,3.50,31.50,2.06,50.00,0.00
O-007968,2025-10-30,S-02,หน้าร้าน,P-103,2,90.00,9.00,81.00,5.30,0.00,0.00
O-007969,2025-10-30,S-03,หน้าร้าน,P-203,1,75.00,3.75,71.25,4.66,0.00,0.00
O-007970,2025-10-30,S-03,หน้าร้าน,P-301,1,2450.00,0.00,2450.00,160.28,0.00,0.00
O-007971,2025-10-30,S-05,หน้าร้าน,P-102,1,28.00,2.80,25.20,1.65,0.00,0.00
O-007972,2025-10-30,S-03,หน้าร้าน,P-101,1,35.00,7.00,28.00,1.83,0.00,0.00
O-007973,2025-10-31,S-90,ออนไลน์,P-203,1,75.00,3.75,71.25,4.66,80.00,0.00
O-007974,2025-10-31,S-04,หน้าร้าน,P-102,1,28.00,2.80,25.20,1.65,0.00,0.00
O-007975,2025-10-31,S-01,หน้าร้าน,P-302,1,3890.00,0.00,3890.00,254.49,0.00,0.00
O-007976,2025-10-31,S-04,หน้าร้าน,P-203,1,75.00,0.00,75.00,4.91,0.00,0.00
O-007977,2025-10-31,S-03,หน้าร้าน,P-103,2,90.00,0.00,90.00,5.89,0.00,0.00
O-007978,2025-10-31,S-90,ออนไลน์,P-202,1,120.00,24.00,96.00,6.28,35.00,0.00
O-007979,2025-10-31,S-90,ออนไลน์,P-302,5,19450.00,3890.00,15560.00,1017.94,80.00,0.00
O-007980,2025-10-31,S-05,หน้าร้าน,P-301,5,12250.00,2450.00,9800.00,641.12,0.00,0.00
O-007981,2025-10-31,S-02,หน้าร้าน,P-103,1,45.00,9.00,36.00,2.36,0.00,36.00
O-007982,2025-10-31,S-04,หน้าร้าน,P-102,2,56.00,5.60,50.40,3.30,0.00,0.00
O-007983,2025-10-31,S-05,หน้าร้าน,P-101,1,35.00,1.75,33.25,2.18,0.00,0.00
O-007984,2025-10-31,S-06,หน้าร้าน,P-201,2,190.00,0.00,190.00,12.43,0.00,0.00
O-007985,2025-10-31,S-01,หน้าร้าน,P-101,2,70.00,3.50,66.50,4.35,0.00,0.00
O-007986,2025-10-31,S-06,หน้าร้าน,P-301,2,4900.00,0.00,4900.00,320.56,0.00,0.00
O-007987,2025-10-31,S-05,หน้าร้าน,P-203,1,75.00,15.00,60.00,3.93,0.00,0.00
O-007988,2025-10-31,S-03,หน้าร้าน,P-302,2,7780.00,1556.00,6224.00,407.18,0.00,0.00
O-007989,2025-10-31,S-04,หน้าร้าน,P-203,1,75.00,15.00,60.00,3.93,0.00,0.00
O-007990,2025-10-31,S-02,หน้าร้าน,P-101,1,35.00,1.75,33.25,2.18,0.00,0.00
O-007991,2025-10-31,S-90,ออนไลน์,P-202,2,240.00,0.00,240.00,15.70,0.00,0.00
O-007992,2025-10-31,S-04,หน้าร้าน,P-302,1,3890.00,0.00,3890.00,254.49,0.00,0.00
O-007993,2025-10-31,S-01,หน้าร้าน,P-301,3,7350.00,1470.00,5880.00,384.67,0.00,0.00
O-007994,2025-10-31,S-02,หน้าร้าน,P-201,2,190.00,9.50,180.50,11.81,0.00,0.00
O-007995,2025-10-31,S-04,หน้าร้าน,P-301,1,2450.00,0.00,2450.00,160.28,0.00,0.00
O-007996,2025-10-31,S-03,หน้าร้าน,P-301,1,2450.00,245.00,2205.00,144.25,0.00,0.00
O-007997,2025-10-31,S-04,หน้าร้าน,P-201,1,95.00,0.00,95.00,6.21,0.00,0.00
O-007998,2025-10-31,S-03,หน้าร้าน,P-102,1,28.00,0.00,28.00,1.83,0.00,0.00
O-007999,2025-10-31,S-06,หน้าร้าน,P-302,1,3890.00,778.00,3112.00,203.59,0.00,0.00
O-008000,2025-10-31,S-04,หน้าร้าน,P-301,2,4900.00,0.00,4900.00,320.56,0.00,0.00
O-008001,2025-10-31,S-05,หน้าร้าน,P-302,1,3890.00,0.00,3890.00,254.49,0.00,0.00
O-008002,2025-11-01,S-04,หน้าร้าน,P-102,1,28.00,5.60,22.40,1.47,0.00,0.00
O-008003,2025-11-01,S-04,หน้าร้าน,P-201,1,95.00,9.50,85.50,5.59,0.00,0.00
O-008004,2025-11-01,S-01,หน้าร้าน,P-102,2,56.00,0.00,56.00,3.66,0.00,0.00
O-008005,2025-11-01,S-02,หน้าร้าน,P-203,2,150.00,0.00,150.00,9.81,0.00,0.00
O-008006,2025-11-01,S-05,หน้าร้าน,P-202,1,120.00,0.00,120.00,7.85,0.00,0.00
O-008007,2025-11-01,S-05,หน้าร้าน,P-202,1,120.00,0.00,120.00,7.85,0.00,0.00
O-008008,2025-11-01,S-04,หน้าร้าน,P-202,1,120.00,24.00,96.00,6.28,0.00,0.00
O-008009,2025-11-01,S-01,หน้าร้าน,P-202,2,240.00,24.00,216.00,14.13,0.00,0.00
O-008010,2025-11-01,S-02,หน้าร้าน,P-201,2,190.00,0.00,190.00,12.43,0.00,0.00
O-008011,2025-11-01,S-01,หน้าร้าน,P-301,1,2450.00,490.00,1960.00,128.22,0.00,0.00
O-008012,2025-11-01,S-02,หน้าร้าน,P-301,2,4900.00,0.00,4900.00,320.56,0.00,0.00
O-008013,2025-11-01,S-05,หน้าร้าน,P-101,1,35.00,0.00,35.00,2.29,0.00,0.00
O-008014,2025-11-01,S-01,หน้าร้าน,P-202,1,120.00,24.00,96.00,6.28,0.00,0.00
O-008015,2025-11-01,S-06,หน้าร้าน,P-102,1,28.00,0.00,28.00,1.83,0.00,0.00
O-008016,2025-11-01,S-03,หน้าร้าน,P-101,1,35.00,3.50,31.50,2.06,0.00,0.00
O-008017,2025-11-01,S-01,หน้าร้าน,P-201,5,475.00,0.00,475.00,31.07,0.00,0.00
O-008018,2025-11-01,S-02,หน้าร้าน,P-302,5,19450.00,0.00,19450.00,1272.43,0.00,0.00
O-008019,2025-11-01,S-05,หน้าร้าน,P-102,2,56.00,2.80,53.20,3.48,0.00,0.00
O-008020,2025-11-01,S-01,หน้าร้าน,P-102,1,28.00,5.60,22.40,1.47,0.00,0.00
O-008021,2025-11-01,S-04,หน้าร้าน,P-103,3,135.00,0.00,135.00,8.83,0.00,0.00
O-008022,2025-11-01,S-04,หน้าร้าน,P-302,3,11670.00,1167.00,10503.00,687.11,0.00,0.00
O-008023,2025-11-01,S-03,หน้าร้าน,P-202,1,120.00,0.00,120.00,7.85,0.00,0.00
O-008024,2025-11-01,S-02,หน้าร้าน,P-101,2,70.00,0.00,70.00,4.58,0.00,0.00
O-008025,2025-11-01,S-01,หน้าร้าน,P-203,1,75.00,3.75,71.25,4.66,0.00,0.00
O-008026,2025-11-01,S-90,ออนไลน์,P-301,1,2450.00,0.00,2450.00,160.28,80.00,0.00
O-008027,2025-11-01,S-04,หน้าร้าน,P-101,1,35.00,1.75,33.25,2.18,0.00,0.00
O-008028,2025-11-01,S-01,หน้าร้าน,P-203,1,75.00,0.00,75.00,4.91,0.00,0.00
O-008029,2025-11-01,S-05,หน้าร้าน,P-202,1,120.00,24.00,96.00,6.28,0.00,0.00
O-008030,2025-11-01,S-06,หน้าร้าน,P-203,3,225.00,45.00,180.00,11.78,0.00,0.00
O-008031,2025-11-01,S-03,หน้าร้าน,P-202,1,120.00,6.00,114.00,7.46,0.00,0.00
O-008032,2025-11-01,S-01,หน้าร้าน,P-301,1,2450.00,490.00,1960.00,128.22,0.00,0.00
O-008033,2025-11-02,S-05,หน้าร้าน,P-201,1,95.00,0.00,95.00,6.21,0.00,0.00
O-008034,2025-11-02,S-03,หน้าร้าน,P-203,2,150.00,0.00,150.00,9.81,0.00,0.00
O-008035,2025-11-02,S-02,หน้าร้าน,P-301,5,12250.00,2450.00,9800.00,641.12,0.00,0.00
O-008036,2025-11-02,S-06,หน้าร้าน,P-101,3,105.00,5.25,99.75,6.53,0.00,0.00
O-008037,2025-11-02,S-06,หน้าร้าน,P-201,1,95.00,9.50,85.50,5.59,0.00,0.00
O-008038,2025-11-02,S-05,หน้าร้าน,P-102,1,28.00,0.00,28.00,1.83,0.00,0.00
O-008039,2025-11-02,S-02,หน้าร้าน,P-301,1,2450.00,245.00,2205.00,144.25,0.00,0.00
O-008040,2025-11-02,S-06,หน้าร้าน,P-203,1,75.00,7.50,67.50,4.42,0.00,0.00
O-008041,2025-11-02,S-01,หน้าร้าน,P-202,1,120.00,24.00,96.00,6.28,0.00,0.00
O-008042,2025-11-02,S-03,หน้าร้าน,P-203,2,150.00,7.50,142.50,9.32,0.00,0.00
O-008043,2025-11-02,S-01,หน้าร้าน,P-301,1,2450.00,245.00,2205.00,144.25,0.00,0.00
O-008044,2025-11-02,S-01,หน้าร้าน,P-103,2,90.00,9.00,81.00,5.30,0.00,0.00
O-008045,2025-11-02,S-05,หน้าร้าน,P-301,2,4900.00,0.00,4900.00,320.56,0.00,0.00
O-008046,2025-11-02,S-90,ออนไลน์,P-102,2,56.00,2.80,53.20,3.48,35.00,0.00
O-008047,2025-11-02,S-02,หน้าร้าน,P-101,1,35.00,0.00,35.00,2.29,0.00,0.00
O-008048,2025-11-02,S-90,ออนไลน์,P-102,1,28.00,1.40,26.60,1.74,0.00,0.00
O-008049,2025-11-02,S-02,หน้าร้าน,P-101,1,35.00,1.75,33.25,2.18,0.00,0.00
O-008050,2025-11-02,S-06,หน้าร้าน,P-201,1,95.00,9.50,85.50,5.59,0.00,0.00
O-008051,2025-11-02,S-90,ออนไลน์,P-301,3,7350.00,1470.00,5880.00,384.67,35.00,0.00
O-008052,2025-11-02,S-02,หน้าร้าน,P-301,1,2450.00,0.00,2450.00,160.28,0.00,0.00
O-008053,2025-11-02,S-04,หน้าร้าน,P-101,1,35.00,0.00,35.00,2.29,0.00,0.00
O-008054,2025-11-02,S-04,หน้าร้าน,P-103,2,90.00,9.00,81.00,5.30,0.00,0.00
O-008055,2025-11-02,S-02,หน้าร้าน,P-103,1,45.00,0.00,45.00,2.94,0.00,0.00
O-008056,2025-11-02,S-02,หน้าร้าน,P-202,3,360.00,0.00,360.00,23.55,0.00,0.00
O-008057,2025-11-02,S-04,หน้าร้าน,P-202,1,120.00,24.00,96.00,6.28,0.00,0.00
O-008058,2025-11-02,S-01,หน้าร้าน,P-302,1,3890.00,389.00,3501.00,229.04,0.00,0.00
O-008059,2025-11-02,S-90,ออนไลน์,P-301,2,4900.00,0.00,4900.00,320.56,0.00,0.00
O-008060,2025-11-02,S-04,หน้าร้าน,P-302,1,3890.00,0.00,3890.00,254.49,0.00,0.00
O-008061,2025-11-02,S-05,หน้าร้าน,P-102,1,28.00,2.80,25.20,1.65,0.00,0.00
O-008062,2025-11-03,S-03,หน้าร้าน,P-301,1,2450.00,0.00,2450.00,160.28,0.00,0.00
O-008063,2025-11-03,S-90,ออนไลน์,P-302,2,7780.00,778.00,7002.00,458.07,0.00,0.00
O-008064,2025-11-03,S-06,หน้าร้าน,P-102,2,56.00,11.20,44.80,2.93,0.00,0.00
O-008065,2025-11-03,S-06,หน้าร้าน,P-101,1,35.00,3.50,31.50,2.06,0.00,31.50
O-008066,2025-11-03,S-06,หน้าร้าน,P-301,1,2450.00,122.50,2327.50,152.27,0.00,0.00
O-008067,2025-11-03,S-06,หน้าร้าน,P-203,1,75.00,7.50,67.50,4.42,0.00,0.00
O-008068,2025-11-03,S-05,หน้าร้าน,P-201,3,285.00,28.50,256.50,16.78,0.00,0.00
O-008069,2025-11-03,S-04,หน้าร้าน,P-101,1,35.00,0.00,35.00,2.29,0.00,0.00
O-008070,2025-11-03,S-06,หน้าร้าน,P-203,2,150.00,7.50,142.50,9.32,0.00,0.00
O-008071,2025-11-03,S-90,ออนไลน์,P-302,1,3890.00,0.00,3890.00,254.49,35.00,0.00
O-008072,2025-11-03,S-05,หน้าร้าน,P-201,1,95.00,9.50,85.50,5.59,0.00,0.00
O-008073,2025-11-03,S-01,หน้าร้าน,P-302,1,3890.00,389.00,3501.00,229.04,0.00,0.00
O-008074,2025-11-03,S-01,หน้าร้าน,P-103,1,45.00,2.25,42.75,2.80,0.00,0.00
O-008075,2025-11-03,S-06,หน้าร้าน,P-201,2,190.00,9.50,180.50,11.81,0.00,0.00
O-008076,2025-11-03,S-05,หน้าร้าน,P-202,5,600.00,0.00,600.00,39.25,0.00,0.00
O-008077,2025-11-03,S-03,หน้าร้าน,P-202,1,120.00,0.00,120.00,7.85,0.00,0.00
O-008078,2025-11-03,S-90,ออนไลน์,P-102,1,28.00,0.00,28.00,1.83,80.00,0.00
O-008079,2025-11-03,S-05,หน้าร้าน,P-302,1,3890.00,778.00,3112.00,203.59,0.00,0.00
O-008080,2025-11-03,S-03,หน้าร้าน,P-201,1,95.00,4.75,90.25,5.90,0.00,0.00
O-008081,2025-11-03,S-01,หน้าร้าน,P-202,1,120.00,0.00,120.00,7.85,0.00,0.00
O-008082,2025-11-04,S-01,หน้าร้าน,P-302,1,3890.00,389.00,3501.00,229.04,0.00,0.00
O-008083,2025-11-04,S-05,หน้าร้าน,P-302,5,19450.00,0.00,19450.00,1272.43,0.00,0.00
O-008084,2025-11-04,S-01,หน้าร้าน,P-101,2,70.00,0.00,70.00,4.58,0.00,0.00
O-008085,2025-11-04,S-90,ออนไลน์,P-103,2,90.00,18.00,72.00,4.71,35.00,0.00
O-008086,2025-11-04,S-90,ออนไลน์,P-201,1,95.00,9.50,85.50,5.59,50.00,0.00
O-008087,2025-11-04,S-90,ออนไลน์,P-302,1,3890.00,194.50,3695.50,241.76,50.00,0.00
O-008088,2025-11-04,S-05,หน้าร้าน,P-101,1,35.00,0.00,35.00,2.29,0.00,0.00
O-008089,2025-11-04,S-01,หน้าร้าน,P-302,1,3890.00,778.00,3112.00,203.59,0.00,0.00
O-008090,2025-11-04,S-02,หน้าร้าน,P-302,5,19450.00,3890.00,15560.00,1017.94,0.00,0.00
O-008091,2025-11-04,S-06,หน้าร้าน,P-202,1,120.00,0.00,120.00,7.85,0.00,0.00
O-008092,2025-11-04,S-03,หน้าร้าน,P-103,1,45.00,0.00,45.00,2.94,0.00,0.00
O-008093,2025-11-04,S-90,ออนไลน์,P-203,2,150.00,15.00,135.00,8.83,35.00,0.00
O-008094,2025-11-04,S-04,หน้าร้าน,P-201,2,190.00,0.00,190.00,12.43,0.00,0.00
O-008095,2025-11-04,S-90,ออนไลน์,P-301,1,2450.00,122.50,2327.50,152.27,35.00,0.00
O-008096,2025-11-04,S-06,หน้าร้าน,P-103,2,90.00,9.00,81.00,5.30,0.00,0.00
O-008097,2025-11-04,S-06,หน้าร้าน,P-202,2,240.00,24.00,216.00,14.13,0.00,0.00
O-008098,2025-11-04,S-05,หน้าร้าน,P-202,2,240.00,24.00,216.00,14.13,0.00,0.00
O-008099,2025-11-04,S-04,หน้าร้าน,P-201,2,190.00,0.00,190.00,12.43,0.00,0.00
O-008100,2025-11-04,S-01,หน้าร้าน,P-301,3,7350.00,0.00,7350.00,480.84,0.00,0.00
O-008101,2025-11-04,S-02,หน้าร้าน,P-301,1,2450.00,490.00,1960.00,128.22,0.00,0.00
O-008102,2025-11-04,S-01,หน้าร้าน,P-101,2,70.00,0.00,70.00,4.58,0.00,0.00
O-008103,2025-11-04,S-05,หน้าร้าน,P-202,3,360.00,0.00,360.00,23.55,0.00,0.00
O-008104,2025-11-04,S-02,หน้าร้าน,P-103,1,45.00,9.00,36.00,2.36,0.00,0.00
O-008105,2025-11-04,S-03,หน้าร้าน,P-202,1,120.00,6.00,114.00,7.46,0.00,0.00
O-008106,2025-11-04,S-06,หน้าร้าน,P-202,3,360.00,0.00,360.00,23.55,0.00,0.00
O-008107,2025-11-04,S-02,หน้าร้าน,P-301,1,2450.00,0.00,2450.00,160.28,0.00,0.00
O-008108,2025-11-04,S-06,หน้าร้าน,P-202,1,120.00,24.00,96.00,6.28,0.00,0.00
O-008109,2025-11-04,S-06,หน้าร้าน,P-101,1,35.00,3.50,31.50,2.06,0.00,0.00
O-008110,2025-11-04,S-03,หน้าร้าน,P-203,1,75.00,0.00,75.00,4.91,0.00,0.00
O-008111,2025-11-04,S-03,หน้าร้าน,P-202,1,120.00,0.00,120.00,7.85,0.00,0.00
O-008112,2025-11-04,S-06,หน้าร้าน,P-201,1,95.00,9.50,85.50,5.59,0.00,0.00
O-008113,2025-11-05,S-03,หน้าร้าน,P-302,1,3890.00,0.00,3890.00,254.49,0.00,0.00
O-008114,2025-11-05,S-06,หน้าร้าน,P-103,1,45.00,0.00,45.00,2.94,0.00,0.00
O-008115,2025-11-05,S-05,หน้าร้าน,P-103,1,45.00,4.50,40.50,2.65,0.00,0.00
O-008116,2025-11-05,S-90,ออนไลน์,P-202,2,240.00,48.00,192.00,12.56,0.00,0.00
O-008117,2025-11-05,S-04,หน้าร้าน,P-203,3,225.00,0.00,225.00,14.72,0.00,0.00
O-008118,2025-11-05,S-06,หน้าร้าน,P-201,1,95.00,19.00,76.00,4.97,0.00,0.00
O-008119,2025-11-05,S-02,หน้าร้าน,P-202,5,600.00,30.00,570.00,37.29,0.00,0.00
O-008120,2025-11-05,S-02,หน้าร้าน,P-102,1,28.00,0.00,28.00,1.83,0.00,0.00
O-008121,2025-11-05,S-05,หน้าร้าน,P-101,1,35.00,1.75,33.25,2.18,0.00,0.00
O-008122,2025-11-05,S-90,ออนไลน์,P-302,1,3890.00,389.00,3501.00,229.04,0.00,0.00
O-008123,2025-11-05,S-01,หน้าร้าน,P-301,2,4900.00,0.00,4900.00,320.56,0.00,0.00
O-008124,2025-11-05,S-05,หน้าร้าน,P-101,1,35.00,0.00,35.00,2.29,0.00,0.00
O-008125,2025-11-05,S-05,หน้าร้าน,P-302,1,3890.00,778.00,3112.00,203.59,0.00,0.00
O-008126,2025-11-05,S-04,หน้าร้าน,P-101,2,70.00,7.00,63.00,4.12,0.00,0.00
O-008127,2025-11-05,S-03,หน้าร้าน,P-101,1,35.00,1.75,33.25,2.18,0.00,0.00
O-008128,2025-11-05,S-90,ออนไลน์,P-302,1,3890.00,0.00,3890.00,254.49,80.00,0.00
O-008129,2025-11-05,S-03,หน้าร้าน,P-302,2,7780.00,0.00,7780.00,508.97,0.00,0.00
O-008130,2025-11-05,S-01,หน้าร้าน,P-101,2,70.00,0.00,70.00,4.58,0.00,0.00
O-008131,2025-11-05,S-06,หน้าร้าน,P-201,1,95.00,0.00,95.00,6.21,0.00,0.00
O-008132,2025-11-05,S-04,หน้าร้าน,P-302,1,3890.00,194.50,3695.50,241.76,0.00,0.00
O-008133,2025-11-05,S-02,หน้าร้าน,P-101,1,35.00,0.00,35.00,2.29,0.00,0.00
O-008134,2025-11-05,S-01,หน้าร้าน,P-103,1,45.00,9.00,36.00,2.36,0.00,0.00
O-008135,2025-11-05,S-05,หน้าร้าน,P-101,1,35.00,1.75,33.25,2.18,0.00,0.00
O-008136,2025-11-05,S-06,หน้าร้าน,P-101,1,35.00,0.00,35.00,2.29,0.00,0.00
O-008137,2025-11-05,S-90,ออนไลน์,P-201,2,190.00,19.00,171.00,11.19,0.00,0.00
O-008138,2025-11-05,S-01,หน้าร้าน,P-203,2,150.00,15.00,135.00,8.83,0.00,0.00
O-008139,2025-11-05,S-01,หน้าร้าน,P-301,1,2450.00,245.00,2205.00,144.25,0.00,0.00
O-008140,2025-11-05,S-05,หน้าร้าน,P-103,1,45.00,2.25,42.75,2.80,0.00,0.00
O-008141,2025-11-05,S-90,ออนไลน์,P-301,3,7350.00,367.50,6982.50,456.80,50.00,0.00
O-008142,2025-11-05,S-03,หน้าร้าน,P-202,1,120.00,24.00,96.00,6.28,0.00,0.00
O-008143,2025-11-05,S-04,หน้าร้าน,P-301,1,2450.00,490.00,1960.00,128.22,0.00,0.00
O-008144,2025-11-05,S-90,ออนไลน์,P-301,1,2450.00,0.00,2450.00,160.28,50.00,0.00
O-008145,2025-11-05,S-02,หน้าร้าน,P-203,1,75.00,0.00,75.00,4.91,0.00,0.00
O-008146,2025-11-05,S-04,หน้าร้าน,P-302,1,3890.00,0.00,3890.00,254.49,0.00,0.00
O-008147,2025-11-06,S-05,หน้าร้าน,P-101,2,70.00,3.50,66.50,4.35,0.00,0.00
O-008148,2025-11-06,S-06,หน้าร้าน,P-102,2,56.00,5.60,50.40,3.30,0.00,0.00
O-008149,2025-11-06,S-02,หน้าร้าน,P-103,2,90.00,18.00,72.00,4.71,0.00,0.00
O-008150,2025-11-06,S-05,หน้าร้าน,P-102,1,28.00,5.60,22.40,1.47,0.00,0.00
O-008151,2025-11-06,S-06,หน้าร้าน,P-102,1,28.00,2.80,25.20,1.65,0.00,0.00
O-008152,2025-11-06,S-05,หน้าร้าน,P-202,1,120.00,24.00,96.00,6.28,0.00,0.00
O-008153,2025-11-06,S-90,ออนไลน์,P-101,1,35.00,0.00,35.00,2.29,80.00,0.00
O-008154,2025-11-06,S-03,หน้าร้าน,P-302,1,3890.00,194.50,3695.50,241.76,0.00,0.00
O-008155,2025-11-06,S-01,หน้าร้าน,P-201,1,95.00,19.00,76.00,4.97,0.00,0.00
O-008156,2025-11-06,S-02,หน้าร้าน,P-202,3,360.00,72.00,288.00,18.84,0.00,0.00
O-008157,2025-11-06,S-06,หน้าร้าน,P-203,2,150.00,7.50,142.50,9.32,0.00,0.00
O-008158,2025-11-06,S-02,หน้าร้าน,P-201,2,190.00,38.00,152.00,9.94,0.00,0.00
O-008159,2025-11-06,S-90,ออนไลน์,P-201,1,95.00,9.50,85.50,5.59,50.00,0.00
O-008160,2025-11-06,S-90,ออนไลน์,P-203,3,225.00,11.25,213.75,13.98,80.00,0.00
O-008161,2025-11-06,S-03,หน้าร้าน,P-102,1,28.00,1.40,26.60,1.74,0.00,0.00
O-008162,2025-11-06,S-05,หน้าร้าน,P-301,1,2450.00,245.00,2205.00,144.25,0.00,0.00
O-008163,2025-11-06,S-04,หน้าร้าน,P-201,2,190.00,19.00,171.00,11.19,0.00,0.00
O-008164,2025-11-06,S-05,หน้าร้าน,P-202,2,240.00,24.00,216.00,14.13,0.00,0.00
O-008165,2025-11-06,S-01,หน้าร้าน,P-101,1,35.00,0.00,35.00,2.29,0.00,0.00
O-008166,2025-11-06,S-04,หน้าร้าน,P-302,5,19450.00,3890.00,15560.00,1017.94,0.00,0.00
O-008167,2025-11-06,S-90,ออนไลน์,P-301,2,4900.00,245.00,4655.00,304.53,80.00,0.00
O-008168,2025-11-06,S-03,หน้าร้าน,P-101,1,35.00,1.75,33.25,2.18,0.00,0.00
O-008169,2025-11-06,S-02,หน้าร้าน,P-302,1,3890.00,0.00,3890.00,254.49,0.00,0.00
O-008170,2025-11-06,S-02,หน้าร้าน,P-301,1,2450.00,490.00,1960.00,128.22,0.00,0.00
O-008171,2025-11-07,S-05,หน้าร้าน,P-101,1,35.00,0.00,35.00,2.29,0.00,0.00
O-008172,2025-11-07,S-01,หน้าร้าน,P-202,2,240.00,24.00,216.00,14.13,0.00,0.00
O-008173,2025-11-07,S-01,หน้าร้าน,P-103,2,90.00,18.00,72.00,4.71,0.00,0.00
O-008174,2025-11-07,S-90,ออนไลน์,P-201,1,95.00,9.50,85.50,5.59,0.00,0.00
O-008175,2025-11-07,S-05,หน้าร้าน,P-201,2,190.00,38.00,152.00,9.94,0.00,0.00
O-008176,2025-11-07,S-90,ออนไลน์,P-202,3,360.00,0.00,360.00,23.55,80.00,0.00
O-008177,2025-11-07,S-05,หน้าร้าน,P-102,1,28.00,5.60,22.40,1.47,0.00,0.00
O-008178,2025-11-07,S-03,หน้าร้าน,P-102,1,28.00,5.60,22.40,1.47,0.00,0.00
O-008179,2025-11-07,S-02,หน้าร้าน,P-301,1,2450.00,0.00,2450.00,160.28,0.00,0.00
O-008180,2025-11-07,S-02,หน้าร้าน,P-203,3,225.00,0.00,225.00,14.72,0.00,0.00
O-008181,2025-11-07,S-02,หน้าร้าน,P-203,2,150.00,15.00,135.00,8.83,0.00,0.00
O-008182,2025-11-07,S-03,หน้าร้าน,P-102,2,56.00,0.00,56.00,3.66,0.00,0.00
O-008183,2025-11-07,S-01,หน้าร้าน,P-203,1,75.00,0.00,75.00,4.91,0.00,0.00
O-008184,2025-11-07,S-01,หน้าร้าน,P-302,1,3890.00,778.00,3112.00,203.59,0.00,0.00
O-008185,2025-11-07,S-02,หน้าร้าน,P-102,2,56.00,2.80,53.20,3.48,0.00,0.00
O-008186,2025-11-07,S-02,หน้าร้าน,P-302,3,11670.00,2334.00,9336.00,610.77,0.00,0.00
O-008187,2025-11-07,S-06,หน้าร้าน,P-101,1,35.00,7.00,28.00,1.83,0.00,0.00
O-008188,2025-11-07,S-01,หน้าร้าน,P-302,2,7780.00,0.00,7780.00,508.97,0.00,0.00
O-008189,2025-11-07,S-06,หน้าร้าน,P-102,1,28.00,0.00,28.00,1.83,0.00,0.00
O-008190,2025-11-07,S-01,หน้าร้าน,P-203,1,75.00,0.00,75.00,4.91,0.00,0.00
O-008191,2025-11-07,S-05,หน้าร้าน,P-301,1,2450.00,0.00,2450.00,160.28,0.00,0.00
O-008192,2025-11-07,S-90,ออนไลน์,P-201,1,95.00,4.75,90.25,5.90,0.00,0.00
O-008193,2025-11-07,S-03,หน้าร้าน,P-202,2,240.00,48.00,192.00,12.56,0.00,0.00
O-008194,2025-11-07,S-90,ออนไลน์,P-203,2,150.00,0.00,150.00,9.81,0.00,0.00
O-008195,2025-11-07,S-06,หน้าร้าน,P-203,1,75.00,15.00,60.00,3.93,0.00,0.00
O-008196,2025-11-07,S-03,หน้าร้าน,P-101,2,70.00,3.50,66.50,4.35,0.00,0.00
O-008197,2025-11-07,S-06,หน้าร้าน,P-302,1,3890.00,0.00,3890.00,254.49,0.00,0.00
O-008198,2025-11-07,S-05,หน้าร้าน,P-203,1,75.00,7.50,67.50,4.42,0.00,0.00
O-008199,2025-11-07,S-01,หน้าร้าน,P-201,2,190.00,0.00,190.00,12.43,0.00,0.00
O-008200,2025-11-07,S-01,หน้าร้าน,P-203,1,75.00,0.00,75.00,4.91,0.00,0.00
O-008201,2025-11-08,S-05,หน้าร้าน,P-201,1,95.00,0.00,95.00,6.21,0.00,0.00
O-008202,2025-11-08,S-04,หน้าร้าน,P-103,1,45.00,9.00,36.00,2.36,0.00,0.00
O-008203,2025-11-08,S-02,หน้าร้าน,P-302,1,3890.00,389.00,3501.00,229.04,0.00,0.00
O-008204,2025-11-08,S-06,หน้าร้าน,P-103,1,45.00,9.00,36.00,2.36,0.00,0.00
O-008205,2025-11-08,S-03,หน้าร้าน,P-202,2,240.00,48.00,192.00,12.56,0.00,0.00
O-008206,2025-11-08,S-06,หน้าร้าน,P-302,2,7780.00,0.00,7780.00,508.97,0.00,0.00
O-008207,2025-11-08,S-03,หน้าร้าน,P-102,1,28.00,2.80,25.20,1.65,0.00,0.00
O-008208,2025-11-08,S-05,หน้าร้าน,P-302,1,3890.00,194.50,3695.50,241.76,0.00,0.00
O-008209,2025-11-08,S-03,หน้าร้าน,P-102,2,56.00,0.00,56.00,3.66,0.00,0.00
O-008210,2025-11-08,S-05,หน้าร้าน,P-103,2,90.00,4.50,85.50,5.59,0.00,0.00
O-008211,2025-11-08,S-01,หน้าร้าน,P-302,2,7780.00,389.00,7391.00,483.52,0.00,0.00
O-008212,2025-11-08,S-04,หน้าร้าน,P-302,1,3890.00,778.00,3112.00,203.59,0.00,0.00
O-008213,2025-11-08,S-03,หน้าร้าน,P-302,1,3890.00,194.50,3695.50,241.76,0.00,0.00
O-008214,2025-11-08,S-04,หน้าร้าน,P-302,1,3890.00,194.50,3695.50,241.76,0.00,0.00
O-008215,2025-11-08,S-05,หน้าร้าน,P-302,1,3890.00,778.00,3112.00,203.59,0.00,0.00
O-008216,2025-11-08,S-90,ออนไลน์,P-201,2,190.00,0.00,190.00,12.43,80.00,0.00
O-008217,2025-11-08,S-05,หน้าร้าน,P-203,1,75.00,0.00,75.00,4.91,0.00,0.00
O-008218,2025-11-08,S-02,หน้าร้าน,P-101,2,70.00,0.00,70.00,4.58,0.00,0.00
O-008219,2025-11-08,S-90,ออนไลน์,P-202,1,120.00,12.00,108.00,7.07,80.00,0.00
O-008220,2025-11-08,S-90,ออนไลน์,P-201,1,95.00,0.00,95.00,6.21,50.00,0.00
O-008221,2025-11-08,S-06,หน้าร้าน,P-102,2,56.00,2.80,53.20,3.48,0.00,0.00
O-008222,2025-11-08,S-04,หน้าร้าน,P-301,1,2450.00,0.00,2450.00,160.28,0.00,2450.00
O-008223,2025-11-08,S-02,หน้าร้าน,P-201,1,95.00,19.00,76.00,4.97,0.00,0.00
O-008224,2025-11-08,S-90,ออนไลน์,P-201,2,190.00,38.00,152.00,9.94,0.00,0.00
O-008225,2025-11-08,S-05,หน้าร้าน,P-301,1,2450.00,122.50,2327.50,152.27,0.00,0.00
O-008226,2025-11-08,S-90,ออนไลน์,P-103,1,45.00,2.25,42.75,2.80,80.00,0.00
O-008227,2025-11-08,S-90,ออนไลน์,P-202,1,120.00,0.00,120.00,7.85,0.00,0.00
O-008228,2025-11-08,S-03,หน้าร้าน,P-101,3,105.00,0.00,105.00,6.87,0.00,0.00
O-008229,2025-11-09,S-01,หน้าร้าน,P-201,1,95.00,9.50,85.50,5.59,0.00,0.00
O-008230,2025-11-09,S-06,หน้าร้าน,P-302,2,7780.00,0.00,7780.00,508.97,0.00,0.00
O-008231,2025-11-09,S-06,หน้าร้าน,P-202,2,240.00,0.00,240.00,15.70,0.00,0.00
O-008232,2025-11-09,S-06,หน้าร้าน,P-103,2,90.00,9.00,81.00,5.30,0.00,0.00
O-008233,2025-11-09,S-90,ออนไลน์,P-302,1,3890.00,778.00,3112.00,203.59,80.00,0.00
O-008234,2025-11-09,S-03,หน้าร้าน,P-103,1,45.00,2.25,42.75,2.80,0.00,0.00
O-008235,2025-11-09,S-03,หน้าร้าน,P-201,2,190.00,19.00,171.00,11.19,0.00,0.00
O-008236,2025-11-09,S-06,หน้าร้าน,P-102,1,28.00,1.40,26.60,1.74,0.00,0.00
O-008237,2025-11-09,S-03,หน้าร้าน,P-102,1,28.00,0.00,28.00,1.83,0.00,0.00
O-008238,2025-11-09,S-02,หน้าร้าน,P-202,2,240.00,0.00,240.00,15.70,0.00,0.00
O-008239,2025-11-09,S-04,หน้าร้าน,P-203,1,75.00,3.75,71.25,4.66,0.00,0.00
O-008240,2025-11-09,S-01,หน้าร้าน,P-202,1,120.00,24.00,96.00,6.28,0.00,0.00
O-008241,2025-11-09,S-02,หน้าร้าน,P-301,2,4900.00,980.00,3920.00,256.45,0.00,0.00
O-008242,2025-11-09,S-05,หน้าร้าน,P-101,1,35.00,1.75,33.25,2.18,0.00,0.00
O-008243,2025-11-09,S-03,หน้าร้าน,P-203,1,75.00,0.00,75.00,4.91,0.00,0.00
O-008244,2025-11-09,S-06,หน้าร้าน,P-203,1,75.00,3.75,71.25,4.66,0.00,0.00
O-008245,2025-11-09,S-01,หน้าร้าน,P-101,1,35.00,3.50,31.50,2.06,0.00,0.00
O-008246,2025-11-09,S-03,หน้าร้าน,P-102,1,28.00,0.00,28.00,1.83,0.00,0.00
O-008247,2025-11-09,S-01,หน้าร้าน,P-101,1,35.00,0.00,35.00,2.29,0.00,0.00
O-008248,2025-11-09,S-01,หน้าร้าน,P-203,2,150.00,15.00,135.00,8.83,0.00,0.00
O-008249,2025-11-10,S-03,หน้าร้าน,P-102,1,28.00,0.00,28.00,1.83,0.00,0.00
O-008250,2025-11-10,S-90,ออนไลน์,P-302,1,3890.00,778.00,3112.00,203.59,50.00,0.00
O-008251,2025-11-10,S-06,หน้าร้าน,P-201,3,285.00,28.50,256.50,16.78,0.00,0.00
O-008252,2025-11-10,S-02,หน้าร้าน,P-203,2,150.00,30.00,120.00,7.85,0.00,0.00
O-008253,2025-11-10,S-05,หน้าร้าน,P-201,1,95.00,9.50,85.50,5.59,0.00,0.00
O-008254,2025-11-10,S-06,หน้าร้าน,P-102,2,56.00,2.80,53.20,3.48,0.00,0.00
O-008255,2025-11-10,S-05,หน้าร้าน,P-102,1,28.00,1.40,26.60,1.74,0.00,0.00
O-008256,2025-11-10,S-90,ออนไลน์,P-102,2,56.00,2.80,53.20,3.48,0.00,0.00
O-008257,2025-11-10,S-01,หน้าร้าน,P-103,1,45.00,4.50,40.50,2.65,0.00,0.00
O-008258,2025-11-10,S-02,หน้าร้าน,P-101,3,105.00,21.00,84.00,5.50,0.00,0.00
O-008259,2025-11-10,S-03,หน้าร้าน,P-302,1,3890.00,778.00,3112.00,203.59,0.00,0.00
O-008260,2025-11-10,S-90,ออนไลน์,P-103,1,45.00,0.00,45.00,2.94,35.00,0.00
O-008261,2025-11-10,S-06,หน้าร้าน,P-202,2,240.00,48.00,192.00,12.56,0.00,0.00
O-008262,2025-11-10,S-03,หน้าร้าน,P-201,1,95.00,19.00,76.00,4.97,0.00,0.00
O-008263,2025-11-10,S-90,ออนไลน์,P-103,2,90.00,0.00,90.00,5.89,0.00,0.00
O-008264,2025-11-10,S-06,หน้าร้าน,P-101,1,35.00,1.75,33.25,2.18,0.00,0.00
O-008265,2025-11-10,S-01,หน้าร้าน,P-203,1,75.00,7.50,67.50,4.42,0.00,0.00
O-008266,2025-11-10,S-06,หน้าร้าน,P-103,2,90.00,0.00,90.00,5.89,0.00,0.00
O-008267,2025-11-10,S-90,ออนไลน์,P-102,2,56.00,11.20,44.80,2.93,0.00,0.00
O-008268,2025-11-10,S-06,หน้าร้าน,P-101,2,70.00,0.00,70.00,4.58,0.00,0.00
O-008269,2025-11-10,S-06,หน้าร้าน,P-302,3,11670.00,0.00,11670.00,763.46,0.00,0.00
O-008270,2025-11-10,S-90,ออนไลน์,P-103,1,45.00,2.25,42.75,2.80,0.00,0.00
O-008271,2025-11-10,S-05,หน้าร้าน,P-101,1,35.00,7.00,28.00,1.83,0.00,0.00
O-008272,2025-11-10,S-05,หน้าร้าน,P-201,1,95.00,4.75,90.25,5.90,0.00,0.00
O-008273,2025-11-10,S-05,หน้าร้าน,P-103,1,45.00,0.00,45.00,2.94,0.00,0.00
O-008274,2025-11-10,S-06,หน้าร้าน,P-301,1,2450.00,245.00,2205.00,144.25,0.00,0.00
O-008275,2025-11-10,S-90,ออนไลน์,P-102,1,28.00,0.00,28.00,1.83,80.00,0.00
O-008276,2025-11-10,S-03,หน้าร้าน,P-101,1,35.00,0.00,35.00,2.29,0.00,0.00
O-008277,2025-11-10,S-05,หน้าร้าน,P-301,1,2450.00,0.00,2450.00,160.28,0.00,0.00
O-008278,2025-11-10,S-05,หน้าร้าน,P-102,2,56.00,5.60,50.40,3.30,0.00,0.00
O-008279,2025-11-11,S-01,หน้าร้าน,P-202,2,240.00,0.00,240.00,15.70,0.00,0.00
O-008280,2025-11-11,S-04,หน้าร้าน,P-101,3,105.00,5.25,99.75,6.53,0.00,0.00
O-008281,2025-11-11,S-05,หน้าร้าน,P-102,1,28.00,1.40,26.60,1.74,0.00,0.00
O-008282,2025-11-11,S-02,หน้าร้าน,P-201,1,95.00,19.00,76.00,4.97,0.00,0.00
O-008283,2025-11-11,S-05,หน้าร้าน,P-103,1,45.00,4.50,40.50,2.65,0.00,0.00
O-008284,2025-11-11,S-02,หน้าร้าน,P-203,2,150.00,0.00,150.00,9.81,0.00,0.00
O-008285,2025-11-11,S-04,หน้าร้าน,P-302,1,3890.00,778.00,3112.00,203.59,0.00,0.00
O-008286,2025-11-11,S-05,หน้าร้าน,P-301,2,4900.00,980.00,3920.00,256.45,0.00,0.00
O-008287,2025-11-11,S-05,หน้าร้าน,P-203,2,150.00,0.00,150.00,9.81,0.00,0.00
O-008288,2025-11-11,S-01,หน้าร้าน,P-101,1,35.00,1.75,33.25,2.18,0.00,0.00
O-008289,2025-11-11,S-05,หน้าร้าน,P-101,2,70.00,14.00,56.00,3.66,0.00,0.00
O-008290,2025-11-11,S-02,หน้าร้าน,P-203,5,375.00,75.00,300.00,19.63,0.00,0.00
O-008291,2025-11-11,S-06,หน้าร้าน,P-101,5,175.00,8.75,166.25,10.88,0.00,0.00
O-008292,2025-11-11,S-04,หน้าร้าน,P-201,1,95.00,0.00,95.00,6.21,0.00,0.00
O-008293,2025-11-11,S-03,หน้าร้าน,P-102,1,28.00,1.40,26.60,1.74,0.00,0.00
O-008294,2025-11-11,S-02,หน้าร้าน,P-301,5,12250.00,2450.00,9800.00,641.12,0.00,0.00
O-008295,2025-11-11,S-05,หน้าร้าน,P-202,1,120.00,6.00,114.00,7.46,0.00,0.00
O-008296,2025-11-11,S-01,หน้าร้าน,P-101,2,70.00,0.00,70.00,4.58,0.00,0.00
O-008297,2025-11-11,S-90,ออนไลน์,P-302,2,7780.00,0.00,7780.00,508.97,0.00,0.00
O-008298,2025-11-11,S-03,หน้าร้าน,P-201,1,95.00,9.50,85.50,5.59,0.00,0.00
O-008299,2025-11-11,S-04,หน้าร้าน,P-201,1,95.00,0.00,95.00,6.21,0.00,0.00
O-008300,2025-11-11,S-01,หน้าร้าน,P-103,1,45.00,2.25,42.75,2.80,0.00,0.00
O-008301,2025-11-12,S-01,หน้าร้าน,P-101,5,175.00,0.00,175.00,11.45,0.00,0.00
O-008302,2025-11-12,S-03,หน้าร้าน,P-302,2,7780.00,1556.00,6224.00,407.18,0.00,0.00
O-008303,2025-11-12,S-04,หน้าร้าน,P-103,1,45.00,4.50,40.50,2.65,0.00,0.00
O-008304,2025-11-12,S-04,หน้าร้าน,P-201,1,95.00,0.00,95.00,6.21,0.00,0.00
O-008305,2025-11-12,S-06,หน้าร้าน,P-101,1,35.00,1.75,33.25,2.18,0.00,0.00
O-008306,2025-11-12,S-06,หน้าร้าน,P-202,1,120.00,24.00,96.00,6.28,0.00,0.00
O-008307,2025-11-12,S-03,หน้าร้าน,P-103,3,135.00,0.00,135.00,8.83,0.00,0.00
O-008308,2025-11-12,S-02,หน้าร้าน,P-301,3,7350.00,735.00,6615.00,432.76,0.00,0.00
O-008309,2025-11-12,S-90,ออนไลน์,P-201,1,95.00,4.75,90.25,5.90,35.00,0.00
O-008310,2025-11-12,S-06,หน้าร้าน,P-102,1,28.00,5.60,22.40,1.47,0.00,0.00
O-008311,2025-11-12,S-03,หน้าร้าน,P-301,1,2450.00,122.50,2327.50,152.27,0.00,0.00
O-008312,2025-11-12,S-01,หน้าร้าน,P-301,1,2450.00,0.00,2450.00,160.28,0.00,0.00
O-008313,2025-11-12,S-90,ออนไลน์,P-202,3,360.00,0.00,360.00,23.55,80.00,0.00
O-008314,2025-11-12,S-02,หน้าร้าน,P-202,3,360.00,72.00,288.00,18.84,0.00,0.00
O-008315,2025-11-12,S-90,ออนไลน์,P-203,1,75.00,15.00,60.00,3.93,0.00,0.00
O-008316,2025-11-12,S-04,หน้าร้าน,P-103,1,45.00,2.25,42.75,2.80,0.00,0.00
O-008317,2025-11-12,S-04,หน้าร้าน,P-301,1,2450.00,245.00,2205.00,144.25,0.00,0.00
O-008318,2025-11-12,S-02,หน้าร้าน,P-201,1,95.00,0.00,95.00,6.21,0.00,0.00
O-008319,2025-11-12,S-06,หน้าร้าน,P-301,3,7350.00,0.00,7350.00,480.84,0.00,0.00
O-008320,2025-11-12,S-06,หน้าร้าน,P-101,2,70.00,0.00,70.00,4.58,0.00,0.00
O-008321,2025-11-12,S-90,ออนไลน์,P-102,2,56.00,2.80,53.20,3.48,0.00,0.00
O-008322,2025-11-12,S-02,หน้าร้าน,P-301,5,12250.00,612.50,11637.50,761.33,0.00,11637.50
O-008323,2025-11-12,S-90,ออนไลน์,P-301,1,2450.00,122.50,2327.50,152.27,50.00,2327.50
O-008324,2025-11-12,S-02,หน้าร้าน,P-102,3,84.00,16.80,67.20,4.40,0.00,0.00
O-008325,2025-11-12,S-03,หน้าร้าน,P-103,2,90.00,9.00,81.00,5.30,0.00,0.00
O-008326,2025-11-12,S-05,หน้าร้าน,P-301,1,2450.00,245.00,2205.00,144.25,0.00,0.00
O-008327,2025-11-12,S-01,หน้าร้าน,P-201,2,190.00,9.50,180.50,11.81,0.00,0.00
O-008328,2025-11-12,S-05,หน้าร้าน,P-102,2,56.00,0.00,56.00,3.66,0.00,0.00
O-008329,2025-11-13,S-03,หน้าร้าน,P-102,1,28.00,0.00,28.00,1.83,0.00,0.00
O-008330,2025-11-13,S-01,หน้าร้าน,P-302,2,7780.00,1556.00,6224.00,407.18,0.00,0.00
O-008331,2025-11-13,S-01,หน้าร้าน,P-302,2,7780.00,778.00,7002.00,458.07,0.00,0.00
O-008332,2025-11-13,S-03,หน้าร้าน,P-102,1,28.00,0.00,28.00,1.83,0.00,0.00
O-008333,2025-11-13,S-90,ออนไลน์,P-301,3,7350.00,367.50,6982.50,456.80,80.00,0.00
O-008334,2025-11-13,S-02,หน้าร้าน,P-202,1,120.00,12.00,108.00,7.07,0.00,0.00
O-008335,2025-11-13,S-03,หน้าร้าน,P-202,3,360.00,36.00,324.00,21.20,0.00,0.00
O-008336,2025-11-13,S-05,หน้าร้าน,P-103,2,90.00,18.00,72.00,4.71,0.00,0.00
O-008337,2025-11-13,S-05,หน้าร้าน,P-201,1,95.00,0.00,95.00,6.21,0.00,0.00
O-008338,2025-11-13,S-04,หน้าร้าน,P-201,2,190.00,9.50,180.50,11.81,0.00,0.00
O-008339,2025-11-13,S-06,หน้าร้าน,P-301,1,2450.00,490.00,1960.00,128.22,0.00,0.00
O-008340,2025-11-13,S-02,หน้าร้าน,P-301,1,2450.00,490.00,1960.00,128.22,0.00,0.00
O-008341,2025-11-13,S-06,หน้าร้าน,P-103,1,45.00,0.00,45.00,2.94,0.00,0.00
O-008342,2025-11-13,S-02,หน้าร้าน,P-101,1,35.00,1.75,33.25,2.18,0.00,0.00
O-008343,2025-11-13,S-01,หน้าร้าน,P-302,1,3890.00,0.00,3890.00,254.49,0.00,0.00
O-008344,2025-11-13,S-02,หน้าร้าน,P-103,5,225.00,45.00,180.00,11.78,0.00,0.00
O-008345,2025-11-13,S-01,หน้าร้าน,P-203,1,75.00,0.00,75.00,4.91,0.00,0.00
O-008346,2025-11-13,S-04,หน้าร้าน,P-101,1,35.00,0.00,35.00,2.29,0.00,0.00
O-008347,2025-11-13,S-05,หน้าร้าน,P-103,3,135.00,0.00,135.00,8.83,0.00,0.00
O-008348,2025-11-13,S-02,หน้าร้าน,P-103,1,45.00,0.00,45.00,2.94,0.00,0.00
O-008349,2025-11-13,S-01,หน้าร้าน,P-203,5,375.00,18.75,356.25,23.31,0.00,0.00
O-008350,2025-11-13,S-04,หน้าร้าน,P-301,2,4900.00,0.00,4900.00,320.56,0.00,0.00
O-008351,2025-11-13,S-01,หน้าร้าน,P-103,1,45.00,0.00,45.00,2.94,0.00,0.00
O-008352,2025-11-13,S-03,หน้าร้าน,P-301,1,2450.00,122.50,2327.50,152.27,0.00,0.00
O-008353,2025-11-13,S-05,หน้าร้าน,P-102,1,28.00,0.00,28.00,1.83,0.00,0.00
O-008354,2025-11-13,S-04,หน้าร้าน,P-203,3,225.00,11.25,213.75,13.98,0.00,0.00
O-008355,2025-11-13,S-90,ออนไลน์,P-301,1,2450.00,0.00,2450.00,160.28,0.00,0.00
O-008356,2025-11-13,S-04,หน้าร้าน,P-203,1,75.00,0.00,75.00,4.91,0.00,0.00
O-008357,2025-11-13,S-04,หน้าร้าน,P-302,1,3890.00,194.50,3695.50,241.76,0.00,0.00
O-008358,2025-11-13,S-04,หน้าร้าน,P-301,2,4900.00,245.00,4655.00,304.53,0.00,0.00
O-008359,2025-11-13,S-02,หน้าร้าน,P-201,2,190.00,0.00,190.00,12.43,0.00,0.00
O-008360,2025-11-13,S-02,หน้าร้าน,P-201,1,95.00,9.50,85.50,5.59,0.00,0.00
O-008361,2025-11-13,S-04,หน้าร้าน,P-101,2,70.00,0.00,70.00,4.58,0.00,0.00
O-008362,2025-11-13,S-01,หน้าร้าน,P-201,3,285.00,14.25,270.75,17.71,0.00,0.00
O-008363,2025-11-14,S-02,หน้าร้าน,P-202,1,120.00,12.00,108.00,7.07,0.00,0.00
O-008364,2025-11-14,S-03,หน้าร้าน,P-202,1,120.00,0.00,120.00,7.85,0.00,0.00
O-008365,2025-11-14,S-03,หน้าร้าน,P-202,1,120.00,24.00,96.00,6.28,0.00,0.00
O-008366,2025-11-14,S-90,ออนไลน์,P-202,2,240.00,48.00,192.00,12.56,35.00,0.00
O-008367,2025-11-14,S-06,หน้าร้าน,P-103,1,45.00,0.00,45.00,2.94,0.00,0.00
O-008368,2025-11-14,S-05,หน้าร้าน,P-301,1,2450.00,0.00,2450.00,160.28,0.00,0.00
O-008369,2025-11-14,S-01,หน้าร้าน,P-301,1,2450.00,490.00,1960.00,128.22,0.00,0.00
O-008370,2025-11-14,S-02,หน้าร้าน,P-203,1,75.00,0.00,75.00,4.91,0.00,0.00
O-008371,2025-11-14,S-90,ออนไลน์,P-102,1,28.00,0.00,28.00,1.83,50.00,0.00
O-008372,2025-11-14,S-01,หน้าร้าน,P-302,1,3890.00,0.00,3890.00,254.49,0.00,0.00
O-008373,2025-11-14,S-05,หน้าร้าน,P-102,1,28.00,0.00,28.00,1.83,0.00,0.00
O-008374,2025-11-14,S-05,หน้าร้าน,P-302,1,3890.00,194.50,3695.50,241.76,0.00,0.00
O-008375,2025-11-14,S-03,หน้าร้าน,P-301,2,4900.00,490.00,4410.00,288.50,0.00,0.00
O-008376,2025-11-14,S-01,หน้าร้าน,P-103,1,45.00,2.25,42.75,2.80,0.00,0.00
O-008377,2025-11-14,S-06,หน้าร้าน,P-203,1,75.00,7.50,67.50,4.42,0.00,0.00
O-008378,2025-11-14,S-03,หน้าร้าน,P-202,1,120.00,0.00,120.00,7.85,0.00,0.00
O-008379,2025-11-14,S-02,หน้าร้าน,P-101,1,35.00,7.00,28.00,1.83,0.00,0.00
O-008380,2025-11-14,S-04,หน้าร้าน,P-102,1,28.00,1.40,26.60,1.74,0.00,0.00
O-008381,2025-11-14,S-01,หน้าร้าน,P-203,1,75.00,7.50,67.50,4.42,0.00,0.00
O-008382,2025-11-14,S-02,หน้าร้าน,P-301,5,12250.00,0.00,12250.00,801.40,0.00,0.00
O-008383,2025-11-14,S-02,หน้าร้าน,P-203,1,75.00,0.00,75.00,4.91,0.00,0.00
O-008384,2025-11-14,S-01,หน้าร้าน,P-302,1,3890.00,778.00,3112.00,203.59,0.00,0.00
O-008385,2025-11-14,S-03,หน้าร้าน,P-102,2,56.00,0.00,56.00,3.66,0.00,0.00
O-008386,2025-11-15,S-04,หน้าร้าน,P-302,1,3890.00,0.00,3890.00,254.49,0.00,0.00
O-008387,2025-11-15,S-06,หน้าร้าน,P-302,1,3890.00,778.00,3112.00,203.59,0.00,0.00
O-008388,2025-11-15,S-03,หน้าร้าน,P-103,3,135.00,0.00,135.00,8.83,0.00,0.00
O-008389,2025-11-15,S-05,หน้าร้าน,P-302,2,7780.00,0.00,7780.00,508.97,0.00,7780.00
O-008390,2025-11-15,S-06,หน้าร้าน,P-202,1,120.00,24.00,96.00,6.28,0.00,0.00
O-008391,2025-11-15,S-02,หน้าร้าน,P-101,3,105.00,0.00,105.00,6.87,0.00,0.00
O-008392,2025-11-15,S-04,หน้าร้าน,P-102,5,140.00,14.00,126.00,8.24,0.00,0.00
O-008393,2025-11-15,S-90,ออนไลน์,P-101,3,105.00,0.00,105.00,6.87,35.00,0.00
O-008394,2025-11-15,S-01,หน้าร้าน,P-103,1,45.00,9.00,36.00,2.36,0.00,0.00
O-008395,2025-11-15,S-03,หน้าร้าน,P-202,3,360.00,0.00,360.00,23.55,0.00,0.00
O-008396,2025-11-15,S-01,หน้าร้าน,P-202,1,120.00,12.00,108.00,7.07,0.00,0.00
O-008397,2025-11-15,S-05,หน้าร้าน,P-202,1,120.00,12.00,108.00,7.07,0.00,0.00
O-008398,2025-11-15,S-01,หน้าร้าน,P-202,2,240.00,12.00,228.00,14.92,0.00,0.00
O-008399,2025-11-15,S-01,หน้าร้าน,P-101,1,35.00,1.75,33.25,2.18,0.00,0.00
O-008400,2025-11-15,S-03,หน้าร้าน,P-101,1,35.00,1.75,33.25,2.18,0.00,0.00
O-008401,2025-11-15,S-06,หน้าร้าน,P-302,3,11670.00,583.50,11086.50,725.29,0.00,0.00
O-008402,2025-11-15,S-03,หน้าร้าน,P-202,1,120.00,0.00,120.00,7.85,0.00,0.00
O-008403,2025-11-15,S-02,หน้าร้าน,P-101,3,105.00,5.25,99.75,6.53,0.00,0.00
O-008404,2025-11-15,S-04,หน้าร้าน,P-201,2,190.00,0.00,190.00,12.43,0.00,0.00
O-008405,2025-11-15,S-02,หน้าร้าน,P-102,1,28.00,0.00,28.00,1.83,0.00,0.00
O-008406,2025-11-15,S-04,หน้าร้าน,P-101,1,35.00,3.50,31.50,2.06,0.00,0.00
O-008407,2025-11-15,S-03,หน้าร้าน,P-202,1,120.00,0.00,120.00,7.85,0.00,120.00
O-008408,2025-11-15,S-04,หน้าร้าน,P-202,1,120.00,12.00,108.00,7.07,0.00,0.00
O-008409,2025-11-15,S-06,หน้าร้าน,P-201,2,190.00,19.00,171.00,11.19,0.00,0.00
O-008410,2025-11-15,S-01,หน้าร้าน,P-202,2,240.00,48.00,192.00,12.56,0.00,0.00
O-008411,2025-11-15,S-03,หน้าร้าน,P-302,1,3890.00,389.00,3501.00,229.04,0.00,0.00
O-008412,2025-11-15,S-02,หน้าร้าน,P-102,1,28.00,2.80,25.20,1.65,0.00,0.00
O-008413,2025-11-15,S-02,หน้าร้าน,P-102,2,56.00,2.80,53.20,3.48,0.00,0.00
O-008414,2025-11-15,S-02,หน้าร้าน,P-103,1,45.00,9.00,36.00,2.36,0.00,0.00
O-008415,2025-11-15,S-05,หน้าร้าน,P-201,1,95.00,4.75,90.25,5.90,0.00,0.00
O-008416,2025-11-15,S-04,หน้าร้าน,P-301,1,2450.00,122.50,2327.50,152.27,0.00,0.00
O-008417,2025-11-15,S-06,หน้าร้าน,P-301,1,2450.00,490.00,1960.00,128.22,0.00,0.00
O-008418,2025-11-15,S-02,หน้าร้าน,P-203,1,75.00,0.00,75.00,4.91,0.00,0.00
O-008419,2025-11-16,S-90,ออนไลน์,P-202,1,120.00,24.00,96.00,6.28,50.00,0.00
O-008420,2025-11-16,S-90,ออนไลน์,P-201,1,95.00,0.00,95.00,6.21,50.00,0.00
O-008421,2025-11-16,S-06,หน้าร้าน,P-201,1,95.00,9.50,85.50,5.59,0.00,0.00
O-008422,2025-11-16,S-03,หน้าร้าน,P-203,1,75.00,15.00,60.00,3.93,0.00,0.00
O-008423,2025-11-16,S-04,หน้าร้าน,P-302,1,3890.00,0.00,3890.00,254.49,0.00,0.00
O-008424,2025-11-16,S-04,หน้าร้าน,P-101,1,35.00,0.00,35.00,2.29,0.00,0.00
O-008425,2025-11-16,S-04,หน้าร้าน,P-301,1,2450.00,0.00,2450.00,160.28,0.00,0.00
O-008426,2025-11-16,S-04,หน้าร้าน,P-202,3,360.00,72.00,288.00,18.84,0.00,0.00
O-008427,2025-11-16,S-01,หน้าร้าน,P-301,1,2450.00,490.00,1960.00,128.22,0.00,0.00
O-008428,2025-11-16,S-05,หน้าร้าน,P-102,2,56.00,2.80,53.20,3.48,0.00,0.00
O-008429,2025-11-16,S-03,หน้าร้าน,P-203,1,75.00,7.50,67.50,4.42,0.00,0.00
O-008430,2025-11-16,S-02,หน้าร้าน,P-201,1,95.00,0.00,95.00,6.21,0.00,0.00
O-008431,2025-11-16,S-05,หน้าร้าน,P-202,3,360.00,0.00,360.00,23.55,0.00,0.00
O-008432,2025-11-16,S-06,หน้าร้าน,P-203,1,75.00,15.00,60.00,3.93,0.00,0.00
O-008433,2025-11-16,S-03,หน้าร้าน,P-301,1,2450.00,490.00,1960.00,128.22,0.00,0.00
O-008434,2025-11-16,S-01,หน้าร้าน,P-102,1,28.00,1.40,26.60,1.74,0.00,0.00
O-008435,2025-11-16,S-05,หน้าร้าน,P-201,2,190.00,0.00,190.00,12.43,0.00,0.00
O-008436,2025-11-16,S-05,หน้าร้าน,P-103,5,225.00,0.00,225.00,14.72,0.00,0.00
O-008437,2025-11-16,S-02,หน้าร้าน,P-203,1,75.00,0.00,75.00,4.91,0.00,0.00
O-008438,2025-11-16,S-03,หน้าร้าน,P-203,3,225.00,22.50,202.50,13.25,0.00,0.00
O-008439,2025-11-16,S-05,หน้าร้าน,P-102,1,28.00,0.00,28.00,1.83,0.00,0.00
O-008440,2025-11-16,S-03,หน้าร้าน,P-102,5,140.00,7.00,133.00,8.70,0.00,0.00
O-008441,2025-11-16,S-03,หน้าร้าน,P-302,1,3890.00,0.00,3890.00,254.49,0.00,0.00
O-008442,2025-11-16,S-05,หน้าร้าน,P-302,2,7780.00,0.00,7780.00,508.97,0.00,0.00
O-008443,2025-11-16,S-05,หน้าร้าน,P-203,1,75.00,3.75,71.25,4.66,0.00,0.00
O-008444,2025-11-16,S-02,หน้าร้าน,P-201,1,95.00,19.00,76.00,4.97,0.00,0.00
O-008445,2025-11-16,S-04,หน้าร้าน,P-301,2,4900.00,980.00,3920.00,256.45,0.00,0.00
O-008446,2025-11-16,S-90,ออนไลน์,P-203,1,75.00,3.75,71.25,4.66,0.00,0.00
O-008447,2025-11-16,S-90,ออนไลน์,P-202,1,120.00,6.00,114.00,7.46,80.00,0.00
O-008448,2025-11-16,S-05,หน้าร้าน,P-203,1,75.00,15.00,60.00,3.93,0.00,0.00
O-008449,2025-11-17,S-06,หน้าร้าน,P-202,1,120.00,0.00,120.00,7.85,0.00,0.00
O-008450,2025-11-17,S-01,หน้าร้าน,P-103,1,45.00,0.00,45.00,2.94,0.00,0.00
O-008451,2025-11-17,S-90,ออนไลน์,P-101,2,70.00,0.00,70.00,4.58,0.00,0.00
O-008452,2025-11-17,S-06,หน้าร้าน,P-202,5,600.00,120.00,480.00,31.40,0.00,0.00
O-008453,2025-11-17,S-06,หน้าร้าน,P-203,5,375.00,37.50,337.50,22.08,0.00,0.00
O-008454,2025-11-17,S-02,หน้าร้าน,P-203,1,75.00,0.00,75.00,4.91,0.00,0.00
O-008455,2025-11-17,S-02,หน้าร้าน,P-201,1,95.00,9.50,85.50,5.59,0.00,0.00
O-008456,2025-11-17,S-05,หน้าร้าน,P-302,2,7780.00,778.00,7002.00,458.07,0.00,0.00
O-008457,2025-11-17,S-01,หน้าร้าน,P-102,1,28.00,0.00,28.00,1.83,0.00,0.00
O-008458,2025-11-17,S-06,หน้าร้าน,P-101,2,70.00,3.50,66.50,4.35,0.00,0.00
O-008459,2025-11-17,S-06,หน้าร้าน,P-301,1,2450.00,0.00,2450.00,160.28,0.00,0.00
O-008460,2025-11-17,S-02,หน้าร้าน,P-101,2,70.00,14.00,56.00,3.66,0.00,0.00
O-008461,2025-11-17,S-03,หน้าร้าน,P-103,1,45.00,0.00,45.00,2.94,0.00,0.00
O-008462,2025-11-17,S-90,ออนไลน์,P-201,1,95.00,0.00,95.00,6.21,0.00,0.00
O-008463,2025-11-17,S-05,หน้าร้าน,P-202,2,240.00,48.00,192.00,12.56,0.00,0.00
O-008464,2025-11-17,S-03,หน้าร้าน,P-101,2,70.00,0.00,70.00,4.58,0.00,0.00
O-008465,2025-11-17,S-05,หน้าร้าน,P-101,2,70.00,0.00,70.00,4.58,0.00,0.00
O-008466,2025-11-17,S-05,หน้าร้าน,P-102,1,28.00,1.40,26.60,1.74,0.00,0.00
O-008467,2025-11-17,S-06,หน้าร้าน,P-103,3,135.00,0.00,135.00,8.83,0.00,0.00
O-008468,2025-11-17,S-03,หน้าร้าน,P-101,1,35.00,7.00,28.00,1.83,0.00,0.00
O-008469,2025-11-17,S-06,หน้าร้าน,P-103,1,45.00,0.00,45.00,2.94,0.00,0.00
O-008470,2025-11-17,S-06,หน้าร้าน,P-302,1,3890.00,0.00,3890.00,254.49,0.00,0.00
O-008471,2025-11-17,S-01,หน้าร้าน,P-202,2,240.00,24.00,216.00,14.13,0.00,0.00
O-008472,2025-11-17,S-05,หน้าร้าน,P-301,3,7350.00,367.50,6982.50,456.80,0.00,0.00
O-008473,2025-11-18,S-03,หน้าร้าน,P-202,2,240.00,48.00,192.00,12.56,0.00,0.00
O-008474,2025-11-18,S-01,หน้าร้าน,P-301,1,2450.00,490.00,1960.00,128.22,0.00,0.00
O-008475,2025-11-18,S-02,หน้าร้าน,P-203,2,150.00,30.00,120.00,7.85,0.00,0.00
O-008476,2025-11-18,S-03,หน้าร้าน,P-302,3,11670.00,583.50,11086.50,725.29,0.00,0.00
O-008477,2025-11-18,S-06,หน้าร้าน,P-101,2,70.00,0.00,70.00,4.58,0.00,0.00
O-008478,2025-11-18,S-06,หน้าร้าน,P-102,2,56.00,0.00,56.00,3.66,0.00,0.00
O-008479,2025-11-18,S-05,หน้าร้าน,P-102,1,28.00,5.60,22.40,1.47,0.00,0.00
O-008480,2025-11-18,S-90,ออนไลน์,P-301,1,2450.00,0.00,2450.00,160.28,50.00,0.00
O-008481,2025-11-18,S-04,หน้าร้าน,P-103,1,45.00,0.00,45.00,2.94,0.00,0.00
O-008482,2025-11-18,S-02,หน้าร้าน,P-102,5,140.00,0.00,140.00,9.16,0.00,0.00
O-008483,2025-11-18,S-90,ออนไลน์,P-102,1,28.00,2.80,25.20,1.65,0.00,0.00
O-008484,2025-11-18,S-03,หน้าร้าน,P-101,3,105.00,0.00,105.00,6.87,0.00,0.00
O-008485,2025-11-18,S-90,ออนไลน์,P-301,5,12250.00,0.00,12250.00,801.40,80.00,0.00
O-008486,2025-11-18,S-90,ออนไลน์,P-102,1,28.00,1.40,26.60,1.74,50.00,0.00
O-008487,2025-11-18,S-03,หน้าร้าน,P-201,1,95.00,4.75,90.25,5.90,0.00,0.00
O-008488,2025-11-18,S-03,หน้าร้าน,P-102,1,28.00,1.40,26.60,1.74,0.00,0.00
O-008489,2025-11-18,S-06,หน้าร้าน,P-103,1,45.00,0.00,45.00,2.94,0.00,45.00
O-008490,2025-11-18,S-02,หน้าร้าน,P-103,1,45.00,0.00,45.00,2.94,0.00,0.00
O-008491,2025-11-18,S-03,หน้าร้าน,P-203,1,75.00,0.00,75.00,4.91,0.00,0.00
O-008492,2025-11-18,S-02,หน้าร้าน,P-201,1,95.00,19.00,76.00,4.97,0.00,0.00
O-008493,2025-11-18,S-03,หน้าร้าน,P-301,2,4900.00,245.00,4655.00,304.53,0.00,0.00
O-008494,2025-11-18,S-03,หน้าร้าน,P-301,2,4900.00,980.00,3920.00,256.45,0.00,0.00
O-008495,2025-11-18,S-06,หน้าร้าน,P-201,2,190.00,0.00,190.00,12.43,0.00,0.00
O-008496,2025-11-18,S-02,หน้าร้าน,P-202,1,120.00,0.00,120.00,7.85,0.00,0.00
O-008497,2025-11-18,S-01,หน้าร้าน,P-101,1,35.00,0.00,35.00,2.29,0.00,0.00
O-008498,2025-11-18,S-01,หน้าร้าน,P-203,1,75.00,3.75,71.25,4.66,0.00,0.00
O-008499,2025-11-18,S-05,หน้าร้าน,P-202,3,360.00,18.00,342.00,22.37,0.00,0.00
O-008500,2025-11-18,S-90,ออนไลน์,P-103,1,45.00,2.25,42.75,2.80,0.00,0.00
O-008501,2025-11-18,S-90,ออนไลน์,P-301,1,2450.00,0.00,2450.00,160.28,0.00,0.00
O-008502,2025-11-18,S-01,หน้าร้าน,P-202,2,240.00,12.00,228.00,14.92,0.00,0.00
O-008503,2025-11-19,S-90,ออนไลน์,P-203,3,225.00,0.00,225.00,14.72,80.00,0.00
O-008504,2025-11-19,S-03,หน้าร้าน,P-201,1,95.00,19.00,76.00,4.97,0.00,0.00
O-008505,2025-11-19,S-01,หน้าร้าน,P-201,5,475.00,95.00,380.00,24.86,0.00,0.00
O-008506,2025-11-19,S-01,หน้าร้าน,P-101,2,70.00,0.00,70.00,4.58,0.00,0.00
O-008507,2025-11-19,S-01,หน้าร้าน,P-103,1,45.00,4.50,40.50,2.65,0.00,0.00
O-008508,2025-11-19,S-06,หน้าร้าน,P-203,1,75.00,15.00,60.00,3.93,0.00,0.00
O-008509,2025-11-19,S-02,หน้าร้าน,P-301,2,4900.00,245.00,4655.00,304.53,0.00,0.00
O-008510,2025-11-19,S-05,หน้าร้าน,P-101,2,70.00,0.00,70.00,4.58,0.00,0.00
O-008511,2025-11-19,S-06,หน้าร้าน,P-203,1,75.00,0.00,75.00,4.91,0.00,0.00
O-008512,2025-11-19,S-06,หน้าร้าน,P-302,3,11670.00,2334.00,9336.00,610.77,0.00,0.00
O-008513,2025-11-19,S-01,หน้าร้าน,P-101,3,105.00,5.25,99.75,6.53,0.00,0.00
O-008514,2025-11-19,S-03,หน้าร้าน,P-102,1,28.00,0.00,28.00,1.83,0.00,0.00
O-008515,2025-11-19,S-03,หน้าร้าน,P-302,2,7780.00,1556.00,6224.00,407.18,0.00,0.00
O-008516,2025-11-19,S-06,หน้าร้าน,P-203,1,75.00,7.50,67.50,4.42,0.00,0.00
O-008517,2025-11-19,S-90,ออนไลน์,P-302,3,11670.00,0.00,11670.00,763.46,0.00,0.00
O-008518,2025-11-19,S-01,หน้าร้าน,P-203,2,150.00,15.00,135.00,8.83,0.00,0.00
O-008519,2025-11-19,S-02,หน้าร้าน,P-202,3,360.00,18.00,342.00,22.37,0.00,0.00
O-008520,2025-11-19,S-01,หน้าร้าน,P-201,1,95.00,4.75,90.25,5.90,0.00,0.00
O-008521,2025-11-19,S-04,หน้าร้าน,P-301,3,7350.00,1470.00,5880.00,384.67,0.00,0.00
O-008522,2025-11-19,S-01,หน้าร้าน,P-201,1,95.00,9.50,85.50,5.59,0.00,0.00
O-008523,2025-11-19,S-05,หน้าร้าน,P-202,1,120.00,6.00,114.00,7.46,0.00,0.00
O-008524,2025-11-19,S-03,หน้าร้าน,P-302,1,3890.00,389.00,3501.00,229.04,0.00,0.00
O-008525,2025-11-19,S-06,หน้าร้าน,P-202,2,240.00,0.00,240.00,15.70,0.00,0.00
O-008526,2025-11-19,S-03,หน้าร้าน,P-101,1,35.00,0.00,35.00,2.29,0.00,0.00
O-008527,2025-11-19,S-06,หน้าร้าน,P-203,1,75.00,0.00,75.00,4.91,0.00,0.00
O-008528,2025-11-19,S-02,หน้าร้าน,P-302,5,19450.00,3890.00,15560.00,1017.94,0.00,0.00
O-008529,2025-11-19,S-02,หน้าร้าน,P-203,1,75.00,15.00,60.00,3.93,0.00,0.00
O-008530,2025-11-19,S-02,หน้าร้าน,P-301,1,2450.00,0.00,2450.00,160.28,0.00,0.00
O-008531,2025-11-19,S-04,หน้าร้าน,P-101,1,35.00,0.00,35.00,2.29,0.00,0.00
O-008532,2025-11-19,S-06,หน้าร้าน,P-103,1,45.00,4.50,40.50,2.65,0.00,0.00
O-008533,2025-11-19,S-90,ออนไลน์,P-302,1,3890.00,389.00,3501.00,229.04,50.00,0.00
O-008534,2025-11-19,S-05,หน้าร้าน,P-101,1,35.00,1.75,33.25,2.18,0.00,0.00
O-008535,2025-11-19,S-02,หน้าร้าน,P-201,2,190.00,0.00,190.00,12.43,0.00,0.00
O-008536,2025-11-19,S-03,หน้าร้าน,P-103,2,90.00,0.00,90.00,5.89,0.00,0.00
O-008537,2025-11-20,S-90,ออนไลน์,P-202,1,120.00,12.00,108.00,7.07,80.00,0.00
O-008538,2025-11-20,S-05,หน้าร้าน,P-101,2,70.00,7.00,63.00,4.12,0.00,0.00
O-008539,2025-11-20,S-02,หน้าร้าน,P-301,2,4900.00,0.00,4900.00,320.56,0.00,0.00
O-008540,2025-11-20,S-04,หน้าร้าน,P-302,2,7780.00,0.00,7780.00,508.97,0.00,0.00
O-008541,2025-11-20,S-03,หน้าร้าน,P-202,3,360.00,0.00,360.00,23.55,0.00,0.00
O-008542,2025-11-20,S-02,หน้าร้าน,P-201,1,95.00,19.00,76.00,4.97,0.00,0.00
O-008543,2025-11-20,S-05,หน้าร้าน,P-203,1,75.00,0.00,75.00,4.91,0.00,0.00
O-008544,2025-11-20,S-06,หน้าร้าน,P-201,1,95.00,4.75,90.25,5.90,0.00,0.00
O-008545,2025-11-20,S-03,หน้าร้าน,P-102,1,28.00,0.00,28.00,1.83,0.00,0.00
O-008546,2025-11-20,S-02,หน้าร้าน,P-101,5,175.00,17.50,157.50,10.30,0.00,0.00
O-008547,2025-11-20,S-02,หน้าร้าน,P-203,2,150.00,7.50,142.50,9.32,0.00,0.00
O-008548,2025-11-20,S-90,ออนไลน์,P-202,2,240.00,12.00,228.00,14.92,35.00,0.00
O-008549,2025-11-20,S-04,หน้าร้าน,P-201,1,95.00,0.00,95.00,6.21,0.00,0.00
O-008550,2025-11-20,S-04,หน้าร้าน,P-102,2,56.00,2.80,53.20,3.48,0.00,0.00
O-008551,2025-11-20,S-02,หน้าร้าน,P-103,1,45.00,0.00,45.00,2.94,0.00,0.00
O-008552,2025-11-20,S-03,หน้าร้าน,P-301,1,2450.00,490.00,1960.00,128.22,0.00,0.00
O-008553,2025-11-20,S-05,หน้าร้าน,P-301,2,4900.00,490.00,4410.00,288.50,0.00,0.00
O-008554,2025-11-20,S-04,หน้าร้าน,P-102,1,28.00,2.80,25.20,1.65,0.00,0.00
O-008555,2025-11-20,S-02,หน้าร้าน,P-101,1,35.00,0.00,35.00,2.29,0.00,0.00
O-008556,2025-11-20,S-05,หน้าร้าน,P-301,1,2450.00,0.00,2450.00,160.28,0.00,0.00
O-008557,2025-11-20,S-04,หน้าร้าน,P-302,1,3890.00,778.00,3112.00,203.59,0.00,0.00
O-008558,2025-11-20,S-01,หน้าร้าน,P-201,1,95.00,4.75,90.25,5.90,0.00,0.00
O-008559,2025-11-20,S-06,หน้าร้าน,P-101,1,35.00,3.50,31.50,2.06,0.00,0.00
O-008560,2025-11-20,S-90,ออนไลน์,P-101,1,35.00,0.00,35.00,2.29,35.00,0.00
O-008561,2025-11-20,S-01,หน้าร้าน,P-201,3,285.00,28.50,256.50,16.78,0.00,0.00
O-008562,2025-11-20,S-01,หน้าร้าน,P-203,2,150.00,0.00,150.00,9.81,0.00,0.00
O-008563,2025-11-20,S-04,หน้าร้าน,P-202,2,240.00,0.00,240.00,15.70,0.00,0.00
O-008564,2025-11-20,S-05,หน้าร้าน,P-302,1,3890.00,194.50,3695.50,241.76,0.00,0.00
O-008565,2025-11-20,S-02,หน้าร้าน,P-102,1,28.00,0.00,28.00,1.83,0.00,0.00
O-008566,2025-11-20,S-05,หน้าร้าน,P-102,2,56.00,11.20,44.80,2.93,0.00,0.00
O-008567,2025-11-20,S-90,ออนไลน์,P-203,2,150.00,0.00,150.00,9.81,0.00,0.00
O-008568,2025-11-20,S-05,หน้าร้าน,P-302,1,3890.00,194.50,3695.50,241.76,0.00,0.00
O-008569,2025-11-21,S-06,หน้าร้าน,P-202,2,240.00,0.00,240.00,15.70,0.00,0.00
O-008570,2025-11-21,S-05,หน้าร้าน,P-103,1,45.00,2.25,42.75,2.80,0.00,0.00
O-008571,2025-11-21,S-05,หน้าร้าน,P-301,1,2450.00,245.00,2205.00,144.25,0.00,0.00
O-008572,2025-11-21,S-05,หน้าร้าน,P-201,1,95.00,19.00,76.00,4.97,0.00,0.00
O-008573,2025-11-21,S-02,หน้าร้าน,P-103,1,45.00,9.00,36.00,2.36,0.00,0.00
O-008574,2025-11-21,S-06,หน้าร้าน,P-202,2,240.00,48.00,192.00,12.56,0.00,0.00
O-008575,2025-11-21,S-01,หน้าร้าน,P-201,5,475.00,47.50,427.50,27.97,0.00,0.00
O-008576,2025-11-21,S-01,หน้าร้าน,P-302,5,19450.00,1945.00,17505.00,1145.19,0.00,0.00
O-008577,2025-11-21,S-03,หน้าร้าน,P-103,1,45.00,0.00,45.00,2.94,0.00,0.00
O-008578,2025-11-21,S-03,หน้าร้าน,P-101,1,35.00,3.50,31.50,2.06,0.00,0.00
O-008579,2025-11-21,S-01,หน้าร้าน,P-202,3,360.00,0.00,360.00,23.55,0.00,0.00
O-008580,2025-11-21,S-06,หน้าร้าน,P-103,2,90.00,9.00,81.00,5.30,0.00,0.00
O-008581,2025-11-21,S-02,หน้าร้าน,P-201,1,95.00,0.00,95.00,6.21,0.00,0.00
O-008582,2025-11-21,S-05,หน้าร้าน,P-101,2,70.00,0.00,70.00,4.58,0.00,0.00
O-008583,2025-11-21,S-03,หน้าร้าน,P-103,1,45.00,2.25,42.75,2.80,0.00,0.00
O-008584,2025-11-21,S-05,หน้าร้าน,P-203,2,150.00,7.50,142.50,9.32,0.00,0.00
O-008585,2025-11-21,S-06,หน้าร้าน,P-102,1,28.00,0.00,28.00,1.83,0.00,0.00
O-008586,2025-11-21,S-05,หน้าร้าน,P-103,2,90.00,9.00,81.00,5.30,0.00,0.00
O-008587,2025-11-21,S-90,ออนไลน์,P-101,5,175.00,0.00,175.00,11.45,80.00,0.00
O-008588,2025-11-21,S-01,หน้าร้าน,P-103,1,45.00,0.00,45.00,2.94,0.00,0.00
O-008589,2025-11-21,S-90,ออนไลน์,P-103,1,45.00,9.00,36.00,2.36,0.00,0.00
O-008590,2025-11-21,S-90,ออนไลน์,P-202,2,240.00,24.00,216.00,14.13,50.00,0.00
O-008591,2025-11-21,S-05,หน้าร้าน,P-301,1,2450.00,0.00,2450.00,160.28,0.00,0.00
O-008592,2025-11-21,S-01,หน้าร้าน,P-302,1,3890.00,778.00,3112.00,203.59,0.00,0.00
O-008593,2025-11-21,S-06,หน้าร้าน,P-203,1,75.00,3.75,71.25,4.66,0.00,0.00
O-008594,2025-11-21,S-03,หน้าร้าน,P-302,1,3890.00,194.50,3695.50,241.76,0.00,0.00
O-008595,2025-11-21,S-90,ออนไลน์,P-202,1,120.00,0.00,120.00,7.85,0.00,0.00
O-008596,2025-11-21,S-06,หน้าร้าน,P-103,2,90.00,4.50,85.50,5.59,0.00,0.00
O-008597,2025-11-21,S-90,ออนไลน์,P-302,1,3890.00,778.00,3112.00,203.59,50.00,0.00
O-008598,2025-11-21,S-02,หน้าร้าน,P-101,1,35.00,7.00,28.00,1.83,0.00,0.00
O-008599,2025-11-21,S-03,หน้าร้าน,P-202,2,240.00,0.00,240.00,15.70,0.00,0.00
O-008600,2025-11-21,S-03,หน้าร้าน,P-201,1,95.00,19.00,76.00,4.97,0.00,0.00
O-008601,2025-11-21,S-05,หน้าร้าน,P-103,2,90.00,0.00,90.00,5.89,0.00,0.00
O-008602,2025-11-21,S-04,หน้าร้าน,P-201,3,285.00,14.25,270.75,17.71,0.00,0.00
O-008603,2025-11-22,S-90,ออนไลน์,P-203,1,75.00,15.00,60.00,3.93,50.00,0.00
O-008604,2025-11-22,S-06,หน้าร้าน,P-301,1,2450.00,0.00,2450.00,160.28,0.00,0.00
O-008605,2025-11-22,S-06,หน้าร้าน,P-101,1,35.00,0.00,35.00,2.29,0.00,0.00
O-008606,2025-11-22,S-04,หน้าร้าน,P-302,1,3890.00,0.00,3890.00,254.49,0.00,0.00
O-008607,2025-11-22,S-05,หน้าร้าน,P-203,3,225.00,0.00,225.00,14.72,0.00,0.00
O-008608,2025-11-22,S-03,หน้าร้าน,P-103,3,135.00,0.00,135.00,8.83,0.00,0.00
O-008609,2025-11-22,S-04,หน้าร้าน,P-203,1,75.00,0.00,75.00,4.91,0.00,0.00
O-008610,2025-11-22,S-01,หน้าร้าน,P-301,1,2450.00,0.00,2450.00,160.28,0.00,0.00
O-008611,2025-11-22,S-04,หน้าร้าน,P-302,3,11670.00,0.00,11670.00,763.46,0.00,0.00
O-008612,2025-11-22,S-04,หน้าร้าน,P-302,1,3890.00,0.00,3890.00,254.49,0.00,0.00
O-008613,2025-11-22,S-90,ออนไลน์,P-102,2,56.00,0.00,56.00,3.66,50.00,0.00
O-008614,2025-11-22,S-90,ออนไลน์,P-203,3,225.00,0.00,225.00,14.72,80.00,0.00
O-008615,2025-11-22,S-05,หน้าร้าน,P-202,2,240.00,0.00,240.00,15.70,0.00,0.00
O-008616,2025-11-22,S-01,หน้าร้าน,P-101,3,105.00,21.00,84.00,5.50,0.00,0.00
O-008617,2025-11-22,S-06,หน้าร้าน,P-301,1,2450.00,245.00,2205.00,144.25,0.00,0.00
O-008618,2025-11-22,S-03,หน้าร้าน,P-101,2,70.00,0.00,70.00,4.58,0.00,0.00
O-008619,2025-11-22,S-06,หน้าร้าน,P-201,2,190.00,0.00,190.00,12.43,0.00,0.00
O-008620,2025-11-22,S-90,ออนไลน์,P-302,1,3890.00,194.50,3695.50,241.76,80.00,0.00
O-008621,2025-11-22,S-06,หน้าร้าน,P-301,5,12250.00,612.50,11637.50,761.33,0.00,11637.50
O-008622,2025-11-22,S-02,หน้าร้าน,P-301,1,2450.00,0.00,2450.00,160.28,0.00,0.00
O-008623,2025-11-22,S-06,หน้าร้าน,P-102,2,56.00,11.20,44.80,2.93,0.00,0.00
O-008624,2025-11-23,S-04,หน้าร้าน,P-201,2,190.00,9.50,180.50,11.81,0.00,0.00
O-008625,2025-11-23,S-01,หน้าร้าน,P-301,1,2450.00,0.00,2450.00,160.28,0.00,0.00
O-008626,2025-11-23,S-04,หน้าร้าน,P-301,1,2450.00,122.50,2327.50,152.27,0.00,0.00
O-008627,2025-11-23,S-90,ออนไลน์,P-103,1,45.00,9.00,36.00,2.36,80.00,0.00
O-008628,2025-11-23,S-02,หน้าร้าน,P-202,5,600.00,30.00,570.00,37.29,0.00,0.00
O-008629,2025-11-23,S-90,ออนไลน์,P-301,2,4900.00,0.00,4900.00,320.56,0.00,0.00
O-008630,2025-11-23,S-90,ออนไลน์,P-301,1,2450.00,490.00,1960.00,128.22,35.00,0.00
O-008631,2025-11-23,S-02,หน้าร้าน,P-202,1,120.00,0.00,120.00,7.85,0.00,0.00
O-008632,2025-11-23,S-03,หน้าร้าน,P-101,5,175.00,8.75,166.25,10.88,0.00,0.00
O-008633,2025-11-23,S-90,ออนไลน์,P-201,1,95.00,0.00,95.00,6.21,50.00,0.00
O-008634,2025-11-23,S-90,ออนไลน์,P-202,1,120.00,24.00,96.00,6.28,50.00,0.00
O-008635,2025-11-23,S-05,หน้าร้าน,P-201,1,95.00,0.00,95.00,6.21,0.00,0.00
O-008636,2025-11-23,S-01,หน้าร้าน,P-203,1,75.00,15.00,60.00,3.93,0.00,0.00
O-008637,2025-11-23,S-90,ออนไลน์,P-201,1,95.00,19.00,76.00,4.97,0.00,0.00
O-008638,2025-11-23,S-90,ออนไลน์,P-103,3,135.00,0.00,135.00,8.83,80.00,0.00
O-008639,2025-11-23,S-05,หน้าร้าน,P-103,1,45.00,9.00,36.00,2.36,0.00,0.00
O-008640,2025-11-23,S-05,หน้าร้าน,P-103,2,90.00,18.00,72.00,4.71,0.00,0.00
O-008641,2025-11-23,S-05,หน้าร้าน,P-302,2,7780.00,1556.00,6224.00,407.18,0.00,0.00
O-008642,2025-11-23,S-04,หน้าร้าน,P-103,2,90.00,18.00,72.00,4.71,0.00,0.00
O-008643,2025-11-23,S-06,หน้าร้าน,P-103,3,135.00,0.00,135.00,8.83,0.00,0.00
O-008644,2025-11-23,S-06,หน้าร้าน,P-102,1,28.00,2.80,25.20,1.65,0.00,0.00
O-008645,2025-11-23,S-03,หน้าร้าน,P-201,1,95.00,0.00,95.00,6.21,0.00,0.00
O-008646,2025-11-23,S-04,หน้าร้าน,P-101,3,105.00,0.00,105.00,6.87,0.00,0.00
O-008647,2025-11-23,S-90,ออนไลน์,P-102,1,28.00,2.80,25.20,1.65,0.00,0.00
O-008648,2025-11-23,S-06,หน้าร้าน,P-102,1,28.00,1.40,26.60,1.74,0.00,0.00
O-008649,2025-11-23,S-05,หน้าร้าน,P-202,5,600.00,30.00,570.00,37.29,0.00,0.00
O-008650,2025-11-23,S-06,หน้าร้าน,P-101,1,35.00,0.00,35.00,2.29,0.00,0.00
O-008651,2025-11-23,S-05,หน้าร้าน,P-302,3,11670.00,0.00,11670.00,763.46,0.00,0.00
O-008652,2025-11-23,S-02,หน้าร้าน,P-102,3,84.00,16.80,67.20,4.40,0.00,0.00
O-008653,2025-11-24,S-90,ออนไลน์,P-203,1,75.00,3.75,71.25,4.66,0.00,0.00
O-008654,2025-11-24,S-05,หน้าร้าน,P-302,1,3890.00,0.00,3890.00,254.49,0.00,0.00
O-008655,2025-11-24,S-02,หน้าร้าน,P-202,1,120.00,6.00,114.00,7.46,0.00,0.00
O-008656,2025-11-24,S-02,หน้าร้าน,P-301,1,2450.00,0.00,2450.00,160.28,0.00,0.00
O-008657,2025-11-24,S-06,หน้าร้าน,P-302,1,3890.00,0.00,3890.00,254.49,0.00,0.00
O-008658,2025-11-24,S-04,หน้าร้าน,P-302,1,3890.00,0.00,3890.00,254.49,0.00,0.00
O-008659,2025-11-24,S-03,หน้าร้าน,P-102,1,28.00,0.00,28.00,1.83,0.00,0.00
O-008660,2025-11-24,S-05,หน้าร้าน,P-101,3,105.00,5.25,99.75,6.53,0.00,0.00
O-008661,2025-11-24,S-01,หน้าร้าน,P-202,2,240.00,0.00,240.00,15.70,0.00,0.00
O-008662,2025-11-24,S-90,ออนไลน์,P-301,5,12250.00,2450.00,9800.00,641.12,50.00,0.00
O-008663,2025-11-24,S-03,หน้าร้าน,P-202,2,240.00,24.00,216.00,14.13,0.00,0.00
O-008664,2025-11-24,S-01,หน้าร้าน,P-103,2,90.00,9.00,81.00,5.30,0.00,0.00
O-008665,2025-11-24,S-02,หน้าร้าน,P-203,1,75.00,0.00,75.00,4.91,0.00,0.00
O-008666,2025-11-24,S-02,หน้าร้าน,P-203,1,75.00,7.50,67.50,4.42,0.00,0.00
O-008667,2025-11-24,S-02,หน้าร้าน,P-201,1,95.00,19.00,76.00,4.97,0.00,0.00
O-008668,2025-11-24,S-02,หน้าร้าน,P-302,1,3890.00,194.50,3695.50,241.76,0.00,0.00
O-008669,2025-11-24,S-90,ออนไลน์,P-101,2,70.00,3.50,66.50,4.35,80.00,0.00
O-008670,2025-11-24,S-03,หน้าร้าน,P-103,1,45.00,2.25,42.75,2.80,0.00,0.00
O-008671,2025-11-24,S-06,หน้าร้าน,P-302,1,3890.00,0.00,3890.00,254.49,0.00,0.00
O-008672,2025-11-24,S-03,หน้าร้าน,P-302,1,3890.00,389.00,3501.00,229.04,0.00,0.00
O-008673,2025-11-24,S-03,หน้าร้าน,P-102,2,56.00,11.20,44.80,2.93,0.00,0.00
O-008674,2025-11-24,S-02,หน้าร้าน,P-201,3,285.00,28.50,256.50,16.78,0.00,0.00
O-008675,2025-11-24,S-02,หน้าร้าน,P-203,1,75.00,7.50,67.50,4.42,0.00,0.00
O-008676,2025-11-24,S-01,หน้าร้าน,P-101,3,105.00,21.00,84.00,5.50,0.00,0.00
O-008677,2025-11-24,S-04,หน้าร้าน,P-203,1,75.00,0.00,75.00,4.91,0.00,0.00
O-008678,2025-11-25,S-06,หน้าร้าน,P-301,2,4900.00,0.00,4900.00,320.56,0.00,0.00
O-008679,2025-11-25,S-90,ออนไลน์,P-103,1,45.00,2.25,42.75,2.80,0.00,0.00
O-008680,2025-11-25,S-01,หน้าร้าน,P-102,1,28.00,5.60,22.40,1.47,0.00,0.00
O-008681,2025-11-25,S-04,หน้าร้าน,P-101,1,35.00,0.00,35.00,2.29,0.00,0.00
O-008682,2025-11-25,S-04,หน้าร้าน,P-302,2,7780.00,389.00,7391.00,483.52,0.00,0.00
O-008683,2025-11-25,S-06,หน้าร้าน,P-301,1,2450.00,490.00,1960.00,128.22,0.00,0.00
O-008684,2025-11-25,S-01,หน้าร้าน,P-302,3,11670.00,583.50,11086.50,725.29,0.00,0.00
O-008685,2025-11-25,S-03,หน้าร้าน,P-101,1,35.00,0.00,35.00,2.29,0.00,0.00
O-008686,2025-11-25,S-02,หน้าร้าน,P-302,2,7780.00,0.00,7780.00,508.97,0.00,0.00
O-008687,2025-11-25,S-02,หน้าร้าน,P-202,1,120.00,24.00,96.00,6.28,0.00,0.00
O-008688,2025-11-25,S-06,หน้าร้าน,P-103,1,45.00,0.00,45.00,2.94,0.00,0.00
O-008689,2025-11-25,S-05,หน้าร้าน,P-102,1,28.00,2.80,25.20,1.65,0.00,0.00
O-008690,2025-11-25,S-05,หน้าร้าน,P-302,1,3890.00,0.00,3890.00,254.49,0.00,0.00
O-008691,2025-11-25,S-03,หน้าร้าน,P-202,1,120.00,0.00,120.00,7.85,0.00,0.00
O-008692,2025-11-25,S-90,ออนไลน์,P-103,1,45.00,0.00,45.00,2.94,0.00,0.00
O-008693,2025-11-25,S-03,หน้าร้าน,P-302,1,3890.00,194.50,3695.50,241.76,0.00,0.00
O-008694,2025-11-25,S-03,หน้าร้าน,P-302,2,7780.00,389.00,7391.00,483.52,0.00,0.00
O-008695,2025-11-25,S-04,หน้าร้าน,P-202,1,120.00,0.00,120.00,7.85,0.00,0.00
O-008696,2025-11-25,S-05,หน้าร้าน,P-302,1,3890.00,389.00,3501.00,229.04,0.00,0.00
O-008697,2025-11-25,S-90,ออนไลน์,P-201,1,95.00,0.00,95.00,6.21,35.00,0.00
O-008698,2025-11-25,S-03,หน้าร้าน,P-101,2,70.00,7.00,63.00,4.12,0.00,0.00
O-008699,2025-11-25,S-02,หน้าร้าน,P-103,2,90.00,18.00,72.00,4.71,0.00,0.00
O-008700,2025-11-25,S-01,หน้าร้าน,P-101,1,35.00,7.00,28.00,1.83,0.00,0.00
O-008701,2025-11-25,S-05,หน้าร้าน,P-202,2,240.00,0.00,240.00,15.70,0.00,0.00
O-008702,2025-11-25,S-02,หน้าร้าน,P-202,1,120.00,6.00,114.00,7.46,0.00,0.00
O-008703,2025-11-25,S-05,หน้าร้าน,P-103,1,45.00,2.25,42.75,2.80,0.00,0.00
O-008704,2025-11-25,S-02,หน้าร้าน,P-201,1,95.00,0.00,95.00,6.21,0.00,0.00
O-008705,2025-11-25,S-02,หน้าร้าน,P-103,1,45.00,0.00,45.00,2.94,0.00,0.00
O-008706,2025-11-25,S-90,ออนไลน์,P-202,1,120.00,0.00,120.00,7.85,50.00,0.00
O-008707,2025-11-26,S-03,หน้าร้าน,P-301,1,2450.00,245.00,2205.00,144.25,0.00,0.00
O-008708,2025-11-26,S-04,หน้าร้าน,P-302,3,11670.00,0.00,11670.00,763.46,0.00,0.00
O-008709,2025-11-26,S-03,หน้าร้าน,P-201,1,95.00,0.00,95.00,6.21,0.00,0.00
O-008710,2025-11-26,S-05,หน้าร้าน,P-203,1,75.00,15.00,60.00,3.93,0.00,0.00
O-008711,2025-11-26,S-03,หน้าร้าน,P-203,1,75.00,3.75,71.25,4.66,0.00,0.00
O-008712,2025-11-26,S-01,หน้าร้าน,P-203,1,75.00,7.50,67.50,4.42,0.00,0.00
O-008713,2025-11-26,S-90,ออนไลน์,P-302,2,7780.00,778.00,7002.00,458.07,0.00,0.00
O-008714,2025-11-26,S-06,หน้าร้าน,P-203,2,150.00,7.50,142.50,9.32,0.00,0.00
O-008715,2025-11-26,S-03,หน้าร้าน,P-201,3,285.00,28.50,256.50,16.78,0.00,0.00
O-008716,2025-11-26,S-02,หน้าร้าน,P-101,1,35.00,7.00,28.00,1.83,0.00,0.00
O-008717,2025-11-26,S-01,หน้าร้าน,P-202,1,120.00,24.00,96.00,6.28,0.00,0.00
O-008718,2025-11-26,S-90,ออนไลน์,P-201,1,95.00,19.00,76.00,4.97,35.00,0.00
O-008719,2025-11-26,S-01,หน้าร้าน,P-103,1,45.00,0.00,45.00,2.94,0.00,0.00
O-008720,2025-11-26,S-06,หน้าร้าน,P-203,1,75.00,0.00,75.00,4.91,0.00,0.00
O-008721,2025-11-26,S-06,หน้าร้าน,P-301,1,2450.00,0.00,2450.00,160.28,0.00,0.00
O-008722,2025-11-26,S-05,หน้าร้าน,P-101,3,105.00,10.50,94.50,6.18,0.00,0.00
O-008723,2025-11-26,S-01,หน้าร้าน,P-302,1,3890.00,389.00,3501.00,229.04,0.00,0.00
O-008724,2025-11-26,S-05,หน้าร้าน,P-102,3,84.00,0.00,84.00,5.50,0.00,0.00
O-008725,2025-11-26,S-05,หน้าร้าน,P-203,1,75.00,15.00,60.00,3.93,0.00,0.00
O-008726,2025-11-26,S-03,หน้าร้าน,P-101,1,35.00,3.50,31.50,2.06,0.00,0.00
O-008727,2025-11-26,S-90,ออนไลน์,P-103,2,90.00,18.00,72.00,4.71,80.00,0.00
O-008728,2025-11-26,S-05,หน้าร้าน,P-301,2,4900.00,245.00,4655.00,304.53,0.00,0.00
O-008729,2025-11-26,S-05,หน้าร้าน,P-102,1,28.00,0.00,28.00,1.83,0.00,0.00
O-008730,2025-11-26,S-02,หน้าร้าน,P-302,2,7780.00,778.00,7002.00,458.07,0.00,0.00
O-008731,2025-11-27,S-90,ออนไลน์,P-103,2,90.00,4.50,85.50,5.59,35.00,0.00
O-008732,2025-11-27,S-04,หน้าร้าน,P-302,2,7780.00,0.00,7780.00,508.97,0.00,0.00
O-008733,2025-11-27,S-05,หน้าร้าน,P-103,1,45.00,4.50,40.50,2.65,0.00,0.00
O-008734,2025-11-27,S-05,หน้าร้าน,P-203,1,75.00,3.75,71.25,4.66,0.00,0.00
O-008735,2025-11-27,S-06,หน้าร้าน,P-201,5,475.00,0.00,475.00,31.07,0.00,0.00
O-008736,2025-11-27,S-90,ออนไลน์,P-102,3,84.00,0.00,84.00,5.50,50.00,0.00
O-008737,2025-11-27,S-90,ออนไลน์,P-102,3,84.00,0.00,84.00,5.50,50.00,0.00
O-008738,2025-11-27,S-90,ออนไลน์,P-101,1,35.00,0.00,35.00,2.29,0.00,0.00
O-008739,2025-11-27,S-03,หน้าร้าน,P-101,1,35.00,0.00,35.00,2.29,0.00,0.00
O-008740,2025-11-27,S-04,หน้าร้าน,P-201,1,95.00,19.00,76.00,4.97,0.00,0.00
O-008741,2025-11-27,S-01,หน้าร้าน,P-201,2,190.00,0.00,190.00,12.43,0.00,0.00
O-008742,2025-11-27,S-03,หน้าร้าน,P-301,2,4900.00,490.00,4410.00,288.50,0.00,0.00
O-008743,2025-11-27,S-04,หน้าร้าน,P-201,1,95.00,0.00,95.00,6.21,0.00,0.00
O-008744,2025-11-27,S-02,หน้าร้าน,P-201,2,190.00,0.00,190.00,12.43,0.00,0.00
O-008745,2025-11-27,S-02,หน้าร้าน,P-201,2,190.00,0.00,190.00,12.43,0.00,190.00
O-008746,2025-11-27,S-06,หน้าร้าน,P-202,3,360.00,18.00,342.00,22.37,0.00,0.00
O-008747,2025-11-27,S-90,ออนไลน์,P-302,2,7780.00,778.00,7002.00,458.07,35.00,0.00
O-008748,2025-11-27,S-01,หน้าร้าน,P-202,1,120.00,12.00,108.00,7.07,0.00,0.00
O-008749,2025-11-27,S-06,หน้าร้าน,P-202,3,360.00,0.00,360.00,23.55,0.00,0.00
O-008750,2025-11-27,S-90,ออนไลน์,P-302,1,3890.00,778.00,3112.00,203.59,80.00,0.00
O-008751,2025-11-27,S-03,หน้าร้าน,P-201,2,190.00,0.00,190.00,12.43,0.00,0.00
O-008752,2025-11-27,S-05,หน้าร้าน,P-302,1,3890.00,778.00,3112.00,203.59,0.00,0.00
O-008753,2025-11-27,S-01,หน้าร้าน,P-203,1,75.00,0.00,75.00,4.91,0.00,0.00
O-008754,2025-11-28,S-03,หน้าร้าน,P-203,1,75.00,3.75,71.25,4.66,0.00,0.00
O-008755,2025-11-28,S-06,หน้าร้าน,P-203,3,225.00,0.00,225.00,14.72,0.00,0.00
O-008756,2025-11-28,S-90,ออนไลน์,P-203,2,150.00,0.00,150.00,9.81,0.00,0.00
O-008757,2025-11-28,S-02,หน้าร้าน,P-101,2,70.00,3.50,66.50,4.35,0.00,0.00
O-008758,2025-11-28,S-05,หน้าร้าน,P-203,1,75.00,7.50,67.50,4.42,0.00,0.00
O-008759,2025-11-28,S-03,หน้าร้าน,P-302,1,3890.00,389.00,3501.00,229.04,0.00,0.00
O-008760,2025-11-28,S-04,หน้าร้าน,P-202,2,240.00,48.00,192.00,12.56,0.00,0.00
O-008761,2025-11-28,S-01,หน้าร้าน,P-301,3,7350.00,735.00,6615.00,432.76,0.00,0.00
O-008762,2025-11-28,S-04,หน้าร้าน,P-103,2,90.00,0.00,90.00,5.89,0.00,0.00
O-008763,2025-11-28,S-01,หน้าร้าน,P-203,5,375.00,37.50,337.50,22.08,0.00,0.00
O-008764,2025-11-28,S-01,หน้าร้าน,P-201,3,285.00,0.00,285.00,18.64,0.00,0.00
O-008765,2025-11-28,S-04,หน้าร้าน,P-101,1,35.00,0.00,35.00,2.29,0.00,0.00
O-008766,2025-11-28,S-02,หน้าร้าน,P-101,1,35.00,0.00,35.00,2.29,0.00,0.00
O-008767,2025-11-28,S-03,หน้าร้าน,P-101,1,35.00,3.50,31.50,2.06,0.00,0.00
O-008768,2025-11-28,S-03,หน้าร้าน,P-302,2,7780.00,1556.00,6224.00,407.18,0.00,0.00
O-008769,2025-11-28,S-05,หน้าร้าน,P-202,2,240.00,24.00,216.00,14.13,0.00,0.00
O-008770,2025-11-28,S-05,หน้าร้าน,P-201,1,95.00,9.50,85.50,5.59,0.00,0.00
O-008771,2025-11-28,S-90,ออนไลน์,P-203,1,75.00,0.00,75.00,4.91,35.00,0.00
O-008772,2025-11-28,S-90,ออนไลน์,P-201,2,190.00,38.00,152.00,9.94,0.00,0.00
O-008773,2025-11-28,S-90,ออนไลน์,P-302,2,7780.00,1556.00,6224.00,407.18,0.00,0.00
O-008774,2025-11-29,S-90,ออนไลน์,P-201,3,285.00,0.00,285.00,18.64,35.00,0.00
O-008775,2025-11-29,S-03,หน้าร้าน,P-203,1,75.00,15.00,60.00,3.93,0.00,0.00
O-008776,2025-11-29,S-05,หน้าร้าน,P-302,2,7780.00,0.00,7780.00,508.97,0.00,0.00
O-008777,2025-11-29,S-06,หน้าร้าน,P-201,1,95.00,0.00,95.00,6.21,0.00,95.00
O-008778,2025-11-29,S-01,หน้าร้าน,P-102,1,28.00,0.00,28.00,1.83,0.00,0.00
O-008779,2025-11-29,S-04,หน้าร้าน,P-103,1,45.00,2.25,42.75,2.80,0.00,0.00
O-008780,2025-11-29,S-04,หน้าร้าน,P-202,2,240.00,48.00,192.00,12.56,0.00,0.00
O-008781,2025-11-29,S-05,หน้าร้าน,P-103,3,135.00,0.00,135.00,8.83,0.00,0.00
O-008782,2025-11-29,S-06,หน้าร้าน,P-103,1,45.00,4.50,40.50,2.65,0.00,0.00
O-008783,2025-11-29,S-06,หน้าร้าน,P-103,1,45.00,4.50,40.50,2.65,0.00,0.00
O-008784,2025-11-29,S-03,หน้าร้าน,P-301,1,2450.00,0.00,2450.00,160.28,0.00,0.00
O-008785,2025-11-29,S-04,หน้าร้าน,P-103,1,45.00,0.00,45.00,2.94,0.00,0.00
O-008786,2025-11-29,S-02,หน้าร้าน,P-301,1,2450.00,0.00,2450.00,160.28,0.00,0.00
O-008787,2025-11-29,S-02,หน้าร้าน,P-203,1,75.00,7.50,67.50,4.42,0.00,0.00
O-008788,2025-11-29,S-06,หน้าร้าน,P-203,2,150.00,30.00,120.00,7.85,0.00,0.00
O-008789,2025-11-29,S-01,หน้าร้าน,P-102,1,28.00,1.40,26.60,1.74,0.00,0.00
O-008790,2025-11-29,S-90,ออนไลน์,P-301,1,2450.00,490.00,1960.00,128.22,50.00,0.00
O-008791,2025-11-29,S-01,หน้าร้าน,P-202,1,120.00,0.00,120.00,7.85,0.00,0.00
O-008792,2025-11-29,S-04,หน้าร้าน,P-302,1,3890.00,194.50,3695.50,241.76,0.00,0.00
O-008793,2025-11-29,S-02,หน้าร้าน,P-102,2,56.00,5.60,50.40,3.30,0.00,0.00
O-008794,2025-11-29,S-01,หน้าร้าน,P-102,2,56.00,0.00,56.00,3.66,0.00,0.00
O-008795,2025-11-29,S-90,ออนไลน์,P-301,1,2450.00,122.50,2327.50,152.27,0.00,0.00
O-008796,2025-11-29,S-05,หน้าร้าน,P-101,1,35.00,1.75,33.25,2.18,0.00,0.00
O-008797,2025-11-29,S-01,หน้าร้าน,P-101,2,70.00,14.00,56.00,3.66,0.00,0.00
O-008798,2025-11-29,S-02,หน้าร้าน,P-201,1,95.00,0.00,95.00,6.21,0.00,0.00
O-008799,2025-11-29,S-04,หน้าร้าน,P-203,1,75.00,0.00,75.00,4.91,0.00,0.00
O-008800,2025-11-29,S-03,หน้าร้าน,P-202,1,120.00,0.00,120.00,7.85,0.00,0.00
O-008801,2025-11-29,S-06,หน้าร้าน,P-102,1,28.00,0.00,28.00,1.83,0.00,0.00
O-008802,2025-11-30,S-01,หน้าร้าน,P-302,2,7780.00,778.00,7002.00,458.07,0.00,0.00
O-008803,2025-11-30,S-05,หน้าร้าน,P-301,2,4900.00,0.00,4900.00,320.56,0.00,0.00
O-008804,2025-11-30,S-01,หน้าร้าน,P-102,1,28.00,5.60,22.40,1.47,0.00,0.00
O-008805,2025-11-30,S-04,หน้าร้าน,P-301,1,2450.00,0.00,2450.00,160.28,0.00,0.00
O-008806,2025-11-30,S-03,หน้าร้าน,P-202,1,120.00,12.00,108.00,7.07,0.00,0.00
O-008807,2025-11-30,S-06,หน้าร้าน,P-201,3,285.00,0.00,285.00,18.64,0.00,0.00
O-008808,2025-11-30,S-06,หน้าร้าน,P-202,1,120.00,0.00,120.00,7.85,0.00,0.00
O-008809,2025-11-30,S-01,หน้าร้าน,P-302,1,3890.00,194.50,3695.50,241.76,0.00,0.00
O-008810,2025-11-30,S-90,ออนไลน์,P-202,2,240.00,0.00,240.00,15.70,80.00,0.00
O-008811,2025-11-30,S-04,หน้าร้าน,P-103,1,45.00,4.50,40.50,2.65,0.00,0.00
O-008812,2025-11-30,S-03,หน้าร้าน,P-302,1,3890.00,0.00,3890.00,254.49,0.00,0.00
O-008813,2025-11-30,S-03,หน้าร้าน,P-202,2,240.00,12.00,228.00,14.92,0.00,0.00
O-008814,2025-11-30,S-05,หน้าร้าน,P-202,1,120.00,12.00,108.00,7.07,0.00,0.00
O-008815,2025-11-30,S-04,หน้าร้าน,P-102,1,28.00,0.00,28.00,1.83,0.00,0.00
O-008816,2025-11-30,S-01,หน้าร้าน,P-102,5,140.00,0.00,140.00,9.16,0.00,0.00
O-008817,2025-11-30,S-90,ออนไลน์,P-301,1,2450.00,0.00,2450.00,160.28,0.00,0.00
O-008818,2025-11-30,S-05,หน้าร้าน,P-202,1,120.00,12.00,108.00,7.07,0.00,0.00
O-008819,2025-11-30,S-04,หน้าร้าน,P-101,2,70.00,14.00,56.00,3.66,0.00,0.00
O-008820,2025-11-30,S-90,ออนไลน์,P-202,1,120.00,24.00,96.00,6.28,0.00,0.00
O-008821,2025-12-01,S-06,หน้าร้าน,P-103,1,45.00,9.00,36.00,2.36,0.00,0.00
O-008822,2025-12-01,S-90,ออนไลน์,P-201,1,95.00,9.50,85.50,5.59,50.00,0.00
O-008823,2025-12-01,S-06,หน้าร้าน,P-203,2,150.00,0.00,150.00,9.81,0.00,0.00
O-008824,2025-12-01,S-04,หน้าร้าน,P-101,1,35.00,0.00,35.00,2.29,0.00,0.00
O-008825,2025-12-01,S-90,ออนไลน์,P-101,3,105.00,21.00,84.00,5.50,50.00,0.00
O-008826,2025-12-01,S-02,หน้าร้าน,P-102,1,28.00,0.00,28.00,1.83,0.00,0.00
O-008827,2025-12-01,S-01,หน้าร้าน,P-101,1,35.00,3.50,31.50,2.06,0.00,0.00
O-008828,2025-12-01,S-04,หน้าร้าน,P-101,5,175.00,8.75,166.25,10.88,0.00,0.00
O-008829,2025-12-01,S-05,หน้าร้าน,P-202,1,120.00,0.00,120.00,7.85,0.00,0.00
O-008830,2025-12-01,S-03,หน้าร้าน,P-203,2,150.00,30.00,120.00,7.85,0.00,0.00
O-008831,2025-12-01,S-03,หน้าร้าน,P-302,2,7780.00,778.00,7002.00,458.07,0.00,0.00
O-008832,2025-12-01,S-05,หน้าร้าน,P-201,1,95.00,0.00,95.00,6.21,0.00,0.00
O-008833,2025-12-01,S-05,หน้าร้าน,P-203,2,150.00,0.00,150.00,9.81,0.00,0.00
O-008834,2025-12-01,S-90,ออนไลน์,P-301,1,2450.00,122.50,2327.50,152.27,0.00,0.00
O-008835,2025-12-01,S-05,หน้าร้าน,P-101,1,35.00,0.00,35.00,2.29,0.00,0.00
O-008836,2025-12-01,S-90,ออนไลน์,P-302,2,7780.00,1556.00,6224.00,407.18,0.00,0.00
O-008837,2025-12-01,S-02,หน้าร้าน,P-302,1,3890.00,0.00,3890.00,254.49,0.00,0.00
O-008838,2025-12-01,S-03,หน้าร้าน,P-203,1,75.00,0.00,75.00,4.91,0.00,0.00
O-008839,2025-12-01,S-03,หน้าร้าน,P-301,1,2450.00,0.00,2450.00,160.28,0.00,0.00
O-008840,2025-12-01,S-06,หน้าร้าน,P-101,2,70.00,7.00,63.00,4.12,0.00,0.00
O-008841,2025-12-01,S-05,หน้าร้าน,P-203,1,75.00,3.75,71.25,4.66,0.00,0.00
O-008842,2025-12-01,S-05,หน้าร้าน,P-202,1,120.00,24.00,96.00,6.28,0.00,0.00
O-008843,2025-12-01,S-90,ออนไลน์,P-103,1,45.00,2.25,42.75,2.80,35.00,0.00
O-008844,2025-12-01,S-90,ออนไลน์,P-101,3,105.00,5.25,99.75,6.53,35.00,0.00
O-008845,2025-12-01,S-04,หน้าร้าน,P-301,2,4900.00,490.00,4410.00,288.50,0.00,0.00
O-008846,2025-12-01,S-03,หน้าร้าน,P-101,1,35.00,3.50,31.50,2.06,0.00,0.00
O-008847,2025-12-01,S-04,หน้าร้าน,P-302,2,7780.00,0.00,7780.00,508.97,0.00,0.00
O-008848,2025-12-01,S-04,หน้าร้าน,P-302,5,19450.00,972.50,18477.50,1208.81,0.00,0.00
O-008849,2025-12-01,S-90,ออนไลน์,P-201,2,190.00,0.00,190.00,12.43,0.00,0.00
O-008850,2025-12-01,S-90,ออนไลน์,P-302,1,3890.00,194.50,3695.50,241.76,50.00,0.00
O-008851,2025-12-02,S-06,หน้าร้าน,P-203,1,75.00,15.00,60.00,3.93,0.00,0.00
O-008852,2025-12-02,S-02,หน้าร้าน,P-201,1,95.00,0.00,95.00,6.21,0.00,0.00
O-008853,2025-12-02,S-06,หน้าร้าน,P-103,2,90.00,0.00,90.00,5.89,0.00,0.00
O-008854,2025-12-02,S-06,หน้าร้าน,P-101,1,35.00,3.50,31.50,2.06,0.00,0.00
O-008855,2025-12-02,S-90,ออนไลน์,P-301,1,2450.00,0.00,2450.00,160.28,0.00,0.00
O-008856,2025-12-02,S-06,หน้าร้าน,P-302,1,3890.00,0.00,3890.00,254.49,0.00,0.00
O-008857,2025-12-02,S-03,หน้าร้าน,P-103,5,225.00,22.50,202.50,13.25,0.00,0.00
O-008858,2025-12-02,S-01,หน้าร้าน,P-102,1,28.00,5.60,22.40,1.47,0.00,0.00
O-008859,2025-12-02,S-90,ออนไลน์,P-302,2,7780.00,1556.00,6224.00,407.18,80.00,0.00
O-008860,2025-12-02,S-04,หน้าร้าน,P-202,1,120.00,6.00,114.00,7.46,0.00,0.00
O-008861,2025-12-02,S-05,หน้าร้าน,P-302,1,3890.00,389.00,3501.00,229.04,0.00,0.00
O-008862,2025-12-02,S-04,หน้าร้าน,P-201,5,475.00,23.75,451.25,29.52,0.00,0.00
O-008863,2025-12-02,S-90,ออนไลน์,P-202,1,120.00,12.00,108.00,7.07,0.00,0.00
O-008864,2025-12-02,S-05,หน้าร้าน,P-201,2,190.00,9.50,180.50,11.81,0.00,0.00
O-008865,2025-12-02,S-06,หน้าร้าน,P-302,2,7780.00,1556.00,6224.00,407.18,0.00,0.00
O-008866,2025-12-02,S-90,ออนไลน์,P-101,2,70.00,0.00,70.00,4.58,0.00,0.00
O-008867,2025-12-02,S-06,หน้าร้าน,P-102,2,56.00,11.20,44.80,2.93,0.00,0.00
O-008868,2025-12-02,S-01,หน้าร้าน,P-301,2,4900.00,245.00,4655.00,304.53,0.00,0.00
O-008869,2025-12-02,S-06,หน้าร้าน,P-103,2,90.00,9.00,81.00,5.30,0.00,0.00
O-008870,2025-12-02,S-90,ออนไลน์,P-201,1,95.00,19.00,76.00,4.97,50.00,0.00
O-008871,2025-12-02,S-02,หน้าร้าน,P-201,1,95.00,4.75,90.25,5.90,0.00,0.00
O-008872,2025-12-02,S-03,หน้าร้าน,P-301,2,4900.00,0.00,4900.00,320.56,0.00,0.00
O-008873,2025-12-02,S-06,หน้าร้าน,P-203,1,75.00,7.50,67.50,4.42,0.00,0.00
O-008874,2025-12-02,S-02,หน้าร้าน,P-301,2,4900.00,0.00,4900.00,320.56,0.00,0.00
O-008875,2025-12-02,S-01,หน้าร้าน,P-102,1,28.00,2.80,25.20,1.65,0.00,0.00
O-008876,2025-12-02,S-03,หน้าร้าน,P-301,1,2450.00,122.50,2327.50,152.27,0.00,0.00
O-008877,2025-12-02,S-06,หน้าร้าน,P-102,2,56.00,5.60,50.40,3.30,0.00,0.00
O-008878,2025-12-02,S-02,หน้าร้าน,P-302,2,7780.00,389.00,7391.00,483.52,0.00,0.00
O-008879,2025-12-02,S-90,ออนไลน์,P-102,1,28.00,5.60,22.40,1.47,80.00,0.00
O-008880,2025-12-02,S-01,หน้าร้าน,P-202,1,120.00,12.00,108.00,7.07,0.00,0.00
O-008881,2025-12-03,S-01,หน้าร้าน,P-203,1,75.00,7.50,67.50,4.42,0.00,0.00
O-008882,2025-12-03,S-02,หน้าร้าน,P-103,3,135.00,0.00,135.00,8.83,0.00,0.00
O-008883,2025-12-03,S-03,หน้าร้าน,P-103,1,45.00,9.00,36.00,2.36,0.00,0.00
O-008884,2025-12-03,S-02,หน้าร้าน,P-302,2,7780.00,778.00,7002.00,458.07,0.00,0.00
O-008885,2025-12-03,S-01,หน้าร้าน,P-102,1,28.00,0.00,28.00,1.83,0.00,0.00
O-008886,2025-12-03,S-06,หน้าร้าน,P-302,2,7780.00,0.00,7780.00,508.97,0.00,0.00
O-008887,2025-12-03,S-90,ออนไลน์,P-301,3,7350.00,735.00,6615.00,432.76,50.00,0.00
O-008888,2025-12-03,S-06,หน้าร้าน,P-101,1,35.00,0.00,35.00,2.29,0.00,0.00
O-008889,2025-12-03,S-02,หน้าร้าน,P-103,1,45.00,2.25,42.75,2.80,0.00,0.00
O-008890,2025-12-03,S-03,หน้าร้าน,P-302,2,7780.00,0.00,7780.00,508.97,0.00,0.00
O-008891,2025-12-03,S-01,หน้าร้าน,P-203,1,75.00,15.00,60.00,3.93,0.00,0.00
O-008892,2025-12-03,S-90,ออนไลน์,P-301,1,2450.00,0.00,2450.00,160.28,0.00,0.00
O-008893,2025-12-03,S-06,หน้าร้าน,P-203,5,375.00,18.75,356.25,23.31,0.00,0.00
O-008894,2025-12-03,S-03,หน้าร้าน,P-103,1,45.00,4.50,40.50,2.65,0.00,0.00
O-008895,2025-12-03,S-05,หน้าร้าน,P-202,1,120.00,0.00,120.00,7.85,0.00,0.00
O-008896,2025-12-03,S-04,หน้าร้าน,P-101,1,35.00,1.75,33.25,2.18,0.00,0.00
O-008897,2025-12-03,S-04,หน้าร้าน,P-302,2,7780.00,0.00,7780.00,508.97,0.00,0.00
O-008898,2025-12-03,S-06,หน้าร้าน,P-103,2,90.00,0.00,90.00,5.89,0.00,0.00
O-008899,2025-12-03,S-02,หน้าร้าน,P-102,1,28.00,1.40,26.60,1.74,0.00,0.00
O-008900,2025-12-03,S-05,หน้าร้าน,P-103,1,45.00,2.25,42.75,2.80,0.00,0.00
O-008901,2025-12-03,S-90,ออนไลน์,P-103,2,90.00,4.50,85.50,5.59,50.00,0.00
O-008902,2025-12-03,S-02,หน้าร้าน,P-301,2,4900.00,245.00,4655.00,304.53,0.00,0.00
O-008903,2025-12-03,S-06,หน้าร้าน,P-301,1,2450.00,0.00,2450.00,160.28,0.00,0.00
O-008904,2025-12-03,S-06,หน้าร้าน,P-301,2,4900.00,0.00,4900.00,320.56,0.00,0.00
O-008905,2025-12-03,S-01,หน้าร้าน,P-201,1,95.00,0.00,95.00,6.21,0.00,0.00
O-008906,2025-12-03,S-90,ออนไลน์,P-302,1,3890.00,0.00,3890.00,254.49,35.00,0.00
O-008907,2025-12-03,S-02,หน้าร้าน,P-203,1,75.00,0.00,75.00,4.91,0.00,0.00
O-008908,2025-12-03,S-05,หน้าร้าน,P-301,2,4900.00,980.00,3920.00,256.45,0.00,0.00
O-008909,2025-12-03,S-90,ออนไลน์,P-201,1,95.00,0.00,95.00,6.21,0.00,0.00
O-008910,2025-12-03,S-03,หน้าร้าน,P-103,2,90.00,4.50,85.50,5.59,0.00,0.00
O-008911,2025-12-03,S-06,หน้าร้าน,P-201,1,95.00,9.50,85.50,5.59,0.00,0.00
O-008912,2025-12-03,S-06,หน้าร้าน,P-101,3,105.00,5.25,99.75,6.53,0.00,0.00
O-008913,2025-12-03,S-06,หน้าร้าน,P-202,2,240.00,0.00,240.00,15.70,0.00,0.00
O-008914,2025-12-04,S-04,หน้าร้าน,P-301,1,2450.00,0.00,2450.00,160.28,0.00,0.00
O-008915,2025-12-04,S-01,หน้าร้าน,P-301,1,2450.00,0.00,2450.00,160.28,0.00,0.00
O-008916,2025-12-04,S-01,หน้าร้าน,P-301,3,7350.00,1470.00,5880.00,384.67,0.00,0.00
O-008917,2025-12-04,S-03,หน้าร้าน,P-101,2,70.00,7.00,63.00,4.12,0.00,0.00
O-008918,2025-12-04,S-06,หน้าร้าน,P-302,1,3890.00,0.00,3890.00,254.49,0.00,0.00
O-008919,2025-12-04,S-03,หน้าร้าน,P-101,2,70.00,14.00,56.00,3.66,0.00,0.00
O-008920,2025-12-04,S-05,หน้าร้าน,P-103,1,45.00,0.00,45.00,2.94,0.00,0.00
O-008921,2025-12-04,S-02,หน้าร้าน,P-201,1,95.00,9.50,85.50,5.59,0.00,0.00
O-008922,2025-12-04,S-90,ออนไลน์,P-101,2,70.00,0.00,70.00,4.58,80.00,0.00
O-008923,2025-12-04,S-06,หน้าร้าน,P-302,1,3890.00,0.00,3890.00,254.49,0.00,0.00
O-008924,2025-12-04,S-06,หน้าร้าน,P-201,3,285.00,0.00,285.00,18.64,0.00,0.00
O-008925,2025-12-04,S-03,หน้าร้าน,P-203,5,375.00,18.75,356.25,23.31,0.00,0.00
O-008926,2025-12-04,S-05,หน้าร้าน,P-203,1,75.00,15.00,60.00,3.93,0.00,0.00
O-008927,2025-12-04,S-05,หน้าร้าน,P-302,2,7780.00,778.00,7002.00,458.07,0.00,0.00
O-008928,2025-12-04,S-04,หน้าร้าน,P-302,2,7780.00,778.00,7002.00,458.07,0.00,0.00
O-008929,2025-12-04,S-90,ออนไลน์,P-202,1,120.00,6.00,114.00,7.46,80.00,0.00
O-008930,2025-12-04,S-06,หน้าร้าน,P-202,2,240.00,0.00,240.00,15.70,0.00,0.00
O-008931,2025-12-04,S-90,ออนไลน์,P-101,5,175.00,35.00,140.00,9.16,50.00,0.00
O-008932,2025-12-04,S-04,หน้าร้าน,P-301,1,2450.00,0.00,2450.00,160.28,0.00,0.00
O-008933,2025-12-04,S-02,หน้าร้าน,P-101,1,35.00,3.50,31.50,2.06,0.00,0.00
O-008934,2025-12-04,S-04,หน้าร้าน,P-202,1,120.00,6.00,114.00,7.46,0.00,0.00
O-008935,2025-12-04,S-05,หน้าร้าน,P-202,2,240.00,24.00,216.00,14.13,0.00,0.00
O-008936,2025-12-04,S-03,หน้าร้าน,P-302,1,3890.00,194.50,3695.50,241.76,0.00,0.00
O-008937,2025-12-04,S-02,หน้าร้าน,P-202,2,240.00,24.00,216.00,14.13,0.00,0.00
O-008938,2025-12-04,S-01,หน้าร้าน,P-103,3,135.00,13.50,121.50,7.95,0.00,0.00
O-008939,2025-12-05,S-02,หน้าร้าน,P-203,1,75.00,15.00,60.00,3.93,0.00,0.00
O-008940,2025-12-05,S-01,หน้าร้าน,P-102,1,28.00,0.00,28.00,1.83,0.00,0.00
O-008941,2025-12-05,S-01,หน้าร้าน,P-103,1,45.00,4.50,40.50,2.65,0.00,0.00
O-008942,2025-12-05,S-06,หน้าร้าน,P-202,1,120.00,0.00,120.00,7.85,0.00,0.00
O-008943,2025-12-05,S-02,หน้าร้าน,P-203,2,150.00,0.00,150.00,9.81,0.00,0.00
O-008944,2025-12-05,S-01,หน้าร้าน,P-103,1,45.00,4.50,40.50,2.65,0.00,0.00
O-008945,2025-12-05,S-02,หน้าร้าน,P-203,1,75.00,7.50,67.50,4.42,0.00,0.00
O-008946,2025-12-05,S-01,หน้าร้าน,P-301,2,4900.00,980.00,3920.00,256.45,0.00,0.00
O-008947,2025-12-05,S-90,ออนไลน์,P-101,1,35.00,7.00,28.00,1.83,80.00,0.00
O-008948,2025-12-05,S-04,หน้าร้าน,P-101,3,105.00,5.25,99.75,6.53,0.00,0.00
O-008949,2025-12-05,S-04,หน้าร้าน,P-201,1,95.00,0.00,95.00,6.21,0.00,0.00
O-008950,2025-12-05,S-01,หน้าร้าน,P-103,1,45.00,4.50,40.50,2.65,0.00,0.00
O-008951,2025-12-05,S-90,ออนไลน์,P-202,2,240.00,12.00,228.00,14.92,80.00,0.00
O-008952,2025-12-05,S-05,หน้าร้าน,P-101,2,70.00,0.00,70.00,4.58,0.00,0.00
O-008953,2025-12-05,S-04,หน้าร้าน,P-301,1,2450.00,0.00,2450.00,160.28,0.00,0.00
O-008954,2025-12-05,S-90,ออนไลน์,P-202,5,600.00,30.00,570.00,37.29,0.00,0.00
O-008955,2025-12-05,S-01,หน้าร้าน,P-301,2,4900.00,245.00,4655.00,304.53,0.00,0.00
O-008956,2025-12-05,S-05,หน้าร้าน,P-102,2,56.00,2.80,53.20,3.48,0.00,0.00
O-008957,2025-12-05,S-01,หน้าร้าน,P-302,1,3890.00,389.00,3501.00,229.04,0.00,0.00
O-008958,2025-12-05,S-03,หน้าร้าน,P-202,5,600.00,0.00,600.00,39.25,0.00,0.00
O-008959,2025-12-05,S-90,ออนไลน์,P-301,1,2450.00,0.00,2450.00,160.28,50.00,0.00
O-008960,2025-12-05,S-04,หน้าร้าน,P-302,1,3890.00,0.00,3890.00,254.49,0.00,0.00
O-008961,2025-12-05,S-01,หน้าร้าน,P-202,1,120.00,24.00,96.00,6.28,0.00,0.00
O-008962,2025-12-05,S-06,หน้าร้าน,P-201,2,190.00,0.00,190.00,12.43,0.00,0.00
O-008963,2025-12-05,S-90,ออนไลน์,P-202,1,120.00,24.00,96.00,6.28,80.00,0.00
O-008964,2025-12-05,S-01,หน้าร้าน,P-102,1,28.00,2.80,25.20,1.65,0.00,0.00
O-008965,2025-12-05,S-05,หน้าร้าน,P-301,1,2450.00,0.00,2450.00,160.28,0.00,0.00
O-008966,2025-12-05,S-04,หน้าร้าน,P-101,3,105.00,0.00,105.00,6.87,0.00,0.00
O-008967,2025-12-05,S-06,หน้าร้าน,P-202,3,360.00,18.00,342.00,22.37,0.00,0.00
O-008968,2025-12-05,S-03,หน้าร้าน,P-301,2,4900.00,0.00,4900.00,320.56,0.00,0.00
O-008969,2025-12-05,S-03,หน้าร้าน,P-102,1,28.00,1.40,26.60,1.74,0.00,0.00
O-008970,2025-12-05,S-05,หน้าร้าน,P-203,3,225.00,11.25,213.75,13.98,0.00,0.00
O-008971,2025-12-06,S-90,ออนไลน์,P-201,1,95.00,19.00,76.00,4.97,35.00,0.00
O-008972,2025-12-06,S-06,หน้าร้าน,P-302,2,7780.00,0.00,7780.00,508.97,0.00,0.00
O-008973,2025-12-06,S-90,ออนไลน์,P-301,2,4900.00,980.00,3920.00,256.45,50.00,0.00
O-008974,2025-12-06,S-02,หน้าร้าน,P-102,3,84.00,0.00,84.00,5.50,0.00,0.00
O-008975,2025-12-06,S-90,ออนไลน์,P-102,1,28.00,2.80,25.20,1.65,0.00,0.00
O-008976,2025-12-06,S-06,หน้าร้าน,P-301,1,2450.00,245.00,2205.00,144.25,0.00,0.00
O-008977,2025-12-06,S-04,หน้าร้าน,P-203,1,75.00,15.00,60.00,3.93,0.00,0.00
O-008978,2025-12-06,S-04,หน้าร้าน,P-203,2,150.00,15.00,135.00,8.83,0.00,0.00
O-008979,2025-12-06,S-03,หน้าร้าน,P-203,1,75.00,3.75,71.25,4.66,0.00,0.00
O-008980,2025-12-06,S-01,หน้าร้าน,P-102,1,28.00,0.00,28.00,1.83,0.00,0.00
O-008981,2025-12-06,S-02,หน้าร้าน,P-203,1,75.00,7.50,67.50,4.42,0.00,0.00
O-008982,2025-12-06,S-05,หน้าร้าน,P-101,1,35.00,1.75,33.25,2.18,0.00,0.00
O-008983,2025-12-06,S-04,หน้าร้าน,P-203,1,75.00,7.50,67.50,4.42,0.00,0.00
O-008984,2025-12-06,S-05,หน้าร้าน,P-103,1,45.00,2.25,42.75,2.80,0.00,0.00
O-008985,2025-12-06,S-03,หน้าร้าน,P-301,1,2450.00,490.00,1960.00,128.22,0.00,0.00
O-008986,2025-12-06,S-04,หน้าร้าน,P-203,2,150.00,0.00,150.00,9.81,0.00,0.00
O-008987,2025-12-06,S-04,หน้าร้าน,P-103,2,90.00,0.00,90.00,5.89,0.00,0.00
O-008988,2025-12-06,S-90,ออนไลน์,P-302,1,3890.00,0.00,3890.00,254.49,50.00,0.00
O-008989,2025-12-06,S-04,หน้าร้าน,P-201,1,95.00,4.75,90.25,5.90,0.00,0.00
O-008990,2025-12-06,S-03,หน้าร้าน,P-103,1,45.00,0.00,45.00,2.94,0.00,0.00
O-008991,2025-12-06,S-02,หน้าร้าน,P-203,1,75.00,3.75,71.25,4.66,0.00,0.00
O-008992,2025-12-07,S-90,ออนไลน์,P-102,1,28.00,1.40,26.60,1.74,0.00,0.00
O-008993,2025-12-07,S-02,หน้าร้าน,P-102,5,140.00,0.00,140.00,9.16,0.00,0.00
O-008994,2025-12-07,S-05,หน้าร้าน,P-203,1,75.00,3.75,71.25,4.66,0.00,0.00
O-008995,2025-12-07,S-04,หน้าร้าน,P-301,2,4900.00,490.00,4410.00,288.50,0.00,0.00
O-008996,2025-12-07,S-03,หน้าร้าน,P-101,2,70.00,0.00,70.00,4.58,0.00,0.00
O-008997,2025-12-07,S-05,หน้าร้าน,P-301,1,2450.00,0.00,2450.00,160.28,0.00,0.00
O-008998,2025-12-07,S-03,หน้าร้าน,P-203,2,150.00,0.00,150.00,9.81,0.00,0.00
O-008999,2025-12-07,S-03,หน้าร้าน,P-103,1,45.00,2.25,42.75,2.80,0.00,0.00
O-009000,2025-12-07,S-02,หน้าร้าน,P-202,3,360.00,0.00,360.00,23.55,0.00,0.00
O-009001,2025-12-07,S-04,หน้าร้าน,P-202,2,240.00,24.00,216.00,14.13,0.00,0.00
O-009002,2025-12-07,S-06,หน้าร้าน,P-101,1,35.00,1.75,33.25,2.18,0.00,0.00
O-009003,2025-12-07,S-01,หน้าร้าน,P-203,2,150.00,7.50,142.50,9.32,0.00,0.00
O-009004,2025-12-07,S-02,หน้าร้าน,P-301,1,2450.00,0.00,2450.00,160.28,0.00,2450.00
O-009005,2025-12-07,S-02,หน้าร้าน,P-301,5,12250.00,0.00,12250.00,801.40,0.00,0.00
O-009006,2025-12-07,S-05,หน้าร้าน,P-102,1,28.00,1.40,26.60,1.74,0.00,0.00
O-009007,2025-12-07,S-05,หน้าร้าน,P-302,2,7780.00,0.00,7780.00,508.97,0.00,0.00
O-009008,2025-12-07,S-06,หน้าร้าน,P-201,1,95.00,19.00,76.00,4.97,0.00,0.00
O-009009,2025-12-07,S-03,หน้าร้าน,P-103,1,45.00,4.50,40.50,2.65,0.00,0.00
O-009010,2025-12-07,S-05,หน้าร้าน,P-202,2,240.00,0.00,240.00,15.70,0.00,0.00
O-009011,2025-12-07,S-03,หน้าร้าน,P-202,1,120.00,0.00,120.00,7.85,0.00,0.00
O-009012,2025-12-07,S-04,หน้าร้าน,P-302,2,7780.00,0.00,7780.00,508.97,0.00,0.00
O-009013,2025-12-08,S-03,หน้าร้าน,P-202,1,120.00,0.00,120.00,7.85,0.00,0.00
O-009014,2025-12-08,S-05,หน้าร้าน,P-301,2,4900.00,245.00,4655.00,304.53,0.00,0.00
O-009015,2025-12-08,S-02,หน้าร้าน,P-201,1,95.00,0.00,95.00,6.21,0.00,0.00
O-009016,2025-12-08,S-05,หน้าร้าน,P-302,1,3890.00,0.00,3890.00,254.49,0.00,0.00
O-009017,2025-12-08,S-06,หน้าร้าน,P-102,1,28.00,0.00,28.00,1.83,0.00,0.00
O-009018,2025-12-08,S-01,หน้าร้าน,P-102,1,28.00,0.00,28.00,1.83,0.00,0.00
O-009019,2025-12-08,S-06,หน้าร้าน,P-103,2,90.00,0.00,90.00,5.89,0.00,0.00
O-009020,2025-12-08,S-05,หน้าร้าน,P-202,2,240.00,24.00,216.00,14.13,0.00,0.00
O-009021,2025-12-08,S-05,หน้าร้าน,P-102,1,28.00,5.60,22.40,1.47,0.00,0.00
O-009022,2025-12-08,S-03,หน้าร้าน,P-302,1,3890.00,389.00,3501.00,229.04,0.00,0.00
O-009023,2025-12-08,S-06,หน้าร้าน,P-103,2,90.00,0.00,90.00,5.89,0.00,0.00
O-009024,2025-12-08,S-06,หน้าร้าน,P-202,1,120.00,0.00,120.00,7.85,0.00,0.00
O-009025,2025-12-08,S-02,หน้าร้าน,P-301,3,7350.00,735.00,6615.00,432.76,0.00,0.00
O-009026,2025-12-08,S-90,ออนไลน์,P-203,5,375.00,75.00,300.00,19.63,50.00,0.00
O-009027,2025-12-08,S-02,หน้าร้าน,P-302,1,3890.00,389.00,3501.00,229.04,0.00,0.00
O-009028,2025-12-08,S-05,หน้าร้าน,P-201,3,285.00,14.25,270.75,17.71,0.00,0.00
O-009029,2025-12-08,S-01,หน้าร้าน,P-302,1,3890.00,389.00,3501.00,229.04,0.00,0.00
O-009030,2025-12-08,S-90,ออนไลน์,P-203,1,75.00,0.00,75.00,4.91,80.00,0.00
O-009031,2025-12-08,S-03,หน้าร้าน,P-203,3,225.00,22.50,202.50,13.25,0.00,0.00
O-009032,2025-12-08,S-06,หน้าร้าน,P-103,3,135.00,0.00,135.00,8.83,0.00,0.00
O-009033,2025-12-08,S-02,หน้าร้าน,P-103,1,45.00,9.00,36.00,2.36,0.00,0.00
O-009034,2025-12-08,S-02,หน้าร้าน,P-101,2,70.00,7.00,63.00,4.12,0.00,0.00
O-009035,2025-12-09,S-90,ออนไลน์,P-201,1,95.00,0.00,95.00,6.21,0.00,0.00
O-009036,2025-12-09,S-05,หน้าร้าน,P-201,1,95.00,9.50,85.50,5.59,0.00,0.00
O-009037,2025-12-09,S-02,หน้าร้าน,P-102,5,140.00,0.00,140.00,9.16,0.00,0.00
O-009038,2025-12-09,S-06,หน้าร้าน,P-301,2,4900.00,245.00,4655.00,304.53,0.00,0.00
O-009039,2025-12-09,S-02,หน้าร้าน,P-302,1,3890.00,778.00,3112.00,203.59,0.00,0.00
O-009040,2025-12-09,S-05,หน้าร้าน,P-302,1,3890.00,0.00,3890.00,254.49,0.00,0.00
O-009041,2025-12-09,S-06,หน้าร้าน,P-103,1,45.00,0.00,45.00,2.94,0.00,0.00
O-009042,2025-12-09,S-02,หน้าร้าน,P-302,1,3890.00,0.00,3890.00,254.49,0.00,0.00
O-009043,2025-12-09,S-06,หน้าร้าน,P-102,1,28.00,1.40,26.60,1.74,0.00,0.00
O-009044,2025-12-09,S-05,หน้าร้าน,P-103,5,225.00,0.00,225.00,14.72,0.00,0.00
O-009045,2025-12-09,S-90,ออนไลน์,P-102,1,28.00,0.00,28.00,1.83,0.00,0.00
O-009046,2025-12-09,S-90,ออนไลน์,P-203,1,75.00,0.00,75.00,4.91,50.00,0.00
O-009047,2025-12-09,S-05,หน้าร้าน,P-301,1,2450.00,122.50,2327.50,152.27,0.00,0.00
O-009048,2025-12-09,S-06,หน้าร้าน,P-101,1,35.00,1.75,33.25,2.18,0.00,0.00
O-009049,2025-12-09,S-01,หน้าร้าน,P-301,1,2450.00,0.00,2450.00,160.28,0.00,0.00
O-009050,2025-12-09,S-06,หน้าร้าน,P-101,2,70.00,0.00,70.00,4.58,0.00,0.00
O-009051,2025-12-09,S-90,ออนไลน์,P-103,3,135.00,13.50,121.50,7.95,35.00,0.00
O-009052,2025-12-09,S-04,หน้าร้าน,P-101,1,35.00,1.75,33.25,2.18,0.00,0.00
O-009053,2025-12-09,S-90,ออนไลน์,P-102,1,28.00,1.40,26.60,1.74,0.00,0.00
O-009054,2025-12-09,S-90,ออนไลน์,P-102,1,28.00,0.00,28.00,1.83,80.00,0.00
O-009055,2025-12-09,S-01,หน้าร้าน,P-301,1,2450.00,122.50,2327.50,152.27,0.00,0.00
O-009056,2025-12-09,S-01,หน้าร้าน,P-103,1,45.00,2.25,42.75,2.80,0.00,0.00
O-009057,2025-12-10,S-02,หน้าร้าน,P-301,1,2450.00,122.50,2327.50,152.27,0.00,0.00
O-009058,2025-12-10,S-04,หน้าร้าน,P-202,1,120.00,0.00,120.00,7.85,0.00,0.00
O-009059,2025-12-10,S-90,ออนไลน์,P-103,1,45.00,9.00,36.00,2.36,0.00,0.00
O-009060,2025-12-10,S-02,หน้าร้าน,P-301,1,2450.00,490.00,1960.00,128.22,0.00,0.00
O-009061,2025-12-10,S-90,ออนไลน์,P-103,5,225.00,0.00,225.00,14.72,0.00,0.00
O-009062,2025-12-10,S-02,หน้าร้าน,P-302,2,7780.00,778.00,7002.00,458.07,0.00,0.00
O-009063,2025-12-10,S-06,หน้าร้าน,P-103,1,45.00,4.50,40.50,2.65,0.00,0.00
O-009064,2025-12-10,S-02,หน้าร้าน,P-301,1,2450.00,0.00,2450.00,160.28,0.00,0.00
O-009065,2025-12-10,S-03,หน้าร้าน,P-102,1,28.00,2.80,25.20,1.65,0.00,0.00
O-009066,2025-12-10,S-03,หน้าร้าน,P-102,2,56.00,11.20,44.80,2.93,0.00,0.00
O-009067,2025-12-10,S-02,หน้าร้าน,P-103,2,90.00,0.00,90.00,5.89,0.00,0.00
O-009068,2025-12-10,S-03,หน้าร้าน,P-102,1,28.00,2.80,25.20,1.65,0.00,0.00
O-009069,2025-12-10,S-90,ออนไลน์,P-203,1,75.00,3.75,71.25,4.66,35.00,0.00
O-009070,2025-12-10,S-06,หน้าร้าน,P-302,3,11670.00,1167.00,10503.00,687.11,0.00,0.00
O-009071,2025-12-10,S-06,หน้าร้าน,P-103,3,135.00,13.50,121.50,7.95,0.00,0.00
O-009072,2025-12-10,S-01,หน้าร้าน,P-301,2,4900.00,245.00,4655.00,304.53,0.00,0.00
O-009073,2025-12-10,S-90,ออนไลน์,P-203,1,75.00,0.00,75.00,4.91,0.00,0.00
O-009074,2025-12-10,S-03,หน้าร้าน,P-203,3,225.00,0.00,225.00,14.72,0.00,0.00
O-009075,2025-12-10,S-03,หน้าร้าน,P-301,1,2450.00,0.00,2450.00,160.28,0.00,0.00
O-009076,2025-12-10,S-02,หน้าร้าน,P-301,1,2450.00,490.00,1960.00,128.22,0.00,0.00
O-009077,2025-12-10,S-04,หน้าร้าน,P-103,2,90.00,0.00,90.00,5.89,0.00,0.00
O-009078,2025-12-10,S-90,ออนไลน์,P-103,1,45.00,2.25,42.75,2.80,50.00,0.00
O-009079,2025-12-10,S-02,หน้าร้าน,P-203,1,75.00,0.00,75.00,4.91,0.00,0.00
O-009080,2025-12-10,S-05,หน้าร้าน,P-101,1,35.00,7.00,28.00,1.83,0.00,0.00
O-009081,2025-12-10,S-04,หน้าร้าน,P-102,5,140.00,14.00,126.00,8.24,0.00,0.00
O-009082,2025-12-10,S-01,หน้าร้าน,P-302,1,3890.00,389.00,3501.00,229.04,0.00,0.00
O-009083,2025-12-10,S-06,หน้าร้าน,P-301,2,4900.00,245.00,4655.00,304.53,0.00,0.00
O-009084,2025-12-10,S-90,ออนไลน์,P-302,5,19450.00,0.00,19450.00,1272.43,80.00,0.00
O-009085,2025-12-10,S-01,หน้าร้าน,P-301,1,2450.00,0.00,2450.00,160.28,0.00,0.00
O-009086,2025-12-10,S-06,หน้าร้าน,P-103,2,90.00,0.00,90.00,5.89,0.00,0.00
O-009087,2025-12-10,S-04,หน้าร้าน,P-302,1,3890.00,778.00,3112.00,203.59,0.00,0.00
O-009088,2025-12-10,S-06,หน้าร้าน,P-102,5,140.00,28.00,112.00,7.33,0.00,0.00
O-009089,2025-12-10,S-90,ออนไลน์,P-302,2,7780.00,1556.00,6224.00,407.18,80.00,0.00
O-009090,2025-12-11,S-06,หน้าร้าน,P-302,1,3890.00,778.00,3112.00,203.59,0.00,0.00
O-009091,2025-12-11,S-06,หน้าร้าน,P-302,2,7780.00,0.00,7780.00,508.97,0.00,0.00
O-009092,2025-12-11,S-04,หน้าร้าน,P-103,3,135.00,27.00,108.00,7.07,0.00,0.00
O-009093,2025-12-11,S-90,ออนไลน์,P-102,2,56.00,2.80,53.20,3.48,50.00,0.00
O-009094,2025-12-11,S-03,หน้าร้าน,P-101,3,105.00,0.00,105.00,6.87,0.00,0.00
O-009095,2025-12-11,S-01,หน้าร้าน,P-101,1,35.00,0.00,35.00,2.29,0.00,0.00
O-009096,2025-12-11,S-06,หน้าร้าน,P-201,1,95.00,0.00,95.00,6.21,0.00,0.00
O-009097,2025-12-11,S-01,หน้าร้าน,P-302,1,3890.00,778.00,3112.00,203.59,0.00,0.00
O-009098,2025-12-11,S-06,หน้าร้าน,P-103,1,45.00,0.00,45.00,2.94,0.00,0.00
O-009099,2025-12-11,S-05,หน้าร้าน,P-203,1,75.00,3.75,71.25,4.66,0.00,0.00
O-009100,2025-12-11,S-02,หน้าร้าน,P-203,2,150.00,0.00,150.00,9.81,0.00,0.00
O-009101,2025-12-11,S-03,หน้าร้าน,P-102,2,56.00,5.60,50.40,3.30,0.00,0.00
O-009102,2025-12-11,S-02,หน้าร้าน,P-301,2,4900.00,0.00,4900.00,320.56,0.00,0.00
O-009103,2025-12-11,S-05,หน้าร้าน,P-202,2,240.00,48.00,192.00,12.56,0.00,0.00
O-009104,2025-12-11,S-02,หน้าร้าน,P-201,2,190.00,0.00,190.00,12.43,0.00,0.00
O-009105,2025-12-11,S-01,หน้าร้าน,P-203,1,75.00,0.00,75.00,4.91,0.00,0.00
O-009106,2025-12-11,S-90,ออนไลน์,P-201,1,95.00,9.50,85.50,5.59,0.00,0.00
O-009107,2025-12-11,S-05,หน้าร้าน,P-301,3,7350.00,735.00,6615.00,432.76,0.00,0.00
O-009108,2025-12-11,S-03,หน้าร้าน,P-102,2,56.00,0.00,56.00,3.66,0.00,0.00
O-009109,2025-12-11,S-05,หน้าร้าน,P-302,1,3890.00,0.00,3890.00,254.49,0.00,0.00
O-009110,2025-12-11,S-03,หน้าร้าน,P-101,2,70.00,3.50,66.50,4.35,0.00,0.00
O-009111,2025-12-11,S-90,ออนไลน์,P-201,1,95.00,4.75,90.25,5.90,0.00,0.00
O-009112,2025-12-11,S-06,หน้าร้าน,P-202,1,120.00,12.00,108.00,7.07,0.00,0.00
O-009113,2025-12-12,S-04,หน้าร้าน,P-101,1,35.00,7.00,28.00,1.83,0.00,0.00
O-009114,2025-12-12,S-90,ออนไลน์,P-201,2,190.00,19.00,171.00,11.19,0.00,0.00
O-009115,2025-12-12,S-03,หน้าร้าน,P-101,1,35.00,1.75,33.25,2.18,0.00,0.00
O-009116,2025-12-12,S-04,หน้าร้าน,P-202,1,120.00,0.00,120.00,7.85,0.00,0.00
O-009117,2025-12-12,S-06,หน้าร้าน,P-301,1,2450.00,0.00,2450.00,160.28,0.00,0.00
O-009118,2025-12-12,S-04,หน้าร้าน,P-203,1,75.00,0.00,75.00,4.91,0.00,0.00
O-009119,2025-12-12,S-01,หน้าร้าน,P-301,1,2450.00,0.00,2450.00,160.28,0.00,0.00
O-009120,2025-12-12,S-90,ออนไลน์,P-201,2,190.00,19.00,171.00,11.19,80.00,0.00
O-009121,2025-12-12,S-06,หน้าร้าน,P-302,1,3890.00,0.00,3890.00,254.49,0.00,0.00
O-009122,2025-12-12,S-04,หน้าร้าน,P-201,2,190.00,0.00,190.00,12.43,0.00,0.00
O-009123,2025-12-12,S-03,หน้าร้าน,P-301,1,2450.00,0.00,2450.00,160.28,0.00,0.00
O-009124,2025-12-12,S-01,หน้าร้าน,P-301,1,2450.00,245.00,2205.00,144.25,0.00,0.00
O-009125,2025-12-12,S-02,หน้าร้าน,P-201,1,95.00,4.75,90.25,5.90,0.00,0.00
O-009126,2025-12-12,S-06,หน้าร้าน,P-301,1,2450.00,490.00,1960.00,128.22,0.00,0.00
O-009127,2025-12-12,S-06,หน้าร้าน,P-203,1,75.00,0.00,75.00,4.91,0.00,0.00
O-009128,2025-12-12,S-06,หน้าร้าน,P-302,2,7780.00,778.00,7002.00,458.07,0.00,0.00
O-009129,2025-12-12,S-90,ออนไลน์,P-301,1,2450.00,490.00,1960.00,128.22,50.00,0.00
O-009130,2025-12-12,S-01,หน้าร้าน,P-102,1,28.00,1.40,26.60,1.74,0.00,0.00
O-009131,2025-12-12,S-04,หน้าร้าน,P-301,1,2450.00,0.00,2450.00,160.28,0.00,0.00
O-009132,2025-12-12,S-05,หน้าร้าน,P-103,1,45.00,9.00,36.00,2.36,0.00,0.00
O-009133,2025-12-12,S-90,ออนไลน์,P-302,1,3890.00,0.00,3890.00,254.49,50.00,0.00
O-009134,2025-12-12,S-03,หน้าร้าน,P-302,3,11670.00,0.00,11670.00,763.46,0.00,0.00
O-009135,2025-12-12,S-03,หน้าร้าน,P-302,2,7780.00,1556.00,6224.00,407.18,0.00,0.00
O-009136,2025-12-12,S-03,หน้าร้าน,P-302,1,3890.00,194.50,3695.50,241.76,0.00,0.00
O-009137,2025-12-12,S-05,หน้าร้าน,P-203,3,225.00,22.50,202.50,13.25,0.00,0.00
O-009138,2025-12-12,S-06,หน้าร้าน,P-301,1,2450.00,122.50,2327.50,152.27,0.00,0.00
O-009139,2025-12-12,S-04,หน้าร้าน,P-302,1,3890.00,0.00,3890.00,254.49,0.00,0.00
O-009140,2025-12-12,S-06,หน้าร้าน,P-203,1,75.00,7.50,67.50,4.42,0.00,0.00
O-009141,2025-12-12,S-06,หน้าร้าน,P-301,1,2450.00,0.00,2450.00,160.28,0.00,0.00
O-009142,2025-12-12,S-03,หน้าร้าน,P-103,1,45.00,0.00,45.00,2.94,0.00,0.00
O-009143,2025-12-12,S-05,หน้าร้าน,P-301,1,2450.00,0.00,2450.00,160.28,0.00,0.00
O-009144,2025-12-12,S-06,หน้าร้าน,P-202,1,120.00,0.00,120.00,7.85,0.00,0.00
O-009145,2025-12-12,S-90,ออนไลน์,P-301,1,2450.00,0.00,2450.00,160.28,50.00,2450.00
O-009146,2025-12-12,S-04,หน้าร้าน,P-103,1,45.00,2.25,42.75,2.80,0.00,0.00
O-009147,2025-12-13,S-05,หน้าร้าน,P-202,1,120.00,0.00,120.00,7.85,0.00,0.00
O-009148,2025-12-13,S-04,หน้าร้าน,P-203,1,75.00,0.00,75.00,4.91,0.00,0.00
O-009149,2025-12-13,S-03,หน้าร้าน,P-102,1,28.00,2.80,25.20,1.65,0.00,0.00
O-009150,2025-12-13,S-02,หน้าร้าน,P-101,1,35.00,7.00,28.00,1.83,0.00,0.00
O-009151,2025-12-13,S-90,ออนไลน์,P-302,1,3890.00,194.50,3695.50,241.76,50.00,0.00
O-009152,2025-12-13,S-03,หน้าร้าน,P-101,1,35.00,0.00,35.00,2.29,0.00,0.00
O-009153,2025-12-13,S-90,ออนไลน์,P-103,1,45.00,4.50,40.50,2.65,0.00,40.50
O-009154,2025-12-13,S-04,หน้าร้าน,P-102,2,56.00,0.00,56.00,3.66,0.00,0.00
O-009155,2025-12-13,S-01,หน้าร้าน,P-202,1,120.00,6.00,114.00,7.46,0.00,0.00
O-009156,2025-12-13,S-01,หน้าร้าน,P-201,1,95.00,19.00,76.00,4.97,0.00,0.00
O-009157,2025-12-13,S-90,ออนไลน์,P-201,1,95.00,9.50,85.50,5.59,80.00,0.00
O-009158,2025-12-13,S-06,หน้าร้าน,P-301,1,2450.00,122.50,2327.50,152.27,0.00,0.00
O-009159,2025-12-13,S-02,หน้าร้าน,P-203,1,75.00,7.50,67.50,4.42,0.00,0.00
O-009160,2025-12-13,S-90,ออนไลน์,P-102,5,140.00,0.00,140.00,9.16,35.00,0.00
O-009161,2025-12-13,S-05,หน้าร้าน,P-302,1,3890.00,194.50,3695.50,241.76,0.00,0.00
O-009162,2025-12-13,S-01,หน้าร้าน,P-203,3,225.00,11.25,213.75,13.98,0.00,0.00
O-009163,2025-12-13,S-02,หน้าร้าน,P-202,1,120.00,24.00,96.00,6.28,0.00,0.00
O-009164,2025-12-13,S-90,ออนไลน์,P-103,1,45.00,2.25,42.75,2.80,0.00,0.00
O-009165,2025-12-13,S-04,หน้าร้าน,P-102,1,28.00,5.60,22.40,1.47,0.00,0.00
O-009166,2025-12-13,S-02,หน้าร้าน,P-101,5,175.00,8.75,166.25,10.88,0.00,0.00
O-009167,2025-12-14,S-03,หน้าร้าน,P-102,2,56.00,0.00,56.00,3.66,0.00,0.00
O-009168,2025-12-14,S-01,หน้าร้าน,P-302,1,3890.00,194.50,3695.50,241.76,0.00,0.00
O-009169,2025-12-14,S-02,หน้าร้าน,P-201,5,475.00,0.00,475.00,31.07,0.00,0.00
O-009170,2025-12-14,S-04,หน้าร้าน,P-102,1,28.00,2.80,25.20,1.65,0.00,0.00
O-009171,2025-12-14,S-05,หน้าร้าน,P-103,1,45.00,4.50,40.50,2.65,0.00,0.00
O-009172,2025-12-14,S-01,หน้าร้าน,P-102,2,56.00,0.00,56.00,3.66,0.00,0.00
O-009173,2025-12-14,S-06,หน้าร้าน,P-201,2,190.00,38.00,152.00,9.94,0.00,0.00
O-009174,2025-12-14,S-05,หน้าร้าน,P-201,3,285.00,28.50,256.50,16.78,0.00,0.00
O-009175,2025-12-14,S-05,หน้าร้าน,P-302,1,3890.00,0.00,3890.00,254.49,0.00,0.00
O-009176,2025-12-14,S-90,ออนไลน์,P-301,1,2450.00,122.50,2327.50,152.27,80.00,0.00
O-009177,2025-12-14,S-04,หน้าร้าน,P-202,1,120.00,0.00,120.00,7.85,0.00,0.00
O-009178,2025-12-14,S-03,หน้าร้าน,P-103,1,45.00,0.00,45.00,2.94,0.00,0.00
O-009179,2025-12-14,S-01,หน้าร้าน,P-203,1,75.00,15.00,60.00,3.93,0.00,0.00
O-009180,2025-12-14,S-05,หน้าร้าน,P-102,1,28.00,5.60,22.40,1.47,0.00,0.00
O-009181,2025-12-14,S-04,หน้าร้าน,P-101,1,35.00,3.50,31.50,2.06,0.00,0.00
O-009182,2025-12-14,S-02,หน้าร้าน,P-103,1,45.00,2.25,42.75,2.80,0.00,0.00
O-009183,2025-12-14,S-02,หน้าร้าน,P-102,1,28.00,5.60,22.40,1.47,0.00,0.00
O-009184,2025-12-14,S-06,หน้าร้าน,P-201,3,285.00,14.25,270.75,17.71,0.00,0.00
O-009185,2025-12-14,S-06,หน้าร้าน,P-102,1,28.00,0.00,28.00,1.83,0.00,0.00
O-009186,2025-12-14,S-01,หน้าร้าน,P-202,3,360.00,72.00,288.00,18.84,0.00,0.00
O-009187,2025-12-14,S-05,หน้าร้าน,P-203,1,75.00,0.00,75.00,4.91,0.00,0.00
O-009188,2025-12-14,S-01,หน้าร้าน,P-102,1,28.00,1.40,26.60,1.74,0.00,0.00
O-009189,2025-12-14,S-01,หน้าร้าน,P-101,1,35.00,3.50,31.50,2.06,0.00,0.00
O-009190,2025-12-14,S-04,หน้าร้าน,P-202,2,240.00,24.00,216.00,14.13,0.00,0.00
O-009191,2025-12-15,S-05,หน้าร้าน,P-202,3,360.00,72.00,288.00,18.84,0.00,0.00
O-009192,2025-12-15,S-02,หน้าร้าน,P-201,1,95.00,0.00,95.00,6.21,0.00,0.00
O-009193,2025-12-15,S-04,หน้าร้าน,P-203,3,225.00,45.00,180.00,11.78,0.00,0.00
O-009194,2025-12-15,S-01,หน้าร้าน,P-202,2,240.00,0.00,240.00,15.70,0.00,0.00
O-009195,2025-12-15,S-02,หน้าร้าน,P-301,2,4900.00,0.00,4900.00,320.56,0.00,0.00
O-009196,2025-12-15,S-03,หน้าร้าน,P-202,1,120.00,6.00,114.00,7.46,0.00,0.00
O-009197,2025-12-15,S-01,หน้าร้าน,P-203,1,75.00,15.00,60.00,3.93,0.00,0.00
O-009198,2025-12-15,S-06,หน้าร้าน,P-101,1,35.00,0.00,35.00,2.29,0.00,0.00
O-009199,2025-12-15,S-90,ออนไลน์,P-101,5,175.00,17.50,157.50,10.30,35.00,0.00
O-009200,2025-12-15,S-01,หน้าร้าน,P-102,5,140.00,14.00,126.00,8.24,0.00,0.00
O-009201,2025-12-15,S-02,หน้าร้าน,P-301,1,2450.00,490.00,1960.00,128.22,0.00,0.00
O-009202,2025-12-15,S-01,หน้าร้าน,P-201,2,190.00,9.50,180.50,11.81,0.00,0.00
O-009203,2025-12-15,S-02,หน้าร้าน,P-203,2,150.00,7.50,142.50,9.32,0.00,0.00
O-009204,2025-12-15,S-03,หน้าร้าน,P-202,1,120.00,6.00,114.00,7.46,0.00,0.00
O-009205,2025-12-15,S-02,หน้าร้าน,P-203,1,75.00,7.50,67.50,4.42,0.00,0.00
O-009206,2025-12-15,S-06,หน้าร้าน,P-302,1,3890.00,389.00,3501.00,229.04,0.00,0.00
O-009207,2025-12-15,S-03,หน้าร้าน,P-101,1,35.00,3.50,31.50,2.06,0.00,0.00
O-009208,2025-12-15,S-90,ออนไลน์,P-302,2,7780.00,778.00,7002.00,458.07,0.00,0.00
O-009209,2025-12-15,S-05,หน้าร้าน,P-201,1,95.00,0.00,95.00,6.21,0.00,0.00
O-009210,2025-12-16,S-90,ออนไลน์,P-102,1,28.00,1.40,26.60,1.74,0.00,0.00
O-009211,2025-12-16,S-90,ออนไลน์,P-203,1,75.00,3.75,71.25,4.66,0.00,0.00
O-009212,2025-12-16,S-02,หน้าร้าน,P-102,1,28.00,5.60,22.40,1.47,0.00,0.00
O-009213,2025-12-16,S-05,หน้าร้าน,P-201,2,190.00,38.00,152.00,9.94,0.00,0.00
O-009214,2025-12-16,S-06,หน้าร้าน,P-302,2,7780.00,1556.00,6224.00,407.18,0.00,0.00
O-009215,2025-12-16,S-05,หน้าร้าน,P-203,1,75.00,3.75,71.25,4.66,0.00,0.00
O-009216,2025-12-16,S-03,หน้าร้าน,P-202,2,240.00,0.00,240.00,15.70,0.00,0.00
O-009217,2025-12-16,S-05,หน้าร้าน,P-201,2,190.00,38.00,152.00,9.94,0.00,0.00
O-009218,2025-12-16,S-01,หน้าร้าน,P-302,2,7780.00,1556.00,6224.00,407.18,0.00,0.00
O-009219,2025-12-16,S-01,หน้าร้าน,P-301,1,2450.00,122.50,2327.50,152.27,0.00,0.00
O-009220,2025-12-16,S-04,หน้าร้าน,P-301,1,2450.00,0.00,2450.00,160.28,0.00,0.00
O-009221,2025-12-16,S-01,หน้าร้าน,P-103,1,45.00,4.50,40.50,2.65,0.00,0.00
O-009222,2025-12-16,S-01,หน้าร้าน,P-103,1,45.00,0.00,45.00,2.94,0.00,0.00
O-009223,2025-12-16,S-03,หน้าร้าน,P-201,1,95.00,0.00,95.00,6.21,0.00,0.00
O-009224,2025-12-16,S-06,หน้าร้าน,P-301,1,2450.00,0.00,2450.00,160.28,0.00,0.00
O-009225,2025-12-16,S-90,ออนไลน์,P-103,2,90.00,0.00,90.00,5.89,0.00,0.00
O-009226,2025-12-16,S-04,หน้าร้าน,P-302,2,7780.00,778.00,7002.00,458.07,0.00,0.00
O-009227,2025-12-16,S-03,หน้าร้าน,P-103,2,90.00,0.00,90.00,5.89,0.00,0.00
O-009228,2025-12-16,S-06,หน้าร้าน,P-103,2,90.00,4.50,85.50,5.59,0.00,0.00
O-009229,2025-12-16,S-03,หน้าร้าน,P-103,2,90.00,0.00,90.00,5.89,0.00,0.00
O-009230,2025-12-16,S-01,หน้าร้าน,P-102,1,28.00,0.00,28.00,1.83,0.00,0.00
O-009231,2025-12-16,S-01,หน้าร้าน,P-201,2,190.00,38.00,152.00,9.94,0.00,0.00
O-009232,2025-12-16,S-06,หน้าร้าน,P-302,1,3890.00,389.00,3501.00,229.04,0.00,0.00
O-009233,2025-12-17,S-01,หน้าร้าน,P-301,3,7350.00,0.00,7350.00,480.84,0.00,0.00
O-009234,2025-12-17,S-06,หน้าร้าน,P-302,1,3890.00,0.00,3890.00,254.49,0.00,0.00
O-009235,2025-12-17,S-90,ออนไลน์,P-201,1,95.00,0.00,95.00,6.21,0.00,0.00
O-009236,2025-12-17,S-03,หน้าร้าน,P-103,1,45.00,0.00,45.00,2.94,0.00,0.00
O-009237,2025-12-17,S-06,หน้าร้าน,P-102,5,140.00,0.00,140.00,9.16,0.00,0.00
O-009238,2025-12-17,S-03,หน้าร้าน,P-302,1,3890.00,0.00,3890.00,254.49,0.00,0.00
O-009239,2025-12-17,S-06,หน้าร้าน,P-203,1,75.00,7.50,67.50,4.42,0.00,0.00
O-009240,2025-12-17,S-06,หน้าร้าน,P-103,1,45.00,0.00,45.00,2.94,0.00,0.00
O-009241,2025-12-17,S-04,หน้าร้าน,P-302,1,3890.00,0.00,3890.00,254.49,0.00,0.00
O-009242,2025-12-17,S-90,ออนไลน์,P-202,1,120.00,12.00,108.00,7.07,80.00,0.00
O-009243,2025-12-17,S-90,ออนไลน์,P-301,3,7350.00,367.50,6982.50,456.80,0.00,0.00
O-009244,2025-12-17,S-02,หน้าร้าน,P-301,5,12250.00,0.00,12250.00,801.40,0.00,0.00
O-009245,2025-12-17,S-02,หน้าร้าน,P-202,1,120.00,6.00,114.00,7.46,0.00,0.00
O-009246,2025-12-17,S-06,หน้าร้าน,P-101,3,105.00,5.25,99.75,6.53,0.00,0.00
O-009247,2025-12-17,S-05,หน้าร้าน,P-301,1,2450.00,0.00,2450.00,160.28,0.00,2450.00
O-009248,2025-12-17,S-04,หน้าร้าน,P-203,5,375.00,18.75,356.25,23.31,0.00,0.00
O-009249,2025-12-17,S-90,ออนไลน์,P-201,1,95.00,9.50,85.50,5.59,80.00,0.00
O-009250,2025-12-17,S-02,หน้าร้าน,P-202,1,120.00,24.00,96.00,6.28,0.00,0.00
O-009251,2025-12-17,S-90,ออนไลน์,P-101,2,70.00,0.00,70.00,4.58,0.00,0.00
O-009252,2025-12-17,S-90,ออนไลน์,P-202,2,240.00,12.00,228.00,14.92,35.00,0.00
O-009253,2025-12-17,S-01,หน้าร้าน,P-301,3,7350.00,0.00,7350.00,480.84,0.00,0.00
O-009254,2025-12-17,S-04,หน้าร้าน,P-202,1,120.00,24.00,96.00,6.28,0.00,0.00
O-009255,2025-12-17,S-05,หน้าร้าน,P-202,2,240.00,48.00,192.00,12.56,0.00,0.00
O-009256,2025-12-17,S-02,หน้าร้าน,P-103,1,45.00,2.25,42.75,2.80,0.00,0.00
O-009257,2025-12-18,S-02,หน้าร้าน,P-301,1,2450.00,490.00,1960.00,128.22,0.00,0.00
O-009258,2025-12-18,S-04,หน้าร้าน,P-202,3,360.00,72.00,288.00,18.84,0.00,0.00
O-009259,2025-12-18,S-05,หน้าร้าน,P-203,1,75.00,0.00,75.00,4.91,0.00,0.00
O-009260,2025-12-18,S-05,หน้าร้าน,P-101,5,175.00,35.00,140.00,9.16,0.00,0.00
O-009261,2025-12-18,S-03,หน้าร้าน,P-101,1,35.00,0.00,35.00,2.29,0.00,0.00
O-009262,2025-12-18,S-01,หน้าร้าน,P-302,5,19450.00,972.50,18477.50,1208.81,0.00,0.00
O-009263,2025-12-18,S-90,ออนไลน์,P-101,1,35.00,0.00,35.00,2.29,0.00,0.00
O-009264,2025-12-18,S-06,หน้าร้าน,P-201,1,95.00,9.50,85.50,5.59,0.00,0.00
O-009265,2025-12-18,S-02,หน้าร้าน,P-202,1,120.00,0.00,120.00,7.85,0.00,0.00
O-009266,2025-12-18,S-06,หน้าร้าน,P-201,1,95.00,0.00,95.00,6.21,0.00,0.00
O-009267,2025-12-18,S-01,หน้าร้าน,P-302,1,3890.00,194.50,3695.50,241.76,0.00,0.00
O-009268,2025-12-18,S-01,หน้าร้าน,P-203,1,75.00,15.00,60.00,3.93,0.00,0.00
O-009269,2025-12-18,S-02,หน้าร้าน,P-101,1,35.00,0.00,35.00,2.29,0.00,0.00
O-009270,2025-12-18,S-05,หน้าร้าน,P-101,1,35.00,0.00,35.00,2.29,0.00,0.00
O-009271,2025-12-18,S-04,หน้าร้าน,P-302,1,3890.00,778.00,3112.00,203.59,0.00,0.00
O-009272,2025-12-18,S-05,หน้าร้าน,P-202,2,240.00,0.00,240.00,15.70,0.00,0.00
O-009273,2025-12-18,S-05,หน้าร้าน,P-102,3,84.00,8.40,75.60,4.95,0.00,0.00
O-009274,2025-12-18,S-04,หน้าร้าน,P-301,3,7350.00,0.00,7350.00,480.84,0.00,0.00
O-009275,2025-12-18,S-02,หน้าร้าน,P-301,1,2450.00,245.00,2205.00,144.25,0.00,0.00
O-009276,2025-12-18,S-02,หน้าร้าน,P-101,2,70.00,0.00,70.00,4.58,0.00,0.00
O-009277,2025-12-18,S-90,ออนไลน์,P-101,1,35.00,3.50,31.50,2.06,0.00,0.00
O-009278,2025-12-18,S-02,หน้าร้าน,P-202,1,120.00,0.00,120.00,7.85,0.00,0.00
O-009279,2025-12-18,S-90,ออนไลน์,P-103,1,45.00,0.00,45.00,2.94,50.00,0.00
O-009280,2025-12-18,S-03,หน้าร้าน,P-101,1,35.00,0.00,35.00,2.29,0.00,0.00
O-009281,2025-12-18,S-03,หน้าร้าน,P-101,5,175.00,8.75,166.25,10.88,0.00,0.00
O-009282,2025-12-18,S-90,ออนไลน์,P-102,1,28.00,0.00,28.00,1.83,0.00,0.00
O-009283,2025-12-19,S-01,หน้าร้าน,P-102,1,28.00,0.00,28.00,1.83,0.00,0.00
O-009284,2025-12-19,S-02,หน้าร้าน,P-201,1,95.00,4.75,90.25,5.90,0.00,0.00
O-009285,2025-12-19,S-06,หน้าร้าน,P-203,5,375.00,18.75,356.25,23.31,0.00,0.00
O-009286,2025-12-19,S-06,หน้าร้าน,P-202,1,120.00,12.00,108.00,7.07,0.00,0.00
O-009287,2025-12-19,S-02,หน้าร้าน,P-203,1,75.00,0.00,75.00,4.91,0.00,0.00
O-009288,2025-12-19,S-90,ออนไลน์,P-102,1,28.00,1.40,26.60,1.74,50.00,0.00
O-009289,2025-12-19,S-01,หน้าร้าน,P-302,2,7780.00,0.00,7780.00,508.97,0.00,0.00
O-009290,2025-12-19,S-02,หน้าร้าน,P-101,5,175.00,8.75,166.25,10.88,0.00,0.00
O-009291,2025-12-19,S-01,หน้าร้าน,P-102,1,28.00,0.00,28.00,1.83,0.00,0.00
O-009292,2025-12-19,S-04,หน้าร้าน,P-101,1,35.00,3.50,31.50,2.06,0.00,0.00
O-009293,2025-12-19,S-05,หน้าร้าน,P-101,1,35.00,0.00,35.00,2.29,0.00,0.00
O-009294,2025-12-19,S-90,ออนไลน์,P-102,2,56.00,2.80,53.20,3.48,35.00,0.00
O-009295,2025-12-19,S-05,หน้าร้าน,P-102,5,140.00,0.00,140.00,9.16,0.00,0.00
O-009296,2025-12-19,S-02,หน้าร้าน,P-101,2,70.00,0.00,70.00,4.58,0.00,0.00
O-009297,2025-12-19,S-06,หน้าร้าน,P-102,2,56.00,5.60,50.40,3.30,0.00,0.00
O-009298,2025-12-19,S-03,หน้าร้าน,P-103,1,45.00,4.50,40.50,2.65,0.00,0.00
O-009299,2025-12-19,S-03,หน้าร้าน,P-102,2,56.00,0.00,56.00,3.66,0.00,0.00
O-009300,2025-12-19,S-01,หน้าร้าน,P-301,5,12250.00,0.00,12250.00,801.40,0.00,0.00
O-009301,2025-12-19,S-03,หน้าร้าน,P-102,2,56.00,0.00,56.00,3.66,0.00,0.00
O-009302,2025-12-19,S-02,หน้าร้าน,P-201,1,95.00,0.00,95.00,6.21,0.00,0.00
O-009303,2025-12-19,S-05,หน้าร้าน,P-201,2,190.00,0.00,190.00,12.43,0.00,0.00
O-009304,2025-12-20,S-03,หน้าร้าน,P-202,1,120.00,24.00,96.00,6.28,0.00,0.00
O-009305,2025-12-20,S-04,หน้าร้าน,P-102,1,28.00,1.40,26.60,1.74,0.00,0.00
O-009306,2025-12-20,S-02,หน้าร้าน,P-102,2,56.00,5.60,50.40,3.30,0.00,0.00
O-009307,2025-12-20,S-03,หน้าร้าน,P-301,1,2450.00,0.00,2450.00,160.28,0.00,0.00
O-009308,2025-12-20,S-02,หน้าร้าน,P-201,1,95.00,19.00,76.00,4.97,0.00,0.00
O-009309,2025-12-20,S-01,หน้าร้าน,P-103,1,45.00,4.50,40.50,2.65,0.00,0.00
O-009310,2025-12-20,S-05,หน้าร้าน,P-302,1,3890.00,194.50,3695.50,241.76,0.00,0.00
O-009311,2025-12-20,S-90,ออนไลน์,P-101,3,105.00,5.25,99.75,6.53,35.00,0.00
O-009312,2025-12-20,S-90,ออนไลน์,P-301,1,2450.00,245.00,2205.00,144.25,50.00,0.00
O-009313,2025-12-20,S-02,หน้าร้าน,P-103,2,90.00,0.00,90.00,5.89,0.00,0.00
O-009314,2025-12-20,S-05,หน้าร้าน,P-102,2,56.00,5.60,50.40,3.30,0.00,0.00
O-009315,2025-12-20,S-02,หน้าร้าน,P-101,1,35.00,7.00,28.00,1.83,0.00,0.00
O-009316,2025-12-20,S-03,หน้าร้าน,P-201,2,190.00,9.50,180.50,11.81,0.00,0.00
O-009317,2025-12-20,S-04,หน้าร้าน,P-302,1,3890.00,0.00,3890.00,254.49,0.00,0.00
O-009318,2025-12-20,S-01,หน้าร้าน,P-103,5,225.00,22.50,202.50,13.25,0.00,0.00
O-009319,2025-12-20,S-05,หน้าร้าน,P-101,1,35.00,1.75,33.25,2.18,0.00,0.00
O-009320,2025-12-20,S-04,หน้าร้าน,P-103,3,135.00,6.75,128.25,8.39,0.00,0.00
O-009321,2025-12-20,S-05,หน้าร้าน,P-202,5,600.00,120.00,480.00,31.40,0.00,0.00
O-009322,2025-12-20,S-01,หน้าร้าน,P-102,2,56.00,0.00,56.00,3.66,0.00,0.00
O-009323,2025-12-20,S-90,ออนไลน์,P-202,1,120.00,0.00,120.00,7.85,0.00,0.00
O-009324,2025-12-20,S-03,หน้าร้าน,P-302,1,3890.00,194.50,3695.50,241.76,0.00,0.00
O-009325,2025-12-20,S-90,ออนไลน์,P-203,2,150.00,0.00,150.00,9.81,0.00,0.00
O-009326,2025-12-20,S-01,หน้าร้าน,P-202,2,240.00,24.00,216.00,14.13,0.00,0.00
O-009327,2025-12-20,S-04,หน้าร้าน,P-301,1,2450.00,245.00,2205.00,144.25,0.00,0.00
O-009328,2025-12-20,S-02,หน้าร้าน,P-103,1,45.00,2.25,42.75,2.80,0.00,0.00
O-009329,2025-12-20,S-06,หน้าร้าน,P-202,1,120.00,6.00,114.00,7.46,0.00,0.00
O-009330,2025-12-20,S-02,หน้าร้าน,P-201,1,95.00,0.00,95.00,6.21,0.00,0.00
O-009331,2025-12-20,S-05,หน้าร้าน,P-202,1,120.00,6.00,114.00,7.46,0.00,0.00
O-009332,2025-12-20,S-01,หน้าร้าน,P-203,1,75.00,7.50,67.50,4.42,0.00,0.00
O-009333,2025-12-20,S-03,หน้าร้าน,P-301,1,2450.00,245.00,2205.00,144.25,0.00,0.00
O-009334,2025-12-21,S-04,หน้าร้าน,P-103,2,90.00,0.00,90.00,5.89,0.00,0.00
O-009335,2025-12-21,S-05,หน้าร้าน,P-302,1,3890.00,778.00,3112.00,203.59,0.00,0.00
O-009336,2025-12-21,S-06,หน้าร้าน,P-201,1,95.00,0.00,95.00,6.21,0.00,0.00
O-009337,2025-12-21,S-02,หน้าร้าน,P-201,1,95.00,0.00,95.00,6.21,0.00,0.00
O-009338,2025-12-21,S-03,หน้าร้าน,P-102,2,56.00,0.00,56.00,3.66,0.00,0.00
O-009339,2025-12-21,S-04,หน้าร้าน,P-202,2,240.00,48.00,192.00,12.56,0.00,0.00
O-009340,2025-12-21,S-90,ออนไลน์,P-201,1,95.00,4.75,90.25,5.90,0.00,0.00
O-009341,2025-12-21,S-05,หน้าร้าน,P-103,2,90.00,9.00,81.00,5.30,0.00,0.00
O-009342,2025-12-21,S-03,หน้าร้าน,P-101,1,35.00,3.50,31.50,2.06,0.00,0.00
O-009343,2025-12-21,S-05,หน้าร้าน,P-101,3,105.00,5.25,99.75,6.53,0.00,0.00
O-009344,2025-12-21,S-03,หน้าร้าน,P-302,1,3890.00,194.50,3695.50,241.76,0.00,0.00
O-009345,2025-12-21,S-90,ออนไลน์,P-102,2,56.00,11.20,44.80,2.93,35.00,0.00
O-009346,2025-12-21,S-06,หน้าร้าน,P-302,3,11670.00,583.50,11086.50,725.29,0.00,0.00
O-009347,2025-12-21,S-06,หน้าร้าน,P-101,2,70.00,14.00,56.00,3.66,0.00,0.00
O-009348,2025-12-21,S-90,ออนไลน์,P-102,1,28.00,5.60,22.40,1.47,0.00,0.00
O-009349,2025-12-21,S-04,หน้าร้าน,P-202,2,240.00,24.00,216.00,14.13,0.00,0.00
O-009350,2025-12-21,S-90,ออนไลน์,P-203,1,75.00,15.00,60.00,3.93,0.00,0.00
O-009351,2025-12-21,S-01,หน้าร้าน,P-102,1,28.00,0.00,28.00,1.83,0.00,0.00
O-009352,2025-12-21,S-02,หน้าร้าน,P-201,1,95.00,9.50,85.50,5.59,0.00,0.00
O-009353,2025-12-21,S-05,หน้าร้าน,P-301,1,2450.00,122.50,2327.50,152.27,0.00,0.00
O-009354,2025-12-21,S-01,หน้าร้าน,P-302,5,19450.00,0.00,19450.00,1272.43,0.00,0.00
O-009355,2025-12-21,S-05,หน้าร้าน,P-201,1,95.00,9.50,85.50,5.59,0.00,0.00
O-009356,2025-12-21,S-04,หน้าร้าน,P-103,5,225.00,0.00,225.00,14.72,0.00,0.00
O-009357,2025-12-21,S-05,หน้าร้าน,P-103,3,135.00,6.75,128.25,8.39,0.00,0.00
O-009358,2025-12-21,S-01,หน้าร้าน,P-302,2,7780.00,0.00,7780.00,508.97,0.00,0.00
O-009359,2025-12-21,S-04,หน้าร้าน,P-302,3,11670.00,583.50,11086.50,725.29,0.00,0.00
O-009360,2025-12-21,S-06,หน้าร้าน,P-301,1,2450.00,490.00,1960.00,128.22,0.00,0.00
O-009361,2025-12-22,S-90,ออนไลน์,P-201,3,285.00,28.50,256.50,16.78,0.00,0.00
O-009362,2025-12-22,S-02,หน้าร้าน,P-301,1,2450.00,122.50,2327.50,152.27,0.00,0.00
O-009363,2025-12-22,S-90,ออนไลน์,P-301,2,4900.00,490.00,4410.00,288.50,0.00,0.00
O-009364,2025-12-22,S-04,หน้าร้าน,P-103,1,45.00,4.50,40.50,2.65,0.00,0.00
O-009365,2025-12-22,S-01,หน้าร้าน,P-302,1,3890.00,0.00,3890.00,254.49,0.00,0.00
O-009366,2025-12-22,S-05,หน้าร้าน,P-202,1,120.00,24.00,96.00,6.28,0.00,0.00
O-009367,2025-12-22,S-90,ออนไลน์,P-202,2,240.00,0.00,240.00,15.70,0.00,0.00
O-009368,2025-12-22,S-01,หน้าร้าน,P-202,1,120.00,6.00,114.00,7.46,0.00,114.00
O-009369,2025-12-22,S-02,หน้าร้าน,P-201,1,95.00,0.00,95.00,6.21,0.00,0.00
O-009370,2025-12-22,S-04,หน้าร้าน,P-302,2,7780.00,0.00,7780.00,508.97,0.00,0.00
O-009371,2025-12-22,S-02,หน้าร้าน,P-102,1,28.00,0.00,28.00,1.83,0.00,0.00
O-009372,2025-12-22,S-02,หน้าร้าน,P-103,1,45.00,9.00,36.00,2.36,0.00,0.00
O-009373,2025-12-22,S-03,หน้าร้าน,P-102,2,56.00,0.00,56.00,3.66,0.00,0.00
O-009374,2025-12-22,S-06,หน้าร้าน,P-302,1,3890.00,0.00,3890.00,254.49,0.00,0.00
O-009375,2025-12-22,S-90,ออนไลน์,P-103,1,45.00,9.00,36.00,2.36,0.00,0.00
O-009376,2025-12-22,S-02,หน้าร้าน,P-201,1,95.00,19.00,76.00,4.97,0.00,0.00
O-009377,2025-12-22,S-04,หน้าร้าน,P-202,2,240.00,48.00,192.00,12.56,0.00,0.00
O-009378,2025-12-22,S-04,หน้าร้าน,P-301,1,2450.00,0.00,2450.00,160.28,0.00,0.00
O-009379,2025-12-22,S-03,หน้าร้าน,P-203,2,150.00,30.00,120.00,7.85,0.00,0.00
O-009380,2025-12-22,S-01,หน้าร้าน,P-102,2,56.00,0.00,56.00,3.66,0.00,0.00
O-009381,2025-12-22,S-01,หน้าร้าน,P-201,1,95.00,19.00,76.00,4.97,0.00,0.00
O-009382,2025-12-23,S-01,หน้าร้าน,P-102,2,56.00,11.20,44.80,2.93,0.00,0.00
O-009383,2025-12-23,S-06,หน้าร้าน,P-102,2,56.00,11.20,44.80,2.93,0.00,0.00
O-009384,2025-12-23,S-04,หน้าร้าน,P-201,1,95.00,4.75,90.25,5.90,0.00,0.00
O-009385,2025-12-23,S-90,ออนไลน์,P-103,3,135.00,13.50,121.50,7.95,0.00,0.00
O-009386,2025-12-23,S-06,หน้าร้าน,P-301,1,2450.00,0.00,2450.00,160.28,0.00,0.00
O-009387,2025-12-23,S-04,หน้าร้าน,P-103,1,45.00,2.25,42.75,2.80,0.00,0.00
O-009388,2025-12-23,S-05,หน้าร้าน,P-301,2,4900.00,0.00,4900.00,320.56,0.00,0.00
O-009389,2025-12-23,S-03,หน้าร้าน,P-301,1,2450.00,0.00,2450.00,160.28,0.00,0.00
O-009390,2025-12-23,S-90,ออนไลน์,P-102,1,28.00,2.80,25.20,1.65,35.00,0.00
O-009391,2025-12-23,S-03,หน้าร้าน,P-101,2,70.00,0.00,70.00,4.58,0.00,0.00
O-009392,2025-12-23,S-01,หน้าร้าน,P-201,1,95.00,0.00,95.00,6.21,0.00,0.00
O-009393,2025-12-23,S-01,หน้าร้าน,P-103,1,45.00,0.00,45.00,2.94,0.00,0.00
O-009394,2025-12-23,S-04,หน้าร้าน,P-101,2,70.00,0.00,70.00,4.58,0.00,0.00
O-009395,2025-12-23,S-03,หน้าร้าน,P-301,1,2450.00,0.00,2450.00,160.28,0.00,0.00
O-009396,2025-12-23,S-02,หน้าร้าน,P-201,1,95.00,9.50,85.50,5.59,0.00,0.00
O-009397,2025-12-23,S-02,หน้าร้าน,P-302,2,7780.00,1556.00,6224.00,407.18,0.00,0.00
O-009398,2025-12-23,S-05,หน้าร้าน,P-302,1,3890.00,0.00,3890.00,254.49,0.00,0.00
O-009399,2025-12-23,S-04,หน้าร้าน,P-102,1,28.00,0.00,28.00,1.83,0.00,0.00
O-009400,2025-12-23,S-06,หน้าร้าน,P-101,1,35.00,1.75,33.25,2.18,0.00,0.00
O-009401,2025-12-23,S-02,หน้าร้าน,P-301,1,2450.00,122.50,2327.50,152.27,0.00,0.00
O-009402,2025-12-23,S-06,หน้าร้าน,P-203,1,75.00,0.00,75.00,4.91,0.00,0.00
O-009403,2025-12-23,S-04,หน้าร้าน,P-102,2,56.00,0.00,56.00,3.66,0.00,0.00
O-009404,2025-12-23,S-04,หน้าร้าน,P-302,1,3890.00,389.00,3501.00,229.04,0.00,0.00
O-009405,2025-12-23,S-02,หน้าร้าน,P-103,1,45.00,4.50,40.50,2.65,0.00,0.00
O-009406,2025-12-23,S-05,หน้าร้าน,P-301,1,2450.00,0.00,2450.00,160.28,0.00,0.00
O-009407,2025-12-23,S-05,หน้าร้าน,P-202,1,120.00,6.00,114.00,7.46,0.00,0.00
O-009408,2025-12-23,S-04,หน้าร้าน,P-201,3,285.00,0.00,285.00,18.64,0.00,0.00
O-009409,2025-12-23,S-05,หน้าร้าน,P-203,1,75.00,0.00,75.00,4.91,0.00,0.00
O-009410,2025-12-23,S-02,หน้าร้าน,P-103,3,135.00,6.75,128.25,8.39,0.00,0.00
O-009411,2025-12-23,S-90,ออนไลน์,P-203,1,75.00,0.00,75.00,4.91,35.00,0.00
O-009412,2025-12-23,S-04,หน้าร้าน,P-101,1,35.00,7.00,28.00,1.83,0.00,0.00
O-009413,2025-12-23,S-02,หน้าร้าน,P-101,2,70.00,0.00,70.00,4.58,0.00,0.00
O-009414,2025-12-23,S-02,หน้าร้าน,P-103,2,90.00,9.00,81.00,5.30,0.00,0.00
O-009415,2025-12-23,S-03,หน้าร้าน,P-202,2,240.00,0.00,240.00,15.70,0.00,0.00
O-009416,2025-12-24,S-90,ออนไลน์,P-302,1,3890.00,0.00,3890.00,254.49,0.00,0.00
O-009417,2025-12-24,S-03,หน้าร้าน,P-201,1,95.00,0.00,95.00,6.21,0.00,0.00
O-009418,2025-12-24,S-01,หน้าร้าน,P-203,1,75.00,0.00,75.00,4.91,0.00,0.00
O-009419,2025-12-24,S-03,หน้าร้าน,P-101,1,35.00,1.75,33.25,2.18,0.00,0.00
O-009420,2025-12-24,S-03,หน้าร้าน,P-201,1,95.00,0.00,95.00,6.21,0.00,0.00
O-009421,2025-12-24,S-01,หน้าร้าน,P-201,2,190.00,9.50,180.50,11.81,0.00,0.00
O-009422,2025-12-24,S-04,หน้าร้าน,P-101,1,35.00,7.00,28.00,1.83,0.00,0.00
O-009423,2025-12-24,S-03,หน้าร้าน,P-103,1,45.00,0.00,45.00,2.94,0.00,0.00
O-009424,2025-12-24,S-01,หน้าร้าน,P-102,1,28.00,0.00,28.00,1.83,0.00,0.00
O-009425,2025-12-24,S-05,หน้าร้าน,P-102,3,84.00,4.20,79.80,5.22,0.00,0.00
O-009426,2025-12-24,S-06,หน้าร้าน,P-201,1,95.00,0.00,95.00,6.21,0.00,0.00
O-009427,2025-12-24,S-06,หน้าร้าน,P-203,1,75.00,15.00,60.00,3.93,0.00,0.00
O-009428,2025-12-24,S-90,ออนไลน์,P-103,1,45.00,2.25,42.75,2.80,35.00,0.00
O-009429,2025-12-24,S-06,หน้าร้าน,P-201,1,95.00,19.00,76.00,4.97,0.00,0.00
O-009430,2025-12-24,S-06,หน้าร้าน,P-203,1,75.00,3.75,71.25,4.66,0.00,0.00
O-009431,2025-12-24,S-05,หน้าร้าน,P-301,1,2450.00,122.50,2327.50,152.27,0.00,0.00
O-009432,2025-12-24,S-05,หน้าร้าน,P-203,1,75.00,0.00,75.00,4.91,0.00,0.00
O-009433,2025-12-24,S-90,ออนไลน์,P-202,1,120.00,24.00,96.00,6.28,35.00,0.00
O-009434,2025-12-24,S-01,หน้าร้าน,P-301,2,4900.00,245.00,4655.00,304.53,0.00,0.00
O-009435,2025-12-24,S-90,ออนไลน์,P-302,3,11670.00,1167.00,10503.00,687.11,0.00,0.00
O-009436,2025-12-24,S-02,หน้าร้าน,P-301,1,2450.00,122.50,2327.50,152.27,0.00,0.00
O-009437,2025-12-24,S-02,หน้าร้าน,P-102,1,28.00,2.80,25.20,1.65,0.00,0.00
O-009438,2025-12-24,S-02,หน้าร้าน,P-203,1,75.00,3.75,71.25,4.66,0.00,0.00
O-009439,2025-12-24,S-05,หน้าร้าน,P-102,2,56.00,11.20,44.80,2.93,0.00,0.00
O-009440,2025-12-24,S-01,หน้าร้าน,P-202,1,120.00,0.00,120.00,7.85,0.00,0.00
O-009441,2025-12-24,S-06,หน้าร้าน,P-203,1,75.00,15.00,60.00,3.93,0.00,0.00
O-009442,2025-12-24,S-04,หน้าร้าน,P-101,2,70.00,7.00,63.00,4.12,0.00,0.00
O-009443,2025-12-24,S-05,หน้าร้าน,P-203,2,150.00,15.00,135.00,8.83,0.00,0.00
O-009444,2025-12-25,S-90,ออนไลน์,P-101,1,35.00,7.00,28.00,1.83,0.00,0.00
O-009445,2025-12-25,S-04,หน้าร้าน,P-302,2,7780.00,778.00,7002.00,458.07,0.00,0.00
O-009446,2025-12-25,S-04,หน้าร้าน,P-101,1,35.00,3.50,31.50,2.06,0.00,0.00
O-009447,2025-12-25,S-06,หน้าร้าน,P-103,1,45.00,0.00,45.00,2.94,0.00,0.00
O-009448,2025-12-25,S-06,หน้าร้าน,P-203,1,75.00,3.75,71.25,4.66,0.00,0.00
O-009449,2025-12-25,S-03,หน้าร้าน,P-302,2,7780.00,778.00,7002.00,458.07,0.00,0.00
O-009450,2025-12-25,S-05,หน้าร้าน,P-103,2,90.00,9.00,81.00,5.30,0.00,0.00
O-009451,2025-12-25,S-04,หน้าร้าน,P-302,1,3890.00,0.00,3890.00,254.49,0.00,0.00
O-009452,2025-12-25,S-90,ออนไลน์,P-103,2,90.00,9.00,81.00,5.30,80.00,0.00
O-009453,2025-12-25,S-90,ออนไลน์,P-202,5,600.00,30.00,570.00,37.29,80.00,0.00
O-009454,2025-12-25,S-06,หน้าร้าน,P-103,2,90.00,9.00,81.00,5.30,0.00,0.00
O-009455,2025-12-25,S-06,หน้าร้าน,P-101,1,35.00,0.00,35.00,2.29,0.00,0.00
O-009456,2025-12-25,S-04,หน้าร้าน,P-102,3,84.00,8.40,75.60,4.95,0.00,0.00
O-009457,2025-12-25,S-90,ออนไลน์,P-202,2,240.00,12.00,228.00,14.92,0.00,0.00
O-009458,2025-12-25,S-04,หน้าร้าน,P-102,1,28.00,0.00,28.00,1.83,0.00,0.00
O-009459,2025-12-25,S-03,หน้าร้าน,P-101,2,70.00,0.00,70.00,4.58,0.00,0.00
O-009460,2025-12-25,S-05,หน้าร้าน,P-102,3,84.00,0.00,84.00,5.50,0.00,0.00
O-009461,2025-12-25,S-05,หน้าร้าน,P-103,1,45.00,0.00,45.00,2.94,0.00,0.00
O-009462,2025-12-25,S-06,หน้าร้าน,P-202,1,120.00,24.00,96.00,6.28,0.00,0.00
O-009463,2025-12-26,S-01,หน้าร้าน,P-103,1,45.00,4.50,40.50,2.65,0.00,0.00
O-009464,2025-12-26,S-05,หน้าร้าน,P-203,1,75.00,0.00,75.00,4.91,0.00,0.00
O-009465,2025-12-26,S-01,หน้าร้าน,P-201,1,95.00,9.50,85.50,5.59,0.00,0.00
O-009466,2025-12-26,S-04,หน้าร้าน,P-301,2,4900.00,0.00,4900.00,320.56,0.00,0.00
O-009467,2025-12-26,S-04,หน้าร้าน,P-203,2,150.00,15.00,135.00,8.83,0.00,0.00
O-009468,2025-12-26,S-05,หน้าร้าน,P-101,2,70.00,3.50,66.50,4.35,0.00,0.00
O-009469,2025-12-26,S-04,หน้าร้าน,P-102,1,28.00,2.80,25.20,1.65,0.00,0.00
O-009470,2025-12-26,S-04,หน้าร้าน,P-203,3,225.00,22.50,202.50,13.25,0.00,0.00
O-009471,2025-12-26,S-01,หน้าร้าน,P-201,1,95.00,4.75,90.25,5.90,0.00,0.00
O-009472,2025-12-26,S-03,หน้าร้าน,P-103,3,135.00,6.75,128.25,8.39,0.00,0.00
O-009473,2025-12-26,S-04,หน้าร้าน,P-302,1,3890.00,0.00,3890.00,254.49,0.00,0.00
O-009474,2025-12-26,S-06,หน้าร้าน,P-101,1,35.00,1.75,33.25,2.18,0.00,0.00
O-009475,2025-12-26,S-04,หน้าร้าน,P-202,3,360.00,18.00,342.00,22.37,0.00,0.00
O-009476,2025-12-26,S-03,หน้าร้าน,P-102,1,28.00,1.40,26.60,1.74,0.00,0.00
O-009477,2025-12-26,S-03,หน้าร้าน,P-101,3,105.00,21.00,84.00,5.50,0.00,0.00
O-009478,2025-12-26,S-06,หน้าร้าน,P-202,1,120.00,12.00,108.00,7.07,0.00,0.00
O-009479,2025-12-26,S-90,ออนไลน์,P-203,1,75.00,0.00,75.00,4.91,35.00,0.00
O-009480,2025-12-26,S-02,หน้าร้าน,P-102,1,28.00,0.00,28.00,1.83,0.00,0.00
O-009481,2025-12-26,S-90,ออนไลน์,P-103,1,45.00,4.50,40.50,2.65,50.00,0.00
O-009482,2025-12-26,S-01,หน้าร้าน,P-201,3,285.00,57.00,228.00,14.92,0.00,0.00
O-009483,2025-12-26,S-03,หน้าร้าน,P-103,1,45.00,2.25,42.75,2.80,0.00,0.00
O-009484,2025-12-26,S-05,หน้าร้าน,P-302,1,3890.00,194.50,3695.50,241.76,0.00,0.00
O-009485,2025-12-26,S-04,หน้าร้าน,P-101,2,70.00,0.00,70.00,4.58,0.00,0.00
O-009486,2025-12-26,S-02,หน้าร้าน,P-202,1,120.00,24.00,96.00,6.28,0.00,0.00
O-009487,2025-12-26,S-04,หน้าร้าน,P-302,1,3890.00,778.00,3112.00,203.59,0.00,0.00
O-009488,2025-12-26,S-05,หน้าร้าน,P-103,2,90.00,0.00,90.00,5.89,0.00,0.00
O-009489,2025-12-26,S-01,หน้าร้าน,P-202,1,120.00,12.00,108.00,7.07,0.00,0.00
O-009490,2025-12-26,S-02,หน้าร้าน,P-102,2,56.00,5.60,50.40,3.30,0.00,0.00
O-009491,2025-12-26,S-04,หน้าร้าน,P-301,1,2450.00,122.50,2327.50,152.27,0.00,0.00
O-009492,2025-12-26,S-90,ออนไลน์,P-301,2,4900.00,490.00,4410.00,288.50,80.00,0.00
O-009493,2025-12-26,S-03,หน้าร้าน,P-201,2,190.00,9.50,180.50,11.81,0.00,0.00
O-009494,2025-12-26,S-90,ออนไลน์,P-301,1,2450.00,490.00,1960.00,128.22,35.00,0.00
O-009495,2025-12-27,S-01,หน้าร้าน,P-103,2,90.00,4.50,85.50,5.59,0.00,0.00
O-009496,2025-12-27,S-01,หน้าร้าน,P-201,1,95.00,19.00,76.00,4.97,0.00,0.00
O-009497,2025-12-27,S-01,หน้าร้าน,P-102,2,56.00,5.60,50.40,3.30,0.00,0.00
O-009498,2025-12-27,S-90,ออนไลน์,P-301,1,2450.00,245.00,2205.00,144.25,0.00,0.00
O-009499,2025-12-27,S-05,หน้าร้าน,P-201,1,95.00,19.00,76.00,4.97,0.00,0.00
O-009500,2025-12-27,S-06,หน้าร้าน,P-302,1,3890.00,778.00,3112.00,203.59,0.00,0.00
O-009501,2025-12-27,S-02,หน้าร้าน,P-201,1,95.00,19.00,76.00,4.97,0.00,0.00
O-009502,2025-12-27,S-01,หน้าร้าน,P-201,2,190.00,9.50,180.50,11.81,0.00,0.00
O-009503,2025-12-27,S-01,หน้าร้าน,P-203,1,75.00,15.00,60.00,3.93,0.00,0.00
O-009504,2025-12-27,S-04,หน้าร้าน,P-101,1,35.00,1.75,33.25,2.18,0.00,0.00
O-009505,2025-12-27,S-02,หน้าร้าน,P-202,1,120.00,6.00,114.00,7.46,0.00,0.00
O-009506,2025-12-27,S-06,หน้าร้าน,P-203,1,75.00,0.00,75.00,4.91,0.00,0.00
O-009507,2025-12-27,S-02,หน้าร้าน,P-103,1,45.00,9.00,36.00,2.36,0.00,0.00
O-009508,2025-12-27,S-04,หน้าร้าน,P-103,1,45.00,2.25,42.75,2.80,0.00,0.00
O-009509,2025-12-27,S-05,หน้าร้าน,P-103,2,90.00,0.00,90.00,5.89,0.00,0.00
O-009510,2025-12-27,S-03,หน้าร้าน,P-102,2,56.00,11.20,44.80,2.93,0.00,0.00
O-009511,2025-12-27,S-06,หน้าร้าน,P-101,3,105.00,5.25,99.75,6.53,0.00,0.00
O-009512,2025-12-27,S-03,หน้าร้าน,P-101,1,35.00,0.00,35.00,2.29,0.00,0.00
O-009513,2025-12-27,S-01,หน้าร้าน,P-103,1,45.00,2.25,42.75,2.80,0.00,0.00
O-009514,2025-12-27,S-04,หน้าร้าน,P-102,1,28.00,2.80,25.20,1.65,0.00,0.00
O-009515,2025-12-27,S-02,หน้าร้าน,P-301,5,12250.00,612.50,11637.50,761.33,0.00,0.00
O-009516,2025-12-27,S-02,หน้าร้าน,P-201,3,285.00,57.00,228.00,14.92,0.00,0.00
O-009517,2025-12-27,S-05,หน้าร้าน,P-102,3,84.00,4.20,79.80,5.22,0.00,0.00
O-009518,2025-12-27,S-04,หน้าร้าน,P-202,1,120.00,24.00,96.00,6.28,0.00,0.00
O-009519,2025-12-27,S-90,ออนไลน์,P-103,2,90.00,4.50,85.50,5.59,50.00,0.00
O-009520,2025-12-27,S-04,หน้าร้าน,P-201,1,95.00,0.00,95.00,6.21,0.00,0.00
O-009521,2025-12-27,S-90,ออนไลน์,P-302,1,3890.00,389.00,3501.00,229.04,80.00,0.00
O-009522,2025-12-27,S-04,หน้าร้าน,P-101,2,70.00,3.50,66.50,4.35,0.00,0.00
O-009523,2025-12-27,S-05,หน้าร้าน,P-202,3,360.00,36.00,324.00,21.20,0.00,0.00
O-009524,2025-12-27,S-06,หน้าร้าน,P-103,1,45.00,0.00,45.00,2.94,0.00,0.00
O-009525,2025-12-27,S-90,ออนไลน์,P-302,1,3890.00,0.00,3890.00,254.49,50.00,0.00
O-009526,2025-12-27,S-05,หน้าร้าน,P-202,2,240.00,24.00,216.00,14.13,0.00,0.00
O-009527,2025-12-28,S-01,หน้าร้าน,P-203,1,75.00,3.75,71.25,4.66,0.00,0.00
O-009528,2025-12-28,S-90,ออนไลน์,P-203,2,150.00,0.00,150.00,9.81,50.00,0.00
O-009529,2025-12-28,S-03,หน้าร้าน,P-102,1,28.00,5.60,22.40,1.47,0.00,0.00
O-009530,2025-12-28,S-06,หน้าร้าน,P-301,3,7350.00,0.00,7350.00,480.84,0.00,0.00
O-009531,2025-12-28,S-02,หน้าร้าน,P-102,1,28.00,2.80,25.20,1.65,0.00,0.00
O-009532,2025-12-28,S-05,หน้าร้าน,P-101,1,35.00,3.50,31.50,2.06,0.00,0.00
O-009533,2025-12-28,S-90,ออนไลน์,P-101,3,105.00,21.00,84.00,5.50,0.00,0.00
O-009534,2025-12-28,S-06,หน้าร้าน,P-202,2,240.00,0.00,240.00,15.70,0.00,0.00
O-009535,2025-12-28,S-06,หน้าร้าน,P-201,2,190.00,0.00,190.00,12.43,0.00,0.00
O-009536,2025-12-28,S-02,หน้าร้าน,P-103,1,45.00,9.00,36.00,2.36,0.00,0.00
O-009537,2025-12-28,S-03,หน้าร้าน,P-203,1,75.00,0.00,75.00,4.91,0.00,0.00
O-009538,2025-12-28,S-01,หน้าร้าน,P-103,1,45.00,9.00,36.00,2.36,0.00,0.00
O-009539,2025-12-28,S-02,หน้าร้าน,P-301,1,2450.00,0.00,2450.00,160.28,0.00,0.00
O-009540,2025-12-28,S-04,หน้าร้าน,P-101,1,35.00,1.75,33.25,2.18,0.00,0.00
O-009541,2025-12-28,S-06,หน้าร้าน,P-302,2,7780.00,778.00,7002.00,458.07,0.00,0.00
O-009542,2025-12-28,S-05,หน้าร้าน,P-103,1,45.00,0.00,45.00,2.94,0.00,0.00
O-009543,2025-12-28,S-03,หน้าร้าน,P-203,2,150.00,15.00,135.00,8.83,0.00,0.00
O-009544,2025-12-28,S-04,หน้าร้าน,P-302,1,3890.00,0.00,3890.00,254.49,0.00,0.00
O-009545,2025-12-28,S-90,ออนไลน์,P-301,1,2450.00,245.00,2205.00,144.25,50.00,0.00
O-009546,2025-12-29,S-05,หน้าร้าน,P-102,2,56.00,11.20,44.80,2.93,0.00,0.00
O-009547,2025-12-29,S-01,หน้าร้าน,P-203,3,225.00,11.25,213.75,13.98,0.00,0.00
O-009548,2025-12-29,S-01,หน้าร้าน,P-302,1,3890.00,194.50,3695.50,241.76,0.00,0.00
O-009549,2025-12-29,S-04,หน้าร้าน,P-301,1,2450.00,245.00,2205.00,144.25,0.00,0.00
O-009550,2025-12-29,S-03,หน้าร้าน,P-301,1,2450.00,245.00,2205.00,144.25,0.00,0.00
O-009551,2025-12-29,S-06,หน้าร้าน,P-301,1,2450.00,0.00,2450.00,160.28,0.00,0.00
O-009552,2025-12-29,S-02,หน้าร้าน,P-102,1,28.00,2.80,25.20,1.65,0.00,0.00
O-009553,2025-12-29,S-01,หน้าร้าน,P-103,1,45.00,0.00,45.00,2.94,0.00,0.00
O-009554,2025-12-29,S-01,หน้าร้าน,P-302,1,3890.00,389.00,3501.00,229.04,0.00,0.00
O-009555,2025-12-29,S-03,หน้าร้าน,P-201,2,190.00,38.00,152.00,9.94,0.00,0.00
O-009556,2025-12-29,S-01,หน้าร้าน,P-103,2,90.00,0.00,90.00,5.89,0.00,0.00
O-009557,2025-12-29,S-06,หน้าร้าน,P-302,1,3890.00,778.00,3112.00,203.59,0.00,0.00
O-009558,2025-12-29,S-90,ออนไลน์,P-301,3,7350.00,1470.00,5880.00,384.67,80.00,0.00
O-009559,2025-12-29,S-06,หน้าร้าน,P-102,1,28.00,1.40,26.60,1.74,0.00,0.00
O-009560,2025-12-29,S-03,หน้าร้าน,P-102,1,28.00,2.80,25.20,1.65,0.00,0.00
O-009561,2025-12-29,S-02,หน้าร้าน,P-101,1,35.00,3.50,31.50,2.06,0.00,0.00
O-009562,2025-12-29,S-90,ออนไลน์,P-103,5,225.00,45.00,180.00,11.78,35.00,0.00
O-009563,2025-12-29,S-03,หน้าร้าน,P-101,2,70.00,14.00,56.00,3.66,0.00,0.00
O-009564,2025-12-29,S-04,หน้าร้าน,P-101,1,35.00,7.00,28.00,1.83,0.00,0.00
O-009565,2025-12-29,S-03,หน้าร้าน,P-302,1,3890.00,0.00,3890.00,254.49,0.00,0.00
O-009566,2025-12-29,S-04,หน้าร้าน,P-102,1,28.00,0.00,28.00,1.83,0.00,0.00
O-009567,2025-12-29,S-02,หน้าร้าน,P-302,5,19450.00,3890.00,15560.00,1017.94,0.00,0.00
O-009568,2025-12-29,S-02,หน้าร้าน,P-301,1,2450.00,0.00,2450.00,160.28,0.00,0.00
O-009569,2025-12-29,S-02,หน้าร้าน,P-101,1,35.00,7.00,28.00,1.83,0.00,0.00
O-009570,2025-12-29,S-05,หน้าร้าน,P-302,5,19450.00,1945.00,17505.00,1145.19,0.00,0.00
O-009571,2025-12-29,S-04,หน้าร้าน,P-201,1,95.00,0.00,95.00,6.21,0.00,0.00
O-009572,2025-12-29,S-06,หน้าร้าน,P-201,2,190.00,19.00,171.00,11.19,0.00,0.00
O-009573,2025-12-29,S-03,หน้าร้าน,P-202,5,600.00,0.00,600.00,39.25,0.00,0.00
O-009574,2025-12-29,S-04,หน้าร้าน,P-103,1,45.00,9.00,36.00,2.36,0.00,0.00
O-009575,2025-12-29,S-90,ออนไลน์,P-103,1,45.00,0.00,45.00,2.94,50.00,0.00
O-009576,2025-12-29,S-90,ออนไลน์,P-203,1,75.00,15.00,60.00,3.93,0.00,0.00
O-009577,2025-12-30,S-03,หน้าร้าน,P-103,5,225.00,22.50,202.50,13.25,0.00,0.00
O-009578,2025-12-30,S-04,หน้าร้าน,P-203,2,150.00,0.00,150.00,9.81,0.00,0.00
O-009579,2025-12-30,S-05,หน้าร้าน,P-101,1,35.00,0.00,35.00,2.29,0.00,0.00
O-009580,2025-12-30,S-05,หน้าร้าน,P-202,1,120.00,6.00,114.00,7.46,0.00,0.00
O-009581,2025-12-30,S-01,หน้าร้าน,P-202,5,600.00,60.00,540.00,35.33,0.00,0.00
O-009582,2025-12-30,S-06,หน้าร้าน,P-302,3,11670.00,583.50,11086.50,725.29,0.00,0.00
O-009583,2025-12-30,S-05,หน้าร้าน,P-203,2,150.00,7.50,142.50,9.32,0.00,0.00
O-009584,2025-12-30,S-04,หน้าร้าน,P-102,2,56.00,2.80,53.20,3.48,0.00,0.00
O-009585,2025-12-30,S-06,หน้าร้าน,P-301,1,2450.00,245.00,2205.00,144.25,0.00,0.00
O-009586,2025-12-30,S-03,หน้าร้าน,P-202,2,240.00,0.00,240.00,15.70,0.00,0.00
O-009587,2025-12-30,S-90,ออนไลน์,P-203,1,75.00,0.00,75.00,4.91,0.00,0.00
O-009588,2025-12-30,S-01,หน้าร้าน,P-202,2,240.00,24.00,216.00,14.13,0.00,0.00
O-009589,2025-12-30,S-02,หน้าร้าน,P-201,1,95.00,9.50,85.50,5.59,0.00,0.00
O-009590,2025-12-30,S-90,ออนไลน์,P-202,2,240.00,0.00,240.00,15.70,0.00,0.00
O-009591,2025-12-30,S-01,หน้าร้าน,P-201,3,285.00,0.00,285.00,18.64,0.00,0.00
O-009592,2025-12-30,S-05,หน้าร้าน,P-203,2,150.00,30.00,120.00,7.85,0.00,0.00
O-009593,2025-12-30,S-90,ออนไลน์,P-101,1,35.00,0.00,35.00,2.29,80.00,0.00
O-009594,2025-12-30,S-01,หน้าร้าน,P-203,2,150.00,7.50,142.50,9.32,0.00,0.00
O-009595,2025-12-30,S-03,หน้าร้าน,P-201,1,95.00,4.75,90.25,5.90,0.00,0.00
O-009596,2025-12-30,S-02,หน้าร้าน,P-202,1,120.00,24.00,96.00,6.28,0.00,0.00
O-009597,2025-12-30,S-01,หน้าร้าน,P-302,1,3890.00,0.00,3890.00,254.49,0.00,0.00
O-009598,2025-12-30,S-01,หน้าร้าน,P-102,1,28.00,2.80,25.20,1.65,0.00,0.00
O-009599,2025-12-30,S-02,หน้าร้าน,P-301,1,2450.00,245.00,2205.00,144.25,0.00,0.00
O-009600,2025-12-30,S-04,หน้าร้าน,P-101,2,70.00,14.00,56.00,3.66,0.00,0.00
O-009601,2025-12-30,S-90,ออนไลน์,P-102,1,28.00,0.00,28.00,1.83,50.00,0.00
O-009602,2025-12-30,S-04,หน้าร้าน,P-202,5,600.00,60.00,540.00,35.33,0.00,0.00
O-009603,2025-12-30,S-03,หน้าร้าน,P-102,1,28.00,2.80,25.20,1.65,0.00,0.00
O-009604,2025-12-30,S-01,หน้าร้าน,P-103,5,225.00,11.25,213.75,13.98,0.00,0.00
O-009605,2025-12-31,S-90,ออนไลน์,P-202,2,240.00,0.00,240.00,15.70,35.00,0.00
O-009606,2025-12-31,S-02,หน้าร้าน,P-201,2,190.00,0.00,190.00,12.43,0.00,0.00
O-009607,2025-12-31,S-02,หน้าร้าน,P-301,1,2450.00,245.00,2205.00,144.25,0.00,0.00
O-009608,2025-12-31,S-03,หน้าร้าน,P-103,1,45.00,9.00,36.00,2.36,0.00,0.00
O-009609,2025-12-31,S-05,หน้าร้าน,P-102,1,28.00,0.00,28.00,1.83,0.00,0.00
O-009610,2025-12-31,S-01,หน้าร้าน,P-103,2,90.00,18.00,72.00,4.71,0.00,0.00
O-009611,2025-12-31,S-01,หน้าร้าน,P-203,1,75.00,0.00,75.00,4.91,0.00,0.00
O-009612,2025-12-31,S-05,หน้าร้าน,P-302,3,11670.00,0.00,11670.00,763.46,0.00,0.00
O-009613,2025-12-31,S-05,หน้าร้าน,P-202,2,240.00,48.00,192.00,12.56,0.00,0.00
O-009614,2025-12-31,S-90,ออนไลน์,P-201,3,285.00,14.25,270.75,17.71,0.00,0.00
O-009615,2025-12-31,S-06,หน้าร้าน,P-302,1,3890.00,389.00,3501.00,229.04,0.00,0.00
O-009616,2025-12-31,S-01,หน้าร้าน,P-203,2,150.00,30.00,120.00,7.85,0.00,0.00
O-009617,2025-12-31,S-04,หน้าร้าน,P-202,5,600.00,60.00,540.00,35.33,0.00,0.00
O-009618,2025-12-31,S-05,หน้าร้าน,P-202,3,360.00,0.00,360.00,23.55,0.00,0.00
O-009619,2025-12-31,S-05,หน้าร้าน,P-302,2,7780.00,0.00,7780.00,508.97,0.00,0.00
O-009620,2025-12-31,S-02,หน้าร้าน,P-202,1,120.00,0.00,120.00,7.85,0.00,0.00
O-009621,2025-12-31,S-01,หน้าร้าน,P-302,2,7780.00,389.00,7391.00,483.52,0.00,0.00
O-009622,2025-12-31,S-02,หน้าร้าน,P-102,2,56.00,2.80,53.20,3.48,0.00,0.00
O-009623,2025-12-31,S-06,หน้าร้าน,P-202,2,240.00,0.00,240.00,15.70,0.00,0.00
O-009624,2025-12-31,S-03,หน้าร้าน,P-201,3,285.00,0.00,285.00,18.64,0.00,0.00
O-009625,2025-12-31,S-90,ออนไลน์,P-203,1,75.00,15.00,60.00,3.93,0.00,0.00
O-009626,2025-12-31,S-04,หน้าร้าน,P-202,1,120.00,12.00,108.00,7.07,0.00,0.00
O-009627,2025-12-31,S-05,หน้าร้าน,P-203,1,75.00,15.00,60.00,3.93,0.00,0.00
O-009628,2025-12-31,S-01,หน้าร้าน,P-302,1,3890.00,194.50,3695.50,241.76,0.00,0.00
O-009629,2025-12-31,S-05,หน้าร้าน,P-203,1,75.00,7.50,67.50,4.42,0.00,0.00
O-009630,2025-12-31,S-90,ออนไลน์,P-101,2,70.00,0.00,70.00,4.58,0.00,0.00
O-009631,2025-12-31,S-06,หน้าร้าน,P-103,3,135.00,13.50,121.50,7.95,0.00,0.00
O-009632,2025-12-31,S-04,หน้าร้าน,P-103,2,90.00,0.00,90.00,5.89,0.00,0.00
O-009633,2025-12-31,S-03,หน้าร้าน,P-101,1,35.00,7.00,28.00,1.83,0.00,0.00
O-009634,2025-12-31,S-05,หน้าร้าน,P-302,1,3890.00,778.00,3112.00,203.59,0.00,3112.00
O-009635,2025-12-31,S-05,หน้าร้าน,P-202,5,600.00,30.00,570.00,37.29,0.00,0.00
