sales_date,store_id,region,net_amount,transactions
2023-01-01,S-01,ภาคกลาง,67682.87,308
2023-01-01,S-02,ภาคกลาง,67682.87,237
2023-01-01,S-03,ภาคอีสาน,38353.63,144
2023-01-01,S-04,ภาคอีสาน,38353.63,147
2023-01-01,S-05,ภาคเหนือ,40609.72,167
2023-01-01,S-06,ภาคใต้,36097.53,118
2023-01-01,S-90,ภาคกลาง,67682.87,312
2023-01-02,S-01,ภาคกลาง,46436.64,168
2023-01-02,S-02,ภาคกลาง,46436.64,194
2023-01-02,S-03,ภาคอีสาน,26314.09,91
2023-01-02,S-04,ภาคอีสาน,26314.09,89
2023-01-02,S-05,ภาคเหนือ,27861.98,92
2023-01-02,S-06,ภาคใต้,24766.21,80
2023-01-02,S-90,ภาคกลาง,46436.64,244
2023-01-03,S-01,ภาคกลาง,39977.43,178
2023-01-03,S-02,ภาคกลาง,39977.43,202
2023-01-03,S-03,ภาคอีสาน,22653.88,84
2023-01-03,S-04,ภาคอีสาน,22653.88,74
2023-01-03,S-05,ภาคเหนือ,23986.46,109
2023-01-03,S-06,ภาคใต้,21321.3,69
2023-01-03,S-90,ภาคกลาง,39977.43,164
2023-01-04,S-01,ภาคกลาง,42842.83,192
2023-01-04,S-02,ภาคกลาง,42842.83,136
2023-01-04,S-03,ภาคอีสาน,24277.6,105
2023-01-04,S-04,ภาคอีสาน,24277.6,79
2023-01-04,S-05,ภาคเหนือ,25705.7,119
2023-01-04,S-06,ภาคใต้,22849.51,100
2023-01-04,S-90,ภาคกลาง,42842.83,194
2023-01-05,S-01,ภาคกลาง,41249.7,164
2023-01-05,S-02,ภาคกลาง,41249.7,167
2023-01-05,S-03,ภาคอีสาน,23374.83,84
2023-01-05,S-04,ภาคอีสาน,23374.83,110
2023-01-05,S-05,ภาคเหนือ,24749.82,101
2023-01-05,S-06,ภาคใต้,21999.84,76
2023-01-05,S-90,ภาคกลาง,41249.7,226
2023-01-06,S-01,ภาคกลาง,47696.44,177
2023-01-06,S-02,ภาคกลาง,47696.44,167
2023-01-06,S-03,ภาคอีสาน,27027.98,95
2023-01-06,S-04,ภาคอีสาน,27027.98,104
2023-01-06,S-05,ภาคเหนือ,28617.86,105
2023-01-06,S-06,ภาคใต้,25438.1,88
2023-01-06,S-90,ภาคกลาง,47696.44,248
2023-01-07,S-01,ภาคกลาง,67094.76,286
2023-01-07,S-02,ภาคกลาง,67094.76,232
2023-01-07,S-03,ภาคอีสาน,38020.36,129
2023-01-07,S-04,ภาคอีสาน,38020.36,167
2023-01-07,S-05,ภาคเหนือ,40256.86,159
2023-01-07,S-06,ภาคใต้,35783.87,137
2023-01-07,S-90,ภาคกลาง,67094.76,233
2023-01-08,S-01,ภาคกลาง,63435.69,287
2023-01-08,S-02,ภาคกลาง,63435.69,204
2023-01-08,S-03,ภาคอีสาน,35946.89,171
2023-01-08,S-04,ภาคอีสาน,35946.89,181
2023-01-08,S-05,ภาคเหนือ,38061.42,190
2023-01-08,S-06,ภาคใต้,33832.37,111
2023-01-08,S-90,ภาคกลาง,63435.69,246
2023-01-09,S-01,ภาคกลาง,41115.28,135
2023-01-09,S-02,ภาคกลาง,41115.28,201
2023-01-09,S-03,ภาคอีสาน,23298.66,75
2023-01-09,S-04,ภาคอีสาน,23298.66,97
2023-01-09,S-05,ภาคเหนือ,24669.17,88
2023-01-09,S-06,ภาคใต้,21928.15,72
2023-01-09,S-90,ภาคกลาง,41115.28,139
2023-01-10,S-01,ภาคกลาง,48307.31,178
2023-01-10,S-02,ภาคกลาง,48307.31,188
2023-01-10,S-03,ภาคอีสาน,27374.14,130
2023-01-10,S-04,ภาคอีสาน,27374.14,100
2023-01-10,S-05,ภาคเหนือ,28984.39,113
2023-01-10,S-06,ภาคใต้,25763.9,82
2023-01-10,S-90,ภาคกลาง,48307.31,156
2023-01-11,S-01,ภาคกลาง,51799.23,229
2023-01-11,S-02,ภาคกลาง,51799.23,257
2023-01-11,S-03,ภาคอีสาน,29352.9,113
2023-01-11,S-04,ภาคอีสาน,29352.9,102
2023-01-11,S-05,ภาคเหนือ,31079.54,102
2023-01-11,S-06,ภาคใต้,27626.25,116
2023-01-11,S-90,ภาคกลาง,51799.23,262
2023-01-12,S-01,ภาคกลาง,41727.29,148
2023-01-12,S-02,ภาคกลาง,41727.29,188
2023-01-12,S-03,ภาคอีสาน,23645.46,118
2023-01-12,S-04,ภาคอีสาน,23645.46,101
2023-01-12,S-05,ภาคเหนือ,25036.37,132
2023-01-12,S-06,ภาคใต้,22254.55,111
2023-01-12,S-90,ภาคกลาง,41727.29,203
2023-01-13,S-01,ภาคกลาง,50241.32,242
2023-01-13,S-02,ภาคกลาง,50241.32,202
2023-01-13,S-03,ภาคอีสาน,28470.08,106
2023-01-13,S-04,ภาคอีสาน,28470.08,149
2023-01-13,S-05,ภาคเหนือ,30144.79,104
2023-01-13,S-06,ภาคใต้,26795.37,99
2023-01-13,S-90,ภาคกลาง,50241.32,252
2023-01-14,S-01,ภาคกลาง,61008.99,192
2023-01-14,S-02,ภาคกลาง,61008.99,259
2023-01-14,S-03,ภาคอีสาน,34571.76,191
2023-01-14,S-04,ภาคอีสาน,34571.76,108
2023-01-14,S-05,ภาคเหนือ,36605.39,189
2023-01-14,S-06,ภาคใต้,32538.13,137
2023-01-14,S-90,ภาคกลาง,61008.99,319
2023-01-15,S-01,ภาคกลาง,69855.21,339
2023-01-15,S-02,ภาคกลาง,69855.21,295
2023-01-15,S-03,ภาคอีสาน,39584.62,189
2023-01-15,S-04,ภาคอีสาน,39584.62,164
2023-01-15,S-05,ภาคเหนือ,41913.13,145
2023-01-15,S-06,ภาคใต้,37256.11,164
2023-01-15,S-90,ภาคกลาง,69855.21,279
2023-01-16,S-01,ภาคกลาง,47203.8,197
2023-01-16,S-02,ภาคกลาง,47203.8,170
2023-01-16,S-03,ภาคอีสาน,26748.82,92
2023-01-16,S-04,ภาคอีสาน,26748.82,118
2023-01-16,S-05,ภาคเหนือ,28322.28,113
2023-01-16,S-06,ภาคใต้,25175.36,112
2023-01-16,S-90,ภาคกลาง,47203.8,219
2023-01-17,S-01,ภาคกลาง,42415.59,234
2023-01-17,S-02,ภาคกลาง,42415.59,201
2023-01-17,S-03,ภาคอีสาน,24035.5,128
2023-01-17,S-04,ภาคอีสาน,24035.5,112
2023-01-17,S-05,ภาคเหนือ,25449.35,96
2023-01-17,S-06,ภาคใต้,22621.65,102
2023-01-17,S-90,ภาคกลาง,42415.59,186
2023-01-18,S-01,ภาคกลาง,45746.75,214
2023-01-18,S-02,ภาคกลาง,45746.75,177
2023-01-18,S-03,ภาคอีสาน,25923.16,81
2023-01-18,S-04,ภาคอีสาน,25923.16,103
2023-01-18,S-05,ภาคเหนือ,27448.05,119
2023-01-18,S-06,ภาคใต้,24398.27,122
2023-01-18,S-90,ภาคกลาง,45746.75,160
2023-01-19,S-01,ภาคกลาง,45288.66,197
2023-01-19,S-02,ภาคกลาง,45288.66,144
2023-01-19,S-03,ภาคอีสาน,25663.58,104
2023-01-19,S-04,ภาคอีสาน,25663.58,105
2023-01-19,S-05,ภาคเหนือ,27173.2,102
2023-01-19,S-06,ภาคใต้,24153.95,80
2023-01-19,S-90,ภาคกลาง,45288.66,154
2023-01-20,S-01,ภาคกลาง,50907.7,179
2023-01-20,S-02,ภาคกลาง,50907.7,234
2023-01-20,S-03,ภาคอีสาน,28847.7,100
2023-01-20,S-04,ภาคอีสาน,28847.7,92
2023-01-20,S-05,ภาคเหนือ,30544.62,148
2023-01-20,S-06,ภาคใต้,27150.78,102
2023-01-20,S-90,ภาคกลาง,50907.7,178
2023-01-21,S-01,ภาคกลาง,64145.13,210
2023-01-21,S-02,ภาคกลาง,64145.13,218
2023-01-21,S-03,ภาคอีสาน,36348.91,115
2023-01-21,S-04,ภาคอีสาน,36348.91,145
2023-01-21,S-05,ภาคเหนือ,38487.08,132
2023-01-21,S-06,ภาคใต้,34210.74,118
2023-01-21,S-90,ภาคกลาง,64145.13,203
2023-01-22,S-01,ภาคกลาง,61573.43,341
2023-01-22,S-02,ภาคกลาง,61573.43,307
2023-01-22,S-03,ภาคอีสาน,34891.61,150
2023-01-22,S-04,ภาคอีสาน,34891.61,122
2023-01-22,S-05,ภาคเหนือ,36944.06,152
2023-01-22,S-06,ภาคใต้,32839.16,137
2023-01-22,S-90,ภาคกลาง,61573.43,228
2023-01-23,S-01,ภาคกลาง,51716.24,166
2023-01-23,S-02,ภาคกลาง,51716.24,180
2023-01-23,S-03,ภาคอีสาน,29305.87,131
2023-01-23,S-04,ภาคอีสาน,29305.87,131
2023-01-23,S-05,ภาคเหนือ,31029.75,114
2023-01-23,S-06,ภาคใต้,27582.0,109
2023-01-23,S-90,ภาคกลาง,51716.24,170
2023-01-24,S-01,ภาคกลาง,53579.79,205
2023-01-24,S-02,ภาคกลาง,53579.79,208
2023-01-24,S-03,ภาคอีสาน,30361.88,135
2023-01-24,S-04,ภาคอีสาน,30361.88,100
2023-01-24,S-05,ภาคเหนือ,32147.88,135
2023-01-24,S-06,ภาคใต้,28575.89,135
2023-01-24,S-90,ภาคกลาง,53579.79,223
2023-01-25,S-01,ภาคกลาง,45744.58,215
2023-01-25,S-02,ภาคกลาง,45744.58,146
2023-01-25,S-03,ภาคอีสาน,25921.93,94
2023-01-25,S-04,ภาคอีสาน,25921.93,106
2023-01-25,S-05,ภาคเหนือ,27446.75,91
2023-01-25,S-06,ภาคใต้,24397.11,82
2023-01-25,S-90,ภาคกลาง,45744.58,167
2023-01-26,S-01,ภาคกลาง,52131.59,232
2023-01-26,S-02,ภาคกลาง,52131.59,188
2023-01-26,S-03,ภาคอีสาน,29541.24,113
2023-01-26,S-04,ภาคอีสาน,29541.24,148
2023-01-26,S-05,ภาคเหนือ,31278.96,147
2023-01-26,S-06,ภาคใต้,27803.52,118
2023-01-26,S-90,ภาคกลาง,52131.59,211
2023-01-27,S-01,ภาคกลาง,47170.53,152
2023-01-27,S-02,ภาคกลาง,47170.53,184
2023-01-27,S-03,ภาคอีสาน,26729.97,122
2023-01-27,S-04,ภาคอีสาน,26729.97,92
2023-01-27,S-05,ภาคเหนือ,28302.32,88
2023-01-27,S-06,ภาคใต้,25157.62,135
2023-01-27,S-90,ภาคกลาง,47170.53,176
2023-01-28,S-01,ภาคกลาง,70714.98,233
2023-01-28,S-02,ภาคกลาง,70714.98,373
2023-01-28,S-03,ภาคอีสาน,40071.82,136
2023-01-28,S-04,ภาคอีสาน,40071.82,144
2023-01-28,S-05,ภาคเหนือ,42428.99,135
2023-01-28,S-06,ภาคใต้,37714.66,133
2023-01-28,S-90,ภาคกลาง,70714.98,223
2023-01-29,S-01,ภาคกลาง,60821.14,230
2023-01-29,S-02,ภาคกลาง,60821.14,257
2023-01-29,S-03,ภาคอีสาน,34465.31,132
2023-01-29,S-04,ภาคอีสาน,34465.31,119
2023-01-29,S-05,ภาคเหนือ,36492.69,158
2023-01-29,S-06,ภาคใต้,32437.94,133
2023-01-29,S-90,ภาคกลาง,60821.14,250
2023-01-30,S-01,ภาคกลาง,49921.17,200
2023-01-30,S-02,ภาคกลาง,49921.17,187
2023-01-30,S-03,ภาคอีสาน,28288.66,148
2023-01-30,S-04,ภาคอีสาน,28288.66,98
2023-01-30,S-05,ภาคเหนือ,29952.7,155
2023-01-30,S-06,ภาคใต้,26624.62,86
2023-01-30,S-90,ภาคกลาง,49921.17,191
2023-01-31,S-01,ภาคกลาง,53758.12,223
2023-01-31,S-02,ภาคกลาง,53758.12,236
2023-01-31,S-03,ภาคอีสาน,30462.94,155
2023-01-31,S-04,ภาคอีสาน,30462.94,107
2023-01-31,S-05,ภาคเหนือ,32254.87,166
2023-01-31,S-06,ภาคใต้,28671.0,138
2023-01-31,S-90,ภาคกลาง,53758.12,285
2023-02-01,S-01,ภาคกลาง,52329.69,265
2023-02-01,S-02,ภาคกลาง,52329.69,246
2023-02-01,S-03,ภาคอีสาน,29653.49,106
2023-02-01,S-04,ภาคอีสาน,29653.49,93
2023-02-01,S-05,ภาคเหนือ,31397.81,154
2023-02-01,S-06,ภาคใต้,27909.17,102
2023-02-01,S-90,ภาคกลาง,52329.69,243
2023-02-02,S-01,ภาคกลาง,47122.64,249
2023-02-02,S-02,ภาคกลาง,47122.64,225
2023-02-02,S-03,ภาคอีสาน,26702.83,100
2023-02-02,S-04,ภาคอีสาน,26702.83,148
2023-02-02,S-05,ภาคเหนือ,28273.58,95
2023-02-02,S-06,ภาคใต้,25132.07,96
2023-02-02,S-90,ภาคกลาง,47122.64,174
2023-02-03,S-01,ภาคกลาง,50267.25,190
2023-02-03,S-02,ภาคกลาง,50267.25,245
2023-02-03,S-03,ภาคอีสาน,28484.77,113
2023-02-03,S-04,ภาคอีสาน,28484.77,154
2023-02-03,S-05,ภาคเหนือ,30160.35,156
2023-02-03,S-06,ภาคใต้,26809.2,129
2023-02-03,S-90,ภาคกลาง,50267.25,219
2023-02-04,S-01,ภาคกลาง,62713.12,236
2023-02-04,S-02,ภาคกลาง,62713.12,308
2023-02-04,S-03,ภาคอีสาน,35537.44,128
2023-02-04,S-04,ภาคอีสาน,35537.44,130
2023-02-04,S-05,ภาคเหนือ,37627.87,169
2023-02-04,S-06,ภาคใต้,33447.0,183
2023-02-04,S-90,ภาคกลาง,62713.12,204
2023-02-05,S-01,ภาคกลาง,72555.28,383
2023-02-05,S-02,ภาคกลาง,72555.28,342
2023-02-05,S-03,ภาคอีสาน,41114.66,168
2023-02-05,S-04,ภาคอีสาน,41114.66,154
2023-02-05,S-05,ภาคเหนือ,43533.17,168
2023-02-05,S-06,ภาคใต้,38696.15,149
2023-02-05,S-90,ภาคกลาง,72555.28,369
2023-02-06,S-01,ภาคกลาง,48136.57,252
2023-02-06,S-02,ภาคกลาง,48136.57,189
2023-02-06,S-03,ภาคอีสาน,27277.39,91
2023-02-06,S-04,ภาคอีสาน,27277.39,124
2023-02-06,S-05,ภาคเหนือ,28881.94,126
2023-02-06,S-06,ภาคใต้,25672.84,106
2023-02-06,S-90,ภาคกลาง,48136.57,242
2023-02-07,S-01,ภาคกลาง,55941.12,215
2023-02-07,S-02,ภาคกลาง,55941.12,201
2023-02-07,S-03,ภาคอีสาน,31699.97,104
2023-02-07,S-04,ภาคอีสาน,31699.97,136
2023-02-07,S-05,ภาคเหนือ,33564.67,161
2023-02-07,S-06,ภาคใต้,29835.26,150
2023-02-07,S-90,ภาคกลาง,55941.12,222
2023-02-08,S-01,ภาคกลาง,50330.22,166
2023-02-08,S-02,ภาคกลาง,50330.22,182
2023-02-08,S-03,ภาคอีสาน,28520.46,123
2023-02-08,S-04,ภาคอีสาน,28520.46,131
2023-02-08,S-05,ภาคเหนือ,30198.13,119
2023-02-08,S-06,ภาคใต้,26842.79,92
2023-02-08,S-90,ภาคกลาง,50330.22,177
2023-02-09,S-01,ภาคกลาง,57542.8,262
2023-02-09,S-02,ภาคกลาง,57542.8,203
2023-02-09,S-03,ภาคอีสาน,32607.59,153
2023-02-09,S-04,ภาคอีสาน,32607.59,129
2023-02-09,S-05,ภาคเหนือ,34525.68,130
2023-02-09,S-06,ภาคใต้,30689.49,128
2023-02-09,S-90,ภาคกลาง,57542.8,223
2023-02-10,S-01,ภาคกลาง,46759.66,189
2023-02-10,S-02,ภาคกลาง,46759.66,186
2023-02-10,S-03,ภาคอีสาน,26497.14,115
2023-02-10,S-04,ภาคอีสาน,26497.14,136
2023-02-10,S-05,ภาคเหนือ,28055.8,102
2023-02-10,S-06,ภาคใต้,24938.48,128
2023-02-10,S-90,ภาคกลาง,46759.66,217
2023-02-11,S-01,ภาคกลาง,71072.2,280
2023-02-11,S-02,ภาคกลาง,71072.2,276
2023-02-11,S-03,ภาคอีสาน,40274.25,143
2023-02-11,S-04,ภาคอีสาน,40274.25,194
2023-02-11,S-05,ภาคเหนือ,42643.32,135
2023-02-11,S-06,ภาคใต้,37905.18,148
2023-02-11,S-90,ภาคกลาง,71072.2,240
2023-02-12,S-01,ภาคกลาง,70785.07,323
2023-02-12,S-02,ภาคกลาง,70785.07,278
2023-02-12,S-03,ภาคอีสาน,40111.54,147
2023-02-12,S-04,ภาคอีสาน,40111.54,213
2023-02-12,S-05,ภาคเหนือ,42471.04,224
2023-02-12,S-06,ภาคใต้,37752.04,137
2023-02-12,S-90,ภาคกลาง,70785.07,300
2023-02-13,S-01,ภาคกลาง,49720.14,210
2023-02-13,S-02,ภาคกลาง,49720.14,158
2023-02-13,S-03,ภาคอีสาน,28174.75,101
2023-02-13,S-04,ภาคอีสาน,28174.75,110
2023-02-13,S-05,ภาคเหนือ,29832.08,145
2023-02-13,S-06,ภาคใต้,26517.41,87
2023-02-13,S-90,ภาคกลาง,49720.14,232
2023-02-14,S-01,ภาคกลาง,57512.44,202
2023-02-14,S-02,ภาคกลาง,57512.44,246
2023-02-14,S-03,ภาคอีสาน,32590.38,132
2023-02-14,S-04,ภาคอีสาน,32590.38,176
2023-02-14,S-05,ภาคเหนือ,34507.46,121
2023-02-14,S-06,ภาคใต้,30673.3,117
2023-02-14,S-90,ภาคกลาง,57512.44,180
2023-02-15,S-01,ภาคกลาง,51976.79,264
2023-02-15,S-02,ภาคกลาง,51976.79,165
2023-02-15,S-03,ภาคอีสาน,29453.52,115
2023-02-15,S-04,ภาคอีสาน,29453.52,112
2023-02-15,S-05,ภาคเหนือ,31186.08,117
2023-02-15,S-06,ภาคใต้,27720.96,102
2023-02-15,S-90,ภาคกลาง,51976.79,162
2023-02-16,S-01,ภาคกลาง,50868.65,164
2023-02-16,S-02,ภาคกลาง,50868.65,162
2023-02-16,S-03,ภาคอีสาน,28825.57,97
2023-02-16,S-04,ภาคอีสาน,28825.57,136
2023-02-16,S-05,ภาคเหนือ,30521.19,155
2023-02-16,S-06,ภาคใต้,27129.95,140
2023-02-16,S-90,ภาคกลาง,50868.65,211
2023-02-17,S-01,ภาคกลาง,55690.7,261
2023-02-17,S-02,ภาคกลาง,55690.7,272
2023-02-17,S-03,ภาคอีสาน,31558.06,140
2023-02-17,S-04,ภาคอีสาน,31558.06,150
2023-02-17,S-05,ภาคเหนือ,33414.42,168
2023-02-17,S-06,ภาคใต้,29701.71,96
2023-02-17,S-90,ภาคกลาง,55690.7,300
2023-02-18,S-01,ภาคกลาง,71122.2,333
2023-02-18,S-02,ภาคกลาง,71122.2,234
2023-02-18,S-03,ภาคอีสาน,40302.58,137
2023-02-18,S-04,ภาคอีสาน,40302.58,223
2023-02-18,S-05,ภาคเหนือ,42673.32,137
2023-02-18,S-06,ภาคใต้,37931.84,156
2023-02-18,S-90,ภาคกลาง,71122.2,372
2023-02-19,S-01,ภาคกลาง,72841.33,324
2023-02-19,S-02,ภาคกลาง,72841.33,284
2023-02-19,S-03,ภาคอีสาน,41276.75,172
2023-02-19,S-04,ภาคอีสาน,41276.75,130
2023-02-19,S-05,ภาคเหนือ,43704.8,193
2023-02-19,S-06,ภาคใต้,38848.71,167
2023-02-19,S-90,ภาคกลาง,72841.33,288
2023-02-20,S-01,ภาคกลาง,60862.12,200
2023-02-20,S-02,ภาคกลาง,60862.12,202
2023-02-20,S-03,ภาคอีสาน,34488.53,136
2023-02-20,S-04,ภาคอีสาน,34488.53,174
2023-02-20,S-05,ภาคเหนือ,36517.27,126
2023-02-20,S-06,ภาคใต้,32459.8,133
2023-02-20,S-90,ภาคกลาง,60862.12,212
2023-02-21,S-01,ภาคกลาง,59762.26,308
2023-02-21,S-02,ภาคกลาง,59762.26,293
2023-02-21,S-03,ภาคอีสาน,33865.28,151
2023-02-21,S-04,ภาคอีสาน,33865.28,140
2023-02-21,S-05,ภาคเหนือ,35857.36,119
2023-02-21,S-06,ภาคใต้,31873.21,116
2023-02-21,S-90,ภาคกลาง,59762.26,192
2023-02-22,S-01,ภาคกลาง,49800.69,238
2023-02-22,S-02,ภาคกลาง,49800.69,161
2023-02-22,S-03,ภาคอีสาน,28220.39,95
2023-02-22,S-04,ภาคอีสาน,28220.39,115
2023-02-22,S-05,ภาคเหนือ,29880.41,105
2023-02-22,S-06,ภาคใต้,26560.37,103
2023-02-22,S-90,ภาคกลาง,49800.69,161
2023-02-23,S-01,ภาคกลาง,55709.17,222
2023-02-23,S-02,ภาคกลาง,55709.17,196
2023-02-23,S-03,ภาคอีสาน,31568.53,102
2023-02-23,S-04,ภาคอีสาน,31568.53,116
2023-02-23,S-05,ภาคเหนือ,33425.5,162
2023-02-23,S-06,ภาคใต้,29711.56,113
2023-02-23,S-90,ภาคกลาง,55709.17,201
2023-02-24,S-01,ภาคกลาง,54211.93,171
2023-02-24,S-02,ภาคกลาง,54211.93,198
2023-02-24,S-03,ภาคอีสาน,30720.09,112
2023-02-24,S-04,ภาคอีสาน,30720.09,100
2023-02-24,S-05,ภาคเหนือ,32527.16,102
2023-02-24,S-06,ภาคใต้,28913.03,123
2023-02-24,S-90,ภาคกลาง,54211.93,227
2023-02-25,S-01,ภาคกลาง,76154.74,310
2023-02-25,S-02,ภาคกลาง,76154.74,310
2023-02-25,S-03,ภาคอีสาน,43154.35,204
2023-02-25,S-04,ภาคอีสาน,43154.35,151
2023-02-25,S-05,ภาคเหนือ,45692.85,144
2023-02-25,S-06,ภาคใต้,40615.86,130
2023-02-25,S-90,ภาคกลาง,76154.74,304
2023-02-26,S-01,ภาคกลาง,83227.55,286
2023-02-26,S-02,ภาคกลาง,83227.55,304
2023-02-26,S-03,ภาคอีสาน,47162.28,151
2023-02-26,S-04,ภาคอีสาน,47162.28,149
2023-02-26,S-05,ภาคเหนือ,49936.53,212
2023-02-26,S-06,ภาคใต้,44388.03,203
2023-02-26,S-90,ภาคกลาง,83227.55,361
2023-02-27,S-01,ภาคกลาง,63397.43,347
2023-02-27,S-02,ภาคกลาง,63397.43,275
2023-02-27,S-03,ภาคอีสาน,35925.21,198
2023-02-27,S-04,ภาคอีสาน,35925.21,166
2023-02-27,S-05,ภาคเหนือ,38038.46,179
2023-02-27,S-06,ภาคใต้,33811.96,165
2023-02-27,S-90,ภาคกลาง,63397.43,284
2023-02-28,S-01,ภาคกลาง,62253.47,332
2023-02-28,S-02,ภาคกลาง,62253.47,260
2023-02-28,S-03,ภาคอีสาน,35276.97,151
2023-02-28,S-04,ภาคอีสาน,35276.97,171
2023-02-28,S-05,ภาคเหนือ,37352.08,180
2023-02-28,S-06,ภาคใต้,33201.85,148
2023-02-28,S-90,ภาคกลาง,62253.47,326
2023-03-01,S-01,ภาคกลาง,54910.34,244
2023-03-01,S-02,ภาคกลาง,54910.34,237
2023-03-01,S-03,ภาคอีสาน,31115.86,120
2023-03-01,S-04,ภาคอีสาน,31115.86,136
2023-03-01,S-05,ภาคเหนือ,32946.2,181
2023-03-01,S-06,ภาคใต้,29285.51,156
2023-03-01,S-90,ภาคกลาง,54910.34,289
2023-03-02,S-01,ภาคกลาง,60906.78,251
2023-03-02,S-02,ภาคกลาง,60906.78,199
2023-03-02,S-03,ภาคอีสาน,34513.84,121
2023-03-02,S-04,ภาคอีสาน,34513.84,188
2023-03-02,S-05,ภาคเหนือ,36544.07,161
2023-03-02,S-06,ภาคใต้,32483.62,123
2023-03-02,S-90,ภาคกลาง,60906.78,191
2023-03-03,S-01,ภาคกลาง,59093.11,316
2023-03-03,S-02,ภาคกลาง,59093.11,202
2023-03-03,S-03,ภาคอีสาน,33486.1,155
2023-03-03,S-04,ภาคอีสาน,33486.1,152
2023-03-03,S-05,ภาคเหนือ,35455.87,185
2023-03-03,S-06,ภาคใต้,31516.33,142
2023-03-03,S-90,ภาคกลาง,59093.11,312
2023-03-04,S-01,ภาคกลาง,82307.33,403
2023-03-04,S-02,ภาคกลาง,82307.33,285
2023-03-04,S-03,ภาคอีสาน,46640.82,159
2023-03-04,S-04,ภาคอีสาน,46640.82,238
2023-03-04,S-05,ภาคเหนือ,49384.4,223
2023-03-04,S-06,ภาคใต้,43897.24,179
2023-03-04,S-90,ภาคกลาง,82307.33,341
2023-03-05,S-01,ภาคกลาง,70277.33,230
2023-03-05,S-02,ภาคกลาง,70277.33,289
2023-03-05,S-03,ภาคอีสาน,39823.82,153
2023-03-05,S-04,ภาคอีสาน,39823.82,181
2023-03-05,S-05,ภาคเหนือ,42166.4,137
2023-03-05,S-06,ภาคใต้,37481.24,149
2023-03-05,S-90,ภาคกลาง,70277.33,306
2023-03-06,S-01,ภาคกลาง,62072.44,248
2023-03-06,S-02,ภาคกลาง,62072.44,214
2023-03-06,S-03,ภาคอีสาน,35174.38,127
2023-03-06,S-04,ภาคอีสาน,35174.38,194
2023-03-06,S-05,ภาคเหนือ,37243.47,153
2023-03-06,S-06,ภาคใต้,33105.3,139
2023-03-06,S-90,ภาคกลาง,62072.44,312
2023-03-07,S-01,ภาคกลาง,64689.13,217
2023-03-07,S-02,ภาคกลาง,64689.13,226
2023-03-07,S-03,ภาคอีสาน,36657.17,142
2023-03-07,S-04,ภาคอีสาน,36657.17,148
2023-03-07,S-05,ภาคเหนือ,38813.48,143
2023-03-07,S-06,ภาคใต้,34500.87,128
2023-03-07,S-90,ภาคกลาง,64689.13,320
2023-03-08,S-01,ภาคกลาง,54487.66,228
2023-03-08,S-02,ภาคกลาง,54487.66,178
2023-03-08,S-03,ภาคอีสาน,30876.34,157
2023-03-08,S-04,ภาคอีสาน,30876.34,108
2023-03-08,S-05,ภาคเหนือ,32692.6,160
2023-03-08,S-06,ภาคใต้,29060.09,99
2023-03-08,S-90,ภาคกลาง,54487.66,206
2023-03-09,S-01,ภาคกลาง,62197.65,230
2023-03-09,S-02,ภาคกลาง,62197.65,219
2023-03-09,S-03,ภาคอีสาน,35245.34,192
2023-03-09,S-04,ภาคอีสาน,35245.34,125
2023-03-09,S-05,ภาคเหนือ,37318.59,152
2023-03-09,S-06,ภาคใต้,33172.08,132
2023-03-09,S-90,ภาคกลาง,62197.65,202
2023-03-10,S-01,ภาคกลาง,66283.61,224
2023-03-10,S-02,ภาคกลาง,66283.61,219
2023-03-10,S-03,ภาคอีสาน,37560.71,161
2023-03-10,S-04,ภาคอีสาน,37560.71,134
2023-03-10,S-05,ภาคเหนือ,39770.17,205
2023-03-10,S-06,ภาคใต้,35351.26,133
2023-03-10,S-90,ภาคกลาง,66283.61,309
2023-03-11,S-01,ภาคกลาง,76825.11,341
2023-03-11,S-02,ภาคกลาง,76825.11,298
2023-03-11,S-03,ภาคอีสาน,43534.23,210
2023-03-11,S-04,ภาคอีสาน,43534.23,150
2023-03-11,S-05,ภาคเหนือ,46095.07,173
2023-03-11,S-06,ภาคใต้,40973.39,135
2023-03-11,S-90,ภาคกลาง,76825.11,271
2023-03-12,S-01,ภาคกลาง,83416.42,312
2023-03-12,S-02,ภาคกลาง,83416.42,299
2023-03-12,S-03,ภาคอีสาน,47269.31,189
2023-03-12,S-04,ภาคอีสาน,47269.31,232
2023-03-12,S-05,ภาคเหนือ,50049.85,177
2023-03-12,S-06,ภาคใต้,44488.76,204
2023-03-12,S-90,ภาคกลาง,83416.42,267
2023-03-13,S-01,ภาคกลาง,61816.4,201
2023-03-13,S-02,ภาคกลาง,61816.4,217
2023-03-13,S-03,ภาคอีสาน,35029.3,141
2023-03-13,S-04,ภาคอีสาน,35029.3,110
2023-03-13,S-05,ภาคเหนือ,37089.84,119
2023-03-13,S-06,ภาคใต้,32968.75,114
2023-03-13,S-90,ภาคกลาง,61816.4,206
2023-03-14,S-01,ภาคกลาง,60004.89,228
2023-03-14,S-02,ภาคกลาง,60004.89,251
2023-03-14,S-03,ภาคอีสาน,34002.77,109
2023-03-14,S-04,ภาคอีสาน,34002.77,134
2023-03-14,S-05,ภาคเหนือ,36002.93,149
2023-03-14,S-06,ภาคใต้,32002.61,127
2023-03-14,S-90,ภาคกลาง,60004.89,237
2023-03-15,S-01,ภาคกลาง,68352.19,219
2023-03-15,S-02,ภาคกลาง,68352.19,249
2023-03-15,S-03,ภาคอีสาน,38732.91,171
2023-03-15,S-04,ภาคอีสาน,38732.91,162
2023-03-15,S-05,ภาคเหนือ,41011.31,221
2023-03-15,S-06,ภาคใต้,36454.5,126
2023-03-15,S-90,ภาคกลาง,68352.19,270
2023-03-16,S-01,ภาคกลาง,62848.32,300
2023-03-16,S-02,ภาคกลาง,62848.32,196
2023-03-16,S-03,ภาคอีสาน,35614.05,112
2023-03-16,S-04,ภาคอีสาน,35614.05,122
2023-03-16,S-05,ภาคเหนือ,37708.99,168
2023-03-16,S-06,ภาคใต้,33519.1,120
2023-03-16,S-90,ภาคกลาง,62848.32,336
2023-03-17,S-01,ภาคกลาง,63388.53,340
2023-03-17,S-02,ภาคกลาง,63388.53,345
2023-03-17,S-03,ภาคอีสาน,35920.17,126
2023-03-17,S-04,ภาคอีสาน,35920.17,174
2023-03-17,S-05,ภาคเหนือ,38033.12,147
2023-03-17,S-06,ภาคใต้,33807.22,108
2023-03-17,S-90,ภาคกลาง,63388.53,242
2023-03-18,S-01,ภาคกลาง,85795.22,359
2023-03-18,S-02,ภาคกลาง,85795.22,356
2023-03-18,S-03,ภาคอีสาน,48617.29,162
2023-03-18,S-04,ภาคอีสาน,48617.29,259
2023-03-18,S-05,ภาคเหนือ,51477.13,212
2023-03-18,S-06,ภาคใต้,45757.45,188
2023-03-18,S-90,ภาคกลาง,85795.22,429
2023-03-19,S-01,ภาคกลาง,87056.5,299
2023-03-19,S-02,ภาคกลาง,87056.5,302
2023-03-19,S-03,ภาคอีสาน,49332.02,252
2023-03-19,S-04,ภาคอีสาน,49332.02,253
2023-03-19,S-05,ภาคเหนือ,52233.9,181
2023-03-19,S-06,ภาคใต้,46430.13,158
2023-03-19,S-90,ภาคกลาง,87056.5,445
2023-03-20,S-01,ภาคกลาง,58700.93,201
2023-03-20,S-02,ภาคกลาง,58700.93,237
2023-03-20,S-03,ภาคอีสาน,33263.86,177
2023-03-20,S-04,ภาคอีสาน,33263.86,111
2023-03-20,S-05,ภาคเหนือ,35220.56,151
2023-03-20,S-06,ภาคใต้,31307.16,107
2023-03-20,S-90,ภาคกลาง,58700.93,310
2023-03-21,S-01,ภาคกลาง,56208.28,183
2023-03-21,S-02,ภาคกลาง,56208.28,222
2023-03-21,S-03,ภาคอีสาน,31851.36,116
2023-03-21,S-04,ภาคอีสาน,31851.36,101
2023-03-21,S-05,ภาคเหนือ,33724.97,106
2023-03-21,S-06,ภาคใต้,29977.75,111
2023-03-21,S-90,ภาคกลาง,56208.28,185
2023-03-22,S-01,ภาคกลาง,62069.64,251
2023-03-22,S-02,ภาคกลาง,62069.64,328
2023-03-22,S-03,ภาคอีสาน,35172.8,151
2023-03-22,S-04,ภาคอีสาน,35172.8,134
2023-03-22,S-05,ภาคเหนือ,37241.79,164
2023-03-22,S-06,ภาคใต้,33103.81,166
2023-03-22,S-90,ภาคกลาง,62069.64,198
2023-03-23,S-01,ภาคกลาง,66597.92,221
2023-03-23,S-02,ภาคกลาง,66597.92,260
2023-03-23,S-03,ภาคอีสาน,37738.82,126
2023-03-23,S-04,ภาคอีสาน,37738.82,153
2023-03-23,S-05,ภาคเหนือ,39958.75,163
2023-03-23,S-06,ภาคใต้,35518.89,144
2023-03-23,S-90,ภาคกลาง,66597.92,349
2023-03-24,S-01,ภาคกลาง,67970.84,314
2023-03-24,S-02,ภาคกลาง,67970.84,299
2023-03-24,S-03,ภาคอีสาน,38516.81,206
2023-03-24,S-04,ภาคอีสาน,38516.81,161
2023-03-24,S-05,ภาคเหนือ,40782.5,169
2023-03-24,S-06,ภาคใต้,36251.11,118
2023-03-24,S-90,ภาคกลาง,67970.84,237
2023-03-25,S-01,ภาคกลาง,95620.48,373
2023-03-25,S-02,ภาคกลาง,95620.48,368
2023-03-25,S-03,ภาคอีสาน,54184.94,241
2023-03-25,S-04,ภาคอีสาน,54184.94,190
2023-03-25,S-05,ภาคเหนือ,57372.29,185
2023-03-25,S-06,ภาคใต้,50997.59,257
2023-03-25,S-90,ภาคกลาง,95620.48,518
2023-03-26,S-01,ภาคกลาง,96570.2,319
2023-03-26,S-02,ภาคกลาง,96570.2,412
2023-03-26,S-03,ภาคอีสาน,54723.11,178
2023-03-26,S-04,ภาคอีสาน,54723.11,288
2023-03-26,S-05,ภาคเหนือ,57942.12,211
2023-03-26,S-06,ภาคใต้,51504.11,232
2023-03-26,S-90,ภาคกลาง,96570.2,468
2023-03-27,S-01,ภาคกลาง,60822.73,198
2023-03-27,S-02,ภาคกลาง,60822.73,302
2023-03-27,S-03,ภาคอีสาน,34466.22,128
2023-03-27,S-04,ภาคอีสาน,34466.22,156
2023-03-27,S-05,ภาคเหนือ,36493.64,133
2023-03-27,S-06,ภาคใต้,32438.79,172
2023-03-27,S-90,ภาคกลาง,60822.73,198
2023-03-28,S-01,ภาคกลาง,64014.61,305
2023-03-28,S-02,ภาคกลาง,64014.61,244
2023-03-28,S-03,ภาคอีสาน,36274.95,150
2023-03-28,S-04,ภาคอีสาน,36274.95,148
2023-03-28,S-05,ภาคเหนือ,38408.77,192
2023-03-28,S-06,ภาคใต้,34141.13,118
2023-03-28,S-90,ภาคกลาง,64014.61,200
2023-03-29,S-01,ภาคกลาง,67398.84,226
2023-03-29,S-02,ภาคกลาง,67398.84,357
2023-03-29,S-03,ภาคอีสาน,38192.67,187
2023-03-29,S-04,ภาคอีสาน,38192.67,122
2023-03-29,S-05,ภาคเหนือ,40439.3,198
2023-03-29,S-06,ภาคใต้,35946.05,127
2023-03-29,S-90,ภาคกลาง,67398.84,354
2023-03-30,S-01,ภาคกลาง,71178.43,267
2023-03-30,S-02,ภาคกลาง,71178.43,258
2023-03-30,S-03,ภาคอีสาน,40334.45,163
2023-03-30,S-04,ภาคอีสาน,40334.45,151
2023-03-30,S-05,ภาคเหนือ,42707.06,219
2023-03-30,S-06,ภาคใต้,37961.83,135
2023-03-30,S-90,ภาคกลาง,71178.43,262
2023-03-31,S-01,ภาคกลาง,72342.46,270
2023-03-31,S-02,ภาคกลาง,72342.46,249
2023-03-31,S-03,ภาคอีสาน,40994.06,138
2023-03-31,S-04,ภาคอีสาน,40994.06,144
2023-03-31,S-05,ภาคเหนือ,43405.48,175
2023-03-31,S-06,ภาคใต้,38582.65,127
2023-03-31,S-90,ภาคกลาง,72342.46,314
2023-04-01,S-01,ภาคกลาง,97538.07,519
2023-04-01,S-02,ภาคกลาง,97538.07,382
2023-04-01,S-03,ภาคอีสาน,55271.57,218
2023-04-01,S-04,ภาคอีสาน,55271.57,215
2023-04-01,S-05,ภาคเหนือ,58522.84,236
2023-04-01,S-06,ภาคใต้,52020.3,166
2023-04-01,S-90,ภาคกลาง,97538.07,519
2023-04-02,S-01,ภาคกลาง,97294.26,425
2023-04-02,S-02,ภาคกลาง,97294.26,452
2023-04-02,S-03,ภาคอีสาน,55133.41,188
2023-04-02,S-04,ภาคอีสาน,55133.41,235
2023-04-02,S-05,ภาคเหนือ,58376.55,191
2023-04-02,S-06,ภาคใต้,51890.27,210
2023-04-02,S-90,ภาคกลาง,97294.26,306
2023-04-03,S-01,ภาคกลาง,69653.56,228
2023-04-03,S-02,ภาคกลาง,69653.56,328
2023-04-03,S-03,ภาคอีสาน,39470.35,209
2023-04-03,S-04,ภาคอีสาน,39470.35,148
2023-04-03,S-05,ภาคเหนือ,41792.14,137
2023-04-03,S-06,ภาคใต้,37148.57,122
2023-04-03,S-90,ภาคกลาง,69653.56,378
2023-04-04,S-01,ภาคกลาง,60229.19,229
2023-04-04,S-02,ภาคกลาง,60229.19,195
2023-04-04,S-03,ภาคอีสาน,34129.88,113
2023-04-04,S-04,ภาคอีสาน,34129.88,181
2023-04-04,S-05,ภาคเหนือ,36137.52,188
2023-04-04,S-06,ภาคใต้,32122.24,170
2023-04-04,S-90,ภาคกลาง,60229.19,208
2023-04-05,S-01,ภาคกลาง,63766.59,242
2023-04-05,S-02,ภาคกลาง,63766.59,259
2023-04-05,S-03,ภาคอีสาน,36134.4,117
2023-04-05,S-04,ภาคอีสาน,36134.4,182
2023-04-05,S-05,ภาคเหนือ,38259.95,130
2023-04-05,S-06,ภาคใต้,34008.85,139
2023-04-05,S-90,ภาคกลาง,63766.59,251
2023-04-06,S-01,ภาคกลาง,68335.95,234
2023-04-06,S-02,ภาคกลาง,68335.95,362
2023-04-06,S-03,ภาคอีสาน,38723.7,126
2023-04-06,S-04,ภาคอีสาน,38723.7,139
2023-04-06,S-05,ภาคเหนือ,41001.57,134
2023-04-06,S-06,ภาคใต้,36445.84,155
2023-04-06,S-90,ภาคกลาง,68335.95,270
2023-04-07,S-01,ภาคกลาง,74022.12,249
2023-04-07,S-02,ภาคกลาง,74022.12,381
2023-04-07,S-03,ภาคอีสาน,41945.87,152
2023-04-07,S-04,ภาคอีสาน,41945.87,226
2023-04-07,S-05,ภาคเหนือ,44413.27,202
2023-04-07,S-06,ภาคใต้,39478.46,135
2023-04-07,S-90,ภาคกลาง,74022.12,277
2023-04-08,S-01,ภาคกลาง,93902.53,300
2023-04-08,S-02,ภาคกลาง,93902.53,494
2023-04-08,S-03,ภาคอีสาน,53211.43,183
2023-04-08,S-04,ภาคอีสาน,53211.43,219
2023-04-08,S-05,ภาคเหนือ,56341.52,176
2023-04-08,S-06,ภาคใต้,50081.35,178
2023-04-08,S-90,ภาคกลาง,93902.53,336
2023-04-09,S-01,ภาคกลาง,99104.63,506
2023-04-09,S-02,ภาคกลาง,99104.63,367
2023-04-09,S-03,ภาคอีสาน,56159.29,184
2023-04-09,S-04,ภาคอีสาน,56159.29,184
2023-04-09,S-05,ภาคเหนือ,59462.78,204
2023-04-09,S-06,ภาคใต้,52855.8,274
2023-04-09,S-90,ภาคกลาง,99104.63,311
2023-04-10,S-01,ภาคกลาง,95450.4,356
2023-04-10,S-02,ภาคกลาง,95450.4,327
2023-04-10,S-03,ภาคอีสาน,54088.56,267
2023-04-10,S-04,ภาคอีสาน,54088.56,212
2023-04-10,S-05,ภาคเหนือ,57270.24,260
2023-04-10,S-06,ภาคใต้,50906.88,230
2023-04-10,S-90,ภาคกลาง,95450.4,312
2023-04-11,S-01,ภาคกลาง,97514.5,321
2023-04-11,S-02,ภาคกลาง,97514.5,417
2023-04-11,S-03,ภาคอีสาน,55258.21,282
2023-04-11,S-04,ภาคอีสาน,55258.21,270
2023-04-11,S-05,ภาคเหนือ,58508.7,201
2023-04-11,S-06,ภาคใต้,52007.73,178
2023-04-11,S-90,ภาคกลาง,97514.5,366
2023-04-12,S-01,ภาคกลาง,100821.26,552
2023-04-12,S-02,ภาคกลาง,100821.26,533
2023-04-12,S-03,ภาคอีสาน,57132.05,238
2023-04-12,S-04,ภาคอีสาน,57132.05,213
2023-04-12,S-05,ภาคเหนือ,60492.76,314
2023-04-12,S-06,ภาคใต้,53771.34,209
2023-04-12,S-90,ภาคกลาง,100821.26,451
2023-04-13,S-01,ภาคกลาง,99605.73,403
2023-04-13,S-02,ภาคกลาง,99605.73,498
2023-04-13,S-03,ภาคอีสาน,56443.25,277
2023-04-13,S-04,ภาคอีสาน,56443.25,213
2023-04-13,S-05,ภาคเหนือ,59763.44,233
2023-04-13,S-06,ภาคใต้,53123.06,230
2023-04-13,S-90,ภาคกลาง,99605.73,453
2023-04-14,S-01,ภาคกลาง,96743.75,306
2023-04-14,S-02,ภาคกลาง,96743.75,401
2023-04-14,S-03,ภาคอีสาน,54821.46,200
2023-04-14,S-04,ภาคอีสาน,54821.46,198
2023-04-14,S-05,ภาคเหนือ,58046.25,297
2023-04-14,S-06,ภาคใต้,51596.67,170
2023-04-14,S-90,ภาคกลาง,96743.75,514
2023-04-15,S-01,ภาคกลาง,142417.16,471
2023-04-15,S-02,ภาคกลาง,142417.16,716
2023-04-15,S-03,ภาคอีสาน,80703.06,371
2023-04-15,S-04,ภาคอีสาน,80703.06,315
2023-04-15,S-05,ภาคเหนือ,85450.3,332
2023-04-15,S-06,ภาคใต้,75955.82,275
2023-04-15,S-90,ภาคกลาง,142417.16,594
2023-04-16,S-01,ภาคกลาง,130241.75,437
2023-04-16,S-02,ภาคกลาง,130241.75,455
2023-04-16,S-03,ภาคอีสาน,73803.66,239
2023-04-16,S-04,ภาคอีสาน,73803.66,289
2023-04-16,S-05,ภาคเหนือ,78145.05,375
2023-04-16,S-06,ภาคใต้,69462.27,225
2023-04-16,S-90,ภาคกลาง,130241.75,678
2023-04-17,S-01,ภาคกลาง,71972.3,370
2023-04-17,S-02,ภาคกลาง,71972.3,235
2023-04-17,S-03,ภาคอีสาน,40784.3,157
2023-04-17,S-04,ภาคอีสาน,40784.3,183
2023-04-17,S-05,ภาคเหนือ,43183.38,183
2023-04-17,S-06,ภาคใต้,38385.22,175
2023-04-17,S-90,ภาคกลาง,71972.3,237
2023-04-18,S-01,ภาคกลาง,70757.34,326
2023-04-18,S-02,ภาคกลาง,70757.34,240
2023-04-18,S-03,ภาคอีสาน,40095.83,135
2023-04-18,S-04,ภาคอีสาน,40095.83,135
2023-04-18,S-05,ภาคเหนือ,42454.4,134
2023-04-18,S-06,ภาคใต้,37737.25,173
2023-04-18,S-90,ภาคกลาง,70757.34,265
2023-04-19,S-01,ภาคกลาง,74683.5,248
2023-04-19,S-02,ภาคกลาง,74683.5,252
2023-04-19,S-03,ภาคอีสาน,42320.65,161
2023-04-19,S-04,ภาคอีสาน,42320.65,170
2023-04-19,S-05,ภาคเหนือ,44810.1,146
2023-04-19,S-06,ภาคใต้,39831.2,169
2023-04-19,S-90,ภาคกลาง,74683.5,233
2023-04-20,S-01,ภาคกลาง,67080.96,331
2023-04-20,S-02,ภาคกลาง,67080.96,318
2023-04-20,S-03,ภาคอีสาน,38012.54,130
2023-04-20,S-04,ภาคอีสาน,38012.54,160
2023-04-20,S-05,ภาคเหนือ,40248.58,188
2023-04-20,S-06,ภาคใต้,35776.51,123
2023-04-20,S-90,ภาคกลาง,67080.96,307
2023-04-21,S-01,ภาคกลาง,62801.51,261
2023-04-21,S-02,ภาคกลาง,62801.51,211
2023-04-21,S-03,ภาคอีสาน,35587.52,140
2023-04-21,S-04,ภาคอีสาน,35587.52,136
2023-04-21,S-05,ภาคเหนือ,37680.91,161
2023-04-21,S-06,ภาคใต้,33494.14,156
2023-04-21,S-90,ภาคกลาง,62801.51,291
2023-04-22,S-01,ภาคกลาง,95080.62,302
2023-04-22,S-02,ภาคกลาง,95080.62,325
2023-04-22,S-03,ภาคอีสาน,53879.02,261
2023-04-22,S-04,ภาคอีสาน,53879.02,206
2023-04-22,S-05,ภาคเหนือ,57048.37,196
2023-04-22,S-06,ภาคใต้,50709.66,207
2023-04-22,S-90,ภาคกลาง,95080.62,521
2023-04-23,S-01,ภาคกลาง,95742.23,445
2023-04-23,S-02,ภาคกลาง,95742.23,409
2023-04-23,S-03,ภาคอีสาน,54253.93,198
2023-04-23,S-04,ภาคอีสาน,54253.93,180
2023-04-23,S-05,ภาคเหนือ,57445.34,209
2023-04-23,S-06,ภาคใต้,51062.52,208
2023-04-23,S-90,ภาคกลาง,95742.23,364
2023-04-24,S-01,ภาคกลาง,76314.13,352
2023-04-24,S-02,ภาคกลาง,76314.13,281
2023-04-24,S-03,ภาคอีสาน,43244.68,153
2023-04-24,S-04,ภาคอีสาน,43244.68,238
2023-04-24,S-05,ภาคเหนือ,45788.48,226
2023-04-24,S-06,ภาคใต้,40700.87,132
2023-04-24,S-90,ภาคกลาง,76314.13,419
2023-04-25,S-01,ภาคกลาง,77086.9,340
2023-04-25,S-02,ภาคกลาง,77086.9,357
2023-04-25,S-03,ภาคอีสาน,43682.58,212
2023-04-25,S-04,ภาคอีสาน,43682.58,165
2023-04-25,S-05,ภาคเหนือ,46252.14,162
2023-04-25,S-06,ภาคใต้,41113.01,207
2023-04-25,S-90,ภาคกลาง,77086.9,397
2023-04-26,S-01,ภาคกลาง,76187.57,283
2023-04-26,S-02,ภาคกลาง,76187.57,278
2023-04-26,S-03,ภาคอีสาน,43172.95,225
2023-04-26,S-04,ภาคอีสาน,43172.95,231
2023-04-26,S-05,ภาคเหนือ,45712.54,201
2023-04-26,S-06,ภาคใต้,40633.37,142
2023-04-26,S-90,ภาคกลาง,76187.57,340
2023-04-27,S-01,ภาคกลาง,74817.54,236
2023-04-27,S-02,ภาคกลาง,74817.54,262
2023-04-27,S-03,ภาคอีสาน,42396.61,166
2023-04-27,S-04,ภาคอีสาน,42396.61,133
2023-04-27,S-05,ภาคเหนือ,44890.53,160
2023-04-27,S-06,ภาคใต้,39902.69,167
2023-04-27,S-90,ภาคกลาง,74817.54,296
2023-04-28,S-01,ภาคกลาง,73061.98,229
2023-04-28,S-02,ภาคกลาง,73061.98,265
2023-04-28,S-03,ภาคอีสาน,41401.79,151
2023-04-28,S-04,ภาคอีสาน,41401.79,171
2023-04-28,S-05,ภาคเหนือ,43837.19,176
2023-04-28,S-06,ภาคใต้,38966.39,150
2023-04-28,S-90,ภาคกลาง,73061.98,299
2023-04-29,S-01,ภาคกลาง,106173.94,391
2023-04-29,S-02,ภาคกลาง,106173.94,405
2023-04-29,S-03,ภาคอีสาน,60165.23,257
2023-04-29,S-04,ภาคอีสาน,60165.23,191
2023-04-29,S-05,ภาคเหนือ,63704.36,205
2023-04-29,S-06,ภาคใต้,56626.1,292
2023-04-29,S-90,ภาคกลาง,106173.94,364
2023-04-30,S-01,ภาคกลาง,85951.84,339
2023-04-30,S-02,ภาคกลาง,85951.84,313
2023-04-30,S-03,ภาคอีสาน,48706.04,181
2023-04-30,S-04,ภาคอีสาน,48706.04,164
2023-04-30,S-05,ภาคเหนือ,51571.11,209
2023-04-30,S-06,ภาคใต้,45840.98,176
2023-04-30,S-90,ภาคกลาง,85951.84,312
2023-05-01,S-01,ภาคกลาง,73320.15,328
2023-05-01,S-02,ภาคกลาง,73320.15,269
2023-05-01,S-03,ภาคอีสาน,41548.08,205
2023-05-01,S-04,ภาคอีสาน,41548.08,146
2023-05-01,S-05,ภาคเหนือ,43992.09,164
2023-05-01,S-06,ภาคใต้,39104.08,213
2023-05-01,S-90,ภาคกลาง,73320.15,345
2023-05-02,S-01,ภาคกลาง,78329.46,432
2023-05-02,S-02,ภาคกลาง,78329.46,335
2023-05-02,S-03,ภาคอีสาน,44386.69,237
2023-05-02,S-04,ภาคอีสาน,44386.69,164
2023-05-02,S-05,ภาคเหนือ,46997.67,157
2023-05-02,S-06,ภาคใต้,41775.71,186
2023-05-02,S-90,ภาคกลาง,78329.46,376
2023-05-03,S-01,ภาคกลาง,73223.03,287
2023-05-03,S-02,ภาคกลาง,73223.03,278
2023-05-03,S-03,ภาคอีสาน,41493.05,136
2023-05-03,S-04,ภาคอีสาน,41493.05,161
2023-05-03,S-05,ภาคเหนือ,43933.82,167
2023-05-03,S-06,ภาคใต้,39052.29,148
2023-05-03,S-90,ภาคกลาง,73223.03,270
2023-05-04,S-01,ภาคกลาง,76090.88,350
2023-05-04,S-02,ภาคกลาง,76090.88,330
2023-05-04,S-03,ภาคอีสาน,43118.17,160
2023-05-04,S-04,ภาคอีสาน,43118.17,152
2023-05-04,S-05,ภาคเหนือ,45654.53,180
2023-05-04,S-06,ภาคใต้,40581.8,137
2023-05-04,S-90,ภาคกลาง,76090.88,345
2023-05-05,S-01,ภาคกลาง,66938.74,315
2023-05-05,S-02,ภาคกลาง,66938.74,224
2023-05-05,S-03,ภาคอีสาน,37931.95,147
2023-05-05,S-04,ภาคอีสาน,37931.95,124
2023-05-05,S-05,ภาคเหนือ,40163.25,167
2023-05-05,S-06,ภาคใต้,35700.66,120
2023-05-05,S-90,ภาคกลาง,66938.74,368
2023-05-06,S-01,ภาคกลาง,107057.72,477
2023-05-06,S-02,ภาคกลาง,107057.72,555
2023-05-06,S-03,ภาคอีสาน,60666.04,325
2023-05-06,S-04,ภาคอีสาน,60666.04,203
2023-05-06,S-05,ภาคเหนือ,64234.63,261
2023-05-06,S-06,ภาคใต้,57097.45,238
2023-05-06,S-90,ภาคกลาง,107057.72,441
2023-05-07,S-01,ภาคกลาง,98117.26,360
2023-05-07,S-02,ภาคกลาง,98117.26,523
2023-05-07,S-03,ภาคอีสาน,55599.78,209
2023-05-07,S-04,ภาคอีสาน,55599.78,192
2023-05-07,S-05,ภาคเหนือ,58870.35,209
2023-05-07,S-06,ภาคใต้,52329.2,177
2023-05-07,S-90,ภาคกลาง,98117.26,389
2023-05-08,S-01,ภาคกลาง,79081.16,292
2023-05-08,S-02,ภาคกลาง,79081.16,299
2023-05-08,S-03,ภาคอีสาน,44812.66,144
2023-05-08,S-04,ภาคอีสาน,44812.66,167
2023-05-08,S-05,ภาคเหนือ,47448.69,179
2023-05-08,S-06,ภาคใต้,42176.62,143
2023-05-08,S-90,ภาคกลาง,79081.16,333
2023-05-09,S-01,ภาคกลาง,76834.61,301
2023-05-09,S-02,ภาคกลาง,76834.61,305
2023-05-09,S-03,ภาคอีสาน,43539.61,223
2023-05-09,S-04,ภาคอีสาน,43539.61,171
2023-05-09,S-05,ภาคเหนือ,46100.76,178
2023-05-09,S-06,ภาคใต้,40978.46,145
2023-05-09,S-90,ภาคกลาง,76834.61,363
2023-05-10,S-01,ภาคกลาง,69916.49,347
2023-05-10,S-02,ภาคกลาง,69916.49,230
2023-05-10,S-03,ภาคอีสาน,39619.34,179
2023-05-10,S-04,ภาคอีสาน,39619.34,177
2023-05-10,S-05,ภาคเหนือ,41949.89,219
2023-05-10,S-06,ภาคใต้,37288.79,164
2023-05-10,S-90,ภาคกลาง,69916.49,278
2023-05-11,S-01,ภาคกลาง,74858.53,372
2023-05-11,S-02,ภาคกลาง,74858.53,377
2023-05-11,S-03,ภาคอีสาน,42419.83,214
2023-05-11,S-04,ภาคอีสาน,42419.83,143
2023-05-11,S-05,ภาคเหนือ,44915.12,160
2023-05-11,S-06,ภาคใต้,39924.55,219
2023-05-11,S-90,ภาคกลาง,74858.53,237
2023-05-12,S-01,ภาคกลาง,80438.16,315
2023-05-12,S-02,ภาคกลาง,80438.16,401
2023-05-12,S-03,ภาคอีสาน,45581.62,213
2023-05-12,S-04,ภาคอีสาน,45581.62,211
2023-05-12,S-05,ภาคเหนือ,48262.9,174
2023-05-12,S-06,ภาคใต้,42900.35,205
2023-05-12,S-90,ภาคกลาง,80438.16,370
2023-05-13,S-01,ภาคกลาง,105094.1,370
2023-05-13,S-02,ภาคกลาง,105094.1,566
2023-05-13,S-03,ภาคอีสาน,59553.33,208
2023-05-13,S-04,ภาคอีสาน,59553.33,210
2023-05-13,S-05,ภาคเหนือ,63056.46,203
2023-05-13,S-06,ภาคใต้,56050.19,254
2023-05-13,S-90,ภาคกลาง,105094.1,450
2023-05-14,S-01,ภาคกลาง,95389.61,325
2023-05-14,S-02,ภาคกลาง,95389.61,353
2023-05-14,S-03,ภาคอีสาน,54054.11,244
2023-05-14,S-04,ภาคอีสาน,54054.11,243
2023-05-14,S-05,ภาคเหนือ,57233.77,244
2023-05-14,S-06,ภาคใต้,50874.46,246
2023-05-14,S-90,ภาคกลาง,95389.61,305
2023-05-15,S-01,ภาคกลาง,72876.38,400
2023-05-15,S-02,ภาคกลาง,72876.38,253
2023-05-15,S-03,ภาคอีสาน,41296.61,133
2023-05-15,S-04,ภาคอีสาน,41296.61,179
2023-05-15,S-05,ภาคเหนือ,43725.83,241
2023-05-15,S-06,ภาคใต้,38867.4,207
2023-05-15,S-90,ภาคกลาง,72876.38,281
2023-05-16,S-01,ภาคกลาง,75872.86,364
2023-05-16,S-02,ภาคกลาง,75872.86,340
2023-05-16,S-03,ภาคอีสาน,42994.62,140
2023-05-16,S-04,ภาคอีสาน,42994.62,238
2023-05-16,S-05,ภาคเหนือ,45523.72,239
2023-05-16,S-06,ภาคใต้,40465.53,211
2023-05-16,S-90,ภาคกลาง,75872.86,275
2023-05-17,S-01,ภาคกลาง,68534.35,322
2023-05-17,S-02,ภาคกลาง,68534.35,241
2023-05-17,S-03,ภาคอีสาน,38836.13,138
2023-05-17,S-04,ภาคอีสาน,38836.13,143
2023-05-17,S-05,ภาคเหนือ,41120.61,169
2023-05-17,S-06,ภาคใต้,36551.66,144
2023-05-17,S-90,ภาคกลาง,68534.35,358
2023-05-18,S-01,ภาคกลาง,78958.81,416
2023-05-18,S-02,ภาคกลาง,78958.81,333
2023-05-18,S-03,ภาคอีสาน,44743.33,235
2023-05-18,S-04,ภาคอีสาน,44743.33,187
2023-05-18,S-05,ภาคเหนือ,47375.29,155
2023-05-18,S-06,ภาคใต้,42111.37,178
2023-05-18,S-90,ภาคกลาง,78958.81,304
2023-05-19,S-01,ภาคกลาง,69322.52,286
2023-05-19,S-02,ภาคกลาง,69322.52,259
2023-05-19,S-03,ภาคอีสาน,39282.76,182
2023-05-19,S-04,ภาคอีสาน,39282.76,175
2023-05-19,S-05,ภาคเหนือ,41593.51,151
2023-05-19,S-06,ภาคใต้,36972.01,165
2023-05-19,S-90,ภาคกลาง,69322.52,286
2023-05-20,S-01,ภาคกลาง,107627.79,478
2023-05-20,S-02,ภาคกลาง,107627.79,354
2023-05-20,S-03,ภาคอีสาน,60989.08,281
2023-05-20,S-04,ภาคอีสาน,60989.08,309
2023-05-20,S-05,ภาคเหนือ,64576.67,266
2023-05-20,S-06,ภาคใต้,57401.49,285
2023-05-20,S-90,ภาคกลาง,107627.79,410
2023-05-21,S-01,ภาคกลาง,107456.7,449
2023-05-21,S-02,ภาคกลาง,107456.7,466
2023-05-21,S-03,ภาคอีสาน,60892.13,202
2023-05-21,S-04,ภาคอีสาน,60892.13,275
2023-05-21,S-05,ภาคเหนือ,64474.02,236
2023-05-21,S-06,ภาคใต้,57310.24,290
2023-05-21,S-90,ภาคกลาง,107456.7,342
2023-05-22,S-01,ภาคกลาง,77306.62,271
2023-05-22,S-02,ภาคกลาง,77306.62,379
2023-05-22,S-03,ภาคอีสาน,43807.09,144
2023-05-22,S-04,ภาคอีสาน,43807.09,156
2023-05-22,S-05,ภาคเหนือ,46383.97,155
2023-05-22,S-06,ภาคใต้,41230.2,129
2023-05-22,S-90,ภาคกลาง,77306.62,353
2023-05-23,S-01,ภาคกลาง,73548.4,234
2023-05-23,S-02,ภาคกลาง,73548.4,305
2023-05-23,S-03,ภาคอีสาน,41677.43,134
2023-05-23,S-04,ภาคอีสาน,41677.43,146
2023-05-23,S-05,ภาคเหนือ,44129.04,182
2023-05-23,S-06,ภาคใต้,39225.81,210
2023-05-23,S-90,ภาคกลาง,73548.4,276
2023-05-24,S-01,ภาคกลาง,66319.73,264
2023-05-24,S-02,ภาคกลาง,66319.73,236
2023-05-24,S-03,ภาคอีสาน,37581.18,123
2023-05-24,S-04,ภาคอีสาน,37581.18,120
2023-05-24,S-05,ภาคเหนือ,39791.84,137
2023-05-24,S-06,ภาคใต้,35370.52,125
2023-05-24,S-90,ภาคกลาง,66319.73,224
2023-05-25,S-01,ภาคกลาง,75845.45,284
2023-05-25,S-02,ภาคกลาง,75845.45,304
2023-05-25,S-03,ภาคอีสาน,42979.09,182
2023-05-25,S-04,ภาคอีสาน,42979.09,209
2023-05-25,S-05,ภาคเหนือ,45507.27,143
2023-05-25,S-06,ภาคใต้,40450.9,209
2023-05-25,S-90,ภาคกลาง,75845.45,312
2023-05-26,S-01,ภาคกลาง,70875.22,294
2023-05-26,S-02,ภาคกลาง,70875.22,281
2023-05-26,S-03,ภาคอีสาน,40162.63,146
2023-05-26,S-04,ภาคอีสาน,40162.63,132
2023-05-26,S-05,ภาคเหนือ,42525.13,179
2023-05-26,S-06,ภาคใต้,37800.12,118
2023-05-26,S-90,ภาคกลาง,70875.22,270
2023-05-27,S-01,ภาคกลาง,101488.09,551
2023-05-27,S-02,ภาคกลาง,101488.09,385
2023-05-27,S-03,ภาคอีสาน,57509.92,247
2023-05-27,S-04,ภาคอีสาน,57509.92,298
2023-05-27,S-05,ภาคเหนือ,60892.86,210
2023-05-27,S-06,ภาคใต้,54126.98,252
2023-05-27,S-90,ภาคกลาง,101488.09,338
2023-05-28,S-01,ภาคกลาง,90985.6,297
2023-05-28,S-02,ภาคกลาง,90985.6,381
2023-05-28,S-03,ภาคอีสาน,51558.5,218
2023-05-28,S-04,ภาคอีสาน,51558.5,183
2023-05-28,S-05,ภาคเหนือ,54591.36,180
2023-05-28,S-06,ภาคใต้,48525.65,206
2023-05-28,S-90,ภาคกลาง,90985.6,369
2023-05-29,S-01,ภาคกลาง,67095.34,318
2023-05-29,S-02,ภาคกลาง,67095.34,295
2023-05-29,S-03,ภาคอีสาน,38020.69,186
2023-05-29,S-04,ภาคอีสาน,38020.69,185
2023-05-29,S-05,ภาคเหนือ,40257.2,199
2023-05-29,S-06,ภาคใต้,35784.18,112
2023-05-29,S-90,ภาคกลาง,67095.34,311
2023-05-30,S-01,ภาคกลาง,70260.75,273
2023-05-30,S-02,ภาคกลาง,70260.75,327
2023-05-30,S-03,ภาคอีสาน,39814.42,154
2023-05-30,S-04,ภาคอีสาน,39814.42,156
2023-05-30,S-05,ภาคเหนือ,42156.45,162
2023-05-30,S-06,ภาคใต้,37472.4,152
2023-05-30,S-90,ภาคกลาง,70260.75,355
2023-05-31,S-01,ภาคกลาง,79118.66,433
2023-05-31,S-02,ภาคกลาง,79118.66,304
2023-05-31,S-03,ภาคอีสาน,44833.91,226
2023-05-31,S-04,ภาคอีสาน,44833.91,195
2023-05-31,S-05,ภาคเหนือ,47471.2,233
2023-05-31,S-06,ภาคใต้,42196.62,141
2023-05-31,S-90,ภาคกลาง,79118.66,356
2023-06-01,S-01,ภาคกลาง,76524.3,416
2023-06-01,S-02,ภาคกลาง,76524.3,314
2023-06-01,S-03,ภาคอีสาน,43363.77,188
2023-06-01,S-04,ภาคอีสาน,43363.77,170
2023-06-01,S-05,ภาคเหนือ,45914.58,166
2023-06-01,S-06,ภาคใต้,40812.96,128
2023-06-01,S-90,ภาคกลาง,76524.3,239
2023-06-02,S-01,ภาคกลาง,78853.84,264
2023-06-02,S-02,ภาคกลาง,78853.84,408
2023-06-02,S-03,ภาคอีสาน,44683.84,161
2023-06-02,S-04,ภาคอีสาน,44683.84,174
2023-06-02,S-05,ภาคเหนือ,47312.3,230
2023-06-02,S-06,ภาคใต้,42055.38,221
2023-06-02,S-90,ภาคกลาง,78853.84,279
2023-06-03,S-01,ภาคกลาง,90271.81,326
2023-06-03,S-02,ภาคกลาง,90271.81,486
2023-06-03,S-03,ภาคอีสาน,51154.03,164
2023-06-03,S-04,ภาคอีสาน,51154.03,181
2023-06-03,S-05,ภาคเหนือ,54163.09,247
2023-06-03,S-06,ภาคใต้,48144.96,216
2023-06-03,S-90,ภาคกลาง,90271.81,282
2023-06-04,S-01,ภาคกลาง,103310.41,428
2023-06-04,S-02,ภาคกลาง,103310.41,471
2023-06-04,S-03,ภาคอีสาน,58542.56,260
2023-06-04,S-04,ภาคอีสาน,58542.56,185
2023-06-04,S-05,ภาคเหนือ,61986.24,219
2023-06-04,S-06,ภาคใต้,55098.88,217
2023-06-04,S-90,ภาคกลาง,103310.41,370
2023-06-05,S-01,ภาคกลาง,70957.97,232
2023-06-05,S-02,ภาคกลาง,70957.97,346
2023-06-05,S-03,ภาคอีสาน,40209.51,215
2023-06-05,S-04,ภาคอีสาน,40209.51,133
2023-06-05,S-05,ภาคเหนือ,42574.78,151
2023-06-05,S-06,ภาคใต้,37844.25,179
2023-06-05,S-90,ภาคกลาง,70957.97,304
2023-06-06,S-01,ภาคกลาง,81358.09,431
2023-06-06,S-02,ภาคกลาง,81358.09,432
2023-06-06,S-03,ภาคอีสาน,46102.92,177
2023-06-06,S-04,ภาคอีสาน,46102.92,228
2023-06-06,S-05,ภาคเหนือ,48814.86,229
2023-06-06,S-06,ภาคใต้,43390.98,234
2023-06-06,S-90,ภาคกลาง,81358.09,277
2023-06-07,S-01,ภาคกลาง,67210.33,308
2023-06-07,S-02,ภาคกลาง,67210.33,296
2023-06-07,S-03,ภาคอีสาน,38085.85,196
2023-06-07,S-04,ภาคอีสาน,38085.85,126
2023-06-07,S-05,ภาคเหนือ,40326.2,190
2023-06-07,S-06,ภาคใต้,35845.51,139
2023-06-07,S-90,ภาคกลาง,67210.33,242
2023-06-08,S-01,ภาคกลาง,80664.68,272
2023-06-08,S-02,ภาคกลาง,80664.68,327
2023-06-08,S-03,ภาคอีสาน,45709.98,163
2023-06-08,S-04,ภาคอีสาน,45709.98,211
2023-06-08,S-05,ภาคเหนือ,48398.81,191
2023-06-08,S-06,ภาคใต้,43021.16,189
2023-06-08,S-90,ภาคกลาง,80664.68,404
2023-06-09,S-01,ภาคกลาง,72679.18,377
2023-06-09,S-02,ภาคกลาง,72679.18,379
2023-06-09,S-03,ภาคอีสาน,41184.87,132
2023-06-09,S-04,ภาคอีสาน,41184.87,154
2023-06-09,S-05,ภาคเหนือ,43607.51,185
2023-06-09,S-06,ภาคใต้,38762.23,175
2023-06-09,S-90,ภาคกลาง,72679.18,369
2023-06-10,S-01,ภาคกลาง,98430.69,398
2023-06-10,S-02,ภาคกลาง,98430.69,370
2023-06-10,S-03,ภาคอีสาน,55777.39,259
2023-06-10,S-04,ภาคอีสาน,55777.39,190
2023-06-10,S-05,ภาคเหนือ,59058.42,214
2023-06-10,S-06,ภาคใต้,52496.37,270
2023-06-10,S-90,ภาคกลาง,98430.69,411
2023-06-11,S-01,ภาคกลาง,94410.63,446
2023-06-11,S-02,ภาคกลาง,94410.63,329
2023-06-11,S-03,ภาคอีสาน,53499.36,203
2023-06-11,S-04,ภาคอีสาน,53499.36,276
2023-06-11,S-05,ภาคเหนือ,56646.38,226
2023-06-11,S-06,ภาคใต้,50352.34,197
2023-06-11,S-90,ภาคกลาง,94410.63,350
2023-06-12,S-01,ภาคกลาง,82497.74,410
2023-06-12,S-02,ภาคกลาง,82497.74,285
2023-06-12,S-03,ภาคอีสาน,46748.72,166
2023-06-12,S-04,ภาคอีสาน,46748.72,148
2023-06-12,S-05,ภาคเหนือ,49498.65,199
2023-06-12,S-06,ภาคใต้,43998.8,238
2023-06-12,S-90,ภาคกลาง,82497.74,368
2023-06-13,S-01,ภาคกลาง,79389.5,332
2023-06-13,S-02,ภาคกลาง,79389.5,423
2023-06-13,S-03,ภาคอีสาน,44987.38,237
2023-06-13,S-04,ภาคอีสาน,44987.38,189
2023-06-13,S-05,ภาคเหนือ,47633.7,166
2023-06-13,S-06,ภาคใต้,42341.07,143
2023-06-13,S-90,ภาคกลาง,79389.5,249
2023-06-14,S-01,ภาคกลาง,71681.86,329
2023-06-14,S-02,ภาคกลาง,71681.86,323
2023-06-14,S-03,ภาคอีสาน,40619.72,176
2023-06-14,S-04,ภาคอีสาน,40619.72,166
2023-06-14,S-05,ภาคเหนือ,43009.12,135
2023-06-14,S-06,ภาคใต้,38230.33,158
2023-06-14,S-90,ภาคกลาง,71681.86,281
2023-06-15,S-01,ภาคกลาง,81618.26,294
2023-06-15,S-02,ภาคกลาง,81618.26,450
2023-06-15,S-03,ภาคอีสาน,46250.35,156
2023-06-15,S-04,ภาคอีสาน,46250.35,247
2023-06-15,S-05,ภาคเหนือ,48970.96,207
2023-06-15,S-06,ภาคใต้,43529.74,169
2023-06-15,S-90,ภาคกลาง,81618.26,271
2023-06-16,S-01,ภาคกลาง,70864.77,237
2023-06-16,S-02,ภาคกลาง,70864.77,276
2023-06-16,S-03,ภาคอีสาน,40156.7,165
2023-06-16,S-04,ภาคอีสาน,40156.7,196
2023-06-16,S-05,ภาคเหนือ,42518.86,141
2023-06-16,S-06,ภาคใต้,37794.54,120
2023-06-16,S-90,ภาคกลาง,70864.77,234
2023-06-17,S-01,ภาคกลาง,92882.36,456
2023-06-17,S-02,ภาคกลาง,92882.36,337
2023-06-17,S-03,ภาคอีสาน,52633.34,180
2023-06-17,S-04,ภาคอีสาน,52633.34,205
2023-06-17,S-05,ภาคเหนือ,55729.42,303
2023-06-17,S-06,ภาคใต้,49537.26,212
2023-06-17,S-90,ภาคกลาง,92882.36,364
2023-06-18,S-01,ภาคกลาง,91920.16,309
2023-06-18,S-02,ภาคกลาง,91920.16,291
2023-06-18,S-03,ภาคอีสาน,52088.09,274
2023-06-18,S-04,ภาคอีสาน,52088.09,171
2023-06-18,S-05,ภาคเหนือ,55152.09,207
2023-06-18,S-06,ภาคใต้,49024.08,173
2023-06-18,S-90,ภาคกลาง,91920.16,312
2023-06-19,S-01,ภาคกลาง,79568.07,264
2023-06-19,S-02,ภาคกลาง,79568.07,266
2023-06-19,S-03,ภาคอีสาน,45088.57,250
2023-06-19,S-04,ภาคอีสาน,45088.57,194
2023-06-19,S-05,ภาคเหนือ,47740.84,165
2023-06-19,S-06,ภาคใต้,42436.31,187
2023-06-19,S-90,ภาคกลาง,79568.07,277
2023-06-20,S-01,ภาคกลาง,80323.23,340
2023-06-20,S-02,ภาคกลาง,80323.23,339
2023-06-20,S-03,ภาคอีสาน,45516.49,249
2023-06-20,S-04,ภาคอีสาน,45516.49,207
2023-06-20,S-05,ภาคเหนือ,48193.94,173
2023-06-20,S-06,ภาคใต้,42839.05,176
2023-06-20,S-90,ภาคกลาง,80323.23,273
2023-06-21,S-01,ภาคกลาง,81122.99,326
2023-06-21,S-02,ภาคกลาง,81122.99,417
2023-06-21,S-03,ภาคอีสาน,45969.69,210
2023-06-21,S-04,ภาคอีสาน,45969.69,146
2023-06-21,S-05,ภาคเหนือ,48673.79,156
2023-06-21,S-06,ภาคใต้,43265.59,198
2023-06-21,S-90,ภาคกลาง,81122.99,263
2023-06-22,S-01,ภาคกลาง,68580.66,266
2023-06-22,S-02,ภาคกลาง,68580.66,328
2023-06-22,S-03,ภาคอีสาน,38862.37,131
2023-06-22,S-04,ภาคอีสาน,38862.37,135
2023-06-22,S-05,ภาคเหนือ,41148.39,143
2023-06-22,S-06,ภาคใต้,36576.35,130
2023-06-22,S-90,ภาคกลาง,68580.66,241
2023-06-23,S-01,ภาคกลาง,81307.82,447
2023-06-23,S-02,ภาคกลาง,81307.82,352
2023-06-23,S-03,ภาคอีสาน,46074.43,172
2023-06-23,S-04,ภาคอีสาน,46074.43,178
2023-06-23,S-05,ภาคเหนือ,48784.69,179
2023-06-23,S-06,ภาคใต้,43364.17,162
2023-06-23,S-90,ภาคกลาง,81307.82,329
2023-06-24,S-01,ภาคกลาง,91458.89,295
2023-06-24,S-02,ภาคกลาง,91458.89,480
2023-06-24,S-03,ภาคอีสาน,51826.71,194
2023-06-24,S-04,ภาคอีสาน,51826.71,201
2023-06-24,S-05,ภาคเหนือ,54875.34,227
2023-06-24,S-06,ภาคใต้,48778.08,193
2023-06-24,S-90,ภาคกลาง,91458.89,293
2023-06-25,S-01,ภาคกลาง,91820.75,487
2023-06-25,S-02,ภาคกลาง,91820.75,478
2023-06-25,S-03,ภาคอีสาน,52031.76,201
2023-06-25,S-04,ภาคอีสาน,52031.76,262
2023-06-25,S-05,ภาคเหนือ,55092.45,179
2023-06-25,S-06,ภาคใต้,48971.07,196
2023-06-25,S-90,ภาคกลาง,91820.75,384
2023-06-26,S-01,ภาคกลาง,71628.97,364
2023-06-26,S-02,ภาคกลาง,71628.97,256
2023-06-26,S-03,ภาคอีสาน,40589.75,137
2023-06-26,S-04,ภาคอีสาน,40589.75,187
2023-06-26,S-05,ภาคเหนือ,42977.38,198
2023-06-26,S-06,ภาคใต้,38202.12,186
2023-06-26,S-90,ภาคกลาง,71628.97,281
2023-06-27,S-01,ภาคกลาง,79936.07,273
2023-06-27,S-02,ภาคกลาง,79936.07,407
2023-06-27,S-03,ภาคอีสาน,45297.11,147
2023-06-27,S-04,ภาคอีสาน,45297.11,172
2023-06-27,S-05,ภาคเหนือ,47961.64,240
2023-06-27,S-06,ภาคใต้,42632.57,149
2023-06-27,S-90,ภาคกลาง,79936.07,277
2023-06-28,S-01,ภาคกลาง,66141.19,257
2023-06-28,S-02,ภาคกลาง,66141.19,273
2023-06-28,S-03,ภาคอีสาน,37480.01,148
2023-06-28,S-04,ภาคอีสาน,37480.01,141
2023-06-28,S-05,ภาคเหนือ,39684.71,124
2023-06-28,S-06,ภาคใต้,35275.3,155
2023-06-28,S-90,ภาคกลาง,66141.19,234
2023-06-29,S-01,ภาคกลาง,74446.87,343
2023-06-29,S-02,ภาคกลาง,74446.87,234
2023-06-29,S-03,ภาคอีสาน,42186.56,147
2023-06-29,S-04,ภาคอีสาน,42186.56,132
2023-06-29,S-05,ภาคเหนือ,44668.12,219
2023-06-29,S-06,ภาคใต้,39705.0,141
2023-06-29,S-90,ภาคกลาง,74446.87,290
2023-06-30,S-01,ภาคกลาง,67057.03,313
2023-06-30,S-02,ภาคกลาง,67057.03,211
2023-06-30,S-03,ภาคอีสาน,37998.99,151
2023-06-30,S-04,ภาคอีสาน,37998.99,187
2023-06-30,S-05,ภาคเหนือ,40234.22,144
2023-06-30,S-06,ภาคใต้,35763.75,172
2023-06-30,S-90,ภาคกลาง,67057.03,335
2023-07-01,S-01,ภาคกลาง,105901.24,427
2023-07-01,S-02,ภาคกลาง,105901.24,477
2023-07-01,S-03,ภาคอีสาน,60010.7,212
2023-07-01,S-04,ภาคอีสาน,60010.7,301
2023-07-01,S-05,ภาคเหนือ,63540.74,337
2023-07-01,S-06,ภาคใต้,56480.66,233
2023-07-01,S-90,ภาคกลาง,105901.24,554
2023-07-02,S-01,ภาคกลาง,92293.77,327
2023-07-02,S-02,ภาคกลาง,92293.77,334
2023-07-02,S-03,ภาคอีสาน,52299.8,166
2023-07-02,S-04,ภาคอีสาน,52299.8,278
2023-07-02,S-05,ภาคเหนือ,55376.26,305
2023-07-02,S-06,ภาคใต้,49223.35,216
2023-07-02,S-90,ภาคกลาง,92293.77,421
2023-07-03,S-01,ภาคกลาง,79483.47,391
2023-07-03,S-02,ภาคกลาง,79483.47,320
2023-07-03,S-03,ภาคอีสาน,45040.63,174
2023-07-03,S-04,ภาคอีสาน,45040.63,160
2023-07-03,S-05,ภาคเหนือ,47690.08,192
2023-07-03,S-06,ภาคใต้,42391.19,162
2023-07-03,S-90,ภาคกลาง,79483.47,266
2023-07-04,S-01,ภาคกลาง,80108.34,349
2023-07-04,S-02,ภาคกลาง,80108.34,430
2023-07-04,S-03,ภาคอีสาน,45394.72,145
2023-07-04,S-04,ภาคอีสาน,45394.72,204
2023-07-04,S-05,ภาคเหนือ,48065.0,214
2023-07-04,S-06,ภาคใต้,42724.45,145
2023-07-04,S-90,ภาคกลาง,80108.34,415
2023-07-05,S-01,ภาคกลาง,79515.51,270
2023-07-05,S-02,ภาคกลาง,79515.51,323
2023-07-05,S-03,ภาคอีสาน,45058.79,156
2023-07-05,S-04,ภาคอีสาน,45058.79,146
2023-07-05,S-05,ภาคเหนือ,47709.31,161
2023-07-05,S-06,ภาคใต้,42408.27,151
2023-07-05,S-90,ภาคกลาง,79515.51,322
2023-07-06,S-01,ภาคกลาง,70633.35,232
2023-07-06,S-02,ภาคกลาง,70633.35,225
2023-07-06,S-03,ภาคอีสาน,40025.57,131
2023-07-06,S-04,ภาคอีสาน,40025.57,166
2023-07-06,S-05,ภาคเหนือ,42380.01,170
2023-07-06,S-06,ภาคใต้,37671.12,169
2023-07-06,S-90,ภาคกลาง,70633.35,248
2023-07-07,S-01,ภาคกลาง,79369.59,355
2023-07-07,S-02,ภาคกลาง,79369.59,284
2023-07-07,S-03,ภาคอีสาน,44976.1,143
2023-07-07,S-04,ภาคอีสาน,44976.1,175
2023-07-07,S-05,ภาคเหนือ,47621.76,164
2023-07-07,S-06,ภาคใต้,42330.45,189
2023-07-07,S-90,ภาคกลาง,79369.59,366
2023-07-08,S-01,ภาคกลาง,88873.75,407
2023-07-08,S-02,ภาคกลาง,88873.75,297
2023-07-08,S-03,ภาคอีสาน,50361.79,157
2023-07-08,S-04,ภาคอีสาน,50361.79,263
2023-07-08,S-05,ภาคเหนือ,53324.25,187
2023-07-08,S-06,ภาคใต้,47399.33,262
2023-07-08,S-90,ภาคกลาง,88873.75,445
2023-07-09,S-01,ภาคกลาง,104798.91,426
2023-07-09,S-02,ภาคกลาง,104798.91,529
2023-07-09,S-03,ภาคอีสาน,59386.05,186
2023-07-09,S-04,ภาคอีสาน,59386.05,195
2023-07-09,S-05,ภาคเหนือ,62879.35,262
2023-07-09,S-06,ภาคใต้,55892.75,255
2023-07-09,S-90,ภาคกลาง,104798.91,447
2023-07-10,S-01,ภาคกลาง,77901.59,296
2023-07-10,S-02,ภาคกลาง,77901.59,249
2023-07-10,S-03,ภาคอีสาน,44144.24,172
2023-07-10,S-04,ภาคอีสาน,44144.24,147
2023-07-10,S-05,ภาคเหนือ,46740.96,182
2023-07-10,S-06,ภาคใต้,41547.52,153
2023-07-10,S-90,ภาคกลาง,77901.59,356
2023-07-11,S-01,ภาคกลาง,72433.82,292
2023-07-11,S-02,ภาคกลาง,72433.82,313
2023-07-11,S-03,ภาคอีสาน,41045.83,183
2023-07-11,S-04,ภาคอีสาน,41045.83,195
2023-07-11,S-05,ภาคเหนือ,43460.29,146
2023-07-11,S-06,ภาคใต้,38631.37,160
2023-07-11,S-90,ภาคกลาง,72433.82,334
2023-07-12,S-01,ภาคกลาง,62988.59,197
2023-07-12,S-02,ภาคกลาง,62988.59,197
2023-07-12,S-03,ภาคอีสาน,35693.54,115
2023-07-12,S-04,ภาคอีสาน,35693.54,129
2023-07-12,S-05,ภาคเหนือ,37793.16,121
2023-07-12,S-06,ภาคใต้,33593.92,146
2023-07-12,S-90,ภาคกลาง,62988.59,229
2023-07-13,S-01,ภาคกลาง,67807.95,256
2023-07-13,S-02,ภาคกลาง,67807.95,357
2023-07-13,S-03,ภาคอีสาน,38424.5,202
2023-07-13,S-04,ภาคอีสาน,38424.5,204
2023-07-13,S-05,ภาคเหนือ,40684.77,219
2023-07-13,S-06,ภาคใต้,36164.24,138
2023-07-13,S-90,ภาคกลาง,67807.95,252
2023-07-14,S-01,ภาคกลาง,78471.97,265
2023-07-14,S-02,ภาคกลาง,78471.97,370
2023-07-14,S-03,ภาคอีสาน,44467.45,151
2023-07-14,S-04,ภาคอีสาน,44467.45,205
2023-07-14,S-05,ภาคเหนือ,47083.18,241
2023-07-14,S-06,ภาคใต้,41851.72,168
2023-07-14,S-90,ภาคกลาง,78471.97,330
2023-07-15,S-01,ภาคกลาง,86774.96,446
2023-07-15,S-02,ภาคกลาง,86774.96,283
2023-07-15,S-03,ภาคอีสาน,49172.48,224
2023-07-15,S-04,ภาคอีสาน,49172.48,158
2023-07-15,S-05,ภาคเหนือ,52064.98,207
2023-07-15,S-06,ภาคใต้,46279.98,178
2023-07-15,S-90,ภาคกลาง,86774.96,303
2023-07-16,S-01,ภาคกลาง,97485.64,366
2023-07-16,S-02,ภาคกลาง,97485.64,355
2023-07-16,S-03,ภาคอีสาน,55241.86,178
2023-07-16,S-04,ภาคอีสาน,55241.86,187
2023-07-16,S-05,ภาคเหนือ,58491.38,258
2023-07-16,S-06,ภาคใต้,51992.34,276
2023-07-16,S-90,ภาคกลาง,97485.64,391
2023-07-17,S-01,ภาคกลาง,75815.14,315
2023-07-17,S-02,ภาคกลาง,75815.14,251
2023-07-17,S-03,ภาคอีสาน,42961.91,228
2023-07-17,S-04,ภาคอีสาน,42961.91,156
2023-07-17,S-05,ภาคเหนือ,45489.08,143
2023-07-17,S-06,ภาคใต้,40434.74,193
2023-07-17,S-90,ภาคกลาง,75815.14,244
2023-07-18,S-01,ภาคกลาง,72414.28,310
2023-07-18,S-02,ภาคกลาง,72414.28,296
2023-07-18,S-03,ภาคอีสาน,41034.76,131
2023-07-18,S-04,ภาคอีสาน,41034.76,175
2023-07-18,S-05,ภาคเหนือ,43448.57,139
2023-07-18,S-06,ภาคใต้,38620.95,134
2023-07-18,S-90,ภาคกลาง,72414.28,400
2023-07-19,S-01,ภาคกลาง,69277.47,240
2023-07-19,S-02,ภาคกลาง,69277.47,364
2023-07-19,S-03,ภาคอีสาน,39257.23,177
2023-07-19,S-04,ภาคอีสาน,39257.23,188
2023-07-19,S-05,ภาคเหนือ,41566.48,145
2023-07-19,S-06,ภาคใต้,36947.98,131
2023-07-19,S-90,ภาคกลาง,69277.47,233
2023-07-20,S-01,ภาคกลาง,62773.47,308
2023-07-20,S-02,ภาคกลาง,62773.47,304
2023-07-20,S-03,ภาคอีสาน,35571.63,140
2023-07-20,S-04,ภาคอีสาน,35571.63,166
2023-07-20,S-05,ภาคเหนือ,37664.08,131
2023-07-20,S-06,ภาคใต้,33479.19,174
2023-07-20,S-90,ภาคกลาง,62773.47,201
2023-07-21,S-01,ภาคกลาง,66841.77,285
2023-07-21,S-02,ภาคกลาง,66841.77,300
2023-07-21,S-03,ภาคอีสาน,37877.0,119
2023-07-21,S-04,ภาคอีสาน,37877.0,165
2023-07-21,S-05,ภาคเหนือ,40105.06,219
2023-07-21,S-06,ภาคใต้,35648.94,180
2023-07-21,S-90,ภาคกลาง,66841.77,213
2023-07-22,S-01,ภาคกลาง,92987.36,480
2023-07-22,S-02,ภาคกลาง,92987.36,304
2023-07-22,S-03,ภาคอีสาน,52692.83,229
2023-07-22,S-04,ภาคอีสาน,52692.83,256
2023-07-22,S-05,ภาคเหนือ,55792.41,201
2023-07-22,S-06,ภาคใต้,49593.26,171
2023-07-22,S-90,ภาคกลาง,92987.36,374
2023-07-23,S-01,ภาคกลาง,103382.71,332
2023-07-23,S-02,ภาคกลาง,103382.71,332
2023-07-23,S-03,ภาคอีสาน,58583.54,226
2023-07-23,S-04,ภาคอีสาน,58583.54,205
2023-07-23,S-05,ภาคเหนือ,62029.63,205
2023-07-23,S-06,ภาคใต้,55137.45,279
2023-07-23,S-90,ภาคกลาง,103382.71,338
2023-07-24,S-01,ภาคกลาง,65375.25,255
2023-07-24,S-02,ภาคกลาง,65375.25,253
2023-07-24,S-03,ภาคอีสาน,37045.98,126
2023-07-24,S-04,ภาคอีสาน,37045.98,150
2023-07-24,S-05,ภาคเหนือ,39225.15,192
2023-07-24,S-06,ภาคใต้,34866.8,110
2023-07-24,S-90,ภาคกลาง,65375.25,263
2023-07-25,S-01,ภาคกลาง,76732.06,408
2023-07-25,S-02,ภาคกลาง,76732.06,345
2023-07-25,S-03,ภาคอีสาน,43481.5,191
2023-07-25,S-04,ภาคอีสาน,43481.5,139
2023-07-25,S-05,ภาคเหนือ,46039.24,193
2023-07-25,S-06,ภาคใต้,40923.77,139
2023-07-25,S-90,ภาคกลาง,76732.06,373
2023-07-26,S-01,ภาคกลาง,65879.53,299
2023-07-26,S-02,ภาคกลาง,65879.53,318
2023-07-26,S-03,ภาคอีสาน,37331.73,186
2023-07-26,S-04,ภาคอีสาน,37331.73,122
2023-07-26,S-05,ภาคเหนือ,39527.72,184
2023-07-26,S-06,ภาคใต้,35135.75,161
2023-07-26,S-90,ภาคกลาง,65879.53,360
2023-07-27,S-01,ภาคกลาง,72165.56,254
2023-07-27,S-02,ภาคกลาง,72165.56,251
2023-07-27,S-03,ภาคอีสาน,40893.82,164
2023-07-27,S-04,ภาคอีสาน,40893.82,214
2023-07-27,S-05,ภาคเหนือ,43299.33,137
2023-07-27,S-06,ภาคใต้,38488.3,211
2023-07-27,S-90,ภาคกลาง,72165.56,318
2023-07-28,S-01,ภาคกลาง,63347.18,301
2023-07-28,S-02,ภาคกลาง,63347.18,208
2023-07-28,S-03,ภาคอีสาน,35896.74,151
2023-07-28,S-04,ภาคอีสาน,35896.74,143
2023-07-28,S-05,ภาคเหนือ,38008.31,133
2023-07-28,S-06,ภาคใต้,33785.16,169
2023-07-28,S-90,ภาคกลาง,63347.18,226
2023-07-29,S-01,ภาคกลาง,91429.11,287
2023-07-29,S-02,ภาคกลาง,91429.11,449
2023-07-29,S-03,ภาคอีสาน,51809.83,176
2023-07-29,S-04,ภาคอีสาน,51809.83,219
2023-07-29,S-05,ภาคเหนือ,54857.46,231
2023-07-29,S-06,ภาคใต้,48762.19,188
2023-07-29,S-90,ภาคกลาง,91429.11,350
2023-07-30,S-01,ภาคกลาง,92971.88,475
2023-07-30,S-02,ภาคกลาง,92971.88,411
2023-07-30,S-03,ภาคอีสาน,52684.07,223
2023-07-30,S-04,ภาคอีสาน,52684.07,257
2023-07-30,S-05,ภาคเหนือ,55783.13,201
2023-07-30,S-06,ภาคใต้,49585.0,157
2023-07-30,S-90,ภาคกลาง,92971.88,416
2023-07-31,S-01,ภาคกลาง,66891.39,237
2023-07-31,S-02,ภาคกลาง,66891.39,211
2023-07-31,S-03,ภาคอีสาน,37905.12,121
2023-07-31,S-04,ภาคอีสาน,37905.12,167
2023-07-31,S-05,ภาคเหนือ,40134.83,175
2023-07-31,S-06,ภาคใต้,35675.41,193
2023-07-31,S-90,ภาคกลาง,66891.39,286
2023-08-01,S-01,ภาคกลาง,70130.1,336
2023-08-01,S-02,ภาคกลาง,70130.1,232
2023-08-01,S-03,ภาคอีสาน,39740.39,149
2023-08-01,S-04,ภาคอีสาน,39740.39,167
2023-08-01,S-05,ภาคเหนือ,42078.06,202
2023-08-01,S-06,ภาคใต้,37402.72,194
2023-08-01,S-90,ภาคกลาง,70130.1,247
2023-08-02,S-01,ภาคกลาง,73065.58,336
2023-08-02,S-02,ภาคกลาง,73065.58,261
2023-08-02,S-03,ภาคอีสาน,41403.83,139
2023-08-02,S-04,ภาคอีสาน,41403.83,165
2023-08-02,S-05,ภาคเหนือ,43839.35,143
2023-08-02,S-06,ภาคใต้,38968.31,139
2023-08-02,S-90,ภาคกลาง,73065.58,310
2023-08-03,S-01,ภาคกลาง,69537.29,229
2023-08-03,S-02,ภาคกลาง,69537.29,281
2023-08-03,S-03,ภาคอีสาน,39404.46,163
2023-08-03,S-04,ภาคอีสาน,39404.46,146
2023-08-03,S-05,ภาคเหนือ,41722.37,160
2023-08-03,S-06,ภาคใต้,37086.55,121
2023-08-03,S-90,ภาคกลาง,69537.29,228
2023-08-04,S-01,ภาคกลาง,66232.25,250
2023-08-04,S-02,ภาคกลาง,66232.25,284
2023-08-04,S-03,ภาคอีสาน,37531.61,172
2023-08-04,S-04,ภาคอีสาน,37531.61,172
2023-08-04,S-05,ภาคเหนือ,39739.35,125
2023-08-04,S-06,ภาคใต้,35323.87,120
2023-08-04,S-90,ภาคกลาง,66232.25,215
2023-08-05,S-01,ภาคกลาง,80030.89,314
2023-08-05,S-02,ภาคกลาง,80030.89,383
2023-08-05,S-03,ภาคอีสาน,45350.84,203
2023-08-05,S-04,ภาคอีสาน,45350.84,154
2023-08-05,S-05,ภาคเหนือ,48018.54,183
2023-08-05,S-06,ภาคใต้,42683.14,209
2023-08-05,S-90,ภาคกลาง,80030.89,402
2023-08-06,S-01,ภาคกลาง,81190.7,394
2023-08-06,S-02,ภาคกลาง,81190.7,254
2023-08-06,S-03,ภาคอีสาน,46008.06,148
2023-08-06,S-04,ภาคอีสาน,46008.06,183
2023-08-06,S-05,ภาคเหนือ,48714.42,163
2023-08-06,S-06,ภาคใต้,43301.71,222
2023-08-06,S-90,ภาคกลาง,81190.7,304
2023-08-07,S-01,ภาคกลาง,58740.02,235
2023-08-07,S-02,ภาคกลาง,58740.02,197
2023-08-07,S-03,ภาคอีสาน,33286.01,159
2023-08-07,S-04,ภาคอีสาน,33286.01,140
2023-08-07,S-05,ภาคเหนือ,35244.01,176
2023-08-07,S-06,ภาคใต้,31328.01,169
2023-08-07,S-90,ภาคกลาง,58740.02,202
2023-08-08,S-01,ภาคกลาง,58951.53,253
2023-08-08,S-02,ภาคกลาง,58951.53,217
2023-08-08,S-03,ภาคอีสาน,33405.87,167
2023-08-08,S-04,ภาคอีสาน,33405.87,124
2023-08-08,S-05,ภาคเหนือ,35370.92,171
2023-08-08,S-06,ภาคใต้,31440.82,102
2023-08-08,S-90,ภาคกลาง,58951.53,229
2023-08-09,S-01,ภาคกลาง,60010.91,238
2023-08-09,S-02,ภาคกลาง,60010.91,258
2023-08-09,S-03,ภาคอีสาน,34006.18,114
2023-08-09,S-04,ภาคอีสาน,34006.18,132
2023-08-09,S-05,ภาคเหนือ,36006.55,123
2023-08-09,S-06,ภาคใต้,32005.82,119
2023-08-09,S-90,ภาคกลาง,60010.91,216
2023-08-10,S-01,ภาคกลาง,72560.27,376
2023-08-10,S-02,ภาคกลาง,72560.27,228
2023-08-10,S-03,ภาคอีสาน,41117.49,201
2023-08-10,S-04,ภาคอีสาน,41117.49,145
2023-08-10,S-05,ภาคเหนือ,43536.16,225
2023-08-10,S-06,ภาคใต้,38698.81,162
2023-08-10,S-90,ภาคกลาง,72560.27,294
2023-08-11,S-01,ภาคกลาง,60921.67,274
2023-08-11,S-02,ภาคกลาง,60921.67,256
2023-08-11,S-03,ภาคอีสาน,34522.28,129
2023-08-11,S-04,ภาคอีสาน,34522.28,147
2023-08-11,S-05,ภาคเหนือ,36553.0,139
2023-08-11,S-06,ภาคใต้,32491.56,136
2023-08-11,S-90,ภาคกลาง,60921.67,293
2023-08-12,S-01,ภาคกลาง,94689.73,328
2023-08-12,S-02,ภาคกลาง,94689.73,389
2023-08-12,S-03,ภาคอีสาน,53657.51,219
2023-08-12,S-04,ภาคอีสาน,53657.51,195
2023-08-12,S-05,ภาคเหนือ,56813.84,185
2023-08-12,S-06,ภาคใต้,50501.19,177
2023-08-12,S-90,ภาคกลาง,94689.73,296
2023-08-13,S-01,ภาคกลาง,94325.11,474
2023-08-13,S-02,ภาคกลาง,94325.11,306
2023-08-13,S-03,ภาคอีสาน,53450.9,229
2023-08-13,S-04,ภาคอีสาน,53450.9,205
2023-08-13,S-05,ภาคเหนือ,56595.07,211
2023-08-13,S-06,ภาคใต้,50306.72,243
2023-08-13,S-90,ภาคกลาง,94325.11,301
2023-08-14,S-01,ภาคกลาง,67086.08,314
2023-08-14,S-02,ภาคกลาง,67086.08,285
2023-08-14,S-03,ภาคอีสาน,38015.45,142
2023-08-14,S-04,ภาคอีสาน,38015.45,153
2023-08-14,S-05,ภาคเหนือ,40251.65,167
2023-08-14,S-06,ภาคใต้,35779.24,119
2023-08-14,S-90,ภาคกลาง,67086.08,296
2023-08-15,S-01,ภาคกลาง,65428.52,285
2023-08-15,S-02,ภาคกลาง,65428.52,245
2023-08-15,S-03,ภาคอีสาน,37076.16,205
2023-08-15,S-04,ภาคอีสาน,37076.16,120
2023-08-15,S-05,ภาคเหนือ,39257.11,135
2023-08-15,S-06,ภาคใต้,34895.21,150
2023-08-15,S-90,ภาคกลาง,65428.52,286
2023-08-16,S-01,ภาคกลาง,58163.37,218
2023-08-16,S-02,ภาคกลาง,58163.37,185
2023-08-16,S-03,ภาคอีสาน,32959.24,132
2023-08-16,S-04,ภาคอีสาน,32959.24,153
2023-08-16,S-05,ภาคเหนือ,34898.02,116
2023-08-16,S-06,ภาคใต้,31020.47,126
2023-08-16,S-90,ภาคกลาง,58163.37,268
2023-08-17,S-01,ภาคกลาง,61025.14,208
2023-08-17,S-02,ภาคกลาง,61025.14,199
2023-08-17,S-03,ภาคอีสาน,34580.91,138
2023-08-17,S-04,ภาคอีสาน,34580.91,175
2023-08-17,S-05,ภาคเหนือ,36615.08,128
2023-08-17,S-06,ภาคใต้,32546.74,109
2023-08-17,S-90,ภาคกลาง,61025.14,335
2023-08-18,S-01,ภาคกลาง,64597.24,215
2023-08-18,S-02,ภาคกลาง,64597.24,241
2023-08-18,S-03,ภาคอีสาน,36605.1,158
2023-08-18,S-04,ภาคอีสาน,36605.1,119
2023-08-18,S-05,ภาคเหนือ,38758.34,192
2023-08-18,S-06,ภาคใต้,34451.86,129
2023-08-18,S-90,ภาคกลาง,64597.24,350
2023-08-19,S-01,ภาคกลาง,76280.37,243
2023-08-19,S-02,ภาคกลาง,76280.37,306
2023-08-19,S-03,ภาคอีสาน,43225.54,143
2023-08-19,S-04,ภาคอีสาน,43225.54,141
2023-08-19,S-05,ภาคเหนือ,45768.22,161
2023-08-19,S-06,ภาคใต้,40682.86,140
2023-08-19,S-90,ภาคกลาง,76280.37,291
2023-08-20,S-01,ภาคกลาง,82804.16,457
2023-08-20,S-02,ภาคกลาง,82804.16,318
2023-08-20,S-03,ภาคอีสาน,46922.35,176
2023-08-20,S-04,ภาคอีสาน,46922.35,176
2023-08-20,S-05,ภาคเหนือ,49682.49,226
2023-08-20,S-06,ภาคใต้,44162.22,142
2023-08-20,S-90,ภาคกลาง,82804.16,363
2023-08-21,S-01,ภาคกลาง,57796.02,232
2023-08-21,S-02,ภาคกลาง,57796.02,193
2023-08-21,S-03,ภาคอีสาน,32751.08,130
2023-08-21,S-04,ภาคอีสาน,32751.08,137
2023-08-21,S-05,ภาคเหนือ,34677.61,157
2023-08-21,S-06,ภาคใต้,30824.54,118
2023-08-21,S-90,ภาคกลาง,57796.02,256
2023-08-22,S-01,ภาคกลาง,67071.29,269
2023-08-22,S-02,ภาคกลาง,67071.29,214
2023-08-22,S-03,ภาคอีสาน,38007.07,120
2023-08-22,S-04,ภาคอีสาน,38007.07,132
2023-08-22,S-05,ภาคเหนือ,40242.77,177
2023-08-22,S-06,ภาคใต้,35771.36,127
2023-08-22,S-90,ภาคกลาง,67071.29,217
2023-08-23,S-01,ภาคกลาง,57333.95,187
2023-08-23,S-02,ภาคกลาง,57333.95,224
2023-08-23,S-03,ภาคอีสาน,32489.24,103
2023-08-23,S-04,ภาคอีสาน,32489.24,109
2023-08-23,S-05,ภาคเหนือ,34400.37,123
2023-08-23,S-06,ภาคใต้,30578.11,98
2023-08-23,S-90,ภาคกลาง,57333.95,251
2023-08-24,S-01,ภาคกลาง,59063.92,287
2023-08-24,S-02,ภาคกลาง,59063.92,209
2023-08-24,S-03,ภาคอีสาน,33469.56,148
2023-08-24,S-04,ภาคอีสาน,33469.56,128
2023-08-24,S-05,ภาคเหนือ,35438.35,133
2023-08-24,S-06,ภาคใต้,31500.76,99
2023-08-24,S-90,ภาคกลาง,59063.92,243
2023-08-25,S-01,ภาคกลาง,67947.19,283
2023-08-25,S-02,ภาคกลาง,67947.19,239
2023-08-25,S-03,ภาคอีสาน,38503.41,125
2023-08-25,S-04,ภาคอีสาน,38503.41,182
2023-08-25,S-05,ภาคเหนือ,40768.31,190
2023-08-25,S-06,ภาคใต้,36238.5,188
2023-08-25,S-90,ภาคกลาง,67947.19,304
2023-08-26,S-01,ภาคกลาง,73063.52,326
2023-08-26,S-02,ภาคกลาง,73063.52,267
2023-08-26,S-03,ภาคอีสาน,41402.66,201
2023-08-26,S-04,ภาคอีสาน,41402.66,147
2023-08-26,S-05,ภาคเหนือ,43838.11,205
2023-08-26,S-06,ภาคใต้,38967.21,144
2023-08-26,S-90,ภาคกลาง,73063.52,333
2023-08-27,S-01,ภาคกลาง,87647.08,486
2023-08-27,S-02,ภาคกลาง,87647.08,382
2023-08-27,S-03,ภาคอีสาน,49666.68,232
2023-08-27,S-04,ภาคอีสาน,49666.68,251
2023-08-27,S-05,ภาคเหนือ,52588.25,240
2023-08-27,S-06,ภาคใต้,46745.11,238
2023-08-27,S-90,ภาคกลาง,87647.08,433
2023-08-28,S-01,ภาคกลาง,57180.13,278
2023-08-28,S-02,ภาคกลาง,57180.13,226
2023-08-28,S-03,ภาคอีสาน,32402.07,119
2023-08-28,S-04,ภาคอีสาน,32402.07,156
2023-08-28,S-05,ภาคเหนือ,34308.08,120
2023-08-28,S-06,ภาคใต้,30496.07,110
2023-08-28,S-90,ภาคกลาง,57180.13,264
2023-08-29,S-01,ภาคกลาง,55976.32,187
2023-08-29,S-02,ภาคกลาง,55976.32,283
2023-08-29,S-03,ภาคอีสาน,31719.91,147
2023-08-29,S-04,ภาคอีสาน,31719.91,149
2023-08-29,S-05,ภาคเหนือ,33585.79,133
2023-08-29,S-06,ภาคใต้,29854.04,107
2023-08-29,S-90,ภาคกลาง,55976.32,205
2023-08-30,S-01,ภาคกลาง,64358.32,337
2023-08-30,S-02,ภาคกลาง,64358.32,318
2023-08-30,S-03,ภาคอีสาน,36469.72,156
2023-08-30,S-04,ภาคอีสาน,36469.72,120
2023-08-30,S-05,ภาคเหนือ,38614.99,139
2023-08-30,S-06,ภาคใต้,34324.44,169
2023-08-30,S-90,ภาคกลาง,64358.32,254
2023-08-31,S-01,ภาคกลาง,63682.09,210
2023-08-31,S-02,ภาคกลาง,63682.09,264
2023-08-31,S-03,ภาคอีสาน,36086.52,150
2023-08-31,S-04,ภาคอีสาน,36086.52,149
2023-08-31,S-05,ภาคเหนือ,38209.25,123
2023-08-31,S-06,ภาคใต้,33963.78,126
2023-08-31,S-90,ภาคกลาง,63682.09,229
2023-09-01,S-01,ภาคกลาง,54126.19,261
2023-09-01,S-02,ภาคกลาง,54126.19,281
2023-09-01,S-03,ภาคอีสาน,30671.51,96
2023-09-01,S-04,ภาคอีสาน,30671.51,140
2023-09-01,S-05,ภาคเหนือ,32475.71,109
2023-09-01,S-06,ภาคใต้,28867.3,105
2023-09-01,S-90,ภาคกลาง,54126.19,252
2023-09-02,S-01,ภาคกลาง,83367.39,351
2023-09-02,S-02,ภาคกลาง,83367.39,291
2023-09-02,S-03,ภาคอีสาน,47241.52,174
2023-09-02,S-04,ภาคอีสาน,47241.52,160
2023-09-02,S-05,ภาคเหนือ,50020.43,234
2023-09-02,S-06,ภาคใต้,44462.61,205
2023-09-02,S-90,ภาคกลาง,83367.39,437
2023-09-03,S-01,ภาคกลาง,75550.65,277
2023-09-03,S-02,ภาคกลาง,75550.65,256
2023-09-03,S-03,ภาคอีสาน,42812.03,156
2023-09-03,S-04,ภาคอีสาน,42812.03,148
2023-09-03,S-05,ภาคเหนือ,45330.39,165
2023-09-03,S-06,ภาคใต้,40293.68,183
2023-09-03,S-90,ภาคกลาง,75550.65,251
2023-09-04,S-01,ภาคกลาง,62454.08,290
2023-09-04,S-02,ภาคกลาง,62454.08,225
2023-09-04,S-03,ภาคอีสาน,35390.65,196
2023-09-04,S-04,ภาคอีสาน,35390.65,144
2023-09-04,S-05,ภาคเหนือ,37472.45,146
2023-09-04,S-06,ภาคใต้,33308.84,128
2023-09-04,S-90,ภาคกลาง,62454.08,297
2023-09-05,S-01,ภาคกลาง,56558.6,277
2023-09-05,S-02,ภาคกลาง,56558.6,280
2023-09-05,S-03,ภาคอีสาน,32049.87,122
2023-09-05,S-04,ภาคอีสาน,32049.87,146
2023-09-05,S-05,ภาคเหนือ,33935.16,107
2023-09-05,S-06,ภาคใต้,30164.59,118
2023-09-05,S-90,ภาคกลาง,56558.6,263
2023-09-06,S-01,ภาคกลาง,54055.88,279
2023-09-06,S-02,ภาคกลาง,54055.88,251
2023-09-06,S-03,ภาคอีสาน,30631.67,156
2023-09-06,S-04,ภาคอีสาน,30631.67,128
2023-09-06,S-05,ภาคเหนือ,32433.53,174
2023-09-06,S-06,ภาคใต้,28829.8,102
2023-09-06,S-90,ภาคกลาง,54055.88,292
2023-09-07,S-01,ภาคกลาง,57211.77,294
2023-09-07,S-02,ภาคกลาง,57211.77,192
2023-09-07,S-03,ภาคอีสาน,32420.0,152
2023-09-07,S-04,ภาคอีสาน,32420.0,131
2023-09-07,S-05,ภาคเหนือ,34327.06,165
2023-09-07,S-06,ภาคใต้,30512.94,115
2023-09-07,S-90,ภาคกลาง,57211.77,225
2023-09-08,S-01,ภาคกลาง,52533.62,179
2023-09-08,S-02,ภาคกลาง,52533.62,185
2023-09-08,S-03,ภาคอีสาน,29769.05,113
2023-09-08,S-04,ภาคอีสาน,29769.05,97
2023-09-08,S-05,ภาคเหนือ,31520.17,118
2023-09-08,S-06,ภาคใต้,28017.93,149
2023-09-08,S-90,ภาคกลาง,52533.62,246
2023-09-09,S-01,ภาคกลาง,77186.74,341
2023-09-09,S-02,ภาคกลาง,77186.74,343
2023-09-09,S-03,ภาคอีสาน,43739.15,181
2023-09-09,S-04,ภาคอีสาน,43739.15,224
2023-09-09,S-05,ภาคเหนือ,46312.04,157
2023-09-09,S-06,ภาคใต้,41166.26,132
2023-09-09,S-90,ภาคกลาง,77186.74,426
2023-09-10,S-01,ภาคกลาง,76163.31,414
2023-09-10,S-02,ภาคกลาง,76163.31,324
2023-09-10,S-03,ภาคอีสาน,43159.21,136
2023-09-10,S-04,ภาคอีสาน,43159.21,144
2023-09-10,S-05,ภาคเหนือ,45697.99,185
2023-09-10,S-06,ภาคใต้,40620.43,128
2023-09-10,S-90,ภาคกลาง,76163.31,238
2023-09-11,S-01,ภาคกลาง,53254.14,291
2023-09-11,S-02,ภาคกลาง,53254.14,237
2023-09-11,S-03,ภาคอีสาน,30177.34,123
2023-09-11,S-04,ภาคอีสาน,30177.34,116
2023-09-11,S-05,ภาคเหนือ,31952.48,130
2023-09-11,S-06,ภาคใต้,28402.21,133
2023-09-11,S-90,ภาคกลาง,53254.14,247
2023-09-12,S-01,ภาคกลาง,51011.53,177
2023-09-12,S-02,ภาคกลาง,51011.53,270
2023-09-12,S-03,ภาคอีสาน,28906.53,144
2023-09-12,S-04,ภาคอีสาน,28906.53,96
2023-09-12,S-05,ภาคเหนือ,30606.92,143
2023-09-12,S-06,ภาคใต้,27206.15,143
2023-09-12,S-90,ภาคกลาง,51011.53,174
2023-09-13,S-01,ภาคกลาง,56781.22,238
2023-09-13,S-02,ภาคกลาง,56781.22,194
2023-09-13,S-03,ภาคอีสาน,32176.02,170
2023-09-13,S-04,ภาคอีสาน,32176.02,134
2023-09-13,S-05,ภาคเหนือ,34068.73,143
2023-09-13,S-06,ภาคใต้,30283.32,130
2023-09-13,S-90,ภาคกลาง,56781.22,299
2023-09-14,S-01,ภาคกลาง,63038.51,331
2023-09-14,S-02,ภาคกลาง,63038.51,217
2023-09-14,S-03,ภาคอีสาน,35721.82,114
2023-09-14,S-04,ภาคอีสาน,35721.82,122
2023-09-14,S-05,ภาคเหนือ,37823.11,164
2023-09-14,S-06,ภาคใต้,33620.54,135
2023-09-14,S-90,ภาคกลาง,63038.51,228
2023-09-15,S-01,ภาคกลาง,54003.05,185
2023-09-15,S-02,ภาคกลาง,54003.05,171
2023-09-15,S-03,ภาคอีสาน,30601.73,112
2023-09-15,S-04,ภาคอีสาน,30601.73,162
2023-09-15,S-05,ภาคเหนือ,32401.83,139
2023-09-15,S-06,ภาคใต้,28801.62,156
2023-09-15,S-90,ภาคกลาง,54003.05,223
2023-09-16,S-01,ภาคกลาง,81701.57,340
2023-09-16,S-02,ภาคกลาง,81701.57,299
2023-09-16,S-03,ภาคอีสาน,46297.56,146
2023-09-16,S-04,ภาคอีสาน,46297.56,184
2023-09-16,S-05,ภาคเหนือ,49020.94,211
2023-09-16,S-06,ภาคใต้,43574.17,218
2023-09-16,S-90,ภาคกลาง,81701.57,267
2023-09-17,S-01,ภาคกลาง,68153.7,301
2023-09-17,S-02,ภาคกลาง,68153.7,249
2023-09-17,S-03,ภาคอีสาน,38620.43,130
2023-09-17,S-04,ภาคอีสาน,38620.43,154
2023-09-17,S-05,ภาคเหนือ,40892.22,171
2023-09-17,S-06,ภาคใต้,36348.64,114
2023-09-17,S-90,ภาคกลาง,68153.7,232
2023-09-18,S-01,ภาคกลาง,54955.47,261
2023-09-18,S-02,ภาคกลาง,54955.47,190
2023-09-18,S-03,ภาคอีสาน,31141.43,99
2023-09-18,S-04,ภาคอีสาน,31141.43,99
2023-09-18,S-05,ภาคเหนือ,32973.28,107
2023-09-18,S-06,ภาคใต้,29309.58,113
2023-09-18,S-90,ภาคกลาง,54955.47,177
2023-09-19,S-01,ภาคกลาง,59612.86,301
2023-09-19,S-02,ภาคกลาง,59612.86,301
2023-09-19,S-03,ภาคอีสาน,33780.62,114
2023-09-19,S-04,ภาคอีสาน,33780.62,181
2023-09-19,S-05,ภาคเหนือ,35767.72,118
2023-09-19,S-06,ภาคใต้,31793.53,115
2023-09-19,S-90,ภาคกลาง,59612.86,222
2023-09-20,S-01,ภาคกลาง,49578.04,210
2023-09-20,S-02,ภาคกลาง,49578.04,195
2023-09-20,S-03,ภาคอีสาน,28094.22,116
2023-09-20,S-04,ภาคอีสาน,28094.22,95
2023-09-20,S-05,ภาคเหนือ,29746.83,105
2023-09-20,S-06,ภาคใต้,26441.62,84
2023-09-20,S-90,ภาคกลาง,49578.04,165
2023-09-21,S-01,ภาคกลาง,52384.89,181
2023-09-21,S-02,ภาคกลาง,52384.89,240
2023-09-21,S-03,ภาคอีสาน,29684.77,99
2023-09-21,S-04,ภาคอีสาน,29684.77,134
2023-09-21,S-05,ภาคเหนือ,31430.94,167
2023-09-21,S-06,ภาคใต้,27938.61,103
2023-09-21,S-90,ภาคกลาง,52384.89,228
2023-09-22,S-01,ภาคกลาง,53063.33,203
2023-09-22,S-02,ภาคกลาง,53063.33,257
2023-09-22,S-03,ภาคอีสาน,30069.22,138
2023-09-22,S-04,ภาคอีสาน,30069.22,105
2023-09-22,S-05,ภาคเหนือ,31838.0,138
2023-09-22,S-06,ภาคใต้,28300.44,121
2023-09-22,S-90,ภาคกลาง,53063.33,218
2023-09-23,S-01,ภาคกลาง,76245.42,321
2023-09-23,S-02,ภาคกลาง,76245.42,350
2023-09-23,S-03,ภาคอีสาน,43205.74,169
2023-09-23,S-04,ภาคอีสาน,43205.74,207
2023-09-23,S-05,ภาคเหนือ,45747.25,202
2023-09-23,S-06,ภาคใต้,40664.23,216
2023-09-23,S-90,ภาคกลาง,76245.42,414
2023-09-24,S-01,ภาคกลาง,79465.05,407
2023-09-24,S-02,ภาคกลาง,79465.05,374
2023-09-24,S-03,ภาคอีสาน,45030.19,193
2023-09-24,S-04,ภาคอีสาน,45030.19,145
2023-09-24,S-05,ภาคเหนือ,47679.03,224
2023-09-24,S-06,ภาคใต้,42381.36,164
2023-09-24,S-90,ภาคกลาง,79465.05,278
2023-09-25,S-01,ภาคกลาง,54506.28,279
2023-09-25,S-02,ภาคกลาง,54506.28,252
2023-09-25,S-03,ภาคอีสาน,30886.89,115
2023-09-25,S-04,ภาคอีสาน,30886.89,143
2023-09-25,S-05,ภาคเหนือ,32703.77,123
2023-09-25,S-06,ภาคใต้,29070.02,131
2023-09-25,S-90,ภาคกลาง,54506.28,232
2023-09-26,S-01,ภาคกลาง,50868.55,163
2023-09-26,S-02,ภาคกลาง,50868.55,178
2023-09-26,S-03,ภาคอีสาน,28825.51,150
2023-09-26,S-04,ภาคอีสาน,28825.51,117
2023-09-26,S-05,ภาคเหนือ,30521.13,154
2023-09-26,S-06,ภาคใต้,27129.89,86
2023-09-26,S-90,ภาคกลาง,50868.55,201
2023-09-27,S-01,ภาคกลาง,51138.57,167
2023-09-27,S-02,ภาคกลาง,51138.57,166
2023-09-27,S-03,ภาคอีสาน,28978.52,111
2023-09-27,S-04,ภาคอีสาน,28978.52,104
2023-09-27,S-05,ภาคเหนือ,30683.14,98
2023-09-27,S-06,ภาคใต้,27273.9,99
2023-09-27,S-90,ภาคกลาง,51138.57,160
2023-09-28,S-01,ภาคกลาง,57943.58,198
2023-09-28,S-02,ภาคกลาง,57943.58,223
2023-09-28,S-03,ภาคอีสาน,32834.7,135
2023-09-28,S-04,ภาคอีสาน,32834.7,108
2023-09-28,S-05,ภาคเหนือ,34766.15,146
2023-09-28,S-06,ภาคใต้,30903.24,98
2023-09-28,S-90,ภาคกลาง,57943.58,303
2023-09-29,S-01,ภาคกลาง,54715.16,204
2023-09-29,S-02,ภาคกลาง,54715.16,202
2023-09-29,S-03,ภาคอีสาน,31005.26,137
2023-09-29,S-04,ภาคอีสาน,31005.26,113
2023-09-29,S-05,ภาคเหนือ,32829.1,127
2023-09-29,S-06,ภาคใต้,29181.42,144
2023-09-29,S-90,ภาคกลาง,54715.16,188
2023-09-30,S-01,ภาคกลาง,71025.1,359
2023-09-30,S-02,ภาคกลาง,71025.1,227
2023-09-30,S-03,ภาคอีสาน,40247.56,126
2023-09-30,S-04,ภาคอีสาน,40247.56,138
2023-09-30,S-05,ภาคเหนือ,42615.06,226
2023-09-30,S-06,ภาคใต้,37880.05,143
2023-09-30,S-90,ภาคกลาง,71025.1,226
2023-10-01,S-01,ภาคกลาง,69425.96,263
2023-10-01,S-02,ภาคกลาง,69425.96,299
2023-10-01,S-03,ภาคอีสาน,39341.38,175
2023-10-01,S-04,ภาคอีสาน,39341.38,126
2023-10-01,S-05,ภาคเหนือ,41655.58,226
2023-10-01,S-06,ภาคใต้,37027.18,199
2023-10-01,S-90,ภาคกลาง,69425.96,341
2023-10-02,S-01,ภาคกลาง,56507.63,241
2023-10-02,S-02,ภาคกลาง,56507.63,207
2023-10-02,S-03,ภาคอีสาน,32020.99,120
2023-10-02,S-04,ภาคอีสาน,32020.99,146
2023-10-02,S-05,ภาคเหนือ,33904.58,182
2023-10-02,S-06,ภาคใต้,30137.4,164
2023-10-02,S-90,ภาคกลาง,56507.63,183
2023-10-03,S-01,ภาคกลาง,49147.27,223
2023-10-03,S-02,ภาคกลาง,49147.27,189
2023-10-03,S-03,ภาคอีสาน,27850.12,130
2023-10-03,S-04,ภาคอีสาน,27850.12,121
2023-10-03,S-05,ภาคเหนือ,29488.36,139
2023-10-03,S-06,ภาคใต้,26211.88,105
2023-10-03,S-90,ภาคกลาง,49147.27,190
2023-10-04,S-01,ภาคกลาง,54215.8,238
2023-10-04,S-02,ภาคกลาง,54215.8,268
2023-10-04,S-03,ภาคอีสาน,30722.29,142
2023-10-04,S-04,ภาคอีสาน,30722.29,102
2023-10-04,S-05,ภาคเหนือ,32529.48,138
2023-10-04,S-06,ภาคใต้,28915.1,96
2023-10-04,S-90,ภาคกลาง,54215.8,294
2023-10-05,S-01,ภาคกลาง,49482.58,214
2023-10-05,S-02,ภาคกลาง,49482.58,205
2023-10-05,S-03,ภาคอีสาน,28040.13,127
2023-10-05,S-04,ภาคอีสาน,28040.13,108
2023-10-05,S-05,ภาคเหนือ,29689.55,112
2023-10-05,S-06,ภาคใต้,26390.71,108
2023-10-05,S-90,ภาคกลาง,49482.58,165
2023-10-06,S-01,ภาคกลาง,57520.98,205
2023-10-06,S-02,ภาคกลาง,57520.98,224
2023-10-06,S-03,ภาคอีสาน,32595.22,132
2023-10-06,S-04,ภาคอีสาน,32595.22,135
2023-10-06,S-05,ภาคเหนือ,34512.59,129
2023-10-06,S-06,ภาคใต้,30677.86,106
2023-10-06,S-90,ภาคกลาง,57520.98,272
2023-10-07,S-01,ภาคกลาง,68521.44,225
2023-10-07,S-02,ภาคกลาง,68521.44,292
2023-10-07,S-03,ภาคอีสาน,38828.82,179
2023-10-07,S-04,ภาคอีสาน,38828.82,185
2023-10-07,S-05,ภาคเหนือ,41112.86,129
2023-10-07,S-06,ภาคใต้,36544.77,157
2023-10-07,S-90,ภาคกลาง,68521.44,370
2023-10-08,S-01,ภาคกลาง,63177.88,287
2023-10-08,S-02,ภาคกลาง,63177.88,200
2023-10-08,S-03,ภาคอีสาน,35800.8,120
2023-10-08,S-04,ภาคอีสาน,35800.8,115
2023-10-08,S-05,ภาคเหนือ,37906.73,141
2023-10-08,S-06,ภาคใต้,33694.87,134
2023-10-08,S-90,ภาคกลาง,63177.88,219
2023-10-09,S-01,ภาคกลาง,52608.98,206
2023-10-09,S-02,ภาคกลาง,52608.98,266
2023-10-09,S-03,ภาคอีสาน,29811.76,94
2023-10-09,S-04,ภาคอีสาน,29811.76,114
2023-10-09,S-05,ภาคเหนือ,31565.39,109
2023-10-09,S-06,ภาคใต้,28058.12,123
2023-10-09,S-90,ภาคกลาง,52608.98,205
2023-10-10,S-01,ภาคกลาง,48780.9,177
2023-10-10,S-02,ภาคกลาง,48780.9,253
2023-10-10,S-03,ภาคอีสาน,27642.51,101
2023-10-10,S-04,ภาคอีสาน,27642.51,120
2023-10-10,S-05,ภาคเหนือ,29268.54,134
2023-10-10,S-06,ภาคใต้,26016.48,95
2023-10-10,S-90,ภาคกลาง,48780.9,270
2023-10-11,S-01,ภาคกลาง,52529.38,194
2023-10-11,S-02,ภาคกลาง,52529.38,249
2023-10-11,S-03,ภาคอีสาน,29766.65,136
2023-10-11,S-04,ภาคอีสาน,29766.65,93
2023-10-11,S-05,ภาคเหนือ,31517.63,147
2023-10-11,S-06,ภาคใต้,28015.67,127
2023-10-11,S-90,ภาคกลาง,52529.38,238
2023-10-12,S-01,ภาคกลาง,52299.82,220
2023-10-12,S-02,ภาคกลาง,52299.82,243
2023-10-12,S-03,ภาคอีสาน,29636.56,154
2023-10-12,S-04,ภาคอีสาน,29636.56,113
2023-10-12,S-05,ภาคเหนือ,31379.89,103
2023-10-12,S-06,ภาคใต้,27893.24,125
2023-10-12,S-90,ภาคกลาง,52299.82,201
2023-10-13,S-01,ภาคกลาง,51743.25,186
2023-10-13,S-02,ภาคกลาง,51743.25,246
2023-10-13,S-03,ภาคอีสาน,29321.18,130
2023-10-13,S-04,ภาคอีสาน,29321.18,121
2023-10-13,S-05,ภาคเหนือ,31045.95,133
2023-10-13,S-06,ภาคใต้,27596.4,127
2023-10-13,S-90,ภาคกลาง,51743.25,247
2023-10-14,S-01,ภาคกลาง,69662.25,385
2023-10-14,S-02,ภาคกลาง,69662.25,293
2023-10-14,S-03,ภาคอีสาน,39475.27,129
2023-10-14,S-04,ภาคอีสาน,39475.27,130
2023-10-14,S-05,ภาคเหนือ,41797.35,167
2023-10-14,S-06,ภาคใต้,37153.2,135
2023-10-14,S-90,ภาคกลาง,69662.25,358
2023-10-15,S-01,ภาคกลาง,68202.29,322
2023-10-15,S-02,ภาคกลาง,68202.29,310
2023-10-15,S-03,ภาคอีสาน,38647.97,194
2023-10-15,S-04,ภาคอีสาน,38647.97,134
2023-10-15,S-05,ภาคเหนือ,40921.38,202
2023-10-15,S-06,ภาคใต้,36374.56,126
2023-10-15,S-90,ภาคกลาง,68202.29,331
2023-10-16,S-01,ภาคกลาง,50732.21,213
2023-10-16,S-02,ภาคกลาง,50732.21,268
2023-10-16,S-03,ภาคอีสาน,28748.25,142
2023-10-16,S-04,ภาคอีสาน,28748.25,142
2023-10-16,S-05,ภาคเหนือ,30439.33,163
2023-10-16,S-06,ภาคใต้,27057.18,114
2023-10-16,S-90,ภาคกลาง,50732.21,177
2023-10-17,S-01,ภาคกลาง,55129.44,294
2023-10-17,S-02,ภาคกลาง,55129.44,177
2023-10-17,S-03,ภาคอีสาน,31240.02,167
2023-10-17,S-04,ภาคอีสาน,31240.02,137
2023-10-17,S-05,ภาคเหนือ,33077.67,164
2023-10-17,S-06,ภาคใต้,29402.37,157
2023-10-17,S-90,ภาคกลาง,55129.44,265
2023-10-18,S-01,ภาคกลาง,51387.08,192
2023-10-18,S-02,ภาคกลาง,51387.08,171
2023-10-18,S-03,ภาคอีสาน,29119.35,105
2023-10-18,S-04,ภาคอีสาน,29119.35,107
2023-10-18,S-05,ภาคเหนือ,30832.25,116
2023-10-18,S-06,ภาคใต้,27406.44,130
2023-10-18,S-90,ภาคกลาง,51387.08,230
2023-10-19,S-01,ภาคกลาง,51656.52,226
2023-10-19,S-02,ภาคกลาง,51656.52,211
2023-10-19,S-03,ภาคอีสาน,29272.03,106
2023-10-19,S-04,ภาคอีสาน,29272.03,149
2023-10-19,S-05,ภาคเหนือ,30993.91,125
2023-10-19,S-06,ภาคใต้,27550.15,125
2023-10-19,S-90,ภาคกลาง,51656.52,170
2023-10-20,S-01,ภาคกลาง,53024.39,211
2023-10-20,S-02,ภาคกลาง,53024.39,259
2023-10-20,S-03,ภาคอีสาน,30047.16,98
2023-10-20,S-04,ภาคอีสาน,30047.16,134
2023-10-20,S-05,ภาคเหนือ,31814.64,147
2023-10-20,S-06,ภาคใต้,28279.68,127
2023-10-20,S-90,ภาคกลาง,53024.39,190
2023-10-21,S-01,ภาคกลาง,70299.14,234
2023-10-21,S-02,ภาคกลาง,70299.14,259
2023-10-21,S-03,ภาคอีสาน,39836.18,158
2023-10-21,S-04,ภาคอีสาน,39836.18,193
2023-10-21,S-05,ภาคเหนือ,42179.48,159
2023-10-21,S-06,ภาคใต้,37492.87,125
2023-10-21,S-90,ภาคกลาง,70299.14,272
2023-10-22,S-01,ภาคกลาง,60584.31,259
2023-10-22,S-02,ภาคกลาง,60584.31,202
2023-10-22,S-03,ภาคอีสาน,34331.11,187
2023-10-22,S-04,ภาคอีสาน,34331.11,148
2023-10-22,S-05,ภาคเหนือ,36350.59,171
2023-10-22,S-06,ภาคใต้,32311.63,121
2023-10-22,S-90,ภาคกลาง,60584.31,254
2023-10-23,S-01,ภาคกลาง,51611.1,199
2023-10-23,S-02,ภาคกลาง,51611.1,223
2023-10-23,S-03,ภาคอีสาน,29246.29,93
2023-10-23,S-04,ภาคอีสาน,29246.29,96
2023-10-23,S-05,ภาคเหนือ,30966.66,158
2023-10-23,S-06,ภาคใต้,27525.92,129
2023-10-23,S-90,ภาคกลาง,51611.1,207
2023-10-24,S-01,ภาคกลาง,53533.24,224
2023-10-24,S-02,ภาคกลาง,53533.24,270
2023-10-24,S-03,ภาคอีสาน,30335.5,137
2023-10-24,S-04,ภาคอีสาน,30335.5,96
2023-10-24,S-05,ภาคเหนือ,32119.94,165
2023-10-24,S-06,ภาคใต้,28551.06,113
2023-10-24,S-90,ภาคกลาง,53533.24,197
2023-10-25,S-01,ภาคกลาง,45269.61,229
2023-10-25,S-02,ภาคกลาง,45269.61,143
2023-10-25,S-03,ภาคอีสาน,25652.78,140
2023-10-25,S-04,ภาคอีสาน,25652.78,134
2023-10-25,S-05,ภาคเหนือ,27161.77,131
2023-10-25,S-06,ภาคใต้,24143.79,96
2023-10-25,S-90,ภาคกลาง,45269.61,192
2023-10-26,S-01,ภาคกลาง,51736.19,184
2023-10-26,S-02,ภาคกลาง,51736.19,220
2023-10-26,S-03,ภาคอีสาน,29317.18,123
2023-10-26,S-04,ภาคอีสาน,29317.18,95
2023-10-26,S-05,ภาคเหนือ,31041.72,101
2023-10-26,S-06,ภาคใต้,27592.64,119
2023-10-26,S-90,ภาคกลาง,51736.19,195
2023-10-27,S-01,ภาคกลาง,43272.66,143
2023-10-27,S-02,ภาคกลาง,43272.66,166
2023-10-27,S-03,ภาคอีสาน,24521.18,112
2023-10-27,S-04,ภาคอีสาน,24521.18,89
2023-10-27,S-05,ภาคเหนือ,25963.6,119
2023-10-27,S-06,ภาคใต้,23078.75,112
2023-10-27,S-90,ภาคกลาง,43272.66,173
2023-10-28,S-01,ภาคกลาง,67449.74,233
2023-10-28,S-02,ภาคกลาง,67449.74,222
2023-10-28,S-03,ภาคอีสาน,38221.52,168
2023-10-28,S-04,ภาคอีสาน,38221.52,133
2023-10-28,S-05,ภาคเหนือ,40469.84,224
2023-10-28,S-06,ภาคใต้,35973.2,113
2023-10-28,S-90,ภาคกลาง,67449.74,213
2023-10-29,S-01,ภาคกลาง,68853.93,257
2023-10-29,S-02,ภาคกลาง,68853.93,256
2023-10-29,S-03,ภาคอีสาน,39017.23,127
2023-10-29,S-04,ภาคอีสาน,39017.23,163
2023-10-29,S-05,ภาคเหนือ,41312.36,209
2023-10-29,S-06,ภาคใต้,36722.1,127
2023-10-29,S-90,ภาคกลาง,68853.93,260
2023-10-30,S-01,ภาคกลาง,46235.33,148
2023-10-30,S-02,ภาคกลาง,46235.33,171
2023-10-30,S-03,ภาคอีสาน,26200.02,99
2023-10-30,S-04,ภาคอีสาน,26200.02,142
2023-10-30,S-05,ภาคเหนือ,27741.2,99
2023-10-30,S-06,ภาคใต้,24658.84,95
2023-10-30,S-90,ภาคกลาง,46235.33,212
2023-10-31,S-01,ภาคกลาง,51017.89,274
2023-10-31,S-02,ภาคกลาง,51017.89,177
2023-10-31,S-03,ภาคอีสาน,28910.14,127
2023-10-31,S-04,ภาคอีสาน,28910.14,109
2023-10-31,S-05,ภาคเหนือ,30610.73,151
2023-10-31,S-06,ภาคใต้,27209.54,149
2023-10-31,S-90,ภาคกลาง,51017.89,211
2023-11-01,S-01,ภาคกลาง,43298.64,160
2023-11-01,S-02,ภาคกลาง,43298.64,156
2023-11-01,S-03,ภาคอีสาน,24535.9,88
2023-11-01,S-04,ภาคอีสาน,24535.9,99
2023-11-01,S-05,ภาคเหนือ,25979.18,81
2023-11-01,S-06,ภาคใต้,23092.61,122
2023-11-01,S-90,ภาคกลาง,43298.64,147
2023-11-02,S-01,ภาคกลาง,49100.78,153
2023-11-02,S-02,ภาคกลาง,49100.78,194
2023-11-02,S-03,ภาคอีสาน,27823.78,130
2023-11-02,S-04,ภาคอีสาน,27823.78,110
2023-11-02,S-05,ภาคเหนือ,29460.47,115
2023-11-02,S-06,ภาคใต้,26187.08,124
2023-11-02,S-90,ภาคกลาง,49100.78,219
2023-11-03,S-01,ภาคกลาง,45340.04,160
2023-11-03,S-02,ภาคกลาง,45340.04,194
2023-11-03,S-03,ภาคอีสาน,25692.69,83
2023-11-03,S-04,ภาคอีสาน,25692.69,86
2023-11-03,S-05,ภาคเหนือ,27204.02,107
2023-11-03,S-06,ภาคใต้,24181.35,119
2023-11-03,S-90,ภาคกลาง,45340.04,222
2023-11-04,S-01,ภาคกลาง,65498.15,213
2023-11-04,S-02,ภาคกลาง,65498.15,327
2023-11-04,S-03,ภาคอีสาน,37115.62,119
2023-11-04,S-04,ภาคอีสาน,37115.62,185
2023-11-04,S-05,ภาคเหนือ,39298.89,217
2023-11-04,S-06,ภาคใต้,34932.35,132
2023-11-04,S-90,ภาคกลาง,65498.15,250
2023-11-05,S-01,ภาคกลาง,66274.39,250
2023-11-05,S-02,ภาคกลาง,66274.39,261
2023-11-05,S-03,ภาคอีสาน,37555.49,147
2023-11-05,S-04,ภาคอีสาน,37555.49,155
2023-11-05,S-05,ภาคเหนือ,39764.64,143
2023-11-05,S-06,ภาคใต้,35346.34,118
2023-11-05,S-90,ภาคกลาง,66274.39,341
2023-11-06,S-01,ภาคกลาง,51619.02,196
2023-11-06,S-02,ภาคกลาง,51619.02,253
2023-11-06,S-03,ภาคอีสาน,29250.78,136
2023-11-06,S-04,ภาคอีสาน,29250.78,125
2023-11-06,S-05,ภาคเหนือ,30971.41,104
2023-11-06,S-06,ภาคใต้,27530.15,101
2023-11-06,S-90,ภาคกลาง,51619.02,200
2023-11-07,S-01,ภาคกลาง,44834.22,189
2023-11-07,S-02,ภาคกลาง,44834.22,196
2023-11-07,S-03,ภาคอีสาน,25406.06,100
2023-11-07,S-04,ภาคอีสาน,25406.06,116
2023-11-07,S-05,ภาคเหนือ,26900.53,107
2023-11-07,S-06,ภาคใต้,23911.58,86
2023-11-07,S-90,ภาคกลาง,44834.22,215
2023-11-08,S-01,ภาคกลาง,52019.78,202
2023-11-08,S-02,ภาคกลาง,52019.78,193
2023-11-08,S-03,ภาคอีสาน,29477.87,149
2023-11-08,S-04,ภาคอีสาน,29477.87,130
2023-11-08,S-05,ภาคเหนือ,31211.87,165
2023-11-08,S-06,ภาคใต้,27743.88,127
2023-11-08,S-90,ภาคกลาง,52019.78,178
2023-11-09,S-01,ภาคกลาง,48904.11,211
2023-11-09,S-02,ภาคกลาง,48904.11,164
2023-11-09,S-03,ภาคอีสาน,27712.33,112
2023-11-09,S-04,ภาคอีสาน,27712.33,129
2023-11-09,S-05,ภาคเหนือ,29342.46,117
2023-11-09,S-06,ภาคใต้,26082.19,101
2023-11-09,S-90,ภาคกลาง,48904.11,210
2023-11-10,S-01,ภาคกลาง,42215.96,137
2023-11-10,S-02,ภาคกลาง,42215.96,150
2023-11-10,S-03,ภาคอีสาน,23922.38,82
2023-11-10,S-04,ภาคอีสาน,23922.38,123
2023-11-10,S-05,ภาคเหนือ,25329.57,98
2023-11-10,S-06,ภาคใต้,22515.18,91
2023-11-10,S-90,ภาคกลาง,42215.96,187
2023-11-11,S-01,ภาคกลาง,60179.19,284
2023-11-11,S-02,ภาคกลาง,60179.19,189
2023-11-11,S-03,ภาคอีสาน,34101.54,120
2023-11-11,S-04,ภาคอีสาน,34101.54,130
2023-11-11,S-05,ภาคเหนือ,36107.52,136
2023-11-11,S-06,ภาคใต้,32095.57,154
2023-11-11,S-90,ภาคกลาง,60179.19,226
2023-11-12,S-01,ภาคกลาง,69235.79,341
2023-11-12,S-02,ภาคกลาง,69235.79,354
2023-11-12,S-03,ภาคอีสาน,39233.62,176
2023-11-12,S-04,ภาคอีสาน,39233.62,134
2023-11-12,S-05,ภาคเหนือ,41541.48,150
2023-11-12,S-06,ภาคใต้,36925.76,176
2023-11-12,S-90,ภาคกลาง,69235.79,346
2023-11-13,S-01,ภาคกลาง,44116.72,179
2023-11-13,S-02,ภาคกลาง,44116.72,236
2023-11-13,S-03,ภาคอีสาน,24999.48,94
2023-11-13,S-04,ภาคอีสาน,24999.48,81
2023-11-13,S-05,ภาคเหนือ,26470.03,140
2023-11-13,S-06,ภาคใต้,23528.92,95
2023-11-13,S-90,ภาคกลาง,44116.72,143
2023-11-14,S-01,ภาคกลาง,42627.5,150
2023-11-14,S-02,ภาคกลาง,42627.5,216
2023-11-14,S-03,ภาคอีสาน,24155.58,111
2023-11-14,S-04,ภาคอีสาน,24155.58,113
2023-11-14,S-05,ภาคเหนือ,25576.5,115
2023-11-14,S-06,ภาคใต้,22734.67,79
2023-11-14,S-90,ภาคกลาง,42627.5,202
2023-11-15,S-01,ภาคกลาง,44123.21,191
2023-11-15,S-02,ภาคกลาง,44123.21,192
2023-11-15,S-03,ภาคอีสาน,25003.15,84
2023-11-15,S-04,ภาคอีสาน,25003.15,98
2023-11-15,S-05,ภาคเหนือ,26473.92,129
2023-11-15,S-06,ภาคใต้,23532.38,94
2023-11-15,S-90,ภาคกลาง,44123.21,211
2023-11-16,S-01,ภาคกลาง,41700.26,151
2023-11-16,S-02,ภาคกลาง,41700.26,175
2023-11-16,S-03,ภาคอีสาน,23630.14,89
2023-11-16,S-04,ภาคอีสาน,23630.14,86
2023-11-16,S-05,ภาคเหนือ,25020.15,78
2023-11-16,S-06,ภาคใต้,22240.14,78
2023-11-16,S-90,ภาคกลาง,41700.26,132
2023-11-17,S-01,ภาคกลาง,42921.68,155
2023-11-17,S-02,ภาคกลาง,42921.68,165
2023-11-17,S-03,ภาคอีสาน,24322.28,91
2023-11-17,S-04,ภาคอีสาน,24322.28,77
2023-11-17,S-05,ภาคเหนือ,25753.01,87
2023-11-17,S-06,ภาคใต้,22891.56,105
2023-11-17,S-90,ภาคกลาง,42921.68,190
2023-11-18,S-01,ภาคกลาง,61610.37,206
2023-11-18,S-02,ภาคกลาง,61610.37,200
2023-11-18,S-03,ภาคอีสาน,34912.54,170
2023-11-18,S-04,ภาคอีสาน,34912.54,111
2023-11-18,S-05,ภาคเหนือ,36966.22,165
2023-11-18,S-06,ภาคใต้,32858.86,129
2023-11-18,S-90,ภาคกลาง,61610.37,210
2023-11-19,S-01,ภาคกลาง,62108.61,202
2023-11-19,S-02,ภาคกลาง,62108.61,197
2023-11-19,S-03,ภาคอีสาน,35194.88,160
2023-11-19,S-04,ภาคอีสาน,35194.88,112
2023-11-19,S-05,ภาคเหนือ,37265.16,126
2023-11-19,S-06,ภาคใต้,33124.59,148
2023-11-19,S-90,ภาคกลาง,62108.61,305
2023-11-20,S-01,ภาคกลาง,46274.69,148
2023-11-20,S-02,ภาคกลาง,46274.69,183
2023-11-20,S-03,ภาคอีสาน,26222.32,102
2023-11-20,S-04,ภาคอีสาน,26222.32,119
2023-11-20,S-05,ภาคเหนือ,27764.81,108
2023-11-20,S-06,ภาคใต้,24679.83,104
2023-11-20,S-90,ภาคกลาง,46274.69,227
2023-11-21,S-01,ภาคกลาง,41875.17,206
2023-11-21,S-02,ภาคกลาง,41875.17,133
2023-11-21,S-03,ภาคอีสาน,23729.27,80
2023-11-21,S-04,ภาคอีสาน,23729.27,77
2023-11-21,S-05,ภาคเหนือ,25125.1,108
2023-11-21,S-06,ภาคใต้,22333.43,74
2023-11-21,S-90,ภาคกลาง,41875.17,149
2023-11-22,S-01,ภาคกลาง,46953.37,171
2023-11-22,S-02,ภาคกลาง,46953.37,233
2023-11-22,S-03,ภาคอีสาน,26606.91,139
2023-11-22,S-04,ภาคอีสาน,26606.91,109
2023-11-22,S-05,ภาคเหนือ,28172.02,144
2023-11-22,S-06,ภาคใต้,25041.8,104
2023-11-22,S-90,ภาคกลาง,46953.37,252
2023-11-23,S-01,ภาคกลาง,45133.65,184
2023-11-23,S-02,ภาคกลาง,45133.65,144
2023-11-23,S-03,ภาคอีสาน,25575.74,127
2023-11-23,S-04,ภาคอีสาน,25575.74,100
2023-11-23,S-05,ภาคเหนือ,27080.19,120
2023-11-23,S-06,ภาคใต้,24071.28,79
2023-11-23,S-90,ภาคกลาง,45133.65,175
2023-11-24,S-01,ภาคกลาง,43497.26,149
2023-11-24,S-02,ภาคกลาง,43497.26,224
2023-11-24,S-03,ภาคอีสาน,24648.45,127
2023-11-24,S-04,ภาคอีสาน,24648.45,116
2023-11-24,S-05,ภาคเหนือ,26098.36,109
2023-11-24,S-06,ภาคใต้,23198.54,80
2023-11-24,S-90,ภาคกลาง,43497.26,227
2023-11-25,S-01,ภาคกลาง,60387.98,218
2023-11-25,S-02,ภาคกลาง,60387.98,211
2023-11-25,S-03,ภาคอีสาน,34219.86,111
2023-11-25,S-04,ภาคอีสาน,34219.86,179
2023-11-25,S-05,ภาคเหนือ,36232.79,161
2023-11-25,S-06,ภาคใต้,32206.93,105
2023-11-25,S-90,ภาคกลาง,60387.98,227
2023-11-26,S-01,ภาคกลาง,63132.76,311
2023-11-26,S-02,ภาคกลาง,63132.76,292
2023-11-26,S-03,ภาคอีสาน,35775.23,186
2023-11-26,S-04,ภาคอีสาน,35775.23,112
2023-11-26,S-05,ภาคเหนือ,37879.66,148
2023-11-26,S-06,ภาคใต้,33670.81,115
2023-11-26,S-90,ภาคกลาง,63132.76,217
2023-11-27,S-01,ภาคกลาง,41069.22,139
2023-11-27,S-02,ภาคกลาง,41069.22,133
2023-11-27,S-03,ภาคอีสาน,23272.56,119
2023-11-27,S-04,ภาคอีสาน,23272.56,105
2023-11-27,S-05,ภาคเหนือ,24641.53,89
2023-11-27,S-06,ภาคใต้,21903.58,90
2023-11-27,S-90,ภาคกลาง,41069.22,208
2023-11-28,S-01,ภาคกลาง,41443.95,177
2023-11-28,S-02,ภาคกลาง,41443.95,179
2023-11-28,S-03,ภาคอีสาน,23484.91,126
2023-11-28,S-04,ภาคอีสาน,23484.91,93
2023-11-28,S-05,ภาคเหนือ,24866.37,114
2023-11-28,S-06,ภาคใต้,22103.44,75
2023-11-28,S-90,ภาคกลาง,41443.95,147
2023-11-29,S-01,ภาคกลาง,44889.3,189
2023-11-29,S-02,ภาคกลาง,44889.3,143
2023-11-29,S-03,ภาคอีสาน,25437.27,124
2023-11-29,S-04,ภาคอีสาน,25437.27,130
2023-11-29,S-05,ภาคเหนือ,26933.58,97
2023-11-29,S-06,ภาคใต้,23940.96,120
2023-11-29,S-90,ภาคกลาง,44889.3,159
2023-11-30,S-01,ภาคกลาง,45518.66,172
2023-11-30,S-02,ภาคกลาง,45518.66,177
2023-11-30,S-03,ภาคอีสาน,25793.91,100
2023-11-30,S-04,ภาคอีสาน,25793.91,104
2023-11-30,S-05,ภาคเหนือ,27311.19,91
2023-11-30,S-06,ภาคใต้,24276.62,124
2023-11-30,S-90,ภาคกลาง,45518.66,238
2023-12-01,S-01,ภาคกลาง,45679.83,198
2023-12-01,S-02,ภาคกลาง,45679.83,159
2023-12-01,S-03,ภาคอีสาน,25885.23,93
2023-12-01,S-04,ภาคอีสาน,25885.23,117
2023-12-01,S-05,ภาคเหนือ,27407.9,116
2023-12-01,S-06,ภาคใต้,24362.57,84
2023-12-01,S-90,ภาคกลาง,45679.83,171
2023-12-02,S-01,ภาคกลาง,55811.07,202
2023-12-02,S-02,ภาคกลาง,55811.07,186
2023-12-02,S-03,ภาคอีสาน,31626.27,122
2023-12-02,S-04,ภาคอีสาน,31626.27,111
2023-12-02,S-05,ภาคเหนือ,33486.64,132
2023-12-02,S-06,ภาคใต้,29765.9,94
2023-12-02,S-90,ภาคกลาง,55811.07,301
2023-12-03,S-01,ภาคกลาง,59413.95,195
2023-12-03,S-02,ภาคกลาง,59413.95,254
2023-12-03,S-03,ภาคอีสาน,33667.91,131
2023-12-03,S-04,ภาคอีสาน,33667.91,122
2023-12-03,S-05,ภาคเหนือ,35648.37,111
2023-12-03,S-06,ภาคใต้,31687.44,111
2023-12-03,S-90,ภาคกลาง,59413.95,235
2023-12-04,S-01,ภาคกลาง,51323.53,196
2023-12-04,S-02,ภาคกลาง,51323.53,240
2023-12-04,S-03,ภาคอีสาน,29083.33,142
2023-12-04,S-04,ภาคอีสาน,29083.33,99
2023-12-04,S-05,ภาคเหนือ,30794.12,110
2023-12-04,S-06,ภาคใต้,27372.55,101
2023-12-04,S-90,ภาคกลาง,51323.53,160
2023-12-05,S-01,ภาคกลาง,43646.92,137
2023-12-05,S-02,ภาคกลาง,43646.92,147
2023-12-05,S-03,ภาคอีสาน,24733.25,134
2023-12-05,S-04,ภาคอีสาน,24733.25,89
2023-12-05,S-05,ภาคเหนือ,26188.15,124
2023-12-05,S-06,ภาคใต้,23278.36,77
2023-12-05,S-90,ภาคกลาง,43646.92,173
2023-12-06,S-01,ภาคกลาง,43456.84,234
2023-12-06,S-02,ภาคกลาง,43456.84,154
2023-12-06,S-03,ภาคอีสาน,24625.54,83
2023-12-06,S-04,ภาคอีสาน,24625.54,108
2023-12-06,S-05,ภาคเหนือ,26074.11,119
2023-12-06,S-06,ภาคใต้,23176.98,96
2023-12-06,S-90,ภาคกลาง,43456.84,142
2023-12-07,S-01,ภาคกลาง,48176.86,166
2023-12-07,S-02,ภาคกลาง,48176.86,189
2023-12-07,S-03,ภาคอีสาน,27300.22,144
2023-12-07,S-04,ภาคอีสาน,27300.22,92
2023-12-07,S-05,ภาคเหนือ,28906.12,98
2023-12-07,S-06,ภาคใต้,25694.33,88
2023-12-07,S-90,ภาคกลาง,48176.86,202
2023-12-08,S-01,ภาคกลาง,45828.35,155
2023-12-08,S-02,ภาคกลาง,45828.35,145
2023-12-08,S-03,ภาคอีสาน,25969.4,110
2023-12-08,S-04,ภาคอีสาน,25969.4,118
2023-12-08,S-05,ภาคเหนือ,27497.01,144
2023-12-08,S-06,ภาคใต้,24441.79,79
2023-12-08,S-90,ภาคกลาง,45828.35,197
2023-12-09,S-01,ภาคกลาง,63278.38,204
2023-12-09,S-02,ภาคกลาง,63278.38,245
2023-12-09,S-03,ภาคอีสาน,35857.75,131
2023-12-09,S-04,ภาคอีสาน,35857.75,152
2023-12-09,S-05,ภาคเหนือ,37967.03,130
2023-12-09,S-06,ภาคใต้,33748.47,140
2023-12-09,S-90,ภาคกลาง,63278.38,200
2023-12-10,S-01,ภาคกลาง,56276.43,186
2023-12-10,S-02,ภาคกลาง,56276.43,238
2023-12-10,S-03,ภาคอีสาน,31889.98,131
2023-12-10,S-04,ภาคอีสาน,31889.98,166
2023-12-10,S-05,ภาคเหนือ,33765.86,141
2023-12-10,S-06,ภาคใต้,30014.1,147
2023-12-10,S-90,ภาคกลาง,56276.43,186
2023-12-11,S-01,ภาคกลาง,51329.96,267
2023-12-11,S-02,ภาคกลาง,51329.96,200
2023-12-11,S-03,ภาคอีสาน,29086.98,136
2023-12-11,S-04,ภาคอีสาน,29086.98,92
2023-12-11,S-05,ภาคเหนือ,30797.98,100
2023-12-11,S-06,ภาคใต้,27375.98,137
2023-12-11,S-90,ภาคกลาง,51329.96,199
2023-12-12,S-01,ภาคกลาง,41363.69,135
2023-12-12,S-02,ภาคกลาง,41363.69,185
2023-12-12,S-03,ภาคอีสาน,23439.43,109
2023-12-12,S-04,ภาคอีสาน,23439.43,76
2023-12-12,S-05,ภาคเหนือ,24818.22,108
2023-12-12,S-06,ภาคใต้,22060.64,109
2023-12-12,S-90,ภาคกลาง,41363.69,159
2023-12-13,S-01,ภาคกลาง,48660.09,175
2023-12-13,S-02,ภาคกลาง,48660.09,218
2023-12-13,S-03,ภาคอีสาน,27574.05,135
2023-12-13,S-04,ภาคอีสาน,27574.05,114
2023-12-13,S-05,ภาคเหนือ,29196.06,100
2023-12-13,S-06,ภาคใต้,25952.05,98
2023-12-13,S-90,ภาคกลาง,48660.09,177
2023-12-14,S-01,ภาคกลาง,42905.76,214
2023-12-14,S-02,ภาคกลาง,42905.76,234
2023-12-14,S-03,ภาคอีสาน,24313.26,133
2023-12-14,S-04,ภาคอีสาน,24313.26,79
2023-12-14,S-05,ภาคเหนือ,25743.46,98
2023-12-14,S-06,ภาคใต้,22883.07,113
2023-12-14,S-90,ภาคกลาง,42905.76,215
2023-12-15,S-01,ภาคกลาง,51600.7,174
2023-12-15,S-02,ภาคกลาง,51600.7,268
2023-12-15,S-03,ภาคอีสาน,29240.4,104
2023-12-15,S-04,ภาคอีสาน,29240.4,100
2023-12-15,S-05,ภาคเหนือ,30960.42,116
2023-12-15,S-06,ภาคใต้,27520.37,95
2023-12-15,S-90,ภาคกลาง,51600.7,170
2023-12-16,S-01,ภาคกลาง,70458.54,371
2023-12-16,S-02,ภาคกลาง,70458.54,241
2023-12-16,S-03,ภาคอีสาน,39926.5,147
2023-12-16,S-04,ภาคอีสาน,39926.5,162
2023-12-16,S-05,ภาคเหนือ,42275.12,169
2023-12-16,S-06,ภาคใต้,37577.89,147
2023-12-16,S-90,ภาคกลาง,70458.54,324
2023-12-17,S-01,ภาคกลาง,65438.51,224
2023-12-17,S-02,ภาคกลาง,65438.51,224
2023-12-17,S-03,ภาคอีสาน,37081.82,205
2023-12-17,S-04,ภาคอีสาน,37081.82,168
2023-12-17,S-05,ภาคเหนือ,39263.1,138
2023-12-17,S-06,ภาคใต้,34900.54,165
2023-12-17,S-90,ภาคกลาง,65438.51,281
2023-12-18,S-01,ภาคกลาง,50512.98,178
2023-12-18,S-02,ภาคกลาง,50512.98,163
2023-12-18,S-03,ภาคอีสาน,28624.02,102
2023-12-18,S-04,ภาคอีสาน,28624.02,107
2023-12-18,S-05,ภาคเหนือ,30307.79,115
2023-12-18,S-06,ภาคใต้,26940.25,122
2023-12-18,S-90,ภาคกลาง,50512.98,196
2023-12-19,S-01,ภาคกลาง,43235.95,199
2023-12-19,S-02,ภาคกลาง,43235.95,139
2023-12-19,S-03,ภาคอีสาน,24500.37,91
2023-12-19,S-04,ภาคอีสาน,24500.37,88
2023-12-19,S-05,ภาคเหนือ,25941.57,100
2023-12-19,S-06,ภาคใต้,23059.17,78
2023-12-19,S-90,ภาคกลาง,43235.95,222
2023-12-20,S-01,ภาคกลาง,72553.04,311
2023-12-20,S-02,ภาคกลาง,72553.04,275
2023-12-20,S-03,ภาคอีสาน,41113.39,134
2023-12-20,S-04,ภาคอีสาน,41113.39,221
2023-12-20,S-05,ภาคเหนือ,43531.82,163
2023-12-20,S-06,ภาคใต้,38694.95,140
2023-12-20,S-90,ภาคกลาง,72553.04,295
2023-12-21,S-01,ภาคกลาง,69838.86,284
2023-12-21,S-02,ภาคกลาง,69838.86,282
2023-12-21,S-03,ภาคอีสาน,39575.35,133
2023-12-21,S-04,ภาคอีสาน,39575.35,169
2023-12-21,S-05,ภาคเหนือ,41903.31,209
2023-12-21,S-06,ภาคใต้,37247.39,135
2023-12-21,S-90,ภาคกลาง,69838.86,331
2023-12-22,S-01,ภาคกลาง,84613.96,282
2023-12-22,S-02,ภาคกลาง,84613.96,340
2023-12-22,S-03,ภาคอีสาน,47947.91,198
2023-12-22,S-04,ภาคอีสาน,47947.91,180
2023-12-22,S-05,ภาคเหนือ,50768.37,169
2023-12-22,S-06,ภาคใต้,45127.44,152
2023-12-22,S-90,ภาคกลาง,84613.96,357
2023-12-23,S-01,ภาคกลาง,103512.02,327
2023-12-23,S-02,ภาคกลาง,103512.02,380
2023-12-23,S-03,ภาคอีสาน,58656.81,256
2023-12-23,S-04,ภาคอีสาน,58656.81,192
2023-12-23,S-05,ภาคเหนือ,62107.21,214
2023-12-23,S-06,ภาคใต้,55206.41,224
2023-12-23,S-90,ภาคกลาง,103512.02,472
2023-12-24,S-01,ภาคกลาง,98614.01,379
2023-12-24,S-02,ภาคกลาง,98614.01,431
2023-12-24,S-03,ภาคอีสาน,55881.27,308
2023-12-24,S-04,ภาคอีสาน,55881.27,250
2023-12-24,S-05,ภาคเหนือ,59168.41,246
2023-12-24,S-06,ภาคใต้,52594.14,187
2023-12-24,S-90,ภาคกลาง,98614.01,531
2023-12-25,S-01,ภาคกลาง,76559.74,274
2023-12-25,S-02,ภาคกลาง,76559.74,297
2023-12-25,S-03,ภาคอีสาน,43383.85,152
2023-12-25,S-04,ภาคอีสาน,43383.85,199
2023-12-25,S-05,ภาคเหนือ,45935.84,146
2023-12-25,S-06,ภาคใต้,40831.86,219
2023-12-25,S-90,ภาคกลาง,76559.74,409
2023-12-26,S-01,ภาคกลาง,72438.23,257
2023-12-26,S-02,ภาคกลาง,72438.23,300
2023-12-26,S-03,ภาคอีสาน,41048.33,171
2023-12-26,S-04,ภาคอีสาน,41048.33,156
2023-12-26,S-05,ภาคเหนือ,43462.94,217
2023-12-26,S-06,ภาคใต้,38633.72,139
2023-12-26,S-90,ภาคกลาง,72438.23,245
2023-12-27,S-01,ภาคกลาง,73760.68,280
2023-12-27,S-02,ภาคกลาง,73760.68,390
2023-12-27,S-03,ภาคอีสาน,41797.72,222
2023-12-27,S-04,ภาคอีสาน,41797.72,164
2023-12-27,S-05,ภาคเหนือ,44256.41,161
2023-12-27,S-06,ภาคใต้,39339.03,162
2023-12-27,S-90,ภาคกลาง,73760.68,275
2023-12-28,S-01,ภาคกลาง,84094.52,281
2023-12-28,S-02,ภาคกลาง,84094.52,390
2023-12-28,S-03,ภาคอีสาน,47653.56,188
2023-12-28,S-04,ภาคอีสาน,47653.56,149
2023-12-28,S-05,ภาคเหนือ,50456.71,188
2023-12-28,S-06,ภาคใต้,44850.41,143
2023-12-28,S-90,ภาคกลาง,84094.52,315
2023-12-29,S-01,ภาคกลาง,84549.82,417
2023-12-29,S-02,ภาคกลาง,84549.82,335
2023-12-29,S-03,ภาคอีสาน,47911.56,170
2023-12-29,S-04,ภาคอีสาน,47911.56,193
2023-12-29,S-05,ภาคเหนือ,50729.89,273
2023-12-29,S-06,ภาคใต้,45093.24,142
2023-12-29,S-90,ภาคกลาง,84549.82,426
2023-12-30,S-01,ภาคกลาง,111446.21,607
2023-12-30,S-02,ภาคกลาง,111446.21,426
2023-12-30,S-03,ภาคอีสาน,63152.85,325
2023-12-30,S-04,ภาคอีสาน,63152.85,340
2023-12-30,S-05,ภาคเหนือ,66867.72,259
2023-12-30,S-06,ภาคใต้,59437.98,277
2023-12-30,S-90,ภาคกลาง,111446.21,480
2023-12-31,S-01,ภาคกลาง,107822.66,494
2023-12-31,S-02,ภาคกลาง,107822.66,530
2023-12-31,S-03,ภาคอีสาน,61099.51,196
2023-12-31,S-04,ภาคอีสาน,61099.51,266
2023-12-31,S-05,ภาคเหนือ,64693.6,285
2023-12-31,S-06,ภาคใต้,57505.42,277
2023-12-31,S-90,ภาคกลาง,107822.66,384
2024-01-01,S-01,ภาคกลาง,43678.77,176
2024-01-01,S-02,ภาคกลาง,43678.77,186
2024-01-01,S-03,ภาคอีสาน,24751.31,97
2024-01-01,S-04,ภาคอีสาน,24751.31,127
2024-01-01,S-05,ภาคเหนือ,26207.26,110
2024-01-01,S-06,ภาคใต้,23295.35,74
2024-01-01,S-90,ภาคกลาง,43678.77,147
2024-01-02,S-01,ภาคกลาง,43467.7,158
2024-01-02,S-02,ภาคกลาง,43467.7,155
2024-01-02,S-03,ภาคอีสาน,24631.7,83
2024-01-02,S-04,ภาคอีสาน,24631.7,90
2024-01-02,S-05,ภาคเหนือ,26080.62,118
2024-01-02,S-06,ภาคใต้,23182.77,85
2024-01-02,S-90,ภาคกลาง,43467.7,143
2024-01-03,S-01,ภาคกลาง,46691.62,159
2024-01-03,S-02,ภาคกลาง,46691.62,185
2024-01-03,S-03,ภาคอีสาน,26458.59,109
2024-01-03,S-04,ภาคอีสาน,26458.59,86
2024-01-03,S-05,ภาคเหนือ,28014.97,100
2024-01-03,S-06,ภาคใต้,24902.2,126
2024-01-03,S-90,ภาคกลาง,46691.62,226
2024-01-04,S-01,ภาคกลาง,46438.29,171
2024-01-04,S-02,ภาคกลาง,46438.29,201
2024-01-04,S-03,ภาคอีสาน,26315.03,85
2024-01-04,S-04,ภาคอีสาน,26315.03,120
2024-01-04,S-05,ภาคเหนือ,27862.97,103
2024-01-04,S-06,ภาคใต้,24767.09,95
2024-01-04,S-90,ภาคกลาง,46438.29,248
2024-01-05,S-01,ภาคกลาง,47498.0,189
2024-01-05,S-02,ภาคกลาง,47498.0,173
2024-01-05,S-03,ภาคอีสาน,26915.54,86
2024-01-05,S-04,ภาคอีสาน,26915.54,147
2024-01-05,S-05,ภาคเหนือ,28498.8,129
2024-01-05,S-06,ภาคใต้,25332.27,88
2024-01-05,S-90,ภาคกลาง,47498.0,217
2024-01-06,S-01,ภาคกลาง,72606.75,298
2024-01-06,S-02,ภาคกลาง,72606.75,297
2024-01-06,S-03,ภาคอีสาน,41143.83,170
2024-01-06,S-04,ภาคอีสาน,41143.83,155
2024-01-06,S-05,ภาคเหนือ,43564.05,146
2024-01-06,S-06,ภาคใต้,38723.6,144
2024-01-06,S-90,ภาคกลาง,72606.75,290
2024-01-07,S-01,ภาคกลาง,72485.0,261
2024-01-07,S-02,ภาคกลาง,72485.0,338
2024-01-07,S-03,ภาคอีสาน,41074.83,187
2024-01-07,S-04,ภาคอีสาน,41074.83,228
2024-01-07,S-05,ภาคเหนือ,43491.0,172
2024-01-07,S-06,ภาคใต้,38658.67,170
2024-01-07,S-90,ภาคกลาง,72485.0,238
2024-01-08,S-01,ภาคกลาง,48029.28,239
2024-01-08,S-02,ภาคกลาง,48029.28,232
2024-01-08,S-03,ภาคอีสาน,27216.59,118
2024-01-08,S-04,ภาคอีสาน,27216.59,119
2024-01-08,S-05,ภาคเหนือ,28817.57,92
2024-01-08,S-06,ภาคใต้,25615.61,91
2024-01-08,S-90,ภาคกลาง,48029.28,200
2024-01-09,S-01,ภาคกลาง,51959.65,199
2024-01-09,S-02,ภาคกลาง,51959.65,169
2024-01-09,S-03,ภาคอีสาน,29443.8,127
2024-01-09,S-04,ภาคอีสาน,29443.8,104
2024-01-09,S-05,ภาคเหนือ,31175.79,97
2024-01-09,S-06,ภาคใต้,27711.82,112
2024-01-09,S-90,ภาคกลาง,51959.65,267
2024-01-10,S-01,ภาคกลาง,56376.09,278
2024-01-10,S-02,ภาคกลาง,56376.09,200
2024-01-10,S-03,ภาคอีสาน,31946.45,132
2024-01-10,S-04,ภาคอีสาน,31946.45,129
2024-01-10,S-05,ภาคเหนือ,33825.65,166
2024-01-10,S-06,ภาคใต้,30067.25,114
2024-01-10,S-90,ภาคกลาง,56376.09,231
2024-01-11,S-01,ภาคกลาง,46248.87,223
2024-01-11,S-02,ภาคกลาง,46248.87,156
2024-01-11,S-03,ภาคอีสาน,26207.69,124
2024-01-11,S-04,ภาคอีสาน,26207.69,123
2024-01-11,S-05,ภาคเหนือ,27749.32,93
2024-01-11,S-06,ภาคใต้,24666.06,121
2024-01-11,S-90,ภาคกลาง,46248.87,219
2024-01-12,S-01,ภาคกลาง,56415.44,183
2024-01-12,S-02,ภาคกลาง,56415.44,187
2024-01-12,S-03,ภาคอีสาน,31968.75,115
2024-01-12,S-04,ภาคอีสาน,31968.75,132
2024-01-12,S-05,ภาคเหนือ,33849.26,152
2024-01-12,S-06,ภาคใต้,30088.23,157
2024-01-12,S-90,ภาคกลาง,56415.44,238
2024-01-13,S-01,ภาคกลาง,73882.15,233
2024-01-13,S-02,ภาคกลาง,73882.15,363
2024-01-13,S-03,ภาคอีสาน,41866.55,142
2024-01-13,S-04,ภาคอีสาน,41866.55,208
2024-01-13,S-05,ภาคเหนือ,44329.29,209
2024-01-13,S-06,ภาคใต้,39403.81,197
2024-01-13,S-90,ภาคกลาง,73882.15,357
2024-01-14,S-01,ภาคกลาง,62593.15,260
2024-01-14,S-02,ภาคกลาง,62593.15,324
2024-01-14,S-03,ภาคอีสาน,35469.45,120
2024-01-14,S-04,ภาคอีสาน,35469.45,114
2024-01-14,S-05,ภาคเหนือ,37555.89,176
2024-01-14,S-06,ภาคใต้,33383.01,155
2024-01-14,S-90,ภาคกลาง,62593.15,239
2024-01-15,S-01,ภาคกลาง,47909.07,157
2024-01-15,S-02,ภาคกลาง,47909.07,246
2024-01-15,S-03,ภาคอีสาน,27148.47,113
2024-01-15,S-04,ภาคอีสาน,27148.47,100
2024-01-15,S-05,ภาคเหนือ,28745.44,133
2024-01-15,S-06,ภาคใต้,25551.51,82
2024-01-15,S-90,ภาคกลาง,47909.07,194
2024-01-16,S-01,ภาคกลาง,52764.87,165
2024-01-16,S-02,ภาคกลาง,52764.87,189
2024-01-16,S-03,ภาคอีสาน,29900.09,135
2024-01-16,S-04,ภาคอีสาน,29900.09,122
2024-01-16,S-05,ภาคเหนือ,31658.92,125
2024-01-16,S-06,ภาคใต้,28141.26,94
2024-01-16,S-90,ภาคกลาง,52764.87,276
2024-01-17,S-01,ภาคกลาง,47137.26,199
2024-01-17,S-02,ภาคกลาง,47137.26,178
2024-01-17,S-03,ภาคอีสาน,26711.11,111
2024-01-17,S-04,ภาคอีสาน,26711.11,99
2024-01-17,S-05,ภาคเหนือ,28282.35,124
2024-01-17,S-06,ภาคใต้,25139.87,95
2024-01-17,S-90,ภาคกลาง,47137.26,151
2024-01-18,S-01,ภาคกลาง,57557.24,228
2024-01-18,S-02,ภาคกลาง,57557.24,271
2024-01-18,S-03,ภาคอีสาน,32615.77,112
2024-01-18,S-04,ภาคอีสาน,32615.77,110
2024-01-18,S-05,ภาคเหนือ,34534.35,179
2024-01-18,S-06,ภาคใต้,30697.2,140
2024-01-18,S-90,ภาคกลาง,57557.24,232
2024-01-19,S-01,ภาคกลาง,54652.32,198
2024-01-19,S-02,ภาคกลาง,54652.32,226
2024-01-19,S-03,ภาคอีสาน,30969.65,149
2024-01-19,S-04,ภาคอีสาน,30969.65,168
2024-01-19,S-05,ภาคเหนือ,32791.39,104
2024-01-19,S-06,ภาคใต้,29147.9,91
2024-01-19,S-90,ภาคกลาง,54652.32,253
2024-01-20,S-01,ภาคกลาง,63741.02,206
2024-01-20,S-02,ภาคกลาง,63741.02,210
2024-01-20,S-03,ภาคอีสาน,36119.91,121
2024-01-20,S-04,ภาคอีสาน,36119.91,138
2024-01-20,S-05,ภาคเหนือ,38244.61,122
2024-01-20,S-06,ภาคใต้,33995.21,121
2024-01-20,S-90,ภาคกลาง,63741.02,215
2024-01-21,S-01,ภาคกลาง,67622.28,273
2024-01-21,S-02,ภาคกลาง,67622.28,258
2024-01-21,S-03,ภาคอีสาน,38319.29,158
2024-01-21,S-04,ภาคอีสาน,38319.29,167
2024-01-21,S-05,ภาคเหนือ,40573.37,127
2024-01-21,S-06,ภาคใต้,36065.21,180
2024-01-21,S-90,ภาคกลาง,67622.28,216
2024-01-22,S-01,ภาคกลาง,53887.25,269
2024-01-22,S-02,ภาคกลาง,53887.25,175
2024-01-22,S-03,ภาคอีสาน,30536.11,134
2024-01-22,S-04,ภาคอีสาน,30536.11,133
2024-01-22,S-05,ภาคเหนือ,32332.35,114
2024-01-22,S-06,ภาคใต้,28739.87,114
2024-01-22,S-90,ภาคกลาง,53887.25,265
2024-01-23,S-01,ภาคกลาง,56085.78,252
2024-01-23,S-02,ภาคกลาง,56085.78,259
2024-01-23,S-03,ภาคอีสาน,31781.94,109
2024-01-23,S-04,ภาคอีสาน,31781.94,152
2024-01-23,S-05,ภาคเหนือ,33651.47,114
2024-01-23,S-06,ภาคใต้,29912.42,131
2024-01-23,S-90,ภาคกลาง,56085.78,209
2024-01-24,S-01,ภาคกลาง,51128.0,210
2024-01-24,S-02,ภาคกลาง,51128.0,198
2024-01-24,S-03,ภาคอีสาน,28972.53,100
2024-01-24,S-04,ภาคอีสาน,28972.53,94
2024-01-24,S-05,ภาคเหนือ,30676.8,167
2024-01-24,S-06,ภาคใต้,27268.27,99
2024-01-24,S-90,ภาคกลาง,51128.0,249
2024-01-25,S-01,ภาคกลาง,48642.91,252
2024-01-25,S-02,ภาคกลาง,48642.91,152
2024-01-25,S-03,ภาคอีสาน,27564.31,100
2024-01-25,S-04,ภาคอีสาน,27564.31,125
2024-01-25,S-05,ภาคเหนือ,29185.74,95
2024-01-25,S-06,ภาคใต้,25942.88,85
2024-01-25,S-90,ภาคกลาง,48642.91,260
2024-01-26,S-01,ภาคกลาง,53235.61,169
2024-01-26,S-02,ภาคกลาง,53235.61,227
2024-01-26,S-03,ภาคอีสาน,30166.85,101
2024-01-26,S-04,ภาคอีสาน,30166.85,123
2024-01-26,S-05,ภาคเหนือ,31941.37,165
2024-01-26,S-06,ภาคใต้,28392.33,108
2024-01-26,S-90,ภาคกลาง,53235.61,186
2024-01-27,S-01,ภาคกลาง,76938.37,271
2024-01-27,S-02,ภาคกลาง,76938.37,270
2024-01-27,S-03,ภาคอีสาน,43598.41,233
2024-01-27,S-04,ภาคอีสาน,43598.41,189
2024-01-27,S-05,ภาคเหนือ,46163.02,181
2024-01-27,S-06,ภาคใต้,41033.8,144
2024-01-27,S-90,ภาคกลาง,76938.37,244
2024-01-28,S-01,ภาคกลาง,76678.94,245
2024-01-28,S-02,ภาคกลาง,76678.94,301
2024-01-28,S-03,ภาคอีสาน,43451.4,143
2024-01-28,S-04,ภาคอีสาน,43451.4,147
2024-01-28,S-05,ภาคเหนือ,46007.37,165
2024-01-28,S-06,ภาคใต้,40895.44,191
2024-01-28,S-90,ภาคกลาง,76678.94,300
2024-01-29,S-01,ภาคกลาง,57920.17,236
2024-01-29,S-02,ภาคกลาง,57920.17,216
2024-01-29,S-03,ภาคอีสาน,32821.43,109
2024-01-29,S-04,ภาคอีสาน,32821.43,111
2024-01-29,S-05,ภาคเหนือ,34752.1,112
2024-01-29,S-06,ภาคใต้,30890.76,139
2024-01-29,S-90,ภาคกลาง,57920.17,220
2024-01-30,S-01,ภาคกลาง,51729.18,164
2024-01-30,S-02,ภาคกลาง,51729.18,269
2024-01-30,S-03,ภาคอีสาน,29313.2,132
2024-01-30,S-04,ภาคอีสาน,29313.2,118
2024-01-30,S-05,ภาคเหนือ,31037.51,115
2024-01-30,S-06,ภาคใต้,27588.9,87
2024-01-30,S-90,ภาคกลาง,51729.18,212
2024-01-31,S-01,ภาคกลาง,58879.93,247
2024-01-31,S-02,ภาคกลาง,58879.93,201
2024-01-31,S-03,ภาคอีสาน,33365.29,134
2024-01-31,S-04,ภาคอีสาน,33365.29,125
2024-01-31,S-05,ภาคเหนือ,35327.96,188
2024-01-31,S-06,ภาคใต้,31402.63,99
2024-01-31,S-90,ภาคกลาง,58879.93,272
2024-02-01,S-01,ภาคกลาง,56347.14,248
2024-02-01,S-02,ภาคกลาง,56347.14,221
2024-02-01,S-03,ภาคอีสาน,31930.05,138
2024-02-01,S-04,ภาคอีสาน,31930.05,151
2024-02-01,S-05,ภาคเหนือ,33808.28,185
2024-02-01,S-06,ภาคใต้,30051.81,133
2024-02-01,S-90,ภาคกลาง,56347.14,218
2024-02-02,S-01,ภาคกลาง,53777.5,194
2024-02-02,S-02,ภาคกลาง,53777.5,169
2024-02-02,S-03,ภาคอีสาน,30473.92,130
2024-02-02,S-04,ภาคอีสาน,30473.92,111
2024-02-02,S-05,ภาคเหนือ,32266.5,129
2024-02-02,S-06,ภาคใต้,28681.34,125
2024-02-02,S-90,ภาคกลาง,53777.5,171
2024-02-03,S-01,ภาคกลาง,83907.26,459
2024-02-03,S-02,ภาคกลาง,83907.26,305
2024-02-03,S-03,ภาคอีสาน,47547.44,194
2024-02-03,S-04,ภาคอีสาน,47547.44,188
2024-02-03,S-05,ภาคเหนือ,50344.35,201
2024-02-03,S-06,ภาคใต้,44750.54,185
2024-02-03,S-90,ภาคกลาง,83907.26,380
2024-02-04,S-01,ภาคกลาง,76575.64,324
2024-02-04,S-02,ภาคกลาง,76575.64,248
2024-02-04,S-03,ภาคอีสาน,43392.86,147
2024-02-04,S-04,ภาคอีสาน,43392.86,204
2024-02-04,S-05,ภาคเหนือ,45945.39,147
2024-02-04,S-06,ภาคใต้,40840.34,222
2024-02-04,S-90,ภาคกลาง,76575.64,351
2024-02-05,S-01,ภาคกลาง,50405.08,186
2024-02-05,S-02,ภาคกลาง,50405.08,266
2024-02-05,S-03,ภาคอีสาน,28562.88,93
2024-02-05,S-04,ภาคอีสาน,28562.88,144
2024-02-05,S-05,ภาคเหนือ,30243.05,97
2024-02-05,S-06,ภาคใต้,26882.71,117
2024-02-05,S-90,ภาคกลาง,50405.08,188
2024-02-06,S-01,ภาคกลาง,62619.8,266
2024-02-06,S-02,ภาคกลาง,62619.8,276
2024-02-06,S-03,ภาคอีสาน,35484.56,180
2024-02-06,S-04,ภาคอีสาน,35484.56,141
2024-02-06,S-05,ภาคเหนือ,37571.88,196
2024-02-06,S-06,ภาคใต้,33397.23,127
2024-02-06,S-90,ภาคกลาง,62619.8,282
2024-02-07,S-01,ภาคกลาง,55860.55,261
2024-02-07,S-02,ภาคกลาง,55860.55,232
2024-02-07,S-03,ภาคอีสาน,31654.31,110
2024-02-07,S-04,ภาคอีสาน,31654.31,109
2024-02-07,S-05,ภาคเหนือ,33516.33,129
2024-02-07,S-06,ภาคใต้,29792.29,97
2024-02-07,S-90,ภาคกลาง,55860.55,207
2024-02-08,S-01,ภาคกลาง,56880.11,221
2024-02-08,S-02,ภาคกลาง,56880.11,303
2024-02-08,S-03,ภาคอีสาน,32232.06,124
2024-02-08,S-04,ภาคอีสาน,32232.06,132
2024-02-08,S-05,ภาคเหนือ,34128.06,146
2024-02-08,S-06,ภาคใต้,30336.06,123
2024-02-08,S-90,ภาคกลาง,56880.11,249
2024-02-09,S-01,ภาคกลาง,53902.79,181
2024-02-09,S-02,ภาคกลาง,53902.79,234
2024-02-09,S-03,ภาคอีสาน,30544.91,97
2024-02-09,S-04,ภาคอีสาน,30544.91,114
2024-02-09,S-05,ภาคเหนือ,32341.67,141
2024-02-09,S-06,ภาคใต้,28748.16,91
2024-02-09,S-90,ภาคกลาง,53902.79,270
2024-02-10,S-01,ภาคกลาง,76549.72,324
2024-02-10,S-02,ภาคกลาง,76549.72,292
2024-02-10,S-03,ภาคอีสาน,43378.17,162
2024-02-10,S-04,ภาคอีสาน,43378.17,147
2024-02-10,S-05,ภาคเหนือ,45929.83,208
2024-02-10,S-06,ภาคใต้,40826.52,222
2024-02-10,S-90,ภาคกลาง,76549.72,279
2024-02-11,S-01,ภาคกลาง,78876.79,262
2024-02-11,S-02,ภาคกลาง,78876.79,354
2024-02-11,S-03,ภาคอีสาน,44696.85,163
2024-02-11,S-04,ภาคอีสาน,44696.85,194
2024-02-11,S-05,ภาคเหนือ,47326.08,236
2024-02-11,S-06,ภาคใต้,42067.62,156
2024-02-11,S-90,ภาคกลาง,78876.79,317
2024-02-12,S-01,ภาคกลาง,52860.6,189
2024-02-12,S-02,ภาคกลาง,52860.6,277
2024-02-12,S-03,ภาคอีสาน,29954.34,115
2024-02-12,S-04,ภาคอีสาน,29954.34,118
2024-02-12,S-05,ภาคเหนือ,31716.36,110
2024-02-12,S-06,ภาคใต้,28192.32,124
2024-02-12,S-90,ภาคกลาง,52860.6,182
2024-02-13,S-01,ภาคกลาง,54369.63,177
2024-02-13,S-02,ภาคกลาง,54369.63,218
2024-02-13,S-03,ภาคอีสาน,30809.46,110
2024-02-13,S-04,ภาคอีสาน,30809.46,115
2024-02-13,S-05,ภาคเหนือ,32621.78,121
2024-02-13,S-06,ภาคใต้,28997.13,119
2024-02-13,S-90,ภาคกลาง,54369.63,285
2024-02-14,S-01,ภาคกลาง,52657.0,184
2024-02-14,S-02,ภาคกลาง,52657.0,190
2024-02-14,S-03,ภาคอีสาน,29838.97,107
2024-02-14,S-04,ภาคอีสาน,29838.97,108
2024-02-14,S-05,ภาคเหนือ,31594.2,102
2024-02-14,S-06,ภาคใต้,28083.73,104
2024-02-14,S-90,ภาคกลาง,52657.0,174
2024-02-15,S-01,ภาคกลาง,52225.67,178
2024-02-15,S-02,ภาคกลาง,52225.67,201
2024-02-15,S-03,ภาคอีสาน,29594.55,95
2024-02-15,S-04,ภาคอีสาน,29594.55,114
2024-02-15,S-05,ภาคเหนือ,31335.4,122
2024-02-15,S-06,ภาคใต้,27853.69,90
2024-02-15,S-90,ภาคกลาง,52225.67,168
2024-02-16,S-01,ภาคกลาง,55385.08,183
2024-02-16,S-02,ภาคกลาง,55385.08,291
2024-02-16,S-03,ภาคอีสาน,31384.88,102
2024-02-16,S-04,ภาคอีสาน,31384.88,157
2024-02-16,S-05,ภาคเหนือ,33231.05,106
2024-02-16,S-06,ภาคใต้,29538.71,114
2024-02-16,S-90,ภาคกลาง,55385.08,264
2024-02-17,S-01,ภาคกลาง,85844.33,387
2024-02-17,S-02,ภาคกลาง,85844.33,290
2024-02-17,S-03,ภาคอีสาน,48645.12,199
2024-02-17,S-04,ภาคอีสาน,48645.12,205
2024-02-17,S-05,ภาคเหนือ,51506.6,162
2024-02-17,S-06,ภาคใต้,45783.64,204
2024-02-17,S-90,ภาคกลาง,85844.33,383
2024-02-18,S-01,ภาคกลาง,76096.95,301
2024-02-18,S-02,ภาคกลาง,76096.95,256
2024-02-18,S-03,ภาคอีสาน,43121.6,187
2024-02-18,S-04,ภาคอีสาน,43121.6,195
2024-02-18,S-05,ภาคเหนือ,45658.17,161
2024-02-18,S-06,ภาคใต้,40585.04,127
2024-02-18,S-90,ภาคกลาง,76096.95,266
2024-02-19,S-01,ภาคกลาง,60593.01,257
2024-02-19,S-02,ภาคกลาง,60593.01,202
2024-02-19,S-03,ภาคอีสาน,34336.04,119
2024-02-19,S-04,ภาคอีสาน,34336.04,157
2024-02-19,S-05,ภาคเหนือ,36355.81,178
2024-02-19,S-06,ภาคใต้,32316.27,159
2024-02-19,S-90,ภาคกลาง,60593.01,201
2024-02-20,S-01,ภาคกลาง,62852.92,248
2024-02-20,S-02,ภาคกลาง,62852.92,287
2024-02-20,S-03,ภาคอีสาน,35616.65,141
2024-02-20,S-04,ภาคอีสาน,35616.65,119
2024-02-20,S-05,ภาคเหนือ,37711.75,157
2024-02-20,S-06,ภาคใต้,33521.56,137
2024-02-20,S-90,ภาคกลาง,62852.92,327
2024-02-21,S-01,ภาคกลาง,53580.83,186
2024-02-21,S-02,ภาคกลาง,53580.83,183
2024-02-21,S-03,ภาคอีสาน,30362.47,95
2024-02-21,S-04,ภาคอีสาน,30362.47,116
2024-02-21,S-05,ภาคเหนือ,32148.5,101
2024-02-21,S-06,ภาคใต้,28576.44,95
2024-02-21,S-90,ภาคกลาง,53580.83,195
2024-02-22,S-01,ภาคกลาง,65708.76,209
2024-02-22,S-02,ภาคกลาง,65708.76,285
2024-02-22,S-03,ภาคอีสาน,37234.97,167
2024-02-22,S-04,ภาคอีสาน,37234.97,135
2024-02-22,S-05,ภาคเหนือ,39425.26,145
2024-02-22,S-06,ภาคใต้,35044.67,118
2024-02-22,S-90,ภาคกลาง,65708.76,221
2024-02-23,S-01,ภาคกลาง,67907.63,214
2024-02-23,S-02,ภาคกลาง,67907.63,222
2024-02-23,S-03,ภาคอีสาน,38480.99,199
2024-02-23,S-04,ภาคอีสาน,38480.99,204
2024-02-23,S-05,ภาคเหนือ,40744.58,141
2024-02-23,S-06,ภาคใต้,36217.4,151
2024-02-23,S-90,ภาคกลาง,67907.63,345
2024-02-24,S-01,ภาคกลาง,78417.52,357
2024-02-24,S-02,ภาคกลาง,78417.52,284
2024-02-24,S-03,ภาคอีสาน,44436.6,155
2024-02-24,S-04,ภาคอีสาน,44436.6,200
2024-02-24,S-05,ภาคเหนือ,47050.51,208
2024-02-24,S-06,ภาคใต้,41822.68,170
2024-02-24,S-90,ภาคกลาง,78417.52,322
2024-02-25,S-01,ภาคกลาง,86329.99,471
2024-02-25,S-02,ภาคกลาง,86329.99,271
2024-02-25,S-03,ภาคอีสาน,48920.33,228
2024-02-25,S-04,ภาคอีสาน,48920.33,193
2024-02-25,S-05,ภาคเหนือ,51797.99,211
2024-02-25,S-06,ภาคใต้,46042.66,147
2024-02-25,S-90,ภาคกลาง,86329.99,338
2024-02-26,S-01,ภาคกลาง,62939.28,207
2024-02-26,S-02,ภาคกลาง,62939.28,242
2024-02-26,S-03,ภาคอีสาน,35665.59,139
2024-02-26,S-04,ภาคอีสาน,35665.59,158
2024-02-26,S-05,ภาคเหนือ,37763.57,134
2024-02-26,S-06,ภาคใต้,33567.62,117
2024-02-26,S-90,ภาคกลาง,62939.28,199
2024-02-27,S-01,ภาคกลาง,68986.0,282
2024-02-27,S-02,ภาคกลาง,68986.0,284
2024-02-27,S-03,ภาคอีสาน,39092.06,181
2024-02-27,S-04,ภาคอีสาน,39092.06,181
2024-02-27,S-05,ภาคเหนือ,41391.6,136
2024-02-27,S-06,ภาคใต้,36792.53,150
2024-02-27,S-90,ภาคกลาง,68986.0,372
2024-02-28,S-01,ภาคกลาง,68123.44,294
2024-02-28,S-02,ภาคกลาง,68123.44,270
2024-02-28,S-03,ภาคอีสาน,38603.28,125
2024-02-28,S-04,ภาคอีสาน,38603.28,186
2024-02-28,S-05,ภาคเหนือ,40874.06,213
2024-02-28,S-06,ภาคใต้,36332.5,200
2024-02-28,S-90,ภาคกลาง,68123.44,362
2024-02-29,S-01,ภาคกลาง,66801.17,349
2024-02-29,S-02,ภาคกลาง,66801.17,238
2024-02-29,S-03,ภาคอีสาน,37853.99,175
2024-02-29,S-04,ภาคอีสาน,37853.99,164
2024-02-29,S-05,ภาคเหนือ,40080.7,141
2024-02-29,S-06,ภาคใต้,35627.29,168
2024-02-29,S-90,ภาคกลาง,66801.17,295
2024-03-01,S-01,ภาคกลาง,61655.17,306
2024-03-01,S-02,ภาคกลาง,61655.17,224
2024-03-01,S-03,ภาคอีสาน,34937.93,113
2024-03-01,S-04,ภาคอีสาน,34937.93,181
2024-03-01,S-05,ภาคเหนือ,36993.1,202
2024-03-01,S-06,ภาคใต้,32882.76,126
2024-03-01,S-90,ภาคกลาง,61655.17,226
2024-03-02,S-01,ภาคกลาง,83250.49,382
2024-03-02,S-02,ภาคกลาง,83250.49,331
2024-03-02,S-03,ภาคอีสาน,47175.28,246
2024-03-02,S-04,ภาคอีสาน,47175.28,247
2024-03-02,S-05,ภาคเหนือ,49950.29,207
2024-03-02,S-06,ภาคใต้,44400.26,157
2024-03-02,S-90,ภาคกลาง,83250.49,433
2024-03-03,S-01,ภาคกลาง,80361.64,313
2024-03-03,S-02,ภาคกลาง,80361.64,427
2024-03-03,S-03,ภาคอีสาน,45538.26,143
2024-03-03,S-04,ภาคอีสาน,45538.26,156
2024-03-03,S-05,ภาคเหนือ,48216.99,172
2024-03-03,S-06,ภาคใต้,42859.54,162
2024-03-03,S-90,ภาคกลาง,80361.64,263
2024-03-04,S-01,ภาคกลาง,65416.58,347
2024-03-04,S-02,ภาคกลาง,65416.58,282
2024-03-04,S-03,ภาคอีสาน,37069.39,141
2024-03-04,S-04,ภาคอีสาน,37069.39,169
2024-03-04,S-05,ภาคเหนือ,39249.95,163
2024-03-04,S-06,ภาคใต้,34888.84,131
2024-03-04,S-90,ภาคกลาง,65416.58,242
2024-03-05,S-01,ภาคกลาง,70415.59,236
2024-03-05,S-02,ภาคกลาง,70415.59,297
2024-03-05,S-03,ภาคอีสาน,39902.17,177
2024-03-05,S-04,ภาคอีสาน,39902.17,195
2024-03-05,S-05,ภาคเหนือ,42249.35,227
2024-03-05,S-06,ภาคใต้,37554.98,145
2024-03-05,S-90,ภาคกลาง,70415.59,317
2024-03-06,S-01,ภาคกลาง,64623.74,260
2024-03-06,S-02,ภาคกลาง,64623.74,234
2024-03-06,S-03,ภาคอีสาน,36620.12,158
2024-03-06,S-04,ภาคอีสาน,36620.12,137
2024-03-06,S-05,ภาคเหนือ,38774.24,210
2024-03-06,S-06,ภาคใต้,34465.99,109
2024-03-06,S-90,ภาคกลาง,64623.74,324
2024-03-07,S-01,ภาคกลาง,70458.75,374
2024-03-07,S-02,ภาคกลาง,70458.75,266
2024-03-07,S-03,ภาคอีสาน,39926.63,193
2024-03-07,S-04,ภาคอีสาน,39926.63,187
2024-03-07,S-05,ภาคเหนือ,42275.25,219
2024-03-07,S-06,ภาคใต้,37578.0,158
2024-03-07,S-90,ภาคกลาง,70458.75,368
2024-03-08,S-01,ภาคกลาง,58560.01,260
2024-03-08,S-02,ภาคกลาง,58560.01,185
2024-03-08,S-03,ภาคอีสาน,33184.01,116
2024-03-08,S-04,ภาคอีสาน,33184.01,142
2024-03-08,S-05,ภาคเหนือ,35136.01,157
2024-03-08,S-06,ภาคใต้,31232.01,152
2024-03-08,S-90,ภาคกลาง,58560.01,241
2024-03-09,S-01,ภาคกลาง,96511.4,519
2024-03-09,S-02,ภาคกลาง,96511.4,528
2024-03-09,S-03,ภาคอีสาน,54689.79,219
2024-03-09,S-04,ภาคอีสาน,54689.79,239
2024-03-09,S-05,ภาคเหนือ,57906.84,229
2024-03-09,S-06,ภาคใต้,51472.74,176
2024-03-09,S-90,ภาคกลาง,96511.4,322
2024-03-10,S-01,ภาคกลาง,92707.53,401
2024-03-10,S-02,ภาคกลาง,92707.53,316
2024-03-10,S-03,ภาคอีสาน,52534.26,225
2024-03-10,S-04,ภาคอีสาน,52534.26,257
2024-03-10,S-05,ภาคเหนือ,55624.52,238
2024-03-10,S-06,ภาคใต้,49444.01,176
2024-03-10,S-90,ภาคกลาง,92707.53,303
2024-03-11,S-01,ภาคกลาง,72717.11,327
2024-03-11,S-02,ภาคกลาง,72717.11,256
2024-03-11,S-03,ภาคอีสาน,41206.36,179
2024-03-11,S-04,ภาคอีสาน,41206.36,191
2024-03-11,S-05,ภาคเหนือ,43630.27,223
2024-03-11,S-06,ภาคใต้,38782.46,204
2024-03-11,S-90,ภาคกลาง,72717.11,399
2024-03-12,S-01,ภาคกลาง,61028.27,204
2024-03-12,S-02,ภาคกลาง,61028.27,319
2024-03-12,S-03,ภาคอีสาน,34582.68,127
2024-03-12,S-04,ภาคอีสาน,34582.68,149
2024-03-12,S-05,ภาคเหนือ,36616.96,184
2024-03-12,S-06,ภาคใต้,32548.41,104
2024-03-12,S-90,ภาคกลาง,61028.27,217
2024-03-13,S-01,ภาคกลาง,60800.22,259
2024-03-13,S-02,ภาคกลาง,60800.22,280
2024-03-13,S-03,ภาคอีสาน,34453.46,143
2024-03-13,S-04,ภาคอีสาน,34453.46,120
2024-03-13,S-05,ภาคเหนือ,36480.13,133
2024-03-13,S-06,ภาคใต้,32426.78,122
2024-03-13,S-90,ภาคกลาง,60800.22,290
2024-03-14,S-01,ภาคกลาง,65273.85,208
2024-03-14,S-02,ภาคกลาง,65273.85,254
2024-03-14,S-03,ภาคอีสาน,36988.51,167
2024-03-14,S-04,ภาคอีสาน,36988.51,118
2024-03-14,S-05,ภาคเหนือ,39164.31,210
2024-03-14,S-06,ภาคใต้,34812.72,126
2024-03-14,S-90,ภาคกลาง,65273.85,332
2024-03-15,S-01,ภาคกลาง,65184.44,211
2024-03-15,S-02,ภาคกลาง,65184.44,223
2024-03-15,S-03,ภาคอีสาน,36937.85,153
2024-03-15,S-04,ภาคอีสาน,36937.85,177
2024-03-15,S-05,ภาคเหนือ,39110.67,124
2024-03-15,S-06,ภาคใต้,34765.04,148
2024-03-15,S-90,ภาคกลาง,65184.44,242
2024-03-16,S-01,ภาคกลาง,81812.74,404
2024-03-16,S-02,ภาคกลาง,81812.74,344
2024-03-16,S-03,ภาคอีสาน,46360.55,158
2024-03-16,S-04,ภาคอีสาน,46360.55,194
2024-03-16,S-05,ภาคเหนือ,49087.64,231
2024-03-16,S-06,ภาคใต้,43633.46,162
2024-03-16,S-90,ภาคกลาง,81812.74,299
2024-03-17,S-01,ภาคกลาง,80985.67,376
2024-03-17,S-02,ภาคกลาง,80985.67,336
2024-03-17,S-03,ภาคอีสาน,45891.88,191
2024-03-17,S-04,ภาคอีสาน,45891.88,240
2024-03-17,S-05,ภาคเหนือ,48591.4,227
2024-03-17,S-06,ภาคใต้,43192.36,169
2024-03-17,S-90,ภาคกลาง,80985.67,383
2024-03-18,S-01,ภาคกลาง,64589.98,213
2024-03-18,S-02,ภาคกลาง,64589.98,292
2024-03-18,S-03,ภาคอีสาน,36600.99,173
2024-03-18,S-04,ภาคอีสาน,36600.99,187
2024-03-18,S-05,ภาคเหนือ,38753.99,164
2024-03-18,S-06,ภาคใต้,34447.99,151
2024-03-18,S-90,ภาคกลาง,64589.98,315
2024-03-19,S-01,ภาคกลาง,73329.71,328
2024-03-19,S-02,ภาคกลาง,73329.71,230
2024-03-19,S-03,ภาคอีสาน,41553.5,157
2024-03-19,S-04,ภาคอีสาน,41553.5,167
2024-03-19,S-05,ภาคเหนือ,43997.83,152
2024-03-19,S-06,ภาคใต้,39109.18,123
2024-03-19,S-90,ภาคกลาง,73329.71,327
2024-03-20,S-01,ภาคกลาง,70501.16,238
2024-03-20,S-02,ภาคกลาง,70501.16,244
2024-03-20,S-03,ภาคอีสาน,39950.66,164
2024-03-20,S-04,ภาคอีสาน,39950.66,133
2024-03-20,S-05,ภาคเหนือ,42300.7,201
2024-03-20,S-06,ภาคใต้,37600.62,172
2024-03-20,S-90,ภาคกลาง,70501.16,284
2024-03-21,S-01,ภาคกลาง,62160.56,201
2024-03-21,S-02,ภาคกลาง,62160.56,222
2024-03-21,S-03,ภาคอีสาน,35224.32,163
2024-03-21,S-04,ภาคอีสาน,35224.32,113
2024-03-21,S-05,ภาคเหนือ,37296.34,117
2024-03-21,S-06,ภาคใต้,33152.3,103
2024-03-21,S-90,ภาคกลาง,62160.56,312
2024-03-22,S-01,ภาคกลาง,72782.46,289
2024-03-22,S-02,ภาคกลาง,72782.46,391
2024-03-22,S-03,ภาคอีสาน,41243.39,221
2024-03-22,S-04,ภาคอีสาน,41243.39,165
2024-03-22,S-05,ภาคเหนือ,43669.47,209
2024-03-22,S-06,ภาคใต้,38817.31,203
2024-03-22,S-90,ภาคกลาง,72782.46,403
2024-03-23,S-01,ภาคกลาง,87802.45,313
2024-03-23,S-02,ภาคกลาง,87802.45,369
2024-03-23,S-03,ภาคอีสาน,49754.72,237
2024-03-23,S-04,ภาคอีสาน,49754.72,190
2024-03-23,S-05,ภาคเหนือ,52681.47,225
2024-03-23,S-06,ภาคใต้,46827.98,174
2024-03-23,S-90,ภาคกลาง,87802.45,309
2024-03-24,S-01,ภาคกลาง,104027.17,414
2024-03-24,S-02,ภาคกลาง,104027.17,431
2024-03-24,S-03,ภาคอีสาน,58948.73,202
2024-03-24,S-04,ภาคอีสาน,58948.73,314
2024-03-24,S-05,ภาคเหนือ,62416.3,218
2024-03-24,S-06,ภาคใต้,55481.16,268
2024-03-24,S-90,ภาคกลาง,104027.17,471
2024-03-25,S-01,ภาคกลาง,66974.57,353
2024-03-25,S-02,ภาคกลาง,66974.57,231
2024-03-25,S-03,ภาคอีสาน,37952.26,161
2024-03-25,S-04,ภาคอีสาน,37952.26,122
2024-03-25,S-05,ภาคเหนือ,40184.74,153
2024-03-25,S-06,ภาคใต้,35719.77,148
2024-03-25,S-90,ภาคกลาง,66974.57,352
2024-03-26,S-01,ภาคกลาง,77336.94,274
2024-03-26,S-02,ภาคกลาง,77336.94,357
2024-03-26,S-03,ภาคอีสาน,43824.27,218
2024-03-26,S-04,ภาคอีสาน,43824.27,180
2024-03-26,S-05,ภาคเหนือ,46402.16,157
2024-03-26,S-06,ภาคใต้,41246.37,133
2024-03-26,S-90,ภาคกลาง,77336.94,371
2024-03-27,S-01,ภาคกลาง,63280.88,200
2024-03-27,S-02,ภาคกลาง,63280.88,221
2024-03-27,S-03,ภาคอีสาน,35859.16,116
2024-03-27,S-04,ภาคอีสาน,35859.16,112
2024-03-27,S-05,ภาคเหนือ,37968.53,158
2024-03-27,S-06,ภาคใต้,33749.8,170
2024-03-27,S-90,ภาคกลาง,63280.88,319
2024-03-28,S-01,ภาคกลาง,63792.74,266
2024-03-28,S-02,ภาคกลาง,63792.74,292
2024-03-28,S-03,ภาคอีสาน,36149.22,141
2024-03-28,S-04,ภาคอีสาน,36149.22,157
2024-03-28,S-05,ภาคเหนือ,38275.64,149
2024-03-28,S-06,ภาคใต้,34022.79,127
2024-03-28,S-90,ภาคกลาง,63792.74,241
2024-03-29,S-01,ภาคกลาง,64503.32,217
2024-03-29,S-02,ภาคกลาง,64503.32,253
2024-03-29,S-03,ภาคอีสาน,36551.88,173
2024-03-29,S-04,ภาคอีสาน,36551.88,125
2024-03-29,S-05,ภาคเหนือ,38701.99,180
2024-03-29,S-06,ภาคใต้,34401.77,160
2024-03-29,S-90,ภาคกลาง,64503.32,295
2024-03-30,S-01,ภาคกลาง,90068.12,351
2024-03-30,S-02,ภาคกลาง,90068.12,356
2024-03-30,S-03,ภาคอีสาน,51038.6,159
2024-03-30,S-04,ภาคอีสาน,51038.6,254
2024-03-30,S-05,ภาคเหนือ,54040.87,255
2024-03-30,S-06,ภาคใต้,48036.33,162
2024-03-30,S-90,ภาคกลาง,90068.12,497
2024-03-31,S-01,ภาคกลาง,88014.52,280
2024-03-31,S-02,ภาคกลาง,88014.52,408
2024-03-31,S-03,ภาคอีสาน,49874.89,158
2024-03-31,S-04,ภาคอีสาน,49874.89,232
2024-03-31,S-05,ภาคเหนือ,52808.71,180
2024-03-31,S-06,ภาคใต้,46941.08,210
2024-03-31,S-90,ภาคกลาง,88014.52,407
2024-04-01,S-01,ภาคกลาง,75897.8,326
2024-04-01,S-02,ภาคกลาง,75897.8,362
2024-04-01,S-03,ภาคอีสาน,43008.76,136
2024-04-01,S-04,ภาคอีสาน,43008.76,175
2024-04-01,S-05,ภาคเหนือ,45538.68,193
2024-04-01,S-06,ภาคใต้,40478.83,191
2024-04-01,S-90,ภาคกลาง,75897.8,270
2024-04-02,S-01,ภาคกลาง,78071.7,332
2024-04-02,S-02,ภาคกลาง,78071.7,391
2024-04-02,S-03,ภาคอีสาน,44240.63,150
2024-04-02,S-04,ภาคอีสาน,44240.63,162
2024-04-02,S-05,ภาคเหนือ,46843.02,157
2024-04-02,S-06,ภาคใต้,41638.24,187
2024-04-02,S-90,ภาคกลาง,78071.7,249
2024-04-03,S-01,ภาคกลาง,78862.65,365
2024-04-03,S-02,ภาคกลาง,78862.65,400
2024-04-03,S-03,ภาคอีสาน,44688.84,193
2024-04-03,S-04,ภาคอีสาน,44688.84,208
2024-04-03,S-05,ภาคเหนือ,47317.59,157
2024-04-03,S-06,ภาคใต้,42060.08,184
2024-04-03,S-90,ภาคกลาง,78862.65,381
2024-04-04,S-01,ภาคกลาง,69899.19,312
2024-04-04,S-02,ภาคกลาง,69899.19,270
2024-04-04,S-03,ภาคอีสาน,39609.54,131
2024-04-04,S-04,ภาคอีสาน,39609.54,193
2024-04-04,S-05,ภาคเหนือ,41939.51,189
2024-04-04,S-06,ภาคใต้,37279.57,131
2024-04-04,S-90,ภาคกลาง,69899.19,263
2024-04-05,S-01,ภาคกลาง,74148.91,409
2024-04-05,S-02,ภาคกลาง,74148.91,247
2024-04-05,S-03,ภาคอีสาน,42017.72,132
2024-04-05,S-04,ภาคอีสาน,42017.72,154
2024-04-05,S-05,ภาคเหนือ,44489.35,217
2024-04-05,S-06,ภาคใต้,39546.09,131
2024-04-05,S-90,ภาคกลาง,74148.91,238
2024-04-06,S-01,ภาคกลาง,99222.3,523
2024-04-06,S-02,ภาคกลาง,99222.3,466
2024-04-06,S-03,ภาคอีสาน,56225.97,263
2024-04-06,S-04,ภาคอีสาน,56225.97,175
2024-04-06,S-05,ภาคเหนือ,59533.38,299
2024-04-06,S-06,ภาคใต้,52918.56,268
2024-04-06,S-90,ภาคกลาง,99222.3,326
2024-04-07,S-01,ภาคกลาง,103842.43,520
2024-04-07,S-02,ภาคกลาง,103842.43,350
2024-04-07,S-03,ภาคอีสาน,58844.04,189
2024-04-07,S-04,ภาคอีสาน,58844.04,218
2024-04-07,S-05,ภาคเหนือ,62305.46,281
2024-04-07,S-06,ภาคใต้,55382.63,227
2024-04-07,S-90,ภาคกลาง,103842.43,502
2024-04-08,S-01,ภาคกลาง,73609.24,345
2024-04-08,S-02,ภาคกลาง,73609.24,326
2024-04-08,S-03,ภาคอีสาน,41711.91,182
2024-04-08,S-04,ภาคอีสาน,41711.91,180
2024-04-08,S-05,ภาคเหนือ,44165.55,143
2024-04-08,S-06,ภาคใต้,39258.26,141
2024-04-08,S-90,ภาคกลาง,73609.24,364
2024-04-09,S-01,ภาคกลาง,74881.32,395
2024-04-09,S-02,ภาคกลาง,74881.32,317
2024-04-09,S-03,ภาคอีสาน,42432.75,154
2024-04-09,S-04,ภาคอีสาน,42432.75,153
2024-04-09,S-05,ภาคเหนือ,44928.79,164
2024-04-09,S-06,ภาคใต้,39936.7,141
2024-04-09,S-90,ภาคกลาง,74881.32,275
2024-04-10,S-01,ภาคกลาง,101357.2,402
2024-04-10,S-02,ภาคกลาง,101357.2,481
2024-04-10,S-03,ภาคอีสาน,57435.75,236
2024-04-10,S-04,ภาคอีสาน,57435.75,277
2024-04-10,S-05,ภาคเหนือ,60814.32,192
2024-04-10,S-06,ภาคใต้,54057.18,176
2024-04-10,S-90,ภาคกลาง,101357.2,553
2024-04-11,S-01,ภาคกลาง,105634.71,511
2024-04-11,S-02,ภาคกลาง,105634.71,375
2024-04-11,S-03,ภาคอีสาน,59859.67,317
2024-04-11,S-04,ภาคอีสาน,59859.67,267
2024-04-11,S-05,ภาคเหนือ,63380.82,216
2024-04-11,S-06,ภาคใต้,56338.51,253
2024-04-11,S-90,ภาคกลาง,105634.71,396
2024-04-12,S-01,ภาคกลาง,93370.14,302
2024-04-12,S-02,ภาคกลาง,93370.14,442
2024-04-12,S-03,ภาคอีสาน,52909.74,166
2024-04-12,S-04,ภาคอีสาน,52909.74,195
2024-04-12,S-05,ภาคเหนือ,56022.08,194
2024-04-12,S-06,ภาคใต้,49797.41,164
2024-04-12,S-90,ภาคกลาง,93370.14,308
2024-04-13,S-01,ภาคกลาง,154802.74,855
2024-04-13,S-02,ภาคกลาง,154802.74,711
2024-04-13,S-03,ภาคอีสาน,87721.55,312
2024-04-13,S-04,ภาคอีสาน,87721.55,410
2024-04-13,S-05,ภาคเหนือ,92881.64,335
2024-04-13,S-06,ภาคใต้,82561.46,281
2024-04-13,S-90,ภาคกลาง,154802.74,542
2024-04-14,S-01,ภาคกลาง,137163.5,683
2024-04-14,S-02,ภาคกลาง,137163.5,707
2024-04-14,S-03,ภาคอีสาน,77725.98,270
2024-04-14,S-04,ภาคอีสาน,77725.98,264
2024-04-14,S-05,ภาคเหนือ,82298.1,364
2024-04-14,S-06,ภาคใต้,73153.87,258
2024-04-14,S-90,ภาคกลาง,137163.5,497
2024-04-15,S-01,ภาคกลาง,107508.55,380
2024-04-15,S-02,ภาคกลาง,107508.55,436
2024-04-15,S-03,ภาคอีสาน,60921.51,279
2024-04-15,S-04,ภาคอีสาน,60921.51,191
2024-04-15,S-05,ภาคเหนือ,64505.13,226
2024-04-15,S-06,ภาคใต้,57337.9,186
2024-04-15,S-90,ภาคกลาง,107508.55,360
2024-04-16,S-01,ภาคกลาง,104624.98,346
2024-04-16,S-02,ภาคกลาง,104624.98,411
2024-04-16,S-03,ภาคอีสาน,59287.49,227
2024-04-16,S-04,ภาคอีสาน,59287.49,221
2024-04-16,S-05,ภาคเหนือ,62774.99,199
2024-04-16,S-06,ภาคใต้,55799.99,203
2024-04-16,S-90,ภาคกลาง,104624.98,350
2024-04-17,S-01,ภาคกลาง,73472.07,380
2024-04-17,S-02,ภาคกลาง,73472.07,326
2024-04-17,S-03,ภาคอีสาน,41634.17,228
2024-04-17,S-04,ภาคอีสาน,41634.17,203
2024-04-17,S-05,ภาคเหนือ,44083.24,230
2024-04-17,S-06,ภาคใต้,39185.1,147
2024-04-17,S-90,ภาคกลาง,73472.07,335
2024-04-18,S-01,ภาคกลาง,74549.94,250
2024-04-18,S-02,ภาคกลาง,74549.94,338
2024-04-18,S-03,ภาคอีสาน,42244.97,153
2024-04-18,S-04,ภาคอีสาน,42244.97,203
2024-04-18,S-05,ภาคเหนือ,44729.96,144
2024-04-18,S-06,ภาคใต้,39759.97,156
2024-04-18,S-90,ภาคกลาง,74549.94,412
2024-04-19,S-01,ภาคกลาง,70397.1,326
2024-04-19,S-02,ภาคกลาง,70397.1,257
2024-04-19,S-03,ภาคอีสาน,39891.69,165
2024-04-19,S-04,ภาคอีสาน,39891.69,144
2024-04-19,S-05,ภาคเหนือ,42238.26,152
2024-04-19,S-06,ภาคใต้,37545.12,132
2024-04-19,S-90,ภาคกลาง,70397.1,277
2024-04-20,S-01,ภาคกลาง,92792.06,485
2024-04-20,S-02,ภาคกลาง,92792.06,459
2024-04-20,S-03,ภาคอีสาน,52582.17,222
2024-04-20,S-04,ภาคอีสาน,52582.17,272
2024-04-20,S-05,ภาคเหนือ,55675.24,179
2024-04-20,S-06,ภาคใต้,49489.1,219
2024-04-20,S-90,ภาคกลาง,92792.06,333
2024-04-21,S-01,ภาคกลาง,94355.47,386
2024-04-21,S-02,ภาคกลาง,94355.47,349
2024-04-21,S-03,ภาคอีสาน,53468.1,175
2024-04-21,S-04,ภาคอีสาน,53468.1,222
2024-04-21,S-05,ภาคเหนือ,56613.28,250
2024-04-21,S-06,ภาคใต้,50322.92,222
2024-04-21,S-90,ภาคกลาง,94355.47,301
2024-04-22,S-01,ภาคกลาง,69484.85,333
2024-04-22,S-02,ภาคกลาง,69484.85,324
2024-04-22,S-03,ภาคอีสาน,39374.75,182
2024-04-22,S-04,ภาคอีสาน,39374.75,154
2024-04-22,S-05,ภาคเหนือ,41690.91,151
2024-04-22,S-06,ภาคใต้,37058.59,161
2024-04-22,S-90,ภาคกลาง,69484.85,352
2024-04-23,S-01,ภาคกลาง,69167.12,218
2024-04-23,S-02,ภาคกลาง,69167.12,368
2024-04-23,S-03,ภาคอีสาน,39194.7,188
2024-04-23,S-04,ภาคอีสาน,39194.7,128
2024-04-23,S-05,ภาคเหนือ,41500.27,190
2024-04-23,S-06,ภาคใต้,36889.13,130
2024-04-23,S-90,ภาคกลาง,69167.12,253
2024-04-24,S-01,ภาคกลาง,82555.9,376
2024-04-24,S-02,ภาคกลาง,82555.9,318
2024-04-24,S-03,ภาคอีสาน,46781.68,177
2024-04-24,S-04,ภาคอีสาน,46781.68,172
2024-04-24,S-05,ภาคเหนือ,49533.54,164
2024-04-24,S-06,ภาคใต้,44029.81,202
2024-04-24,S-90,ภาคกลาง,82555.9,279
2024-04-25,S-01,ภาคกลาง,83250.42,343
2024-04-25,S-02,ภาคกลาง,83250.42,282
2024-04-25,S-03,ภาคอีสาน,47175.24,190
2024-04-25,S-04,ภาคอีสาน,47175.24,215
2024-04-25,S-05,ภาคเหนือ,49950.25,214
2024-04-25,S-06,ภาคใต้,44400.23,215
2024-04-25,S-90,ภาคกลาง,83250.42,271
2024-04-26,S-01,ภาคกลาง,80391.95,316
2024-04-26,S-02,ภาคกลาง,80391.95,315
2024-04-26,S-03,ภาคอีสาน,45555.44,190
2024-04-26,S-04,ภาคอีสาน,45555.44,250
2024-04-26,S-05,ภาคเหนือ,48235.17,231
2024-04-26,S-06,ภาคใต้,42875.71,163
2024-04-26,S-90,ภาคกลาง,80391.95,291
2024-04-27,S-01,ภาคกลาง,97783.14,457
2024-04-27,S-02,ภาคกลาง,97783.14,372
2024-04-27,S-03,ภาคอีสาน,55410.45,183
2024-04-27,S-04,ภาคอีสาน,55410.45,214
2024-04-27,S-05,ภาคเหนือ,58669.89,212
2024-04-27,S-06,ภาคใต้,52151.01,182
2024-04-27,S-90,ภาคกลาง,97783.14,449
2024-04-28,S-01,ภาคกลาง,114374.84,457
2024-04-28,S-02,ภาคกลาง,114374.84,567
2024-04-28,S-03,ภาคอีสาน,64812.41,234
2024-04-28,S-04,ภาคอีสาน,64812.41,341
2024-04-28,S-05,ภาคเหนือ,68624.91,345
2024-04-28,S-06,ภาคใต้,60999.92,201
2024-04-28,S-90,ภาคกลาง,114374.84,390
2024-04-29,S-01,ภาคกลาง,75955.83,419
2024-04-29,S-02,ภาคกลาง,75955.83,334
2024-04-29,S-03,ภาคอีสาน,43041.64,146
2024-04-29,S-04,ภาคอีสาน,43041.64,144
2024-04-29,S-05,ภาคเหนือ,45573.5,233
2024-04-29,S-06,ภาคใต้,40509.77,141
2024-04-29,S-90,ภาคกลาง,75955.83,306
2024-04-30,S-01,ภาคกลาง,82785.5,340
2024-04-30,S-02,ภาคกลาง,82785.5,339
2024-04-30,S-03,ภาคอีสาน,46911.79,199
2024-04-30,S-04,ภาคอีสาน,46911.79,173
2024-04-30,S-05,ภาคเหนือ,49671.3,255
2024-04-30,S-06,ภาคใต้,44152.27,178
2024-04-30,S-90,ภาคกลาง,82785.5,313
2024-05-01,S-01,ภาคกลาง,77325.2,257
2024-05-01,S-02,ภาคกลาง,77325.2,302
2024-05-01,S-03,ภาคอีสาน,43817.61,199
2024-05-01,S-04,ภาคอีสาน,43817.61,181
2024-05-01,S-05,ภาคเหนือ,46395.12,168
2024-05-01,S-06,ภาคใต้,41240.11,212
2024-05-01,S-90,ภาคกลาง,77325.2,360
2024-05-02,S-01,ภาคกลาง,87063.27,382
2024-05-02,S-02,ภาคกลาง,87063.27,402
2024-05-02,S-03,ภาคอีสาน,49335.85,165
2024-05-02,S-04,ภาคอีสาน,49335.85,173
2024-05-02,S-05,ภาคเหนือ,52237.96,287
2024-05-02,S-06,ภาคใต้,46433.74,160
2024-05-02,S-90,ภาคกลาง,87063.27,346
2024-05-03,S-01,ภาคกลาง,74618.22,342
2024-05-03,S-02,ภาคกลาง,74618.22,261
2024-05-03,S-03,ภาคอีสาน,42283.66,226
2024-05-03,S-04,ภาคอีสาน,42283.66,134
2024-05-03,S-05,ภาคเหนือ,44770.93,216
2024-05-03,S-06,ภาคใต้,39796.38,138
2024-05-03,S-90,ภาคกลาง,74618.22,401
2024-05-04,S-01,ภาคกลาง,101077.27,374
2024-05-04,S-02,ภาคกลาง,101077.27,358
2024-05-04,S-03,ภาคอีสาน,57277.12,214
2024-05-04,S-04,ภาคอีสาน,57277.12,183
2024-05-04,S-05,ภาคเหนือ,60646.36,297
2024-05-04,S-06,ภาคใต้,53907.87,197
2024-05-04,S-90,ภาคกลาง,101077.27,496
2024-05-05,S-01,ภาคกลาง,102782.01,486
2024-05-05,S-02,ภาคกลาง,102782.01,495
2024-05-05,S-03,ภาคอีสาน,58243.14,210
2024-05-05,S-04,ภาคอีสาน,58243.14,268
2024-05-05,S-05,ภาคเหนือ,61669.2,336
2024-05-05,S-06,ภาคใต้,54817.07,230
2024-05-05,S-90,ภาคกลาง,102782.01,369
2024-05-06,S-01,ภาคกลาง,86013.92,278
2024-05-06,S-02,ภาคกลาง,86013.92,425
2024-05-06,S-03,ภาคอีสาน,48741.22,269
2024-05-06,S-04,ภาคอีสาน,48741.22,205
2024-05-06,S-05,ภาคเหนือ,51608.35,232
2024-05-06,S-06,ภาคใต้,45874.09,220
2024-05-06,S-90,ภาคกลาง,86013.92,428
2024-05-07,S-01,ภาคกลาง,70578.47,221
2024-05-07,S-02,ภาคกลาง,70578.47,323
2024-05-07,S-03,ภาคอีสาน,39994.47,197
2024-05-07,S-04,ภาคอีสาน,39994.47,132
2024-05-07,S-05,ภาคเหนือ,42347.08,233
2024-05-07,S-06,ภาคใต้,37641.85,197
2024-05-07,S-90,ภาคกลาง,70578.47,231
2024-05-08,S-01,ภาคกลาง,85121.47,289
2024-05-08,S-02,ภาคกลาง,85121.47,296
2024-05-08,S-03,ภาคอีสาน,48235.5,185
2024-05-08,S-04,ภาคอีสาน,48235.5,228
2024-05-08,S-05,ภาคเหนือ,51072.88,167
2024-05-08,S-06,ภาคใต้,45398.12,145
2024-05-08,S-90,ภาคกลาง,85121.47,304
2024-05-09,S-01,ภาคกลาง,73851.03,312
2024-05-09,S-02,ภาคกลาง,73851.03,331
2024-05-09,S-03,ภาคอีสาน,41848.91,131
2024-05-09,S-04,ภาคอีสาน,41848.91,148
2024-05-09,S-05,ภาคเหนือ,44310.62,179
2024-05-09,S-06,ภาคใต้,39387.21,200
2024-05-09,S-90,ภาคกลาง,73851.03,325
2024-05-10,S-01,ภาคกลาง,70243.85,355
2024-05-10,S-02,ภาคกลาง,70243.85,224
2024-05-10,S-03,ภาคอีสาน,39804.85,141
2024-05-10,S-04,ภาคอีสาน,39804.85,132
2024-05-10,S-05,ภาคเหนือ,42146.31,191
2024-05-10,S-06,ภาคใต้,37463.39,127
2024-05-10,S-90,ภาคกลาง,70243.85,370
2024-05-11,S-01,ภาคกลาง,96536.78,460
2024-05-11,S-02,ภาคกลาง,96536.78,372
2024-05-11,S-03,ภาคอีสาน,54704.17,223
2024-05-11,S-04,ภาคอีสาน,54704.17,188
2024-05-11,S-05,ภาคเหนือ,57922.07,214
2024-05-11,S-06,ภาคใต้,51486.28,206
2024-05-11,S-90,ภาคกลาง,96536.78,328
2024-05-12,S-01,ภาคกลาง,94430.5,319
2024-05-12,S-02,ภาคกลาง,94430.5,493
2024-05-12,S-03,ภาคอีสาน,53510.62,220
2024-05-12,S-04,ภาคอีสาน,53510.62,281
2024-05-12,S-05,ภาคเหนือ,56658.3,301
2024-05-12,S-06,ภาคใต้,50362.93,185
2024-05-12,S-90,ภาคกลาง,94430.5,429
2024-05-13,S-01,ภาคกลาง,70750.82,366
2024-05-13,S-02,ภาคกลาง,70750.82,273
2024-05-13,S-03,ภาคอีสาน,40092.13,128
2024-05-13,S-04,ภาคอีสาน,40092.13,190
2024-05-13,S-05,ภาคเหนือ,42450.49,141
2024-05-13,S-06,ภาคใต้,37733.77,182
2024-05-13,S-90,ภาคกลาง,70750.82,283
2024-05-14,S-01,ภาคกลาง,76140.81,411
2024-05-14,S-02,ภาคกลาง,76140.81,348
2024-05-14,S-03,ภาคอีสาน,43146.46,136
2024-05-14,S-04,ภาคอีสาน,43146.46,138
2024-05-14,S-05,ภาคเหนือ,45684.49,190
2024-05-14,S-06,ภาคใต้,40608.43,132
2024-05-14,S-90,ภาคกลาง,76140.81,319
2024-05-15,S-01,ภาคกลาง,88797.24,364
2024-05-15,S-02,ภาคกลาง,88797.24,446
2024-05-15,S-03,ภาคอีสาน,50318.43,192
2024-05-15,S-04,ภาคอีสาน,50318.43,184
2024-05-15,S-05,ภาคเหนือ,53278.34,182
2024-05-15,S-06,ภาคใต้,47358.53,175
2024-05-15,S-90,ภาคกลาง,88797.24,369
2024-05-16,S-01,ภาคกลาง,87341.73,368
2024-05-16,S-02,ภาคกลาง,87341.73,418
2024-05-16,S-03,ภาคอีสาน,49493.65,168
2024-05-16,S-04,ภาคอีสาน,49493.65,162
2024-05-16,S-05,ภาคเหนือ,52405.04,179
2024-05-16,S-06,ภาคใต้,46582.25,152
2024-05-16,S-90,ภาคกลาง,87341.73,337
2024-05-17,S-01,ภาคกลาง,77050.51,270
2024-05-17,S-02,ภาคกลาง,77050.51,265
2024-05-17,S-03,ภาคอีสาน,43661.95,188
2024-05-17,S-04,ภาคอีสาน,43661.95,158
2024-05-17,S-05,ภาคเหนือ,46230.3,162
2024-05-17,S-06,ภาคใต้,41093.6,202
2024-05-17,S-90,ภาคกลาง,77050.51,257
2024-05-18,S-01,ภาคกลาง,119188.69,637
2024-05-18,S-02,ภาคกลาง,119188.69,598
2024-05-18,S-03,ภาคอีสาน,67540.26,237
2024-05-18,S-04,ภาคอีสาน,67540.26,219
2024-05-18,S-05,ภาคเหนือ,71513.21,270
2024-05-18,S-06,ภาคใต้,63567.3,218
2024-05-18,S-90,ภาคกลาง,119188.69,570
2024-05-19,S-01,ภาคกลาง,104975.37,498
2024-05-19,S-02,ภาคกลาง,104975.37,468
2024-05-19,S-03,ภาคอีสาน,59486.05,285
2024-05-19,S-04,ภาคอีสาน,59486.05,190
2024-05-19,S-05,ภาคเหนือ,62985.22,243
2024-05-19,S-06,ภาคใต้,55986.87,196
2024-05-19,S-90,ภาคกลาง,104975.37,357
2024-05-20,S-01,ภาคกลาง,84736.66,324
2024-05-20,S-02,ภาคกลาง,84736.66,306
2024-05-20,S-03,ภาคอีสาน,48017.44,238
2024-05-20,S-04,ภาคอีสาน,48017.44,158
2024-05-20,S-05,ภาคเหนือ,50842.0,163
2024-05-20,S-06,ภาคใต้,45192.89,235
2024-05-20,S-90,ภาคกลาง,84736.66,281
2024-05-21,S-01,ภาคกลาง,74156.77,261
2024-05-21,S-02,ภาคกลาง,74156.77,322
2024-05-21,S-03,ภาคอีสาน,42022.17,161
2024-05-21,S-04,ภาคอีสาน,42022.17,167
2024-05-21,S-05,ภาคเหนือ,44494.06,244
2024-05-21,S-06,ภาคใต้,39550.28,162
2024-05-21,S-90,ภาคกลาง,74156.77,348
2024-05-22,S-01,ภาคกลาง,85572.43,277
2024-05-22,S-02,ภาคกลาง,85572.43,462
2024-05-22,S-03,ภาคอีสาน,48491.04,222
2024-05-22,S-04,ภาคอีสาน,48491.04,219
2024-05-22,S-05,ภาคเหนือ,51343.46,281
2024-05-22,S-06,ภาคใต้,45638.63,154
2024-05-22,S-90,ภาคกลาง,85572.43,287
2024-05-23,S-01,ภาคกลาง,75908.71,404
2024-05-23,S-02,ภาคกลาง,75908.71,318
2024-05-23,S-03,ภาคอีสาน,43014.93,186
2024-05-23,S-04,ภาคอีสาน,43014.93,167
2024-05-23,S-05,ภาคเหนือ,45545.22,181
2024-05-23,S-06,ภาคใต้,40484.64,132
2024-05-23,S-90,ภาคกลาง,75908.71,264
2024-05-24,S-01,ภาคกลาง,86802.43,409
2024-05-24,S-02,ภาคกลาง,86802.43,274
2024-05-24,S-03,ภาคอีสาน,49188.05,224
2024-05-24,S-04,ภาคอีสาน,49188.05,232
2024-05-24,S-05,ภาคเหนือ,52081.46,186
2024-05-24,S-06,ภาคใต้,46294.63,236
2024-05-24,S-90,ภาคกลาง,86802.43,417
2024-05-25,S-01,ภาคกลาง,115119.94,468
2024-05-25,S-02,ภาคกลาง,115119.94,363
2024-05-25,S-03,ภาคอีสาน,65234.63,324
2024-05-25,S-04,ภาคอีสาน,65234.63,215
2024-05-25,S-05,ภาคเหนือ,69071.96,259
2024-05-25,S-06,ภาคใต้,61397.3,208
2024-05-25,S-90,ภาคกลาง,115119.94,515
2024-05-26,S-01,ภาคกลาง,112354.91,489
2024-05-26,S-02,ภาคกลาง,112354.91,389
2024-05-26,S-03,ภาคอีสาน,63667.78,219
2024-05-26,S-04,ภาคอีสาน,63667.78,285
2024-05-26,S-05,ภาคเหนือ,67412.95,278
2024-05-26,S-06,ภาคใต้,59922.62,209
2024-05-26,S-90,ภาคกลาง,112354.91,569
2024-05-27,S-01,ภาคกลาง,76007.87,266
2024-05-27,S-02,ภาคกลาง,76007.87,298
2024-05-27,S-03,ภาคอีสาน,43071.12,163
2024-05-27,S-04,ภาคอีสาน,43071.12,155
2024-05-27,S-05,ภาคเหนือ,45604.72,204
2024-05-27,S-06,ภาคใต้,40537.53,204
2024-05-27,S-90,ภาคกลาง,76007.87,334
2024-05-28,S-01,ภาคกลาง,75765.58,273
2024-05-28,S-02,ภาคกลาง,75765.58,384
2024-05-28,S-03,ภาคอีสาน,42933.83,138
2024-05-28,S-04,ภาคอีสาน,42933.83,230
2024-05-28,S-05,ภาคเหนือ,45459.35,212
2024-05-28,S-06,ภาคใต้,40408.31,130
2024-05-28,S-90,ภาคกลาง,75765.58,272
2024-05-29,S-01,ภาคกลาง,80283.56,306
2024-05-29,S-02,ภาคกลาง,80283.56,437
2024-05-29,S-03,ภาคอีสาน,45494.02,245
2024-05-29,S-04,ภาคอีสาน,45494.02,161
2024-05-29,S-05,ภาคเหนือ,48170.14,255
2024-05-29,S-06,ภาคใต้,42817.9,236
2024-05-29,S-90,ภาคกลาง,80283.56,362
2024-05-30,S-01,ภาคกลาง,79878.29,434
2024-05-30,S-02,ภาคกลาง,79878.29,420
2024-05-30,S-03,ภาคอีสาน,45264.36,241
2024-05-30,S-04,ภาคอีสาน,45264.36,176
2024-05-30,S-05,ภาคเหนือ,47926.97,179
2024-05-30,S-06,ภาคใต้,42601.75,142
2024-05-30,S-90,ภาคกลาง,79878.29,386
2024-05-31,S-01,ภาคกลาง,85625.15,472
2024-05-31,S-02,ภาคกลาง,85625.15,409
2024-05-31,S-03,ภาคอีสาน,48520.92,178
2024-05-31,S-04,ภาคอีสาน,48520.92,223
2024-05-31,S-05,ภาคเหนือ,51375.09,229
2024-05-31,S-06,ภาคใต้,45666.75,199
2024-05-31,S-90,ภาคกลาง,85625.15,301
2024-06-01,S-01,ภาคกลาง,105872.1,520
2024-06-01,S-02,ภาคกลาง,105872.1,333
2024-06-01,S-03,ภาคอีสาน,59994.19,208
2024-06-01,S-04,ภาคอีสาน,59994.19,299
2024-06-01,S-05,ภาคเหนือ,63523.26,265
2024-06-01,S-06,ภาคใต้,56465.12,232
2024-06-01,S-90,ภาคกลาง,105872.1,475
2024-06-02,S-01,ภาคกลาง,105562.9,373
2024-06-02,S-02,ภาคกลาง,105562.9,448
2024-06-02,S-03,ภาคอีสาน,59818.98,265
2024-06-02,S-04,ภาคอีสาน,59818.98,297
2024-06-02,S-05,ภาคเหนือ,63337.74,260
2024-06-02,S-06,ภาคใต้,56300.21,188
2024-06-02,S-90,ภาคกลาง,105562.9,338
2024-06-03,S-01,ภาคกลาง,71484.91,384
2024-06-03,S-02,ภาคกลาง,71484.91,268
2024-06-03,S-03,ภาคอีสาน,40508.12,127
2024-06-03,S-04,ภาคอีสาน,40508.12,158
2024-06-03,S-05,ภาคเหนือ,42890.95,147
2024-06-03,S-06,ภาคใต้,38125.29,163
2024-06-03,S-90,ภาคกลาง,71484.91,259
2024-06-04,S-01,ภาคกลาง,86220.61,299
2024-06-04,S-02,ภาคกลาง,86220.61,334
2024-06-04,S-03,ภาคอีสาน,48858.35,179
2024-06-04,S-04,ภาคอีสาน,48858.35,181
2024-06-04,S-05,ภาคเหนือ,51732.37,205
2024-06-04,S-06,ภาคใต้,45984.33,167
2024-06-04,S-90,ภาคกลาง,86220.61,295
2024-06-05,S-01,ภาคกลาง,31404.48,101
2024-06-05,S-02,ภาคกลาง,31404.48,156
2024-06-05,S-03,ภาคอีสาน,17795.87,59
2024-06-05,S-04,ภาคอีสาน,17795.87,66
2024-06-05,S-05,ภาคเหนือ,18842.69,86
2024-06-05,S-06,ภาคใต้,16749.06,73
2024-06-05,S-90,ภาคกลาง,31404.48,100
2024-06-06,S-01,ภาคกลาง,24785.12,99
2024-06-06,S-02,ภาคกลาง,24785.12,98
2024-06-06,S-03,ภาคอีสาน,14044.9,57
2024-06-06,S-04,ภาคอีสาน,14044.9,48
2024-06-06,S-05,ภาคเหนือ,14871.07,64
2024-06-06,S-06,ภาคใต้,13218.73,50
2024-06-06,S-90,ภาคกลาง,24785.12,134
2024-06-07,S-01,ภาคกลาง,27679.2,90
2024-06-07,S-02,ภาคกลาง,27679.2,109
2024-06-07,S-03,ภาคอีสาน,15684.88,52
2024-06-07,S-04,ภาคอีสาน,15684.88,56
2024-06-07,S-05,ภาคเหนือ,16607.52,63
2024-06-07,S-06,ภาคใต้,14762.24,66
2024-06-07,S-90,ภาคกลาง,27679.2,120
2024-06-08,S-01,ภาคกลาง,42456.1,176
2024-06-08,S-02,ภาคกลาง,42456.1,213
2024-06-08,S-03,ภาคอีสาน,24058.46,120
2024-06-08,S-04,ภาคอีสาน,24058.46,84
2024-06-08,S-05,ภาคเหนือ,25473.66,83
2024-06-08,S-06,ภาคใต้,22643.26,77
2024-06-08,S-90,ภาคกลาง,42456.1,229
2024-06-09,S-01,ภาคกลาง,37314.21,181
2024-06-09,S-02,ภาคกลาง,37314.21,121
2024-06-09,S-03,ภาคอีสาน,21144.72,116
2024-06-09,S-04,ภาคอีสาน,21144.72,101
2024-06-09,S-05,ภาคเหนือ,22388.53,109
2024-06-09,S-06,ภาคใต้,19900.91,78
2024-06-09,S-90,ภาคกลาง,37314.21,142
2024-06-10,S-01,ภาคกลาง,25966.8,118
2024-06-10,S-02,ภาคกลาง,25966.8,95
2024-06-10,S-03,ภาคอีสาน,14714.52,58
2024-06-10,S-04,ภาคอีสาน,14714.52,47
2024-06-10,S-05,ภาคเหนือ,15580.08,54
2024-06-10,S-06,ภาคใต้,13848.96,55
2024-06-10,S-90,ภาคกลาง,25966.8,143
2024-06-11,S-01,ภาคกลาง,24945.37,121
2024-06-11,S-02,ภาคกลาง,24945.37,135
2024-06-11,S-03,ภาคอีสาน,14135.71,67
2024-06-11,S-04,ภาคอีสาน,14135.71,46
2024-06-11,S-05,ภาคเหนือ,14967.22,79
2024-06-11,S-06,ภาคใต้,13304.2,61
2024-06-11,S-90,ภาคกลาง,24945.37,110
2024-06-12,S-01,ภาคกลาง,27610.52,102
2024-06-12,S-02,ภาคกลาง,27610.52,130
2024-06-12,S-03,ภาคอีสาน,15645.96,58
2024-06-12,S-04,ภาคอีสาน,15645.96,51
2024-06-12,S-05,ภาคเหนือ,16566.31,65
2024-06-12,S-06,ภาคใต้,14725.61,52
2024-06-12,S-90,ภาคกลาง,27610.52,93
2024-06-13,S-01,ภาคกลาง,25233.08,119
2024-06-13,S-02,ภาคกลาง,25233.08,99
2024-06-13,S-03,ภาคอีสาน,14298.75,76
2024-06-13,S-04,ภาคอีสาน,14298.75,51
2024-06-13,S-05,ภาคเหนือ,15139.85,47
2024-06-13,S-06,ภาคใต้,13457.64,49
2024-06-13,S-90,ภาคกลาง,25233.08,119
2024-06-14,S-01,ภาคกลาง,30450.18,114
2024-06-14,S-02,ภาคกลาง,30450.18,138
2024-06-14,S-03,ภาคอีสาน,17255.1,74
2024-06-14,S-04,ภาคอีสาน,17255.1,85
2024-06-14,S-05,ภาคเหนือ,18270.11,79
2024-06-14,S-06,ภาคใต้,16240.09,78
2024-06-14,S-90,ภาคกลาง,30450.18,99
2024-06-15,S-01,ภาคกลาง,37773.7,144
2024-06-15,S-02,ภาคกลาง,37773.7,192
2024-06-15,S-03,ภาคอีสาน,21405.1,74
2024-06-15,S-04,ภาคอีสาน,21405.1,85
2024-06-15,S-05,ภาคเหนือ,22664.22,96
2024-06-15,S-06,ภาคใต้,20145.97,87
2024-06-15,S-90,ภาคกลาง,37773.7,187
2024-06-16,S-01,ภาคกลาง,36517.04,181
2024-06-16,S-02,ภาคกลาง,36517.04,163
2024-06-16,S-03,ภาคอีสาน,20692.99,109
2024-06-16,S-04,ภาคอีสาน,20692.99,94
2024-06-16,S-05,ภาคเหนือ,21910.22,120
2024-06-16,S-06,ภาคใต้,19475.75,69
2024-06-16,S-90,ภาคกลาง,36517.04,123
2024-06-17,S-01,ภาคกลาง,30626.85,159
2024-06-17,S-02,ภาคกลาง,30626.85,126
2024-06-17,S-03,ภาคอีสาน,17355.21,69
2024-06-17,S-04,ภาคอีสาน,17355.21,63
2024-06-17,S-05,ภาคเหนือ,18376.11,77
2024-06-17,S-06,ภาคใต้,16334.32,53
2024-06-17,S-90,ภาคกลาง,30626.85,128
2024-06-18,S-01,ภาคกลาง,26354.43,115
2024-06-18,S-02,ภาคกลาง,26354.43,87
2024-06-18,S-03,ภาคอีสาน,14934.18,71
2024-06-18,S-04,ภาคอีสาน,14934.18,70
2024-06-18,S-05,ภาคเหนือ,15812.66,58
2024-06-18,S-06,ภาคใต้,14055.7,59
2024-06-18,S-90,ภาคกลาง,26354.43,105
2024-06-19,S-01,ภาคกลาง,82835.37,434
2024-06-19,S-02,ภาคกลาง,82835.37,425
2024-06-19,S-03,ภาคอีสาน,46940.04,153
2024-06-19,S-04,ภาคอีสาน,46940.04,148
2024-06-19,S-05,ภาคเหนือ,49701.22,179
2024-06-19,S-06,ภาคใต้,44178.86,142
2024-06-19,S-90,ภาคกลาง,82835.37,322
2024-06-20,S-01,ภาคกลาง,73339.1,305
2024-06-20,S-02,ภาคกลาง,73339.1,360
2024-06-20,S-03,ภาคอีสาน,41558.82,182
2024-06-20,S-04,ภาคอีสาน,41558.82,181
2024-06-20,S-05,ภาคเหนือ,44003.46,198
2024-06-20,S-06,ภาคใต้,39114.19,148
2024-06-20,S-90,ภาคกลาง,73339.1,233
2024-06-21,S-01,ภาคกลาง,88124.29,426
2024-06-21,S-02,ภาคกลาง,88124.29,355
2024-06-21,S-03,ภาคอีสาน,49937.1,214
2024-06-21,S-04,ภาคอีสาน,49937.1,208
2024-06-21,S-05,ภาคเหนือ,52874.57,166
2024-06-21,S-06,ภาคใต้,46999.62,245
2024-06-21,S-90,ภาคกลาง,88124.29,451
2024-06-22,S-01,ภาคกลาง,103550.02,347
2024-06-22,S-02,ภาคกลาง,103550.02,394
2024-06-22,S-03,ภาคอีสาน,58678.34,232
2024-06-22,S-04,ภาคอีสาน,58678.34,289
2024-06-22,S-05,ภาคเหนือ,62130.01,272
2024-06-22,S-06,ภาคใต้,55226.68,197
2024-06-22,S-90,ภาคกลาง,103550.02,375
2024-06-23,S-01,ภาคกลาง,99100.33,467
2024-06-23,S-02,ภาคกลาง,99100.33,503
2024-06-23,S-03,ภาคอีสาน,56156.85,207
2024-06-23,S-04,ภาคอีสาน,56156.85,224
2024-06-23,S-05,ภาคเหนือ,59460.2,289
2024-06-23,S-06,ภาคใต้,52853.51,209
2024-06-23,S-90,ภาคกลาง,99100.33,355
2024-06-24,S-01,ภาคกลาง,86373.88,278
2024-06-24,S-02,ภาคกลาง,86373.88,333
2024-06-24,S-03,ภาคอีสาน,48945.2,263
2024-06-24,S-04,ภาคอีสาน,48945.2,250
2024-06-24,S-05,ภาคเหนือ,51824.33,197
2024-06-24,S-06,ภาคใต้,46066.07,152
2024-06-24,S-90,ภาคกลาง,86373.88,322
2024-06-25,S-01,ภาคกลาง,71386.92,226
2024-06-25,S-02,ภาคกลาง,71386.92,359
2024-06-25,S-03,ภาคอีสาน,40452.59,209
2024-06-25,S-04,ภาคอีสาน,40452.59,126
2024-06-25,S-05,ภาคเหนือ,42832.15,142
2024-06-25,S-06,ภาคใต้,38073.02,195
2024-06-25,S-90,ภาคกลาง,71386.92,290
2024-06-26,S-01,ภาคกลาง,77885.28,307
2024-06-26,S-02,ภาคกลาง,77885.28,383
2024-06-26,S-03,ภาคอีสาน,44134.99,227
2024-06-26,S-04,ภาคอีสาน,44134.99,154
2024-06-26,S-05,ภาคเหนือ,46731.17,182
2024-06-26,S-06,ภาคใต้,41538.82,218
2024-06-26,S-90,ภาคกลาง,77885.28,363
2024-06-27,S-01,ภาคกลาง,82576.38,329
2024-06-27,S-02,ภาคกลาง,82576.38,319
2024-06-27,S-03,ภาคอีสาน,46793.28,170
2024-06-27,S-04,ภาคอีสาน,46793.28,249
2024-06-27,S-05,ภาคเหนือ,49545.83,253
2024-06-27,S-06,ภาคใต้,44040.73,200
2024-06-27,S-90,ภาคกลาง,82576.38,365
2024-06-28,S-01,ภาคกลาง,80629.15,325
2024-06-28,S-02,ภาคกลาง,80629.15,362
2024-06-28,S-03,ภาคอีสาน,45689.85,143
2024-06-28,S-04,ภาคอีสาน,45689.85,146
2024-06-28,S-05,ภาคเหนือ,48377.49,162
2024-06-28,S-06,ภาคใต้,43002.21,186
2024-06-28,S-90,ภาคกลาง,80629.15,277
2024-06-29,S-01,ภาคกลาง,117308.01,515
2024-06-29,S-02,ภาคกลาง,117308.01,419
2024-06-29,S-03,ภาคอีสาน,66474.54,268
2024-06-29,S-04,ภาคอีสาน,66474.54,332
2024-06-29,S-05,ภาคเหนือ,70384.8,384
2024-06-29,S-06,ภาคใต้,62564.27,264
2024-06-29,S-90,ภาคกลาง,117308.01,406
2024-06-30,S-01,ภาคกลาง,116716.52,465
2024-06-30,S-02,ภาคกลาง,116716.52,493
2024-06-30,S-03,ภาคอีสาน,66139.36,226
2024-06-30,S-04,ภาคอีสาน,66139.36,211
2024-06-30,S-05,ภาคเหนือ,70029.91,356
2024-06-30,S-06,ภาคใต้,62248.81,328
2024-06-30,S-90,ภาคกลาง,116716.52,608
2024-07-01,S-01,ภาคกลาง,78009.74,354
2024-07-01,S-02,ภาคกลาง,78009.74,363
2024-07-01,S-03,ภาคอีสาน,44205.52,233
2024-07-01,S-04,ภาคอีสาน,44205.52,161
2024-07-01,S-05,ภาคเหนือ,46805.85,160
2024-07-01,S-06,ภาคใต้,41605.2,134
2024-07-01,S-90,ภาคกลาง,78009.74,429
2024-07-02,S-01,ภาคกลาง,69100.69,327
2024-07-02,S-02,ภาคกลาง,69100.69,305
2024-07-02,S-03,ภาคอีสาน,39157.06,198
2024-07-02,S-04,ภาคอีสาน,39157.06,180
2024-07-02,S-05,ภาคเหนือ,41460.42,159
2024-07-02,S-06,ภาคใต้,36853.7,126
2024-07-02,S-90,ภาคกลาง,69100.69,294
2024-07-03,S-01,ภาคกลาง,79328.87,338
2024-07-03,S-02,ภาคกลาง,79328.87,405
2024-07-03,S-03,ภาคอีสาน,44953.03,189
2024-07-03,S-04,ภาคอีสาน,44953.03,159
2024-07-03,S-05,ภาคเหนือ,47597.32,152
2024-07-03,S-06,ภาคใต้,42308.73,165
2024-07-03,S-90,ภาคกลาง,79328.87,301
2024-07-04,S-01,ภาคกลาง,71342.83,257
2024-07-04,S-02,ภาคกลาง,71342.83,277
2024-07-04,S-03,ภาคอีสาน,40427.6,208
2024-07-04,S-04,ภาคอีสาน,40427.6,159
2024-07-04,S-05,ภาคเหนือ,42805.7,164
2024-07-04,S-06,ภาคใต้,38049.51,119
2024-07-04,S-90,ภาคกลาง,71342.83,233
2024-07-05,S-01,ภาคกลาง,73169.04,376
2024-07-05,S-02,ภาคกลาง,73169.04,246
2024-07-05,S-03,ภาคอีสาน,41462.46,217
2024-07-05,S-04,ภาคอีสาน,41462.46,156
2024-07-05,S-05,ภาคเหนือ,43901.43,153
2024-07-05,S-06,ภาคใต้,39023.49,141
2024-07-05,S-90,ภาคกลาง,73169.04,305
2024-07-06,S-01,ภาคกลาง,95777.83,338
2024-07-06,S-02,ภาคกลาง,95777.83,316
2024-07-06,S-03,ภาคอีสาน,54274.1,254
2024-07-06,S-04,ภาคอีสาน,54274.1,217
2024-07-06,S-05,ภาคเหนือ,57466.7,303
2024-07-06,S-06,ภาคใต้,51081.51,226
2024-07-06,S-90,ภาคกลาง,95777.83,306
2024-07-07,S-01,ภาคกลาง,94839.97,465
2024-07-07,S-02,ภาคกลาง,94839.97,413
2024-07-07,S-03,ภาคอีสาน,53742.65,258
2024-07-07,S-04,ภาคอีสาน,53742.65,182
2024-07-07,S-05,ภาคเหนือ,56903.98,274
2024-07-07,S-06,ภาคใต้,50581.32,240
2024-07-07,S-90,ภาคกลาง,94839.97,327
2024-07-08,S-01,ภาคกลาง,74203.3,238
2024-07-08,S-02,ภาคกลาง,74203.3,253
2024-07-08,S-03,ภาคอีสาน,42048.54,177
2024-07-08,S-04,ภาคอีสาน,42048.54,137
2024-07-08,S-05,ภาคเหนือ,44521.98,180
2024-07-08,S-06,ภาคใต้,39575.1,177
2024-07-08,S-90,ภาคกลาง,74203.3,233
2024-07-09,S-01,ภาคกลาง,73101.29,362
2024-07-09,S-02,ภาคกลาง,73101.29,236
2024-07-09,S-03,ภาคอีสาน,41424.07,135
2024-07-09,S-04,ภาคอีสาน,41424.07,140
2024-07-09,S-05,ภาคเหนือ,43860.78,162
2024-07-09,S-06,ภาคใต้,38987.36,142
2024-07-09,S-90,ภาคกลาง,73101.29,358
2024-07-10,S-01,ภาคกลาง,69868.3,238
2024-07-10,S-02,ภาคกลาง,69868.3,233
2024-07-10,S-03,ภาคอีสาน,39592.04,153
2024-07-10,S-04,ภาคอีสาน,39592.04,158
2024-07-10,S-05,ภาคเหนือ,41920.98,141
2024-07-10,S-06,ภาคใต้,37263.09,201
2024-07-10,S-90,ภาคกลาง,69868.3,240
2024-07-11,S-01,ภาคกลาง,67956.57,280
2024-07-11,S-02,ภาคกลาง,67956.57,226
2024-07-11,S-03,ภาคอีสาน,38508.72,122
2024-07-11,S-04,ภาคอีสาน,38508.72,160
2024-07-11,S-05,ภาคเหนือ,40773.94,134
2024-07-11,S-06,ภาคใต้,36243.51,119
2024-07-11,S-90,ภาคกลาง,67956.57,268
2024-07-12,S-01,ภาคกลาง,83746.78,283
2024-07-12,S-02,ภาคกลาง,83746.78,347
2024-07-12,S-03,ภาคอีสาน,47456.51,160
2024-07-12,S-04,ภาคอีสาน,47456.51,187
2024-07-12,S-05,ภาคเหนือ,50248.07,182
2024-07-12,S-06,ภาคใต้,44664.95,162
2024-07-12,S-90,ภาคกลาง,83746.78,341
2024-07-13,S-01,ภาคกลาง,106091.29,372
2024-07-13,S-02,ภาคกลาง,106091.29,391
2024-07-13,S-03,ภาคอีสาน,60118.4,210
2024-07-13,S-04,ภาคอีสาน,60118.4,272
2024-07-13,S-05,ภาคเหนือ,63654.78,237
2024-07-13,S-06,ภาคใต้,56582.02,178
2024-07-13,S-90,ภาคกลาง,106091.29,497
2024-07-14,S-01,ภาคกลาง,110973.93,372
2024-07-14,S-02,ภาคกลาง,110973.93,503
2024-07-14,S-03,ภาคอีสาน,62885.23,218
2024-07-14,S-04,ภาคอีสาน,62885.23,292
2024-07-14,S-05,ภาคเหนือ,66584.36,241
2024-07-14,S-06,ภาคใต้,59186.1,296
2024-07-14,S-90,ภาคกลาง,110973.93,598
2024-07-15,S-01,ภาคกลาง,68453.26,217
2024-07-15,S-02,ภาคกลาง,68453.26,222
2024-07-15,S-03,ภาคอีสาน,38790.18,147
2024-07-15,S-04,ภาคอีสาน,38790.18,136
2024-07-15,S-05,ภาคเหนือ,41071.96,219
2024-07-15,S-06,ภาคใต้,36508.41,191
2024-07-15,S-90,ภาคกลาง,68453.26,346
2024-07-16,S-01,ภาคกลาง,70924.52,298
2024-07-16,S-02,ภาคกลาง,70924.52,262
2024-07-16,S-03,ภาคอีสาน,40190.56,203
2024-07-16,S-04,ภาคอีสาน,40190.56,151
2024-07-16,S-05,ภาคเหนือ,42554.71,143
2024-07-16,S-06,ภาคใต้,37826.41,199
2024-07-16,S-90,ภาคกลาง,70924.52,312
2024-07-17,S-01,ภาคกลาง,79752.93,294
2024-07-17,S-02,ภาคกลาง,79752.93,281
2024-07-17,S-03,ภาคอีสาน,45193.33,220
2024-07-17,S-04,ภาคอีสาน,45193.33,216
2024-07-17,S-05,ภาคเหนือ,47851.76,162
2024-07-17,S-06,ภาคใต้,42534.9,194
2024-07-17,S-90,ภาคกลาง,79752.93,352
2024-07-18,S-01,ภาคกลาง,78569.17,370
2024-07-18,S-02,ภาคกลาง,78569.17,258
2024-07-18,S-03,ภาคอีสาน,44522.53,195
2024-07-18,S-04,ภาคอีสาน,44522.53,143
2024-07-18,S-05,ภาคเหนือ,47141.5,236
2024-07-18,S-06,ภาคใต้,41903.56,164
2024-07-18,S-90,ภาคกลาง,78569.17,382
2024-07-19,S-01,ภาคกลาง,70964.58,230
2024-07-19,S-02,ภาคกลาง,70964.58,304
2024-07-19,S-03,ภาคอีสาน,40213.26,218
2024-07-19,S-04,ภาคอีสาน,40213.26,134
2024-07-19,S-05,ภาคเหนือ,42578.75,231
2024-07-19,S-06,ภาคใต้,37847.78,136
2024-07-19,S-90,ภาคกลาง,70964.58,316
2024-07-20,S-01,ภาคกลาง,90667.55,469
2024-07-20,S-02,ภาคกลาง,90667.55,296
2024-07-20,S-03,ภาคอีสาน,51378.28,222
2024-07-20,S-04,ภาคอีสาน,51378.28,186
2024-07-20,S-05,ภาคเหนือ,54400.53,214
2024-07-20,S-06,ภาคใต้,48356.02,188
2024-07-20,S-90,ภาคกลาง,90667.55,343
2024-07-21,S-01,ภาคกลาง,95071.82,372
2024-07-21,S-02,ภาคกลาง,95071.82,300
2024-07-21,S-03,ภาคอีสาน,53874.03,202
2024-07-21,S-04,ภาคอีสาน,53874.03,249
2024-07-21,S-05,ภาคเหนือ,57043.09,232
2024-07-21,S-06,ภาคใต้,50704.97,265
2024-07-21,S-90,ภาคกลาง,95071.82,384
2024-07-22,S-01,ภาคกลาง,68047.77,361
2024-07-22,S-02,ภาคกลาง,68047.77,280
2024-07-22,S-03,ภาคอีสาน,38560.4,148
2024-07-22,S-04,ภาคอีสาน,38560.4,200
2024-07-22,S-05,ภาคเหนือ,40828.66,127
2024-07-22,S-06,ภาคใต้,36292.14,127
2024-07-22,S-90,ภาคกลาง,68047.77,305
2024-07-23,S-01,ภาคกลาง,71412.45,303
2024-07-23,S-02,ภาคกลาง,71412.45,358
2024-07-23,S-03,ภาคอีสาน,40467.06,133
2024-07-23,S-04,ภาคอีสาน,40467.06,146
2024-07-23,S-05,ภาคเหนือ,42847.47,186
2024-07-23,S-06,ภาคใต้,38086.64,154
2024-07-23,S-90,ภาคกลาง,71412.45,390
2024-07-24,S-01,ภาคกลาง,73601.21,389
2024-07-24,S-02,ภาคกลาง,73601.21,357
2024-07-24,S-03,ภาคอีสาน,41707.35,220
2024-07-24,S-04,ภาคอีสาน,41707.35,173
2024-07-24,S-05,ภาคเหนือ,44160.72,147
2024-07-24,S-06,ภาคใต้,39253.98,185
2024-07-24,S-90,ภาคกลาง,73601.21,294
2024-07-25,S-01,ภาคกลาง,67501.89,218
2024-07-25,S-02,ภาคกลาง,67501.89,313
2024-07-25,S-03,ภาคอีสาน,38251.07,132
2024-07-25,S-04,ภาคอีสาน,38251.07,155
2024-07-25,S-05,ภาคเหนือ,40501.13,150
2024-07-25,S-06,ภาคใต้,36001.01,140
2024-07-25,S-90,ภาคกลาง,67501.89,361
2024-07-26,S-01,ภาคกลาง,66591.15,209
2024-07-26,S-02,ภาคกลาง,66591.15,361
2024-07-26,S-03,ภาคอีสาน,37734.98,144
2024-07-26,S-04,ภาคอีสาน,37734.98,201
2024-07-26,S-05,ภาคเหนือ,39954.69,187
2024-07-26,S-06,ภาคใต้,35515.28,135
2024-07-26,S-90,ภาคกลาง,66591.15,243
2024-07-27,S-01,ภาคกลาง,100034.68,410
2024-07-27,S-02,ภาคกลาง,100034.68,414
2024-07-27,S-03,ภาคอีสาน,56686.32,280
2024-07-27,S-04,ภาคอีสาน,56686.32,209
2024-07-27,S-05,ภาคเหนือ,60020.81,226
2024-07-27,S-06,ภาคใต้,53351.83,236
2024-07-27,S-90,ภาคกลาง,100034.68,467
2024-07-28,S-01,ภาคกลาง,99863.95,372
2024-07-28,S-02,ภาคกลาง,99863.95,395
2024-07-28,S-03,ภาคอีสาน,56589.57,200
2024-07-28,S-04,ภาคอีสาน,56589.57,209
2024-07-28,S-05,ภาคเหนือ,59918.37,252
2024-07-28,S-06,ภาคใต้,53260.77,248
2024-07-28,S-90,ภาคกลาง,99863.95,369
2024-07-29,S-01,ภาคกลาง,71632.7,392
2024-07-29,S-02,ภาคกลาง,71632.7,317
2024-07-29,S-03,ภาคอีสาน,40591.86,218
2024-07-29,S-04,ภาคอีสาน,40591.86,216
2024-07-29,S-05,ภาคเหนือ,42979.62,147
2024-07-29,S-06,ภาคใต้,38204.11,148
2024-07-29,S-90,ภาคกลาง,71632.7,290
2024-07-30,S-01,ภาคกลาง,80040.76,331
2024-07-30,S-02,ภาคกลาง,80040.76,261
2024-07-30,S-03,ภาคอีสาน,45356.43,151
2024-07-30,S-04,ภาคอีสาน,45356.43,206
2024-07-30,S-05,ภาคเหนือ,48024.45,208
2024-07-30,S-06,ภาคใต้,42688.4,177
2024-07-30,S-90,ภาคกลาง,80040.76,443
2024-07-31,S-01,ภาคกลาง,74578.8,263
2024-07-31,S-02,ภาคกลาง,74578.8,319
2024-07-31,S-03,ภาคอีสาน,42261.32,189
2024-07-31,S-04,ภาคอีสาน,42261.32,209
2024-07-31,S-05,ภาคเหนือ,44747.28,236
2024-07-31,S-06,ภาคใต้,39775.36,158
2024-07-31,S-90,ภาคกลาง,74578.8,314
2024-08-01,S-01,ภาคกลาง,71504.06,276
2024-08-01,S-02,ภาคกลาง,71504.06,293
2024-08-01,S-03,ภาคอีสาน,40518.97,194
2024-08-01,S-04,ภาคอีสาน,40518.97,167
2024-08-01,S-05,ภาคเหนือ,42902.44,177
2024-08-01,S-06,ภาคใต้,38135.5,190
2024-08-01,S-90,ภาคกลาง,71504.06,248
2024-08-02,S-01,ภาคกลาง,73071.86,255
2024-08-02,S-02,ภาคกลาง,73071.86,273
2024-08-02,S-03,ภาคอีสาน,41407.39,179
2024-08-02,S-04,ภาคอีสาน,41407.39,160
2024-08-02,S-05,ภาคเหนือ,43843.11,169
2024-08-02,S-06,ภาคใต้,38971.66,194
2024-08-02,S-90,ภาคกลาง,73071.86,347
2024-08-03,S-01,ภาคกลาง,105198.99,495
2024-08-03,S-02,ภาคกลาง,105198.99,334
2024-08-03,S-03,ภาคอีสาน,59612.76,299
2024-08-03,S-04,ภาคอีสาน,59612.76,194
2024-08-03,S-05,ภาคเหนือ,63119.4,202
2024-08-03,S-06,ภาคใต้,56106.13,225
2024-08-03,S-90,ภาคกลาง,105198.99,339
2024-08-04,S-01,ภาคกลาง,97859.76,317
2024-08-04,S-02,ภาคกลาง,97859.76,405
2024-08-04,S-03,ภาคอีสาน,55453.87,178
2024-08-04,S-04,ภาคอีสาน,55453.87,227
2024-08-04,S-05,ภาคเหนือ,58715.86,290
2024-08-04,S-06,ภาคใต้,52191.87,180
2024-08-04,S-90,ภาคกลาง,97859.76,312
2024-08-05,S-01,ภาคกลาง,65765.83,302
2024-08-05,S-02,ภาคกลาง,65765.83,242
2024-08-05,S-03,ภาคอีสาน,37267.3,121
2024-08-05,S-04,ภาคอีสาน,37267.3,205
2024-08-05,S-05,ภาคเหนือ,39459.5,153
2024-08-05,S-06,ภาคใต้,35075.11,123
2024-08-05,S-90,ภาคกลาง,65765.83,324
2024-08-06,S-01,ภาคกลาง,71380.69,260
2024-08-06,S-02,ภาคกลาง,71380.69,325
2024-08-06,S-03,ภาคอีสาน,40449.06,182
2024-08-06,S-04,ภาคอีสาน,40449.06,174
2024-08-06,S-05,ภาคเหนือ,42828.42,164
2024-08-06,S-06,ภาคใต้,38069.7,119
2024-08-06,S-90,ภาคกลาง,71380.69,286
2024-08-07,S-01,ภาคกลาง,68365.92,218
2024-08-07,S-02,ภาคกลาง,68365.92,284
2024-08-07,S-03,ภาคอีสาน,38740.69,151
2024-08-07,S-04,ภาคอีสาน,38740.69,138
2024-08-07,S-05,ภาคเหนือ,41019.55,226
2024-08-07,S-06,ภาคใต้,36461.82,154
2024-08-07,S-90,ภาคกลาง,68365.92,366
2024-08-08,S-01,ภาคกลาง,70684.95,320
2024-08-08,S-02,ภาคกลาง,70684.95,306
2024-08-08,S-03,ภาคอีสาน,40054.8,147
2024-08-08,S-04,ภาคอีสาน,40054.8,141
2024-08-08,S-05,ภาคเหนือ,42410.97,171
2024-08-08,S-06,ภาคใต้,37698.64,133
2024-08-08,S-90,ภาคกลาง,70684.95,245
2024-08-09,S-01,ภาคกลาง,79289.92,271
2024-08-09,S-02,ภาคกลาง,79289.92,291
2024-08-09,S-03,ภาคอีสาน,44930.95,207
2024-08-09,S-04,ภาคอีสาน,44930.95,170
2024-08-09,S-05,ภาคเหนือ,47573.95,235
2024-08-09,S-06,ภาคใต้,42287.96,192
2024-08-09,S-90,ภาคกลาง,79289.92,320
2024-08-10,S-01,ภาคกลาง,103813.01,325
2024-08-10,S-02,ภาคกลาง,103813.01,366
2024-08-10,S-03,ภาคอีสาน,58827.37,265
2024-08-10,S-04,ภาคอีสาน,58827.37,324
2024-08-10,S-05,ภาคเหนือ,62287.8,218
2024-08-10,S-06,ภาคใต้,55366.94,277
2024-08-10,S-90,ภาคกลาง,103813.01,336
2024-08-11,S-01,ภาคกลาง,102582.17,322
2024-08-11,S-02,ภาคกลาง,102582.17,507
2024-08-11,S-03,ภาคอีสาน,58129.9,318
2024-08-11,S-04,ภาคอีสาน,58129.9,230
2024-08-11,S-05,ภาคเหนือ,61549.3,257
2024-08-11,S-06,ภาคใต้,54710.49,253
2024-08-11,S-90,ภาคกลาง,102582.17,538
2024-08-12,S-01,ภาคกลาง,76379.33,355
2024-08-12,S-02,ภาคกลาง,76379.33,296
2024-08-12,S-03,ภาคอีสาน,43281.62,196
2024-08-12,S-04,ภาคอีสาน,43281.62,221
2024-08-12,S-05,ภาคเหนือ,45827.6,150
2024-08-12,S-06,ภาคใต้,40735.64,152
2024-08-12,S-90,ภาคกลาง,76379.33,248
2024-08-13,S-01,ภาคกลาง,69493.77,328
2024-08-13,S-02,ภาคกลาง,69493.77,230
2024-08-13,S-03,ภาคอีสาน,39379.8,165
2024-08-13,S-04,ภาคอีสาน,39379.8,136
2024-08-13,S-05,ภาคเหนือ,41696.26,163
2024-08-13,S-06,ภาคใต้,37063.34,124
2024-08-13,S-90,ภาคกลาง,69493.77,292
2024-08-14,S-01,ภาคกลาง,77401.98,335
2024-08-14,S-02,ภาคกลาง,77401.98,292
2024-08-14,S-03,ภาคอีสาน,43861.12,150
2024-08-14,S-04,ภาคอีสาน,43861.12,228
2024-08-14,S-05,ภาคเหนือ,46441.19,223
2024-08-14,S-06,ภาคใต้,41281.06,196
2024-08-14,S-90,ภาคกลาง,77401.98,258
2024-08-15,S-01,ภาคกลาง,66476.23,297
2024-08-15,S-02,ภาคกลาง,66476.23,313
2024-08-15,S-03,ภาคอีสาน,37669.86,173
2024-08-15,S-04,ภาคอีสาน,37669.86,140
2024-08-15,S-05,ภาคเหนือ,39885.74,125
2024-08-15,S-06,ภาคใต้,35453.99,167
2024-08-15,S-90,ภาคกลาง,66476.23,216
2024-08-16,S-01,ภาคกลาง,64176.25,301
2024-08-16,S-02,ภาคกลาง,64176.25,295
2024-08-16,S-03,ภาคอีสาน,36366.54,121
2024-08-16,S-04,ภาคอีสาน,36366.54,123
2024-08-16,S-05,ภาคเหนือ,38505.75,137
2024-08-16,S-06,ภาคใต้,34227.33,160
2024-08-16,S-90,ภาคกลาง,64176.25,235
2024-08-17,S-01,ภาคกลาง,93251.59,431
2024-08-17,S-02,ภาคกลาง,93251.59,387
2024-08-17,S-03,ภาคอีสาน,52842.57,202
2024-08-17,S-04,ภาคอีสาน,52842.57,220
2024-08-17,S-05,ภาคเหนือ,55950.95,299
2024-08-17,S-06,ภาคใต้,49734.18,213
2024-08-17,S-90,ภาคกลาง,93251.59,384
2024-08-18,S-01,ภาคกลาง,81947.13,365
2024-08-18,S-02,ภาคกลาง,81947.13,438
2024-08-18,S-03,ภาคอีสาน,46436.7,155
2024-08-18,S-04,ภาคอีสาน,46436.7,163
2024-08-18,S-05,ภาคเหนือ,49168.28,203
2024-08-18,S-06,ภาคใต้,43705.13,140
2024-08-18,S-90,ภาคกลาง,81947.13,274
2024-08-19,S-01,ภาคกลาง,64007.51,225
2024-08-19,S-02,ภาคกลาง,64007.51,305
2024-08-19,S-03,ภาคอีสาน,36270.92,184
2024-08-19,S-04,ภาคอีสาน,36270.92,131
2024-08-19,S-05,ภาคเหนือ,38404.51,162
2024-08-19,S-06,ภาคใต้,34137.34,167
2024-08-19,S-90,ภาคกลาง,64007.51,250
2024-08-20,S-01,ภาคกลาง,63588.99,264
2024-08-20,S-02,ภาคกลาง,63588.99,226
2024-08-20,S-03,ภาคอีสาน,36033.76,118
2024-08-20,S-04,ภาคอีสาน,36033.76,147
2024-08-20,S-05,ภาคเหนือ,38153.4,201
2024-08-20,S-06,ภาคใต้,33914.13,127
2024-08-20,S-90,ภาคกลาง,63588.99,292
2024-08-21,S-01,ภาคกลาง,63300.31,248
2024-08-21,S-02,ภาคกลาง,63300.31,350
2024-08-21,S-03,ภาคอีสาน,35870.18,144
2024-08-21,S-04,ภาคอีสาน,35870.18,178
2024-08-21,S-05,ภาคเหนือ,37980.19,129
2024-08-21,S-06,ภาคใต้,33760.17,172
2024-08-21,S-90,ภาคกลาง,63300.31,277
2024-08-22,S-01,ภาคกลาง,60059.72,213
2024-08-22,S-02,ภาคกลาง,60059.72,289
2024-08-22,S-03,ภาคอีสาน,34033.84,161
2024-08-22,S-04,ภาคอีสาน,34033.84,124
2024-08-22,S-05,ภาคเหนือ,36035.83,195
2024-08-22,S-06,ภาคใต้,32031.85,115
2024-08-22,S-90,ภาคกลาง,60059.72,313
2024-08-23,S-01,ภาคกลาง,59661.65,271
2024-08-23,S-02,ภาคกลาง,59661.65,287
2024-08-23,S-03,ภาคอีสาน,33808.27,118
2024-08-23,S-04,ภาคอีสาน,33808.27,110
2024-08-23,S-05,ภาคเหนือ,35796.99,185
2024-08-23,S-06,ภาคใต้,31819.54,175
2024-08-23,S-90,ภาคกลาง,59661.65,303
2024-08-24,S-01,ภาคกลาง,95643.98,516
2024-08-24,S-02,ภาคกลาง,95643.98,323
2024-08-24,S-03,ภาคอีสาน,54198.25,169
2024-08-24,S-04,ภาคอีสาน,54198.25,190
2024-08-24,S-05,ภาคเหนือ,57386.39,224
2024-08-24,S-06,ภาคใต้,51010.12,275
2024-08-24,S-90,ภาคกลาง,95643.98,367
2024-08-25,S-01,ภาคกลาง,88013.82,308
2024-08-25,S-02,ภาคกลาง,88013.82,471
2024-08-25,S-03,ภาคอีสาน,49874.5,207
2024-08-25,S-04,ภาคอีสาน,49874.5,247
2024-08-25,S-05,ภาคเหนือ,52808.29,181
2024-08-25,S-06,ภาคใต้,46940.7,219
2024-08-25,S-90,ภาคกลาง,88013.82,373
2024-08-26,S-01,ภาคกลาง,70288.73,353
2024-08-26,S-02,ภาคกลาง,70288.73,275
2024-08-26,S-03,ภาคอีสาน,39830.28,191
2024-08-26,S-04,ภาคอีสาน,39830.28,150
2024-08-26,S-05,ภาคเหนือ,42173.24,171
2024-08-26,S-06,ภาคใต้,37487.32,188
2024-08-26,S-90,ภาคกลาง,70288.73,254
2024-08-27,S-01,ภาคกลาง,66871.52,323
2024-08-27,S-02,ภาคกลาง,66871.52,300
2024-08-27,S-03,ภาคอีสาน,37893.86,122
2024-08-27,S-04,ภาคอีสาน,37893.86,128
2024-08-27,S-05,ภาคเหนือ,40122.91,185
2024-08-27,S-06,ภาคใต้,35664.81,117
2024-08-27,S-90,ภาคกลาง,66871.52,217
2024-08-28,S-01,ภาคกลาง,62534.05,312
2024-08-28,S-02,ภาคกลาง,62534.05,320
2024-08-28,S-03,ภาคอีสาน,35435.96,134
2024-08-28,S-04,ภาคอีสาน,35435.96,124
2024-08-28,S-05,ภาคเหนือ,37520.43,168
2024-08-28,S-06,ภาคใต้,33351.49,155
2024-08-28,S-90,ภาคกลาง,62534.05,270
2024-08-29,S-01,ภาคกลาง,70688.48,254
2024-08-29,S-02,ภาคกลาง,70688.48,237
2024-08-29,S-03,ภาคอีสาน,40056.81,128
2024-08-29,S-04,ภาคอีสาน,40056.81,171
2024-08-29,S-05,ภาคเหนือ,42413.09,134
2024-08-29,S-06,ภาคใต้,37700.53,125
2024-08-29,S-90,ภาคกลาง,70688.48,306
2024-08-30,S-01,ภาคกลาง,62295.62,301
2024-08-30,S-02,ภาคกลาง,62295.62,231
2024-08-30,S-03,ภาคอีสาน,35300.85,139
2024-08-30,S-04,ภาคอีสาน,35300.85,131
2024-08-30,S-05,ภาคเหนือ,37377.37,126
2024-08-30,S-06,ภาคใต้,33224.33,124
2024-08-30,S-90,ภาคกลาง,62295.62,205
2024-08-31,S-01,ภาคกลาง,96299.74,419
2024-08-31,S-02,ภาคกลาง,96299.74,313
2024-08-31,S-03,ภาคอีสาน,54569.85,180
2024-08-31,S-04,ภาคอีสาน,54569.85,183
2024-08-31,S-05,ภาคเหนือ,57779.84,227
2024-08-31,S-06,ภาคใต้,51359.86,161
2024-08-31,S-90,ภาคกลาง,96299.74,401
2024-09-01,S-01,ภาคกลาง,78549.56,290
2024-09-01,S-02,ภาคกลาง,78549.56,246
2024-09-01,S-03,ภาคอีสาน,44511.42,212
2024-09-01,S-04,ภาคอีสาน,44511.42,183
2024-09-01,S-05,ภาคเหนือ,47129.74,198
2024-09-01,S-06,ภาคใต้,41893.1,217
2024-09-01,S-90,ภาคกลาง,78549.56,384
2024-09-02,S-01,ภาคกลาง,69396.0,226
2024-09-02,S-02,ภาคกลาง,69396.0,340
2024-09-02,S-03,ภาคอีสาน,39324.4,149
2024-09-02,S-04,ภาคอีสาน,39324.4,149
2024-09-02,S-05,ภาคเหนือ,41637.6,196
2024-09-02,S-06,ภาคใต้,37011.2,149
2024-09-02,S-90,ภาคกลาง,69396.0,382
2024-09-03,S-01,ภาคกลาง,56989.92,201
2024-09-03,S-02,ภาคกลาง,56989.92,203
2024-09-03,S-03,ภาคอีสาน,32294.29,109
2024-09-03,S-04,ภาคอีสาน,32294.29,109
2024-09-03,S-05,ภาคเหนือ,34193.95,174
2024-09-03,S-06,ภาคใต้,30394.62,99
2024-09-03,S-90,ภาคกลาง,56989.92,191
2024-09-04,S-01,ภาคกลาง,56575.48,275
2024-09-04,S-02,ภาคกลาง,56575.48,309
2024-09-04,S-03,ภาคอีสาน,32059.44,115
2024-09-04,S-04,ภาคอีสาน,32059.44,103
2024-09-04,S-05,ภาคเหนือ,33945.29,118
2024-09-04,S-06,ภาคใต้,30173.59,112
2024-09-04,S-90,ภาคกลาง,56575.48,308
2024-09-05,S-01,ภาคกลาง,56917.32,182
2024-09-05,S-02,ภาคกลาง,56917.32,194
2024-09-05,S-03,ภาคอีสาน,32253.15,103
2024-09-05,S-04,ภาคอีสาน,32253.15,105
2024-09-05,S-05,ภาคเหนือ,34150.39,146
2024-09-05,S-06,ภาคใต้,30355.9,107
2024-09-05,S-90,ภาคกลาง,56917.32,313
2024-09-06,S-01,ภาคกลาง,62971.66,255
2024-09-06,S-02,ภาคกลาง,62971.66,243
2024-09-06,S-03,ภาคอีสาน,35683.94,113
2024-09-06,S-04,ภาคอีสาน,35683.94,140
2024-09-06,S-05,ภาคเหนือ,37783.0,152
2024-09-06,S-06,ภาคใต้,33584.88,148
2024-09-06,S-90,ภาคกลาง,62971.66,225
2024-09-07,S-01,ภาคกลาง,83790.25,279
2024-09-07,S-02,ภาคกลาง,83790.25,332
2024-09-07,S-03,ภาคอีสาน,47481.14,150
2024-09-07,S-04,ภาคอีสาน,47481.14,216
2024-09-07,S-05,ภาคเหนือ,50274.15,259
2024-09-07,S-06,ภาคใต้,44688.13,201
2024-09-07,S-90,ภาคกลาง,83790.25,287
2024-09-08,S-01,ภาคกลาง,94851.04,416
2024-09-08,S-02,ภาคกลาง,94851.04,322
2024-09-08,S-03,ภาคอีสาน,53748.92,179
2024-09-08,S-04,ภาคอีสาน,53748.92,197
2024-09-08,S-05,ภาคเหนือ,56910.62,244
2024-09-08,S-06,ภาคใต้,50587.22,219
2024-09-08,S-90,ภาคกลาง,94851.04,355
2024-09-09,S-01,ภาคกลาง,57427.82,219
2024-09-09,S-02,ภาคกลาง,57427.82,226
2024-09-09,S-03,ภาคอีสาน,32542.43,110
2024-09-09,S-04,ภาคอีสาน,32542.43,106
2024-09-09,S-05,ภาคเหนือ,34456.69,127
2024-09-09,S-06,ภาคใต้,30628.17,100
2024-09-09,S-90,ภาคกลาง,57427.82,314
2024-09-10,S-01,ภาคกลาง,69120.37,281
2024-09-10,S-02,ภาคกลาง,69120.37,262
2024-09-10,S-03,ภาคอีสาน,39168.21,137
2024-09-10,S-04,ภาคอีสาน,39168.21,182
2024-09-10,S-05,ภาคเหนือ,41472.22,158
2024-09-10,S-06,ภาคใต้,36864.2,171
2024-09-10,S-90,ภาคกลาง,69120.37,278
2024-09-11,S-01,ภาคกลาง,65708.39,354
2024-09-11,S-02,ภาคกลาง,65708.39,207
2024-09-11,S-03,ภาคอีสาน,37234.75,140
2024-09-11,S-04,ภาคอีสาน,37234.75,160
2024-09-11,S-05,ภาคเหนือ,39425.03,182
2024-09-11,S-06,ภาคใต้,35044.47,128
2024-09-11,S-90,ภาคกลาง,65708.39,220
2024-09-12,S-01,ภาคกลาง,67593.44,247
2024-09-12,S-02,ภาคกลาง,67593.44,267
2024-09-12,S-03,ภาคอีสาน,38302.95,195
2024-09-12,S-04,ภาคอีสาน,38302.95,208
2024-09-12,S-05,ภาคเหนือ,40556.07,128
2024-09-12,S-06,ภาคใต้,36049.84,126
2024-09-12,S-90,ภาคกลาง,67593.44,244
2024-09-13,S-01,ภาคกลาง,56216.97,212
2024-09-13,S-02,ภาคกลาง,56216.97,212
2024-09-13,S-03,ภาคอีสาน,31856.29,129
2024-09-13,S-04,ภาคอีสาน,31856.29,116
2024-09-13,S-05,ภาคเหนือ,33730.18,107
2024-09-13,S-06,ภาคใต้,29982.39,105
2024-09-13,S-90,ภาคกลาง,56216.97,269
2024-09-14,S-01,ภาคกลาง,86780.54,441
2024-09-14,S-02,ภาคกลาง,86780.54,370
2024-09-14,S-03,ภาคอีสาน,49175.64,163
2024-09-14,S-04,ภาคอีสาน,49175.64,162
2024-09-14,S-05,ภาคเหนือ,52068.32,238
2024-09-14,S-06,ภาคใต้,46282.95,169
2024-09-14,S-90,ภาคกลาง,86780.54,380
2024-09-15,S-01,ภาคกลาง,76297.51,242
2024-09-15,S-02,ภาคกลาง,76297.51,253
2024-09-15,S-03,ภาคอีสาน,43235.26,148
2024-09-15,S-04,ภาคอีสาน,43235.26,138
2024-09-15,S-05,ภาคเหนือ,45778.51,145
2024-09-15,S-06,ภาคใต้,40692.01,144
2024-09-15,S-90,ภาคกลาง,76297.51,265
2024-09-16,S-01,ภาคกลาง,57433.56,231
2024-09-16,S-02,ภาคกลาง,57433.56,224
2024-09-16,S-03,ภาคอีสาน,32545.68,143
2024-09-16,S-04,ภาคอีสาน,32545.68,146
2024-09-16,S-05,ภาคเหนือ,34460.14,188
2024-09-16,S-06,ภาคใต้,30631.23,148
2024-09-16,S-90,ภาคกลาง,57433.56,204
2024-09-17,S-01,ภาคกลาง,54781.71,190
2024-09-17,S-02,ภาคกลาง,54781.71,247
2024-09-17,S-03,ภาคอีสาน,31042.97,108
2024-09-17,S-04,ภาคอีสาน,31042.97,150
2024-09-17,S-05,ภาคเหนือ,32869.03,121
2024-09-17,S-06,ภาคใต้,29216.91,160
2024-09-17,S-90,ภาคกลาง,54781.71,269
2024-09-18,S-01,ภาคกลาง,55392.7,284
2024-09-18,S-02,ภาคกลาง,55392.7,176
2024-09-18,S-03,ภาคอีสาน,31389.19,117
2024-09-18,S-04,ภาคอีสาน,31389.19,132
2024-09-18,S-05,ภาคเหนือ,33235.62,141
2024-09-18,S-06,ภาคใต้,29542.77,117
2024-09-18,S-90,ภาคกลาง,55392.7,208
2024-09-19,S-01,ภาคกลาง,57551.18,183
2024-09-19,S-02,ภาคกลาง,57551.18,269
2024-09-19,S-03,ภาคอีสาน,32612.33,120
2024-09-19,S-04,ภาคอีสาน,32612.33,157
2024-09-19,S-05,ภาคเหนือ,34530.71,115
2024-09-19,S-06,ภาคใต้,30693.96,103
2024-09-19,S-90,ภาคกลาง,57551.18,208
2024-09-20,S-01,ภาคกลาง,56470.57,203
2024-09-20,S-02,ภาคกลาง,56470.57,215
2024-09-20,S-03,ภาคอีสาน,31999.99,141
2024-09-20,S-04,ภาคอีสาน,31999.99,153
2024-09-20,S-05,ภาคเหนือ,33882.34,120
2024-09-20,S-06,ภาคใต้,30117.64,126
2024-09-20,S-90,ภาคกลาง,56470.57,278
2024-09-21,S-01,ภาคกลาง,75089.93,373
2024-09-21,S-02,ภาคกลาง,75089.93,263
2024-09-21,S-03,ภาคอีสาน,42550.96,182
2024-09-21,S-04,ภาคอีสาน,42550.96,184
2024-09-21,S-05,ภาคเหนือ,45053.96,148
2024-09-21,S-06,ภาคใต้,40047.96,158
2024-09-21,S-90,ภาคกลาง,75089.93,352
2024-09-22,S-01,ภาคกลาง,84505.34,297
2024-09-22,S-02,ภาคกลาง,84505.34,325
2024-09-22,S-03,ภาคอีสาน,47886.36,203
2024-09-22,S-04,ภาคอีสาน,47886.36,180
2024-09-22,S-05,ภาคเหนือ,50703.21,178
2024-09-22,S-06,ภาคใต้,45069.52,192
2024-09-22,S-90,ภาคกลาง,84505.34,335
2024-09-23,S-01,ภาคกลาง,56820.43,300
2024-09-23,S-02,ภาคกลาง,56820.43,223
2024-09-23,S-03,ภาคอีสาน,32198.24,113
2024-09-23,S-04,ภาคอีสาน,32198.24,101
2024-09-23,S-05,ภาคเหนือ,34092.26,180
2024-09-23,S-06,ภาคใต้,30304.23,129
2024-09-23,S-90,ภาคกลาง,56820.43,194
2024-09-24,S-01,ภาคกลาง,60335.47,293
2024-09-24,S-02,ภาคกลาง,60335.47,239
2024-09-24,S-03,ภาคอีสาน,34190.1,179
2024-09-24,S-04,ภาคอีสาน,34190.1,113
2024-09-24,S-05,ภาคเหนือ,36201.28,113
2024-09-24,S-06,ภาคใต้,32178.92,156
2024-09-24,S-90,ภาคกลาง,60335.47,238
2024-09-25,S-01,ภาคกลาง,64097.75,230
2024-09-25,S-02,ภาคกลาง,64097.75,202
2024-09-25,S-03,ภาคอีสาน,36322.06,181
2024-09-25,S-04,ภาคอีสาน,36322.06,142
2024-09-25,S-05,ภาคเหนือ,38458.65,199
2024-09-25,S-06,ภาคใต้,34185.47,187
2024-09-25,S-90,ภาคกลาง,64097.75,232
2024-09-26,S-01,ภาคกลาง,64085.98,243
2024-09-26,S-02,ภาคกลาง,64085.98,315
2024-09-26,S-03,ภาคอีสาน,36315.39,163
2024-09-26,S-04,ภาคอีสาน,36315.39,134
2024-09-26,S-05,ภาคเหนือ,38451.59,189
2024-09-26,S-06,ภาคใต้,34179.19,148
2024-09-26,S-90,ภาคกลาง,64085.98,276
2024-09-27,S-01,ภาคกลาง,62087.89,201
2024-09-27,S-02,ภาคกลาง,62087.89,222
2024-09-27,S-03,ภาคอีสาน,35183.14,111
2024-09-27,S-04,ภาคอีสาน,35183.14,140
2024-09-27,S-05,ภาคเหนือ,37252.73,163
2024-09-27,S-06,ภาคใต้,33113.54,109
2024-09-27,S-90,ภาคกลาง,62087.89,309
2024-09-28,S-01,ภาคกลาง,78927.74,247
2024-09-28,S-02,ภาคกลาง,78927.74,253
2024-09-28,S-03,ภาคอีสาน,44725.72,191
2024-09-28,S-04,ภาคอีสาน,44725.72,236
2024-09-28,S-05,ภาคเหนือ,47356.64,244
2024-09-28,S-06,ภาคใต้,42094.79,132
2024-09-28,S-90,ภาคกลาง,78927.74,253
2024-09-29,S-01,ภาคกลาง,73010.85,305
2024-09-29,S-02,ภาคกลาง,73010.85,243
2024-09-29,S-03,ภาคอีสาน,41372.82,171
2024-09-29,S-04,ภาคอีสาน,41372.82,185
2024-09-29,S-05,ภาคเหนือ,43806.51,211
2024-09-29,S-06,ภาคใต้,38939.12,133
2024-09-29,S-90,ภาคกลาง,73010.85,403
2024-09-30,S-01,ภาคกลาง,54168.57,171
2024-09-30,S-02,ภาคกลาง,54168.57,201
2024-09-30,S-03,ภาคอีสาน,30695.52,99
2024-09-30,S-04,ภาคอีสาน,30695.52,124
2024-09-30,S-05,ภาคเหนือ,32501.14,139
2024-09-30,S-06,ภาคใต้,28889.9,93
2024-09-30,S-90,ภาคกลาง,54168.57,279
2024-10-01,S-01,ภาคกลาง,51123.91,209
2024-10-01,S-02,ภาคกลาง,51123.91,238
2024-10-01,S-03,ภาคอีสาน,28970.22,102
2024-10-01,S-04,ภาคอีสาน,28970.22,142
2024-10-01,S-05,ภาคเหนือ,30674.35,109
2024-10-01,S-06,ภาคใต้,27266.09,95
2024-10-01,S-90,ภาคกลาง,51123.91,226
2024-10-02,S-01,ภาคกลาง,62328.91,345
2024-10-02,S-02,ภาคกลาง,62328.91,249
2024-10-02,S-03,ภาคอีสาน,35319.72,155
2024-10-02,S-04,ภาคอีสาน,35319.72,111
2024-10-02,S-05,ภาคเหนือ,37397.35,157
2024-10-02,S-06,ภาคใต้,33242.09,105
2024-10-02,S-90,ภาคกลาง,62328.91,291
2024-10-03,S-01,ภาคกลาง,50472.15,197
2024-10-03,S-02,ภาคกลาง,50472.15,223
2024-10-03,S-03,ภาคอีสาน,28600.88,103
2024-10-03,S-04,ภาคอีสาน,28600.88,125
2024-10-03,S-05,ภาคเหนือ,30283.29,102
2024-10-03,S-06,ภาคใต้,26918.48,120
2024-10-03,S-90,ภาคกลาง,50472.15,230
2024-10-04,S-01,ภาคกลาง,59551.66,236
2024-10-04,S-02,ภาคกลาง,59551.66,275
2024-10-04,S-03,ภาคอีสาน,33745.94,132
2024-10-04,S-04,ภาคอีสาน,33745.94,114
2024-10-04,S-05,ภาคเหนือ,35730.99,155
2024-10-04,S-06,ภาคใต้,31760.88,140
2024-10-04,S-90,ภาคกลาง,59551.66,277
2024-10-05,S-01,ภาคกลาง,77964.36,307
2024-10-05,S-02,ภาคกลาง,77964.36,428
2024-10-05,S-03,ภาคอีสาน,44179.8,161
2024-10-05,S-04,ภาคอีสาน,44179.8,157
2024-10-05,S-05,ภาคเหนือ,46778.61,149
2024-10-05,S-06,ภาคใต้,41580.99,154
2024-10-05,S-90,ภาคกลาง,77964.36,254
2024-10-06,S-01,ภาคกลาง,72705.36,334
2024-10-06,S-02,ภาคกลาง,72705.36,379
2024-10-06,S-03,ภาคอีสาน,41199.7,203
2024-10-06,S-04,ภาคอีสาน,41199.7,130
2024-10-06,S-05,ภาคเหนือ,43623.22,178
2024-10-06,S-06,ภาคใต้,38776.19,193
2024-10-06,S-90,ภาคกลาง,72705.36,272
2024-10-07,S-01,ภาคกลาง,60432.25,217
2024-10-07,S-02,ภาคกลาง,60432.25,300
2024-10-07,S-03,ภาคอีสาน,34244.94,153
2024-10-07,S-04,ภาคอีสาน,34244.94,128
2024-10-07,S-05,ภาคเหนือ,36259.35,131
2024-10-07,S-06,ภาคใต้,32230.53,161
2024-10-07,S-90,ภาคกลาง,60432.25,316
2024-10-08,S-01,ภาคกลาง,52923.2,217
2024-10-08,S-02,ภาคกลาง,52923.2,175
2024-10-08,S-03,ภาคอีสาน,29989.82,102
2024-10-08,S-04,ภาคอีสาน,29989.82,114
2024-10-08,S-05,ภาคเหนือ,31753.92,172
2024-10-08,S-06,ภาคใต้,28225.71,149
2024-10-08,S-90,ภาคกลาง,52923.2,168
2024-10-09,S-01,ภาคกลาง,50233.67,185
2024-10-09,S-02,ภาคกลาง,50233.67,203
2024-10-09,S-03,ภาคอีสาน,28465.75,128
2024-10-09,S-04,ภาคอีสาน,28465.75,138
2024-10-09,S-05,ภาคเหนือ,30140.2,131
2024-10-09,S-06,ภาคใต้,26791.29,99
2024-10-09,S-90,ภาคกลาง,50233.67,195
2024-10-10,S-01,ภาคกลาง,55173.5,262
2024-10-10,S-02,ภาคกลาง,55173.5,236
2024-10-10,S-03,ภาคอีสาน,31264.98,98
2024-10-10,S-04,ภาคอีสาน,31264.98,143
2024-10-10,S-05,ภาคเหนือ,33104.1,178
2024-10-10,S-06,ภาคใต้,29425.87,118
2024-10-10,S-90,ภาคกลาง,55173.5,198
2024-10-11,S-01,ภาคกลาง,52418.95,195
2024-10-11,S-02,ภาคกลาง,52418.95,175
2024-10-11,S-03,ภาคอีสาน,29704.07,108
2024-10-11,S-04,ภาคอีสาน,29704.07,124
2024-10-11,S-05,ภาคเหนือ,31451.37,169
2024-10-11,S-06,ภาคใต้,27956.78,99
2024-10-11,S-90,ภาคกลาง,52418.95,255
2024-10-12,S-01,ภาคกลาง,79742.93,380
2024-10-12,S-02,ภาคกลาง,79742.93,358
2024-10-12,S-03,ภาคอีสาน,45187.66,150
2024-10-12,S-04,ภาคอีสาน,45187.66,176
2024-10-12,S-05,ภาคเหนือ,47845.76,180
2024-10-12,S-06,ภาคใต้,42529.56,234
2024-10-12,S-90,ภาคกลาง,79742.93,304
2024-10-13,S-01,ภาคกลาง,77540.28,257
2024-10-13,S-02,ภาคกลาง,77540.28,272
2024-10-13,S-03,ภาคอีสาน,43939.49,149
2024-10-13,S-04,ภาคอีสาน,43939.49,185
2024-10-13,S-05,ภาคเหนือ,46524.17,163
2024-10-13,S-06,ภาคใต้,41354.82,177
2024-10-13,S-90,ภาคกลาง,77540.28,320
2024-10-14,S-01,ภาคกลาง,55277.54,187
2024-10-14,S-02,ภาคกลาง,55277.54,281
2024-10-14,S-03,ภาคอีสาน,31323.94,109
2024-10-14,S-04,ภาคอีสาน,31323.94,148
2024-10-14,S-05,ภาคเหนือ,33166.52,105
2024-10-14,S-06,ภาคใต้,29481.35,118
2024-10-14,S-90,ภาคกลาง,55277.54,237
2024-10-15,S-01,ภาคกลาง,58058.91,193
2024-10-15,S-02,ภาคกลาง,58058.91,210
2024-10-15,S-03,ภาคอีสาน,32900.05,124
2024-10-15,S-04,ภาคอีสาน,32900.05,112
2024-10-15,S-05,ภาคเหนือ,34835.35,155
2024-10-15,S-06,ภาคใต้,30964.75,167
2024-10-15,S-90,ภาคกลาง,58058.91,181
2024-10-16,S-01,ภาคกลาง,57393.9,308
2024-10-16,S-02,ภาคกลาง,57393.9,264
2024-10-16,S-03,ภาคอีสาน,32523.21,146
2024-10-16,S-04,ภาคอีสาน,32523.21,157
2024-10-16,S-05,ภาคเหนือ,34436.34,158
2024-10-16,S-06,ภาคใต้,30610.08,139
2024-10-16,S-90,ภาคกลาง,57393.9,260
2024-10-17,S-01,ภาคกลาง,59924.97,234
2024-10-17,S-02,ภาคกลาง,59924.97,227
2024-10-17,S-03,ภาคอีสาน,33957.48,117
2024-10-17,S-04,ภาคอีสาน,33957.48,117
2024-10-17,S-05,ภาคเหนือ,35954.98,126
2024-10-17,S-06,ภาคใต้,31959.98,108
2024-10-17,S-90,ภาคกลาง,59924.97,206
2024-10-18,S-01,ภาคกลาง,52281.19,269
2024-10-18,S-02,ภาคกลาง,52281.19,165
2024-10-18,S-03,ภาคอีสาน,29626.01,100
2024-10-18,S-04,ภาคอีสาน,29626.01,122
2024-10-18,S-05,ภาคเหนือ,31368.71,129
2024-10-18,S-06,ภาคใต้,27883.3,113
2024-10-18,S-90,ภาคกลาง,52281.19,264
2024-10-19,S-01,ภาคกลาง,64555.21,212
2024-10-19,S-02,ภาคกลาง,64555.21,349
2024-10-19,S-03,ภาคอีสาน,36581.28,169
2024-10-19,S-04,ภาคอีสาน,36581.28,152
2024-10-19,S-05,ภาคเหนือ,38733.12,189
2024-10-19,S-06,ภาคใต้,34429.44,116
2024-10-19,S-90,ภาคกลาง,64555.21,293
2024-10-20,S-01,ภาคกลาง,64053.19,294
2024-10-20,S-02,ภาคกลาง,64053.19,295
2024-10-20,S-03,ภาคอีสาน,36296.81,190
2024-10-20,S-04,ภาคอีสาน,36296.81,134
2024-10-20,S-05,ภาคเหนือ,38431.92,175
2024-10-20,S-06,ภาคใต้,34161.7,110
2024-10-20,S-90,ภาคกลาง,64053.19,203
2024-10-21,S-01,ภาคกลาง,50335.48,271
2024-10-21,S-02,ภาคกลาง,50335.48,205
2024-10-21,S-03,ภาคอีสาน,28523.44,101
2024-10-21,S-04,ภาคอีสาน,28523.44,105
2024-10-21,S-05,ภาคเหนือ,30201.29,128
2024-10-21,S-06,ภาคใต้,26845.59,144
2024-10-21,S-90,ภาคกลาง,50335.48,240
2024-10-22,S-01,ภาคกลาง,53744.6,262
2024-10-22,S-02,ภาคกลาง,53744.6,245
2024-10-22,S-03,ภาคอีสาน,30455.27,119
2024-10-22,S-04,ภาคอีสาน,30455.27,124
2024-10-22,S-05,ภาคเหนือ,32246.76,109
2024-10-22,S-06,ภาคใต้,28663.79,118
2024-10-22,S-90,ภาคกลาง,53744.6,224
2024-10-23,S-01,ภาคกลาง,51879.35,180
2024-10-23,S-02,ภาคกลาง,51879.35,215
2024-10-23,S-03,ภาคอีสาน,29398.3,158
2024-10-23,S-04,ภาคอีสาน,29398.3,120
2024-10-23,S-05,ภาคเหนือ,31127.61,110
2024-10-23,S-06,ภาคใต้,27668.99,102
2024-10-23,S-90,ภาคกลาง,51879.35,171
2024-10-24,S-01,ภาคกลาง,58927.01,187
2024-10-24,S-02,ภาคกลาง,58927.01,272
2024-10-24,S-03,ภาคอีสาน,33391.97,128
2024-10-24,S-04,ภาคอีสาน,33391.97,172
2024-10-24,S-05,ภาคเหนือ,35356.21,115
2024-10-24,S-06,ภาคใต้,31427.74,130
2024-10-24,S-90,ภาคกลาง,58927.01,300
2024-10-25,S-01,ภาคกลาง,47514.92,156
2024-10-25,S-02,ภาคกลาง,47514.92,153
2024-10-25,S-03,ภาคอีสาน,26925.12,126
2024-10-25,S-04,ภาคอีสาน,26925.12,95
2024-10-25,S-05,ภาคเหนือ,28508.95,100
2024-10-25,S-06,ภาคใต้,25341.29,134
2024-10-25,S-90,ภาคกลาง,47514.92,173
2024-10-26,S-01,ภาคกลาง,67664.61,285
2024-10-26,S-02,ภาคกลาง,67664.61,217
2024-10-26,S-03,ภาคอีสาน,38343.28,198
2024-10-26,S-04,ภาคอีสาน,38343.28,195
2024-10-26,S-05,ภาคเหนือ,40598.77,141
2024-10-26,S-06,ภาคใต้,36087.79,181
2024-10-26,S-90,ภาคกลาง,67664.61,218
2024-10-27,S-01,ภาคกลาง,71905.41,291
2024-10-27,S-02,ภาคกลาง,71905.41,368
2024-10-27,S-03,ภาคอีสาน,40746.4,161
2024-10-27,S-04,ภาคอีสาน,40746.4,204
2024-10-27,S-05,ภาคเหนือ,43143.24,192
2024-10-27,S-06,ภาคใต้,38349.55,172
2024-10-27,S-90,ภาคกลาง,71905.41,240
2024-10-28,S-01,ภาคกลาง,46769.71,253
2024-10-28,S-02,ภาคกลาง,46769.71,149
2024-10-28,S-03,ภาคอีสาน,26502.83,103
2024-10-28,S-04,ภาคอีสาน,26502.83,88
2024-10-28,S-05,ภาคเหนือ,28061.82,122
2024-10-28,S-06,ภาคใต้,24943.84,96
2024-10-28,S-90,ภาคกลาง,46769.71,169
2024-10-29,S-01,ภาคกลาง,49554.09,181
2024-10-29,S-02,ภาคกลาง,49554.09,177
2024-10-29,S-03,ภาคอีสาน,28080.65,127
2024-10-29,S-04,ภาคอีสาน,28080.65,126
2024-10-29,S-05,ภาคเหนือ,29732.45,94
2024-10-29,S-06,ภาคใต้,26428.85,140
2024-10-29,S-90,ภาคกลาง,49554.09,224
2024-10-30,S-01,ภาคกลาง,50542.84,158
2024-10-30,S-02,ภาคกลาง,50542.84,162
2024-10-30,S-03,ภาคอีสาน,28640.95,95
2024-10-30,S-04,ภาคอีสาน,28640.95,144
2024-10-30,S-05,ภาคเหนือ,30325.71,124
2024-10-30,S-06,ภาคใต้,26956.18,138
2024-10-30,S-90,ภาคกลาง,50542.84,278
2024-10-31,S-01,ภาคกลาง,47614.98,228
2024-10-31,S-02,ภาคกลาง,47614.98,156
2024-10-31,S-03,ภาคอีสาน,26981.82,102
2024-10-31,S-04,ภาคอีสาน,26981.82,104
2024-10-31,S-05,ภาคเหนือ,28568.99,97
2024-10-31,S-06,ภาคใต้,25394.66,103
2024-10-31,S-90,ภาคกลาง,47614.98,157
2024-11-01,S-01,ภาคกลาง,54756.7,296
2024-11-01,S-02,ภาคกลาง,54756.7,271
2024-11-01,S-03,ภาคอีสาน,31028.79,118
2024-11-01,S-04,ภาคอีสาน,31028.79,103
2024-11-01,S-05,ภาคเหนือ,32854.02,142
2024-11-01,S-06,ภาคใต้,29203.57,118
2024-11-01,S-90,ภาคกลาง,54756.7,259
2024-11-02,S-01,ภาคกลาง,71708.21,287
2024-11-02,S-02,ภาคกลาง,71708.21,255
2024-11-02,S-03,ภาคอีสาน,40634.65,195
2024-11-02,S-04,ภาคอีสาน,40634.65,134
2024-11-02,S-05,ภาคเหนือ,43024.93,172
2024-11-02,S-06,ภาคใต้,38244.38,154
2024-11-02,S-90,ภาคกลาง,71708.21,296
2024-11-03,S-01,ภาคกลาง,63448.61,219
2024-11-03,S-02,ภาคกลาง,63448.61,226
2024-11-03,S-03,ภาคอีสาน,35954.21,116
2024-11-03,S-04,ภาคอีสาน,35954.21,147
2024-11-03,S-05,ภาคเหนือ,38069.17,158
2024-11-03,S-06,ภาคใต้,33839.26,116
2024-11-03,S-90,ภาคกลาง,63448.61,233
2024-11-04,S-01,ภาคกลาง,50044.59,208
2024-11-04,S-02,ภาคกลาง,50044.59,172
2024-11-04,S-03,ภาคอีสาน,28358.6,93
2024-11-04,S-04,ภาคอีสาน,28358.6,94
2024-11-04,S-05,ภาคเหนือ,30026.75,97
2024-11-04,S-06,ภาคใต้,26690.45,95
2024-11-04,S-90,ภาคกลาง,50044.59,187
2024-11-05,S-01,ภาคกลาง,56361.89,193
2024-11-05,S-02,ภาคกลาง,56361.89,235
2024-11-05,S-03,ภาคอีสาน,31938.41,131
2024-11-05,S-04,ภาคอีสาน,31938.41,153
2024-11-05,S-05,ภาคเหนือ,33817.14,169
2024-11-05,S-06,ภาคใต้,30059.68,101
2024-11-05,S-90,ภาคกลาง,56361.89,200
2024-11-06,S-01,ภาคกลาง,54131.17,291
2024-11-06,S-02,ภาคกลาง,54131.17,170
2024-11-06,S-03,ภาคอีสาน,30674.33,102
2024-11-06,S-04,ภาคอีสาน,30674.33,166
2024-11-06,S-05,ภาคเหนือ,32478.7,148
2024-11-06,S-06,ภาคใต้,28869.96,120
2024-11-06,S-90,ภาคกลาง,54131.17,196
2024-11-07,S-01,ภาคกลาง,50575.22,197
2024-11-07,S-02,ภาคกลาง,50575.22,195
2024-11-07,S-03,ภาคอีสาน,28659.29,151
2024-11-07,S-04,ภาคอีสาน,28659.29,125
2024-11-07,S-05,ภาคเหนือ,30345.13,137
2024-11-07,S-06,ภาคใต้,26973.45,130
2024-11-07,S-90,ภาคกลาง,50575.22,243
2024-11-08,S-01,ภาคกลาง,50655.48,168
2024-11-08,S-02,ภาคกลาง,50655.48,274
2024-11-08,S-03,ภาคอีสาน,28704.77,145
2024-11-08,S-04,ภาคอีสาน,28704.77,94
2024-11-08,S-05,ภาคเหนือ,30393.29,117
2024-11-08,S-06,ภาคใต้,27016.26,114
2024-11-08,S-90,ภาคกลาง,50655.48,163
2024-11-09,S-01,ภาคกลาง,62810.26,320
2024-11-09,S-02,ภาคกลาง,62810.26,248
2024-11-09,S-03,ภาคอีสาน,35592.48,140
2024-11-09,S-04,ภาคอีสาน,35592.48,173
2024-11-09,S-05,ภาคเหนือ,37686.16,143
2024-11-09,S-06,ภาคใต้,33498.81,111
2024-11-09,S-90,ภาคกลาง,62810.26,239
2024-11-10,S-01,ภาคกลาง,67762.52,227
2024-11-10,S-02,ภาคกลาง,67762.52,230
2024-11-10,S-03,ภาคอีสาน,38398.76,166
2024-11-10,S-04,ภาคอีสาน,38398.76,173
2024-11-10,S-05,ภาคเหนือ,40657.51,149
2024-11-10,S-06,ภาคใต้,36140.01,118
2024-11-10,S-90,ภาคกลาง,67762.52,238
2024-11-11,S-01,ภาคกลาง,51795.55,196
2024-11-11,S-02,ภาคกลาง,51795.55,279
2024-11-11,S-03,ภาคอีสาน,29350.81,95
2024-11-11,S-04,ภาคอีสาน,29350.81,96
2024-11-11,S-05,ภาคเหนือ,31077.33,121
2024-11-11,S-06,ภาคใต้,27624.29,88
2024-11-11,S-90,ภาคกลาง,51795.55,233
2024-11-12,S-01,ภาคกลาง,52876.37,255
2024-11-12,S-02,ภาคกลาง,52876.37,286
2024-11-12,S-03,ภาคอีสาน,29963.28,94
2024-11-12,S-04,ภาคอีสาน,29963.28,141
2024-11-12,S-05,ภาคเหนือ,31725.82,115
2024-11-12,S-06,ภาคใต้,28200.73,92
2024-11-12,S-90,ภาคกลาง,52876.37,168
2024-11-13,S-01,ภาคกลาง,48729.22,188
2024-11-13,S-02,ภาคกลาง,48729.22,163
2024-11-13,S-03,ภาคอีสาน,27613.22,95
2024-11-13,S-04,ภาคอีสาน,27613.22,146
2024-11-13,S-05,ภาคเหนือ,29237.53,149
2024-11-13,S-06,ภาคใต้,25988.92,81
2024-11-13,S-90,ภาคกลาง,48729.22,212
2024-11-14,S-01,ภาคกลาง,50700.77,195
2024-11-14,S-02,ภาคกลาง,50700.77,277
2024-11-14,S-03,ภาคอีสาน,28730.43,123
2024-11-14,S-04,ภาคอีสาน,28730.43,100
2024-11-14,S-05,ภาคเหนือ,30420.46,111
2024-11-14,S-06,ภาคใต้,27040.41,85
2024-11-14,S-90,ภาคกลาง,50700.77,254
2024-11-15,S-01,ภาคกลาง,51548.36,182
2024-11-15,S-02,ภาคกลาง,51548.36,225
2024-11-15,S-03,ภาคอีสาน,29210.74,97
2024-11-15,S-04,ภาคอีสาน,29210.74,118
2024-11-15,S-05,ภาคเหนือ,30929.02,110
2024-11-15,S-06,ภาคใต้,27492.46,134
2024-11-15,S-90,ภาคกลาง,51548.36,179
2024-11-16,S-01,ภาคกลาง,69196.54,225
2024-11-16,S-02,ภาคกลาง,69196.54,226
2024-11-16,S-03,ภาคอีสาน,39211.37,184
2024-11-16,S-04,ภาคอีสาน,39211.37,141
2024-11-16,S-05,ภาคเหนือ,41517.92,134
2024-11-16,S-06,ภาคใต้,36904.82,164
2024-11-16,S-90,ภาคกลาง,69196.54,306
2024-11-17,S-01,ภาคกลาง,59996.66,205
2024-11-17,S-02,ภาคกลาง,59996.66,191
2024-11-17,S-03,ภาคอีสาน,33998.1,186
2024-11-17,S-04,ภาคอีสาน,33998.1,173
2024-11-17,S-05,ภาคเหนือ,35997.99,128
2024-11-17,S-06,ภาคใต้,31998.22,130
2024-11-17,S-90,ภาคกลาง,59996.66,320
2024-11-18,S-01,ภาคกลาง,55170.71,240
2024-11-18,S-02,ภาคกลาง,55170.71,264
2024-11-18,S-03,ภาคอีสาน,31263.4,153
2024-11-18,S-04,ภาคอีสาน,31263.4,127
2024-11-18,S-05,ภาคเหนือ,33102.43,117
2024-11-18,S-06,ภาคใต้,29424.38,138
2024-11-18,S-90,ภาคกลาง,55170.71,266
2024-11-19,S-01,ภาคกลาง,50958.92,207
2024-11-19,S-02,ภาคกลาง,50958.92,253
2024-11-19,S-03,ภาคอีสาน,28876.72,95
2024-11-19,S-04,ภาคอีสาน,28876.72,113
2024-11-19,S-05,ภาคเหนือ,30575.35,157
2024-11-19,S-06,ภาคใต้,27178.09,137
2024-11-19,S-90,ภาคกลาง,50958.92,207
2024-11-20,S-01,ภาคกลาง,49522.94,246
2024-11-20,S-02,ภาคกลาง,49522.94,213
2024-11-20,S-03,ภาคอีสาน,28063.0,136
2024-11-20,S-04,ภาคอีสาน,28063.0,138
2024-11-20,S-05,ภาคเหนือ,29713.77,94
2024-11-20,S-06,ภาคใต้,26412.24,103
2024-11-20,S-90,ภาคกลาง,49522.94,183
2024-11-21,S-01,ภาคกลาง,46601.79,148
2024-11-21,S-02,ภาคกลาง,46601.79,150
2024-11-21,S-03,ภาคอีสาน,26407.68,103
2024-11-21,S-04,ภาคอีสาน,26407.68,89
2024-11-21,S-05,ภาคเหนือ,27961.07,151
2024-11-21,S-06,ภาคใต้,24854.29,79
2024-11-21,S-90,ภาคกลาง,46601.79,173
2024-11-22,S-01,ภาคกลาง,50822.78,196
2024-11-22,S-02,ภาคกลาง,50822.78,274
2024-11-22,S-03,ภาคอีสาน,28799.57,150
2024-11-22,S-04,ภาคอีสาน,28799.57,130
2024-11-22,S-05,ภาคเหนือ,30493.67,115
2024-11-22,S-06,ภาคใต้,27105.48,149
2024-11-22,S-90,ภาคกลาง,50822.78,176
2024-11-23,S-01,ภาคกลาง,69974.53,299
2024-11-23,S-02,ภาคกลาง,69974.53,258
2024-11-23,S-03,ภาคอีสาน,39652.23,153
2024-11-23,S-04,ภาคอีสาน,39652.23,182
2024-11-23,S-05,ภาคเหนือ,41984.72,164
2024-11-23,S-06,ภาคใต้,37319.75,141
2024-11-23,S-90,ภาคกลาง,69974.53,226
2024-11-24,S-01,ภาคกลาง,61398.27,240
2024-11-24,S-02,ภาคกลาง,61398.27,262
2024-11-24,S-03,ภาคอีสาน,34792.35,157
2024-11-24,S-04,ภาคอีสาน,34792.35,177
2024-11-24,S-05,ภาคเหนือ,36838.96,142
2024-11-24,S-06,ภาคใต้,32745.74,157
2024-11-24,S-90,ภาคกลาง,61398.27,296
2024-11-25,S-01,ภาคกลาง,51868.78,190
2024-11-25,S-02,ภาคกลาง,51868.78,164
2024-11-25,S-03,ภาคอีสาน,29392.31,141
2024-11-25,S-04,ภาคอีสาน,29392.31,128
2024-11-25,S-05,ภาคเหนือ,31121.27,103
2024-11-25,S-06,ภาคใต้,27663.35,143
2024-11-25,S-90,ภาคกลาง,51868.78,203
2024-11-26,S-01,ภาคกลาง,55128.55,270
2024-11-26,S-02,ภาคกลาง,55128.55,299
2024-11-26,S-03,ภาคอีสาน,31239.51,108
2024-11-26,S-04,ภาคอีสาน,31239.51,124
2024-11-26,S-05,ภาคเหนือ,33077.13,136
2024-11-26,S-06,ภาคใต้,29401.89,93
2024-11-26,S-90,ภาคกลาง,55128.55,205
2024-11-27,S-01,ภาคกลาง,53282.93,175
2024-11-27,S-02,ภาคกลาง,53282.93,254
2024-11-27,S-03,ภาคอีสาน,30193.66,98
2024-11-27,S-04,ภาคอีสาน,30193.66,139
2024-11-27,S-05,ภาคเหนือ,31969.76,143
2024-11-27,S-06,ภาคใต้,28417.56,122
2024-11-27,S-90,ภาคกลาง,53282.93,283
2024-11-28,S-01,ภาคกลาง,47289.69,150
2024-11-28,S-02,ภาคกลาง,47289.69,196
2024-11-28,S-03,ภาคอีสาน,26797.49,129
2024-11-28,S-04,ภาคอีสาน,26797.49,112
2024-11-28,S-05,ภาคเหนือ,28373.81,113
2024-11-28,S-06,ภาคใต้,25221.17,113
2024-11-28,S-90,ภาคกลาง,47289.69,202
2024-11-29,S-01,ภาคกลาง,50238.51,219
2024-11-29,S-02,ภาคกลาง,50238.51,158
2024-11-29,S-03,ภาคอีสาน,28468.49,146
2024-11-29,S-04,ภาคอีสาน,28468.49,137
2024-11-29,S-05,ภาคเหนือ,30143.11,117
2024-11-29,S-06,ภาคใต้,26793.87,129
2024-11-29,S-90,ภาคกลาง,50238.51,187
2024-11-30,S-01,ภาคกลาง,64171.75,214
2024-11-30,S-02,ภาคกลาง,64171.75,214
2024-11-30,S-03,ภาคอีสาน,36363.99,130
2024-11-30,S-04,ภาคอีสาน,36363.99,131
2024-11-30,S-05,ภาคเหนือ,38503.05,123
2024-11-30,S-06,ภาคใต้,34224.93,131
2024-11-30,S-90,ภาคกลาง,64171.75,213
2024-12-01,S-01,ภาคกลาง,66549.4,263
2024-12-01,S-02,ภาคกลาง,66549.4,286
2024-12-01,S-03,ภาคอีสาน,37711.33,167
2024-12-01,S-04,ภาคอีสาน,37711.33,137
2024-12-01,S-05,ภาคเหนือ,39929.64,196
2024-12-01,S-06,ภาคใต้,35493.02,116
2024-12-01,S-90,ภาคกลาง,66549.4,336
2024-12-02,S-01,ภาคกลาง,53100.82,208
2024-12-02,S-02,ภาคกลาง,53100.82,180
2024-12-02,S-03,ภาคอีสาน,30090.46,103
2024-12-02,S-04,ภาคอีสาน,30090.46,111
2024-12-02,S-05,ภาคเหนือ,31860.49,158
2024-12-02,S-06,ภาคใต้,28320.44,91
2024-12-02,S-90,ภาคกลาง,53100.82,268
2024-12-03,S-01,ภาคกลาง,44719.0,230
2024-12-03,S-02,ภาคกลาง,44719.0,231
2024-12-03,S-03,ภาคอีสาน,25340.77,94
2024-12-03,S-04,ภาคอีสาน,25340.77,93
2024-12-03,S-05,ภาคเหนือ,26831.4,104
2024-12-03,S-06,ภาคใต้,23850.13,98
2024-12-03,S-90,ภาคกลาง,44719.0,166
2024-12-04,S-01,ภาคกลาง,47520.3,207
2024-12-04,S-02,ภาคกลาง,47520.3,158
2024-12-04,S-03,ภาคอีสาน,26928.17,146
2024-12-04,S-04,ภาคอีสาน,26928.17,149
2024-12-04,S-05,ภาคเหนือ,28512.18,99
2024-12-04,S-06,ภาคใต้,25344.16,113
2024-12-04,S-90,ภาคกลาง,47520.3,219
2024-12-05,S-01,ภาคกลาง,46167.76,181
2024-12-05,S-02,ภาคกลาง,46167.76,223
2024-12-05,S-03,ภาคอีสาน,26161.73,129
2024-12-05,S-04,ภาคอีสาน,26161.73,101
2024-12-05,S-05,ภาคเหนือ,27700.65,96
2024-12-05,S-06,ภาคใต้,24622.8,89
2024-12-05,S-90,ภาคกลาง,46167.76,169
2024-12-06,S-01,ภาคกลาง,47193.5,207
2024-12-06,S-02,ภาคกลาง,47193.5,156
2024-12-06,S-03,ภาคอีสาน,26742.99,118
2024-12-06,S-04,ภาคอีสาน,26742.99,139
2024-12-06,S-05,ภาคเหนือ,28316.1,155
2024-12-06,S-06,ภาคใต้,25169.87,126
2024-12-06,S-90,ภาคกลาง,47193.5,153
2024-12-07,S-01,ภาคกลาง,66718.8,291
2024-12-07,S-02,ภาคกลาง,66718.8,225
2024-12-07,S-03,ภาคอีสาน,37807.32,131
2024-12-07,S-04,ภาคอีสาน,37807.32,139
2024-12-07,S-05,ภาคเหนือ,40031.28,141
2024-12-07,S-06,ภาคใต้,35583.36,163
2024-12-07,S-90,ภาคกลาง,66718.8,224
2024-12-08,S-01,ภาคกลาง,62917.64,223
2024-12-08,S-02,ภาคกลาง,62917.64,219
2024-12-08,S-03,ภาคอีสาน,35653.33,186
2024-12-08,S-04,ภาคอีสาน,35653.33,111
2024-12-08,S-05,ภาคเหนือ,37750.58,202
2024-12-08,S-06,ภาคใต้,33556.07,137
2024-12-08,S-90,ภาคกลาง,62917.64,230
2024-12-09,S-01,ภาคกลาง,44964.79,213
2024-12-09,S-02,ภาคกลาง,44964.79,196
2024-12-09,S-03,ภาคอีสาน,25480.05,94
2024-12-09,S-04,ภาคอีสาน,25480.05,90
2024-12-09,S-05,ภาคเหนือ,26978.87,88
2024-12-09,S-06,ภาคใต้,23981.22,98
2024-12-09,S-90,ภาคกลาง,44964.79,206
2024-12-10,S-01,ภาคกลาง,48525.41,185
2024-12-10,S-02,ภาคกลาง,48525.41,221
2024-12-10,S-03,ภาคอีสาน,27497.73,128
2024-12-10,S-04,ภาคอีสาน,27497.73,119
2024-12-10,S-05,ภาคเหนือ,29115.24,91
2024-12-10,S-06,ภาคใต้,25880.22,112
2024-12-10,S-90,ภาคกลาง,48525.41,160
2024-12-11,S-01,ภาคกลาง,47149.76,194
2024-12-11,S-02,ภาคกลาง,47149.76,183
2024-12-11,S-03,ภาคอีสาน,26718.2,132
2024-12-11,S-04,ภาคอีสาน,26718.2,103
2024-12-11,S-05,ภาคเหนือ,28289.86,118
2024-12-11,S-06,ภาคใต้,25146.54,122
2024-12-11,S-90,ภาคกลาง,47149.76,229
2024-12-12,S-01,ภาคกลาง,53620.58,242
2024-12-12,S-02,ภาคกลาง,53620.58,259
2024-12-12,S-03,ภาคอีสาน,30385.0,102
2024-12-12,S-04,ภาคอีสาน,30385.0,100
2024-12-12,S-05,ภาคเหนือ,32172.35,106
2024-12-12,S-06,ภาคใต้,28597.64,107
2024-12-12,S-90,ภาคกลาง,53620.58,196
2024-12-13,S-01,ภาคกลาง,47930.73,163
2024-12-13,S-02,ภาคกลาง,47930.73,150
2024-12-13,S-03,ภาคอีสาน,27160.75,87
2024-12-13,S-04,ภาคอีสาน,27160.75,124
2024-12-13,S-05,ภาคเหนือ,28758.44,109
2024-12-13,S-06,ภาคใต้,25563.06,102
2024-12-13,S-90,ภาคกลาง,47930.73,185
2024-12-14,S-01,ภาคกลาง,69870.16,319
2024-12-14,S-02,ภาคกลาง,69870.16,279
2024-12-14,S-03,ภาคอีสาน,39593.09,176
2024-12-14,S-04,ภาคอีสาน,39593.09,155
2024-12-14,S-05,ภาคเหนือ,41922.09,229
2024-12-14,S-06,ภาคใต้,37264.08,198
2024-12-14,S-90,ภาคกลาง,69870.16,377
2024-12-15,S-01,ภาคกลาง,68531.36,302
2024-12-15,S-02,ภาคกลาง,68531.36,270
2024-12-15,S-03,ภาคอีสาน,38834.44,155
2024-12-15,S-04,ภาคอีสาน,38834.44,161
2024-12-15,S-05,ภาคเหนือ,41118.82,162
2024-12-15,S-06,ภาคใต้,36550.06,167
2024-12-15,S-90,ภาคกลาง,68531.36,302
2024-12-16,S-01,ภาคกลาง,45527.7,165
2024-12-16,S-02,ภาคกลาง,45527.7,146
2024-12-16,S-03,ภาคอีสาน,25799.03,96
2024-12-16,S-04,ภาคอีสาน,25799.03,119
2024-12-16,S-05,ภาคเหนือ,27316.62,103
2024-12-16,S-06,ภาคใต้,24281.44,119
2024-12-16,S-90,ภาคกลาง,45527.7,180
2024-12-17,S-01,ภาคกลาง,53635.46,227
2024-12-17,S-02,ภาคกลาง,53635.46,285
2024-12-17,S-03,ภาคอีสาน,30393.43,138
2024-12-17,S-04,ภาคอีสาน,30393.43,142
2024-12-17,S-05,ภาคเหนือ,32181.28,127
2024-12-17,S-06,ภาคใต้,28605.58,111
2024-12-17,S-90,ภาคกลาง,53635.46,189
2024-12-18,S-01,ภาคกลาง,55723.61,289
2024-12-18,S-02,ภาคกลาง,55723.61,264
2024-12-18,S-03,ภาคอีสาน,31576.71,166
2024-12-18,S-04,ภาคอีสาน,31576.71,150
2024-12-18,S-05,ภาคเหนือ,33434.17,134
2024-12-18,S-06,ภาคใต้,29719.26,116
2024-12-18,S-90,ภาคกลาง,55723.61,278
2024-12-19,S-01,ภาคกลาง,56502.66,252
2024-12-19,S-02,ภาคกลาง,56502.66,209
2024-12-19,S-03,ภาคอีสาน,32018.17,168
2024-12-19,S-04,ภาคอีสาน,32018.17,103
2024-12-19,S-05,ภาคเหนือ,33901.59,113
2024-12-19,S-06,ภาคใต้,30134.75,103
2024-12-19,S-90,ภาคกลาง,56502.66,189
2024-12-20,S-01,ภาคกลาง,79037.9,357
2024-12-20,S-02,ภาคกลาง,79037.9,300
2024-12-20,S-03,ภาคอีสาน,44788.15,232
2024-12-20,S-04,ภาคอีสาน,44788.15,163
2024-12-20,S-05,ภาคเหนือ,47422.74,152
2024-12-20,S-06,ภาคใต้,42153.55,176
2024-12-20,S-90,ภาคกลาง,79037.9,284
2024-12-21,S-01,ภาคกลาง,99661.13,481
2024-12-21,S-02,ภาคกลาง,99661.13,442
2024-12-21,S-03,ภาคอีสาน,56474.64,221
2024-12-21,S-04,ภาคอีสาน,56474.64,227
2024-12-21,S-05,ภาคเหนือ,59796.68,280
2024-12-21,S-06,ภาคใต้,53152.6,202
2024-12-21,S-90,ภาคกลาง,99661.13,321
2024-12-22,S-01,ภาคกลาง,117170.88,446
2024-12-22,S-02,ภาคกลาง,117170.88,375
2024-12-22,S-03,ภาคอีสาน,66396.83,239
2024-12-22,S-04,ภาคอีสาน,66396.83,298
2024-12-22,S-05,ภาคเหนือ,70302.53,346
2024-12-22,S-06,ภาคใต้,62491.13,214
2024-12-22,S-90,ภาคกลาง,117170.88,441
2024-12-23,S-01,ภาคกลาง,86093.58,408
2024-12-23,S-02,ภาคกลาง,86093.58,412
2024-12-23,S-03,ภาคอีสาน,48786.36,193
2024-12-23,S-04,ภาคอีสาน,48786.36,269
2024-12-23,S-05,ภาคเหนือ,51656.15,209
2024-12-23,S-06,ภาคใต้,45916.57,153
2024-12-23,S-90,ภาคกลาง,86093.58,283
2024-12-24,S-01,ภาคกลาง,89460.62,290
2024-12-24,S-02,ภาคกลาง,89460.62,406
2024-12-24,S-03,ภาคอีสาน,50694.35,206
2024-12-24,S-04,ภาคอีสาน,50694.35,171
2024-12-24,S-05,ภาคเหนือ,53676.37,295
2024-12-24,S-06,ภาคใต้,47712.33,186
2024-12-24,S-90,ภาคกลาง,89460.62,398
2024-12-25,S-01,ภาคกลาง,90820.97,483
2024-12-25,S-02,ภาคกลาง,90820.97,367
2024-12-25,S-03,ภาคอีสาน,51465.21,222
2024-12-25,S-04,ภาคอีสาน,51465.21,163
2024-12-25,S-05,ภาคเหนือ,54492.58,183
2024-12-25,S-06,ภาคใต้,48437.85,166
2024-12-25,S-90,ภาคกลาง,90820.97,401
2024-12-26,S-01,ภาคกลาง,92844.1,319
2024-12-26,S-02,ภาคกลาง,92844.1,376
2024-12-26,S-03,ภาคอีสาน,52611.66,281
2024-12-26,S-04,ภาคอีสาน,52611.66,217
2024-12-26,S-05,ภาคเหนือ,55706.46,176
2024-12-26,S-06,ภาคใต้,49516.85,246
2024-12-26,S-90,ภาคกลาง,92844.1,353
2024-12-27,S-01,ภาคกลาง,74871.45,327
2024-12-27,S-02,ภาคกลาง,74871.45,304
2024-12-27,S-03,ภาคอีสาน,42427.15,167
2024-12-27,S-04,ภาคอีสาน,42427.15,189
2024-12-27,S-05,ภาคเหนือ,44922.87,156
2024-12-27,S-06,ภาคใต้,39931.44,126
2024-12-27,S-90,ภาคกลาง,74871.45,375
2024-12-28,S-01,ภาคกลาง,111168.34,387
2024-12-28,S-02,ภาคกลาง,111168.34,563
2024-12-28,S-03,ภาคอีสาน,62995.39,259
2024-12-28,S-04,ภาคอีสาน,62995.39,274
2024-12-28,S-05,ภาคเหนือ,66701.01,369
2024-12-28,S-06,ภาคใต้,59289.78,202
2024-12-28,S-90,ภาคกลาง,111168.34,403
2024-12-29,S-01,ภาคกลาง,105204.68,553
2024-12-29,S-02,ภาคกลาง,105204.68,521
2024-12-29,S-03,ภาคอีสาน,59615.99,202
2024-12-29,S-04,ภาคอีสาน,59615.99,225
2024-12-29,S-05,ภาคเหนือ,63122.81,227
2024-12-29,S-06,ภาคใต้,56109.16,205
2024-12-29,S-90,ภาคกลาง,105204.68,381
2024-12-30,S-01,ภาคกลาง,91496.1,375
2024-12-30,S-02,ภาคกลาง,91496.1,403
2024-12-30,S-03,ภาคอีสาน,51847.79,269
2024-12-30,S-04,ภาคอีสาน,51847.79,238
2024-12-30,S-05,ภาคเหนือ,54897.66,301
2024-12-30,S-06,ภาคใต้,48797.92,222
2024-12-30,S-90,ภาคกลาง,91496.1,488
2024-12-31,S-01,ภาคกลาง,87861.19,284
2024-12-31,S-02,ภาคกลาง,87861.19,368
2024-12-31,S-03,ภาคอีสาน,49788.01,190
2024-12-31,S-04,ภาคอีสาน,49788.01,246
2024-12-31,S-05,ภาคเหนือ,52716.71,178
2024-12-31,S-06,ภาคใต้,46859.3,213
2024-12-31,S-90,ภาคกลาง,87861.19,445
2025-01-01,S-01,ภาคกลาง,58852.66,200
2025-01-01,S-02,ภาคกลาง,58852.66,229
2025-01-01,S-03,ภาคอีสาน,33349.84,127
2025-01-01,S-04,ภาคอีสาน,33349.84,108
2025-01-01,S-05,ภาคเหนือ,35311.6,125
2025-01-01,S-06,ภาคใต้,31388.09,151
2025-01-01,S-90,ภาคกลาง,58852.66,221
2025-01-02,S-01,ภาคกลาง,56269.86,283
2025-01-02,S-02,ภาคกลาง,56269.86,296
2025-01-02,S-03,ภาคอีสาน,31886.25,171
2025-01-02,S-04,ภาคอีสาน,31886.25,139
2025-01-02,S-05,ภาคเหนือ,33761.92,178
2025-01-02,S-06,ภาคใต้,30010.59,115
2025-01-02,S-90,ภาคกลาง,56269.86,208
2025-01-03,S-01,ภาคกลาง,51494.32,246
2025-01-03,S-02,ภาคกลาง,51494.32,215
2025-01-03,S-03,ภาคอีสาน,29180.11,99
2025-01-03,S-04,ภาคอีสาน,29180.11,160
2025-01-03,S-05,ภาคเหนือ,30896.59,147
2025-01-03,S-06,ภาคใต้,27463.64,117
2025-01-03,S-90,ภาคกลาง,51494.32,224
2025-01-04,S-01,ภาคกลาง,73315.19,280
2025-01-04,S-02,ภาคกลาง,73315.19,233
2025-01-04,S-03,ภาคอีสาน,41545.27,151
2025-01-04,S-04,ภาคอีสาน,41545.27,134
2025-01-04,S-05,ภาคเหนือ,43989.11,142
2025-01-04,S-06,ภาคใต้,39101.43,216
2025-01-04,S-90,ภาคกลาง,73315.19,367
2025-01-05,S-01,ภาคกลาง,74183.17,307
2025-01-05,S-02,ภาคกลาง,74183.17,282
2025-01-05,S-03,ภาคอีสาน,42037.13,144
2025-01-05,S-04,ภาคอีสาน,42037.13,194
2025-01-05,S-05,ภาคเหนือ,44509.9,169
2025-01-05,S-06,ภาคใต้,39564.36,162
2025-01-05,S-90,ภาคกลาง,74183.17,313
2025-01-06,S-01,ภาคกลาง,49379.77,194
2025-01-06,S-02,ภาคกลาง,49379.77,235
2025-01-06,S-03,ภาคอีสาน,27981.87,89
2025-01-06,S-04,ภาคอีสาน,27981.87,110
2025-01-06,S-05,ภาคเหนือ,29627.86,117
2025-01-06,S-06,ภาคใต้,26335.88,102
2025-01-06,S-90,ภาคกลาง,49379.77,269
2025-01-07,S-01,ภาคกลาง,55828.07,176
2025-01-07,S-02,ภาคกลาง,55828.07,204
2025-01-07,S-03,ภาคอีสาน,31635.91,139
2025-01-07,S-04,ภาคอีสาน,31635.91,118
2025-01-07,S-05,ภาคเหนือ,33496.84,167
2025-01-07,S-06,ภาคใต้,29774.97,146
2025-01-07,S-90,ภาคกลาง,55828.07,272
2025-01-08,S-01,ภาคกลาง,59727.56,238
2025-01-08,S-02,ภาคกลาง,59727.56,257
2025-01-08,S-03,ภาคอีสาน,33845.61,128
2025-01-08,S-04,ภาคอีสาน,33845.61,117
2025-01-08,S-05,ภาคเหนือ,35836.53,137
2025-01-08,S-06,ภาคใต้,31854.7,112
2025-01-08,S-90,ภาคกลาง,59727.56,314
2025-01-09,S-01,ภาคกลาง,60049.05,265
2025-01-09,S-02,ภาคกลาง,60049.05,231
2025-01-09,S-03,ภาคอีสาน,34027.79,132
2025-01-09,S-04,ภาคอีสาน,34027.79,118
2025-01-09,S-05,ภาคเหนือ,36029.43,142
2025-01-09,S-06,ภาคใต้,32026.16,145
2025-01-09,S-90,ภาคกลาง,60049.05,306
2025-01-10,S-01,ภาคกลาง,51931.46,190
2025-01-10,S-02,ภาคกลาง,51931.46,248
2025-01-10,S-03,ภาคอีสาน,29427.83,108
2025-01-10,S-04,ภาคอีสาน,29427.83,128
2025-01-10,S-05,ภาคเหนือ,31158.88,98
2025-01-10,S-06,ภาคใต้,27696.78,125
2025-01-10,S-90,ภาคกลาง,51931.46,211
2025-01-11,S-01,ภาคกลาง,65204.01,294
2025-01-11,S-02,ภาคกลาง,65204.01,300
2025-01-11,S-03,ภาคอีสาน,36948.94,192
2025-01-11,S-04,ภาคอีสาน,36948.94,159
2025-01-11,S-05,ภาคเหนือ,39122.41,131
2025-01-11,S-06,ภาคใต้,34775.47,125
2025-01-11,S-90,ภาคกลาง,65204.01,312
2025-01-12,S-01,ภาคกลาง,78077.1,333
2025-01-12,S-02,ภาคกลาง,78077.1,352
2025-01-12,S-03,ภาคอีสาน,44243.69,185
2025-01-12,S-04,ภาคอีสาน,44243.69,145
2025-01-12,S-05,ภาคเหนือ,46846.26,193
2025-01-12,S-06,ภาคใต้,41641.12,132
2025-01-12,S-90,ภาคกลาง,78077.1,319
2025-01-13,S-01,ภาคกลาง,59296.18,193
2025-01-13,S-02,ภาคกลาง,59296.18,274
2025-01-13,S-03,ภาคอีสาน,33601.17,115
2025-01-13,S-04,ภาคอีสาน,33601.17,120
2025-01-13,S-05,ภาคเหนือ,35577.71,150
2025-01-13,S-06,ภาคใต้,31624.63,169
2025-01-13,S-90,ภาคกลาง,59296.18,213
2025-01-14,S-01,ภาคกลาง,53744.97,235
2025-01-14,S-02,ภาคกลาง,53744.97,233
2025-01-14,S-03,ภาคอีสาน,30455.48,153
2025-01-14,S-04,ภาคอีสาน,30455.48,115
2025-01-14,S-05,ภาคเหนือ,32246.98,163
2025-01-14,S-06,ภาคใต้,28663.98,131
2025-01-14,S-90,ภาคกลาง,53744.97,173
2025-01-15,S-01,ภาคกลาง,55453.52,281
2025-01-15,S-02,ภาคกลาง,55453.52,206
2025-01-15,S-03,ภาคอีสาน,31423.66,120
2025-01-15,S-04,ภาคอีสาน,31423.66,127
2025-01-15,S-05,ภาคเหนือ,33272.11,152
2025-01-15,S-06,ภาคใต้,29575.21,129
2025-01-15,S-90,ภาคกลาง,55453.52,244
2025-01-16,S-01,ภาคกลาง,52143.55,279
2025-01-16,S-02,ภาคกลาง,52143.55,203
2025-01-16,S-03,ภาคอีสาน,29548.01,124
2025-01-16,S-04,ภาคอีสาน,29548.01,161
2025-01-16,S-05,ภาคเหนือ,31286.13,168
2025-01-16,S-06,ภาคใต้,27809.9,136
2025-01-16,S-90,ภาคกลาง,52143.55,267
2025-01-17,S-01,ภาคกลาง,54268.33,220
2025-01-17,S-02,ภาคกลาง,54268.33,232
2025-01-17,S-03,ภาคอีสาน,30752.06,96
2025-01-17,S-04,ภาคอีสาน,30752.06,125
2025-01-17,S-05,ภาคเหนือ,32561.0,105
2025-01-17,S-06,ภาคใต้,28943.11,123
2025-01-17,S-90,ภาคกลาง,54268.33,212
2025-01-18,S-01,ภาคกลาง,71280.54,306
2025-01-18,S-02,ภาคกลาง,71280.54,278
2025-01-18,S-03,ภาคอีสาน,40392.3,181
2025-01-18,S-04,ภาคอีสาน,40392.3,166
2025-01-18,S-05,ภาคเหนือ,42768.32,237
2025-01-18,S-06,ภาคใต้,38016.29,119
2025-01-18,S-90,ภาคกลาง,71280.54,254
2025-01-19,S-01,ภาคกลาง,83898.74,348
2025-01-19,S-02,ภาคกลาง,83898.74,381
2025-01-19,S-03,ภาคอีสาน,47542.62,204
2025-01-19,S-04,ภาคอีสาน,47542.62,191
2025-01-19,S-05,ภาคเหนือ,50339.24,244
2025-01-19,S-06,ภาคใต้,44745.99,224
2025-01-19,S-90,ภาคกลาง,83898.74,340
2025-01-20,S-01,ภาคกลาง,61077.12,198
2025-01-20,S-02,ภาคกลาง,61077.12,223
2025-01-20,S-03,ภาคอีสาน,34610.37,142
2025-01-20,S-04,ภาคอีสาน,34610.37,112
2025-01-20,S-05,ภาคเหนือ,36646.27,168
2025-01-20,S-06,ภาคใต้,32574.46,162
2025-01-20,S-90,ภาคกลาง,61077.12,233
2025-01-21,S-01,ภาคกลาง,55112.82,191
2025-01-21,S-02,ภาคกลาง,55112.82,259
2025-01-21,S-03,ภาคอีสาน,31230.6,131
2025-01-21,S-04,ภาคอีสาน,31230.6,118
2025-01-21,S-05,ภาคเหนือ,33067.69,135
2025-01-21,S-06,ภาคใต้,29393.5,107
2025-01-21,S-90,ภาคกลาง,55112.82,224
2025-01-22,S-01,ภาคกลาง,51384.94,223
2025-01-22,S-02,ภาคกลาง,51384.94,260
2025-01-22,S-03,ภาคอีสาน,29118.13,92
2025-01-22,S-04,ภาคอีสาน,29118.13,121
2025-01-22,S-05,ภาคเหนือ,30830.96,145
2025-01-22,S-06,ภาคใต้,27405.3,123
2025-01-22,S-90,ภาคกลาง,51384.94,191
2025-01-23,S-01,ภาคกลาง,57010.21,188
2025-01-23,S-02,ภาคกลาง,57010.21,304
2025-01-23,S-03,ภาคอีสาน,32305.79,106
2025-01-23,S-04,ภาคอีสาน,32305.79,138
2025-01-23,S-05,ภาคเหนือ,34206.13,129
2025-01-23,S-06,ภาคใต้,30405.45,96
2025-01-23,S-90,ภาคกลาง,57010.21,182
2025-01-24,S-01,ภาคกลาง,55159.52,199
2025-01-24,S-02,ภาคกลาง,55159.52,228
2025-01-24,S-03,ภาคอีสาน,31257.06,144
2025-01-24,S-04,ภาคอีสาน,31257.06,114
2025-01-24,S-05,ภาคเหนือ,33095.71,165
2025-01-24,S-06,ภาคใต้,29418.41,95
2025-01-24,S-90,ภาคกลาง,55159.52,173
2025-01-25,S-01,ภาคกลาง,81970.17,399
2025-01-25,S-02,ภาคกลาง,81970.17,320
2025-01-25,S-03,ภาคอีสาน,46449.76,161
2025-01-25,S-04,ภาคอีสาน,46449.76,186
2025-01-25,S-05,ภาคเหนือ,49182.1,175
2025-01-25,S-06,ภาคใต้,43717.42,148
2025-01-25,S-90,ภาคกลาง,81970.17,328
2025-01-26,S-01,ภาคกลาง,69713.48,299
2025-01-26,S-02,ภาคกลาง,69713.48,363
2025-01-26,S-03,ภาคอีสาน,39504.3,169
2025-01-26,S-04,ภาคอีสาน,39504.3,139
2025-01-26,S-05,ภาคเหนือ,41828.09,141
2025-01-26,S-06,ภาคใต้,37180.52,166
2025-01-26,S-90,ภาคกลาง,69713.48,291
2025-01-27,S-01,ภาคกลาง,59077.11,185
2025-01-27,S-02,ภาคกลาง,59077.11,223
2025-01-27,S-03,ภาคอีสาน,33477.03,168
2025-01-27,S-04,ภาคอีสาน,33477.03,154
2025-01-27,S-05,ภาคเหนือ,35446.27,121
2025-01-27,S-06,ภาคใต้,31507.79,151
2025-01-27,S-90,ภาคกลาง,59077.11,297
2025-01-28,S-01,ภาคกลาง,53970.73,176
2025-01-28,S-02,ภาคกลาง,53970.73,222
2025-01-28,S-03,ภาคอีสาน,30583.41,108
2025-01-28,S-04,ภาคอีสาน,30583.41,106
2025-01-28,S-05,ภาคเหนือ,32382.44,150
2025-01-28,S-06,ภาคใต้,28784.39,130
2025-01-28,S-90,ภาคกลาง,53970.73,178
2025-01-29,S-01,ภาคกลาง,52764.28,197
2025-01-29,S-02,ภาคกลาง,52764.28,197
2025-01-29,S-03,ภาคอีสาน,29899.76,98
2025-01-29,S-04,ภาคอีสาน,29899.76,163
2025-01-29,S-05,ภาคเหนือ,31658.57,129
2025-01-29,S-06,ภาคใต้,28140.95,116
2025-01-29,S-90,ภาคกลาง,52764.28,260
2025-01-30,S-01,ภาคกลาง,65629.01,207
2025-01-30,S-02,ภาคกลาง,65629.01,234
2025-01-30,S-03,ภาคอีสาน,37189.77,124
2025-01-30,S-04,ภาคอีสาน,37189.77,145
2025-01-30,S-05,ภาคเหนือ,39377.4,175
2025-01-30,S-06,ภาคใต้,35002.14,133
2025-01-30,S-90,ภาคกลาง,65629.01,303
2025-01-31,S-01,ภาคกลาง,55316.79,286
2025-01-31,S-02,ภาคกลาง,55316.79,223
2025-01-31,S-03,ภาคอีสาน,31346.18,122
2025-01-31,S-04,ภาคอีสาน,31346.18,144
2025-01-31,S-05,ภาคเหนือ,33190.07,161
2025-01-31,S-06,ภาคใต้,29502.29,136
2025-01-31,S-90,ภาคกลาง,55316.79,294
2025-02-01,S-01,ภาคกลาง,86536.59,294
2025-02-01,S-02,ภาคกลาง,86536.59,302
2025-02-01,S-03,ภาคอีสาน,49037.4,176
2025-02-01,S-04,ภาคอีสาน,49037.4,242
2025-02-01,S-05,ภาคเหนือ,51921.95,213
2025-02-01,S-06,ภาคใต้,46152.85,189
2025-02-01,S-90,ภาคกลาง,86536.59,478
2025-02-02,S-01,ภาคกลาง,83863.53,367
2025-02-02,S-02,ภาคกลาง,83863.53,381
2025-02-02,S-03,ภาคอีสาน,47522.67,190
2025-02-02,S-04,ภาคอีสาน,47522.67,152
2025-02-02,S-05,ภาคเหนือ,50318.12,173
2025-02-02,S-06,ภาคใต้,44727.22,217
2025-02-02,S-90,ภาคกลาง,83863.53,278
2025-02-03,S-01,ภาคกลาง,61544.19,225
2025-02-03,S-02,ภาคกลาง,61544.19,240
2025-02-03,S-03,ภาคอีสาน,34875.04,128
2025-02-03,S-04,ภาคอีสาน,34875.04,178
2025-02-03,S-05,ภาคเหนือ,36926.52,198
2025-02-03,S-06,ภาคใต้,32823.57,130
2025-02-03,S-90,ภาคกลาง,61544.19,210
2025-02-04,S-01,ภาคกลาง,64288.4,254
2025-02-04,S-02,ภาคกลาง,64288.4,292
2025-02-04,S-03,ภาคอีสาน,36430.09,114
2025-02-04,S-04,ภาคอีสาน,36430.09,160
2025-02-04,S-05,ภาคเหนือ,38573.04,146
2025-02-04,S-06,ภาคใต้,34287.15,188
2025-02-04,S-90,ภาคกลาง,64288.4,259
2025-02-05,S-01,ภาคกลาง,61673.59,311
2025-02-05,S-02,ภาคกลาง,61673.59,224
2025-02-05,S-03,ภาคอีสาน,34948.37,151
2025-02-05,S-04,ภาคอีสาน,34948.37,148
2025-02-05,S-05,ภาคเหนือ,37004.16,130
2025-02-05,S-06,ภาคใต้,32892.58,131
2025-02-05,S-90,ภาคกลาง,61673.59,269
2025-02-06,S-01,ภาคกลาง,61253.87,313
2025-02-06,S-02,ภาคกลาง,61253.87,259
2025-02-06,S-03,ภาคอีสาน,34710.53,122
2025-02-06,S-04,ภาคอีสาน,34710.53,178
2025-02-06,S-05,ภาคเหนือ,36752.32,187
2025-02-06,S-06,ภาคใต้,32668.73,128
2025-02-06,S-90,ภาคกลาง,61253.87,286
2025-02-07,S-01,ภาคกลาง,68793.61,216
2025-02-07,S-02,ภาคกลาง,68793.61,323
2025-02-07,S-03,ภาคอีสาน,38983.05,216
2025-02-07,S-04,ภาคอีสาน,38983.05,192
2025-02-07,S-05,ภาคเหนือ,41276.17,131
2025-02-07,S-06,ภาคใต้,36689.93,194
2025-02-07,S-90,ภาคกลาง,68793.61,309
2025-02-08,S-01,ภาคกลาง,78852.38,260
2025-02-08,S-02,ภาคกลาง,78852.38,255
2025-02-08,S-03,ภาคอีสาน,44683.02,192
2025-02-08,S-04,ภาคอีสาน,44683.02,182
2025-02-08,S-05,ภาคเหนือ,47311.43,165
2025-02-08,S-06,ภาคใต้,42054.6,167
2025-02-08,S-90,ภาคกลาง,78852.38,373
2025-02-09,S-01,ภาคกลาง,79340.52,368
2025-02-09,S-02,ภาคกลาง,79340.52,258
2025-02-09,S-03,ภาคอีสาน,44959.63,141
2025-02-09,S-04,ภาคอีสาน,44959.63,164
2025-02-09,S-05,ภาคเหนือ,47604.31,234
2025-02-09,S-06,ภาคใต้,42314.94,135
2025-02-09,S-90,ภาคกลาง,79340.52,281
2025-02-10,S-01,ภาคกลาง,69620.07,280
2025-02-10,S-02,ภาคกลาง,69620.07,306
2025-02-10,S-03,ภาคอีสาน,39451.37,200
2025-02-10,S-04,ภาคอีสาน,39451.37,147
2025-02-10,S-05,ภาคเหนือ,41772.04,150
2025-02-10,S-06,ภาคใต้,37130.7,180
2025-02-10,S-90,ภาคกลาง,69620.07,364
2025-02-11,S-01,ภาคกลาง,59058.1,205
2025-02-11,S-02,ภาคกลาง,59058.1,219
2025-02-11,S-03,ภาคอีสาน,33466.26,163
2025-02-11,S-04,ภาคอีสาน,33466.26,185
2025-02-11,S-05,ภาคเหนือ,35434.86,131
2025-02-11,S-06,ภาคใต้,31497.66,107
2025-02-11,S-90,ภาคกลาง,59058.1,224
2025-02-12,S-01,ภาคกลาง,66757.59,221
2025-02-12,S-02,ภาคกลาง,66757.59,234
2025-02-12,S-03,ภาคอีสาน,37829.3,149
2025-02-12,S-04,ภาคอีสาน,37829.3,137
2025-02-12,S-05,ภาคเหนือ,40054.55,127
2025-02-12,S-06,ภาคใต้,35604.05,132
2025-02-12,S-90,ภาคกลาง,66757.59,244
2025-02-13,S-01,ภาคกลาง,68551.24,277
2025-02-13,S-02,ภาคกลาง,68551.24,216
2025-02-13,S-03,ภาคอีสาน,38845.7,129
2025-02-13,S-04,ภาคอีสาน,38845.7,145
2025-02-13,S-05,ภาคเหนือ,41130.74,143
2025-02-13,S-06,ภาคใต้,36560.66,137
2025-02-13,S-90,ภาคกลาง,68551.24,271
2025-02-14,S-01,ภาคกลาง,67932.31,233
2025-02-14,S-02,ภาคกลาง,67932.31,302
2025-02-14,S-03,ภาคอีสาน,38494.97,176
2025-02-14,S-04,ภาคอีสาน,38494.97,161
2025-02-14,S-05,ภาคเหนือ,40759.38,212
2025-02-14,S-06,ภาคใต้,36230.56,166
2025-02-14,S-90,ภาคกลาง,67932.31,215
2025-02-15,S-01,ภาคกลาง,78735.95,312
2025-02-15,S-02,ภาคกลาง,78735.95,379
2025-02-15,S-03,ภาคอีสาน,44617.04,140
2025-02-15,S-04,ภาคอีสาน,44617.04,217
2025-02-15,S-05,ภาคเหนือ,47241.57,227
2025-02-15,S-06,ภาคใต้,41992.51,168
2025-02-15,S-90,ภาคกลาง,78735.95,372
2025-02-16,S-01,ภาคกลาง,86136.03,422
2025-02-16,S-02,ภาคกลาง,86136.03,465
2025-02-16,S-03,ภาคอีสาน,48810.42,170
2025-02-16,S-04,ภาคอีสาน,48810.42,242
2025-02-16,S-05,ภาคเหนือ,51681.62,192
2025-02-16,S-06,ภาคใต้,45939.22,239
2025-02-16,S-90,ภาคกลาง,86136.03,346
2025-02-17,S-01,ภาคกลาง,59682.17,201
2025-02-17,S-02,ภาคกลาง,59682.17,231
2025-02-17,S-03,ภาคอีสาน,33819.9,170
2025-02-17,S-04,ภาคอีสาน,33819.9,147
2025-02-17,S-05,ภาคเหนือ,35809.3,128
2025-02-17,S-06,ภาคใต้,31830.49,156
2025-02-17,S-90,ภาคกลาง,59682.17,246
2025-02-18,S-01,ภาคกลาง,63140.9,290
2025-02-18,S-02,ภาคกลาง,63140.9,210
2025-02-18,S-03,ภาคอีสาน,35779.84,123
2025-02-18,S-04,ภาคอีสาน,35779.84,162
2025-02-18,S-05,ภาคเหนือ,37884.54,135
2025-02-18,S-06,ภาคใต้,33675.15,134
2025-02-18,S-90,ภาคกลาง,63140.9,276
2025-02-19,S-01,ภาคกลาง,71131.94,379
2025-02-19,S-02,ภาคกลาง,71131.94,340
2025-02-19,S-03,ภาคอีสาน,40308.1,193
2025-02-19,S-04,ภาคอีสาน,40308.1,201
2025-02-19,S-05,ภาคเหนือ,42679.16,143
2025-02-19,S-06,ภาคใต้,37937.03,124
2025-02-19,S-90,ภาคกลาง,71131.94,378
2025-02-20,S-01,ภาคกลาง,68265.61,269
2025-02-20,S-02,ภาคกลาง,68265.61,345
2025-02-20,S-03,ภาคอีสาน,38683.84,182
2025-02-20,S-04,ภาคอีสาน,38683.84,127
2025-02-20,S-05,ภาคเหนือ,40959.36,151
2025-02-20,S-06,ภาคใต้,36408.32,132
2025-02-20,S-90,ภาคกลาง,68265.61,247
2025-02-21,S-01,ภาคกลาง,64936.07,294
2025-02-21,S-02,ภาคกลาง,64936.07,232
2025-02-21,S-03,ภาคอีสาน,36797.11,148
2025-02-21,S-04,ภาคอีสาน,36797.11,198
2025-02-21,S-05,ภาคเหนือ,38961.64,183
2025-02-21,S-06,ภาคใต้,34632.57,175
2025-02-21,S-90,ภาคกลาง,64936.07,285
2025-02-22,S-01,ภาคกลาง,83987.9,461
2025-02-22,S-02,ภาคกลาง,83987.9,374
2025-02-22,S-03,ภาคอีสาน,47593.15,162
2025-02-22,S-04,ภาคอีสาน,47593.15,213
2025-02-22,S-05,ภาคเหนือ,50392.74,222
2025-02-22,S-06,ภาคใต้,44793.55,147
2025-02-22,S-90,ภาคกลาง,83987.9,352
2025-02-23,S-01,ภาคกลาง,78971.02,334
2025-02-23,S-02,ภาคกลาง,78971.02,265
2025-02-23,S-03,ภาคอีสาน,44750.25,148
2025-02-23,S-04,ภาคอีสาน,44750.25,246
2025-02-23,S-05,ภาคเหนือ,47382.61,188
2025-02-23,S-06,ภาคใต้,42117.88,156
2025-02-23,S-90,ภาคกลาง,78971.02,353
2025-02-24,S-01,ภาคกลาง,72949.93,309
2025-02-24,S-02,ภาคกลาง,72949.93,335
2025-02-24,S-03,ภาคอีสาน,41338.29,132
2025-02-24,S-04,ภาคอีสาน,41338.29,179
2025-02-24,S-05,ภาคเหนือ,43769.96,161
2025-02-24,S-06,ภาคใต้,38906.63,140
2025-02-24,S-90,ภาคกลาง,72949.93,311
2025-02-25,S-01,ภาคกลาง,69735.38,319
2025-02-25,S-02,ภาคกลาง,69735.38,226
2025-02-25,S-03,ภาคอีสาน,39516.71,136
2025-02-25,S-04,ภาคอีสาน,39516.71,136
2025-02-25,S-05,ภาคเหนือ,41841.23,198
2025-02-25,S-06,ภาคใต้,37192.2,118
2025-02-25,S-90,ภาคกลาง,69735.38,358
2025-02-26,S-01,ภาคกลาง,62042.15,271
2025-02-26,S-02,ภาคกลาง,62042.15,274
2025-02-26,S-03,ภาคอีสาน,35157.22,166
2025-02-26,S-04,ภาคอีสาน,35157.22,158
2025-02-26,S-05,ภาคเหนือ,37225.29,165
2025-02-26,S-06,ภาคใต้,33089.15,122
2025-02-26,S-90,ภาคกลาง,62042.15,194
2025-02-27,S-01,ภาคกลาง,61165.63,197
2025-02-27,S-02,ภาคกลาง,61165.63,226
2025-02-27,S-03,ภาคอีสาน,34660.52,150
2025-02-27,S-04,ภาคอีสาน,34660.52,156
2025-02-27,S-05,ภาคเหนือ,36699.38,116
2025-02-27,S-06,ภาคใต้,32621.67,164
2025-02-27,S-90,ภาคกลาง,61165.63,213
2025-02-28,S-01,ภาคกลาง,66695.99,226
2025-02-28,S-02,ภาคกลาง,66695.99,318
2025-02-28,S-03,ภาคอีสาน,37794.39,156
2025-02-28,S-04,ภาคอีสาน,37794.39,118
2025-02-28,S-05,ภาคเหนือ,40017.59,157
2025-02-28,S-06,ภาคใต้,35571.19,160
2025-02-28,S-90,ภาคกลาง,66695.99,252
2025-03-01,S-01,ภาคกลาง,97328.36,417
2025-03-01,S-02,ภาคกลาง,97328.36,362
2025-03-01,S-03,ภาคอีสาน,55152.74,235
2025-03-01,S-04,ภาคอีสาน,55152.74,279
2025-03-01,S-05,ภาคเหนือ,58397.02,198
2025-03-01,S-06,ภาคใต้,51908.46,258
2025-03-01,S-90,ภาคกลาง,97328.36,428
2025-03-02,S-01,ภาคกลาง,93708.98,511
2025-03-02,S-02,ภาคกลาง,93708.98,356
2025-03-02,S-03,ภาคอีสาน,53101.75,201
2025-03-02,S-04,ภาคอีสาน,53101.75,200
2025-03-02,S-05,ภาคเหนือ,56225.39,203
2025-03-02,S-06,ภาคใต้,49978.12,244
2025-03-02,S-90,ภาคกลาง,93708.98,301
2025-03-03,S-01,ภาคกลาง,74318.31,301
2025-03-03,S-02,ภาคกลาง,74318.31,295
2025-03-03,S-03,ภาคอีสาน,42113.71,171
2025-03-03,S-04,ภาคอีสาน,42113.71,191
2025-03-03,S-05,ภาคเหนือ,44590.99,200
2025-03-03,S-06,ภาคใต้,39636.43,132
2025-03-03,S-90,ภาคกลาง,74318.31,361
2025-03-04,S-01,ภาคกลาง,66440.17,271
2025-03-04,S-02,ภาคกลาง,66440.17,282
2025-03-04,S-03,ภาคอีสาน,37649.43,119
2025-03-04,S-04,ภาคอีสาน,37649.43,144
2025-03-04,S-05,ภาคเหนือ,39864.1,173
2025-03-04,S-06,ภาคใต้,35434.76,180
2025-03-04,S-90,ภาคกลาง,66440.17,229
2025-03-05,S-01,ภาคกลาง,61023.62,319
2025-03-05,S-02,ภาคกลาง,61023.62,233
2025-03-05,S-03,ภาคอีสาน,34580.05,131
2025-03-05,S-04,ภาคอีสาน,34580.05,137
2025-03-05,S-05,ภาคเหนือ,36614.17,146
2025-03-05,S-06,ภาคใต้,32545.93,130
2025-03-05,S-90,ภาคกลาง,61023.62,283
2025-03-06,S-01,ภาคกลาง,77350.89,346
2025-03-06,S-02,ภาคกลาง,77350.89,353
2025-03-06,S-03,ภาคอีสาน,43832.17,194
2025-03-06,S-04,ภาคอีสาน,43832.17,237
2025-03-06,S-05,ภาคเหนือ,46410.54,157
2025-03-06,S-06,ภาคใต้,41253.81,138
2025-03-06,S-90,ภาคกลาง,77350.89,285
2025-03-07,S-01,ภาคกลาง,64630.08,320
2025-03-07,S-02,ภาคกลาง,64630.08,314
2025-03-07,S-03,ภาคอีสาน,36623.71,166
2025-03-07,S-04,ภาคอีสาน,36623.71,178
2025-03-07,S-05,ภาคเหนือ,38778.05,173
2025-03-07,S-06,ภาคใต้,34469.38,115
2025-03-07,S-90,ภาคกลาง,64630.08,330
2025-03-08,S-01,ภาคกลาง,83973.25,267
2025-03-08,S-02,ภาคกลาง,83973.25,365
2025-03-08,S-03,ภาคอีสาน,47584.84,209
2025-03-08,S-04,ภาคอีสาน,47584.84,175
2025-03-08,S-05,ภาคเหนือ,50383.95,160
2025-03-08,S-06,ภาคใต้,44785.73,159
2025-03-08,S-90,ภาคกลาง,83973.25,382
2025-03-09,S-01,ภาคกลาง,92265.66,320
2025-03-09,S-02,ภาคกลาง,92265.66,359
2025-03-09,S-03,ภาคอีสาน,52283.87,276
2025-03-09,S-04,ภาคอีสาน,52283.87,228
2025-03-09,S-05,ภาคเหนือ,55359.4,208
2025-03-09,S-06,ภาคใต้,49208.35,173
2025-03-09,S-90,ภาคกลาง,92265.66,314
2025-03-10,S-01,ภาคกลาง,67736.02,241
2025-03-10,S-02,ภาคกลาง,67736.02,363
2025-03-10,S-03,ภาคอีสาน,38383.75,127
2025-03-10,S-04,ภาคอีสาน,38383.75,141
2025-03-10,S-05,ภาคเหนือ,40641.61,214
2025-03-10,S-06,ภาคใต้,36125.88,128
2025-03-10,S-90,ภาคกลาง,67736.02,355
2025-03-11,S-01,ภาคกลาง,79070.98,368
2025-03-11,S-02,ภาคกลาง,79070.98,265
2025-03-11,S-03,ภาคอีสาน,44806.89,199
2025-03-11,S-04,ภาคอีสาน,44806.89,160
2025-03-11,S-05,ภาคเหนือ,47442.59,159
2025-03-11,S-06,ภาคใต้,42171.19,142
2025-03-11,S-90,ภาคกลาง,79070.98,389
2025-03-12,S-01,ภาคกลาง,78179.08,276
2025-03-12,S-02,ภาคกลาง,78179.08,414
2025-03-12,S-03,ภาคอีสาน,44301.48,193
2025-03-12,S-04,ภาคอีสาน,44301.48,178
2025-03-12,S-05,ภาคเหนือ,46907.45,250
2025-03-12,S-06,ภาคใต้,41695.51,133
2025-03-12,S-90,ภาคกลาง,78179.08,373
2025-03-13,S-01,ภาคกลาง,69594.62,254
2025-03-13,S-02,ภาคกลาง,69594.62,322
2025-03-13,S-03,ภาคอีสาน,39436.95,158
2025-03-13,S-04,ภาคอีสาน,39436.95,123
2025-03-13,S-05,ภาคเหนือ,41756.77,181
2025-03-13,S-06,ภาคใต้,37117.13,125
2025-03-13,S-90,ภาคกลาง,69594.62,335
2025-03-14,S-01,ภาคกลาง,63960.9,342
2025-03-14,S-02,ภาคกลาง,63960.9,287
2025-03-14,S-03,ภาคอีสาน,36244.51,153
2025-03-14,S-04,ภาคอีสาน,36244.51,166
2025-03-14,S-05,ภาคเหนือ,38376.54,167
2025-03-14,S-06,ภาคใต้,34112.48,112
2025-03-14,S-90,ภาคกลาง,63960.9,307
2025-03-15,S-01,ภาคกลาง,86356.99,311
2025-03-15,S-02,ภาคกลาง,86356.99,303
2025-03-15,S-03,ภาคอีสาน,48935.63,167
2025-03-15,S-04,ภาคอีสาน,48935.63,183
2025-03-15,S-05,ภาคเหนือ,51814.19,166
2025-03-15,S-06,ภาคใต้,46057.06,212
2025-03-15,S-90,ภาคกลาง,86356.99,332
2025-03-16,S-01,ภาคกลาง,107907.15,418
2025-03-16,S-02,ภาคกลาง,107907.15,428
2025-03-16,S-03,ภาคอีสาน,61147.38,215
2025-03-16,S-04,ภาคอีสาน,61147.38,329
2025-03-16,S-05,ภาคเหนือ,64744.29,240
2025-03-16,S-06,ภาคใต้,57550.48,254
2025-03-16,S-90,ภาคกลาง,107907.15,396
2025-03-17,S-01,ภาคกลาง,81054.38,261
2025-03-17,S-02,ภาคกลาง,81054.38,397
2025-03-17,S-03,ภาคอีสาน,45930.82,146
2025-03-17,S-04,ภาคอีสาน,45930.82,144
2025-03-17,S-05,ภาคเหนือ,48632.63,242
2025-03-17,S-06,ภาคใต้,43229.0,174
2025-03-17,S-90,ภาคกลาง,81054.38,305
2025-03-18,S-01,ภาคกลาง,69722.72,364
2025-03-18,S-02,ภาคกลาง,69722.72,242
2025-03-18,S-03,ภาคอีสาน,39509.54,165
2025-03-18,S-04,ภาคอีสาน,39509.54,149
2025-03-18,S-05,ภาคเหนือ,41833.63,162
2025-03-18,S-06,ภาคใต้,37185.45,122
2025-03-18,S-90,ภาคกลาง,69722.72,293
2025-03-19,S-01,ภาคกลาง,67569.65,367
2025-03-19,S-02,ภาคกลาง,67569.65,225
2025-03-19,S-03,ภาคอีสาน,38289.47,150
2025-03-19,S-04,ภาคอีสาน,38289.47,165
2025-03-19,S-05,ภาคเหนือ,40541.79,158
2025-03-19,S-06,ภาคใต้,36037.15,184
2025-03-19,S-90,ภาคกลาง,67569.65,325
2025-03-20,S-01,ภาคกลาง,75690.32,264
2025-03-20,S-02,ภาคกลาง,75690.32,345
2025-03-20,S-03,ภาคอีสาน,42891.18,163
2025-03-20,S-04,ภาคอีสาน,42891.18,219
2025-03-20,S-05,ภาคเหนือ,45414.19,190
2025-03-20,S-06,ภาคใต้,40368.17,218
2025-03-20,S-90,ภาคกลาง,75690.32,354
2025-03-21,S-01,ภาคกลาง,65914.48,275
2025-03-21,S-02,ภาคกลาง,65914.48,310
2025-03-21,S-03,ภาคอีสาน,37351.54,137
2025-03-21,S-04,ภาคอีสาน,37351.54,134
2025-03-21,S-05,ภาคเหนือ,39548.69,215
2025-03-21,S-06,ภาคใต้,35154.39,144
2025-03-21,S-90,ภาคกลาง,65914.48,221
2025-03-22,S-01,ภาคกลาง,109180.13,502
2025-03-22,S-02,ภาคกลาง,109180.13,396
2025-03-22,S-03,ภาคอีสาน,61868.74,270
2025-03-22,S-04,ภาคอีสาน,61868.74,305
2025-03-22,S-05,ภาคเหนือ,65508.08,271
2025-03-22,S-06,ภาคใต้,58229.4,282
2025-03-22,S-90,ภาคกลาง,109180.13,473
2025-03-23,S-01,ภาคกลาง,100222.7,326
2025-03-23,S-02,ภาคกลาง,100222.7,371
2025-03-23,S-03,ภาคอีสาน,56792.86,274
2025-03-23,S-04,ภาคอีสาน,56792.86,210
2025-03-23,S-05,ภาคเหนือ,60133.62,233
2025-03-23,S-06,ภาคใต้,53452.11,275
2025-03-23,S-90,ภาคกลาง,100222.7,328
2025-03-24,S-01,ภาคกลาง,73730.89,392
2025-03-24,S-02,ภาคกลาง,73730.89,289
2025-03-24,S-03,ภาคอีสาน,41780.84,223
2025-03-24,S-04,ภาคอีสาน,41780.84,145
2025-03-24,S-05,ภาคเหนือ,44238.53,213
2025-03-24,S-06,ภาคใต้,39323.14,136
2025-03-24,S-90,ภาคกลาง,73730.89,314
2025-03-25,S-01,ภาคกลาง,82044.05,316
2025-03-25,S-02,ภาคกลาง,82044.05,311
2025-03-25,S-03,ภาคอีสาน,46491.63,188
2025-03-25,S-04,ภาคอีสาน,46491.63,178
2025-03-25,S-05,ภาคเหนือ,49226.43,214
2025-03-25,S-06,ภาคใต้,43756.83,169
2025-03-25,S-90,ภาคกลาง,82044.05,309
2025-03-26,S-01,ภาคกลาง,82480.94,414
2025-03-26,S-02,ภาคกลาง,82480.94,347
2025-03-26,S-03,ภาคอีสาน,46739.2,191
2025-03-26,S-04,ภาคอีสาน,46739.2,161
2025-03-26,S-05,ภาคเหนือ,49488.56,226
2025-03-26,S-06,ภาคใต้,43989.84,241
2025-03-26,S-90,ภาคกลาง,82480.94,328
2025-03-27,S-01,ภาคกลาง,68314.3,214
2025-03-27,S-02,ภาคกลาง,68314.3,298
2025-03-27,S-03,ภาคอีสาน,38711.44,174
2025-03-27,S-04,ภาคอีสาน,38711.44,176
2025-03-27,S-05,ภาคเหนือ,40988.58,133
2025-03-27,S-06,ภาคใต้,36434.29,177
2025-03-27,S-90,ภาคกลาง,68314.3,226
2025-03-28,S-01,ภาคกลาง,69412.33,268
2025-03-28,S-02,ภาคกลาง,69412.33,264
2025-03-28,S-03,ภาคอีสาน,39333.65,203
2025-03-28,S-04,ภาคอีสาน,39333.65,166
2025-03-28,S-05,ภาคเหนือ,41647.4,157
2025-03-28,S-06,ภาคใต้,37019.91,137
2025-03-28,S-90,ภาคกลาง,69412.33,254
2025-03-29,S-01,ภาคกลาง,102153.43,488
2025-03-29,S-02,ภาคกลาง,102153.43,498
2025-03-29,S-03,ภาคอีสาน,57886.94,220
2025-03-29,S-04,ภาคอีสาน,57886.94,224
2025-03-29,S-05,ภาคเหนือ,61292.06,195
2025-03-29,S-06,ภาคใต้,54481.83,243
2025-03-29,S-90,ภาคกลาง,102153.43,475
2025-03-30,S-01,ภาคกลาง,107433.21,543
2025-03-30,S-02,ภาคกลาง,107433.21,579
2025-03-30,S-03,ภาคอีสาน,60878.82,323
2025-03-30,S-04,ภาคอีสาน,60878.82,325
2025-03-30,S-05,ภาคเหนือ,64459.93,305
2025-03-30,S-06,ภาคใต้,57297.71,193
2025-03-30,S-90,ภาคกลาง,107433.21,489
2025-03-31,S-01,ภาคกลาง,79273.94,285
2025-03-31,S-02,ภาคกลาง,79273.94,259
2025-03-31,S-03,ภาคอีสาน,44921.9,141
2025-03-31,S-04,ภาคอีสาน,44921.9,195
2025-03-31,S-05,ภาคเหนือ,47564.37,159
2025-03-31,S-06,ภาคใต้,42279.44,132
2025-03-31,S-90,ภาคกลาง,79273.94,299
2025-04-01,S-01,ภาคกลาง,70679.36,330
2025-04-01,S-02,ภาคกลาง,70679.36,324
2025-04-01,S-03,ภาคอีสาน,40051.64,195
2025-04-01,S-04,ภาคอีสาน,40051.64,185
2025-04-01,S-05,ภาคเหนือ,42407.62,149
2025-04-01,S-06,ภาคใต้,37695.66,175
2025-04-01,S-90,ภาคกลาง,70679.36,351
2025-04-02,S-01,ภาคกลาง,70963.21,227
2025-04-02,S-02,ภาคกลาง,70963.21,233
2025-04-02,S-03,ภาคอีสาน,40212.49,153
2025-04-02,S-04,ภาคอีสาน,40212.49,214
2025-04-02,S-05,ภาคเหนือ,42577.93,211
2025-04-02,S-06,ภาคใต้,37847.05,120
2025-04-02,S-90,ภาคกลาง,70963.21,310
2025-04-03,S-01,ภาคกลาง,83193.83,330
2025-04-03,S-02,ภาคกลาง,83193.83,277
2025-04-03,S-03,ภาคอีสาน,47143.17,236
2025-04-03,S-04,ภาคอีสาน,47143.17,254
2025-04-03,S-05,ภาคเหนือ,49916.3,181
2025-04-03,S-06,ภาคใต้,44370.04,148
2025-04-03,S-90,ภาคกลาง,83193.83,417
2025-04-04,S-01,ภาคกลาง,76788.3,283
2025-04-04,S-02,ภาคกลาง,76788.3,332
2025-04-04,S-03,ภาคอีสาน,43513.37,158
2025-04-04,S-04,ภาคอีสาน,43513.37,169
2025-04-04,S-05,ภาคเหนือ,46072.98,223
2025-04-04,S-06,ภาคใต้,40953.76,128
2025-04-04,S-90,ภาคกลาง,76788.3,363
2025-04-05,S-01,ภาคกลาง,95918.43,365
2025-04-05,S-02,ภาคกลาง,95918.43,372
2025-04-05,S-03,ภาคอีสาน,54353.77,220
2025-04-05,S-04,ภาคอีสาน,54353.77,300
2025-04-05,S-05,ภาคเหนือ,57551.06,284
2025-04-05,S-06,ภาคใต้,51156.49,196
2025-04-05,S-90,ภาคกลาง,95918.43,300
2025-04-06,S-01,ภาคกลาง,116660.38,495
2025-04-06,S-02,ภาคกลาง,116660.38,563
2025-04-06,S-03,ภาคอีสาน,66107.55,289
2025-04-06,S-04,ภาคอีสาน,66107.55,339
2025-04-06,S-05,ภาคเหนือ,69996.23,303
2025-04-06,S-06,ภาคใต้,62218.87,294
2025-04-06,S-90,ภาคกลาง,116660.38,448
2025-04-07,S-01,ภาคกลาง,79775.15,418
2025-04-07,S-02,ภาคกลาง,79775.15,280
2025-04-07,S-03,ภาคอีสาน,45205.92,189
2025-04-07,S-04,ภาคอีสาน,45205.92,151
2025-04-07,S-05,ภาคเหนือ,47865.09,191
2025-04-07,S-06,ภาคใต้,42546.75,163
2025-04-07,S-90,ภาคกลาง,79775.15,273
2025-04-08,S-01,ภาคกลาง,70767.5,309
2025-04-08,S-02,ภาคกลาง,70767.5,255
2025-04-08,S-03,ภาคอีสาน,40101.58,150
2025-04-08,S-04,ภาคอีสาน,40101.58,136
2025-04-08,S-05,ภาคเหนือ,42460.5,150
2025-04-08,S-06,ภาคใต้,37742.66,136
2025-04-08,S-90,ภาคกลาง,70767.5,233
2025-04-09,S-01,ภาคกลาง,81478.31,389
2025-04-09,S-02,ภาคกลาง,81478.31,336
2025-04-09,S-03,ภาคอีสาน,46171.04,192
2025-04-09,S-04,ภาคอีสาน,46171.04,216
2025-04-09,S-05,ภาคเหนือ,48886.98,183
2025-04-09,S-06,ภาคใต้,43455.1,215
2025-04-09,S-90,ภาคกลาง,81478.31,254
2025-04-10,S-01,ภาคกลาง,99121.56,525
2025-04-10,S-02,ภาคกลาง,99121.56,336
2025-04-10,S-03,ภาคอีสาน,56168.88,301
2025-04-10,S-04,ภาคอีสาน,56168.88,228
2025-04-10,S-05,ภาคเหนือ,59472.94,219
2025-04-10,S-06,ภาคใต้,52864.83,181
2025-04-10,S-90,ภาคกลาง,99121.56,480
2025-04-11,S-01,ภาคกลาง,109660.81,357
2025-04-11,S-02,ภาคกลาง,109660.81,552
2025-04-11,S-03,ภาคอีสาน,62141.12,309
2025-04-11,S-04,ภาคอีสาน,62141.12,227
2025-04-11,S-05,ภาคเหนือ,65796.49,275
2025-04-11,S-06,ภาคใต้,58485.76,224
2025-04-11,S-90,ภาคกลาง,109660.81,364
2025-04-12,S-01,ภาคกลาง,139790.03,586
2025-04-12,S-02,ภาคกลาง,139790.03,589
2025-04-12,S-03,ภาคอีสาน,79214.35,411
2025-04-12,S-04,ภาคอีสาน,79214.35,272
2025-04-12,S-05,ภาคเหนือ,83874.02,424
2025-04-12,S-06,ภาคใต้,74554.69,292
2025-04-12,S-90,ภาคกลาง,139790.03,634
2025-04-13,S-01,ภาคกลาง,137134.1,530
2025-04-13,S-02,ภาคกลาง,137134.1,690
2025-04-13,S-03,ภาคอีสาน,77709.33,265
2025-04-13,S-04,ภาคอีสาน,77709.33,314
2025-04-13,S-05,ภาคเหนือ,82280.46,294
2025-04-13,S-06,ภาคใต้,73138.19,363
2025-04-13,S-90,ภาคกลาง,137134.1,502
2025-04-14,S-01,ภาคกลาง,110412.88,526
2025-04-14,S-02,ภาคกลาง,110412.88,419
2025-04-14,S-03,ภาคอีสาน,62567.3,238
2025-04-14,S-04,ภาคอีสาน,62567.3,242
2025-04-14,S-05,ภาคเหนือ,66247.73,218
2025-04-14,S-06,ภาคใต้,58886.87,217
2025-04-14,S-90,ภาคกลาง,110412.88,455
2025-04-15,S-01,ภาคกลาง,100387.91,372
2025-04-15,S-02,ภาคกลาง,100387.91,373
2025-04-15,S-03,ภาคอีสาน,56886.48,189
2025-04-15,S-04,ภาคอีสาน,56886.48,259
2025-04-15,S-05,ภาคเหนือ,60232.75,192
2025-04-15,S-06,ภาคใต้,53540.22,173
2025-04-15,S-90,ภาคกลาง,100387.91,457
2025-04-16,S-01,ภาคกลาง,120148.2,376
2025-04-16,S-02,ภาคกลาง,120148.2,490
2025-04-16,S-03,ภาคอีสาน,68083.98,330
2025-04-16,S-04,ภาคอีสาน,68083.98,265
2025-04-16,S-05,ภาคเหนือ,72088.92,345
2025-04-16,S-06,ภาคใต้,64079.04,323
2025-04-16,S-90,ภาคกลาง,120148.2,541
2025-04-17,S-01,ภาคกลาง,81567.06,363
2025-04-17,S-02,ภาคกลาง,81567.06,330
2025-04-17,S-03,ภาคอีสาน,46221.34,244
2025-04-17,S-04,ภาคอีสาน,46221.34,170
2025-04-17,S-05,ภาคเหนือ,48940.24,161
2025-04-17,S-06,ภาคใต้,43502.43,151
2025-04-17,S-90,ภาคกลาง,81567.06,326
2025-04-18,S-01,ภาคกลาง,82403.9,366
2025-04-18,S-02,ภาคกลาง,82403.9,337
2025-04-18,S-03,ภาคอีสาน,46695.54,258
2025-04-18,S-04,ภาคอีสาน,46695.54,242
2025-04-18,S-05,ภาคเหนือ,49442.34,201
2025-04-18,S-06,ภาคใต้,43948.75,209
2025-04-18,S-90,ภาคกลาง,82403.9,331
2025-04-19,S-01,ภาคกลาง,102411.26,360
2025-04-19,S-02,ภาคกลาง,102411.26,425
2025-04-19,S-03,ภาคอีสาน,58033.05,236
2025-04-19,S-04,ภาคอีสาน,58033.05,244
2025-04-19,S-05,ภาคเหนือ,61446.76,220
2025-04-19,S-06,ภาคใต้,54619.34,263
2025-04-19,S-90,ภาคกลาง,102411.26,503
2025-04-20,S-01,ภาคกลาง,106984.55,557
2025-04-20,S-02,ภาคกลาง,106984.55,388
2025-04-20,S-03,ภาคอีสาน,60624.58,204
2025-04-20,S-04,ภาคอีสาน,60624.58,200
2025-04-20,S-05,ภาคเหนือ,64190.73,203
2025-04-20,S-06,ภาคใต้,57058.43,203
2025-04-20,S-90,ภาคกลาง,106984.55,495
2025-04-21,S-01,ภาคกลาง,83996.63,367
2025-04-21,S-02,ภาคกลาง,83996.63,275
2025-04-21,S-03,ภาคอีสาน,47598.09,192
2025-04-21,S-04,ภาคอีสาน,47598.09,201
2025-04-21,S-05,ภาคเหนือ,50397.98,181
2025-04-21,S-06,ภาคใต้,44798.2,184
2025-04-21,S-90,ภาคกลาง,83996.63,307
2025-04-22,S-01,ภาคกลาง,76664.87,347
2025-04-22,S-02,ภาคกลาง,76664.87,276
2025-04-22,S-03,ภาคอีสาน,43443.42,158
2025-04-22,S-04,ภาคอีสาน,43443.42,152
2025-04-22,S-05,ภาคเหนือ,45998.92,171
2025-04-22,S-06,ภาคใต้,40887.93,190
2025-04-22,S-90,ภาคกลาง,76664.87,314
2025-04-23,S-01,ภาคกลาง,90311.43,304
2025-04-23,S-02,ภาคกลาง,90311.43,450
2025-04-23,S-03,ภาคอีสาน,51176.48,246
2025-04-23,S-04,ภาคอีสาน,51176.48,178
2025-04-23,S-05,ภาคเหนือ,54186.86,204
2025-04-23,S-06,ภาคใต้,48166.1,235
2025-04-23,S-90,ภาคกลาง,90311.43,492
2025-04-24,S-01,ภาคกลาง,83153.65,282
2025-04-24,S-02,ภาคกลาง,83153.65,332
2025-04-24,S-03,ภาคอีสาน,47120.4,152
2025-04-24,S-04,ภาคอีสาน,47120.4,166
2025-04-24,S-05,ภาคเหนือ,49892.19,230
2025-04-24,S-06,ภาคใต้,44348.61,201
2025-04-24,S-90,ภาคกลาง,83153.65,397
2025-04-25,S-01,ภาคกลาง,78815.46,329
2025-04-25,S-02,ภาคกลาง,78815.46,281
2025-04-25,S-03,ภาคอีสาน,44662.09,171
2025-04-25,S-04,ภาคอีสาน,44662.09,159
2025-04-25,S-05,ภาคเหนือ,47289.27,218
2025-04-25,S-06,ภาคใต้,42034.91,183
2025-04-25,S-90,ภาคกลาง,78815.46,277
2025-04-26,S-01,ภาคกลาง,120725.07,404
2025-04-26,S-02,ภาคกลาง,120725.07,555
2025-04-26,S-03,ภาคอีสาน,68410.87,251
2025-04-26,S-04,ภาคอีสาน,68410.87,274
2025-04-26,S-05,ภาคเหนือ,72435.04,227
2025-04-26,S-06,ภาคใต้,64386.7,297
2025-04-26,S-90,ภาคกลาง,120725.07,453
2025-04-27,S-01,ภาคกลาง,101738.79,562
2025-04-27,S-02,ภาคกลาง,101738.79,425
2025-04-27,S-03,ภาคอีสาน,57651.98,227
2025-04-27,S-04,ภาคอีสาน,57651.98,234
2025-04-27,S-05,ภาคเหนือ,61043.28,194
2025-04-27,S-06,ภาคใต้,54260.69,208
2025-04-27,S-90,ภาคกลาง,101738.79,433
2025-04-28,S-01,ภาคกลาง,87789.4,329
2025-04-28,S-02,ภาคกลาง,87789.4,355
2025-04-28,S-03,ภาคอีสาน,49747.32,165
2025-04-28,S-04,ภาคอีสาน,49747.32,215
2025-04-28,S-05,ภาคเหนือ,52673.64,187
2025-04-28,S-06,ภาคใต้,46821.01,166
2025-04-28,S-90,ภาคกลาง,87789.4,360
2025-04-29,S-01,ภาคกลาง,78880.33,271
2025-04-29,S-02,ภาคกลาง,78880.33,265
2025-04-29,S-03,ภาคอีสาน,44698.86,212
2025-04-29,S-04,ภาคอีสาน,44698.86,142
2025-04-29,S-05,ภาคเหนือ,47328.2,211
2025-04-29,S-06,ภาคใต้,42069.51,150
2025-04-29,S-90,ภาคกลาง,78880.33,281
2025-04-30,S-01,ภาคกลาง,79648.25,436
2025-04-30,S-02,ภาคกลาง,79648.25,361
2025-04-30,S-03,ภาคอีสาน,45134.01,150
2025-04-30,S-04,ภาคอีสาน,45134.01,150
2025-04-30,S-05,ภาคเหนือ,47788.95,187
2025-04-30,S-06,ภาคใต้,42479.07,140
2025-04-30,S-90,ภาคกลาง,79648.25,399
2025-05-01,S-01,ภาคกลาง,77467.23,278
2025-05-01,S-02,ภาคกลาง,77467.23,274
2025-05-01,S-03,ภาคอีสาน,43898.1,235
2025-05-01,S-04,ภาคอีสาน,43898.1,173
2025-05-01,S-05,ภาคเหนือ,46480.34,183
2025-05-01,S-06,ภาคใต้,41315.86,186
2025-05-01,S-90,ภาคกลาง,77467.23,321
2025-05-02,S-01,ภาคกลาง,81882.65,283
2025-05-02,S-02,ภาคกลาง,81882.65,419
2025-05-02,S-03,ภาคอีสาน,46400.17,256
2025-05-02,S-04,ภาคอีสาน,46400.17,199
2025-05-02,S-05,ภาคเหนือ,49129.59,159
2025-05-02,S-06,ภาคใต้,43670.75,142
2025-05-02,S-90,ภาคกลาง,81882.65,298
2025-05-03,S-01,ภาคกลาง,109185.23,453
2025-05-03,S-02,ภาคกลาง,109185.23,419
2025-05-03,S-03,ภาคอีสาน,61871.63,231
2025-05-03,S-04,ภาคอีสาน,61871.63,216
2025-05-03,S-05,ภาคเหนือ,65511.14,260
2025-05-03,S-06,ภาคใต้,58232.12,182
2025-05-03,S-90,ภาคกลาง,109185.23,395
2025-05-04,S-01,ภาคกลาง,110972.3,357
2025-05-04,S-02,ภาคกลาง,110972.3,380
2025-05-04,S-03,ภาคอีสาน,62884.3,325
2025-05-04,S-04,ภาคอีสาน,62884.3,227
2025-05-04,S-05,ภาคเหนือ,66583.38,280
2025-05-04,S-06,ภาคใต้,59185.22,186
2025-05-04,S-90,ภาคกลาง,110972.3,448
2025-05-05,S-01,ภาคกลาง,79270.73,297
2025-05-05,S-02,ภาคกลาง,79270.73,289
2025-05-05,S-03,ภาคอีสาน,44920.08,159
2025-05-05,S-04,ภาคอีสาน,44920.08,241
2025-05-05,S-05,ภาคเหนือ,47562.44,203
2025-05-05,S-06,ภาคใต้,42277.72,136
2025-05-05,S-90,ภาคกลาง,79270.73,280
2025-05-06,S-01,ภาคกลาง,77587.45,321
2025-05-06,S-02,ภาคกลาง,77587.45,404
2025-05-06,S-03,ภาคอีสาน,43966.22,199
2025-05-06,S-04,ภาคอีสาน,43966.22,225
2025-05-06,S-05,ภาคเหนือ,46552.47,168
2025-05-06,S-06,ภาคใต้,41379.98,129
2025-05-06,S-90,ภาคกลาง,77587.45,399
2025-05-07,S-01,ภาคกลาง,92733.91,311
2025-05-07,S-02,ภาคกลาง,92733.91,484
2025-05-07,S-03,ภาคอีสาน,52549.22,255
2025-05-07,S-04,ภาคอีสาน,52549.22,227
2025-05-07,S-05,ภาคเหนือ,55640.35,193
2025-05-07,S-06,ภาคใต้,49458.09,160
2025-05-07,S-90,ภาคกลาง,92733.91,513
2025-05-08,S-01,ภาคกลาง,88976.63,471
2025-05-08,S-02,ภาคกลาง,88976.63,323
2025-05-08,S-03,ภาคอีสาน,50420.09,176
2025-05-08,S-04,ภาคอีสาน,50420.09,170
2025-05-08,S-05,ภาคเหนือ,53385.98,195
2025-05-08,S-06,ภาคใต้,47454.2,171
2025-05-08,S-90,ภาคกลาง,88976.63,410
2025-05-09,S-01,ภาคกลาง,82926.68,455
2025-05-09,S-02,ภาคกลาง,82926.68,326
2025-05-09,S-03,ภาคอีสาน,46991.78,181
2025-05-09,S-04,ภาคอีสาน,46991.78,242
2025-05-09,S-05,ภาคเหนือ,49756.01,197
2025-05-09,S-06,ภาคใต้,44227.56,243
2025-05-09,S-90,ภาคกลาง,82926.68,295
2025-05-10,S-01,ภาคกลาง,109373.56,373
2025-05-10,S-02,ภาคกลาง,109373.56,422
2025-05-10,S-03,ภาคอีสาน,61978.35,246
2025-05-10,S-04,ภาคอีสาน,61978.35,249
2025-05-10,S-05,ภาคเหนือ,65624.14,345
2025-05-10,S-06,ภาคใต้,58332.57,201
2025-05-10,S-90,ภาคกลาง,109373.56,418
2025-05-11,S-01,ภาคกลาง,112640.4,489
2025-05-11,S-02,ภาคกลาง,112640.4,583
2025-05-11,S-03,ภาคอีสาน,63829.56,232
2025-05-11,S-04,ภาคอีสาน,63829.56,244
2025-05-11,S-05,ภาคเหนือ,67584.24,281
2025-05-11,S-06,ภาคใต้,60074.88,249
2025-05-11,S-90,ภาคกลาง,112640.4,371
2025-05-12,S-01,ภาคกลาง,92455.38,305
2025-05-12,S-02,ภาคกลาง,92455.38,339
2025-05-12,S-03,ภาคอีสาน,52391.38,169
2025-05-12,S-04,ภาคอีสาน,52391.38,166
2025-05-12,S-05,ภาคเหนือ,55473.23,288
2025-05-12,S-06,ภาคใต้,49309.53,227
2025-05-12,S-90,ภาคกลาง,92455.38,454
2025-05-13,S-01,ภาคกลาง,79253.58,292
2025-05-13,S-02,ภาคกลาง,79253.58,391
2025-05-13,S-03,ภาคอีสาน,44910.36,197
2025-05-13,S-04,ภาคอีสาน,44910.36,154
2025-05-13,S-05,ภาคเหนือ,47552.15,263
2025-05-13,S-06,ภาคใต้,42268.58,133
2025-05-13,S-90,ภาคกลาง,79253.58,283
2025-05-14,S-01,ภาคกลาง,90191.13,351
2025-05-14,S-02,ภาคกลาง,90191.13,390
2025-05-14,S-03,ภาคอีสาน,51108.3,208
2025-05-14,S-04,ภาคอีสาน,51108.3,177
2025-05-14,S-05,ภาคเหนือ,54114.68,229
2025-05-14,S-06,ภาคใต้,48101.93,247
2025-05-14,S-90,ภาคกลาง,90191.13,368
2025-05-15,S-01,ภาคกลาง,89094.82,301
2025-05-15,S-02,ภาคกลาง,89094.82,294
2025-05-15,S-03,ภาคอีสาน,50487.07,158
2025-05-15,S-04,ภาคอีสาน,50487.07,223
2025-05-15,S-05,ภาคเหนือ,53456.89,254
2025-05-15,S-06,ภาคใต้,47517.24,168
2025-05-15,S-90,ภาคกลาง,89094.82,303
2025-05-16,S-01,ภาคกลาง,81303.96,271
2025-05-16,S-02,ภาคกลาง,81303.96,277
2025-05-16,S-03,ภาคอีสาน,46072.25,162
2025-05-16,S-04,ภาคอีสาน,46072.25,229
2025-05-16,S-05,ภาคเหนือ,48782.38,208
2025-05-16,S-06,ภาคใต้,43362.11,183
2025-05-16,S-90,ภาคกลาง,81303.96,296
2025-05-17,S-01,ภาคกลาง,112573.82,484
2025-05-17,S-02,ภาคกลาง,112573.82,558
2025-05-17,S-03,ภาคอีสาน,63791.83,320
2025-05-17,S-04,ภาคอีสาน,63791.83,314
2025-05-17,S-05,ภาคเหนือ,67544.29,230
2025-05-17,S-06,ภาคใต้,60039.37,222
2025-05-17,S-90,ภาคกลาง,112573.82,408
2025-05-18,S-01,ภาคกลาง,111199.82,517
2025-05-18,S-02,ภาคกลาง,111199.82,427
2025-05-18,S-03,ภาคอีสาน,63013.23,251
2025-05-18,S-04,ภาคอีสาน,63013.23,214
2025-05-18,S-05,ภาคเหนือ,66719.89,212
2025-05-18,S-06,ภาคใต้,59306.57,282
2025-05-18,S-90,ภาคกลาง,111199.82,570
2025-05-19,S-01,ภาคกลาง,92584.18,333
2025-05-19,S-02,ภาคกลาง,92584.18,322
2025-05-19,S-03,ภาคอีสาน,52464.37,217
2025-05-19,S-04,ภาคอีสาน,52464.37,175
2025-05-19,S-05,ภาคเหนือ,55550.51,180
2025-05-19,S-06,ภาคใต้,49378.23,168
2025-05-19,S-90,ภาคกลาง,92584.18,480
2025-05-20,S-01,ภาคกลาง,89965.69,335
2025-05-20,S-02,ภาคกลาง,89965.69,329
2025-05-20,S-03,ภาคอีสาน,50980.56,254
2025-05-20,S-04,ภาคอีสาน,50980.56,160
2025-05-20,S-05,ภาคเหนือ,53979.41,229
2025-05-20,S-06,ภาคใต้,47981.7,175
2025-05-20,S-90,ภาคกลาง,89965.69,319
2025-05-21,S-01,ภาคกลาง,83143.51,362
2025-05-21,S-02,ภาคกลาง,83143.51,380
2025-05-21,S-03,ภาคอีสาน,47114.65,151
2025-05-21,S-04,ภาคอีสาน,47114.65,238
2025-05-21,S-05,ภาคเหนือ,49886.1,256
2025-05-21,S-06,ภาคใต้,44343.2,192
2025-05-21,S-90,ภาคกลาง,83143.51,290
2025-05-22,S-01,ภาคกลาง,80206.72,421
2025-05-22,S-02,ภาคกลาง,80206.72,258
2025-05-22,S-03,ภาคอีสาน,45450.48,159
2025-05-22,S-04,ภาคอีสาน,45450.48,236
2025-05-22,S-05,ภาคเหนือ,48124.03,179
2025-05-22,S-06,ภาคใต้,42776.92,231
2025-05-22,S-90,ภาคกลาง,80206.72,423
2025-05-23,S-01,ภาคกลาง,93625.65,312
2025-05-23,S-02,ภาคกลาง,93625.65,361
2025-05-23,S-03,ภาคอีสาน,53054.54,171
2025-05-23,S-04,ภาคอีสาน,53054.54,169
2025-05-23,S-05,ภาคเหนือ,56175.39,246
2025-05-23,S-06,ภาคใต้,49933.68,172
2025-05-23,S-90,ภาคกลาง,93625.65,333
2025-05-24,S-01,ภาคกลาง,109956.88,478
2025-05-24,S-02,ภาคกลาง,109956.88,350
2025-05-24,S-03,ภาคอีสาน,62308.9,225
2025-05-24,S-04,ภาคอีสาน,62308.9,271
2025-05-24,S-05,ภาคเหนือ,65974.13,292
2025-05-24,S-06,ภาคใต้,58643.67,257
2025-05-24,S-90,ภาคกลาง,109956.88,522
2025-05-25,S-01,ภาคกลาง,110171.94,374
2025-05-25,S-02,ภาคกลาง,110171.94,549
2025-05-25,S-03,ภาคอีสาน,62430.77,245
2025-05-25,S-04,ภาคอีสาน,62430.77,208
2025-05-25,S-05,ภาคเหนือ,66103.16,289
2025-05-25,S-06,ภาคใต้,58758.37,271
2025-05-25,S-90,ภาคกลาง,110171.94,349
2025-05-26,S-01,ภาคกลาง,82589.95,368
2025-05-26,S-02,ภาคกลาง,82589.95,287
2025-05-26,S-03,ภาคอีสาน,46800.97,148
2025-05-26,S-04,ภาคอีสาน,46800.97,158
2025-05-26,S-05,ภาคเหนือ,49553.97,247
2025-05-26,S-06,ภาคใต้,44047.97,151
2025-05-26,S-90,ภาคกลาง,82589.95,429
2025-05-27,S-01,ภาคกลาง,78646.33,344
2025-05-27,S-02,ภาคกลาง,78646.33,433
2025-05-27,S-03,ภาคอีสาน,44566.25,229
2025-05-27,S-04,ภาคอีสาน,44566.25,226
2025-05-27,S-05,ภาคเหนือ,47187.8,173
2025-05-27,S-06,ภาคใต้,41944.71,194
2025-05-27,S-90,ภาคกลาง,78646.33,308
2025-05-28,S-01,ภาคกลาง,78644.64,261
2025-05-28,S-02,ภาคกลาง,78644.64,426
2025-05-28,S-03,ภาคอีสาน,44565.3,140
2025-05-28,S-04,ภาคอีสาน,44565.3,180
2025-05-28,S-05,ภาคเหนือ,47186.78,166
2025-05-28,S-06,ภาคใต้,41943.81,213
2025-05-28,S-90,ภาคกลาง,78644.64,316
2025-05-29,S-01,ภาคกลาง,88791.76,381
2025-05-29,S-02,ภาคกลาง,88791.76,337
2025-05-29,S-03,ภาคอีสาน,50315.33,223
2025-05-29,S-04,ภาคอีสาน,50315.33,162
2025-05-29,S-05,ภาคเหนือ,53275.05,249
2025-05-29,S-06,ภาคใต้,47355.6,180
2025-05-29,S-90,ภาคกลาง,88791.76,322
2025-05-30,S-01,ภาคกลาง,94933.6,346
2025-05-30,S-02,ภาคกลาง,94933.6,463
2025-05-30,S-03,ภาคอีสาน,53795.7,210
2025-05-30,S-04,ภาคอีสาน,53795.7,228
2025-05-30,S-05,ภาคเหนือ,56960.16,249
2025-05-30,S-06,ภาคใต้,50631.25,252
2025-05-30,S-90,ภาคกลาง,94933.6,407
2025-05-31,S-01,ภาคกลาง,110027.41,474
2025-05-31,S-02,ภาคกลาง,110027.41,402
2025-05-31,S-03,ภาคอีสาน,62348.87,289
2025-05-31,S-04,ภาคอีสาน,62348.87,227
2025-05-31,S-05,ภาคเหนือ,66016.45,341
2025-05-31,S-06,ภาคใต้,58681.29,191
2025-05-31,S-90,ภาคกลาง,110027.41,373
2025-06-01,S-01,ภาคกลาง,107420.94,375
2025-06-01,S-02,ภาคกลาง,107420.94,500
2025-06-01,S-03,ภาคอีสาน,60871.86,280
2025-06-01,S-04,ภาคอีสาน,60871.86,227
2025-06-01,S-05,ภาคเหนือ,64452.56,231
2025-06-01,S-06,ภาคใต้,57291.17,184
2025-06-01,S-90,ภาคกลาง,107420.94,368
2025-06-02,S-01,ภาคกลาง,88235.35,362
2025-06-02,S-02,ภาคกลาง,88235.35,351
2025-06-02,S-03,ภาคอีสาน,50000.03,201
2025-06-02,S-04,ภาคอีสาน,50000.03,244
2025-06-02,S-05,ภาคเหนือ,52941.21,191
2025-06-02,S-06,ภาคใต้,47058.85,232
2025-06-02,S-90,ภาคกลาง,88235.35,442
2025-06-03,S-01,ภาคกลาง,83380.19,313
2025-06-03,S-02,ภาคกลาง,83380.19,272
2025-06-03,S-03,ภาคอีสาน,47248.77,229
2025-06-03,S-04,ภาคอีสาน,47248.77,199
2025-06-03,S-05,ภาคเหนือ,50028.11,218
2025-06-03,S-06,ภาคใต้,44469.43,216
2025-06-03,S-90,ภาคกลาง,83380.19,276
2025-06-04,S-01,ภาคกลาง,76648.68,254
2025-06-04,S-02,ภาคกลาง,76648.68,378
2025-06-04,S-03,ภาคอีสาน,43434.25,229
2025-06-04,S-04,ภาคอีสาน,43434.25,197
2025-06-04,S-05,ภาคเหนือ,45989.21,182
2025-06-04,S-06,ภาคใต้,40879.29,144
2025-06-04,S-90,ภาคกลาง,76648.68,401
2025-06-05,S-01,ภาคกลาง,80638.44,427
2025-06-05,S-02,ภาคกลาง,80638.44,446
2025-06-05,S-03,ภาคอีสาน,45695.12,215
2025-06-05,S-04,ภาคอีสาน,45695.12,174
2025-06-05,S-05,ภาคเหนือ,48383.06,253
2025-06-05,S-06,ภาคใต้,43007.17,225
2025-06-05,S-90,ภาคกลาง,80638.44,440
2025-06-06,S-01,ภาคกลาง,93973.83,367
2025-06-06,S-02,ภาคกลาง,93973.83,295
2025-06-06,S-03,ภาคอีสาน,53251.84,288
2025-06-06,S-04,ภาคอีสาน,53251.84,269
2025-06-06,S-05,ภาคเหนือ,56384.3,252
2025-06-06,S-06,ภาคใต้,50119.38,184
2025-06-06,S-90,ภาคกลาง,93973.83,318
2025-06-07,S-01,ภาคกลาง,114068.8,524
2025-06-07,S-02,ภาคกลาง,114068.8,582
2025-06-07,S-03,ภาคอีสาน,64638.99,208
2025-06-07,S-04,ภาคอีสาน,64638.99,306
2025-06-07,S-05,ภาคเหนือ,68441.28,309
2025-06-07,S-06,ภาคใต้,60836.69,281
2025-06-07,S-90,ภาคกลาง,114068.8,547
2025-06-08,S-01,ภาคกลาง,104236.55,392
2025-06-08,S-02,ภาคกลาง,104236.55,485
2025-06-08,S-03,ภาคอีสาน,59067.38,217
2025-06-08,S-04,ภาคอีสาน,59067.38,264
2025-06-08,S-05,ภาคเหนือ,62541.93,216
2025-06-08,S-06,ภาคใต้,55592.83,200
2025-06-08,S-90,ภาคกลาง,104236.55,500
2025-06-09,S-01,ภาคกลาง,94769.56,420
2025-06-09,S-02,ภาคกลาง,94769.56,324
2025-06-09,S-03,ภาคอีสาน,53702.75,207
2025-06-09,S-04,ภาคอีสาน,53702.75,176
2025-06-09,S-05,ภาคเหนือ,56861.74,255
2025-06-09,S-06,ภาคใต้,50543.77,280
2025-06-09,S-90,ภาคกลาง,94769.56,314
2025-06-10,S-01,ภาคกลาง,90210.75,294
2025-06-10,S-02,ภาคกลาง,90210.75,326
2025-06-10,S-03,ภาคอีสาน,51119.43,234
2025-06-10,S-04,ภาคอีสาน,51119.43,196
2025-06-10,S-05,ภาคเหนือ,54126.45,283
2025-06-10,S-06,ภาคใต้,48112.4,210
2025-06-10,S-90,ภาคกลาง,90210.75,320
2025-06-11,S-01,ภาคกลาง,84783.05,287
2025-06-11,S-02,ภาคกลาง,84783.05,382
2025-06-11,S-03,ภาคอีสาน,48043.73,163
2025-06-11,S-04,ภาคอีสาน,48043.73,151
2025-06-11,S-05,ภาคเหนือ,50869.83,181
2025-06-11,S-06,ภาคใต้,45217.62,169
2025-06-11,S-90,ภาคกลาง,84783.05,397
2025-06-12,S-01,ภาคกลาง,87706.81,275
2025-06-12,S-02,ภาคกลาง,87706.81,277
2025-06-12,S-03,ภาคอีสาน,49700.52,238
2025-06-12,S-04,ภาคอีสาน,49700.52,195
2025-06-12,S-05,ภาคเหนือ,52624.08,248
2025-06-12,S-06,ภาคใต้,46776.96,186
2025-06-12,S-90,ภาคกลาง,87706.81,350
2025-06-13,S-01,ภาคกลาง,84056.54,355
2025-06-13,S-02,ภาคกลาง,84056.54,311
2025-06-13,S-03,ภาคอีสาน,47632.04,156
2025-06-13,S-04,ภาคอีสาน,47632.04,175
2025-06-13,S-05,ภาคเหนือ,50433.93,192
2025-06-13,S-06,ภาคใต้,44830.16,215
2025-06-13,S-90,ภาคกลาง,84056.54,455
2025-06-14,S-01,ภาคกลาง,120201.98,459
2025-06-14,S-02,ภาคกลาง,120201.98,397
2025-06-14,S-03,ภาคอีสาน,68114.45,377
2025-06-14,S-04,ภาคอีสาน,68114.45,294
2025-06-14,S-05,ภาคเหนือ,72121.19,235
2025-06-14,S-06,ภาคใต้,64107.72,266
2025-06-14,S-90,ภาคกลาง,120201.98,416
2025-06-15,S-01,ภาคกลาง,118313.37,570
2025-06-15,S-02,ภาคกลาง,118313.37,426
2025-06-15,S-03,ภาคอีสาน,67044.24,280
2025-06-15,S-04,ภาคอีสาน,67044.24,245
2025-06-15,S-05,ภาคเหนือ,70988.02,382
2025-06-15,S-06,ภาคใต้,63100.46,343
2025-06-15,S-90,ภาคกลาง,118313.37,442
2025-06-16,S-01,ภาคกลาง,88298.03,303
2025-06-16,S-02,ภาคกลาง,88298.03,354
2025-06-16,S-03,ภาคอีสาน,50035.55,241
2025-06-16,S-04,ภาคอีสาน,50035.55,187
2025-06-16,S-05,ภาคเหนือ,52978.82,180
2025-06-16,S-06,ภาคใต้,47092.29,157
2025-06-16,S-90,ภาคกลาง,88298.03,307
2025-06-17,S-01,ภาคกลาง,95173.98,443
2025-06-17,S-02,ภาคกลาง,95173.98,412
2025-06-17,S-03,ภาคอีสาน,53931.92,285
2025-06-17,S-04,ภาคอีสาน,53931.92,182
2025-06-17,S-05,ภาคเหนือ,57104.39,313
2025-06-17,S-06,ภาคใต้,50759.45,179
2025-06-17,S-90,ภาคกลาง,95173.98,371
2025-06-18,S-01,ภาคกลาง,89454.43,467
2025-06-18,S-02,ภาคกลาง,89454.43,337
2025-06-18,S-03,ภาคอีสาน,50690.84,189
2025-06-18,S-04,ภาคอีสาน,50690.84,222
2025-06-18,S-05,ภาคเหนือ,53672.66,204
2025-06-18,S-06,ภาคใต้,47709.03,168
2025-06-18,S-90,ภาคกลาง,89454.43,401
2025-06-19,S-01,ภาคกลาง,86858.91,300
2025-06-19,S-02,ภาคกลาง,86858.91,308
2025-06-19,S-03,ภาคอีสาน,49220.05,228
2025-06-19,S-04,ภาคอีสาน,49220.05,269
2025-06-19,S-05,ภาคเหนือ,52115.35,180
2025-06-19,S-06,ภาคใต้,46324.75,204
2025-06-19,S-90,ภาคกลาง,86858.91,339
2025-06-20,S-01,ภาคกลาง,85970.52,359
2025-06-20,S-02,ภาคกลาง,85970.52,303
2025-06-20,S-03,ภาคอีสาน,48716.63,157
2025-06-20,S-04,ภาคอีสาน,48716.63,261
2025-06-20,S-05,ภาคเหนือ,51582.31,169
2025-06-20,S-06,ภาคใต้,45850.95,207
2025-06-20,S-90,ภาคกลาง,85970.52,338
2025-06-21,S-01,ภาคกลาง,127321.61,623
2025-06-21,S-02,ภาคกลาง,127321.61,572
2025-06-21,S-03,ภาคอีสาน,72148.91,303
2025-06-21,S-04,ภาคอีสาน,72148.91,253
2025-06-21,S-05,ภาคเหนือ,76392.97,293
2025-06-21,S-06,ภาคใต้,67904.86,243
2025-06-21,S-90,ภาคกลาง,127321.61,423
2025-06-22,S-01,ภาคกลาง,125498.33,608
2025-06-22,S-02,ภาคกลาง,125498.33,600
2025-06-22,S-03,ภาคอีสาน,71115.72,323
2025-06-22,S-04,ภาคอีสาน,71115.72,248
2025-06-22,S-05,ภาคเหนือ,75299.0,286
2025-06-22,S-06,ภาคใต้,66932.44,277
2025-06-22,S-90,ภาคกลาง,125498.33,397
2025-06-23,S-01,ภาคกลาง,76516.63,270
2025-06-23,S-02,ภาคกลาง,76516.63,289
2025-06-23,S-03,ภาคอีสาน,43359.42,196
2025-06-23,S-04,ภาคอีสาน,43359.42,139
2025-06-23,S-05,ภาคเหนือ,45909.98,211
2025-06-23,S-06,ภาคใต้,40808.87,213
2025-06-23,S-90,ภาคกลาง,76516.63,248
2025-06-24,S-01,ภาคกลาง,78205.98,290
2025-06-24,S-02,ภาคกลาง,78205.98,247
2025-06-24,S-03,ภาคอีสาน,44316.72,226
2025-06-24,S-04,ภาคอีสาน,44316.72,206
2025-06-24,S-05,ภาคเหนือ,46923.59,175
2025-06-24,S-06,ภาคใต้,41709.86,225
2025-06-24,S-90,ภาคกลาง,78205.98,366
2025-06-25,S-01,ภาคกลาง,82762.39,259
2025-06-25,S-02,ภาคกลาง,82762.39,296
2025-06-25,S-03,ภาคอีสาน,46898.69,232
2025-06-25,S-04,ภาคอีสาน,46898.69,195
2025-06-25,S-05,ภาคเหนือ,49657.44,169
2025-06-25,S-06,ภาคใต้,44139.94,172
2025-06-25,S-90,ภาคกลาง,82762.39,292
2025-06-26,S-01,ภาคกลาง,88356.12,457
2025-06-26,S-02,ภาคกลาง,88356.12,423
2025-06-26,S-03,ภาคอีสาน,50068.47,232
2025-06-26,S-04,ภาคอีสาน,50068.47,196
2025-06-26,S-05,ภาคเหนือ,53013.67,182
2025-06-26,S-06,ภาคใต้,47123.26,204
2025-06-26,S-90,ภาคกลาง,88356.12,447
2025-06-27,S-01,ภาคกลาง,94535.27,459
2025-06-27,S-02,ภาคกลาง,94535.27,432
2025-06-27,S-03,ภาคอีสาน,53569.99,288
2025-06-27,S-04,ภาคอีสาน,53569.99,212
2025-06-27,S-05,ภาคเหนือ,56721.16,192
2025-06-27,S-06,ภาคใต้,50418.81,238
2025-06-27,S-90,ภาคกลาง,94535.27,334
2025-06-28,S-01,ภาคกลาง,108310.25,363
2025-06-28,S-02,ภาคกลาง,108310.25,542
2025-06-28,S-03,ภาคอีสาน,61375.81,289
2025-06-28,S-04,ภาคอีสาน,61375.81,198
2025-06-28,S-05,ภาคเหนือ,64986.15,348
2025-06-28,S-06,ภาคใต้,57765.47,191
2025-06-28,S-90,ภาคกลาง,108310.25,367
2025-06-29,S-01,ภาคกลาง,101158.19,317
2025-06-29,S-02,ภาคกลาง,101158.19,379
2025-06-29,S-03,ภาคอีสาน,57322.97,183
2025-06-29,S-04,ภาคอีสาน,57322.97,248
2025-06-29,S-05,ภาคเหนือ,60694.91,205
2025-06-29,S-06,ภาคใต้,53951.04,294
2025-06-29,S-90,ภาคกลาง,101158.19,336
2025-06-30,S-01,ภาคกลาง,93710.51,322
2025-06-30,S-02,ภาคกลาง,93710.51,452
2025-06-30,S-03,ภาคอีสาน,53102.62,279
2025-06-30,S-04,ภาคอีสาน,53102.62,226
2025-06-30,S-05,ภาคเหนือ,56226.31,255
2025-06-30,S-06,ภาคใต้,49978.94,193
2025-06-30,S-90,ภาคกลาง,93710.51,484
2025-07-01,S-01,ภาคกลาง,90804.36,381
2025-07-01,S-02,ภาคกลาง,90804.36,494
2025-07-01,S-03,ภาคอีสาน,51455.8,202
2025-07-01,S-04,ภาคอีสาน,51455.8,214
2025-07-01,S-05,ภาคเหนือ,54482.62,192
2025-07-01,S-06,ภาคใต้,48428.99,189
2025-07-01,S-90,ภาคกลาง,90804.36,317
2025-07-02,S-01,ภาคกลาง,89875.99,335
2025-07-02,S-02,ภาคกลาง,89875.99,323
2025-07-02,S-03,ภาคอีสาน,50929.73,242
2025-07-02,S-04,ภาคอีสาน,50929.73,196
2025-07-02,S-05,ภาคเหนือ,53925.6,195
2025-07-02,S-06,ภาคใต้,47933.86,180
2025-07-02,S-90,ภาคกลาง,89875.99,465
2025-07-03,S-01,ภาคกลาง,78654.06,368
2025-07-03,S-02,ภาคกลาง,78654.06,325
2025-07-03,S-03,ภาคอีสาน,44570.64,159
2025-07-03,S-04,ภาคอีสาน,44570.64,231
2025-07-03,S-05,ภาคเหนือ,47192.44,166
2025-07-03,S-06,ภาคใต้,41948.83,188
2025-07-03,S-90,ภาคกลาง,78654.06,264
2025-07-04,S-01,ภาคกลาง,77524.46,330
2025-07-04,S-02,ภาคกลาง,77524.46,409
2025-07-04,S-03,ภาคอีสาน,43930.52,228
2025-07-04,S-04,ภาคอีสาน,43930.52,180
2025-07-04,S-05,ภาคเหนือ,46514.67,206
2025-07-04,S-06,ภาคใต้,41346.38,187
2025-07-04,S-90,ภาคกลาง,77524.46,264
2025-07-05,S-01,ภาคกลาง,111568.7,461
2025-07-05,S-02,ภาคกลาง,111568.7,532
2025-07-05,S-03,ภาคอีสาน,63222.27,302
2025-07-05,S-04,ภาคอีสาน,63222.27,262
2025-07-05,S-05,ภาคเหนือ,66941.22,359
2025-07-05,S-06,ภาคใต้,59503.31,290
2025-07-05,S-90,ภาคกลาง,111568.7,436
2025-07-06,S-01,ภาคกลาง,124730.65,432
2025-07-06,S-02,ภาคกลาง,124730.65,424
2025-07-06,S-03,ภาคอีสาน,70680.7,248
2025-07-06,S-04,ภาคอีสาน,70680.7,223
2025-07-06,S-05,ภาคเหนือ,74838.39,361
2025-07-06,S-06,ภาคใต้,66523.01,224
2025-07-06,S-90,ภาคกลาง,124730.65,577
2025-07-07,S-01,ภาคกลาง,87120.31,302
2025-07-07,S-02,ภาคกลาง,87120.31,298
2025-07-07,S-03,ภาคอีสาน,49368.17,265
2025-07-07,S-04,ภาคอีสาน,49368.17,219
2025-07-07,S-05,ภาคเหนือ,52272.18,284
2025-07-07,S-06,ภาคใต้,46464.16,177
2025-07-07,S-90,ภาคกลาง,87120.31,365
2025-07-08,S-01,ภาคกลาง,88793.3,473
2025-07-08,S-02,ภาคกลาง,88793.3,450
2025-07-08,S-03,ภาคอีสาน,50316.2,242
2025-07-08,S-04,ภาคอีสาน,50316.2,251
2025-07-08,S-05,ภาคเหนือ,53275.98,223
2025-07-08,S-06,ภาคใต้,47356.43,168
2025-07-08,S-90,ภาคกลาง,88793.3,316
2025-07-09,S-01,ภาคกลาง,86807.43,356
2025-07-09,S-02,ภาคกลาง,86807.43,428
2025-07-09,S-03,ภาคอีสาน,49190.88,156
2025-07-09,S-04,ภาคอีสาน,49190.88,155
2025-07-09,S-05,ภาคเหนือ,52084.46,165
2025-07-09,S-06,ภาคใต้,46297.29,226
2025-07-09,S-90,ภาคกลาง,86807.43,429
2025-07-10,S-01,ภาคกลาง,91171.79,400
2025-07-10,S-02,ภาคกลาง,91171.79,422
2025-07-10,S-03,ภาคอีสาน,51664.02,163
2025-07-10,S-04,ภาคอีสาน,51664.02,168
2025-07-10,S-05,ภาคเหนือ,54703.07,203
2025-07-10,S-06,ภาคใต้,48624.96,240
2025-07-10,S-90,ภาคกลาง,91171.79,302
2025-07-11,S-01,ภาคกลาง,77817.76,299
2025-07-11,S-02,ภาคกลาง,77817.76,325
2025-07-11,S-03,ภาคอีสาน,44096.73,207
2025-07-11,S-04,ภาคอีสาน,44096.73,159
2025-07-11,S-05,ภาคเหนือ,46690.66,151
2025-07-11,S-06,ภาคใต้,41502.81,150
2025-07-11,S-90,ภาคกลาง,77817.76,406
2025-07-12,S-01,ภาคกลาง,108125.55,351
2025-07-12,S-02,ภาคกลาง,108125.55,373
2025-07-12,S-03,ภาคอีสาน,61271.14,242
2025-07-12,S-04,ภาคอีสาน,61271.14,262
2025-07-12,S-05,ภาคเหนือ,64875.33,340
2025-07-12,S-06,ภาคใต้,57666.96,270
2025-07-12,S-90,ภาคกลาง,108125.55,487
2025-07-13,S-01,ภาคกลาง,113583.19,431
2025-07-13,S-02,ภาคกลาง,113583.19,362
2025-07-13,S-03,ภาคอีสาน,64363.81,217
2025-07-13,S-04,ภาคอีสาน,64363.81,238
2025-07-13,S-05,ภาคเหนือ,68149.92,243
2025-07-13,S-06,ภาคใต้,60577.7,192
2025-07-13,S-90,ภาคกลาง,113583.19,538
2025-07-14,S-01,ภาคกลาง,73887.79,232
2025-07-14,S-02,ภาคกลาง,73887.79,360
2025-07-14,S-03,ภาคอีสาน,41869.75,143
2025-07-14,S-04,ภาคอีสาน,41869.75,228
2025-07-14,S-05,ภาคเหนือ,44332.67,236
2025-07-14,S-06,ภาคใต้,39406.82,136
2025-07-14,S-90,ภาคกลาง,73887.79,231
2025-07-15,S-01,ภาคกลาง,91184.36,289
2025-07-15,S-02,ภาคกลาง,91184.36,293
2025-07-15,S-03,ภาคอีสาน,51671.13,198
2025-07-15,S-04,ภาคอีสาน,51671.13,245
2025-07-15,S-05,ภาคเหนือ,54710.61,187
2025-07-15,S-06,ภาคใต้,48631.66,164
2025-07-15,S-90,ภาคกลาง,91184.36,292
2025-07-16,S-01,ภาคกลาง,91076.95,298
2025-07-16,S-02,ภาคกลาง,91076.95,397
2025-07-16,S-03,ภาคอีสาน,51610.27,210
2025-07-16,S-04,ภาคอีสาน,51610.27,182
2025-07-16,S-05,ภาคเหนือ,54646.17,226
2025-07-16,S-06,ภาคใต้,48574.37,171
2025-07-16,S-90,ภาคกลาง,91076.95,301
2025-07-17,S-01,ภาคกลาง,77679.45,374
2025-07-17,S-02,ภาคกลาง,77679.45,336
2025-07-17,S-03,ภาคอีสาน,44018.35,150
2025-07-17,S-04,ภาคอีสาน,44018.35,224
2025-07-17,S-05,ภาคเหนือ,46607.67,159
2025-07-17,S-06,ภาคใต้,41429.04,148
2025-07-17,S-90,ภาคกลาง,77679.45,332
2025-07-18,S-01,ภาคกลาง,84267.07,418
2025-07-18,S-02,ภาคกลาง,84267.07,288
2025-07-18,S-03,ภาคอีสาน,47751.34,173
2025-07-18,S-04,ภาคอีสาน,47751.34,183
2025-07-18,S-05,ภาคเหนือ,50560.24,206
2025-07-18,S-06,ภาคใต้,44942.44,174
2025-07-18,S-90,ภาคกลาง,84267.07,325
2025-07-19,S-01,ภาคกลาง,111514.57,478
2025-07-19,S-02,ภาคกลาง,111514.57,526
2025-07-19,S-03,ภาคอีสาน,63191.59,282
2025-07-19,S-04,ภาคอีสาน,63191.59,221
2025-07-19,S-05,ภาคเหนือ,66908.74,269
2025-07-19,S-06,ภาคใต้,59474.44,241
2025-07-19,S-90,ภาคกลาง,111514.57,431
2025-07-20,S-01,ภาคกลาง,98736.54,362
2025-07-20,S-02,ภาคกลาง,98736.54,489
2025-07-20,S-03,ภาคอีสาน,55950.71,178
2025-07-20,S-04,ภาคอีสาน,55950.71,308
2025-07-20,S-05,ภาคเหนือ,59241.92,266
2025-07-20,S-06,ภาคใต้,52659.49,261
2025-07-20,S-90,ภาคกลาง,98736.54,366
2025-07-21,S-01,ภาคกลาง,72296.35,265
2025-07-21,S-02,ภาคกลาง,72296.35,265
2025-07-21,S-03,ภาคอีสาน,40967.93,166
2025-07-21,S-04,ภาคอีสาน,40967.93,158
2025-07-21,S-05,ภาคเหนือ,43377.81,179
2025-07-21,S-06,ภาคใต้,38558.05,127
2025-07-21,S-90,ภาคกลาง,72296.35,318
2025-07-22,S-01,ภาคกลาง,81938.61,274
2025-07-22,S-02,ภาคกลาง,81938.61,363
2025-07-22,S-03,ภาคอีสาน,46431.88,150
2025-07-22,S-04,ภาคอีสาน,46431.88,181
2025-07-22,S-05,ภาคเหนือ,49163.16,188
2025-07-22,S-06,ภาคใต้,43700.59,170
2025-07-22,S-90,ภาคกลาง,81938.61,363
2025-07-23,S-01,ภาคกลาง,89297.6,426
2025-07-23,S-02,ภาคกลาง,89297.6,451
2025-07-23,S-03,ภาคอีสาน,50601.97,175
2025-07-23,S-04,ภาคอีสาน,50601.97,209
2025-07-23,S-05,ภาคเหนือ,53578.56,184
2025-07-23,S-06,ภาคใต้,47625.39,223
2025-07-23,S-90,ภาคกลาง,89297.6,464
2025-07-24,S-01,ภาคกลาง,77872.82,337
2025-07-24,S-02,ภาคกลาง,77872.82,378
2025-07-24,S-03,ภาคอีสาน,44127.93,144
2025-07-24,S-04,ภาคอีสาน,44127.93,211
2025-07-24,S-05,ภาคเหนือ,46723.69,150
2025-07-24,S-06,ภาคใต้,41532.17,135
2025-07-24,S-90,ภาคกลาง,77872.82,355
2025-07-25,S-01,ภาคกลาง,81950.38,442
2025-07-25,S-02,ภาคกลาง,81950.38,265
2025-07-25,S-03,ภาคอีสาน,46438.55,164
2025-07-25,S-04,ภาคอีสาน,46438.55,152
2025-07-25,S-05,ภาคเหนือ,49170.23,234
2025-07-25,S-06,ภาคใต้,43706.87,218
2025-07-25,S-90,ภาคกลาง,81950.38,385
2025-07-26,S-01,ภาคกลาง,99401.27,420
2025-07-26,S-02,ภาคกลาง,99401.27,379
2025-07-26,S-03,ภาคอีสาน,56327.39,199
2025-07-26,S-04,ภาคอีสาน,56327.39,276
2025-07-26,S-05,ภาคเหนือ,59640.76,282
2025-07-26,S-06,ภาคใต้,53014.01,170
2025-07-26,S-90,ภาคกลาง,99401.27,490
2025-07-27,S-01,ภาคกลาง,111641.66,489
2025-07-27,S-02,ภาคกลาง,111641.66,475
2025-07-27,S-03,ภาคอีสาน,63263.61,220
2025-07-27,S-04,ภาคอีสาน,63263.61,296
2025-07-27,S-05,ภาคเหนือ,66985.0,220
2025-07-27,S-06,ภาคใต้,59542.22,188
2025-07-27,S-90,ภาคกลาง,111641.66,481
2025-07-28,S-01,ภาคกลาง,83535.6,388
2025-07-28,S-02,ภาคกลาง,83535.6,362
2025-07-28,S-03,ภาคอีสาน,47336.84,221
2025-07-28,S-04,ภาคอีสาน,47336.84,173
2025-07-28,S-05,ภาคเหนือ,50121.36,246
2025-07-28,S-06,ภาคใต้,44552.32,203
2025-07-28,S-90,ภาคกลาง,83535.6,281
2025-07-29,S-01,ภาคกลาง,73550.66,293
2025-07-29,S-02,ภาคกลาง,73550.66,237
2025-07-29,S-03,ภาคอีสาน,41678.71,173
2025-07-29,S-04,ภาคอีสาน,41678.71,209
2025-07-29,S-05,ภาคเหนือ,44130.4,142
2025-07-29,S-06,ภาคใต้,39227.02,154
2025-07-29,S-90,ภาคกลาง,73550.66,299
2025-07-30,S-01,ภาคกลาง,76125.83,402
2025-07-30,S-02,ภาคกลาง,76125.83,309
2025-07-30,S-03,ภาคอีสาน,43137.97,167
2025-07-30,S-04,ภาคอีสาน,43137.97,147
2025-07-30,S-05,ภาคเหนือ,45675.5,151
2025-07-30,S-06,ภาคใต้,40600.44,190
2025-07-30,S-90,ภาคกลาง,76125.83,406
2025-07-31,S-01,ภาคกลาง,79409.79,315
2025-07-31,S-02,ภาคกลาง,79409.79,288
2025-07-31,S-03,ภาคอีสาน,44998.88,148
2025-07-31,S-04,ภาคอีสาน,44998.88,197
2025-07-31,S-05,ภาคเหนือ,47645.87,250
2025-07-31,S-06,ภาคใต้,42351.89,134
2025-07-31,S-90,ภาคกลาง,79409.79,415
2025-08-01,S-01,ภาคกลาง,83475.82,336
2025-08-01,S-02,ภาคกลาง,83475.82,335
2025-08-01,S-03,ภาคอีสาน,47302.96,242
2025-08-01,S-04,ภาคอีสาน,47302.96,181
2025-08-01,S-05,ภาคเหนือ,50085.49,191
2025-08-01,S-06,ภาคใต้,44520.44,141
2025-08-01,S-90,ภาคกลาง,83475.82,385
2025-08-02,S-01,ภาคกลาง,107786.56,464
2025-08-02,S-02,ภาคกลาง,107786.56,375
2025-08-02,S-03,ภาคอีสาน,61079.05,201
2025-08-02,S-04,ภาคอีสาน,61079.05,257
2025-08-02,S-05,ภาคเหนือ,64671.94,357
2025-08-02,S-06,ภาคใต้,57486.16,248
2025-08-02,S-90,ภาคกลาง,107786.56,341
2025-08-03,S-01,ภาคกลาง,116652.93,529
2025-08-03,S-02,ภาคกลาง,116652.93,372
2025-08-03,S-03,ภาคอีสาน,66103.33,241
2025-08-03,S-04,ภาคอีสาน,66103.33,301
2025-08-03,S-05,ภาคเหนือ,69991.76,276
2025-08-03,S-06,ภาคใต้,62214.9,256
2025-08-03,S-90,ภาคกลาง,116652.93,446
2025-08-04,S-01,ภาคกลาง,69936.04,294
2025-08-04,S-02,ภาคกลาง,69936.04,250
2025-08-04,S-03,ภาคอีสาน,39630.42,154
2025-08-04,S-04,ภาคอีสาน,39630.42,178
2025-08-04,S-05,ภาคเหนือ,41961.63,174
2025-08-04,S-06,ภาคใต้,37299.22,175
2025-08-04,S-90,ภาคกลาง,69936.04,264
2025-08-05,S-01,ภาคกลาง,71501.93,325
2025-08-05,S-02,ภาคกลาง,71501.93,341
2025-08-05,S-03,ภาคอีสาน,40517.76,165
2025-08-05,S-04,ภาคอีสาน,40517.76,135
2025-08-05,S-05,ภาคเหนือ,42901.16,208
2025-08-05,S-06,ภาคใต้,38134.36,204
2025-08-05,S-90,ภาคกลาง,71501.93,242
2025-08-06,S-01,ภาคกลาง,74710.4,277
2025-08-06,S-02,ภาคกลาง,74710.4,334
2025-08-06,S-03,ภาคอีสาน,42335.89,156
2025-08-06,S-04,ภาคอีสาน,42335.89,133
2025-08-06,S-05,ภาคเหนือ,44826.24,209
2025-08-06,S-06,ภาคใต้,39845.55,128
2025-08-06,S-90,ภาคกลาง,74710.4,288
2025-08-07,S-01,ภาคกลาง,74593.72,392
2025-08-07,S-02,ภาคกลาง,74593.72,288
2025-08-07,S-03,ภาคอีสาน,42269.77,136
2025-08-07,S-04,ภาคอีสาน,42269.77,147
2025-08-07,S-05,ภาคเหนือ,44756.23,245
2025-08-07,S-06,ภาคใต้,39783.32,139
2025-08-07,S-90,ภาคกลาง,74593.72,267
2025-08-08,S-01,ภาคกลาง,71349.9,254
2025-08-08,S-02,ภาคกลาง,71349.9,346
2025-08-08,S-03,ภาคอีสาน,40431.61,138
2025-08-08,S-04,ภาคอีสาน,40431.61,211
2025-08-08,S-05,ภาคเหนือ,42809.94,167
2025-08-08,S-06,ภาคใต้,38053.28,145
2025-08-08,S-90,ภาคกลาง,71349.9,320
2025-08-09,S-01,ภาคกลาง,97945.12,358
2025-08-09,S-02,ภาคกลาง,97945.12,325
2025-08-09,S-03,ภาคอีสาน,55502.24,208
2025-08-09,S-04,ภาคอีสาน,55502.24,197
2025-08-09,S-05,ภาคเหนือ,58767.07,222
2025-08-09,S-06,ภาคใต้,52237.4,266
2025-08-09,S-90,ภาคกลาง,97945.12,338
2025-08-10,S-01,ภาคกลาง,92026.79,384
2025-08-10,S-02,ภาคกลาง,92026.79,453
2025-08-10,S-03,ภาคอีสาน,52148.51,167
2025-08-10,S-04,ภาคอีสาน,52148.51,237
2025-08-10,S-05,ภาคเหนือ,55216.07,284
2025-08-10,S-06,ภาคใต้,49080.95,268
2025-08-10,S-90,ภาคกลาง,92026.79,381
2025-08-11,S-01,ภาคกลาง,83475.92,322
2025-08-11,S-02,ภาคกลาง,83475.92,278
2025-08-11,S-03,ภาคอีสาน,47303.02,170
2025-08-11,S-04,ภาคอีสาน,47303.02,179
2025-08-11,S-05,ภาคเหนือ,50085.55,158
2025-08-11,S-06,ภาคใต้,44520.49,179
2025-08-11,S-90,ภาคกลาง,83475.92,318
2025-08-12,S-01,ภาคกลาง,81654.52,264
2025-08-12,S-02,ภาคกลาง,81654.52,279
2025-08-12,S-03,ภาคอีสาน,46270.9,191
2025-08-12,S-04,ภาคอีสาน,46270.9,148
2025-08-12,S-05,ภาคเหนือ,48992.71,182
2025-08-12,S-06,ภาคใต้,43549.08,182
2025-08-12,S-90,ภาคกลาง,81654.52,270
2025-08-13,S-01,ภาคกลาง,84609.18,411
2025-08-13,S-02,ภาคกลาง,84609.18,321
2025-08-13,S-03,ภาคอีสาน,47945.2,183
2025-08-13,S-04,ภาคอีสาน,47945.2,175
2025-08-13,S-05,ภาคเหนือ,50765.51,196
2025-08-13,S-06,ภาคใต้,45124.9,193
2025-08-13,S-90,ภาคกลาง,84609.18,355
2025-08-14,S-01,ภาคกลาง,71671.04,316
2025-08-14,S-02,ภาคกลาง,71671.04,236
2025-08-14,S-03,ภาคอีสาน,40613.59,189
2025-08-14,S-04,ภาคอีสาน,40613.59,130
2025-08-14,S-05,ภาคเหนือ,43002.62,134
2025-08-14,S-06,ภาคใต้,38224.55,150
2025-08-14,S-90,ภาคกลาง,71671.04,247
2025-08-15,S-01,ภาคกลาง,73242.26,257
2025-08-15,S-02,ภาคกลาง,73242.26,268
2025-08-15,S-03,ภาคอีสาน,41503.95,153
2025-08-15,S-04,ภาคอีสาน,41503.95,149
2025-08-15,S-05,ภาคเหนือ,43945.35,191
2025-08-15,S-06,ภาคใต้,39062.54,205
2025-08-15,S-90,ภาคกลาง,73242.26,381
2025-08-16,S-01,ภาคกลาง,110331.49,373
2025-08-16,S-02,ภาคกลาง,110331.49,401
2025-08-16,S-03,ภาคอีสาน,62521.18,235
2025-08-16,S-04,ภาคอีสาน,62521.18,235
2025-08-16,S-05,ภาคเหนือ,66198.9,313
2025-08-16,S-06,ภาคใต้,58843.46,203
2025-08-16,S-90,ภาคกลาง,110331.49,376
2025-08-17,S-01,ภาคกลาง,95151.95,329
2025-08-17,S-02,ภาคกลาง,95151.95,349
2025-08-17,S-03,ภาคอีสาน,53919.44,198
2025-08-17,S-04,ภาคอีสาน,53919.44,192
2025-08-17,S-05,ภาคเหนือ,57091.17,275
2025-08-17,S-06,ภาคใต้,50747.71,229
2025-08-17,S-90,ภาคกลาง,95151.95,416
2025-08-18,S-01,ภาคกลาง,69787.91,295
2025-08-18,S-02,ภาคกลาง,69787.91,223
2025-08-18,S-03,ภาคอีสาน,39546.48,132
2025-08-18,S-04,ภาคอีสาน,39546.48,186
2025-08-18,S-05,ภาคเหนือ,41872.75,155
2025-08-18,S-06,ภาคใต้,37220.22,190
2025-08-18,S-90,ภาคกลาง,69787.91,226
2025-08-19,S-01,ภาคกลาง,66212.17,235
2025-08-19,S-02,ภาคกลาง,66212.17,277
2025-08-19,S-03,ภาคอีสาน,37520.23,122
2025-08-19,S-04,ภาคอีสาน,37520.23,123
2025-08-19,S-05,ภาคเหนือ,39727.3,132
2025-08-19,S-06,ภาคใต้,35313.16,114
2025-08-19,S-90,ภาคกลาง,66212.17,294
2025-08-20,S-01,ภาคกลาง,68544.93,254
2025-08-20,S-02,ภาคกลาง,68544.93,228
2025-08-20,S-03,ภาคอีสาน,38842.13,128
2025-08-20,S-04,ภาคอีสาน,38842.13,153
2025-08-20,S-05,ภาคเหนือ,41126.96,170
2025-08-20,S-06,ภาคใต้,36557.3,164
2025-08-20,S-90,ภาคกลาง,68544.93,328
2025-08-21,S-01,ภาคกลาง,70955.55,239
2025-08-21,S-02,ภาคกลาง,70955.55,248
2025-08-21,S-03,ภาคอีสาน,40208.15,127
2025-08-21,S-04,ภาคอีสาน,40208.15,137
2025-08-21,S-05,ภาคเหนือ,42573.33,146
2025-08-21,S-06,ภาคใต้,37842.96,157
2025-08-21,S-90,ภาคกลาง,70955.55,277
2025-08-22,S-01,ภาคกลาง,68213.22,234
2025-08-22,S-02,ภาคกลาง,68213.22,346
2025-08-22,S-03,ภาคอีสาน,38654.16,121
2025-08-22,S-04,ภาคอีสาน,38654.16,164
2025-08-22,S-05,ภาคเหนือ,40927.93,200
2025-08-22,S-06,ภาคใต้,36380.39,164
2025-08-22,S-90,ภาคกลาง,68213.22,305
2025-08-23,S-01,ภาคกลาง,99027.15,345
2025-08-23,S-02,ภาคกลาง,99027.15,496
2025-08-23,S-03,ภาคอีสาน,56115.39,229
2025-08-23,S-04,ภาคอีสาน,56115.39,193
2025-08-23,S-05,ภาคเหนือ,59416.29,292
2025-08-23,S-06,ภาคใต้,52814.48,234
2025-08-23,S-90,ภาคกลาง,99027.15,387
2025-08-24,S-01,ภาคกลาง,99770.87,438
2025-08-24,S-02,ภาคกลาง,99770.87,462
2025-08-24,S-03,ภาคอีสาน,56536.83,266
2025-08-24,S-04,ภาคอีสาน,56536.83,191
2025-08-24,S-05,ภาคเหนือ,59862.52,213
2025-08-24,S-06,ภาคใต้,53211.13,177
2025-08-24,S-90,ภาคกลาง,99770.87,399
2025-08-25,S-01,ภาคกลาง,73888.4,369
2025-08-25,S-02,ภาคกลาง,73888.4,344
2025-08-25,S-03,ภาคอีสาน,41870.1,134
2025-08-25,S-04,ภาคอีสาน,41870.1,158
2025-08-25,S-05,ภาคเหนือ,44333.04,164
2025-08-25,S-06,ภาคใต้,39407.15,124
2025-08-25,S-90,ภาคกลาง,73888.4,248
2025-08-26,S-01,ภาคกลาง,64319.4,253
2025-08-26,S-02,ภาคกลาง,64319.4,266
2025-08-26,S-03,ภาคอีสาน,36447.66,163
2025-08-26,S-04,ภาคอีสาน,36447.66,120
2025-08-26,S-05,ภาคเหนือ,38591.64,133
2025-08-26,S-06,ภาคใต้,34303.68,181
2025-08-26,S-90,ภาคกลาง,64319.4,241
2025-08-27,S-01,ภาคกลาง,79448.54,424
2025-08-27,S-02,ภาคกลาง,79448.54,326
2025-08-27,S-03,ภาคอีสาน,45020.84,222
2025-08-27,S-04,ภาคอีสาน,45020.84,145
2025-08-27,S-05,ภาคเหนือ,47669.12,187
2025-08-27,S-06,ภาคใต้,42372.55,184
2025-08-27,S-90,ภาคกลาง,79448.54,386
2025-08-28,S-01,ภาคกลาง,73930.68,254
2025-08-28,S-02,ภาคกลาง,73930.68,404
2025-08-28,S-03,ภาคอีสาน,41894.05,197
2025-08-28,S-04,ภาคอีสาน,41894.05,195
2025-08-28,S-05,ภาคเหนือ,44358.41,211
2025-08-28,S-06,ภาคใต้,39429.69,177
2025-08-28,S-90,ภาคกลาง,73930.68,238
2025-08-29,S-01,ภาคกลาง,65779.21,360
2025-08-29,S-02,ภาคกลาง,65779.21,268
2025-08-29,S-03,ภาคอีสาน,37274.89,177
2025-08-29,S-04,ภาคอีสาน,37274.89,176
2025-08-29,S-05,ภาคเหนือ,39467.53,148
2025-08-29,S-06,ภาคใต้,35082.25,167
2025-08-29,S-90,ภาคกลาง,65779.21,249
2025-08-30,S-01,ภาคกลาง,88358.48,324
2025-08-30,S-02,ภาคกลาง,88358.48,333
2025-08-30,S-03,ภาคอีสาน,50069.8,173
2025-08-30,S-04,ภาคอีสาน,50069.8,231
2025-08-30,S-05,ภาคเหนือ,53015.09,224
2025-08-30,S-06,ภาคใต้,47124.52,151
2025-08-30,S-90,ภาคกลาง,88358.48,284
2025-08-31,S-01,ภาคกลาง,104646.23,342
2025-08-31,S-02,ภาคกลาง,104646.23,455
2025-08-31,S-03,ภาคอีสาน,59299.53,289
2025-08-31,S-04,ภาคอีสาน,59299.53,198
2025-08-31,S-05,ภาคเหนือ,62787.74,303
2025-08-31,S-06,ภาคใต้,55811.32,189
2025-08-31,S-90,ภาคกลาง,104646.23,391
2025-09-01,S-01,ภาคกลาง,67895.05,265
2025-09-01,S-02,ภาคกลาง,67895.05,214
2025-09-01,S-03,ภาคอีสาน,38473.86,206
2025-09-01,S-04,ภาคอีสาน,38473.86,176
2025-09-01,S-05,ภาคเหนือ,40737.03,223
2025-09-01,S-06,ภาคใต้,36210.69,182
2025-09-01,S-90,ภาคกลาง,67895.05,343
2025-09-02,S-01,ภาคกลาง,68609.33,223
2025-09-02,S-02,ภาคกลาง,68609.33,232
2025-09-02,S-03,ภาคอีสาน,38878.62,173
2025-09-02,S-04,ภาคอีสาน,38878.62,130
2025-09-02,S-05,ภาคเหนือ,41165.6,150
2025-09-02,S-06,ภาคใต้,36591.65,177
2025-09-02,S-90,ภาคกลาง,68609.33,354
2025-09-03,S-01,ภาคกลาง,64904.98,216
2025-09-03,S-02,ภาคกลาง,64904.98,310
2025-09-03,S-03,ภาคอีสาน,36779.49,121
2025-09-03,S-04,ภาคอีสาน,36779.49,119
2025-09-03,S-05,ภาคเหนือ,38942.99,166
2025-09-03,S-06,ภาคใต้,34615.99,125
2025-09-03,S-90,ภาคกลาง,64904.98,307
2025-09-04,S-01,ภาคกลาง,75837.21,296
2025-09-04,S-02,ภาคกลาง,75837.21,318
2025-09-04,S-03,ภาคอีสาน,42974.42,186
2025-09-04,S-04,ภาคอีสาน,42974.42,134
2025-09-04,S-05,ภาคเหนือ,45502.32,161
2025-09-04,S-06,ภาคใต้,40446.51,159
2025-09-04,S-90,ภาคกลาง,75837.21,279
2025-09-05,S-01,ภาคกลาง,65697.15,356
2025-09-05,S-02,ภาคกลาง,65697.15,329
2025-09-05,S-03,ภาคอีสาน,37228.39,151
2025-09-05,S-04,ภาคอีสาน,37228.39,121
2025-09-05,S-05,ภาคเหนือ,39418.29,156
2025-09-05,S-06,ภาคใต้,35038.48,112
2025-09-05,S-90,ภาคกลาง,65697.15,273
2025-09-06,S-01,ภาคกลาง,86185.44,366
2025-09-06,S-02,ภาคกลาง,86185.44,473
2025-09-06,S-03,ภาคอีสาน,48838.42,211
2025-09-06,S-04,ภาคอีสาน,48838.42,257
2025-09-06,S-05,ภาคเหนือ,51711.27,188
2025-09-06,S-06,ภาคใต้,45965.57,178
2025-09-06,S-90,ภาคกลาง,86185.44,359
2025-09-07,S-01,ภาคกลาง,85520.32,420
2025-09-07,S-02,ภาคกลาง,85520.32,276
2025-09-07,S-03,ภาคอีสาน,48461.51,195
2025-09-07,S-04,ภาคอีสาน,48461.51,164
2025-09-07,S-05,ภาคเหนือ,51312.19,262
2025-09-07,S-06,ภาคใต้,45610.84,156
2025-09-07,S-90,ภาคกลาง,85520.32,351
2025-09-08,S-01,ภาคกลาง,62193.42,250
2025-09-08,S-02,ภาคกลาง,62193.42,225
2025-09-08,S-03,ภาคอีสาน,35242.94,126
2025-09-08,S-04,ภาคอีสาน,35242.94,134
2025-09-08,S-05,ภาคเหนือ,37316.05,121
2025-09-08,S-06,ภาคใต้,33169.83,108
2025-09-08,S-90,ภาคกลาง,62193.42,288
2025-09-09,S-01,ภาคกลาง,71230.05,322
2025-09-09,S-02,ภาคกลาง,71230.05,349
2025-09-09,S-03,ภาคอีสาน,40363.7,163
2025-09-09,S-04,ภาคอีสาน,40363.7,202
2025-09-09,S-05,ภาคเหนือ,42738.03,223
2025-09-09,S-06,ภาคใต้,37989.36,132
2025-09-09,S-90,ภาคกลาง,71230.05,253
2025-09-10,S-01,ภาคกลาง,67209.13,247
2025-09-10,S-02,ภาคกลาง,67209.13,267
2025-09-10,S-03,ภาคอีสาน,38085.18,179
2025-09-10,S-04,ภาคอีสาน,38085.18,143
2025-09-10,S-05,ภาคเหนือ,40325.48,142
2025-09-10,S-06,ภาคใต้,35844.87,115
2025-09-10,S-90,ภาคกลาง,67209.13,305
2025-09-11,S-01,ภาคกลาง,69868.76,317
2025-09-11,S-02,ภาคกลาง,69868.76,221
2025-09-11,S-03,ภาคอีสาน,39592.29,136
2025-09-11,S-04,ภาคอีสาน,39592.29,129
2025-09-11,S-05,ภาคเหนือ,41921.25,225
2025-09-11,S-06,ภาคใต้,37263.34,120
2025-09-11,S-90,ภาคกลาง,69868.76,226
2025-09-12,S-01,ภาคกลาง,67263.39,249
2025-09-12,S-02,ภาคกลาง,67263.39,233
2025-09-12,S-03,ภาคอีสาน,38115.92,186
2025-09-12,S-04,ภาคอีสาน,38115.92,166
2025-09-12,S-05,ภาคเหนือ,40358.04,128
2025-09-12,S-06,ภาคใต้,35873.81,189
2025-09-12,S-90,ภาคกลาง,67263.39,210
2025-09-13,S-01,ภาคกลาง,88054.37,331
2025-09-13,S-02,ภาคกลาง,88054.37,387
2025-09-13,S-03,ภาคอีสาน,49897.48,199
2025-09-13,S-04,ภาคอีสาน,49897.48,231
2025-09-13,S-05,ภาคเหนือ,52832.62,225
2025-09-13,S-06,ภาคใต้,46962.33,172
2025-09-13,S-90,ภาคกลาง,88054.37,287
2025-09-14,S-01,ภาคกลาง,84225.67,352
2025-09-14,S-02,ภาคกลาง,84225.67,399
2025-09-14,S-03,ภาคอีสาน,47727.88,227
2025-09-14,S-04,ภาคอีสาน,47727.88,172
2025-09-14,S-05,ภาคเหนือ,50535.4,192
2025-09-14,S-06,ภาคใต้,44920.36,160
2025-09-14,S-90,ภาคกลาง,84225.67,422
2025-09-15,S-01,ภาคกลาง,69961.43,250
2025-09-15,S-02,ภาคกลาง,69961.43,228
2025-09-15,S-03,ภาคอีสาน,39644.81,146
2025-09-15,S-04,ภาคอีสาน,39644.81,218
2025-09-15,S-05,ภาคเหนือ,41976.86,136
2025-09-15,S-06,ภาคใต้,37312.76,205
2025-09-15,S-90,ภาคกลาง,69961.43,387
2025-09-16,S-01,ภาคกลาง,66021.16,256
2025-09-16,S-02,ภาคกลาง,66021.16,313
2025-09-16,S-03,ภาคอีสาน,37411.99,179
2025-09-16,S-04,ภาคอีสาน,37411.99,120
2025-09-16,S-05,ภาคเหนือ,39612.69,171
2025-09-16,S-06,ภาคใต้,35211.28,138
2025-09-16,S-90,ภาคกลาง,66021.16,206
2025-09-17,S-01,ภาคกลาง,57960.36,219
2025-09-17,S-02,ภาคกลาง,57960.36,245
2025-09-17,S-03,ภาคอีสาน,32844.2,121
2025-09-17,S-04,ภาคอีสาน,32844.2,172
2025-09-17,S-05,ภาคเหนือ,34776.22,151
2025-09-17,S-06,ภาคใต้,30912.19,115
2025-09-17,S-90,ภาคกลาง,57960.36,190
2025-09-18,S-01,ภาคกลาง,71236.18,368
2025-09-18,S-02,ภาคกลาง,71236.18,255
2025-09-18,S-03,ภาคอีสาน,40367.17,149
2025-09-18,S-04,ภาคอีสาน,40367.17,176
2025-09-18,S-05,ภาคเหนือ,42741.71,149
2025-09-18,S-06,ภาคใต้,37992.63,179
2025-09-18,S-90,ภาคกลาง,71236.18,271
2025-09-19,S-01,ภาคกลาง,64613.73,340
2025-09-19,S-02,ภาคกลาง,64613.73,265
2025-09-19,S-03,ภาคอีสาน,36614.44,120
2025-09-19,S-04,ภาคอีสาน,36614.44,121
2025-09-19,S-05,ภาคเหนือ,38768.24,170
2025-09-19,S-06,ภาคใต้,34460.65,110
2025-09-19,S-90,ภาคกลาง,64613.73,233
2025-09-20,S-01,ภาคกลาง,84287.08,466
2025-09-20,S-02,ภาคกลาง,84287.08,348
2025-09-20,S-03,ภาคอีสาน,47762.68,177
2025-09-20,S-04,ภาคอีสาน,47762.68,155
2025-09-20,S-05,ภาคเหนือ,50572.25,247
2025-09-20,S-06,ภาคใต้,44953.11,226
2025-09-20,S-90,ภาคกลาง,84287.08,332
2025-09-21,S-01,ภาคกลาง,96397.2,523
2025-09-21,S-02,ภาคกลาง,96397.2,306
2025-09-21,S-03,ภาคอีสาน,54625.08,202
2025-09-21,S-04,ภาคอีสาน,54625.08,223
2025-09-21,S-05,ภาคเหนือ,57838.32,222
2025-09-21,S-06,ภาคใต้,51411.84,172
2025-09-21,S-90,ภาคกลาง,96397.2,515
2025-09-22,S-01,ภาคกลาง,68707.36,239
2025-09-22,S-02,ภาคกลาง,68707.36,303
2025-09-22,S-03,ภาคอีสาน,38934.17,184
2025-09-22,S-04,ภาคอีสาน,38934.17,181
2025-09-22,S-05,ภาคเหนือ,41224.42,157
2025-09-22,S-06,ภาคใต้,36643.93,178
2025-09-22,S-90,ภาคกลาง,68707.36,218
2025-09-23,S-01,ภาคกลาง,71190.08,236
2025-09-23,S-02,ภาคกลาง,71190.08,236
2025-09-23,S-03,ภาคอีสาน,40341.04,162
2025-09-23,S-04,ภาคอีสาน,40341.04,171
2025-09-23,S-05,ภาคเหนือ,42714.05,143
2025-09-23,S-06,ภาคใต้,37968.04,126
2025-09-23,S-90,ภาคกลาง,71190.08,243
2025-09-24,S-01,ภาคกลาง,70258.26,223
2025-09-24,S-02,ภาคกลาง,70258.26,242
2025-09-24,S-03,ภาคอีสาน,39813.01,130
2025-09-24,S-04,ภาคอีสาน,39813.01,212
2025-09-24,S-05,ภาคเหนือ,42154.96,202
2025-09-24,S-06,ภาคใต้,37471.07,143
2025-09-24,S-90,ภาคกลาง,70258.26,324
2025-09-25,S-01,ภาคกลาง,62678.98,216
2025-09-25,S-02,ภาคกลาง,62678.98,278
2025-09-25,S-03,ภาคอีสาน,35518.09,113
2025-09-25,S-04,ภาคอีสาน,35518.09,117
2025-09-25,S-05,ภาคเหนือ,37607.39,130
2025-09-25,S-06,ภาคใต้,33428.79,112
2025-09-25,S-90,ภาคกลาง,62678.98,236
2025-09-26,S-01,ภาคกลาง,57058.83,202
2025-09-26,S-02,ภาคกลาง,57058.83,195
2025-09-26,S-03,ภาคอีสาน,32333.34,112
2025-09-26,S-04,ภาคอีสาน,32333.34,168
2025-09-26,S-05,ภาคเหนือ,34235.3,124
2025-09-26,S-06,ภาคใต้,30431.38,168
2025-09-26,S-90,ภาคกลาง,57058.83,218
2025-09-27,S-01,ภาคกลาง,95031.04,483
2025-09-27,S-02,ภาคกลาง,95031.04,445
2025-09-27,S-03,ภาคอีสาน,53850.92,180
2025-09-27,S-04,ภาคอีสาน,53850.92,225
2025-09-27,S-05,ภาคเหนือ,57018.63,311
2025-09-27,S-06,ภาคใต้,50683.22,182
2025-09-27,S-90,ภาคกลาง,95031.04,459
2025-09-28,S-01,ภาคกลาง,84319.77,389
2025-09-28,S-02,ภาคกลาง,84319.77,340
2025-09-28,S-03,ภาคอีสาน,47781.2,249
2025-09-28,S-04,ภาคอีสาน,47781.2,192
2025-09-28,S-05,ภาคเหนือ,50591.86,189
2025-09-28,S-06,ภาคใต้,44970.54,151
2025-09-28,S-90,ภาคกลาง,84319.77,286
2025-09-29,S-01,ภาคกลาง,59209.62,209
2025-09-29,S-02,ภาคกลาง,59209.62,237
2025-09-29,S-03,ภาคอีสาน,33552.12,179
2025-09-29,S-04,ภาคอีสาน,33552.12,111
2025-09-29,S-05,ภาคเหนือ,35525.77,159
2025-09-29,S-06,ภาคใต้,31578.46,114
2025-09-29,S-90,ภาคกลาง,59209.62,212
2025-09-30,S-01,ภาคกลาง,60624.25,191
2025-09-30,S-02,ภาคกลาง,60624.25,234
2025-09-30,S-03,ภาคอีสาน,34353.74,121
2025-09-30,S-04,ภาคอีสาน,34353.74,140
2025-09-30,S-05,ภาคเหนือ,36374.55,146
2025-09-30,S-06,ภาคใต้,32332.93,104
2025-09-30,S-90,ภาคกลาง,60624.25,208
2025-10-01,S-01,ภาคกลาง,58172.51,296
2025-10-01,S-02,ภาคกลาง,58172.51,258
2025-10-01,S-03,ภาคอีสาน,32964.42,128
2025-10-01,S-04,ภาคอีสาน,32964.42,168
2025-10-01,S-05,ภาคเหนือ,34903.5,121
2025-10-01,S-06,ภาคใต้,31025.34,133
2025-10-01,S-90,ภาคกลาง,58172.51,193
2025-10-02,S-01,ภาคกลาง,61910.18,332
2025-10-02,S-02,ภาคกลาง,61910.18,198
2025-10-02,S-03,ภาคอีสาน,35082.44,130
2025-10-02,S-04,ภาคอีสาน,35082.44,109
2025-10-02,S-05,ภาคเหนือ,37146.11,180
2025-10-02,S-06,ภาคใต้,33018.76,168
2025-10-02,S-90,ภาคกลาง,61910.18,228
2025-10-03,S-01,ภาคกลาง,62294.45,338
2025-10-03,S-02,ภาคกลาง,62294.45,210
2025-10-03,S-03,ภาคอีสาน,35300.19,176
2025-10-03,S-04,ภาคอีสาน,35300.19,152
2025-10-03,S-05,ภาคเหนือ,37376.67,126
2025-10-03,S-06,ภาคใต้,33223.71,176
2025-10-03,S-90,ภาคกลาง,62294.45,266
2025-10-04,S-01,ภาคกลาง,79037.56,282
2025-10-04,S-02,ภาคกลาง,79037.56,270
2025-10-04,S-03,ภาคอีสาน,44787.95,227
2025-10-04,S-04,ภาคอีสาน,44787.95,196
2025-10-04,S-05,ภาคเหนือ,47422.54,186
2025-10-04,S-06,ภาคใต้,42153.36,216
2025-10-04,S-90,ภาคกลาง,79037.56,369
2025-10-05,S-01,ภาคกลาง,75920.06,301
2025-10-05,S-02,ภาคกลาง,75920.06,378
2025-10-05,S-03,ภาคอีสาน,43021.37,141
2025-10-05,S-04,ภาคอีสาน,43021.37,155
2025-10-05,S-05,ภาคเหนือ,45552.03,204
2025-10-05,S-06,ภาคใต้,40490.7,142
2025-10-05,S-90,ภาคกลาง,75920.06,333
2025-10-06,S-01,ภาคกลาง,58778.01,209
2025-10-06,S-02,ภาคกลาง,58778.01,190
2025-10-06,S-03,ภาคอีสาน,33307.54,124
2025-10-06,S-04,ภาคอีสาน,33307.54,116
2025-10-06,S-05,ภาคเหนือ,35266.8,163
2025-10-06,S-06,ภาคใต้,31348.27,161
2025-10-06,S-90,ภาคกลาง,58778.01,193
2025-10-07,S-01,ภาคกลาง,57008.37,282
2025-10-07,S-02,ภาคกลาง,57008.37,213
2025-10-07,S-03,ภาคอีสาน,32304.74,138
2025-10-07,S-04,ภาคอีสาน,32304.74,106
2025-10-07,S-05,ภาคเหนือ,34205.02,150
2025-10-07,S-06,ภาคใต้,30404.47,134
2025-10-07,S-90,ภาคกลาง,57008.37,206
2025-10-08,S-01,ภาคกลาง,61099.28,318
2025-10-08,S-02,ภาคกลาง,61099.28,320
2025-10-08,S-03,ภาคอีสาน,34622.92,111
2025-10-08,S-04,ภาคอีสาน,34622.92,121
2025-10-08,S-05,ภาคเหนือ,36659.57,197
2025-10-08,S-06,ภาคใต้,32586.28,178
2025-10-08,S-90,ภาคกลาง,61099.28,197
2025-10-09,S-01,ภาคกลาง,59897.67,207
2025-10-09,S-02,ภาคกลาง,59897.67,325
2025-10-09,S-03,ภาคอีสาน,33942.01,113
2025-10-09,S-04,ภาคอีสาน,33942.01,160
2025-10-09,S-05,ภาคเหนือ,35938.6,132
2025-10-09,S-06,ภาคใต้,31945.43,102
2025-10-09,S-90,ภาคกลาง,59897.67,313
2025-10-10,S-01,ภาคกลาง,53141.25,226
2025-10-10,S-02,ภาคกลาง,53141.25,194
2025-10-10,S-03,ภาคอีสาน,30113.37,105
2025-10-10,S-04,ภาคอีสาน,30113.37,138
2025-10-10,S-05,ภาคเหนือ,31884.75,107
2025-10-10,S-06,ภาคใต้,28342.0,116
2025-10-10,S-90,ภาคกลาง,53141.25,169
2025-10-11,S-01,ภาคกลาง,72462.91,266
2025-10-11,S-02,ภาคกลาง,72462.91,250
2025-10-11,S-03,ภาคอีสาน,41062.31,189
2025-10-11,S-04,ภาคอีสาน,41062.31,166
2025-10-11,S-05,ภาคเหนือ,43477.74,230
2025-10-11,S-06,ภาคใต้,38646.88,175
2025-10-11,S-90,ภาคกลาง,72462.91,257
2025-10-12,S-01,ภาคกลาง,72402.67,345
2025-10-12,S-02,ภาคกลาง,72402.67,391
2025-10-12,S-03,ภาคอีสาน,41028.18,144
2025-10-12,S-04,ภาคอีสาน,41028.18,145
2025-10-12,S-05,ภาคเหนือ,43441.6,217
2025-10-12,S-06,ภาคใต้,38614.76,145
2025-10-12,S-90,ภาคกลาง,72402.67,369
2025-10-13,S-01,ภาคกลาง,53693.64,290
2025-10-13,S-02,ภาคกลาง,53693.64,232
2025-10-13,S-03,ภาคอีสาน,30426.39,107
2025-10-13,S-04,ภาคอีสาน,30426.39,102
2025-10-13,S-05,ภาคเหนือ,32216.18,168
2025-10-13,S-06,ภาคใต้,28636.61,153
2025-10-13,S-90,ภาคกลาง,53693.64,286
2025-10-14,S-01,ภาคกลาง,56545.72,196
2025-10-14,S-02,ภาคกลาง,56545.72,258
2025-10-14,S-03,ภาคอีสาน,32042.58,107
2025-10-14,S-04,ภาคอีสาน,32042.58,109
2025-10-14,S-05,ภาคเหนือ,33927.43,120
2025-10-14,S-06,ภาคใต้,30157.72,153
2025-10-14,S-90,ภาคกลาง,56545.72,255
2025-10-15,S-01,ภาคกลาง,59080.44,236
2025-10-15,S-02,ภาคกลาง,59080.44,315
2025-10-15,S-03,ภาคอีสาน,33478.91,147
2025-10-15,S-04,ภาคอีสาน,33478.91,151
2025-10-15,S-05,ภาคเหนือ,35448.26,171
2025-10-15,S-06,ภาคใต้,31509.57,146
2025-10-15,S-90,ภาคกลาง,59080.44,197
2025-10-16,S-01,ภาคกลาง,57705.29,220
2025-10-16,S-02,ภาคกลาง,57705.29,184
2025-10-16,S-03,ภาคอีสาน,32699.66,107
2025-10-16,S-04,ภาคอีสาน,32699.66,136
2025-10-16,S-05,ภาคเหนือ,34623.17,120
2025-10-16,S-06,ภาคใต้,30776.16,120
2025-10-16,S-90,ภาคกลาง,57705.29,206
2025-10-17,S-01,ภาคกลาง,63684.28,227
2025-10-17,S-02,ภาคกลาง,63684.28,280
2025-10-17,S-03,ภาคอีสาน,36087.76,185
2025-10-17,S-04,ภาคอีสาน,36087.76,164
2025-10-17,S-05,ภาคเหนือ,38210.57,149
2025-10-17,S-06,ภาคใต้,33964.95,132
2025-10-17,S-90,ภาคกลาง,63684.28,203
2025-10-18,S-01,ภาคกลาง,83226.45,284
2025-10-18,S-02,ภาคกลาง,83226.45,334
2025-10-18,S-03,ภาคอีสาน,47161.65,233
2025-10-18,S-04,ภาคอีสาน,47161.65,239
2025-10-18,S-05,ภาคเหนือ,49935.87,159
2025-10-18,S-06,ภาคใต้,44387.44,208
2025-10-18,S-90,ภาคกลาง,83226.45,384
2025-10-19,S-01,ภาคกลาง,74535.89,354
2025-10-19,S-02,ภาคกลาง,74535.89,292
2025-10-19,S-03,ภาคอีสาน,42237.01,198
2025-10-19,S-04,ภาคอีสาน,42237.01,132
2025-10-19,S-05,ภาคเหนือ,44721.54,173
2025-10-19,S-06,ภาคใต้,39752.48,155
2025-10-19,S-90,ภาคกลาง,74535.89,383
2025-10-20,S-01,ภาคกลาง,56262.76,198
2025-10-20,S-02,ภาคกลาง,56262.76,228
2025-10-20,S-03,ภาคอีสาน,31882.23,125
2025-10-20,S-04,ภาคอีสาน,31882.23,128
2025-10-20,S-05,ภาคเหนือ,33757.66,140
2025-10-20,S-06,ภาคใต้,30006.81,126
2025-10-20,S-90,ภาคกลาง,56262.76,186
2025-10-21,S-01,ภาคกลาง,51467.29,232
2025-10-21,S-02,ภาคกลาง,51467.29,213
2025-10-21,S-03,ภาคอีสาน,29164.8,158
2025-10-21,S-04,ภาคอีสาน,29164.8,103
2025-10-21,S-05,ภาคเหนือ,30880.37,98
2025-10-21,S-06,ภาคใต้,27449.22,130
2025-10-21,S-90,ภาคกลาง,51467.29,272
2025-10-22,S-01,ภาคกลาง,63147.53,327
2025-10-22,S-02,ภาคกลาง,63147.53,278
2025-10-22,S-03,ภาคอีสาน,35783.6,136
2025-10-22,S-04,ภาคอีสาน,35783.6,156
2025-10-22,S-05,ภาคเหนือ,37888.52,124
2025-10-22,S-06,ภาคใต้,33678.69,109
2025-10-22,S-90,ภาคกลาง,63147.53,226
2025-10-23,S-01,ภาคกลาง,53135.97,266
2025-10-23,S-02,ภาคกลาง,53135.97,273
2025-10-23,S-03,ภาคอีสาน,30110.38,107
2025-10-23,S-04,ภาคอีสาน,30110.38,122
2025-10-23,S-05,ภาคเหนือ,31881.58,149
2025-10-23,S-06,ภาคใต้,28339.18,136
2025-10-23,S-90,ภาคกลาง,53135.97,250
2025-10-24,S-01,ภาคกลาง,54050.86,273
2025-10-24,S-02,ภาคกลาง,54050.86,241
2025-10-24,S-03,ภาคอีสาน,30628.82,166
2025-10-24,S-04,ภาคอีสาน,30628.82,166
2025-10-24,S-05,ภาคเหนือ,32430.52,155
2025-10-24,S-06,ภาคใต้,28827.12,102
2025-10-24,S-90,ภาคกลาง,54050.86,264
2025-10-25,S-01,ภาคกลาง,71956.24,261
2025-10-25,S-02,ภาคกลาง,71956.24,225
2025-10-25,S-03,ภาคอีสาน,40775.2,171
2025-10-25,S-04,ภาคอีสาน,40775.2,132
2025-10-25,S-05,ภาคเหนือ,43173.75,176
2025-10-25,S-06,ภาคใต้,38376.66,159
2025-10-25,S-90,ภาคกลาง,71956.24,240
2025-10-26,S-01,ภาคกลาง,79235.64,340
2025-10-26,S-02,ภาคกลาง,79235.64,288
2025-10-26,S-03,ภาคอีสาน,44900.19,151
2025-10-26,S-04,ภาคอีสาน,44900.19,190
2025-10-26,S-05,ภาคเหนือ,47541.38,250
2025-10-26,S-06,ภาคใต้,42259.01,163
2025-10-26,S-90,ภาคกลาง,79235.64,418
2025-10-27,S-01,ภาคกลาง,62811.33,210
2025-10-27,S-02,ภาคกลาง,62811.33,226
2025-10-27,S-03,ภาคอีสาน,35593.09,166
2025-10-27,S-04,ภาคอีสาน,35593.09,121
2025-10-27,S-05,ภาคเหนือ,37686.8,138
2025-10-27,S-06,ภาคใต้,33499.37,130
2025-10-27,S-90,ภาคกลาง,62811.33,334
2025-10-28,S-01,ภาคกลาง,59753.12,271
2025-10-28,S-02,ภาคกลาง,59753.12,193
2025-10-28,S-03,ภาคอีสาน,33860.1,110
2025-10-28,S-04,ภาคอีสาน,33860.1,113
2025-10-28,S-05,ภาคเหนือ,35851.87,172
2025-10-28,S-06,ภาคใต้,31868.33,110
2025-10-28,S-90,ภาคกลาง,59753.12,307
2025-10-29,S-01,ภาคกลาง,62858.98,281
2025-10-29,S-02,ภาคกลาง,62858.98,213
2025-10-29,S-03,ภาคอีสาน,35620.09,179
2025-10-29,S-04,ภาคอีสาน,35620.09,171
2025-10-29,S-05,ภาคเหนือ,37715.39,121
2025-10-29,S-06,ภาคใต้,33524.79,108
2025-10-29,S-90,ภาคกลาง,62858.98,235
2025-10-30,S-01,ภาคกลาง,62665.64,290
2025-10-30,S-02,ภาคกลาง,62665.64,302
2025-10-30,S-03,ภาคอีสาน,35510.53,150
2025-10-30,S-04,ภาคอีสาน,35510.53,133
2025-10-30,S-05,ภาคเหนือ,37599.38,118
2025-10-30,S-06,ภาคใต้,33421.68,146
2025-10-30,S-90,ภาคกลาง,62665.64,325
2025-10-31,S-01,ภาคกลาง,50686.98,227
2025-10-31,S-02,ภาคกลาง,50686.98,163
2025-10-31,S-03,ภาคอีสาน,28722.62,113
2025-10-31,S-04,ภาคอีสาน,28722.62,94
2025-10-31,S-05,ภาคเหนือ,30412.19,155
2025-10-31,S-06,ภาคใต้,27033.05,90
2025-10-31,S-90,ภาคกลาง,50686.98,274
2025-11-01,S-01,ภาคกลาง,81344.04,435
2025-11-01,S-02,ภาคกลาง,81344.04,266
2025-11-01,S-03,ภาคอีสาน,46094.96,216
2025-11-01,S-04,ภาคอีสาน,46094.96,190
2025-11-01,S-05,ภาคเหนือ,48806.43,209
2025-11-01,S-06,ภาคใต้,43383.49,215
2025-11-01,S-90,ภาคกลาง,81344.04,448
2025-11-02,S-01,ภาคกลาง,78021.95,415
2025-11-02,S-02,ภาคกลาง,78021.95,307
2025-11-02,S-03,ภาคอีสาน,44212.44,156
2025-11-02,S-04,ภาคอีสาน,44212.44,142
2025-11-02,S-05,ภาคเหนือ,46813.17,205
2025-11-02,S-06,ภาคใต้,41611.71,189
2025-11-02,S-90,ภาคกลาง,78021.95,273
2025-11-03,S-01,ภาคกลาง,56687.06,267
2025-11-03,S-02,ภาคกลาง,56687.06,288
2025-11-03,S-03,ภาคอีสาน,32122.67,113
2025-11-03,S-04,ภาคอีสาน,32122.67,137
2025-11-03,S-05,ภาคเหนือ,34012.23,159
2025-11-03,S-06,ภาคใต้,30233.1,148
2025-11-03,S-90,ภาคกลาง,56687.06,229
2025-11-04,S-01,ภาคกลาง,56771.34,187
2025-11-04,S-02,ภาคกลาง,56771.34,251
2025-11-04,S-03,ภาคอีสาน,32170.42,122
2025-11-04,S-04,ภาคอีสาน,32170.42,111
2025-11-04,S-05,ภาคเหนือ,34062.8,117
2025-11-04,S-06,ภาคใต้,30278.05,146
2025-11-04,S-90,ภาคกลาง,56771.34,315
2025-11-05,S-01,ภาคกลาง,55206.05,194
2025-11-05,S-02,ภาคกลาง,55206.05,184
2025-11-05,S-03,ภาคอีสาน,31283.43,102
2025-11-05,S-04,ภาคอีสาน,31283.43,107
2025-11-05,S-05,ภาคเหนือ,33123.63,109
2025-11-05,S-06,ภาคใต้,29443.23,106
2025-11-05,S-90,ภาคกลาง,55206.05,257
2025-11-06,S-01,ภาคกลาง,55151.44,289
2025-11-06,S-02,ภาคกลาง,55151.44,189
2025-11-06,S-03,ภาคอีสาน,31252.48,97
2025-11-06,S-04,ภาคอีสาน,31252.48,126
2025-11-06,S-05,ภาคเหนือ,33090.86,111
2025-11-06,S-06,ภาคใต้,29414.1,99
2025-11-06,S-90,ภาคกลาง,55151.44,262
2025-11-07,S-01,ภาคกลาง,48983.13,183
2025-11-07,S-02,ภาคกลาง,48983.13,175
2025-11-07,S-03,ภาคอีสาน,27757.11,128
2025-11-07,S-04,ภาคอีสาน,27757.11,111
2025-11-07,S-05,ภาคเหนือ,29389.88,105
2025-11-07,S-06,ภาคใต้,26124.33,95
2025-11-07,S-90,ภาคกลาง,48983.13,247
2025-11-08,S-01,ภาคกลาง,76153.61,293
2025-11-08,S-02,ภาคกลาง,76153.61,325
2025-11-08,S-03,ภาคอีสาน,43153.71,198
2025-11-08,S-04,ภาคอีสาน,43153.71,135
2025-11-08,S-05,ภาคเหนือ,45692.17,233
2025-11-08,S-06,ภาคใต้,40615.26,138
2025-11-08,S-90,ภาคกลาง,76153.61,397
2025-11-09,S-01,ภาคกลาง,75335.2,377
2025-11-09,S-02,ภาคกลาง,75335.2,311
2025-11-09,S-03,ภาคอีสาน,42689.94,151
2025-11-09,S-04,ภาคอีสาน,42689.94,174
2025-11-09,S-05,ภาคเหนือ,45201.12,167
2025-11-09,S-06,ภาคใต้,40178.77,125
2025-11-09,S-90,ภาคกลาง,75335.2,241
2025-11-10,S-01,ภาคกลาง,57702.06,215
2025-11-10,S-02,ภาคกลาง,57702.06,273
2025-11-10,S-03,ภาคอีสาน,32697.84,156
2025-11-10,S-04,ภาคอีสาน,32697.84,142
2025-11-10,S-05,ภาคเหนือ,34621.24,133
2025-11-10,S-06,ภาคใต้,30774.43,100
2025-11-10,S-90,ภาคกลาง,57702.06,181
2025-11-11,S-01,ภาคกลาง,57230.05,301
2025-11-11,S-02,ภาคกลาง,57230.05,267
2025-11-11,S-03,ภาคอีสาน,32430.36,105
2025-11-11,S-04,ภาคอีสาน,32430.36,154
2025-11-11,S-05,ภาคเหนือ,34338.03,135
2025-11-11,S-06,ภาคใต้,30522.69,140
2025-11-11,S-90,ภาคกลาง,57230.05,245
2025-11-12,S-01,ภาคกลาง,57284.82,206
2025-11-12,S-02,ภาคกลาง,57284.82,190
2025-11-12,S-03,ภาคอีสาน,32461.4,132
2025-11-12,S-04,ภาคอีสาน,32461.4,104
2025-11-12,S-05,ภาคเหนือ,34370.89,174
2025-11-12,S-06,ภาคใต้,30551.91,145
2025-11-12,S-90,ภาคกลาง,57284.82,221
2025-11-13,S-01,ภาคกลาง,49339.38,273
2025-11-13,S-02,ภาคกลาง,49339.38,203
2025-11-13,S-03,ภาคอีสาน,27958.98,116
2025-11-13,S-04,ภาคอีสาน,27958.98,90
2025-11-13,S-05,ภาคเหนือ,29603.63,134
2025-11-13,S-06,ภาคใต้,26314.34,133
2025-11-13,S-90,ภาคกลาง,49339.38,174
2025-11-14,S-01,ภาคกลาง,50775.45,274
2025-11-14,S-02,ภาคกลาง,50775.45,162
2025-11-14,S-03,ภาคอีสาน,28772.75,94
2025-11-14,S-04,ภาคอีสาน,28772.75,138
2025-11-14,S-05,ภาคเหนือ,30465.27,99
2025-11-14,S-06,ภาคใต้,27080.24,115
2025-11-14,S-90,ภาคกลาง,50775.45,224
2025-11-15,S-01,ภาคกลาง,81171.79,329
2025-11-15,S-02,ภาคกลาง,81171.79,353
2025-11-15,S-03,ภาคอีสาน,45997.35,166
2025-11-15,S-04,ภาคอีสาน,45997.35,156
2025-11-15,S-05,ภาคเหนือ,48703.07,200
2025-11-15,S-06,ภาคใต้,43291.62,150
2025-11-15,S-90,ภาคกลาง,81171.79,444
2025-11-16,S-01,ภาคกลาง,68526.48,340
2025-11-16,S-02,ภาคกลาง,68526.48,307
2025-11-16,S-03,ภาคอีสาน,38831.67,121
2025-11-16,S-04,ภาคอีสาน,38831.67,143
2025-11-16,S-05,ภาคเหนือ,41115.89,195
2025-11-16,S-06,ภาคใต้,36547.45,115
2025-11-16,S-90,ภาคกลาง,68526.48,274
2025-11-17,S-01,ภาคกลาง,51197.66,196
2025-11-17,S-02,ภาคกลาง,51197.66,207
2025-11-17,S-03,ภาคอีสาน,29012.01,109
2025-11-17,S-04,ภาคอีสาน,29012.01,133
2025-11-17,S-05,ภาคเหนือ,30718.6,106
2025-11-17,S-06,ภาคใต้,27305.42,85
2025-11-17,S-90,ภาคกลาง,51197.66,160
2025-11-18,S-01,ภาคกลาง,56277.48,193
2025-11-18,S-02,ภาคกลาง,56277.48,254
2025-11-18,S-03,ภาคอีสาน,31890.57,113
2025-11-18,S-04,ภาคอีสาน,31890.57,118
2025-11-18,S-05,ภาคเหนือ,33766.49,159
2025-11-18,S-06,ภาคใต้,30014.66,126
2025-11-18,S-90,ภาคกลาง,56277.48,182
2025-11-19,S-01,ภาคกลาง,48113.92,197
2025-11-19,S-02,ภาคกลาง,48113.92,219
2025-11-19,S-03,ภาคอีสาน,27264.55,116
2025-11-19,S-04,ภาคอีสาน,27264.55,122
2025-11-19,S-05,ภาคเหนือ,28868.35,92
2025-11-19,S-06,ภาคใต้,25660.75,104
2025-11-19,S-90,ภาคกลาง,48113.92,248
2025-11-20,S-01,ภาคกลาง,58362.94,217
2025-11-20,S-02,ภาคกลาง,58362.94,194
2025-11-20,S-03,ภาคอีสาน,33072.33,172
2025-11-20,S-04,ภาคอีสาน,33072.33,112
2025-11-20,S-05,ภาคเหนือ,35017.76,182
2025-11-20,S-06,ภาคใต้,31126.9,139
2025-11-20,S-90,ภาคกลาง,58362.94,182
2025-11-21,S-01,ภาคกลาง,49277.0,257
2025-11-21,S-02,ภาคกลาง,49277.0,213
2025-11-21,S-03,ภาคอีสาน,27923.63,118
2025-11-21,S-04,ภาคอีสาน,27923.63,143
2025-11-21,S-05,ภาคเหนือ,29566.2,92
2025-11-21,S-06,ภาคใต้,26281.06,117
2025-11-21,S-90,ภาคกลาง,49277.0,192
2025-11-22,S-01,ภาคกลาง,69810.42,254
2025-11-22,S-02,ภาคกลาง,69810.42,339
2025-11-22,S-03,ภาคอีสาน,39559.24,163
2025-11-22,S-04,ภาคอีสาน,39559.24,128
2025-11-22,S-05,ภาคเหนือ,41886.25,181
2025-11-22,S-06,ภาคใต้,37232.22,157
2025-11-22,S-90,ภาคกลาง,69810.42,318
2025-11-23,S-01,ภาคกลาง,79773.59,253
2025-11-23,S-02,ภาคกลาง,79773.59,433
2025-11-23,S-03,ภาคอีสาน,45205.03,178
2025-11-23,S-04,ภาคอีสาน,45205.03,190
2025-11-23,S-05,ภาคเหนือ,47864.15,159
2025-11-23,S-06,ภาคใต้,42545.91,138
2025-11-23,S-90,ภาคกลาง,79773.59,379
2025-11-24,S-01,ภาคกลาง,49785.97,240
2025-11-24,S-02,ภาคกลาง,49785.97,200
2025-11-24,S-03,ภาคอีสาน,28212.05,91
2025-11-24,S-04,ภาคอีสาน,28212.05,91
2025-11-24,S-05,ภาคเหนือ,29871.58,144
2025-11-24,S-06,ภาคใต้,26552.52,111
2025-11-24,S-90,ภาคกลาง,49785.97,247
2025-11-25,S-01,ภาคกลาง,58939.15,284
2025-11-25,S-02,ภาคกลาง,58939.15,261
2025-11-25,S-03,ภาคอีสาน,33398.85,158
2025-11-25,S-04,ภาคอีสาน,33398.85,127
2025-11-25,S-05,ภาคเหนือ,35363.49,189
2025-11-25,S-06,ภาคใต้,31434.21,112
2025-11-25,S-90,ภาคกลาง,58939.15,200
2025-11-26,S-01,ภาคกลาง,60183.96,258
2025-11-26,S-02,ภาคกลาง,60183.96,222
2025-11-26,S-03,ภาคอีสาน,34104.24,112
2025-11-26,S-04,ภาคอีสาน,34104.24,125
2025-11-26,S-05,ภาคเหนือ,36110.38,138
2025-11-26,S-06,ภาคใต้,32098.11,127
2025-11-26,S-90,ภาคกลาง,60183.96,315
2025-11-27,S-01,ภาคกลาง,56920.35,240
2025-11-27,S-02,ภาคกลาง,56920.35,196
2025-11-27,S-03,ภาคอีสาน,32254.86,158
2025-11-27,S-04,ภาคอีสาน,32254.86,112
2025-11-27,S-05,ภาคเหนือ,34152.21,137
2025-11-27,S-06,ภาคใต้,30357.52,96
2025-11-27,S-90,ภาคกลาง,56920.35,255
2025-11-28,S-01,ภาคกลาง,54736.64,188
2025-11-28,S-02,ภาคกลาง,54736.64,232
2025-11-28,S-03,ภาคอีสาน,31017.43,113
2025-11-28,S-04,ภาคอีสาน,31017.43,162
2025-11-28,S-05,ภาคเหนือ,32841.99,116
2025-11-28,S-06,ภาคใต้,29192.88,93
2025-11-28,S-90,ภาคกลาง,54736.64,193
2025-11-29,S-01,ภาคกลาง,79443.97,286
2025-11-29,S-02,ภาคกลาง,79443.97,303
2025-11-29,S-03,ภาคอีสาน,45018.25,232
2025-11-29,S-04,ภาคอีสาน,45018.25,187
2025-11-29,S-05,ภาคเหนือ,47666.38,168
2025-11-29,S-06,ภาคใต้,42370.12,151
2025-11-29,S-90,ภาคกลาง,79443.97,435
2025-11-30,S-01,ภาคกลาง,73062.53,286
2025-11-30,S-02,ภาคกลาง,73062.53,303
2025-11-30,S-03,ภาคอีสาน,41402.1,208
2025-11-30,S-04,ภาคอีสาน,41402.1,132
2025-11-30,S-05,ภาคเหนือ,43837.52,198
2025-11-30,S-06,ภาคใต้,38966.68,177
2025-11-30,S-90,ภาคกลาง,73062.53,243
2025-12-01,S-01,ภาคกลาง,48175.18,172
2025-12-01,S-02,ภาคกลาง,48175.18,151
2025-12-01,S-03,ภาคอีสาน,27299.27,110
2025-12-01,S-04,ภาคอีสาน,27299.27,146
2025-12-01,S-05,ภาคเหนือ,28905.11,155
2025-12-01,S-06,ภาคใต้,25693.43,138
2025-12-01,S-90,ภาคกลาง,48175.18,261
2025-12-02,S-01,ภาคกลาง,50996.16,259
2025-12-02,S-02,ภาคกลาง,50996.16,207
2025-12-02,S-03,ภาคอีสาน,28897.83,133
2025-12-02,S-04,ภาคอีสาน,28897.83,136
2025-12-02,S-05,ภาคเหนือ,30597.7,100
2025-12-02,S-06,ภาคใต้,27197.95,130
2025-12-02,S-90,ภาคกลาง,50996.16,231
2025-12-03,S-01,ภาคกลาง,51138.63,224
2025-12-03,S-02,ภาคกลาง,51138.63,187
2025-12-03,S-03,ภาคอีสาน,28978.56,114
2025-12-03,S-04,ภาคอีสาน,28978.56,126
2025-12-03,S-05,ภาคเหนือ,30683.18,125
2025-12-03,S-06,ภาคใต้,27273.93,121
2025-12-03,S-90,ภาคกลาง,51138.63,221
2025-12-04,S-01,ภาคกลาง,51875.81,194
2025-12-04,S-02,ภาคกลาง,51875.81,215
2025-12-04,S-03,ภาคอีสาน,29396.29,151
2025-12-04,S-04,ภาคอีสาน,29396.29,111
2025-12-04,S-05,ภาคเหนือ,31125.48,136
2025-12-04,S-06,ภาคใต้,27667.1,150
2025-12-04,S-90,ภาคกลาง,51875.81,234
2025-12-05,S-01,ภาคกลาง,50185.43,201
2025-12-05,S-02,ภาคกลาง,50185.43,196
2025-12-05,S-03,ภาคอีสาน,28438.41,148
2025-12-05,S-04,ภาคอีสาน,28438.41,90
2025-12-05,S-05,ภาคเหนือ,30111.26,158
2025-12-05,S-06,ภาคใต้,26765.56,125
2025-12-05,S-90,ภาคกลาง,50185.43,159
2025-12-06,S-01,ภาคกลาง,67047.38,247
2025-12-06,S-02,ภาคกลาง,67047.38,248
2025-12-06,S-03,ภาคอีสาน,37993.52,154
2025-12-06,S-04,ภาคอีสาน,37993.52,136
2025-12-06,S-05,ภาคเหนือ,40228.43,214
2025-12-06,S-06,ภาคใต้,35758.6,114
2025-12-06,S-90,ภาคกลาง,67047.38,349
2025-12-07,S-01,ภาคกลาง,67856.57,262
2025-12-07,S-02,ภาคกลาง,67856.57,214
2025-12-07,S-03,ภาคอีสาน,38452.06,186
2025-12-07,S-04,ภาคอีสาน,38452.06,199
2025-12-07,S-05,ภาคเหนือ,40713.94,181
2025-12-07,S-06,ภาคใต้,36190.17,177
2025-12-07,S-90,ภาคกลาง,67856.57,263
2025-12-08,S-01,ภาคกลาง,55642.94,238
2025-12-08,S-02,ภาคกลาง,55642.94,178
2025-12-08,S-03,ภาคอีสาน,31531.0,167
2025-12-08,S-04,ภาคอีสาน,31531.0,161
2025-12-08,S-05,ภาคเหนือ,33385.76,178
2025-12-08,S-06,ภาคใต้,29676.23,97
2025-12-08,S-90,ภาคกลาง,55642.94,292
2025-12-09,S-01,ภาคกลาง,48073.47,153
2025-12-09,S-02,ภาคกลาง,48073.47,191
2025-12-09,S-03,ภาคอีสาน,27241.63,91
2025-12-09,S-04,ภาคอีสาน,27241.63,100
2025-12-09,S-05,ภาคเหนือ,28844.08,107
2025-12-09,S-06,ภาคใต้,25639.18,92
2025-12-09,S-90,ภาคกลาง,48073.47,260
2025-12-10,S-01,ภาคกลาง,48176.1,198
2025-12-10,S-02,ภาคกลาง,48176.1,184
2025-12-10,S-03,ภาคอีสาน,27299.79,129
2025-12-10,S-04,ภาคอีสาน,27299.79,96
2025-12-10,S-05,ภาคเหนือ,28905.66,143
2025-12-10,S-06,ภาคใต้,25693.92,140
2025-12-10,S-90,ภาคกลาง,48176.1,174
2025-12-11,S-01,ภาคกลาง,59869.31,269
2025-12-11,S-02,ภาคกลาง,59869.31,269
2025-12-11,S-03,ภาคอีสาน,33925.94,156
2025-12-11,S-04,ภาคอีสาน,33925.94,151
2025-12-11,S-05,ภาคเหนือ,35921.59,120
2025-12-11,S-06,ภาคใต้,31930.3,107
2025-12-11,S-90,ภาคกลาง,59869.31,311
2025-12-12,S-01,ภาคกลาง,53463.78,182
2025-12-12,S-02,ภาคกลาง,53463.78,223
2025-12-12,S-03,ภาคอีสาน,30296.14,166
2025-12-12,S-04,ภาคอีสาน,30296.14,95
2025-12-12,S-05,ภาคเหนือ,32078.27,133
2025-12-12,S-06,ภาคใต้,28514.02,118
2025-12-12,S-90,ภาคกลาง,53463.78,203
2025-12-13,S-01,ภาคกลาง,73251.38,285
2025-12-13,S-02,ภาคกลาง,73251.38,239
2025-12-13,S-03,ภาคอีสาน,41509.11,187
2025-12-13,S-04,ภาคอีสาน,41509.11,158
2025-12-13,S-05,ภาคเหนือ,43950.83,238
2025-12-13,S-06,ภาคใต้,39067.4,204
2025-12-13,S-90,ภาคกลาง,73251.38,310
2025-12-14,S-01,ภาคกลาง,76447.19,263
2025-12-14,S-02,ภาคกลาง,76447.19,244
2025-12-14,S-03,ภาคอีสาน,43320.08,153
2025-12-14,S-04,ภาคอีสาน,43320.08,184
2025-12-14,S-05,ภาคเหนือ,45868.32,162
2025-12-14,S-06,ภาคใต้,40771.84,205
2025-12-14,S-90,ภาคกลาง,76447.19,362
2025-12-15,S-01,ภาคกลาง,56309.94,204
2025-12-15,S-02,ภาคกลาง,56309.94,197
2025-12-15,S-03,ภาคอีสาน,31908.96,106
2025-12-15,S-04,ภาคอีสาน,31908.96,137
2025-12-15,S-05,ภาคเหนือ,33785.96,124
2025-12-15,S-06,ภาคใต้,30031.97,145
2025-12-15,S-90,ภาคกลาง,56309.94,191
2025-12-16,S-01,ภาคกลาง,59646.81,319
2025-12-16,S-02,ภาคกลาง,59646.81,199
2025-12-16,S-03,ภาคอีสาน,33799.86,152
2025-12-16,S-04,ภาคอีสาน,33799.86,138
2025-12-16,S-05,ภาคเหนือ,35788.08,132
2025-12-16,S-06,ภาคใต้,31811.63,142
2025-12-16,S-90,ภาคกลาง,59646.81,190
2025-12-17,S-01,ภาคกลาง,59203.31,255
2025-12-17,S-02,ภาคกลาง,59203.31,243
2025-12-17,S-03,ภาคอีสาน,33548.54,180
2025-12-17,S-04,ภาคอีสาน,33548.54,154
2025-12-17,S-05,ภาคเหนือ,35521.98,141
2025-12-17,S-06,ภาคใต้,31575.1,136
2025-12-17,S-90,ภาคกลาง,59203.31,247
2025-12-18,S-01,ภาคกลาง,51286.61,181
2025-12-18,S-02,ภาคกลาง,51286.61,237
2025-12-18,S-03,ภาคอีสาน,29062.41,109
2025-12-18,S-04,ภาคอีสาน,29062.41,101
2025-12-18,S-05,ภาคเหนือ,30771.96,123
2025-12-18,S-06,ภาคใต้,27352.86,86
2025-12-18,S-90,ภาคกลาง,51286.61,193
2025-12-19,S-01,ภาคกลาง,53666.58,272
2025-12-19,S-02,ภาคกลาง,53666.58,199
2025-12-19,S-03,ภาคอีสาน,30411.06,122
2025-12-19,S-04,ภาคอีสาน,30411.06,96
2025-12-19,S-05,ภาคเหนือ,32199.95,134
2025-12-19,S-06,ภาคใต้,28622.17,124
2025-12-19,S-90,ภาคกลาง,53666.58,201
2025-12-20,S-01,ภาคกลาง,118750.95,375
2025-12-20,S-02,ภาคกลาง,118750.95,394
2025-12-20,S-03,ภาคอีสาน,67292.21,262
2025-12-20,S-04,ภาคอีสาน,67292.21,274
2025-12-20,S-05,ภาคเหนือ,71250.57,291
2025-12-20,S-06,ภาคใต้,63333.84,243
2025-12-20,S-90,ภาคกลาง,118750.95,492
2025-12-21,S-01,ภาคกลาง,128950.74,534
2025-12-21,S-02,ภาคกลาง,128950.74,616
2025-12-21,S-03,ภาคอีสาน,73072.09,359
2025-12-21,S-04,ภาคอีสาน,73072.09,281
2025-12-21,S-05,ภาคเหนือ,77370.44,345
2025-12-21,S-06,ภาคใต้,68773.73,312
2025-12-21,S-90,ภาคกลาง,128950.74,632
2025-12-22,S-01,ภาคกลาง,91624.09,292
2025-12-22,S-02,ภาคกลาง,91624.09,415
2025-12-22,S-03,ภาคอีสาน,51920.32,259
2025-12-22,S-04,ภาคอีสาน,51920.32,221
2025-12-22,S-05,ภาคเหนือ,54974.46,201
2025-12-22,S-06,ภาคใต้,48866.18,202
2025-12-22,S-90,ภาคกลาง,91624.09,295
2025-12-23,S-01,ภาคกลาง,78882.82,267
2025-12-23,S-02,ภาคกลาง,78882.82,404
2025-12-23,S-03,ภาคอีสาน,44700.27,209
2025-12-23,S-04,ภาคอีสาน,44700.27,217
2025-12-23,S-05,ภาคเหนือ,47329.69,198
2025-12-23,S-06,ภาคใต้,42070.84,184
2025-12-23,S-90,ภาคกลาง,78882.82,372
2025-12-24,S-01,ภาคกลาง,89565.19,298
2025-12-24,S-02,ภาคกลาง,89565.19,340
2025-12-24,S-03,ภาคอีสาน,50753.61,184
2025-12-24,S-04,ภาคอีสาน,50753.61,170
2025-12-24,S-05,ภาคเหนือ,53739.11,276
2025-12-24,S-06,ภาคใต้,47768.1,236
2025-12-24,S-90,ภาคกลาง,89565.19,417
2025-12-25,S-01,ภาคกลาง,83905.27,301
2025-12-25,S-02,ภาคกลาง,83905.27,286
2025-12-25,S-03,ภาคอีสาน,47546.32,157
2025-12-25,S-04,ภาคอีสาน,47546.32,190
2025-12-25,S-05,ภาคเหนือ,50343.16,239
2025-12-25,S-06,ภาคใต้,44749.48,162
2025-12-25,S-90,ภาคกลาง,83905.27,404
2025-12-26,S-01,ภาคกลาง,96014.13,381
2025-12-26,S-02,ภาคกลาง,96014.13,504
2025-12-26,S-03,ภาคอีสาน,54408.01,177
2025-12-26,S-04,ภาคอีสาน,54408.01,195
2025-12-26,S-05,ภาคเหนือ,57608.48,240
2025-12-26,S-06,ภาคใต้,51207.54,183
2025-12-26,S-90,ภาคกลาง,96014.13,428
2025-12-27,S-01,ภาคกลาง,117955.81,478
2025-12-27,S-02,ภาคกลาง,117955.81,377
2025-12-27,S-03,ภาคอีสาน,66841.63,222
2025-12-27,S-04,ภาคอีสาน,66841.63,368
2025-12-27,S-05,ภาคเหนือ,70773.49,224
2025-12-27,S-06,ภาคใต้,62909.77,268
2025-12-27,S-90,ภาคกลาง,117955.81,620
2025-12-28,S-01,ภาคกลาง,113491.65,394
2025-12-28,S-02,ภาคกลาง,113491.65,417
2025-12-28,S-03,ภาคอีสาน,64311.93,267
2025-12-28,S-04,ภาคอีสาน,64311.93,218
2025-12-28,S-05,ภาคเหนือ,68094.99,327
2025-12-28,S-06,ภาคใต้,60528.88,230
2025-12-28,S-90,ภาคกลาง,113491.65,477
2025-12-29,S-01,ภาคกลาง,98478.83,397
2025-12-29,S-02,ภาคกลาง,98478.83,514
2025-12-29,S-03,ภาคอีสาน,55804.67,291
2025-12-29,S-04,ภาคอีสาน,55804.67,177
2025-12-29,S-05,ภาคเหนือ,59087.3,219
2025-12-29,S-06,ภาคใต้,52522.04,248
2025-12-29,S-90,ภาคกลาง,98478.83,356
2025-12-30,S-01,ภาคกลาง,95065.49,376
2025-12-30,S-02,ภาคกลาง,95065.49,523
2025-12-30,S-03,ภาคอีสาน,53870.45,237
2025-12-30,S-04,ภาคอีสาน,53870.45,286
2025-12-30,S-05,ภาคเหนือ,57039.3,181
2025-12-30,S-06,ภาคใต้,50701.6,176
2025-12-30,S-90,ภาคกลาง,95065.49,312
2025-12-31,S-01,ภาคกลาง,94906.94,442
2025-12-31,S-02,ภาคกลาง,94906.94,429
2025-12-31,S-03,ภาคอีสาน,53780.6,289
2025-12-31,S-04,ภาคอีสาน,53780.6,215
2025-12-31,S-05,ภาคเหนือ,56944.16,223
2025-12-31,S-06,ภาคใต้,50617.04,185
2025-12-31,S-90,ภาคกลาง,94906.94,403
