txn_id,source_system,txn_date,sku,store_id,customer_id,quantity,unit_price,discount,net_amount,txn_type
T-501573,MARKETPLACE,12/07/2025,101,S-04,C-1166,1,35.00,1.75,34.91,SALE
T-502343,APP,2025-08-02,P201,S-04,C-1314,1,95.00,0.00,95.00,SALE
T-502882,MARKETPLACE,15/08/2025,203,S-90,C-1358,1,75.00,3.75,71.25,SALE
T-501076,APP,2025-06-29,P302, s-03 ,C-1044,1,3890.00,0.00,3890.00,SALE
T-500778,POS,2025-06-21,P-301,TEMP,C-1344,3,2450.00,0.00,7350.00,SALE
T-501930,POS,2025-07-22,P-202,S-03,C-1206,1,120.00,12.00,108.00,SALE
T-501467,POS,2025-07-10,P-301,S-88,C-1113,1,2450.00,0.00,2450.00,SALE
T-501359,POS,2025-07-07,P-101,S-06,C-1267,3,35.00,10.50,94.50,SALE
T-502537,POS,2025-08-07,P-201,S-01,C-1232,1,95.00,0.00,95.00,SALE
T-500545,POS,2025-06-15,P-103,S-03,C-1159,1,45.00,0.00,45.00,SALE
T-502762,POS,2025-08-12,P-302, s-03 ,C-1049,1,3890.00,583.50,3306.50,SALE
T-503234,MARKETPLACE,25/08/2025,102,S-01,N/A,6,28.00,25.20,142.80,SALE
T-500369,APP,2025-06-10,P201,S-03,C-1070,1,95.00,14.25,80.75,SALE
T-502551,POS,2025-08-07,P-201,S-90,C-1328,1,95.00,9.50,85.50,SALE
T-500581,APP,2025-06-16,P102,S-05,C-1259,1,28.00,1.40,26.60,SALE
T-500377,POS,2025-06-10,P-101,S-90,C-1369,1,35.00,1.75,33.25,SALE
T-501040,MARKETPLACE,28/06/2025,102,S-01,,1,28.00,1.40,26.60,SALE
T-502176,POS,2025-07-28,P-301,S-90,C-1333,3,2450.00,0.00,7350.00,SALE
T-502774,POS,2025-08-13,P-101,S-01,C-1359,1,35.00,0.00,35.00,SALE
T-503064,POS,2025-08-20,P-301,S-05,N/A,2,2450.00,735.00,4165.00,SALE
T-501244,POS,2025-07-04,P-203,S-02,C-1241,1,75.00,0.00,75.00,SALE
T-502933-R,APP,2025-08-17,P302,S-90,C-1080,2,3890.00,0.00,7780.00,RETURN
T-502456,POS,2025-08-04,P-302,S-05,C-1233,1,3890.00,583.50,3306.50,SALE
T-502816,MARKETPLACE,14/08/2025,101,S-03,C-1344,2,35.00,3.50,66.50,SALE
T-501253,POS,2025-07-04,P-301,S-05,C-1072,1,2450.00,0.00,2450.00,SALE
T-501476,POS,2025-07-10,P-301,S-01,C-1075,1,2450.00,245.00,2205.00,SALE
T-502623,POS,2025-08-09,P-201,TEMP,C-1197,1,95.00,4.75,90.25,SALE
T-502870,MARKETPLACE,15/08/2025,101,S-03,C-1208,1,35.00,3.50,31.50,SALE
T-500874,MARKETPLACE,24/06/2025,101,S-02,C-1281,2,35.00,10.50,59.50,SALE
T-501261,MARKETPLACE,04/07/2025,301,S-01,C-1092,1,2450.00,0.00,2572.50,SALE
T-501108,APP,2025-06-30,P302,S-90,C-1323,1,3890.00,389.00,3501.00,SALE
T-503282,POS,2025-08-26,P-102,S-06,N/A,1,28.00,2.80,25.20,SALE
T-500666-R,APP,2025-06-18,P102,S-99,C-1176,1,28.00,0.00,28.00,RETURN
T-500089,MARKETPLACE,03/06/2025,203, s-01 ,C-1063,1,75.00,0.00,75.00,SALE
T-502071,MARKETPLACE,25/07/2025,203,S-06,C-1148,2,75.00,0.00,150.00,SALE
T-501288,MARKETPLACE,05/07/2025,302,S-05,NULL,3,3890.00,583.50,11086.50,SALE
T-501588,POS,2025-07-13,P-203,S-04,C-1125,1,75.00,11.25,63.75,SALE
T-501865,MARKETPLACE,20/07/2025,203,S-06,C-1106,1,75.00,3.75,71.25,SALE
T-500435,APP,2025-06-12,P102,S-90,C-1191,1,28.00,0.00,28.00,SALE
T-501581,APP,2025-07-13,P301,S-01,C-1062,1,2450.00,367.50,2082.50,SALE
T-500405-R,POS,2025-06-11,P-201,S-05,C-1056,-2,95.00,9.50,-180.50,SALE
T-501468,APP,2025-07-10,P203,S-01,C-1225,1,75.00,0.00,75.00,SALE
T-502114,POS,2025-07-26,P-302, s-02 ,N/A,6,3890.00,0.00,23340.00,SALE
T-503099,POS,2025-08-21,P-203,S-04,C-1388,2,75.00,0.00,150.00,SALE
T-501892,MARKETPLACE,20/07/2025,201,S-01,,2,95.00,28.50,161.50,SALE
T-501303,APP,2025-07-05,P103,S-01,C-1106,1,45.00,4.50,40.50,SALE
T-500506,MARKETPLACE,13/06/2025,301,S-02,C-1087,1,2450.00,0.00,2450.00,SALE
T-500714,POS,2025-06-20,P-103,S-06,C-1005,2,45.00,0.00,90.00,SALE
T-501738,APP,2025-07-17,P103,S-90,C-1143,6,45.00,0.00,270.00,SALE
T-500255,POS,2025-06-07,P-201,S-04,C-1153,2,95.00,19.00,171.00,SALE
T-502726,MARKETPLACE,12/08/2025,103,S-06,C-1316,1,45.00,0.00,45.00,SALE
T-501869,APP,2025-07-20,P302,S-05,C-1235,1,3890.00,0.00,3890.00,SALE
T-502775,POS,2025-08-13,P-202,S-02,C-1259,2,120.00,12.00,228.00,SALE
T-501114,MARKETPLACE,30/06/2025,102,S-01,C-1138,1,28.00,0.00,28.00,SALE
T-501478,APP,2025-07-10,P301,S-02,C-1137,2,2450.00,735.00,4165.00,SALE
T-502874,POS,2025-08-15,P-201,S-03,C-1045,1,95.00,0.00,95.00,SALE
T-502848,POS,2025-08-15,P-102,S-06,C-1084,2,28.00,0.00,56.00,SALE
T-500739,POS,2025-06-20,P-102,S-05,C-1108,1,28.00,2.80,25.20,SALE
T-501321,APP,2025-07-06,P301,S-88,C-1384,2,2450.00,245.00,4655.00,SALE
T-500102,APP,2025-06-03,P201,S-02,C-1215,1,95.00,0.00,95.00,SALE
T-503206,APP,2025-08-24,P202, s-90 ,C-1178,1,120.00,0.00,120.00,SALE
T-501133,POS,2025-07-01,P-202,S-04,C-1225,1,120.00,18.00,102.00,SALE
T-502123,APP,2025-07-27,P102,S-01,C-1228,2,28.00,0.00,56.00,SALE
T-501855,POS,2025-07-19,P-102, s-90 ,C-1269,1,28.00,0.00,28.00,SALE
T-501104,APP,2025-06-30,P302,S-02,C-1286,1,3890.00,194.50,3695.50,SALE
T-500963-R,MARKETPLACE,26/06/2025,101,S-90,C-1058,3,35.00,10.50,94.50,RETURN
T-501278,APP,2025-07-04,P103,S-05,C-1195,3,45.00,0.00,135.00,SALE
T-502833,POS,2025-08-14,P-101,S-05,C-1261,3,35.00,10.50,94.50,SALE
T-501665,POS,2025-07-15,P-101,S-90,C-1379,1,35.00,3.50,31.50,SALE
T-502498,MARKETPLACE,06/08/2025,203,S-05,C-1094,1,75.00,0.00,75.00,SALE
T-500850,APP,2025-06-23,P101,S-01,C-1070,2,35.00,0.00,70.00,SALE
T-501346,POS,2025-07-06,P-201, s-04 ,C-1176,1,95.00,9.50,85.50,SALE
T-503077,POS,2025-08-21,P-202,S-06,C-1262,1,120.00,0.00,120.00,SALE
T-500484,APP,2025-06-13,P301,S-01,C-1134,2,2450.00,0.00,4900.00,SALE
T-501803,POS,2025-07-18,P-302,S-05,C-1381,1,3890.00,194.50,3695.50,SALE
T-500387,APP,2025-06-10,P103,S-05,C-1244,1,45.00,2.25,42.75,SALE
T-502620-R,POS,2025-08-09,P-201, s-01 ,N/A,-1,95.00,4.75,-81.23,SALE
T-503033,APP,2025-08-20,P103,S-06,C-1291,1,45.00,0.00,45.00,SALE
T-500045,APP,2025-06-02,P302,S-05,C-1175,3,3890.00,583.50,11640.83,SALE
T-502206,POS,2025-07-29,P-202,S-06,C-1177,3,120.00,0.00,360.00,SALE
T-501295,APP,2025-07-05,P202, s-02 ,C-1063,1,120.00,6.00,114.00,SALE
T-500184,MARKETPLACE,05/06/2025,302,S-01,C-1297,1,3890.00,0.00,3890.00,SALE
T-502053,POS,2025-07-25,P-203,S-06,C-1065,2,75.00,15.00,141.75,SALE
T-501492,MARKETPLACE,10/07/2025,102,S-04,C-1340,1,28.00,0.00,28.00,SALE
T-502738,MARKETPLACE,12/08/2025,302, s-05 ,C-1126,2,3890.00,0.00,7780.00,SALE
T-502851,POS,2025-08-15,P-103,S-01,C-1348,1,45.00,0.00,45.00,SALE
T-503356,POS,2025-08-28,P-301,S-90,C-1169,1,2450.00,0.00,2450.00,SALE
T-500002,MARKETPLACE,01/06/2025,203,S-04,C-1300,1,75.00,3.75,71.25,SALE
T-501919,POS,2025-07-21,P-101,S-02,C-1119,1,35.00,0.00,35.00,SALE
T-500713,POS,2025-06-20,P-203,S-05,C-1016,1,75.00,11.25,63.75,SALE
T-500928,MARKETPLACE,25/06/2025,101,S-06,C-1046,1,35.00,1.75,33.25,SALE
T-500676-R,APP,2025-06-18,P203,S-05,C-1036,1,75.00,0.00,75.00,RETURN
T-501193-R,POS,2025-07-02,P-302,S-03,C-1297,-1,3890.00,583.50,-3306.50,SALE
T-503075,POS,2025-08-21,P-202,S-06,C-1303,2,120.00,0.00,240.00,SALE
T-500733,MARKETPLACE,20/06/2025,203,S-01,C-1111,1,75.00,0.00,75.00,SALE
T-500564,APP,2025-06-15,P103, s-01 ,C-1063,1,45.00,6.75,40.16,SALE
T-500303,APP,2025-06-08,P202,S-06,C-1106,1,120.00,0.00,120.00,SALE
T-502699,APP,2025-08-11,P201,S-90,C-1287,2,95.00,28.50,161.50,SALE
T-502225,APP,2025-07-30,P102,S-01,C-1105,1,28.00,1.40,26.60,SALE
T-502032,APP,2025-07-24,P103,S-02,C-1060,2,45.00,9.00,81.00,SALE
T-502915,MARKETPLACE,16/08/2025,301,S-06,C-1143,1,2450.00,367.50,2082.50,SALE
T-501711,POS,2025-07-16,P-202,S-03,C-1061,2,120.00,0.00,240.00,SALE
T-500599,POS,2025-06-16,P-102,S-05,C-1360,1,28.00,4.20,23.80,SALE
T-501740,APP,2025-07-17,P202,S-01,C-1231,1,120.00,0.00,120.00,SALE
T-500078,POS,2025-06-02,P-201,S-06,C-1262,6,95.00,28.50,541.50,SALE
T-501763,MARKETPLACE,17/07/2025,101,S-06,C-1080,2,35.00,3.50,66.50,SALE
T-500315,POS,2025-06-08,P-103,S-04,C-1096,3,45.00,0.00,135.00,SALE
T-500405,POS,2025-06-11,P-201,S-05,C-1056,2,95.00,9.50,180.50,SALE
T-500863,APP,2025-06-23,P203,S-05,C-1249,2,75.00,15.00,135.00,SALE
T-500404,POS,2025-06-11,P-201,S-04,C-1368,1,95.00,0.00,95.00,SALE
T-501324,POS,2025-07-06,P-202,S-05,C-1218,3,120.00,0.00,360.00,SALE
T-501862,POS,2025-07-20,P-101,S-04,C-1285,2,35.00,3.50,66.50,SALE
T-503199,MARKETPLACE,24/08/2025,202,S-06,C-1178,1,120.00,0.00,120.00,SALE
T-503217,POS,2025-08-24,P-202,S-03,,3,120.00,0.00,360.00,SALE
T-500267,APP,2025-06-07,P102,S-05,C-1109,1,28.00,0.00,28.00,SALE
T-500378,APP,2025-06-10,P202,S-90,C-1349,6,120.00,0.00,720.00,SALE
T-502877,MARKETPLACE,15/08/2025,201,S-90,C-1159,2,95.00,0.00,190.00,SALE
T-500923,POS,2025-06-25,P-301,S-03,N/A,1,2450.00,0.00,2450.00,SALE
T-503177,APP,2025-08-24,P203,S-03,C-1284,2,75.00,15.00,135.00,SALE
T-502501,POS,2025-08-06,P-302,S-02,C-1073,6,3890.00,3501.00,19839.00,SALE
T-501179,POS,2025-07-02,P-103,S-03,N/A,3,45.00,6.75,128.25,SALE
T-502400,POS,2025-08-03,P-202,S-02,C-1078,1,120.00,18.00,102.00,SALE
T-500236,POS,2025-06-06,P-202,S-90,C-1073,3,120.00,36.00,324.00,SALE
T-500092,POS,2025-06-03,P-301,S-05,C-1383,1,2450.00,122.50,2327.50,SALE
T-501827,POS,2025-07-19,P-302,S-05,C-1133,2,3890.00,0.00,7780.00,SALE
T-502718,APP,2025-08-11,P202,S-04,C-1264,1,120.00,0.00,120.00,SALE
T-501373,POS,2025-07-07,P-301,S-05,C-1179,1,2450.00,367.50,2082.50,SALE
T-502930,POS,2025-08-17,P-203,S-02,C-1295,1,75.00,11.25,63.75,SALE
T-502950,MARKETPLACE,17/08/2025,202,S-90,C-1359,1,120.00,0.00,120.00,SALE
T-500424,APP,2025-06-12,P202,S-04,C-1206,1,120.00,0.00,120.00,SALE
T-503195,POS,2025-08-24,P-102,S-03,C-1355,2,28.00,0.00,56.00,SALE
T-500800,MARKETPLACE,22/06/2025,302,S-05,C-1103,1,3890.00,194.50,3695.50,SALE
T-500806,POS,2025-06-22,P-301,S-02,C-1386,2,2450.00,0.00,4900.00,SALE
T-501500,POS,2025-07-11,P-302,S-06,C-1088,1,3890.00,0.00,3890.00,SALE
T-502951,MARKETPLACE,17/08/2025,302,S-90,C-1036,2,3890.00,389.00,7391.00,SALE
T-500751-R,APP,2025-06-21,P102,S-90,C-1033,1,28.00,0.00,28.00,RETURN
T-501147,MARKETPLACE,01/07/2025,203,S-04,C-1124,3,75.00,22.50,202.50,SALE
T-501927,APP,2025-07-21,P102,S-03,C-1083,2,28.00,0.00,56.00,SALE
T-501292,POS,2025-07-05,P-203,S-01,C-1207,2,75.00,22.50,127.50,SALE
T-503318,APP,2025-08-27,P301,S-04,C-1184,2,2450.00,245.00,4655.00,SALE
T-502625,APP,2025-08-09,P102,S-90,C-1031,1,28.00,1.40,26.60,SALE
T-501713,POS,2025-07-16,P-201,S-90,C-1159,1,95.00,0.00,95.00,SALE
T-502311-R,POS,2025-08-01,P-301,S-03,C-1120,-1,2450.00,0.00,-2450.00,SALE
T-501109,APP,2025-06-30,P203,S-01,C-1147,3,75.00,33.75,191.25,SALE
T-500562,APP,2025-06-15,P301,S-06,C-1344,6,2450.00,0.00,14700.00,SALE
T-500032,POS,2025-06-01,P-202,S-01,C-1051,2,120.00,24.00,216.00,SALE
T-500044-R,POS,2025-06-02,P-102,S-04,C-1116,-1,28.00,0.00,-28.00,SALE
T-502629,POS,2025-08-09,P-103,S-03,C-1175,1,45.00,0.00,45.00,SALE
T-502982,MARKETPLACE,18/08/2025,201,S-90,,3,95.00,28.50,256.50,SALE
T-500843,APP,2025-06-23,P302,S-99,C-1261,1,3890.00,0.00,3890.00,SALE
T-502412,APP,2025-08-03,P103,S-03,C-1059,2,45.00,0.00,90.00,SALE
T-501213,MARKETPLACE,03/07/2025,102, s-04 ,C-1013,2,28.00,2.80,53.20,SALE
T-502854,POS,2025-08-15,P-201,S-06,C-1085,1,95.00,14.25,80.75,SALE
T-501815,POS,2025-07-19,P-201,S-88,C-1253,2,95.00,28.50,161.50,SALE
T-501291,MARKETPLACE,05/07/2025,202,S-06,NULL,2,120.00,0.00,240.00,SALE
T-503158,POS,2025-08-23,P-203,S-02,C-1396,1,75.00,3.75,71.25,SALE
T-500554,POS,2025-06-15,P-203,S-02,C-1032,3,75.00,0.00,225.00,SALE
T-502965,POS,2025-08-18,P-103,S-06,C-1077,1,45.00,6.75,38.25,SALE
T-502769-R,APP,2025-08-13,P201,TEMP,C-1139,2,95.00,19.00,171.00,RETURN
T-502860,POS,2025-08-15,P-302,S-01,NULL,2,3890.00,0.00,7780.00,SALE
T-500006,POS,2025-06-01,P-102,S-05,C-1280,2,28.00,2.80,53.20,SALE
T-501896,APP,2025-07-20,P202,S-02,,2,120.00,24.00,216.00,SALE
T-502624,POS,2025-08-09,P-102,S-90,C-1090,2,28.00,2.80,53.20,SALE
T-501004,POS,2025-06-27,P-201,S-01,C-1314,1,95.00,0.00,95.00,SALE
T-503386,MARKETPLACE,29/08/2025,201,S-03,C-1354,1,95.00,4.75,90.25,SALE
T-500755,MARKETPLACE,21/06/2025,203,S-90,C-1297,2,75.00,15.00,135.00,SALE
T-500504,POS,2025-06-13,P-301, s-04 ,C-1092,2,2450.00,0.00,4900.00,SALE
T-502461,MARKETPLACE,05/08/2025,103,S-90,C-1162,2,45.00,9.00,81.00,SALE
T-502341,MARKETPLACE,02/08/2025,301,S-03,C-1338,1,2450.00,245.00,2425.50,SALE
T-503294,POS,2025-08-26,P-103,S-06,C-1208,1,45.00,0.00,45.00,SALE
T-500492,APP,2025-06-13,P103,S-06,C-1348,1,45.00,0.00,45.00,SALE
T-501797,APP,2025-07-18,P202,S-06,C-1012,1,120.00,0.00,120.00,SALE
T-502269,APP,2025-07-31,P103,S-90,N/A,2,45.00,4.50,85.50,SALE
T-500127,POS,2025-06-04,P-301,S-90,C-1276,1,2450.00,0.00,2695.00,SALE
T-503162,POS,2025-08-23,P-203, s-05 ,C-1213,2,75.00,7.50,142.50,SALE
T-501595,APP,2025-07-13,P301, s-03 ,C-1059,3,2450.00,1102.50,6247.50,SALE
T-500633-R,POS,2025-06-17,P-201, s-05 ,C-1269,-1,95.00,0.00,-95.00,SALE
T-501447,APP,2025-07-09,P102,S-99,C-1120,2,28.00,0.00,56.00,SALE
T-500626,APP,2025-06-17,P202,S-03,NULL,1,120.00,18.00,102.00,SALE
T-502159,MARKETPLACE,28/07/2025,101,S-05,N/A,1,35.00,1.75,33.25,SALE
T-500524,MARKETPLACE,14/06/2025,101,S-01,C-1115,1,35.00,1.75,33.25,SALE
T-500578,MARKETPLACE,16/06/2025,301,S-01,C-1396,3,2450.00,0.00,7350.00,SALE
T-503326,POS,2025-08-27,P-301,S-04,C-1174,1,2450.00,0.00,2450.00,SALE
T-501935,MARKETPLACE,22/07/2025,102,S-02,C-1150,2,28.00,5.60,50.40,SALE
T-501437,MARKETPLACE,09/07/2025,302,S-02,C-1068,1,3890.00,0.00,3890.00,SALE
T-502681,POS,2025-08-11,P-202,S-04,C-1371,1,120.00,18.00,102.00,SALE
T-503311,APP,2025-08-27,P301,S-90,C-1239,6,2450.00,1470.00,13230.00,SALE
T-502043,POS,2025-07-24,P-302,S-04,C-1067,1,3890.00,0.00,3890.00,SALE
T-501586,POS,2025-07-13,P-201,S-01,C-1172,2,95.00,28.50,161.50,SALE
T-501984,APP,2025-07-23,P102,S-01,C-1396,1,28.00,2.80,25.20,SALE
T-501933,APP,2025-07-22,P102,S-04,C-1288,1,28.00,0.00,28.00,SALE
T-502038,POS,2025-07-24,P-301,S-03,C-1147,2,2450.00,0.00,4900.00,SALE
T-502166,POS,2025-07-28,P-203,S-04,C-1278,2,75.00,0.00,150.00,SALE
T-503078,APP,2025-08-21,P101,S-03,C-1192,6,35.00,0.00,210.00,SALE
T-502789-R,POS,2025-08-13,P-102,S-90,C-1182,-1,28.00,2.80,-25.20,SALE
T-502085,APP,2025-07-26,P203,S-05,C-1229,2,75.00,0.00,150.00,SALE
T-502598,MARKETPLACE,09/08/2025,202, s-90 ,C-1284,3,120.00,18.00,342.00,SALE
T-500336-R,APP,2025-06-09,P202,S-06,C-1367,2,120.00,36.00,204.00,RETURN
T-502402,POS,2025-08-03,P-201,S-90,C-1214,2,95.00,0.00,190.00,SALE
T-503384,POS,2025-08-29,P-202,S-02,C-1118,3,120.00,36.00,324.00,SALE
T-503343,POS,2025-08-28,P-202, s-90 ,C-1018,1,120.00,0.00,120.00,SALE
T-502243-R,POS,2025-07-30,P-301,S-90,C-1207,-2,2450.00,0.00,-4900.00,SALE
T-502426,APP,2025-08-04,P202,S-90,C-1012,2,120.00,12.00,228.00,SALE
T-500571,POS,2025-06-16,P-301,S-05,NULL,1,2450.00,367.50,2082.50,SALE
T-502511,POS,2025-08-06,P-201,S-06,C-1319,1,95.00,0.00,95.00,SALE
T-502713,MARKETPLACE,11/08/2025,101,S-90,C-1227,1,35.00,5.25,29.75,SALE
T-503151,POS,2025-08-23,P-302,S-05,C-1176,1,3890.00,194.50,3695.50,SALE
T-501931,MARKETPLACE,22/07/2025,103,S-04,C-1128,1,45.00,0.00,45.00,SALE
T-500555-R,MARKETPLACE,15/06/2025,302,S-05,C-1307,1,3890.00,0.00,3890.00,RETURN
T-503357,POS,2025-08-28,P-201,S-02,C-1025,1,95.00,0.00,95.00,SALE
T-502974,POS,2025-08-18,P-102, s-06 ,C-1010,1,28.00,4.20,23.80,SALE
T-503367,POS,2025-08-28,P-101,S-02,C-1259,3,35.00,10.50,94.50,SALE
T-502473,APP,2025-08-05,P102,S-05,C-1006,6,28.00,0.00,168.00,SALE
T-503006,MARKETPLACE,19/08/2025,101,S-05,C-1169,1,35.00,0.00,35.00,SALE
T-503057,APP,2025-08-20,P203,S-02,C-1055,2,75.00,0.00,150.00,SALE
T-503389,POS,2025-08-29,P-201,S-02,C-1052,2,95.00,0.00,171.00,SALE
T-501925-R,POS,2025-07-21,P-302,S-90,C-1022,-1,3890.00,194.50,-3695.50,SALE
T-500662,POS,2025-06-18,P-301,S-01,C-1286,1,2450.00,0.00,2450.00,SALE
T-500921,MARKETPLACE,25/06/2025,301,S-03,C-1377,3,2450.00,0.00,8085.00,SALE
T-502823,APP,2025-08-14,P203,S-03,,1,75.00,11.25,63.75,SALE
T-502739,POS,2025-08-12,P-301,S-05,C-1260,3,2450.00,0.00,7350.00,SALE
T-502516,POS,2025-08-06,P-203,S-02,N/A,2,75.00,0.00,150.00,SALE
T-503019,POS,2025-08-19,P-201,S-01,C-1009,2,95.00,9.50,180.50,SALE
T-500136,MARKETPLACE,04/06/2025,201,S-05,C-1381,1,95.00,0.00,95.00,SALE
T-502853,POS,2025-08-15,P-101,S-88,C-1214,1,35.00,0.00,35.00,SALE
T-500214,POS,2025-06-06,P-301,S-06,C-1102,1,2450.00,245.00,2205.00,SALE
T-501516,APP,2025-07-11,P101,S-06,C-1131,1,35.00,5.25,29.75,SALE
T-502762,POS,2025-08-12,P-302, s-03 ,C-1049,1,3890.00,583.50,3306.50,SALE
T-500059,POS,2025-06-02,P-202, s-90 ,C-1350,1,120.00,0.00,120.00,SALE
T-501654,POS,2025-07-14,P-101,S-90,,1,35.00,0.00,35.00,SALE
T-502499,MARKETPLACE,06/08/2025,102,TEMP,C-1180,2,28.00,5.60,50.40,SALE
T-501510,APP,2025-07-11,P202,S-03,C-1286,1,120.00,18.00,102.00,SALE
T-501864,POS,2025-07-20,P-102,S-03,C-1196,2,28.00,8.40,47.60,SALE
T-502194,POS,2025-07-29,P-302,S-04,C-1389,3,3890.00,583.50,11086.50,SALE
T-502684,MARKETPLACE,11/08/2025,101,S-05,C-1150,1,35.00,0.00,35.00,SALE
T-500417,APP,2025-06-11,P203,S-06,C-1182,1,75.00,0.00,75.00,SALE
T-502041,POS,2025-07-24,P-201,S-06,C-1370,1,95.00,9.50,85.50,SALE
T-502931,MARKETPLACE,17/08/2025,102,S-05,C-1377,1,28.00,0.00,30.80,SALE
T-502012-R,POS,2025-07-23,P-202,S-03,C-1240,-1,120.00,0.00,-120.00,SALE
T-500181,MARKETPLACE,05/06/2025,102,S-06,C-1344,1,28.00,0.00,28.00,SALE
T-502538,MARKETPLACE,07/08/2025,101,S-06,C-1037,6,35.00,31.50,178.50,SALE
T-503054,POS,2025-08-20,P-203,S-06,C-1238,3,75.00,11.25,213.75,SALE
T-502812,APP,2025-08-14,P201,S-90,C-1050,1,95.00,4.75,90.25,SALE
T-502657,MARKETPLACE,10/08/2025,302,S-01,C-1330,1,3890.00,0.00,3890.00,SALE
T-500796,POS,2025-06-22,P-103,S-03,C-1312,1,45.00,0.00,45.00,SALE
T-502901,APP,2025-08-16,P201,S-06,C-1048,2,95.00,0.00,190.00,SALE
T-502109,POS,2025-07-26,P-103,S-02,C-1332,3,45.00,20.25,114.75,SALE
T-501888,APP,2025-07-20,P101, s-90 ,C-1065,1,35.00,3.50,31.50,SALE
T-500478,POS,2025-06-13,P-101,S-03,C-1187,1,35.00,1.75,33.25,SALE
T-501116,POS,2025-06-30,P-201,S-90,C-1068,3,95.00,0.00,285.00,SALE
T-500044,POS,2025-06-02,P-102,S-04,C-1116,1,28.00,0.00,28.00,SALE
T-500298,POS,2025-06-08,P-201,S-01,C-1082,1,95.00,0.00,95.00,SALE
T-503049,POS,2025-08-20,P-302,S-04,C-1058,1,3890.00,389.00,3501.00,SALE
T-500992,POS,2025-06-27,P-202,S-04,C-1119,2,120.00,12.00,228.00,SALE
T-502896,POS,2025-08-16,P-101,S-04,N/A,1,35.00,0.00,35.00,SALE
T-502985,APP,2025-08-18,P201,S-02,C-1315,1,95.00,0.00,95.00,SALE
T-500821,MARKETPLACE,22/06/2025,301,S-01,C-1110,2,2450.00,0.00,4900.00,SALE
T-501315,POS,2025-07-05,P-101,S-06,C-1222,1,35.00,0.00,35.00,SALE
T-501128,POS,2025-07-01,P-203,S-02,N/A,1,75.00,3.75,71.25,SALE
T-502420,APP,2025-08-04,P102,S-01,C-1342,1,28.00,2.80,25.20,SALE
T-500529,POS,2025-06-14,P-203, s-01 ,NULL,2,75.00,22.50,127.50,SALE
T-501217,POS,2025-07-03,P-102,S-05,NULL,1,28.00,0.00,28.00,SALE
T-502310,MARKETPLACE,01/08/2025,102, s-03 ,C-1052,1,28.00,0.00,28.00,SALE
T-502133,APP,2025-07-27,P201,S-02,NULL,3,95.00,0.00,285.00,SALE
T-500767,POS,2025-06-21,P-103,S-04,C-1226,1,45.00,2.25,44.89,SALE
T-502362,POS,2025-08-02,P-301,S-05,C-1027,2,2450.00,735.00,3748.50,SALE
T-502882-R,MARKETPLACE,15/08/2025,203,S-90,C-1358,1,75.00,3.75,71.25,RETURN
T-500552,POS,2025-06-15,P-302,S-04,C-1001,1,3890.00,194.50,3695.50,SALE
T-500814,APP,2025-06-22,P103,S-02,C-1352,3,45.00,13.50,121.50,SALE
T-500279,APP,2025-06-08,P201,S-05,C-1336,1,95.00,0.00,95.00,SALE
T-501641,APP,2025-07-14,P301,S-06,C-1109,1,2450.00,367.50,2082.50,SALE
T-502471,POS,2025-08-05,P-101,S-05,C-1061,1,35.00,0.00,35.00,SALE
T-503262,POS,2025-08-26,P-202,S-06,C-1133,6,120.00,0.00,720.00,SALE
T-500978,APP,2025-06-26,P301,S-01,C-1061,1,2450.00,367.50,2082.50,SALE
T-500919,MARKETPLACE,25/06/2025,201,S-06,C-1111,1,95.00,0.00,95.00,SALE
T-501011,POS,2025-06-27,P-302,S-02,C-1223,1,3890.00,583.50,3306.50,SALE
T-500058,POS,2025-06-02,P-201,S-02,C-1390,1,95.00,4.75,81.23,SALE
T-500563,POS,2025-06-15,P-301,S-02,C-1229,1,2450.00,0.00,2450.00,SALE
T-502660,POS,2025-08-10,P-202,S-05,C-1391,1,120.00,0.00,120.00,SALE
T-502586-R,APP,2025-08-08,P103,S-04,C-1088,2,45.00,0.00,90.00,RETURN
T-502429,POS,2025-08-04,P-301,S-99,C-1013,2,2450.00,0.00,4900.00,SALE
T-501120,APP,2025-06-30,P301,S-01,C-1077,1,2450.00,0.00,2450.00,SALE
T-503045,APP,2025-08-20,P302,S-04,C-1275,2,3890.00,389.00,7391.00,SALE
T-502817-R,APP,2025-08-14,P201,S-06,C-1197,3,95.00,28.50,256.50,RETURN
T-500299,MARKETPLACE,08/06/2025,203,S-05,C-1045,1,75.00,0.00,75.00,SALE
T-500388,POS,2025-06-10,P-103,S-03,C-1133,1,45.00,0.00,45.00,SALE
T-500913,POS,2025-06-25,P-202,S-90,C-1111,2,120.00,0.00,264.00,SALE
T-502278,POS,2025-07-31,P-201,S-03,C-1331,1,95.00,4.75,90.25,SALE
T-503377,APP,2025-08-29,P301,S-90,C-1179,1,2450.00,0.00,2450.00,SALE
T-501875,APP,2025-07-20,P101,S-88,NULL,2,35.00,7.00,63.00,SALE
T-502385-R,APP,2025-08-03,P302,S-01,C-1092,1,3890.00,194.50,3695.50,RETURN
T-502945,POS,2025-08-17,P-301,S-05,C-1164,2,2450.00,0.00,4900.00,SALE
T-502677,POS,2025-08-11,P-203,S-06,C-1023,1,75.00,0.00,75.00,SALE
T-501094,POS,2025-06-30,P-301,S-88,C-1012,1,2450.00,367.50,2082.50,SALE
T-500251,MARKETPLACE,07/06/2025,202,S-02,N/A,1,120.00,0.00,120.00,SALE
T-500430,POS,2025-06-12,P-102,S-06,C-1116,2,28.00,8.40,47.60,SALE
T-501607,POS,2025-07-13,P-101,S-01,C-1159,1,35.00,0.00,35.00,SALE
T-500115,POS,2025-06-04,P-203, s-02 ,C-1186,2,75.00,22.50,127.50,SALE
T-502212,POS,2025-07-29,P-102,S-06,,1,28.00,2.80,25.20,SALE
T-501279,POS,2025-07-04,P-101,S-90,C-1065,1,35.00,0.00,35.00,SALE
T-500030,POS,2025-06-01,P-103,S-03,C-1273,3,45.00,0.00,135.00,SALE
T-501208,POS,2025-07-03,P-202,S-03,C-1070,2,120.00,12.00,228.00,SALE
T-501739,APP,2025-07-17,P301,S-03,C-1087,1,2450.00,0.00,2450.00,SALE
T-502695,MARKETPLACE,11/08/2025,301,S-01,C-1091,1,2450.00,0.00,2450.00,SALE
T-500486,APP,2025-06-13,P202,S-01,C-1189,6,120.00,0.00,720.00,SALE
T-502074,POS,2025-07-25,P-201,S-04,,3,95.00,0.00,285.00,SALE
T-501482,MARKETPLACE,10/07/2025,203,S-04,C-1205,1,75.00,11.25,63.75,SALE
T-502284,APP,2025-07-31,P301,S-03,C-1344,1,2450.00,0.00,2450.00,SALE
T-500965,POS,2025-06-26,P-201,S-01,C-1291,1,95.00,9.50,85.50,SALE
T-502180,POS,2025-07-28,P-201, s-02 ,,1,95.00,0.00,95.00,SALE
T-503330,APP,2025-08-27,P101,S-90,C-1020,1,35.00,1.75,33.25,SALE
T-503349,APP,2025-08-28,P101,S-90,C-1040,1,35.00,1.75,33.25,SALE
T-501989,POS,2025-07-23,P-101,S-02,C-1202,2,35.00,0.00,70.00,SALE
T-502608,MARKETPLACE,09/08/2025,202,S-05,C-1044,2,120.00,0.00,240.00,SALE
T-500276,POS,2025-06-07,P-301,S-04,,1,2450.00,0.00,2450.00,SALE
T-502494-R,APP,2025-08-05,P203, s-01 ,N/A,1,75.00,0.00,75.00,RETURN
T-501909,APP,2025-07-21,P103,S-06,NULL,1,45.00,0.00,45.00,SALE
T-500465,POS,2025-06-13,P-203,S-04,C-1257,1,75.00,3.75,71.25,SALE
T-501908,POS,2025-07-21,P-203,S-05,C-1127,3,75.00,22.50,202.50,SALE
T-501759,POS,2025-07-17,P-102,S-90,C-1281,1,28.00,0.00,28.00,SALE
T-503271,POS,2025-08-26,P-101,S-06,NULL,1,35.00,0.00,35.00,SALE
T-503399,POS,2025-08-29,P-103,S-02,C-1219,1,45.00,4.50,40.50,SALE
T-503029,APP,2025-08-20,P102,S-05,C-1238,1,28.00,4.20,23.80,SALE
T-500977,POS,2025-06-26,P-201,S-04,C-1382,1,95.00,0.00,95.00,SALE
T-503401,POS,2025-08-29,P-201, s-01 ,NULL,2,95.00,28.50,161.50,SALE
T-501792,POS,2025-07-18,P-203,S-04,C-1214,1,75.00,7.50,67.50,SALE
T-500208,POS,2025-06-06,P-102,S-06,C-1238,3,28.00,8.40,75.60,SALE
T-501172-R,MARKETPLACE,02/07/2025,201,S-02,C-1009,1,95.00,0.00,95.00,RETURN
T-500940,MARKETPLACE,25/06/2025,301,S-04,C-1149,1,2450.00,367.50,2082.50,SALE
T-502523,MARKETPLACE,06/08/2025,203,S-90,C-1255,2,75.00,0.00,150.00,SALE
T-503118,POS,2025-08-22,P-103,S-02,C-1169,2,45.00,0.00,90.00,SALE
T-500157,POS,2025-06-04,P-202, s-01 ,C-1091,3,120.00,36.00,324.00,SALE
T-501124,POS,2025-06-30,P-102, s-02 ,C-1315,2,28.00,5.60,50.40,SALE
T-501897,APP,2025-07-20,P301,S-03,C-1227,3,2450.00,735.00,6615.00,SALE
T-502434,POS,2025-08-04,P-201,S-99,C-1016,1,95.00,0.00,95.00,SALE
T-501558,POS,2025-07-12,P-103,S-04,C-1254,1,45.00,0.00,45.00,SALE
T-500384,POS,2025-06-10,P-103,S-05,,2,45.00,4.50,85.50,SALE
T-501863,APP,2025-07-20,P102,S-01,C-1390,1,28.00,0.00,28.00,SALE
T-502791,POS,2025-08-13,P-201,S-04,C-1100,1,95.00,4.75,90.25,SALE
T-501259,POS,2025-07-04,P-202,S-03,C-1060,1,120.00,0.00,120.00,SALE
T-501439,POS,2025-07-09,P-301,S-06,NULL,1,2450.00,367.50,2082.50,SALE
T-502013,APP,2025-07-23,P301,S-02,C-1179,3,2450.00,0.00,7350.00,SALE
T-501945,MARKETPLACE,22/07/2025,101,S-04,C-1056,1,35.00,3.50,31.50,SALE
T-503122,MARKETPLACE,22/08/2025,101, s-04 ,C-1318,1,35.00,3.50,31.50,SALE
T-502189,MARKETPLACE,29/07/2025,101,S-02,N/A,1,35.00,1.75,33.25,SALE
T-502837,POS,2025-08-14,P-201,S-06,C-1280,1,95.00,0.00,95.00,SALE
T-500252,POS,2025-06-07,P-202,S-01,C-1071,2,120.00,24.00,216.00,SALE
T-502384,POS,2025-08-03,P-101,S-06,C-1068,1,35.00,0.00,35.00,SALE
T-502391,POS,2025-08-03,P-201,S-04,NULL,2,95.00,0.00,171.00,SALE
T-500952,POS,2025-06-26,P-302, s-90 ,C-1209,2,3890.00,0.00,7780.00,SALE
T-500180,POS,2025-06-05,P-103, s-05 ,C-1094,1,45.00,0.00,45.00,SALE
T-503112,POS,2025-08-22,P-103, s-04 ,C-1326,3,45.00,20.25,114.75,SALE
T-500282-R,POS,2025-06-08,P-203,S-90,C-1164,-3,75.00,11.25,-213.75,SALE
T-500407,POS,2025-06-11,P-302,S-01,C-1145,1,3890.00,194.50,3695.50,SALE
T-501866,POS,2025-07-20,P-103,S-04,,1,45.00,2.25,42.75,SALE
T-500943,MARKETPLACE,25/06/2025,103,S-03,C-1358,6,45.00,13.50,256.50,SALE
T-501799,POS,2025-07-18,P-102,S-04,N/A,1,28.00,1.40,26.60,SALE
T-501705,POS,2025-07-16,P-203,S-03,C-1323,1,75.00,3.75,71.25,SALE
T-501675,APP,2025-07-15,P101,S-01,C-1077,3,35.00,10.50,94.50,SALE
T-500653,POS,2025-06-18,P-101,S-03,C-1016,2,35.00,0.00,70.00,SALE
T-500691,POS,2025-06-19,P-301,S-06,C-1043,2,2450.00,735.00,4165.00,SALE
T-502026,POS,2025-07-24,P-103,S-05,C-1332,2,45.00,13.50,76.50,SALE
T-500310,APP,2025-06-08,P102,S-06,,6,28.00,0.00,168.00,SALE
T-501294,POS,2025-07-05,P-103,S-02,C-1328,1,45.00,0.00,45.00,SALE
T-500742,POS,2025-06-21,P-101,S-06,C-1349,2,35.00,7.00,63.00,SALE
T-500300,APP,2025-06-08,P301,S-06,C-1167,1,2450.00,245.00,2205.00,SALE
T-501205,APP,2025-07-03,P102,S-03,C-1312,1,28.00,0.00,28.00,SALE
T-503139,POS,2025-08-22,P-102,S-02,C-1245,3,28.00,0.00,84.00,SALE
T-501101,POS,2025-06-30,P-302,S-01,C-1309,2,3890.00,778.00,7002.00,SALE
T-502018,POS,2025-07-24,P-301,S-90,C-1158,1,2450.00,367.50,2082.50,SALE
T-501459,POS,2025-07-09,P-202,S-90,C-1101,1,120.00,18.00,102.00,SALE
T-500292,POS,2025-06-08,P-201,S-02,C-1201,1,95.00,4.75,90.25,SALE
T-501615,APP,2025-07-14,P101,S-05,C-1091,1,35.00,0.00,35.00,SALE
T-500347,POS,2025-06-09,P-203,S-90,C-1399,1,75.00,0.00,75.00,SALE
T-501667,MARKETPLACE,15/07/2025,301,S-04,C-1271,3,2450.00,367.50,6982.50,SALE
T-503309,POS,2025-08-27,P-203,S-05,C-1304,1,75.00,0.00,75.00,SALE
T-503317,POS,2025-08-27,P-201,S-01,C-1385,1,95.00,0.00,95.00,SALE
T-500203,APP,2025-06-06,P201, s-04 ,,1,95.00,0.00,95.00,SALE
T-501662,APP,2025-07-15,P202,S-06,C-1161,1,120.00,18.00,102.00,SALE
T-501385,APP,2025-07-07,P301,S-03,C-1147,1,2450.00,0.00,2450.00,SALE
T-503120,APP,2025-08-22,P102,S-06,C-1138,3,28.00,0.00,84.00,SALE
T-500946,POS,2025-06-25,P-301,S-01,N/A,2,2450.00,0.00,4900.00,SALE
T-502057,POS,2025-07-25,P-102,S-01,N/A,1,28.00,0.00,28.00,SALE
T-502064,POS,2025-07-25,P-203,S-90,C-1384,1,75.00,11.25,63.75,SALE
T-502187,APP,2025-07-28,P202,S-04,C-1254,2,120.00,12.00,228.00,SALE
T-501800,POS,2025-07-18,P-301,S-06,C-1023,2,2450.00,735.00,4165.00,SALE
T-502281,POS,2025-07-31,P-302,S-04,C-1110,2,3890.00,0.00,7780.00,SALE
T-501503,MARKETPLACE,11/07/2025,203,S-02,C-1283,3,75.00,0.00,225.00,SALE
T-502619,POS,2025-08-09,P-301,S-01,N/A,1,2450.00,0.00,2450.00,SALE
T-502569,POS,2025-08-08,P-202,S-01,N/A,2,120.00,12.00,228.00,SALE
T-502169,MARKETPLACE,28/07/2025,201,S-02,C-1319,2,95.00,9.50,162.45,SALE
T-500895-R,POS,2025-06-24,P-103,S-04,C-1079,-1,45.00,0.00,-45.00,SALE
T-500826,POS,2025-06-22,P-103, s-04 ,C-1314,1,45.00,0.00,45.00,SALE
T-501664,POS,2025-07-15,P-103,S-04,C-1261,1,45.00,0.00,45.00,SALE
T-502497,POS,2025-08-06,P-102,S-05,C-1158,1,28.00,0.00,28.00,SALE
T-503269,POS,2025-08-26,P-203,S-05,C-1163,1,75.00,0.00,75.00,SALE
T-500541,POS,2025-06-15,P-203,S-02,C-1084,2,75.00,7.50,142.50,SALE
T-502949,POS,2025-08-17,P-103,S-03,C-1187,1,45.00,2.25,42.75,SALE
T-501885,APP,2025-07-20,P102,S-01,C-1373,1,28.00,0.00,28.00,SALE
T-501789,POS,2025-07-18,P-301, s-02 ,C-1058,2,2450.00,0.00,4900.00,SALE
T-502522,APP,2025-08-06,P203,S-90,C-1395,1,75.00,0.00,75.00,SALE
T-501474,POS,2025-07-10,P-103,S-04,C-1269,3,45.00,20.25,114.75,SALE
T-503184,POS,2025-08-24,P-203,S-05,C-1015,1,75.00,3.75,71.25,SALE
T-503179,MARKETPLACE,24/08/2025,302,S-02,C-1101,2,3890.00,389.00,7391.00,SALE
T-500330,POS,2025-06-09,P-301,S-03,C-1111,2,2450.00,735.00,4165.00,SALE
T-500915,POS,2025-06-25,P-201,S-02,C-1060,1,95.00,14.25,80.75,SALE
T-500138,MARKETPLACE,04/06/2025,301,S-04,C-1369,1,2450.00,367.50,2082.50,SALE
T-500323,POS,2025-06-09,P-103,S-02,C-1214,2,45.00,0.00,90.00,SALE
T-501519,MARKETPLACE,11/07/2025,203,S-05,C-1190,2,75.00,0.00,150.00,SALE
T-502385,APP,2025-08-03,P302,S-01,C-1092,1,3890.00,194.50,3695.50,SALE
T-501172,MARKETPLACE,02/07/2025,201,S-02,C-1009,1,95.00,0.00,95.00,SALE
T-501699,POS,2025-07-16,P-102,S-04,C-1287,6,28.00,8.40,167.58,SALE
T-502532,POS,2025-08-07,P-202,S-02,C-1049,1,120.00,18.00,102.00,SALE
T-502824,POS,2025-08-14,P-302,S-03,C-1210,6,3890.00,2334.00,21006.00,SALE
T-502502,POS,2025-08-06,P-202, s-90 ,C-1255,1,120.00,12.00,118.80,SALE
T-501723,POS,2025-07-16,P-302,S-01,C-1118,1,3890.00,194.50,3695.50,SALE
T-502895,POS,2025-08-16,P-103,TEMP,C-1077,1,45.00,2.25,42.75,SALE
T-500937,POS,2025-06-25,P-201,S-01,C-1280,1,95.00,0.00,95.00,SALE
T-500411,POS,2025-06-11,P-101, s-01 ,C-1292,3,35.00,0.00,105.00,SALE
T-502902,APP,2025-08-16,P101, s-06 ,C-1356,1,35.00,5.25,29.75,SALE
T-500705,POS,2025-06-19,P-102,S-88,C-1359,2,28.00,2.80,53.20,SALE
T-501513,POS,2025-07-11,P-102,S-03,C-1258,1,28.00,1.40,26.60,SALE
T-501064,POS,2025-06-29,P-302,S-04,C-1182,3,3890.00,1167.00,10503.00,SALE
T-503352,APP,2025-08-28,P301,S-05,C-1168,1,2450.00,0.00,2450.00,SALE
T-502265,POS,2025-07-31,P-202,S-02,C-1065,1,120.00,0.00,120.00,SALE
T-502221,POS,2025-07-29,P-102,S-06,C-1287,1,28.00,0.00,28.00,SALE
T-502031,POS,2025-07-24,P-101,S-06,C-1349,6,35.00,31.50,178.50,SALE
T-500131,MARKETPLACE,04/06/2025,202,S-05,C-1180,6,120.00,36.00,684.00,SALE
T-503137,APP,2025-08-22,P103,S-03,C-1089,2,45.00,4.50,85.50,SALE
T-500748,POS,2025-06-21,P-201,S-02,C-1138,1,95.00,0.00,95.00,SALE
T-500613,APP,2025-06-17,P102,S-05,C-1029,1,28.00,0.00,25.20,SALE
T-500128,POS,2025-06-04,P-102,S-02,C-1069,3,28.00,0.00,84.00,SALE
T-501571,POS,2025-07-12,P-103, s-04 ,N/A,2,45.00,9.00,81.00,SALE
T-501742,APP,2025-07-17,P102,S-01,,1,28.00,0.00,28.00,SALE
T-501568,POS,2025-07-12,P-102,S-05,C-1060,1,28.00,4.20,23.80,SALE
T-502066,POS,2025-07-25,P-201, s-02 ,C-1134,3,95.00,0.00,285.00,SALE
T-500476,POS,2025-06-13,P-202,S-01,C-1246,3,120.00,36.00,324.00,SALE
T-503336,POS,2025-08-27,P-301,S-03,C-1377,6,2450.00,0.00,14700.00,SALE
T-501145,POS,2025-07-01,P-202,S-90,C-1231,1,120.00,12.00,108.00,SALE
T-501923,MARKETPLACE,21/07/2025,201,S-05,C-1234,1,95.00,9.50,94.05,SALE
T-500339-R,POS,2025-06-09,P-101,S-02,C-1078,-1,35.00,5.25,-29.75,SALE
T-502440,POS,2025-08-04,P-301, s-06 ,C-1322,1,2450.00,0.00,2450.00,SALE
T-501534,POS,2025-07-11,P-201,S-01,C-1344,1,95.00,14.25,80.75,SALE
T-502616,MARKETPLACE,09/08/2025,103,S-02,C-1283,2,45.00,0.00,90.00,SALE
T-502599,MARKETPLACE,09/08/2025,203,S-90,C-1266,3,75.00,0.00,225.00,SALE
T-501861,POS,2025-07-20,P-101,S-01,C-1099,2,35.00,0.00,70.00,SALE
T-502262,POS,2025-07-31,P-202,S-06,C-1087,2,120.00,12.00,228.00,SALE
T-501640,APP,2025-07-14,P101,S-03,C-1124,2,35.00,3.50,66.50,SALE
T-501410,POS,2025-07-08,P-102,TEMP,C-1388,1,28.00,1.40,26.60,SALE
T-501377,APP,2025-07-07,P101,S-90,N/A,1,35.00,0.00,35.00,SALE
T-502186,POS,2025-07-28,P-201,S-04,C-1083,1,95.00,4.75,90.25,SALE
T-500049,POS,2025-06-02,P-202,S-04,C-1147,2,120.00,0.00,240.00,SALE
T-502128,POS,2025-07-27,P-302,S-02,C-1051,2,3890.00,0.00,7780.00,SALE
T-502127,MARKETPLACE,27/07/2025,102,S-02,C-1338,2,28.00,5.60,50.40,SALE
T-500108,MARKETPLACE,03/06/2025,201, s-04 ,NULL,1,95.00,9.50,85.50,SALE
T-503333,POS,2025-08-27,P-203,S-03,C-1089,1,75.00,11.25,63.75,SALE
T-502052,APP,2025-07-25,P101, s-01 ,,1,35.00,1.75,33.25,SALE
T-502973,POS,2025-08-18,P-102,S-06,C-1360,1,28.00,0.00,28.00,SALE
T-500310,APP,2025-06-08,P102,S-06,,6,28.00,0.00,168.00,SALE
T-503190,POS,2025-08-24,P-203,S-02,C-1329,1,75.00,7.50,67.50,SALE
T-501550,POS,2025-07-12,P-301,S-03,C-1377,1,2450.00,122.50,2327.50,SALE
T-501567-R,POS,2025-07-12,P-302,S-02,C-1154,-1,3890.00,0.00,-3890.00,SALE
T-500839,APP,2025-06-23,P103,S-03,C-1150,1,45.00,0.00,45.00,SALE
T-500708,POS,2025-06-20,P-203,S-01,,3,75.00,0.00,225.00,SALE
T-502146,POS,2025-07-27,P-301,S-02,C-1186,2,2450.00,735.00,4165.00,SALE
T-503056,MARKETPLACE,20/08/2025,201, s-02 ,N/A,1,95.00,14.25,80.75,SALE
T-502622,POS,2025-08-09,P-102, s-90 ,C-1094,3,28.00,0.00,75.60,SALE
T-503083,MARKETPLACE,21/08/2025,201, s-01 ,C-1004,6,95.00,28.50,541.50,SALE
T-503288,APP,2025-08-26,P301,S-05,C-1121,1,2450.00,0.00,2450.00,SALE
T-502479,POS,2025-08-05,P-103,S-01,,1,45.00,2.25,42.75,SALE
T-502438,APP,2025-08-04,P201,S-02,C-1052,1,95.00,0.00,95.00,SALE
T-501944,POS,2025-07-22,P-102,S-90,C-1204,1,28.00,2.80,25.20,SALE
T-501583,APP,2025-07-13,P101,S-03,,1,35.00,1.75,33.25,SALE
T-503222-R,APP,2025-08-25,P301,S-06,C-1047,2,2450.00,245.00,4655.00,RETURN
T-502914,POS,2025-08-16,P-203,S-01,C-1277,1,75.00,0.00,75.00,SALE
T-500960,MARKETPLACE,26/06/2025,201,S-90,C-1019,1,95.00,14.25,80.75,SALE
T-501982,MARKETPLACE,23/07/2025,301,S-88,C-1370,2,2450.00,0.00,4900.00,SALE
T-501047-R,APP,2025-06-28,P102,S-02,C-1174,1,28.00,2.80,25.20,RETURN
T-500148,POS,2025-06-04,P-201,S-01,C-1202,1,95.00,0.00,95.00,SALE
T-500401,APP,2025-06-11,P103,S-05,C-1026,1,45.00,2.25,42.75,SALE
T-501209,MARKETPLACE,03/07/2025,201,S-90,C-1325,1,95.00,14.25,80.75,SALE
T-500112,APP,2025-06-04,P203,S-05,,3,75.00,11.25,213.75,SALE
T-500663,MARKETPLACE,18/06/2025,301,S-06,C-1126,1,2450.00,367.50,2082.50,SALE
T-500438,APP,2025-06-12,P302,S-05,C-1055,1,3890.00,389.00,3501.00,SALE
T-500872,APP,2025-06-24,P101,S-01,N/A,1,35.00,1.75,33.25,SALE
T-500609-R,APP,2025-06-17,P202,S-06,C-1177,1,120.00,0.00,120.00,RETURN
T-502835,APP,2025-08-14,P302,S-06,C-1245,1,3890.00,389.00,3501.00,SALE
T-502893,POS,2025-08-16,P-101,S-02,C-1293,1,35.00,0.00,31.50,SALE
T-502131,APP,2025-07-27,P301,S-02,C-1160,2,2450.00,245.00,4655.00,SALE
T-501598,APP,2025-07-13,P301,S-90,C-1233,1,2450.00,367.50,2082.50,SALE
T-500983,POS,2025-06-27,P-101,S-02,C-1205,1,35.00,1.75,33.25,SALE
T-501764,POS,2025-07-17,P-201, s-04 ,C-1110,1,95.00,0.00,95.00,SALE
T-501412,POS,2025-07-08,P-301,S-90,C-1232,3,2450.00,0.00,7350.00,SALE
T-501758,MARKETPLACE,17/07/2025,103,S-03,C-1100,2,45.00,9.00,81.00,SALE
T-501420,POS,2025-07-08,P-102,S-03,C-1383,1,28.00,0.00,28.00,SALE
T-501001,POS,2025-06-27,P-102,S-02,C-1033,1,28.00,1.40,26.60,SALE
T-501859,POS,2025-07-20,P-102,S-90,C-1220,6,28.00,25.20,142.80,SALE
T-501757,POS,2025-07-17,P-201,S-06,C-1144,1,95.00,0.00,99.75,SALE
T-500845-R,MARKETPLACE,23/06/2025,103,S-02,C-1225,2,45.00,9.00,81.00,RETURN
T-501741,POS,2025-07-17,P-101,S-06,C-1105,1,35.00,0.00,35.00,SALE
T-501107,POS,2025-06-30,P-102,S-04,C-1074,3,28.00,4.20,79.80,SALE
T-501751,POS,2025-07-17,P-201,S-06,C-1066,2,95.00,0.00,190.00,SALE
T-502565,POS,2025-08-08,P-101,S-03,C-1004,1,35.00,0.00,35.00,SALE
T-503240,POS,2025-08-25,P-101,S-01,C-1368,1,35.00,0.00,35.00,SALE
T-502001,POS,2025-07-23,P-302,S-03,C-1074,1,3890.00,194.50,3695.50,SALE
T-501951,POS,2025-07-22,P-301,S-06,C-1346,1,2450.00,367.50,2082.50,SALE
T-501092,POS,2025-06-30,P-301,S-03,C-1199,1,2450.00,0.00,2450.00,SALE
T-503197,POS,2025-08-24,P-201,S-88,N/A,1,95.00,0.00,99.75,SALE
T-503286,POS,2025-08-26,P-203,S-02,C-1216,1,75.00,3.75,71.25,SALE
T-501925,POS,2025-07-21,P-302,S-90,C-1022,1,3890.00,194.50,3695.50,SALE
T-500501,POS,2025-06-13,P-201, s-01 ,C-1102,2,95.00,28.50,161.50,SALE
T-502170,POS,2025-07-28,P-301,S-03,C-1096,3,2450.00,1102.50,6247.50,SALE
T-501482,MARKETPLACE,10/07/2025,203,S-04,C-1205,1,75.00,11.25,63.75,SALE
T-500229,POS,2025-06-06,P-301,S-05,C-1274,2,2450.00,490.00,4410.00,SALE
T-503253,MARKETPLACE,26/08/2025,203,S-04,C-1254,1,75.00,11.25,63.75,SALE
T-503266,APP,2025-08-26,P202,S-04,C-1139,1,120.00,0.00,120.00,SALE
T-500812,MARKETPLACE,22/06/2025,101,S-03,C-1094,2,35.00,7.00,63.00,SALE
T-502442,POS,2025-08-04,P-302,S-04,,1,3890.00,194.50,3695.50,SALE
T-500141,POS,2025-06-04,P-301,S-01,C-1270,6,2450.00,0.00,14700.00,SALE
T-502519,POS,2025-08-06,P-203,S-90,N/A,2,75.00,0.00,150.00,SALE
T-500577,APP,2025-06-16,P202,S-90,C-1293,3,120.00,0.00,360.00,SALE
T-500750,APP,2025-06-21,P301,S-04,C-1091,3,2450.00,0.00,7350.00,SALE
T-502910,APP,2025-08-16,P202,S-01,NULL,6,120.00,36.00,684.00,SALE
T-500530,APP,2025-06-14,P302,S-90,C-1385,3,3890.00,583.50,11086.50,SALE
T-501069,APP,2025-06-29,P203,S-02,C-1116,2,75.00,0.00,150.00,SALE
T-503229,POS,2025-08-25,P-202,S-01,C-1383,2,120.00,0.00,240.00,SALE
T-500737,APP,2025-06-20,P103,S-05,NULL,1,45.00,0.00,45.00,SALE
T-502837,POS,2025-08-14,P-201,S-06,C-1280,1,95.00,0.00,95.00,SALE
T-501578,APP,2025-07-13,P301,S-01,C-1138,6,2450.00,0.00,14700.00,SALE
T-502370,POS,2025-08-02,P-103,S-05,C-1247,1,45.00,0.00,45.00,SALE
T-500911,APP,2025-06-24,P202,S-05,C-1169,1,120.00,18.00,102.00,SALE
T-502798,POS,2025-08-14,P-201,S-01,C-1189,2,95.00,0.00,190.00,SALE
T-502768,APP,2025-08-13,P302,S-04,C-1286,2,3890.00,778.00,7002.00,SALE
T-501351,APP,2025-07-07,P302,S-04,C-1173,1,3890.00,0.00,3890.00,SALE
T-500337,POS,2025-06-09,P-301,S-04,C-1195,1,2450.00,367.50,2082.50,SALE
T-500170,APP,2025-06-05,P103,S-01,C-1348,1,45.00,6.75,38.25,SALE
T-502072-R,APP,2025-07-25,P101,S-06,C-1150,1,35.00,0.00,35.00,RETURN
T-500617,POS,2025-06-17,P-103,S-02,C-1291,2,45.00,4.50,85.50,SALE
T-500702,POS,2025-06-19,P-101,S-03,C-1210,1,35.00,0.00,35.00,SALE
T-500395,APP,2025-06-11,P101, s-05 ,C-1220,2,35.00,0.00,70.00,SALE
T-503140,APP,2025-08-22,P301,S-05,C-1360,1,2450.00,0.00,2450.00,SALE
T-502302,POS,2025-08-01,P-302,S-04,C-1230,1,3890.00,389.00,3501.00,SALE
T-502037,APP,2025-07-24,P202,S-03,C-1059,1,120.00,12.00,108.00,SALE
T-503380-R,MARKETPLACE,29/08/2025,201,S-03,C-1368,1,95.00,4.75,90.25,RETURN
T-502811,MARKETPLACE,14/08/2025,103,S-01,C-1088,2,45.00,0.00,90.00,SALE
T-501762,POS,2025-07-17,P-201,S-06,C-1024,6,95.00,28.50,541.50,SALE
T-502105-R,MARKETPLACE,26/07/2025,203,S-03,C-1040,1,75.00,0.00,75.00,RETURN
T-501488,APP,2025-07-10,P203,S-03,C-1321,2,75.00,15.00,135.00,SALE
T-502470,APP,2025-08-05,P201,S-03,C-1351,2,95.00,0.00,190.00,SALE
T-500447,POS,2025-06-12,P-101,S-02,C-1145,3,35.00,5.25,99.75,SALE
T-500963,MARKETPLACE,26/06/2025,101,S-90,C-1058,3,35.00,10.50,94.50,SALE
T-500782,POS,2025-06-21,P-203,S-90,C-1372,1,75.00,7.50,67.50,SALE
T-502960,POS,2025-08-18,P-101,S-06,C-1134,1,35.00,0.00,35.00,SALE
T-503239,POS,2025-08-25,P-103,S-90,C-1122,1,45.00,4.50,40.50,SALE
T-501648,MARKETPLACE,14/07/2025,102, s-05 ,NULL,1,28.00,0.00,28.00,SALE
T-503373,APP,2025-08-29,P101,S-03,C-1115,1,35.00,0.00,35.00,SALE
T-500023,POS,2025-06-01,P-203,S-04,C-1024,6,75.00,67.50,382.50,SALE
T-501166,APP,2025-07-02,P201,S-06,C-1263,1,95.00,14.25,80.75,SALE
T-502658,APP,2025-08-10,P201,S-04,C-1116,1,95.00,4.75,90.25,SALE
T-502854-R,POS,2025-08-15,P-201,S-06,C-1085,-1,95.00,14.25,-80.75,SALE
T-502711,POS,2025-08-11,P-203, s-03 ,C-1315,2,75.00,0.00,150.00,SALE
T-501887,POS,2025-07-20,P-301,S-02,C-1122,1,2450.00,122.50,2327.50,SALE
T-501333,POS,2025-07-06,P-103,S-90,C-1271,1,45.00,2.25,42.75,SALE
T-500238,POS,2025-06-06,P-301,S-06,C-1025,3,2450.00,0.00,7350.00,SALE
T-501176,POS,2025-07-02,P-101,S-06,,2,35.00,3.50,66.50,SALE
T-500931,MARKETPLACE,25/06/2025,301,S-04,C-1177,1,2450.00,0.00,2450.00,SALE
T-501249,POS,2025-07-04,P-103,S-05,NULL,1,45.00,0.00,45.00,SALE
T-502670,POS,2025-08-10,P-101,S-03,C-1027,3,35.00,0.00,105.00,SALE
T-500199,APP,2025-06-06,P101,S-06,C-1316,1,35.00,0.00,35.00,SALE
T-501432,POS,2025-07-09,P-301,S-04,C-1104,3,2450.00,0.00,7350.00,SALE
T-501950,POS,2025-07-22,P-202,S-01,C-1107,2,120.00,0.00,240.00,SALE
T-501643,POS,2025-07-14,P-102,S-06,N/A,1,28.00,4.20,23.80,SALE
T-501014,POS,2025-06-28,P-302,S-90,C-1274,2,3890.00,1167.00,6613.00,SALE
T-503220,POS,2025-08-25,P-302, s-01 ,C-1272,3,3890.00,0.00,11670.00,SALE
T-503131,MARKETPLACE,22/08/2025,201, s-06 ,C-1341,1,95.00,0.00,95.00,SALE
T-501086,MARKETPLACE,29/06/2025,201,S-90,C-1076,1,95.00,0.00,95.00,SALE
T-502036,POS,2025-07-24,P-301,S-90,C-1305,1,2450.00,0.00,2450.00,SALE
T-501084,APP,2025-06-29,P301,S-90,C-1011,1,2450.00,122.50,2327.50,SALE
T-503267,APP,2025-08-26,P102,S-05,C-1026,1,28.00,2.80,25.20,SALE
T-502937,POS,2025-08-17,P-103,S-05,C-1123,6,45.00,40.50,229.50,SALE
T-501955,POS,2025-07-22,P-202,S-05,C-1010,1,120.00,6.00,114.00,SALE
T-502162,POS,2025-07-28,P-202,S-06,C-1127,1,120.00,0.00,120.00,SALE
T-503073,MARKETPLACE,20/08/2025,101,S-01,C-1166,2,35.00,10.50,59.50,SALE
T-503041,POS,2025-08-20,P-103,S-01,C-1080,2,45.00,0.00,90.00,SALE
T-502986,APP,2025-08-18,P101,S-90,C-1144,2,35.00,7.00,63.00,SALE
T-501900,POS,2025-07-21,P-202,S-04,N/A,1,120.00,0.00,120.00,SALE
T-503017,APP,2025-08-19,P201,S-90,C-1385,1,95.00,0.00,95.00,SALE
T-500130,POS,2025-06-04,P-102,S-01,C-1172,2,28.00,8.40,47.60,SALE
T-501218,APP,2025-07-03,P302,S-01,C-1327,1,3890.00,0.00,3890.00,SALE
T-501846,POS,2025-07-19,P-202,S-04,C-1153,1,120.00,0.00,120.00,SALE
T-502337,MARKETPLACE,02/08/2025,103,S-90,C-1148,2,45.00,9.00,81.00,SALE
T-501570-R,APP,2025-07-12,P102,S-02,C-1180,1,28.00,0.00,28.00,RETURN
T-502029,POS,2025-07-24,P-201,S-05,C-1345,2,95.00,9.50,180.50,SALE
T-502459,POS,2025-08-04,P-102,S-03,C-1111,3,28.00,12.60,71.40,SALE
T-501906,POS,2025-07-21,P-101,S-90,C-1271,3,35.00,0.00,105.00,SALE
T-500372,MARKETPLACE,10/06/2025,101,S-06,C-1151,2,35.00,0.00,70.00,SALE
T-502017,POS,2025-07-24,P-201,S-03,C-1315,1,95.00,0.00,95.00,SALE
T-500811,POS,2025-06-22,P-301,S-06,C-1354,1,2450.00,122.50,2327.50,SALE
T-501984,APP,2025-07-23,P102,S-01,C-1396,1,28.00,2.80,25.20,SALE
T-503371,POS,2025-08-28,P-101,S-03,C-1360,2,35.00,7.00,63.00,SALE
T-500692,MARKETPLACE,19/06/2025,101,S-06,C-1301,1,35.00,0.00,35.00,SALE
T-502462,POS,2025-08-05,P-101, s-01 ,,1,35.00,5.25,29.75,SALE
T-501928,POS,2025-07-21,P-202,S-02,C-1111,2,120.00,0.00,240.00,SALE
T-502730,APP,2025-08-12,P101,S-02,C-1217,1,35.00,0.00,35.00,SALE
T-501029,POS,2025-06-28,P-302,S-06,C-1122,2,3890.00,389.00,7391.00,SALE
T-501685,APP,2025-07-15,P202,S-90,NULL,2,120.00,0.00,240.00,SALE
T-503072,APP,2025-08-20,P301,S-02,C-1101,2,2450.00,0.00,4900.00,SALE
T-502759,POS,2025-08-12,P-301,S-01,C-1176,1,2450.00,0.00,2450.00,SALE
T-500231,MARKETPLACE,06/06/2025,202,S-02,C-1317,1,120.00,6.00,114.00,SALE
T-500265,MARKETPLACE,07/06/2025,301,S-06,C-1392,1,2450.00,122.50,2327.50,SALE
T-500225,POS,2025-06-06,P-102,S-06,C-1184,3,28.00,0.00,84.00,SALE
T-501527,APP,2025-07-11,P102,S-01,C-1318,3,28.00,8.40,75.60,SALE
T-502898,POS,2025-08-16,P-101, s-04 ,C-1055,1,35.00,3.50,31.50,SALE
T-502214,MARKETPLACE,29/07/2025,101,S-03,N/A,1,35.00,0.00,35.00,SALE
T-500600,POS,2025-06-16,P-302,S-05,C-1039,1,3890.00,0.00,3890.00,SALE
T-501411,POS,2025-07-08,P-202, s-05 ,C-1341,2,120.00,0.00,240.00,SALE
T-500711,POS,2025-06-20,P-301,S-03,C-1170,1,2450.00,0.00,2450.00,SALE
T-502969,POS,2025-08-18,P-203,S-02,C-1253,1,75.00,0.00,75.00,SALE
T-500900-R,POS,2025-06-24,P-201,S-03,C-1097,-1,95.00,0.00,-95.00,SALE
T-501146,POS,2025-07-01,P-302,S-02,C-1277,1,3890.00,194.50,3695.50,SALE
T-501518-R,APP,2025-07-11,P302,S-05,,1,3890.00,194.50,3695.50,RETURN
T-502060,POS,2025-07-25,P-201, s-06 ,C-1015,1,95.00,0.00,95.00,SALE
T-502260,MARKETPLACE,31/07/2025,301,S-02,C-1280,3,2450.00,0.00,7350.00,SALE
T-502237,POS,2025-07-30,P-102,S-06,C-1132,2,28.00,0.00,56.00,SALE
T-501780,MARKETPLACE,18/07/2025,103,S-03,C-1037,2,45.00,9.00,81.00,SALE
T-501912,POS,2025-07-21,P-301,S-90,C-1395,6,2450.00,0.00,14700.00,SALE
T-500682,POS,2025-06-19,P-202,S-03,C-1133,6,120.00,108.00,612.00,SALE
T-501784,POS,2025-07-18,P-301,S-05,N/A,1,2450.00,367.50,2082.50,SALE
T-500611,POS,2025-06-17,P-202,S-04,C-1286,2,120.00,12.00,228.00,SALE
T-500448,APP,2025-06-12,P202, s-04 ,C-1155,1,120.00,0.00,120.00,SALE
T-502239,POS,2025-07-30,P-201,S-06,C-1001,2,95.00,0.00,190.00,SALE
T-503094,POS,2025-08-21,P-302,S-04,C-1318,1,3890.00,583.50,3306.50,SALE
T-500945,APP,2025-06-25,P101,S-05,C-1351,1,35.00,3.50,31.50,SALE
T-500936,MARKETPLACE,25/06/2025,102, s-04 ,C-1066,6,28.00,25.20,142.80,SALE
T-500598,POS,2025-06-16,P-301,S-04,C-1000,1,2450.00,0.00,2450.00,SALE
T-500398,POS,2025-06-11,P-203,S-02,C-1390,2,75.00,0.00,150.00,SALE
T-500955,APP,2025-06-26,P301,S-01,C-1361,3,2450.00,735.00,6615.00,SALE
T-501245,POS,2025-07-04,P-203,S-06,C-1049,1,75.00,0.00,75.00,SALE
T-500511,MARKETPLACE,14/06/2025,203,S-03,NULL,1,75.00,0.00,75.00,SALE
T-502847,POS,2025-08-15,P-202,S-90,C-1325,2,120.00,12.00,228.00,SALE
T-502866,APP,2025-08-15,P202,S-01,C-1076,1,120.00,0.00,120.00,SALE
T-500182,APP,2025-06-05,P301,S-03,C-1220,2,2450.00,0.00,4900.00,SALE
T-502932,MARKETPLACE,17/08/2025,102,S-03,,3,28.00,0.00,84.00,SALE
T-501246,APP,2025-07-04,P302,S-90,C-1199,1,3890.00,583.50,3306.50,SALE
T-501907,APP,2025-07-21,P102,S-01,C-1152,1,28.00,2.80,27.72,SALE
T-500825,MARKETPLACE,22/06/2025,202,S-04,C-1194,1,120.00,0.00,132.00,SALE
T-500448-R,APP,2025-06-12,P202, s-04 ,C-1155,1,120.00,0.00,120.00,RETURN
T-501395,APP,2025-07-08,P202,S-03,C-1268,1,120.00,0.00,120.00,SALE
T-501155,APP,2025-07-01,P202,S-01,C-1085,1,120.00,0.00,120.00,SALE
T-503390,POS,2025-08-29,P-203,S-03,C-1389,1,75.00,3.75,71.25,SALE
T-501077,APP,2025-06-29,P201,S-90,,1,95.00,0.00,85.50,SALE
T-503132,POS,2025-08-22,P-302,S-90,C-1208,2,3890.00,0.00,7780.00,SALE
T-501964,POS,2025-07-22,P-302,S-03,C-1024,1,3890.00,0.00,3890.00,SALE
T-502995,POS,2025-08-19,P-201,S-03,C-1014,1,95.00,0.00,95.00,SALE
T-501066,APP,2025-06-29,P103,S-02,C-1256,1,45.00,6.75,42.08,SALE
T-502527,POS,2025-08-06,P-202,S-02,C-1167,1,120.00,12.00,108.00,SALE
T-500339,POS,2025-06-09,P-101,S-02,C-1078,1,35.00,5.25,29.75,SALE
T-500924,POS,2025-06-25,P-203,S-04,C-1087,1,75.00,0.00,75.00,SALE
T-500287,POS,2025-06-08,P-103,S-04,C-1020,1,45.00,2.25,42.75,SALE
T-502733,POS,2025-08-12,P-203,S-05,C-1088,2,75.00,0.00,150.00,SALE
T-502652,POS,2025-08-10,P-103,S-02,C-1136,1,45.00,2.25,42.75,SALE
T-500073,APP,2025-06-02,P203, s-90 ,N/A,1,75.00,7.50,67.50,SALE
T-500726,POS,2025-06-20,P-202,S-02,N/A,1,120.00,12.00,108.00,SALE
T-502645,POS,2025-08-10,P-201,S-04,C-1081,1,95.00,0.00,95.00,SALE
T-501509,APP,2025-07-11,P203,S-90,C-1362,2,75.00,15.00,135.00,SALE
T-503104,POS,2025-08-21,P-203,S-03,C-1132,1,75.00,0.00,75.00,SALE
T-502040,APP,2025-07-24,P103,S-04,C-1327,2,45.00,0.00,90.00,SALE
T-500971,POS,2025-06-26,P-103,S-04,C-1324,2,45.00,4.50,85.50,SALE
T-501910,APP,2025-07-21,P302,S-03,C-1367,1,3890.00,583.50,3306.50,SALE
T-503188,POS,2025-08-24,P-103,S-06,,3,45.00,0.00,135.00,SALE
T-502280,POS,2025-07-31,P-302,S-04,C-1269,1,3890.00,194.50,3880.28,SALE
T-501230,MARKETPLACE,03/07/2025,101,S-06,C-1318,3,35.00,5.25,99.75,SALE
T-502157,POS,2025-07-28,P-103,S-06,NULL,1,45.00,6.75,38.25,SALE
T-500084,MARKETPLACE,03/06/2025,101,S-03,C-1049,1,35.00,0.00,35.00,SALE
T-502233,MARKETPLACE,30/07/2025,203,S-02,C-1031,1,75.00,0.00,75.00,SALE
T-501587,APP,2025-07-13,P102, s-06 ,NULL,3,28.00,0.00,84.00,SALE
T-500360,APP,2025-06-10,P102,S-02,C-1177,1,28.00,0.00,28.00,SALE
T-501821,POS,2025-07-19,P-101,S-04,C-1031,1,35.00,3.50,31.50,SALE
T-502240,APP,2025-07-30,P202,S-06,C-1025,3,120.00,54.00,306.00,SALE
T-502674,POS,2025-08-10,P-102,S-03,C-1400,2,28.00,0.00,56.00,SALE
T-500942,APP,2025-06-25,P201,S-02,C-1026,3,95.00,42.75,242.25,SALE
T-502410,MARKETPLACE,03/08/2025,203,S-04,C-1363,2,75.00,0.00,150.00,SALE
T-500572,POS,2025-06-16,P-202,S-90,C-1084,1,120.00,12.00,108.00,SALE
T-500709-R,POS,2025-06-20,P-301,S-01,,-2,2450.00,735.00,-4165.00,SALE
T-501483,APP,2025-07-10,P302,S-01,C-1121,1,3890.00,0.00,3890.00,SALE
T-501702,POS,2025-07-16,P-201,S-90,C-1251,1,95.00,0.00,95.00,SALE
T-503361,MARKETPLACE,28/08/2025,103,S-01,N/A,1,45.00,0.00,45.00,SALE
T-500670,POS,2025-06-18,P-103,S-01,,1,45.00,2.25,42.75,SALE
T-501320,APP,2025-07-06,P102,S-01,C-1379,2,28.00,0.00,56.00,SALE
T-500758,APP,2025-06-21,P103,S-03,C-1216,2,45.00,4.50,85.50,SALE
T-500460,POS,2025-06-12,P-102,S-02,C-1169,6,28.00,16.80,151.20,SALE
T-500701,POS,2025-06-19,P-301,S-03,C-1018,2,2450.00,0.00,4900.00,SALE
T-500596,POS,2025-06-16,P-103,S-04,NULL,3,45.00,6.75,128.25,SALE
T-500471,POS,2025-06-13,P-101,S-90,C-1143,1,35.00,1.75,33.25,SALE
T-500938,POS,2025-06-25,P-203,S-90,,1,75.00,11.25,63.75,SALE
T-501036,POS,2025-06-28,P-302,S-03,C-1073,1,3890.00,0.00,3890.00,SALE
T-502216,APP,2025-07-29,P103,S-02,C-1121,1,45.00,4.50,40.50,SALE
T-502301,APP,2025-08-01,P202,S-03,N/A,1,120.00,6.00,114.00,SALE
T-503111,MARKETPLACE,22/08/2025,203,S-06,C-1201,1,75.00,0.00,75.00,SALE
T-501273,POS,2025-07-04,P-202,S-05,C-1190,1,120.00,0.00,120.00,SALE
T-501726,MARKETPLACE,16/07/2025,203,S-90,C-1149,2,75.00,15.00,121.50,SALE
T-501044,POS,2025-06-28,P-302,S-05,C-1208,1,3890.00,0.00,3890.00,SALE
T-501256,POS,2025-07-04,P-101, s-04 ,C-1267,1,35.00,1.75,33.25,SALE
T-501789-R,POS,2025-07-18,P-301, s-02 ,C-1058,-2,2450.00,0.00,-4900.00,SALE
T-500884,APP,2025-06-24,P202,S-03,C-1019,1,120.00,0.00,120.00,SALE
T-500998,APP,2025-06-27,P101,S-01,C-1360,1,35.00,0.00,35.00,SALE
T-502072,APP,2025-07-25,P101,S-06,C-1150,1,35.00,0.00,35.00,SALE
T-502536,POS,2025-08-07,P-201,S-04,C-1211,1,95.00,0.00,95.00,SALE
T-501313-R,POS,2025-07-05,P-101,TEMP,C-1195,-2,35.00,10.50,-59.50,SALE
T-500063,APP,2025-06-02,P101,S-02,C-1100,1,35.00,5.25,31.24,SALE
T-501061,POS,2025-06-29,P-301,S-90,C-1360,6,2450.00,0.00,14700.00,SALE
T-502858,MARKETPLACE,15/08/2025,102,S-01,N/A,1,28.00,4.20,23.80,SALE
T-501765,APP,2025-07-17,P202,S-06,C-1335,1,120.00,12.00,108.00,SALE
T-500576,APP,2025-06-16,P101,S-05,C-1069,1,35.00,1.75,33.25,SALE
T-500024,POS,2025-06-01,P-203, s-03 ,C-1021,6,75.00,67.50,382.50,SALE
T-500980,MARKETPLACE,27/06/2025,301,S-03,C-1322,1,2450.00,0.00,2450.00,SALE
T-500013,POS,2025-06-01,P-102,S-03,C-1337,1,28.00,4.20,23.80,SALE
T-500054,POS,2025-06-02,P-302,S-05,C-1188,1,3890.00,0.00,3890.00,SALE
T-502339,POS,2025-08-02,P-301,S-01,C-1145,1,2450.00,245.00,2205.00,SALE
T-502287,APP,2025-07-31,P103,S-05,C-1101,1,45.00,6.75,38.25,SALE
T-501616,POS,2025-07-14,P-103,S-01,C-1008,6,45.00,0.00,270.00,SALE
T-503305,POS,2025-08-27,P-202,S-06,C-1131,1,120.00,6.00,114.00,SALE
T-501818,APP,2025-07-19,P201,S-05,C-1272,1,95.00,4.75,90.25,SALE
T-501252,APP,2025-07-04,P103,S-02,C-1179,2,45.00,13.50,76.50,SALE
T-501097,POS,2025-06-30,P-102,S-90,NULL,1,28.00,4.20,23.80,SALE
T-501206,POS,2025-07-03,P-203,S-01,C-1275,1,75.00,3.75,71.25,SALE
T-501993,POS,2025-07-23,P-201,S-06,C-1247,1,95.00,14.25,80.75,SALE
T-500859,POS,2025-06-23,P-102,S-04,C-1195,1,28.00,0.00,28.00,SALE
T-501183,POS,2025-07-02,P-103,S-04,C-1054,1,45.00,2.25,42.75,SALE
T-502349,APP,2025-08-02,P101,S-01,C-1397,1,35.00,0.00,35.00,SALE
T-501584,POS,2025-07-13,P-103,S-03,C-1184,1,45.00,0.00,45.00,SALE
T-502092,POS,2025-07-26,P-103, s-90 ,C-1138,3,45.00,0.00,148.50,SALE
T-501389,POS,2025-07-07,P-103,S-02,C-1315,3,45.00,0.00,135.00,SALE
T-501949,POS,2025-07-22,P-201,S-03,N/A,3,95.00,42.75,242.25,SALE
T-502300,POS,2025-08-01,P-103,S-90,C-1057,1,45.00,0.00,45.00,SALE
T-501455,POS,2025-07-09,P-103,S-90,C-1198,3,45.00,20.25,114.75,SALE
T-502564,POS,2025-08-07,P-202,S-06,C-1163,1,120.00,0.00,120.00,SALE
T-500561,POS,2025-06-15,P-103,S-02,C-1384,2,45.00,0.00,90.00,SALE
T-503278,POS,2025-08-26,P-203,S-02,C-1330,3,75.00,0.00,225.00,SALE
T-500785,APP,2025-06-22,P302,S-90,C-1289,3,3890.00,1750.50,9919.50,SALE
T-501135,MARKETPLACE,01/07/2025,101,S-02,C-1007,1,35.00,0.00,35.00,SALE
T-503103,POS,2025-08-21,P-201,S-04,C-1389,1,95.00,0.00,95.00,SALE
T-501542,POS,2025-07-12,P-101,S-02,C-1295,1,35.00,3.50,28.35,SALE
T-501430,POS,2025-07-08,P-301,S-01,C-1069,1,2450.00,367.50,2082.50,SALE
T-500789,POS,2025-06-22,P-302, s-01 ,C-1092,2,3890.00,1167.00,6613.00,SALE
T-500799,POS,2025-06-22,P-301,S-03,C-1206,1,2450.00,367.50,2082.50,SALE
T-502737,POS,2025-08-12,P-201,S-03,N/A,2,95.00,19.00,171.00,SALE
T-500094-R,POS,2025-06-03,P-201,S-90,C-1231,-1,95.00,0.00,-95.00,SALE
T-503368,APP,2025-08-28,P202,S-06,C-1149,1,120.00,0.00,120.00,SALE
T-501833,APP,2025-07-19,P202,S-04,C-1152,2,120.00,0.00,240.00,SALE
T-501042,APP,2025-06-28,P201,S-06,NULL,1,95.00,0.00,95.00,SALE
T-501418,POS,2025-07-08,P-202,S-90,C-1179,1,120.00,0.00,120.00,SALE
T-502828,MARKETPLACE,14/08/2025,103,S-02,C-1113,1,45.00,4.50,40.50,SALE
T-501577,POS,2025-07-13,P-202,S-90,N/A,1,120.00,0.00,120.00,SALE
T-503036,POS,2025-08-20,P-102, s-05 ,C-1032,1,28.00,0.00,28.00,SALE
T-502141,POS,2025-07-27,P-302,S-06,C-1384,2,3890.00,0.00,7780.00,SALE
T-501790,APP,2025-07-18,P302,S-03,C-1316,2,3890.00,0.00,8558.00,SALE
T-502683,POS,2025-08-11,P-103,S-01,C-1141,1,45.00,0.00,45.00,SALE
T-503032,APP,2025-08-20,P102,S-01,C-1232,1,28.00,0.00,28.00,SALE
T-500126-R,POS,2025-06-04,P-302,S-06,C-1385,-1,3890.00,389.00,-3501.00,SALE
T-501331,POS,2025-07-06,P-203,S-90,C-1286,2,75.00,0.00,150.00,SALE
T-502106-R,POS,2025-07-26,P-302,S-05,C-1035,-1,3890.00,0.00,-3890.00,SALE
T-501871,POS,2025-07-20,P-201,S-06,C-1082,1,95.00,0.00,95.00,SALE
T-503105,APP,2025-08-21,P202,S-06,C-1220,1,120.00,6.00,114.00,SALE
T-502683,POS,2025-08-11,P-103,S-01,C-1141,1,45.00,0.00,45.00,SALE
T-502167,POS,2025-07-28,P-201,S-04,C-1269,1,95.00,9.50,85.50,SALE
T-502371,POS,2025-08-02,P-201,S-04,C-1274,1,95.00,0.00,95.00,SALE
T-500570-R,APP,2025-06-16,P102,S-03,C-1076,1,28.00,2.80,25.20,RETURN
T-500527,MARKETPLACE,14/06/2025,101,S-02,C-1393,1,35.00,5.25,29.75,SALE
T-503402,APP,2025-08-29,P202,S-90,C-1231,1,120.00,0.00,120.00,SALE
T-501623,POS,2025-07-14,P-201,S-02,C-1356,1,95.00,14.25,80.75,SALE
T-502183,POS,2025-07-28,P-103,S-88,C-1293,1,45.00,0.00,45.00,SALE
T-500391-R,POS,2025-06-10,P-203, s-03 ,C-1040,-6,75.00,67.50,-382.50,SALE
T-502752,APP,2025-08-12,P201,S-03,C-1108,3,95.00,0.00,285.00,SALE
T-500876,POS,2025-06-24,P-301,S-05,,2,2450.00,0.00,4900.00,SALE
T-500119,APP,2025-06-04,P301,S-06,C-1298,1,2450.00,122.50,2327.50,SALE
T-501867,POS,2025-07-20,P-102,S-01,C-1056,3,28.00,12.60,71.40,SALE
T-500451,POS,2025-06-12,P-302,S-04,C-1053,3,3890.00,0.00,11670.00,SALE
T-501521,APP,2025-07-11,P203,S-06,C-1230,2,75.00,0.00,150.00,SALE
T-501969,MARKETPLACE,22/07/2025,103,S-90,N/A,1,45.00,2.25,42.75,SALE
T-502663,POS,2025-08-10,P-201,S-05,C-1112,2,95.00,9.50,189.53,SALE
T-503375,APP,2025-08-29,P301,S-01,C-1009,2,2450.00,735.00,4165.00,SALE
T-501761,POS,2025-07-17,P-202,S-05,C-1312,2,120.00,24.00,216.00,SALE
T-501976,APP,2025-07-23,P302,S-01,C-1225,1,3890.00,0.00,4084.50,SALE
T-501938,POS,2025-07-22,P-301,S-02,C-1085,1,2450.00,0.00,2450.00,SALE
T-502725,MARKETPLACE,12/08/2025,102,S-05,C-1170,1,28.00,2.80,25.20,SALE
T-500015,MARKETPLACE,01/06/2025,202, s-02 ,C-1143,2,120.00,12.00,228.00,SALE
T-500328,APP,2025-06-09,P203,S-01,C-1009,2,75.00,15.00,135.00,SALE
T-502793,POS,2025-08-13,P-302,S-02,C-1328,1,3890.00,389.00,3501.00,SALE
T-502200,POS,2025-07-29,P-201,S-03,C-1030,3,95.00,0.00,285.00,SALE
T-501716,MARKETPLACE,16/07/2025,101,S-88,C-1204,6,35.00,10.50,199.50,SALE
T-503191,APP,2025-08-24,P203,S-04,C-1114,1,75.00,0.00,75.00,SALE
T-503231,POS,2025-08-25,P-201,S-90,C-1256,1,95.00,9.50,85.50,SALE
T-500084-R,MARKETPLACE,03/06/2025,101,S-03,C-1049,1,35.00,0.00,35.00,RETURN
T-500474,APP,2025-06-13,P103,S-02,C-1202,2,45.00,0.00,90.00,SALE
T-501971,POS,2025-07-22,P-203,S-02,C-1221,1,75.00,0.00,75.00,SALE
T-501621-R,MARKETPLACE,14/07/2025,203,S-06,C-1024,2,75.00,7.50,142.50,RETURN
T-500613,APP,2025-06-17,P102,S-05,C-1029,1,28.00,0.00,25.20,SALE
T-500723,POS,2025-06-20,P-101,S-04,C-1342,1,35.00,0.00,35.00,SALE
T-502553,APP,2025-08-07,P101,S-90,C-1334,2,35.00,0.00,70.00,SALE
T-500508,APP,2025-06-14,P103,S-03,,1,45.00,0.00,45.00,SALE
T-502541,MARKETPLACE,07/08/2025,103,S-90,C-1301,2,45.00,4.50,85.50,SALE
T-501001,POS,2025-06-27,P-102,S-02,C-1033,1,28.00,1.40,26.60,SALE
T-500234,MARKETPLACE,06/06/2025,302,S-01,C-1050,2,3890.00,1167.00,6613.00,SALE
T-502474,POS,2025-08-05,P-103,S-90,C-1344,1,45.00,0.00,45.00,SALE
T-500519,MARKETPLACE,14/06/2025,103,S-01,C-1159,3,45.00,20.25,114.75,SALE
T-503394,POS,2025-08-29,P-301, s-90 ,C-1376,2,2450.00,0.00,4900.00,SALE
T-503115,MARKETPLACE,22/08/2025,301,S-90,C-1049,1,2450.00,0.00,2450.00,SALE
T-501008,POS,2025-06-27,P-201,S-04,C-1313,2,95.00,9.50,180.50,SALE
T-501435,POS,2025-07-09,P-103,S-03,C-1311,1,45.00,4.50,40.50,SALE
T-503283,POS,2025-08-26,P-302,S-06,C-1245,6,3890.00,0.00,23340.00,SALE
T-501139,MARKETPLACE,01/07/2025,101,S-03,C-1069,3,35.00,15.75,89.25,SALE
T-502996,POS,2025-08-19,P-102,S-90,C-1264,2,28.00,0.00,56.00,SALE
T-500535,POS,2025-06-14,P-202,S-04,C-1081,3,120.00,0.00,360.00,SALE
T-501039-R,MARKETPLACE,28/06/2025,101,S-04,C-1212,1,35.00,1.75,33.25,RETURN
T-502375,POS,2025-08-03,P-302,S-90,C-1091,3,3890.00,583.50,11086.50,SALE
T-502510,MARKETPLACE,06/08/2025,301,S-01,C-1038,1,2450.00,0.00,2450.00,SALE
T-501618,POS,2025-07-14,P-203,S-90,C-1108,1,75.00,0.00,75.00,SALE
T-500423-R,APP,2025-06-11,P202,S-90,,6,120.00,108.00,612.00,RETURN
T-500261,POS,2025-06-07,P-201,S-01,C-1118,3,95.00,42.75,242.25,SALE
T-500055,POS,2025-06-02,P-301,S-02,C-1277,1,2450.00,0.00,2695.00,SALE
T-501451,POS,2025-07-09,P-201,S-05,C-1022,1,95.00,0.00,95.00,SALE
T-501141,POS,2025-07-01,P-101,S-03,C-1090,1,35.00,0.00,35.00,SALE
T-501611,APP,2025-07-13,P101,S-90,C-1332,2,35.00,0.00,70.00,SALE
T-503272,APP,2025-08-26,P103, s-05 ,C-1345,1,45.00,0.00,45.00,SALE
T-502942,POS,2025-08-17,P-302,S-02,C-1072,1,3890.00,0.00,3890.00,SALE
T-500820,POS,2025-06-22,P-101,S-06,C-1044,1,35.00,5.25,29.75,SALE
T-502230,POS,2025-07-30,P-101,S-01,C-1067,1,35.00,0.00,35.00,SALE
T-500473,POS,2025-06-13,P-203,S-04,C-1094,1,75.00,3.75,71.25,SALE
T-500272,POS,2025-06-07,P-202,S-04,C-1141,1,120.00,0.00,120.00,SALE
T-502444,APP,2025-08-04,P201,S-05,C-1400,2,95.00,0.00,190.00,SALE
T-500536,POS,2025-06-14,P-302,S-05,C-1353,1,3890.00,0.00,3890.00,SALE
T-501658,POS,2025-07-14,P-101,S-05,C-1173,2,35.00,10.50,59.50,SALE
T-503325,APP,2025-08-27,P203,S-01,C-1281,2,75.00,7.50,142.50,SALE
T-501265,APP,2025-07-04,P201,S-06,C-1181,2,95.00,0.00,190.00,SALE
T-502535,MARKETPLACE,07/08/2025,301,S-90,C-1090,1,2450.00,0.00,2450.00,SALE
T-500974,POS,2025-06-26,P-201,S-01,C-1212,2,95.00,0.00,190.00,SALE
T-501591,APP,2025-07-13,P103,S-06,C-1232,3,45.00,6.75,128.25,SALE
T-502104-R,POS,2025-07-26,P-203,S-90,,-2,75.00,0.00,-150.00,SALE
T-501100,APP,2025-06-30,P202,S-01,C-1088,3,120.00,36.00,324.00,SALE
T-500813,APP,2025-06-22,P201,S-02,C-1003,2,95.00,0.00,190.00,SALE
T-500316,POS,2025-06-08,P-302,S-05,C-1055,2,3890.00,0.00,7780.00,SALE
T-502912,POS,2025-08-16,P-201,S-02,C-1125,2,95.00,9.50,180.50,SALE
T-502818,APP,2025-08-14,P102, s-04 ,C-1266,1,28.00,1.40,26.60,SALE
T-502457,POS,2025-08-04,P-103,S-01,C-1271,1,45.00,0.00,45.00,SALE
T-502014,POS,2025-07-23,P-201,S-02,C-1396,1,95.00,0.00,95.00,SALE
T-502240,APP,2025-07-30,P202,S-06,C-1025,3,120.00,54.00,306.00,SALE
T-500285,POS,2025-06-08,P-201,S-03,C-1177,2,95.00,0.00,190.00,SALE
T-500160,MARKETPLACE,05/06/2025,201,S-01,C-1034,2,95.00,9.50,180.50,SALE
T-502241,POS,2025-07-30,P-203,S-90,C-1171,1,75.00,7.50,67.50,SALE
T-503070,APP,2025-08-20,P103,S-04,C-1106,1,45.00,2.25,42.75,SALE
T-503059-R,MARKETPLACE,20/08/2025,202,S-02,C-1299,1,120.00,0.00,120.00,RETURN
T-500681,POS,2025-06-19,P-302, s-06 ,C-1006,1,3890.00,0.00,3890.00,SALE
T-500622,APP,2025-06-17,P201,S-05,C-1035,2,95.00,0.00,209.00,SALE
T-501360,APP,2025-07-07,P102,S-01,C-1073,1,28.00,0.00,28.00,SALE
T-501363,POS,2025-07-07,P-101,S-04,N/A,2,35.00,3.50,66.50,SALE
T-501018,APP,2025-06-28,P301,S-05,C-1098,1,2450.00,0.00,2450.00,SALE
T-503005,POS,2025-08-19,P-301,S-03,C-1123,3,2450.00,367.50,6982.50,SALE
T-503040,MARKETPLACE,20/08/2025,203,S-02,C-1297,1,75.00,0.00,75.00,SALE
T-502647,POS,2025-08-10,P-301,S-03,C-1112,2,2450.00,245.00,4655.00,SALE
T-500204,POS,2025-06-06,P-201,S-02,C-1029,6,95.00,0.00,570.00,SALE
T-502226,APP,2025-07-30,P302,S-03,C-1089,2,3890.00,0.00,7780.00,SALE
T-500792,MARKETPLACE,22/06/2025,102,S-03,C-1001,3,28.00,12.60,71.40,SALE
T-500560,POS,2025-06-15,P-103,S-05,C-1119,2,45.00,0.00,90.00,SALE
T-500787,APP,2025-06-22,P201,S-01,C-1073,1,95.00,4.75,94.76,SALE
T-501809,APP,2025-07-18,P302,S-06,C-1161,1,3890.00,0.00,3890.00,SALE
T-502165,APP,2025-07-28,P203,S-04,C-1318,1,75.00,0.00,75.00,SALE
T-502168,POS,2025-07-28,P-203,S-05,C-1147,1,75.00,0.00,75.00,SALE
T-500038,MARKETPLACE,01/06/2025,201, s-06 ,C-1145,3,95.00,42.75,242.25,SALE
T-502956,APP,2025-08-18,P103,S-03,C-1156,1,45.00,0.00,45.00,SALE
T-501456,APP,2025-07-09,P201,S-90,C-1366,3,95.00,0.00,285.00,SALE
T-502670,POS,2025-08-10,P-101,S-03,C-1027,3,35.00,0.00,105.00,SALE
T-500679,MARKETPLACE,19/06/2025,103,S-03,C-1007,1,45.00,6.75,38.25,SALE
T-503392,APP,2025-08-29,P302,S-90,C-1324,2,3890.00,0.00,7780.00,SALE
T-500388-R,POS,2025-06-10,P-103,S-03,C-1133,-1,45.00,0.00,-45.00,SALE
T-502842,POS,2025-08-14,P-302,S-05,C-1285,1,3890.00,0.00,3890.00,SALE
T-501538,POS,2025-07-11,P-101,S-90,,1,35.00,3.50,31.50,SALE
T-501576,POS,2025-07-13,P-302,S-05,,1,3890.00,0.00,3890.00,SALE
T-503161,POS,2025-08-23,P-302,S-03,C-1268,2,3890.00,1167.00,6613.00,SALE
T-501480,APP,2025-07-10,P201, s-05 ,C-1338,1,95.00,4.75,90.25,SALE
T-501307,POS,2025-07-05,P-302,S-90,C-1086,1,3890.00,194.50,3695.50,SALE
T-501117,POS,2025-06-30,P-203,S-04,NULL,2,75.00,22.50,133.88,SALE
T-501242,APP,2025-07-04,P302,S-06,C-1126,2,3890.00,0.00,7780.00,SALE
T-503204,APP,2025-08-24,P101,S-02,C-1317,6,35.00,0.00,210.00,SALE
T-500645,APP,2025-06-18,P203,S-06,C-1367,1,75.00,3.75,71.25,SALE
T-503273-R,POS,2025-08-26,P-203, s-06 ,,-2,75.00,0.00,-150.00,SALE
T-502750,POS,2025-08-12,P-203,S-90,C-1261,1,75.00,0.00,75.00,SALE
T-502132,POS,2025-07-27,P-102, s-02 ,C-1207,2,28.00,8.40,52.36,SALE
T-503321,POS,2025-08-27,P-102,S-04,C-1251,3,28.00,0.00,84.00,SALE
T-500601,POS,2025-06-17,P-301,S-01,C-1193,1,2450.00,0.00,2450.00,SALE
T-500264,MARKETPLACE,07/06/2025,201,S-01,NULL,1,95.00,0.00,95.00,SALE
T-501747-R,APP,2025-07-17,P302,S-02,C-1133,1,3890.00,0.00,3890.00,RETURN
T-501539,POS,2025-07-11,P-302, s-03 ,C-1085,1,3890.00,389.00,3501.00,SALE
T-500657-R,APP,2025-06-18,P302,S-06,C-1305,1,3890.00,0.00,3890.00,RETURN
T-503374,POS,2025-08-29,P-202,S-90,C-1317,3,120.00,0.00,360.00,SALE
T-501026,POS,2025-06-28,P-201,S-01,C-1106,3,95.00,28.50,256.50,SALE
T-502529,POS,2025-08-07,P-102,S-02,C-1252,1,28.00,0.00,28.00,SALE
T-502758,POS,2025-08-12,P-202,S-05,C-1231,1,120.00,0.00,120.00,SALE
T-503376,POS,2025-08-29,P-102,S-05,N/A,2,28.00,0.00,56.00,SALE
T-502414,POS,2025-08-04,P-203,S-01,,1,75.00,0.00,75.00,SALE
T-502441,APP,2025-08-04,P203,S-03,C-1189,1,75.00,0.00,75.00,SALE
T-500516,APP,2025-06-14,P202,S-06,C-1311,2,120.00,0.00,240.00,SALE
T-501733,POS,2025-07-16,P-103,S-06,C-1005,3,45.00,0.00,135.00,SALE
T-503145,MARKETPLACE,23/08/2025,301,S-05,C-1078,2,2450.00,245.00,4655.00,SALE
T-500232,POS,2025-06-06,P-302,S-02,C-1308,1,3890.00,389.00,3501.00,SALE
T-501274,POS,2025-07-04,P-302,S-90,,3,3890.00,1750.50,10911.45,SALE
T-502171,POS,2025-07-28,P-301,S-04,C-1205,1,2450.00,0.00,2450.00,SALE
T-502155,APP,2025-07-28,P201,S-04,C-1089,6,95.00,85.50,484.50,SALE
T-502078,APP,2025-07-25,P201, s-02 ,C-1225,2,95.00,19.00,171.00,SALE
T-500515,POS,2025-06-14,P-202,S-04,C-1178,2,120.00,0.00,252.00,SALE
T-500011,APP,2025-06-01,P103,S-03,C-1129,2,45.00,0.00,90.00,SALE
T-501990,POS,2025-07-23,P-201,S-06,C-1037,1,95.00,14.25,80.75,SALE
T-503351,POS,2025-08-28,P-101,S-02,C-1124,1,35.00,0.00,35.00,SALE
T-502756,POS,2025-08-12,P-302,S-05,C-1332,1,3890.00,583.50,3306.50,SALE
T-500772,APP,2025-06-21,P103,TEMP,C-1106,1,45.00,6.75,38.25,SALE
T-501214,POS,2025-07-03,P-101,S-04,C-1111,1,35.00,5.25,29.75,SALE
T-500664,POS,2025-06-18,P-101,S-02,C-1327,1,35.00,0.00,35.00,SALE
T-503170,APP,2025-08-23,P301,TEMP,C-1220,1,2450.00,0.00,2450.00,SALE
T-501075,POS,2025-06-29,P-103,S-04,C-1223,3,45.00,20.25,114.75,SALE
T-501653,APP,2025-07-14,P301,S-02,C-1087,1,2450.00,245.00,2205.00,SALE
T-502778,MARKETPLACE,13/08/2025,302,S-03,C-1117,1,3890.00,194.50,3695.50,SALE
T-502406,APP,2025-08-03,P102, s-03 ,,1,28.00,1.40,26.60,SALE
T-503340,POS,2025-08-27,P-101,S-01,NULL,1,35.00,3.50,31.50,SALE
T-503346,POS,2025-08-28,P-301,S-04,C-1240,2,2450.00,245.00,4655.00,SALE
T-500349,POS,2025-06-09,P-201,S-04,C-1115,1,95.00,9.50,85.50,SALE
T-502174,APP,2025-07-28,P102,S-03,C-1172,2,28.00,0.00,56.00,SALE
T-501435,POS,2025-07-09,P-103,S-03,C-1311,1,45.00,4.50,40.50,SALE
T-502841,POS,2025-08-14,P-201,S-02,C-1100,2,95.00,19.00,171.00,SALE
T-503071,APP,2025-08-20,P103,S-04,C-1287,2,45.00,0.00,90.00,SALE
T-503300,APP,2025-08-27,P102,S-90,C-1345,1,28.00,2.80,25.20,SALE
T-501207,MARKETPLACE,03/07/2025,102,S-04,C-1211,3,28.00,0.00,84.00,SALE
T-500892,MARKETPLACE,24/06/2025,103,S-02,C-1182,1,45.00,6.75,38.25,SALE
T-501831,POS,2025-07-19,P-203,S-02,C-1336,1,75.00,0.00,75.00,SALE
T-501629,APP,2025-07-14,P301,S-04,NULL,1,2450.00,0.00,2450.00,SALE
T-500689,APP,2025-06-19,P101, s-02 ,C-1220,1,35.00,0.00,35.00,SALE
T-500837,POS,2025-06-23,P-101,S-04,C-1070,1,35.00,1.75,33.25,SALE
T-503257,POS,2025-08-26,P-101,S-04,NULL,1,35.00,0.00,35.00,SALE
T-501645,APP,2025-07-14,P201,S-04,NULL,2,95.00,9.50,180.50,SALE
T-502153,POS,2025-07-27,P-202,S-01,C-1185,1,120.00,12.00,108.00,SALE
T-501768,MARKETPLACE,17/07/2025,103,S-90,C-1243,1,45.00,2.25,42.75,SALE
T-502862-R,APP,2025-08-15,P101,S-05,C-1396,1,35.00,1.75,33.25,RETURN
T-501721,APP,2025-07-16,P202, s-06 ,C-1295,1,120.00,18.00,102.00,SALE
T-500338,POS,2025-06-09,P-302,S-06,C-1075,1,3890.00,389.00,3501.00,SALE
T-501171,POS,2025-07-02,P-202,S-06,C-1331,1,120.00,12.00,108.00,SALE
T-500248,POS,2025-06-07,P-301,S-06,C-1320,3,2450.00,1102.50,6247.50,SALE
T-500173,MARKETPLACE,05/06/2025,203,S-90,C-1004,3,75.00,0.00,225.00,SALE
T-500847,POS,2025-06-23,P-103,S-06,C-1096,1,45.00,0.00,45.00,SALE
T-500067,POS,2025-06-02,P-102,S-90,NULL,1,28.00,0.00,28.00,SALE
T-500520,POS,2025-06-14,P-202,S-03,C-1306,2,120.00,36.00,204.00,SALE
T-503142,POS,2025-08-22,P-101,S-03,C-1276,1,35.00,3.50,31.50,SALE
T-502547,APP,2025-08-07,P203, s-05 ,C-1019,3,75.00,33.75,191.25,SALE
T-501765,APP,2025-07-17,P202,S-06,C-1335,1,120.00,12.00,108.00,SALE
T-501816,POS,2025-07-19,P-302,S-05,C-1014,3,3890.00,0.00,11670.00,SALE
T-500260,POS,2025-06-07,P-301,S-01,N/A,1,2450.00,0.00,2450.00,SALE
T-502019,APP,2025-07-24,P202,S-04,C-1027,2,120.00,0.00,240.00,SALE
T-502627,POS,2025-08-09,P-301,S-03,C-1055,1,2450.00,367.50,2082.50,SALE
T-502386,POS,2025-08-03,P-103,S-01,C-1312,1,45.00,0.00,45.00,SALE
T-500466-R,APP,2025-06-13,P102,S-01,C-1240,3,28.00,0.00,84.00,RETURN
T-503023,MARKETPLACE,19/08/2025,302,TEMP,C-1179,2,3890.00,778.00,7002.00,SALE
T-501113,POS,2025-06-30,P-202,S-04,C-1039,1,120.00,0.00,120.00,SALE
T-501189,POS,2025-07-02,P-301,S-06,NULL,3,2450.00,367.50,6982.50,SALE
T-501440,POS,2025-07-09,P-201,S-02,C-1037,2,95.00,0.00,190.00,SALE
T-500903,POS,2025-06-24,P-201,S-03,C-1150,2,95.00,9.50,180.50,SALE
T-503030,POS,2025-08-20,P-202, s-03 ,C-1359,3,120.00,0.00,360.00,SALE
T-502303,POS,2025-08-01,P-301,S-90,N/A,1,2450.00,122.50,2327.50,SALE
T-500745,APP,2025-06-21,P103,S-90,C-1062,1,45.00,0.00,45.00,SALE
T-500464,MARKETPLACE,12/06/2025,103,S-05,C-1306,1,45.00,6.75,38.25,SALE
T-501694,APP,2025-07-15,P202,S-90,C-1147,2,120.00,0.00,240.00,SALE
T-502415,POS,2025-08-04,P-202,S-03,C-1080,1,120.00,18.00,102.00,SALE
T-500169,POS,2025-06-05,P-103,S-06,C-1136,1,45.00,0.00,45.00,SALE
T-503012,POS,2025-08-19,P-103,S-03,C-1223,1,45.00,4.50,40.50,SALE
T-502692,POS,2025-08-11,P-103,S-03,C-1045,2,45.00,0.00,90.00,SALE
T-501099,POS,2025-06-30,P-102,S-04,N/A,2,28.00,8.40,47.60,SALE
T-502246,MARKETPLACE,30/07/2025,201,S-90,C-1036,1,95.00,14.25,80.75,SALE
T-502925,APP,2025-08-17,P201,S-02,C-1112,2,95.00,28.50,161.50,SALE
T-503212,POS,2025-08-24,P-202, s-90 ,C-1203,2,120.00,24.00,216.00,SALE
T-500916,APP,2025-06-25,P302,S-06,C-1105,3,3890.00,583.50,11086.50,SALE
T-500993,MARKETPLACE,27/06/2025,202,S-06,C-1133,1,120.00,12.00,108.00,SALE
T-502787,MARKETPLACE,13/08/2025,301,S-90,C-1024,1,2450.00,245.00,2205.00,SALE
T-500361,APP,2025-06-10,P203,S-05,C-1138,2,75.00,0.00,150.00,SALE
T-501557,POS,2025-07-12,P-102,S-01,C-1211,1,28.00,1.40,26.60,SALE
T-500770,POS,2025-06-21,P-101,S-05,C-1195,1,35.00,0.00,35.00,SALE
T-502615,POS,2025-08-09,P-103,S-05,C-1265,1,45.00,0.00,45.00,SALE
T-500850-R,APP,2025-06-23,P101,S-01,C-1070,2,35.00,0.00,70.00,RETURN
T-502361,POS,2025-08-02,P-102,S-03,C-1110,1,28.00,0.00,28.00,SALE
T-502411,POS,2025-08-03,P-201,S-03,C-1034,1,95.00,4.75,90.25,SALE
T-502641,MARKETPLACE,09/08/2025,103,S-04,C-1353,1,45.00,0.00,45.00,SALE
T-502814-R,POS,2025-08-14,P-102,S-03,C-1129,-1,28.00,1.40,-26.60,SALE
T-500017,POS,2025-06-01,P-202,S-90,C-1360,3,120.00,54.00,306.00,SALE
T-503178,POS,2025-08-24,P-201,S-05,C-1387,2,95.00,28.50,161.50,SALE
T-500909,POS,2025-06-24,P-103,S-05,C-1208,1,45.00,0.00,49.50,SALE
T-502958,APP,2025-08-18,P203, s-02 ,NULL,2,75.00,22.50,127.50,SALE
T-501088,APP,2025-06-29,P201, s-01 ,C-1201,1,95.00,0.00,95.00,SALE
T-503306,POS,2025-08-27,P-103,S-06,C-1193,1,45.00,0.00,45.00,SALE
T-500489,APP,2025-06-13,P203,S-90,C-1059,1,75.00,3.75,71.25,SALE
T-502094,POS,2025-07-26,P-301,S-05,C-1256,1,2450.00,122.50,2327.50,SALE
T-502708-R,POS,2025-08-11,P-102,S-03,NULL,-1,28.00,2.80,-25.20,SALE
T-502954,APP,2025-08-18,P202,S-04,C-1081,1,120.00,0.00,120.00,SALE
T-500459,POS,2025-06-12,P-102,S-03,C-1076,1,28.00,0.00,28.00,SALE
T-503218,APP,2025-08-25,P101, s-01 ,C-1026,2,35.00,7.00,63.00,SALE
T-502979,MARKETPLACE,18/08/2025,301,S-01,C-1303,1,2450.00,0.00,2450.00,SALE
T-502732,POS,2025-08-12,P-202,S-05,C-1062,1,120.00,18.00,102.00,SALE
T-502943,MARKETPLACE,17/08/2025,102,S-05,C-1102,1,28.00,4.20,24.99,SALE
T-501961,POS,2025-07-22,P-301,S-02,,3,2450.00,1102.50,6247.50,SALE
T-502520,POS,2025-08-06,P-301,S-03,C-1374,1,2450.00,367.50,2082.50,SALE
T-501431,POS,2025-07-09,P-101,S-06,C-1356,2,35.00,7.00,63.00,SALE
T-501843,APP,2025-07-19,P302,S-90,C-1200,6,3890.00,0.00,23340.00,SALE
T-501350,MARKETPLACE,07/07/2025,302,S-90,N/A,3,3890.00,1167.00,10503.00,SALE
T-501637,POS,2025-07-14,P-203,S-03,C-1296,1,75.00,0.00,75.00,SALE
T-502257,POS,2025-07-31,P-103,S-06,NULL,1,45.00,0.00,45.00,SALE
T-501514,POS,2025-07-11,P-203,S-06,C-1301,1,75.00,0.00,75.00,SALE
T-500353,APP,2025-06-09,P103,S-06,C-1051,2,45.00,0.00,90.00,SALE
T-501143,APP,2025-07-01,P301,S-04,C-1379,6,2450.00,0.00,14700.00,SALE
T-503156,POS,2025-08-23,P-102,S-04,C-1146,1,28.00,2.80,25.20,SALE
T-500470,POS,2025-06-13,P-201,S-04,C-1285,2,95.00,0.00,190.00,SALE
T-500469,MARKETPLACE,13/06/2025,301,S-05,C-1073,1,2450.00,0.00,2450.00,SALE
T-501224,POS,2025-07-03,P-103,S-01,C-1334,1,45.00,0.00,45.00,SALE
T-501719,MARKETPLACE,16/07/2025,202,S-90,C-1341,1,120.00,6.00,114.00,SALE
T-502027,POS,2025-07-24,P-101,S-02,C-1298,1,35.00,0.00,35.00,SALE
T-503081,APP,2025-08-21,P101,S-04,C-1216,1,35.00,0.00,35.00,SALE
T-502130,POS,2025-07-27,P-201,S-90,,2,95.00,19.00,171.00,SALE
T-500608,POS,2025-06-17,P-101,S-05,,1,35.00,0.00,35.00,SALE
T-502042,APP,2025-07-24,P102,S-04,C-1022,1,28.00,4.20,23.80,SALE
T-500251,MARKETPLACE,07/06/2025,202,S-02,N/A,1,120.00,0.00,120.00,SALE
T-502533,APP,2025-08-07,P201,S-06,N/A,3,95.00,0.00,256.50,SALE
T-501965,POS,2025-07-22,P-103,S-06,C-1025,2,45.00,0.00,90.00,SALE
T-501750,APP,2025-07-17,P202,S-04,C-1070,1,120.00,0.00,120.00,SALE
T-501499,APP,2025-07-11,P203,S-05,C-1167,1,75.00,0.00,75.00,SALE
T-501924,MARKETPLACE,21/07/2025,203,S-06,N/A,1,75.00,11.25,63.75,SALE
T-502293,MARKETPLACE,01/08/2025,102,S-06,C-1336,1,28.00,4.20,23.80,SALE
T-500267,APP,2025-06-07,P102,S-05,C-1109,1,28.00,0.00,28.00,SALE
T-502039,POS,2025-07-24,P-302,S-01,C-1036,1,3890.00,0.00,3890.00,SALE
T-500487,APP,2025-06-13,P302,S-03,C-1049,1,3890.00,389.00,3501.00,SALE
T-502905,POS,2025-08-16,P-102,S-05,C-1110,1,28.00,4.20,23.80,SALE
T-502063,POS,2025-07-25,P-301,S-05,C-1151,3,2450.00,0.00,7350.00,SALE
T-501485,POS,2025-07-10,P-203,S-90,C-1091,1,75.00,0.00,75.00,SALE
T-500650,POS,2025-06-18,P-103,S-90,C-1064,2,45.00,13.50,76.50,SALE
T-500513,POS,2025-06-14,P-203,S-05,C-1276,1,75.00,3.75,71.25,SALE
T-501948,POS,2025-07-22,P-202,S-05,C-1043,2,120.00,0.00,240.00,SALE
T-502277,POS,2025-07-31,P-101,S-03,,1,35.00,0.00,35.00,SALE
T-500210,POS,2025-06-06,P-102,S-02,C-1193,2,28.00,0.00,56.00,SALE
T-502836,MARKETPLACE,14/08/2025,102,S-04,C-1129,1,28.00,0.00,28.00,SALE
T-501771,APP,2025-07-18,P202,S-04,C-1071,3,120.00,0.00,360.00,SALE
T-500336,APP,2025-06-09,P202,S-06,C-1367,2,120.00,36.00,204.00,SALE
T-501585,POS,2025-07-13,P-302,S-01,C-1059,1,3890.00,583.50,3306.50,SALE
T-501227,POS,2025-07-03,P-103,S-03,C-1074,1,45.00,0.00,45.00,SALE
T-502501-R,POS,2025-08-06,P-302,S-02,C-1073,-6,3890.00,3501.00,-19839.00,SALE
T-502933,APP,2025-08-17,P302,S-90,C-1080,2,3890.00,0.00,7780.00,SALE
T-500925,POS,2025-06-25,P-102,S-06,C-1042,1,28.00,0.00,28.00,SALE
T-502388,MARKETPLACE,03/08/2025,102,S-03,C-1284,1,28.00,0.00,29.40,SALE
T-500840,POS,2025-06-23,P-203,S-02,N/A,1,75.00,0.00,75.00,SALE
T-502566,APP,2025-08-08,P202,S-02,C-1144,2,120.00,0.00,240.00,SALE
T-500068,POS,2025-06-02,P-102,S-02,C-1041,2,28.00,8.40,47.60,SALE
T-501446,APP,2025-07-09,P103,S-06,C-1078,1,45.00,0.00,45.00,SALE
T-502633,APP,2025-08-09,P103,S-04,C-1256,3,45.00,20.25,114.75,SALE
T-501190,APP,2025-07-02,P201,S-02,C-1080,1,95.00,0.00,85.50,SALE
T-502968,POS,2025-08-18,P-101,S-05,C-1149,1,35.00,5.25,29.75,SALE
T-500540,MARKETPLACE,15/06/2025,202,S-90,C-1330,2,120.00,24.00,216.00,SALE
T-500666,APP,2025-06-18,P102,S-99,C-1176,1,28.00,0.00,28.00,SALE
T-501427,POS,2025-07-08,P-203,S-90,C-1133,2,75.00,15.00,148.50,SALE
T-503095,APP,2025-08-21,P302,S-90,C-1104,1,3890.00,0.00,3890.00,SALE
T-500412,APP,2025-06-11,P302,S-06,C-1366,2,3890.00,389.00,7391.00,SALE
T-500427,APP,2025-06-12,P202,S-02,C-1232,1,120.00,0.00,120.00,SALE
T-501882,POS,2025-07-20,P-103,S-06,C-1227,1,45.00,0.00,45.00,SALE
T-503372,APP,2025-08-28,P203,S-90,C-1004,1,75.00,11.25,63.75,SALE
T-500306,MARKETPLACE,08/06/2025,202,S-04,C-1368,3,120.00,54.00,336.60,SALE
T-501838,APP,2025-07-19,P201,S-03,C-1167,1,95.00,0.00,99.75,SALE
T-502103,POS,2025-07-26,P-202,S-90,NULL,1,120.00,0.00,120.00,SALE
T-501064,POS,2025-06-29,P-302,S-04,C-1182,3,3890.00,1167.00,10503.00,SALE
T-502062,POS,2025-07-25,P-102,S-06,C-1337,1,28.00,1.40,26.60,SALE
T-502068,POS,2025-07-25,P-301,S-04,NULL,1,2450.00,0.00,2450.00,SALE
T-500543,POS,2025-06-15,P-302,S-90,N/A,1,3890.00,194.50,3695.50,SALE
T-500959,POS,2025-06-26,P-203,S-03,C-1245,1,75.00,7.50,67.50,SALE
T-501169,APP,2025-07-02,P203,S-01,C-1304,1,75.00,11.25,63.75,SALE
T-501159,APP,2025-07-01,P101,S-01,C-1397,2,35.00,0.00,70.00,SALE
T-503243,APP,2025-08-25,P302, s-90 ,C-1227,1,3890.00,194.50,3695.50,SALE
T-501057,POS,2025-06-29,P-201,S-03,C-1368,1,95.00,0.00,95.00,SALE
T-502224,POS,2025-07-29,P-202,S-02,C-1242,1,120.00,0.00,120.00,SALE
T-500016,POS,2025-06-01,P-102,S-06,N/A,2,28.00,0.00,56.00,SALE
T-503242,APP,2025-08-25,P302,S-01,C-1381,1,3890.00,0.00,3890.00,SALE
T-500846,APP,2025-06-23,P201,S-05,C-1337,1,95.00,0.00,95.00,SALE
T-503050,POS,2025-08-20,P-302, s-04 ,C-1393,3,3890.00,583.50,11086.50,SALE
T-500908,POS,2025-06-24,P-203,S-05,C-1194,1,75.00,7.50,67.50,SALE
T-501415,POS,2025-07-08,P-201,S-01,,1,95.00,4.75,90.25,SALE
T-500896,POS,2025-06-24,P-101,S-04,C-1324,1,35.00,0.00,35.00,SALE
T-501016,POS,2025-06-28,P-103, s-90 ,C-1220,1,45.00,2.25,42.75,SALE
T-501475,POS,2025-07-10,P-202,S-88,,1,120.00,12.00,108.00,SALE
T-502803,APP,2025-08-14,P102, s-04 ,C-1336,2,28.00,0.00,56.00,SALE
T-500642,POS,2025-06-17,P-202,S-04,C-1256,2,120.00,0.00,240.00,SALE
T-502862,APP,2025-08-15,P101,S-05,C-1396,1,35.00,1.75,33.25,SALE
T-503051,MARKETPLACE,20/08/2025,301,S-06,C-1273,3,2450.00,0.00,7350.00,SALE
T-502015,APP,2025-07-24,P103,S-02,C-1219,1,45.00,6.75,38.25,SALE
T-502488,POS,2025-08-05,P-301, s-04 ,C-1246,1,2450.00,0.00,2450.00,SALE
T-501874,POS,2025-07-20,P-202,S-05,C-1224,1,120.00,6.00,114.00,SALE
T-500516,APP,2025-06-14,P202,S-06,C-1311,2,120.00,0.00,240.00,SALE
T-502134,MARKETPLACE,27/07/2025,203,S-03,C-1028,2,75.00,15.00,135.00,SALE
T-502395,POS,2025-08-03,P-302,S-05,C-1158,1,3890.00,0.00,3890.00,SALE
T-500699,APP,2025-06-19,P302,S-05,C-1056,1,3890.00,583.50,3306.50,SALE
T-500034,APP,2025-06-01,P202,S-01,C-1244,2,120.00,36.00,204.00,SALE
T-502686,POS,2025-08-11,P-101,S-04,C-1243,1,35.00,5.25,29.75,SALE
T-501610,POS,2025-07-13,P-103,S-04,C-1342,1,45.00,0.00,45.00,SALE
T-502403,POS,2025-08-03,P-102,S-02,C-1053,2,28.00,5.60,50.40,SALE
T-500825-R,MARKETPLACE,22/06/2025,202,S-04,C-1194,1,120.00,0.00,132.00,RETURN
T-501318,POS,2025-07-06,P-301,S-02,C-1337,1,2450.00,245.00,2205.00,SALE
T-500533,POS,2025-06-14,P-102,S-05,NULL,1,28.00,0.00,28.00,SALE
T-500293,MARKETPLACE,08/06/2025,301,S-90,NULL,1,2450.00,245.00,2205.00,SALE
T-501632,MARKETPLACE,14/07/2025,203,S-05,C-1085,1,75.00,0.00,75.00,SALE
T-502148,POS,2025-07-27,P-201,S-01,C-1364,1,95.00,4.75,90.25,SALE
T-503264,POS,2025-08-26,P-202,S-02,C-1094,2,120.00,12.00,250.80,SALE
T-502021,MARKETPLACE,24/07/2025,101,S-03,C-1279,3,35.00,5.25,99.75,SALE
T-501704,APP,2025-07-16,P201,S-05,C-1127,2,95.00,0.00,190.00,SALE
T-502145,POS,2025-07-27,P-202,S-05,C-1068,3,120.00,54.00,306.00,SALE
T-500481,MARKETPLACE,13/06/2025,101,S-01,C-1195,1,35.00,3.50,31.50,SALE
T-501639,POS,2025-07-14,P-103,S-01,C-1056,1,45.00,0.00,45.00,SALE
T-502383,POS,2025-08-03,P-301,S-01,C-1165,1,2450.00,367.50,2082.50,SALE
T-501666,POS,2025-07-15,P-201,S-05,C-1054,1,95.00,0.00,95.00,SALE
T-500023,POS,2025-06-01,P-203,S-04,C-1024,6,75.00,67.50,382.50,SALE
T-502393,APP,2025-08-03,P102, s-04 ,C-1158,1,28.00,2.80,25.20,SALE
T-502934,POS,2025-08-17,P-203,S-01,C-1143,1,75.00,11.25,63.75,SALE
T-500537,POS,2025-06-14,P-203,S-04,C-1058,1,75.00,0.00,75.00,SALE
T-500841,POS,2025-06-23,P-201,S-01,N/A,1,95.00,14.25,80.75,SALE
T-501596,POS,2025-07-13,P-103, s-90 ,C-1135,6,45.00,13.50,256.50,SALE
T-501264,APP,2025-07-04,P302,S-02,C-1279,1,3890.00,389.00,3501.00,SALE
T-502340,APP,2025-08-02,P202,S-03,C-1355,1,120.00,0.00,120.00,SALE
T-501300,APP,2025-07-05,P101, s-01 ,NULL,1,35.00,5.25,29.75,SALE
T-500282,POS,2025-06-08,P-203,S-90,C-1164,3,75.00,11.25,213.75,SALE
T-502368,POS,2025-08-02,P-301,S-01,C-1227,1,2450.00,0.00,2450.00,SALE
T-501600,POS,2025-07-13,P-201,S-02,C-1257,1,95.00,4.75,90.25,SALE
T-501788,POS,2025-07-18,P-102,S-03,C-1116,6,28.00,0.00,168.00,SALE
T-500979,POS,2025-06-26,P-202,S-02,C-1136,1,120.00,0.00,120.00,SALE
T-500429,POS,2025-06-12,P-203,S-03,C-1349,1,75.00,3.75,71.25,SALE
T-500348,POS,2025-06-09,P-201,S-05,C-1362,1,95.00,4.75,99.28,SALE
T-500616,POS,2025-06-17,P-302,S-01,C-1368,1,3890.00,194.50,3695.50,SALE
T-501299,APP,2025-07-05,P202,S-06,,3,120.00,54.00,306.00,SALE
T-502124,POS,2025-07-27,P-202,S-03,C-1379,3,120.00,54.00,306.00,SALE
T-503010,APP,2025-08-19,P101, s-05 ,C-1110,1,35.00,0.00,35.00,SALE
T-502324,APP,2025-08-01,P302,S-01,N/A,1,3890.00,194.50,3695.50,SALE
T-501674-R,APP,2025-07-15,P101,S-04,C-1273,2,35.00,0.00,70.00,RETURN
T-502395-R,POS,2025-08-03,P-302,S-05,C-1158,-1,3890.00,0.00,-3890.00,SALE
T-500093,APP,2025-06-03,P102,S-04,C-1110,2,28.00,0.00,56.00,SALE
T-502839,APP,2025-08-14,P302,S-03,C-1185,2,3890.00,1167.00,6613.00,SALE
T-502070,APP,2025-07-25,P302,S-05,N/A,2,3890.00,389.00,7391.00,SALE
T-501000,POS,2025-06-27,P-301,S-90,C-1343,3,2450.00,0.00,7350.00,SALE
T-501059,POS,2025-06-29,P-102,S-02,N/A,1,28.00,0.00,28.00,SALE
T-501522,POS,2025-07-11,P-102,S-06,C-1021,1,28.00,2.80,25.20,SALE
T-501249,POS,2025-07-04,P-103,S-05,NULL,1,45.00,0.00,45.00,SALE
T-501035,MARKETPLACE,28/06/2025,101,S-90,C-1170,2,35.00,7.00,63.00,SALE
T-500509,POS,2025-06-14,P-101,S-90,C-1124,1,35.00,0.00,35.00,SALE
T-502453,POS,2025-08-04,P-101,S-06,C-1107,1,35.00,1.75,33.25,SALE
T-500619,POS,2025-06-17,P-101,S-04,C-1220,3,35.00,0.00,105.00,SALE
T-503215,MARKETPLACE,24/08/2025,103,S-05,C-1007,3,45.00,13.50,121.50,SALE
T-500960,MARKETPLACE,26/06/2025,201,S-90,C-1019,1,95.00,14.25,80.75,SALE
T-503183,MARKETPLACE,24/08/2025,201,S-01,C-1181,6,95.00,0.00,570.00,SALE
T-501386,POS,2025-07-07,P-203,S-01,C-1138,2,75.00,15.00,135.00,SALE
T-500604,POS,2025-06-17,P-301,S-03,C-1352,1,2450.00,0.00,2450.00,SALE
T-502117,APP,2025-07-26,P202,S-90,C-1260,1,120.00,18.00,102.00,SALE
T-502571,POS,2025-08-08,P-203,S-06,C-1257,1,75.00,11.25,63.75,SALE
T-500186,MARKETPLACE,05/06/2025,301,S-06,C-1219,1,2450.00,0.00,2450.00,SALE
T-500630,APP,2025-06-17,P102,S-01,C-1376,2,28.00,8.40,47.60,SALE
T-501196,APP,2025-07-02,P202,S-90,C-1079,1,120.00,6.00,114.00,SALE
T-502101,POS,2025-07-26,P-202,S-05,C-1054,3,120.00,36.00,324.00,SALE
T-501112-R,POS,2025-06-30,P-203,S-01,C-1382,-2,75.00,22.50,-127.50,SALE
T-501824,POS,2025-07-19,P-103,S-03,C-1053,3,45.00,20.25,114.75,SALE
T-500949,POS,2025-06-26,P-202,S-05,C-1314,1,120.00,12.00,108.00,SALE
T-501332,APP,2025-07-06,P301,S-06,C-1016,2,2450.00,0.00,4900.00,SALE
T-500926,APP,2025-06-25,P301,S-04,C-1223,3,2450.00,367.50,6982.50,SALE
T-501123,POS,2025-06-30,P-101,S-03,C-1303,3,35.00,0.00,105.00,SALE
T-501163,POS,2025-07-01,P-203,S-90,C-1116,2,75.00,0.00,150.00,SALE
T-500269,APP,2025-06-07,P102,S-02,C-1309,1,28.00,0.00,28.00,SALE
T-502449,APP,2025-08-04,P302,S-03,C-1027,2,3890.00,0.00,7780.00,SALE
T-500794,MARKETPLACE,22/06/2025,302,S-02,C-1273,2,3890.00,389.00,7391.00,SALE
T-502655,POS,2025-08-10,P-202,TEMP,C-1069,1,120.00,0.00,120.00,SALE
T-502198,APP,2025-07-29,P301,S-06,C-1269,1,2450.00,0.00,2572.50,SALE
T-500820-R,POS,2025-06-22,P-101,S-06,C-1044,-1,35.00,5.25,-29.75,SALE
T-502006,POS,2025-07-23,P-203,S-03,C-1103,1,75.00,0.00,75.00,SALE
T-502592,APP,2025-08-08,P102,S-06,C-1380,2,28.00,8.40,47.60,SALE
T-502228,POS,2025-07-30,P-302,S-05,C-1209,1,3890.00,0.00,3890.00,SALE
T-501221,POS,2025-07-03,P-301,S-02,C-1373,2,2450.00,735.00,4165.00,SALE
T-501131,POS,2025-07-01,P-202,S-02,C-1115,1,120.00,6.00,114.00,SALE
T-502769,APP,2025-08-13,P201,TEMP,C-1139,2,95.00,19.00,171.00,SALE
T-501231,POS,2025-07-03,P-302, s-04 ,C-1141,1,3890.00,389.00,3501.00,SALE
T-502195,POS,2025-07-29,P-201, s-06 ,C-1343,2,95.00,0.00,190.00,SALE
T-500718,POS,2025-06-20,P-203,S-90,C-1069,6,75.00,0.00,450.00,SALE
T-502332,APP,2025-08-02,P201,S-90,C-1179,1,95.00,0.00,95.00,SALE
T-501063,APP,2025-06-29,P202, s-03 ,C-1110,1,120.00,0.00,120.00,SALE
T-500527,MARKETPLACE,14/06/2025,101,S-02,C-1393,1,35.00,5.25,29.75,SALE
T-503268,APP,2025-08-26,P202,S-06,C-1388,2,120.00,24.00,216.00,SALE
T-500364,APP,2025-06-10,P202,S-06,C-1011,2,120.00,0.00,240.00,SALE
T-503102,POS,2025-08-21,P-201,S-01,C-1352,1,95.00,0.00,95.00,SALE
T-501096,POS,2025-06-30,P-102,S-06,C-1115,1,28.00,0.00,28.00,SALE
T-502689,POS,2025-08-11,P-203,S-90,C-1313,2,75.00,0.00,150.00,SALE
T-500700,POS,2025-06-19,P-302,S-04,C-1281,2,3890.00,1167.00,6613.00,SALE
T-501305,MARKETPLACE,05/07/2025,302,S-02,C-1199,1,3890.00,194.50,4065.05,SALE
T-503308,MARKETPLACE,27/08/2025,201,S-90,C-1139,1,95.00,0.00,95.00,SALE
T-501612,POS,2025-07-13,P-102,S-04,C-1198,1,28.00,0.00,28.00,SALE
T-503014,POS,2025-08-19,P-103,S-04,C-1383,1,45.00,0.00,45.00,SALE
T-503090,POS,2025-08-21,P-102,S-04,C-1017,1,28.00,1.40,26.60,SALE
T-500426,APP,2025-06-12,P201,S-06,C-1017,3,95.00,42.75,218.03,SALE
T-501631,APP,2025-07-14,P102,S-90,C-1258,1,28.00,4.20,23.80,SALE
T-501070,APP,2025-06-29,P302,S-05,C-1213,1,3890.00,0.00,3890.00,SALE
T-500891,APP,2025-06-24,P101,S-01,C-1290,2,35.00,0.00,70.00,SALE
T-501496,MARKETPLACE,11/07/2025,301,S-03,C-1332,1,2450.00,245.00,1984.50,SALE
T-501826,POS,2025-07-19,P-302,S-03,C-1052,2,3890.00,0.00,7780.00,SALE
T-500769,POS,2025-06-21,P-301,S-03,C-1282,1,2450.00,122.50,2327.50,SALE
T-501023,MARKETPLACE,28/06/2025,301,S-88,C-1150,1,2450.00,245.00,2205.00,SALE
T-501481,APP,2025-07-10,P102,S-04,,1,28.00,0.00,28.00,SALE
T-503381,POS,2025-08-29,P-101, s-90 ,C-1108,1,35.00,5.25,29.75,SALE
T-501974,POS,2025-07-22,P-201,S-03,C-1262,1,95.00,14.25,80.75,SALE
T-501868,APP,2025-07-20,P203,S-01,C-1100,1,75.00,11.25,63.75,SALE
T-503342,POS,2025-08-28,P-203,S-05,C-1113,1,75.00,11.25,63.75,SALE
T-500783,APP,2025-06-21,P101,S-01,C-1002,3,35.00,10.50,94.50,SALE
T-501264,APP,2025-07-04,P302,S-02,C-1279,1,3890.00,389.00,3501.00,SALE
T-502827,APP,2025-08-14,P102,S-01,C-1282,1,28.00,1.40,26.60,SALE
T-500014,POS,2025-06-01,P-103,S-04,C-1165,1,45.00,0.00,45.00,SALE
T-501636,POS,2025-07-14,P-203,S-90,C-1012,3,75.00,0.00,225.00,SALE
T-501251,POS,2025-07-04,P-102,S-01,C-1398,1,28.00,2.80,25.20,SALE
T-501790,APP,2025-07-18,P302,S-03,C-1316,2,3890.00,0.00,8558.00,SALE
T-501248,MARKETPLACE,04/07/2025,202,S-03,C-1000,1,120.00,6.00,114.00,SALE
T-502581,POS,2025-08-08,P-301, s-90 ,C-1391,1,2450.00,0.00,2450.00,SALE
T-502876,POS,2025-08-15,P-203,S-01,C-1292,2,75.00,0.00,150.00,SALE
T-501963,APP,2025-07-22,P201,S-02,C-1312,1,95.00,0.00,95.00,SALE
T-503393,POS,2025-08-29,P-203, s-04 ,C-1202,2,75.00,0.00,150.00,SALE
T-501561,APP,2025-07-12,P102,S-01,C-1260,2,28.00,0.00,58.80,SALE
T-500005,APP,2025-06-01,P102,S-04,C-1331,3,28.00,0.00,84.00,SALE
T-503074,POS,2025-08-21,P-102,S-04,NULL,2,28.00,0.00,56.00,SALE
T-502163,APP,2025-07-28,P302,S-02,C-1093,1,3890.00,583.50,3306.50,SALE
T-500342,POS,2025-06-09,P-101,S-01,,1,35.00,0.00,35.00,SALE
T-500867,APP,2025-06-23,P102,S-06,C-1338,1,28.00,0.00,28.00,SALE
T-501143,APP,2025-07-01,P301,S-04,C-1379,6,2450.00,0.00,14700.00,SALE
T-502904,MARKETPLACE,16/08/2025,302,S-06,NULL,2,3890.00,1167.00,6613.00,SALE
T-503385,POS,2025-08-29,P-201,S-05,C-1020,1,95.00,9.50,85.50,SALE
T-501257,MARKETPLACE,04/07/2025,102,S-03,C-1317,1,28.00,0.00,28.00,SALE
T-500490,POS,2025-06-13,P-102,S-01,NULL,1,28.00,0.00,28.00,SALE
T-501154,APP,2025-07-01,P201,S-02,C-1020,1,95.00,4.75,90.25,SALE
T-501371,APP,2025-07-07,P302,S-06,C-1299,1,3890.00,194.50,3695.50,SALE
T-501138,APP,2025-07-01,P101,S-01,C-1190,1,35.00,0.00,35.00,SALE
T-501541,APP,2025-07-11,P102,S-03,C-1117,1,28.00,1.40,26.60,SALE
T-501397,POS,2025-07-08,P-203,S-03,C-1207,1,75.00,0.00,75.00,SALE
T-501400,APP,2025-07-08,P102,S-05,C-1245,1,28.00,2.80,25.20,SALE
T-501922,POS,2025-07-21,P-202,S-02,C-1138,3,120.00,0.00,360.00,SALE
T-502970,POS,2025-08-18,P-101,S-06,C-1110,1,35.00,3.50,31.50,SALE
T-503174,MARKETPLACE,23/08/2025,203,S-90,C-1013,2,75.00,7.50,142.50,SALE
T-503364,POS,2025-08-28,P-102,S-06,C-1065,1,28.00,0.00,28.00,SALE
T-500107,POS,2025-06-03,P-302,S-04,C-1379,1,3890.00,0.00,3890.00,SALE
T-502314,POS,2025-08-01,P-201,S-03,C-1104,1,95.00,9.50,85.50,SALE
T-502667,POS,2025-08-10,P-203,S-04,C-1185,1,75.00,0.00,75.00,SALE
T-502971,APP,2025-08-18,P203, s-02 ,C-1020,1,75.00,7.50,67.50,SALE
T-502808,APP,2025-08-14,P103,S-02,C-1137,2,45.00,0.00,90.00,SALE
T-501093,MARKETPLACE,30/06/2025,201, s-01 ,C-1263,2,95.00,19.00,171.00,SALE
T-501831-R,POS,2025-07-19,P-203,S-02,C-1336,-1,75.00,0.00,-75.00,SALE
T-500286,MARKETPLACE,08/06/2025,302,S-02,,1,3890.00,194.50,3695.50,SALE
T-501302,POS,2025-07-05,P-101,S-06,C-1292,1,35.00,0.00,35.00,SALE
T-500525,POS,2025-06-14,P-101,S-05,C-1303,2,35.00,10.50,59.50,SALE
T-500467,APP,2025-06-13,P201,S-02,C-1116,1,95.00,0.00,95.00,SALE
T-500314,APP,2025-06-08,P202,S-01,C-1160,1,120.00,0.00,120.00,SALE
T-503098,APP,2025-08-21,P201,S-02,C-1065,2,95.00,19.00,171.00,SALE
T-502589,POS,2025-08-08,P-203,S-01,,2,75.00,7.50,142.50,SALE
T-500103,MARKETPLACE,03/06/2025,102,S-06,,1,28.00,0.00,30.80,SALE
T-500775,MARKETPLACE,21/06/2025,201,S-03,N/A,2,95.00,0.00,190.00,SALE
T-501122,POS,2025-06-30,P-101,S-05,C-1240,3,35.00,5.25,99.75,SALE
T-500929,POS,2025-06-25,P-201, s-03 ,N/A,3,95.00,14.25,270.75,SALE
T-500418,MARKETPLACE,11/06/2025,102,S-05,C-1048,1,28.00,0.00,28.00,SALE
T-503082,POS,2025-08-21,P-201,S-90,NULL,1,95.00,9.50,85.50,SALE
T-500973,MARKETPLACE,26/06/2025,201,S-90,C-1061,1,95.00,0.00,95.00,SALE
T-502636,APP,2025-08-09,P102,S-01,C-1035,1,28.00,0.00,28.00,SALE
T-503121,POS,2025-08-22,P-301,S-03,C-1150,1,2450.00,245.00,2205.00,SALE
T-501722,POS,2025-07-16,P-201,S-02,C-1241,1,95.00,9.50,85.50,SALE
T-500991,POS,2025-06-27,P-103,S-05,C-1388,1,45.00,0.00,45.00,SALE
T-502175,APP,2025-07-28,P102,S-90,C-1062,1,28.00,0.00,28.00,SALE
T-502743,POS,2025-08-12,P-201,S-04,C-1121,3,95.00,42.75,266.48,SALE
T-501614,APP,2025-07-13,P103,S-06,C-1030,1,45.00,0.00,45.00,SALE
T-502706,POS,2025-08-11,P-203,S-04,C-1125,1,75.00,0.00,78.75,SALE
T-501772,APP,2025-07-18,P101,S-05,C-1337,1,35.00,5.25,29.75,SALE
T-500774,POS,2025-06-21,P-102,S-02,C-1144,1,28.00,0.00,28.00,SALE
T-503302,POS,2025-08-27,P-202,S-06,C-1254,1,120.00,6.00,114.00,SALE
T-502366,POS,2025-08-02,P-103,S-01,,1,45.00,0.00,45.00,SALE
T-503249,APP,2025-08-25,P302,S-90,C-1278,1,3890.00,0.00,3890.00,SALE
T-502688,POS,2025-08-11,P-202,S-03,C-1181,2,120.00,0.00,240.00,SALE
T-502892,APP,2025-08-16,P101,S-03,C-1073,2,35.00,0.00,70.00,SALE
T-500555,MARKETPLACE,15/06/2025,302,S-05,C-1307,1,3890.00,0.00,3890.00,SALE
T-503396,POS,2025-08-29,P-201,S-04,C-1340,1,95.00,4.75,90.25,SALE
T-503107,POS,2025-08-21,P-202,S-03,C-1156,3,120.00,0.00,360.00,SALE
T-503362,APP,2025-08-28,P101,S-04,N/A,2,35.00,0.00,70.00,SALE
T-501787,APP,2025-07-18,P202, s-05 ,C-1275,1,120.00,18.00,102.00,SALE
T-502704,POS,2025-08-11,P-201,S-90,N/A,1,95.00,0.00,95.00,SALE
T-500852,POS,2025-06-23,P-203,S-01,C-1043,1,75.00,3.75,71.25,SALE
T-502631,POS,2025-08-09,P-101,S-06,C-1091,1,35.00,1.75,33.25,SALE
T-502715,MARKETPLACE,11/08/2025,102,S-01,C-1135,1,28.00,0.00,28.00,SALE
T-501525,MARKETPLACE,11/07/2025,101,S-04,C-1118,3,35.00,15.75,89.25,SALE
T-501283,POS,2025-07-05,P-301,S-03,C-1143,1,2450.00,0.00,2450.00,SALE
T-502850,POS,2025-08-15,P-202,S-90,,1,120.00,12.00,108.00,SALE
T-500179,APP,2025-06-05,P201,S-04,C-1090,1,95.00,0.00,95.00,SALE
T-500075,POS,2025-06-02,P-203,S-02,NULL,1,75.00,0.00,75.00,SALE
T-502467,POS,2025-08-05,P-103,S-01,C-1185,3,45.00,0.00,135.00,SALE
T-500381,MARKETPLACE,10/06/2025,201,S-03,C-1171,1,95.00,14.25,80.75,SALE
T-501850,APP,2025-07-19,P203,S-01,C-1322,2,75.00,0.00,150.00,SALE
T-502408,POS,2025-08-03,P-203,S-04,C-1187,3,75.00,22.50,202.50,SALE
T-501419,POS,2025-07-08,P-103,S-02,C-1077,6,45.00,0.00,270.00,SALE
T-500814,APP,2025-06-22,P103,S-02,C-1352,3,45.00,13.50,121.50,SALE
T-500999,MARKETPLACE,27/06/2025,202,S-04,C-1211,1,120.00,0.00,120.00,SALE
T-501946,APP,2025-07-22,P301,S-90,C-1121,2,2450.00,735.00,4373.25,SALE
T-502342,POS,2025-08-02,P-202,S-06,C-1128,1,120.00,0.00,120.00,SALE
T-502673,POS,2025-08-10,P-302,S-02,C-1275,1,3890.00,0.00,3890.00,SALE
T-501153,APP,2025-07-01,P201,S-06,C-1015,2,95.00,28.50,161.50,SALE
T-500715,APP,2025-06-20,P201,S-90,C-1201,2,95.00,19.00,171.00,SALE
T-500797,POS,2025-06-22,P-301,S-05,NULL,3,2450.00,0.00,7350.00,SALE
T-500996,POS,2025-06-27,P-301,S-06,C-1298,6,2450.00,1470.00,13230.00,SALE
T-502296,MARKETPLACE,01/08/2025,101,S-03,C-1170,2,35.00,10.50,59.50,SALE
T-500738,APP,2025-06-20,P301,S-02,C-1059,1,2450.00,245.00,2205.00,SALE
T-501306,POS,2025-07-05,P-103,S-05,C-1304,1,45.00,0.00,47.25,SALE
T-500146,POS,2025-06-04,P-201,S-03,C-1271,1,95.00,9.50,85.50,SALE
T-500678,APP,2025-06-18,P301,S-01,C-1284,1,2450.00,367.50,2082.50,SALE
T-500680,APP,2025-06-19,P202,S-04,C-1332,1,120.00,6.00,114.00,SALE
T-503009,POS,2025-08-19,P-301,S-05,N/A,2,2450.00,0.00,4900.00,SALE
T-503247,POS,2025-08-25,P-203,S-01,C-1102,1,75.00,11.25,66.94,SALE
T-500568,APP,2025-06-16,P102,S-01,C-1175,1,28.00,0.00,25.20,SALE
T-502730-R,APP,2025-08-12,P101,S-02,C-1217,1,35.00,0.00,35.00,RETURN
T-502781,POS,2025-08-13,P-101, s-01 ,C-1358,1,35.00,1.75,33.25,SALE
T-502463,POS,2025-08-05,P-202,S-06,C-1178,1,120.00,0.00,120.00,SALE
T-502067,POS,2025-07-25,P-201,S-06,C-1044,1,95.00,14.25,80.75,SALE
T-500440,MARKETPLACE,12/06/2025,203,S-01,C-1310,1,75.00,0.00,75.00,SALE
T-501021,APP,2025-06-28,P301, s-01 ,C-1115,3,2450.00,1102.50,6247.50,SALE
T-500359,POS,2025-06-10,P-301,S-01,C-1027,2,2450.00,245.00,4655.00,SALE
T-500043,POS,2025-06-01,P-102,S-01,C-1135,1,28.00,2.80,25.20,SALE
T-502826,POS,2025-08-14,P-101,S-90,C-1001,1,35.00,1.75,33.25,SALE
T-500144,POS,2025-06-04,P-301,S-02,C-1182,2,2450.00,0.00,4900.00,SALE
T-500751-R,APP,2025-06-21,P102,S-90,C-1033,1,28.00,0.00,28.00,RETURN
T-501939,POS,2025-07-22,P-103,S-05,,6,45.00,0.00,270.00,SALE
T-502427,MARKETPLACE,04/08/2025,102,S-90,N/A,2,28.00,0.00,56.00,SALE
T-501470,POS,2025-07-10,P-203,S-06,N/A,2,75.00,15.00,135.00,SALE
T-503235,MARKETPLACE,25/08/2025,302,S-90,C-1365,1,3890.00,583.50,3306.50,SALE
T-502065,MARKETPLACE,25/07/2025,102,S-06,C-1087,1,28.00,0.00,28.00,SALE
T-500485,POS,2025-06-13,P-101,S-05,C-1356,1,35.00,0.00,35.00,SALE
T-501679,POS,2025-07-15,P-201,S-05,C-1115,1,95.00,14.25,80.75,SALE
T-503052,POS,2025-08-20,P-201,S-04,C-1257,2,95.00,9.50,180.50,SALE
T-501181,POS,2025-07-02,P-201,S-06,C-1256,1,95.00,4.75,90.25,SALE
T-501233,POS,2025-07-03,P-302,S-03,C-1290,1,3890.00,583.50,3306.50,SALE
T-500654,POS,2025-06-18,P-103,S-02,C-1162,1,45.00,0.00,45.00,SALE
T-500933,POS,2025-06-25,P-101,S-02,C-1166,2,35.00,0.00,70.00,SALE
T-501317,APP,2025-07-06,P203,S-03,NULL,1,75.00,0.00,75.00,SALE
T-502129,POS,2025-07-27,P-103,S-02,C-1178,1,45.00,0.00,45.00,SALE
T-502542-R,POS,2025-08-07,P-302,S-04,,-2,3890.00,778.00,-7002.00,SALE
T-503236,POS,2025-08-25,P-201,S-03,C-1219,1,95.00,14.25,80.75,SALE
T-502020,APP,2025-07-24,P101,S-04,C-1340,2,35.00,10.50,59.50,SALE
T-501648-R,MARKETPLACE,14/07/2025,102, s-05 ,NULL,1,28.00,0.00,28.00,RETURN
T-502591,POS,2025-08-08,P-101,S-05,C-1058,1,35.00,1.75,33.25,SALE
T-501604,APP,2025-07-13,P201,S-06,NULL,1,95.00,14.25,80.75,SALE
T-503280,MARKETPLACE,26/08/2025,301,S-04,C-1099,3,2450.00,1102.50,6247.50,SALE
T-501664-R,POS,2025-07-15,P-103,S-04,C-1261,-1,45.00,0.00,-45.00,SALE
T-500610-R,POS,2025-06-17,P-201,S-04,C-1247,-2,95.00,0.00,-190.00,SALE
T-500183,POS,2025-06-05,P-201,S-05,,1,95.00,0.00,95.00,SALE
T-500733-R,MARKETPLACE,20/06/2025,203,S-01,C-1111,1,75.00,0.00,75.00,RETURN
T-502161,POS,2025-07-28,P-203,S-01,C-1086,2,75.00,0.00,157.50,SALE
T-502888,APP,2025-08-16,P202,S-04,C-1134,1,120.00,6.00,102.60,SALE
T-502573,MARKETPLACE,08/08/2025,302,S-04,C-1046,1,3890.00,389.00,3501.00,SALE
T-500462,POS,2025-06-12,P-302,S-02,C-1294,1,3890.00,0.00,3890.00,SALE
T-500722,POS,2025-06-20,P-103,S-03,C-1073,2,45.00,0.00,90.00,SALE
T-501375,POS,2025-07-07,P-203, s-90 ,C-1184,1,75.00,0.00,75.00,SALE
T-500268,POS,2025-06-07,P-103,S-01,N/A,1,45.00,4.50,40.50,SALE
T-500810,APP,2025-06-22,P301,S-03,C-1369,3,2450.00,367.50,6982.50,SALE
T-503307,MARKETPLACE,27/08/2025,301,S-03,C-1316,1,2450.00,245.00,2205.00,SALE
T-500648,POS,2025-06-18,P-201,S-03,C-1268,1,95.00,9.50,85.50,SALE
T-500393,MARKETPLACE,11/06/2025,101,S-05,C-1291,2,35.00,0.00,70.00,SALE
T-503076-R,POS,2025-08-21,P-203,S-90,C-1247,-2,75.00,0.00,-150.00,SALE
T-500250,POS,2025-06-07,P-202,S-02,C-1258,1,120.00,18.00,102.00,SALE
T-503273,POS,2025-08-26,P-203, s-06 ,,2,75.00,0.00,150.00,SALE
T-500220,POS,2025-06-06,P-102,S-03,C-1095,1,28.00,1.40,26.60,SALE
T-502528,MARKETPLACE,06/08/2025,102,S-05,C-1201,1,28.00,0.00,28.00,SALE
T-500036,MARKETPLACE,01/06/2025,103,S-90,,1,45.00,0.00,45.00,SALE
T-500320,POS,2025-06-09,P-302,S-05,C-1038,1,3890.00,194.50,3695.50,SALE
T-501205-R,APP,2025-07-03,P102,S-03,C-1312,1,28.00,0.00,28.00,RETURN
T-500390,MARKETPLACE,10/06/2025,201, s-90 ,C-1268,1,95.00,0.00,95.00,SALE
T-502493,APP,2025-08-05,P201,S-06,,3,95.00,0.00,285.00,SALE
T-503126,APP,2025-08-22,P301,S-02,C-1163,2,2450.00,0.00,4900.00,SALE
T-500890,APP,2025-06-24,P202,S-05,N/A,2,120.00,36.00,183.60,SALE
T-502749,APP,2025-08-12,P103,S-90,C-1085,2,45.00,9.00,81.00,SALE
T-500317,POS,2025-06-08,P-201,S-04,C-1093,1,95.00,0.00,95.00,SALE
T-501046,POS,2025-06-28,P-203,S-06,C-1058,3,75.00,33.75,191.25,SALE
T-500709,POS,2025-06-20,P-301,S-01,,2,2450.00,735.00,4165.00,SALE
T-500321,POS,2025-06-09,P-101,S-05,C-1274,2,35.00,3.50,66.50,SALE
T-500010,MARKETPLACE,01/06/2025,202,S-02,C-1131,1,120.00,0.00,120.00,SALE
T-500857,POS,2025-06-23,P-302,S-04,C-1344,1,3890.00,0.00,3890.00,SALE
T-501621,MARKETPLACE,14/07/2025,203,S-06,C-1024,2,75.00,7.50,142.50,SALE
T-502626,MARKETPLACE,09/08/2025,301,S-05,C-1337,1,2450.00,0.00,2450.00,SALE
T-503315,POS,2025-08-27,P-101,S-90,C-1026,1,35.00,5.25,29.75,SALE
T-502081,APP,2025-07-25,P302,S-02,C-1353,1,3890.00,389.00,3501.00,SALE
T-500294,APP,2025-06-08,P103,S-01,C-1153,2,45.00,13.50,76.50,SALE
T-500162,POS,2025-06-05,P-301,S-01,C-1263,1,2450.00,367.50,2082.50,SALE
T-502447,POS,2025-08-04,P-301,S-04,N/A,2,2450.00,245.00,4655.00,SALE
T-500521,MARKETPLACE,14/06/2025,101,S-03,,1,35.00,5.25,29.75,SALE
T-501814,POS,2025-07-19,P-201,S-90,C-1215,1,95.00,0.00,95.00,SALE
T-500308,POS,2025-06-08,P-302,S-06,C-1001,1,3890.00,194.50,3695.50,SALE
T-502276,APP,2025-07-31,P101,S-04,NULL,1,35.00,0.00,35.00,SALE
T-502544,APP,2025-08-07,P102,S-05,C-1109,1,28.00,0.00,28.00,SALE
T-502794,POS,2025-08-13,P-101,S-05,C-1231,1,35.00,0.00,35.00,SALE
T-500620,POS,2025-06-17,P-102,S-90,C-1203,3,28.00,0.00,84.00,SALE
T-502425,MARKETPLACE,04/08/2025,102,S-01,C-1008,1,28.00,4.20,23.80,SALE
T-502706-R,POS,2025-08-11,P-203,S-04,C-1125,-1,75.00,0.00,-78.75,SALE
T-501677,POS,2025-07-15,P-102,S-01,C-1183,1,28.00,0.00,28.00,SALE
T-500605,APP,2025-06-17,P103,S-04,C-1095,3,45.00,13.50,121.50,SALE
T-501735,POS,2025-07-16,P-101,S-06,C-1327,1,35.00,0.00,35.00,SALE
T-500590,POS,2025-06-16,P-301, s-05 ,C-1247,1,2450.00,367.50,2082.50,SALE
T-501714,MARKETPLACE,16/07/2025,203,S-01,C-1398,2,75.00,0.00,150.00,SALE
T-500056,POS,2025-06-02,P-201,S-03,C-1251,2,95.00,9.50,180.50,SALE
T-500677,POS,2025-06-18,P-202,S-06,C-1139,1,120.00,0.00,120.00,SALE
T-502712,POS,2025-08-11,P-201,S-03,C-1368,2,95.00,0.00,190.00,SALE
T-500945-R,APP,2025-06-25,P101,S-05,C-1351,1,35.00,3.50,31.50,RETURN
T-502575,APP,2025-08-08,P102,S-06,C-1185,1,28.00,0.00,28.00,SALE
T-501724,APP,2025-07-16,P102,S-04,C-1083,2,28.00,8.40,47.60,SALE
T-501013,POS,2025-06-28,P-201,S-05,C-1376,1,95.00,0.00,95.00,SALE
T-500595,POS,2025-06-16,P-203,S-05,C-1347,2,75.00,0.00,157.50,SALE
T-502856,POS,2025-08-15,P-102,S-06,C-1084,3,28.00,8.40,75.60,SALE
T-503259,POS,2025-08-26,P-301,S-03,C-1153,1,2450.00,367.50,1874.25,SALE
T-500766,POS,2025-06-21,P-301,S-05,C-1200,1,2450.00,367.50,2082.50,SALE
T-502460,POS,2025-08-05,P-101,S-99,C-1053,1,35.00,0.00,38.50,SALE
T-503100,POS,2025-08-21,P-101,S-03,C-1303,1,35.00,1.75,33.25,SALE
T-500764,APP,2025-06-21,P103,S-05,C-1341,1,45.00,0.00,45.00,SALE
T-502084,MARKETPLACE,25/07/2025,202,S-90,C-1080,1,120.00,0.00,120.00,SALE
T-502012,POS,2025-07-23,P-202,S-03,C-1240,1,120.00,0.00,120.00,SALE
T-500591,APP,2025-06-16,P201,S-90,C-1083,2,95.00,9.50,180.50,SALE
T-501357,POS,2025-07-07,P-102,S-06,NULL,1,28.00,2.80,25.20,SALE
T-501773,POS,2025-07-18,P-101,S-90,N/A,2,35.00,3.50,66.50,SALE
T-503046,POS,2025-08-20,P-202,S-03,,1,120.00,0.00,120.00,SALE
T-503016,POS,2025-08-19,P-302,S-04,C-1342,1,3890.00,583.50,3306.50,SALE
T-500211,APP,2025-06-06,P201,S-02,C-1068,2,95.00,9.50,180.50,SALE
T-502106,POS,2025-07-26,P-302,S-05,C-1035,1,3890.00,0.00,3890.00,SALE
T-500660,POS,2025-06-18,P-201,S-03,C-1294,2,95.00,19.00,171.00,SALE
T-501048,APP,2025-06-28,P302,S-06,,2,3890.00,0.00,7780.00,SALE
T-501498,APP,2025-07-11,P302,S-90,C-1082,1,3890.00,389.00,3501.00,SALE
T-502620,POS,2025-08-09,P-201, s-01 ,N/A,1,95.00,4.75,81.23,SALE
T-500290,POS,2025-06-08,P-102,S-04,C-1265,1,28.00,1.40,23.94,SALE
T-503148,POS,2025-08-23,P-103, s-02 ,,1,45.00,0.00,45.00,SALE
T-500774,POS,2025-06-21,P-102,S-02,C-1144,1,28.00,0.00,28.00,SALE
T-502669,MARKETPLACE,10/08/2025,302,S-03,C-1368,3,3890.00,0.00,11670.00,SALE
T-501050,APP,2025-06-29,P203,S-03,C-1232,1,75.00,11.25,63.75,SALE
T-503293,APP,2025-08-26,P203,S-06,C-1329,1,75.00,0.00,75.00,SALE
T-502108,MARKETPLACE,26/07/2025,302,S-04,N/A,2,3890.00,0.00,7780.00,SALE
T-500553,APP,2025-06-15,P101,S-03,C-1273,2,35.00,7.00,63.00,SALE
T-501605,POS,2025-07-13,P-301,S-03,C-1185,1,2450.00,0.00,2450.00,SALE
T-501130,POS,2025-07-01,P-201,S-02,C-1214,1,95.00,14.25,80.75,SALE
T-502367,POS,2025-08-02,P-301,S-90,C-1021,2,2450.00,0.00,4900.00,SALE
T-501744,POS,2025-07-17,P-203,S-02,C-1322,1,75.00,0.00,75.00,SALE
T-501398,POS,2025-07-08,P-101,S-05,C-1009,3,35.00,5.25,99.75,SALE
T-502295,APP,2025-08-01,P302,S-06,C-1314,3,3890.00,583.50,11086.50,SALE
T-501330,APP,2025-07-06,P202,S-01,NULL,1,120.00,0.00,120.00,SALE
T-502044,POS,2025-07-25,P-103,S-04,NULL,3,45.00,0.00,135.00,SALE
T-501839,APP,2025-07-19,P203,S-03,C-1021,1,75.00,7.50,67.50,SALE
T-501575,APP,2025-07-13,P101,S-90,C-1151,3,35.00,0.00,105.00,SALE
T-500121,POS,2025-06-04,P-201,S-01,C-1156,2,95.00,9.50,180.50,SALE
T-501592,POS,2025-07-13,P-302,S-06,NULL,2,3890.00,778.00,7002.00,SALE
T-502515,APP,2025-08-06,P101,S-04,C-1317,2,35.00,0.00,70.00,SALE
T-501706,APP,2025-07-16,P101,S-05,C-1166,2,35.00,0.00,70.00,SALE
T-503277,POS,2025-08-26,P-202,S-06,C-1067,2,120.00,24.00,216.00,SALE
T-500995,MARKETPLACE,27/06/2025,203,S-90,C-1220,1,75.00,0.00,75.00,SALE
T-502603,POS,2025-08-09,P-301,S-06,C-1157,1,2450.00,0.00,2450.00,SALE
T-503104,POS,2025-08-21,P-203,S-03,C-1132,1,75.00,0.00,75.00,SALE
T-500994,POS,2025-06-27,P-203,S-06,,2,75.00,0.00,150.00,SALE
T-502861,APP,2025-08-15,P203,S-03,C-1171,3,75.00,22.50,202.50,SALE
T-501635,POS,2025-07-14,P-201,S-03,C-1216,1,95.00,0.00,95.00,SALE
T-501340,APP,2025-07-06,P302,S-05,C-1107,3,3890.00,1750.50,9919.50,SALE
T-502774,POS,2025-08-13,P-101,S-01,C-1359,1,35.00,0.00,35.00,SALE
T-501555,APP,2025-07-12,P102,S-03,C-1371,2,28.00,0.00,58.80,SALE
T-500752,APP,2025-06-21,P201,S-01,C-1178,2,95.00,9.50,180.50,SALE
T-502476,POS,2025-08-05,P-201,S-02,,2,95.00,0.00,190.00,SALE
T-501613,POS,2025-07-13,P-203,S-03,C-1304,1,75.00,0.00,75.00,SALE
T-500984,POS,2025-06-27,P-201,S-03,C-1046,1,95.00,4.75,90.25,SALE
T-501223,APP,2025-07-03,P102,S-06,C-1111,1,28.00,1.40,26.60,SALE
T-502596,APP,2025-08-08,P102,S-01,C-1069,1,28.00,1.40,26.60,SALE
T-500322,POS,2025-06-09,P-102,S-90,C-1201,2,28.00,8.40,47.60,SALE
T-502664,POS,2025-08-10,P-203,S-90,C-1134,1,75.00,0.00,75.00,SALE
T-501891,POS,2025-07-20,P-202,S-05,C-1222,2,120.00,0.00,240.00,SALE
T-502938,APP,2025-08-17,P203,S-90,N/A,3,75.00,0.00,225.00,SALE
T-500367,POS,2025-06-10,P-201,S-05,C-1384,1,95.00,0.00,95.00,SALE
T-501056,POS,2025-06-29,P-103,S-03,C-1303,1,45.00,0.00,45.00,SALE
T-502034,POS,2025-07-24,P-101,S-02,C-1399,3,35.00,0.00,105.00,SALE
T-500352,POS,2025-06-09,P-201,S-90,C-1091,1,95.00,4.75,90.25,SALE
T-503149,MARKETPLACE,23/08/2025,202,S-04,N/A,1,120.00,0.00,120.00,SALE
T-502679,POS,2025-08-11,P-302,S-02,C-1202,1,3890.00,583.50,3306.50,SALE
T-502480,APP,2025-08-05,P302,S-06,C-1208,1,3890.00,0.00,3890.00,SALE
T-503058,POS,2025-08-20,P-103,S-02,C-1193,1,45.00,0.00,40.50,SALE
T-500582,MARKETPLACE,16/06/2025,101,S-05,C-1196,1,35.00,5.25,29.75,SALE
T-500914,POS,2025-06-25,P-302,S-05,C-1089,2,3890.00,389.00,7391.00,SALE
T-500786,APP,2025-06-22,P301,S-06,C-1001,2,2450.00,0.00,4900.00,SALE
T-501537,APP,2025-07-11,P102,S-90,C-1398,1,28.00,2.80,25.20,SALE
T-501166,APP,2025-07-02,P201,S-06,C-1263,1,95.00,14.25,80.75,SALE
T-502118,POS,2025-07-26,P-203, s-02 ,C-1323,2,75.00,22.50,127.50,SALE
T-502618,MARKETPLACE,09/08/2025,103,S-03,C-1397,1,45.00,0.00,45.00,SALE
T-502122,POS,2025-07-27,P-201,S-01,NULL,1,95.00,14.25,80.75,SALE
T-503165,POS,2025-08-23,P-103,S-05,C-1206,2,45.00,0.00,81.00,SALE
T-503233,POS,2025-08-25,P-201,S-04,C-1315,2,95.00,0.00,190.00,SALE
T-503222,APP,2025-08-25,P301,S-06,C-1047,2,2450.00,245.00,4655.00,SALE
T-501119,MARKETPLACE,30/06/2025,202,S-04,C-1376,1,120.00,12.00,108.00,SALE
T-502734,MARKETPLACE,12/08/2025,101, s-04 ,C-1322,1,35.00,0.00,35.00,SALE
T-500711-R,POS,2025-06-20,P-301,S-03,C-1170,-1,2450.00,0.00,-2450.00,SALE
T-501472,MARKETPLACE,10/07/2025,202,S-04,C-1128,1,120.00,6.00,114.00,SALE
T-503395,APP,2025-08-29,P202,S-01,C-1074,2,120.00,12.00,228.00,SALE
T-502588-R,MARKETPLACE,08/08/2025,201,S-01,C-1099,2,95.00,0.00,190.00,RETURN
T-500899,POS,2025-06-24,P-202,S-04,NULL,3,120.00,0.00,360.00,SALE
T-502526,POS,2025-08-06,P-302,S-01,N/A,2,3890.00,0.00,7780.00,SALE
T-502290,APP,2025-08-01,P103,S-04,C-1219,2,45.00,0.00,90.00,SALE
T-503181,APP,2025-08-24,P203,S-02,C-1341,1,75.00,7.50,67.50,SALE
T-502398,MARKETPLACE,03/08/2025,101,S-05,C-1201,2,35.00,10.50,59.50,SALE
T-501569-R,APP,2025-07-12,P201,S-01,C-1201,1,95.00,0.00,95.00,RETURN
T-501903,POS,2025-07-21,P-101, s-03 ,C-1330,2,35.00,10.50,59.50,SALE
T-502082,POS,2025-07-25,P-102,S-01,C-1168,1,28.00,0.00,28.00,SALE
T-501436,POS,2025-07-09,P-102,S-06,C-1276,1,28.00,0.00,28.00,SALE
T-501717,POS,2025-07-16,P-302,S-05,C-1242,1,3890.00,583.50,3306.50,SALE
T-501356,POS,2025-07-07,P-201,S-03,C-1234,2,95.00,0.00,190.00,SALE
T-500593,POS,2025-06-16,P-301,S-90,C-1254,1,2450.00,0.00,2450.00,SALE
T-501296,APP,2025-07-05,P202,S-04,C-1398,2,120.00,36.00,183.60,SALE
T-502697,POS,2025-08-11,P-201,S-90,C-1090,1,95.00,0.00,95.00,SALE
T-501203-R,POS,2025-07-03,P-302,S-88,C-1162,-1,3890.00,389.00,-3501.00,SALE
T-502806,POS,2025-08-14,P-103,S-06,NULL,1,45.00,4.50,40.50,SALE
T-501399,APP,2025-07-08,P103,S-99,C-1253,2,45.00,4.50,85.50,SALE
T-502210,MARKETPLACE,29/07/2025,302,S-02,NULL,1,3890.00,0.00,3890.00,SALE
T-503345,APP,2025-08-28,P203,S-90,C-1105,3,75.00,33.75,191.25,SALE
T-503255,APP,2025-08-26,P101,S-04,C-1268,1,35.00,0.00,35.00,SALE
T-501374,POS,2025-07-07,P-202, s-05 ,C-1236,1,120.00,18.00,102.00,SALE
T-500944,APP,2025-06-25,P103,S-02,C-1088,1,45.00,2.25,42.75,SALE
T-501512,POS,2025-07-11,P-301,S-90,C-1131,1,2450.00,245.00,2205.00,SALE
T-501535,POS,2025-07-11,P-103,S-05,C-1166,1,45.00,0.00,45.00,SALE
T-500574,POS,2025-06-16,P-101,S-04,N/A,1,35.00,0.00,35.00,SALE
T-502708,POS,2025-08-11,P-102,S-03,NULL,1,28.00,2.80,25.20,SALE
T-500878,POS,2025-06-24,P-302,S-02,C-1024,3,3890.00,583.50,12195.15,SALE
T-501239,POS,2025-07-03,P-102,S-02,C-1261,2,28.00,0.00,56.00,SALE
T-501125,MARKETPLACE,30/06/2025,202,S-04,C-1179,1,120.00,12.00,108.00,SALE
T-500432,APP,2025-06-12,P301,S-01,C-1124,1,2450.00,0.00,2450.00,SALE
T-502296-R,MARKETPLACE,01/08/2025,101,S-03,C-1170,2,35.00,10.50,59.50,RETURN
T-500375,POS,2025-06-10,P-301, s-05 ,C-1248,2,2450.00,0.00,4900.00,SALE
T-503144,APP,2025-08-22,P202,S-04,C-1290,1,120.00,0.00,120.00,SALE
T-503250,APP,2025-08-26,P102,S-04,C-1010,1,28.00,0.00,28.00,SALE
T-500869,APP,2025-06-23,P203,S-90,,1,75.00,3.75,71.25,SALE
T-502445,MARKETPLACE,04/08/2025,201,S-03,C-1174,1,95.00,0.00,95.00,SALE
T-500041,APP,2025-06-01,P201,S-88,C-1191,1,95.00,0.00,95.00,SALE
T-500420,POS,2025-06-11,P-103,S-02,C-1360,2,45.00,0.00,90.00,SALE
T-500015,MARKETPLACE,01/06/2025,202, s-02 ,C-1143,2,120.00,12.00,228.00,SALE
T-501669,POS,2025-07-15,P-101,S-05,C-1012,2,35.00,0.00,70.00,SALE
T-502518,POS,2025-08-06,P-302,S-04,C-1319,1,3890.00,389.00,3501.00,SALE
T-501837,POS,2025-07-19,P-103,S-01,C-1059,3,45.00,20.25,114.75,SALE
T-501135-R,MARKETPLACE,01/07/2025,101,S-02,C-1007,1,35.00,0.00,35.00,RETURN
T-501997,POS,2025-07-23,P-301,S-05,N/A,2,2450.00,490.00,4410.00,SALE
T-503227,MARKETPLACE,25/08/2025,302,S-90,C-1154,6,3890.00,2334.00,18905.40,SALE
T-502207,POS,2025-07-29,P-201,S-04,C-1159,3,95.00,42.75,242.25,SALE
T-503085,POS,2025-08-21,P-201, s-90 ,C-1318,1,95.00,14.25,80.75,SALE
T-501372,APP,2025-07-07,P102,S-02,C-1269,1,28.00,0.00,28.00,SALE
T-502649,APP,2025-08-10,P101,S-90,,3,35.00,10.50,94.50,SALE
T-502358,POS,2025-08-02,P-202,S-90,C-1311,2,120.00,12.00,228.00,SALE
T-500445,POS,2025-06-12,P-102,S-02,C-1257,1,28.00,0.00,28.00,SALE
T-503129,APP,2025-08-22,P201,S-06,C-1368,1,95.00,0.00,95.00,SALE
T-503080,POS,2025-08-21,P-202,S-05,C-1189,1,120.00,12.00,108.00,SALE
T-501066,APP,2025-06-29,P103,S-02,C-1256,1,45.00,6.75,42.08,SALE
T-501710,POS,2025-07-16,P-103,S-02,C-1398,1,45.00,2.25,42.75,SALE
T-500624,MARKETPLACE,17/06/2025,103,S-90,C-1269,3,45.00,6.75,128.25,SALE
T-501151,MARKETPLACE,01/07/2025,202,S-90,C-1325,1,120.00,0.00,120.00,SALE
T-501680,APP,2025-07-15,P103,S-02,C-1120,1,45.00,4.50,40.50,SALE
T-500860,POS,2025-06-23,P-101, s-02 ,C-1279,1,35.00,1.75,33.25,SALE
T-502288,APP,2025-07-31,P101, s-01 ,C-1097,2,35.00,0.00,70.00,SALE
T-501098,POS,2025-06-30,P-103,S-90,C-1144,1,45.00,0.00,47.25,SALE
T-500690,APP,2025-06-19,P202,S-06,NULL,1,120.00,6.00,114.00,SALE
T-502872,POS,2025-08-15,P-203,S-03,C-1024,3,75.00,11.25,213.75,SALE
T-501115,APP,2025-06-30,P302,S-03,C-1112,1,3890.00,0.00,3890.00,SALE
T-501849,POS,2025-07-19,P-302,S-02,C-1007,1,3890.00,0.00,3890.00,SALE
T-501650,APP,2025-07-14,P103,S-90,C-1238,1,45.00,0.00,45.00,SALE
T-501240-R,MARKETPLACE,03/07/2025,201,S-04,C-1359,6,95.00,57.00,513.00,RETURN
T-501967,APP,2025-07-22,P301,S-90,C-1218,1,2450.00,367.50,2082.50,SALE
T-503244-R,POS,2025-08-25,P-102,S-01,C-1177,-1,28.00,4.20,-23.80,SALE
T-500284,POS,2025-06-08,P-202,S-02,C-1181,1,120.00,0.00,120.00,SALE
T-502521,APP,2025-08-06,P203,S-02,C-1012,1,75.00,0.00,75.00,SALE
T-501746,APP,2025-07-17,P203,S-05,C-1197,2,75.00,22.50,127.50,SALE
T-500027,APP,2025-06-01,P201,S-04,C-1398,1,95.00,0.00,99.75,SALE
T-500120,POS,2025-06-04,P-201,S-03,C-1317,1,95.00,0.00,95.00,SALE
T-503068,APP,2025-08-20,P201,S-06,C-1062,1,95.00,0.00,99.75,SALE
T-500217-R,APP,2025-06-06,P101,S-99,C-1147,3,35.00,0.00,105.00,RETURN
T-500166,MARKETPLACE,05/06/2025,203,S-01,C-1068,2,75.00,0.00,150.00,SALE
T-503157,POS,2025-08-23,P-101,S-01,C-1326,1,35.00,1.75,33.25,SALE
T-500672,MARKETPLACE,18/06/2025,201,S-06,C-1373,1,95.00,0.00,95.00,SALE
T-501270,APP,2025-07-04,P101,S-02,C-1268,3,35.00,5.25,99.75,SALE
T-502978,POS,2025-08-18,P-101,S-90,C-1038,1,35.00,1.75,33.25,SALE
T-503037,POS,2025-08-20,P-202,S-06,C-1209,1,120.00,0.00,120.00,SALE
T-501620,POS,2025-07-14,P-202,S-02,C-1051,3,120.00,0.00,360.00,SALE
T-500332,POS,2025-06-09,P-103, s-02 ,C-1196,2,45.00,4.50,85.50,SALE
T-500171,APP,2025-06-05,P101,S-04,C-1015,1,35.00,0.00,35.00,SALE
T-502880,MARKETPLACE,15/08/2025,101, s-01 ,C-1340,1,35.00,3.50,31.50,SALE
T-500357,APP,2025-06-10,P301,S-06,C-1113,2,2450.00,0.00,4900.00,SALE
T-500505,POS,2025-06-13,P-203,S-01,C-1103,2,75.00,7.50,142.50,SALE
T-502558,APP,2025-08-07,P202, s-90 ,C-1381,1,120.00,18.00,102.00,SALE
T-502251,POS,2025-07-30,P-201, s-02 ,C-1329,1,95.00,4.75,90.25,SALE
T-503015,APP,2025-08-19,P101,S-03,NULL,3,35.00,10.50,94.50,SALE
T-500518,POS,2025-06-14,P-202,S-03,C-1253,1,120.00,6.00,114.00,SALE
T-503168-R,APP,2025-08-23,P103,S-01,C-1243,1,45.00,0.00,45.00,RETURN
T-502005,POS,2025-07-23,P-103,S-02,C-1265,1,45.00,2.25,42.75,SALE
T-501530,POS,2025-07-11,P-302,S-90,C-1359,3,3890.00,1167.00,10503.00,SALE
T-500798,POS,2025-06-22,P-102,S-04,N/A,2,28.00,0.00,56.00,SALE
T-501327,MARKETPLACE,06/07/2025,101,S-03,C-1397,1,35.00,0.00,35.00,SALE
T-503025,POS,2025-08-19,P-202,S-90,C-1344,2,120.00,12.00,228.00,SALE
T-503113,MARKETPLACE,22/08/2025,201,S-90,C-1276,2,95.00,28.50,161.50,SALE
T-500197,APP,2025-06-06,P203,S-04,C-1028,1,75.00,0.00,75.00,SALE
T-500706,POS,2025-06-19,P-203,S-90,C-1342,1,75.00,0.00,75.00,SALE
T-502219,POS,2025-07-29,P-302,S-05,C-1276,3,3890.00,1167.00,10503.00,SALE
T-500677,POS,2025-06-18,P-202,S-06,C-1139,1,120.00,0.00,120.00,SALE
T-502335,APP,2025-08-02,P102,S-02,C-1073,1,28.00,1.40,26.60,SALE
T-500257,POS,2025-06-07,P-103,S-01,C-1003,1,45.00,0.00,49.50,SALE
T-500907,POS,2025-06-24,P-201,S-06,C-1139,1,95.00,0.00,95.00,SALE
T-502051,POS,2025-07-25,P-301, s-90 ,C-1017,1,2450.00,122.50,2327.50,SALE
T-503274,POS,2025-08-26,P-301,S-01,C-1137,1,2450.00,0.00,2450.00,SALE
T-502935,POS,2025-08-17,P-201,S-04,N/A,1,95.00,4.75,90.25,SALE
T-503116,POS,2025-08-22,P-202,S-06,C-1242,1,120.00,12.00,108.00,SALE
T-501409,POS,2025-07-08,P-301,S-02,C-1270,1,2450.00,0.00,2450.00,SALE
T-500736,POS,2025-06-20,P-203,S-05,C-1024,1,75.00,0.00,75.00,SALE
T-502796,POS,2025-08-13,P-103, s-06 ,C-1295,2,45.00,4.50,85.50,SALE
T-501024,POS,2025-06-28,P-102,S-05,C-1155,1,28.00,4.20,23.80,SALE
T-500565,POS,2025-06-15,P-302,S-04,C-1078,1,3890.00,0.00,3890.00,SALE
T-500893,POS,2025-06-24,P-302,S-01,C-1322,1,3890.00,583.50,3306.50,SALE
T-502158,POS,2025-07-28,P-102,S-05,C-1291,1,28.00,1.40,26.60,SALE
T-503159,APP,2025-08-23,P301,S-05,C-1043,1,2450.00,0.00,2450.00,SALE
T-502727,APP,2025-08-12,P102,S-90,C-1061,1,28.00,0.00,28.00,SALE
T-500213,POS,2025-06-06,P-103,S-05,C-1231,1,45.00,6.75,38.25,SALE
T-500621,APP,2025-06-17,P101,S-99,NULL,2,35.00,3.50,66.50,SALE
T-500479,APP,2025-06-13,P101,S-02,C-1093,1,35.00,0.00,35.00,SALE
T-502390,APP,2025-08-03,P102,S-01,C-1361,1,28.00,0.00,28.00,SALE
T-500656,POS,2025-06-18,P-302,S-05,C-1171,1,3890.00,0.00,4279.00,SALE
T-502080,POS,2025-07-25,P-302,S-90,C-1330,1,3890.00,0.00,3890.00,SALE
T-502022,APP,2025-07-24,P102,S-01,N/A,1,28.00,2.80,25.20,SALE
T-501463,POS,2025-07-09,P-201,S-05,C-1242,2,95.00,0.00,190.00,SALE
T-501174,POS,2025-07-02,P-201,S-05,C-1246,1,95.00,14.25,80.75,SALE
T-501998,POS,2025-07-23,P-203,S-04,C-1099,1,75.00,3.75,71.25,SALE
T-500014-R,POS,2025-06-01,P-103,S-04,C-1165,-1,45.00,0.00,-45.00,SALE
T-502784,POS,2025-08-13,P-101,S-06,C-1289,1,35.00,0.00,35.00,SALE
T-503388,POS,2025-08-29,P-302,S-04,C-1242,1,3890.00,194.50,3695.50,SALE
T-502424,POS,2025-08-04,P-202, s-90 ,NULL,1,120.00,0.00,108.00,SALE
T-501142,POS,2025-07-01,P-202,TEMP,NULL,1,120.00,0.00,120.00,SALE
T-502867,APP,2025-08-15,P101,S-88,C-1292,1,35.00,0.00,35.00,SALE
T-500074,POS,2025-06-02,P-201,S-05,C-1371,2,95.00,9.50,180.50,SALE
T-500818-R,APP,2025-06-22,P101, s-03 ,C-1332,2,35.00,0.00,70.00,RETURN
T-502873,MARKETPLACE,15/08/2025,301,S-06,C-1211,2,2450.00,245.00,4655.00,SALE
T-501781,MARKETPLACE,18/07/2025,201,S-01,C-1298,1,95.00,0.00,95.00,SALE
T-500573,APP,2025-06-16,P203,S-06,C-1268,2,75.00,0.00,150.00,SALE
T-501222,APP,2025-07-03,P201,S-02,C-1373,1,95.00,0.00,95.00,SALE
T-503027,POS,2025-08-19,P-102,S-01,C-1363,1,28.00,2.80,25.20,SALE
T-503018,APP,2025-08-19,P102,S-02,C-1309,1,28.00,0.00,28.00,SALE
T-502351,POS,2025-08-02,P-201,S-03,C-1334,1,95.00,0.00,95.00,SALE
T-500659,MARKETPLACE,18/06/2025,101,S-01,C-1092,1,35.00,0.00,35.00,SALE
T-502119,APP,2025-07-26,P301,S-05,C-1379,1,2450.00,0.00,2450.00,SALE
T-500439,MARKETPLACE,12/06/2025,201,S-04,C-1166,1,95.00,4.75,90.25,SALE
T-502061,APP,2025-07-25,P301,S-03,N/A,2,2450.00,0.00,4900.00,SALE
T-500544,POS,2025-06-15,P-201,S-90,C-1229,1,95.00,4.75,90.25,SALE
T-500696,MARKETPLACE,19/06/2025,301,S-03,C-1071,2,2450.00,735.00,3748.50,SALE
T-502431,POS,2025-08-04,P-301,S-01,C-1139,3,2450.00,0.00,7350.00,SALE
T-500858,POS,2025-06-23,P-201,S-90,C-1007,1,95.00,0.00,95.00,SALE
T-501263,APP,2025-07-04,P101,S-03,NULL,1,35.00,1.75,33.25,SALE
T-501678,APP,2025-07-15,P302,S-03,C-1366,2,3890.00,1167.00,6613.00,SALE
T-500226,POS,2025-06-06,P-101,S-03,C-1069,1,35.00,0.00,35.00,SALE
T-502919,APP,2025-08-17,P203,S-03,C-1118,1,75.00,3.75,71.25,SALE
T-500676,APP,2025-06-18,P203,S-05,C-1036,1,75.00,0.00,75.00,SALE
T-502924,APP,2025-08-17,P302,S-04,C-1293,1,3890.00,583.50,3306.50,SALE
T-500724-R,APP,2025-06-20,P103,S-05,C-1247,1,45.00,0.00,45.00,RETURN
T-501813,POS,2025-07-19,P-201,S-06,C-1058,2,95.00,0.00,190.00,SALE
T-500793,POS,2025-06-22,P-103,S-05,C-1386,2,45.00,0.00,90.00,SALE
T-502840,POS,2025-08-14,P-203, s-01 ,N/A,1,75.00,3.75,71.25,SALE
T-503011,POS,2025-08-19,P-103,S-90,C-1042,1,45.00,0.00,45.00,SALE
T-500788,APP,2025-06-22,P201,S-05,C-1303,1,95.00,9.50,85.50,SALE
T-501994,POS,2025-07-23,P-201,S-04,C-1176,1,95.00,0.00,95.00,SALE
T-502955,APP,2025-08-18,P103,S-05,C-1025,1,45.00,4.50,40.50,SALE
T-500118,POS,2025-06-04,P-101,S-01,C-1209,2,35.00,0.00,70.00,SALE
T-501524,APP,2025-07-11,P302,S-03,C-1400,3,3890.00,0.00,11670.00,SALE
T-502698,MARKETPLACE,11/08/2025,202,S-90,C-1392,3,120.00,54.00,306.00,SALE
T-502364,POS,2025-08-02,P-301,S-02,C-1011,2,2450.00,245.00,4655.00,SALE
T-503391,APP,2025-08-29,P201,S-06,,1,95.00,14.25,80.75,SALE
T-502642,POS,2025-08-10,P-302,S-90,C-1202,2,3890.00,1167.00,6613.00,SALE
T-502777,APP,2025-08-13,P201,S-02,C-1250,3,95.00,0.00,285.00,SALE
T-502255,POS,2025-07-31,P-103, s-05 ,C-1369,1,45.00,6.75,38.25,SALE
T-503034,POS,2025-08-20,P-101,S-02,C-1287,2,35.00,0.00,70.00,SALE
T-502282,POS,2025-07-31,P-203,S-04,C-1276,1,75.00,0.00,75.00,SALE
T-501905,APP,2025-07-21,P302,S-90,NULL,2,3890.00,778.00,7352.10,SALE
T-500628,APP,2025-06-17,P302,S-01,C-1035,3,3890.00,0.00,10503.00,SALE
T-501072,APP,2025-06-29,P202,S-02,C-1013,1,120.00,0.00,120.00,SALE
T-502834,APP,2025-08-14,P202,S-05,C-1323,1,120.00,0.00,120.00,SALE
T-503299,POS,2025-08-27,P-203,S-05,C-1115,3,75.00,0.00,225.00,SALE
T-501507,POS,2025-07-11,P-302,S-01,C-1240,1,3890.00,0.00,3890.00,SALE
T-500365,POS,2025-06-10,P-201,S-05,C-1166,1,95.00,14.25,80.75,SALE
T-502921,APP,2025-08-17,P203,S-02,C-1133,2,75.00,7.50,142.50,SALE
T-503207,APP,2025-08-24,P302,S-90,N/A,2,3890.00,0.00,7780.00,SALE
T-502552,MARKETPLACE,07/08/2025,202,S-90,C-1286,2,120.00,0.00,240.00,SALE
T-500655,POS,2025-06-18,P-301, s-05 ,C-1283,1,2450.00,122.50,2327.50,SALE
T-502757,MARKETPLACE,12/08/2025,201,S-06,C-1139,1,95.00,9.50,85.50,SALE
T-503169,APP,2025-08-23,P301,S-06,C-1194,3,2450.00,0.00,7350.00,SALE
T-500687,APP,2025-06-19,P201,S-01,NULL,1,95.00,14.25,80.75,SALE
T-502405,APP,2025-08-03,P201,S-03,C-1033,2,95.00,19.00,171.00,SALE
T-501712,POS,2025-07-16,P-302,S-06,C-1350,1,3890.00,0.00,4279.00,SALE
T-500466,APP,2025-06-13,P102,S-01,C-1240,3,28.00,0.00,84.00,SALE
T-500844,MARKETPLACE,23/06/2025,101,S-01,C-1219,3,35.00,15.75,89.25,SALE
T-503172,APP,2025-08-23,P201,S-01,C-1170,1,95.00,0.00,95.00,SALE
T-501031,POS,2025-06-28,P-201,S-05,C-1373,1,95.00,4.75,90.25,SALE
T-502696,POS,2025-08-11,P-301,S-04,C-1389,2,2450.00,490.00,3969.00,SALE
T-500021,POS,2025-06-01,P-302,S-03,N/A,1,3890.00,0.00,3890.00,SALE
T-502555,POS,2025-08-07,P-201,S-01,C-1155,2,95.00,0.00,190.00,SALE
T-501973,APP,2025-07-22,P101,S-05,C-1327,1,35.00,5.25,29.75,SALE
T-500981,APP,2025-06-27,P203,S-03,C-1158,1,75.00,0.00,75.00,SALE
T-503187,MARKETPLACE,24/08/2025,301,S-90,C-1084,2,2450.00,0.00,4900.00,SALE
T-501019,MARKETPLACE,28/06/2025,101,S-90,,1,35.00,0.00,35.00,SALE
T-502721,APP,2025-08-12,P203,S-02,NULL,3,75.00,22.50,202.50,SALE
T-500494,POS,2025-06-13,P-101,S-02,C-1090,1,35.00,0.00,35.00,SALE
T-501564,MARKETPLACE,12/07/2025,302,S-01,C-1293,1,3890.00,583.50,2975.85,SALE
T-502817,APP,2025-08-14,P201,S-06,C-1197,3,95.00,28.50,256.50,SALE
T-500917,APP,2025-06-25,P201,S-90,C-1110,3,95.00,28.50,256.50,SALE
T-500413,POS,2025-06-11,P-203,S-02,C-1075,3,75.00,22.50,202.50,SALE
T-500906,POS,2025-06-24,P-201,S-06,C-1154,1,95.00,0.00,95.00,SALE
T-502347,APP,2025-08-02,P202,S-90,C-1013,1,120.00,0.00,120.00,SALE
T-502994,APP,2025-08-19,P302,S-01,C-1298,1,3890.00,0.00,3890.00,SALE
T-503296,MARKETPLACE,27/08/2025,301, s-02 ,,1,2450.00,0.00,2450.00,SALE
T-501590,POS,2025-07-13,P-101,S-90,C-1000,3,35.00,15.75,89.25,SALE
T-503263,POS,2025-08-26,P-102, s-05 ,C-1229,1,28.00,2.80,25.20,SALE
T-500603-R,POS,2025-06-17,P-102,S-90,N/A,-1,28.00,2.80,-25.20,SALE
T-501703,POS,2025-07-16,P-202,S-01,C-1076,1,120.00,12.00,108.00,SALE
T-503003,MARKETPLACE,19/08/2025,201,S-01,C-1207,1,95.00,0.00,95.00,SALE
T-500472,POS,2025-06-13,P-302,S-06,,1,3890.00,389.00,3501.00,SALE
T-500930,POS,2025-06-25,P-301,S-05,C-1215,1,2450.00,245.00,2205.00,SALE
T-500887-R,APP,2025-06-24,P203,S-01,C-1225,1,75.00,0.00,75.00,RETURN
T-501062,POS,2025-06-29,P-302,S-02,C-1185,2,3890.00,1167.00,6613.00,SALE
T-502741,POS,2025-08-12,P-301,S-01,C-1166,1,2450.00,0.00,2450.00,SALE
T-502702,APP,2025-08-11,P302,S-05,C-1270,1,3890.00,194.50,3695.50,SALE
T-501981,POS,2025-07-23,P-203,S-04,N/A,2,75.00,0.00,150.00,SALE
T-501920,POS,2025-07-21,P-203,S-03,C-1353,1,75.00,0.00,82.50,SALE
T-502416,POS,2025-08-04,P-203,S-02,C-1193,2,75.00,0.00,150.00,SALE
T-502035,APP,2025-07-24,P302,S-05,C-1043,3,3890.00,583.50,11086.50,SALE
T-501428,POS,2025-07-08,P-301,S-05,C-1137,1,2450.00,0.00,2450.00,SALE
T-501755,POS,2025-07-17,P-302,S-90,C-1135,3,3890.00,1750.50,9919.50,SALE
T-502184,POS,2025-07-28,P-203,S-04,C-1100,1,75.00,11.25,63.75,SALE
T-500201,APP,2025-06-06,P102,S-06,C-1339,6,28.00,0.00,168.00,SALE
T-502011,APP,2025-07-23,P101,S-01,C-1184,2,35.00,0.00,70.00,SALE
T-501877,POS,2025-07-20,P-302,S-90,C-1257,1,3890.00,0.00,3890.00,SALE
T-502714,MARKETPLACE,11/08/2025,302,S-90,N/A,2,3890.00,778.00,7002.00,SALE
T-503380,MARKETPLACE,29/08/2025,201,S-03,C-1368,1,95.00,4.75,90.25,SALE
T-502177,APP,2025-07-28,P302,S-99,C-1230,1,3890.00,0.00,4279.00,SALE
T-501074,POS,2025-06-29,P-103, s-01 ,C-1146,3,45.00,0.00,135.00,SALE
T-503096,MARKETPLACE,21/08/2025,102,S-02,C-1231,2,28.00,5.60,50.40,SALE
T-500039,POS,2025-06-01,P-202,S-04,C-1394,3,120.00,54.00,306.00,SALE
T-502087,POS,2025-07-26,P-202,S-03,C-1380,1,120.00,0.00,120.00,SALE
T-502422,POS,2025-08-04,P-202,S-01,C-1219,6,120.00,0.00,720.00,SALE
T-501832,APP,2025-07-19,P103,S-05,C-1026,1,45.00,2.25,42.75,SALE
T-500657,APP,2025-06-18,P302,S-06,C-1305,1,3890.00,0.00,3890.00,SALE
T-502765,POS,2025-08-13,P-203,S-01,,1,75.00,0.00,75.00,SALE
T-501893,POS,2025-07-20,P-201,S-03,C-1090,2,95.00,0.00,190.00,SALE
T-500618,POS,2025-06-17,P-301,S-03,NULL,1,2450.00,245.00,2205.00,SALE
T-500948,POS,2025-06-26,P-301,S-06,C-1036,1,2450.00,0.00,2450.00,SALE
T-501683,POS,2025-07-15,P-103,S-05,,1,45.00,0.00,45.00,SALE
T-501749,POS,2025-07-17,P-301,S-01,C-1058,1,2450.00,0.00,2450.00,SALE
T-501388,APP,2025-07-07,P203,S-01,C-1317,1,75.00,0.00,75.00,SALE
T-502634,POS,2025-08-09,P-301,S-90,C-1381,1,2450.00,0.00,2450.00,SALE
T-501894,POS,2025-07-20,P-203,S-04,C-1218,2,75.00,0.00,150.00,SALE
T-503379,MARKETPLACE,29/08/2025,201, s-06 ,C-1366,2,95.00,0.00,171.00,SALE
T-502377,POS,2025-08-03,P-101,S-03,C-1090,1,35.00,5.25,29.75,SALE
T-502150,POS,2025-07-27,P-102, s-03 ,C-1264,2,28.00,0.00,56.00,SALE
T-501380,POS,2025-07-07,P-301,S-90,C-1039,3,2450.00,0.00,7350.00,SALE
T-502359,POS,2025-08-02,P-203, s-04 ,C-1028,1,75.00,0.00,67.50,SALE
T-502390,APP,2025-08-03,P102,S-01,C-1361,1,28.00,0.00,28.00,SALE
T-502229,POS,2025-07-30,P-202,S-04,C-1276,1,120.00,0.00,120.00,SALE
T-500988,POS,2025-06-27,P-203, s-04 ,C-1366,3,75.00,0.00,225.00,SALE
T-500902,POS,2025-06-24,P-102,S-04,C-1388,3,28.00,0.00,75.60,SALE
T-501791,APP,2025-07-18,P101,S-06,NULL,1,35.00,3.50,33.08,SALE
T-500124,POS,2025-06-04,P-301,S-90,C-1313,1,2450.00,0.00,2450.00,SALE
T-503110,APP,2025-08-22,P101,S-05,C-1307,1,35.00,3.50,31.50,SALE
T-502980,POS,2025-08-18,P-301,S-04,C-1086,3,2450.00,367.50,6982.50,SALE
T-503237,POS,2025-08-25,P-203,S-03,C-1013,1,75.00,0.00,75.00,SALE
T-502632,POS,2025-08-09,P-203,S-05,C-1270,1,75.00,3.75,71.25,SALE
T-500477,POS,2025-06-13,P-101,S-05,NULL,1,35.00,3.50,31.50,SALE
T-502953,POS,2025-08-18,P-103,S-90,C-1082,1,45.00,0.00,45.00,SALE
T-502922,APP,2025-08-17,P201,S-06,C-1000,1,95.00,14.25,80.75,SALE
T-500145,POS,2025-06-04,P-301,S-90,C-1110,2,2450.00,0.00,4900.00,SALE
T-502309,APP,2025-08-01,P302,S-01,C-1024,2,3890.00,0.00,7780.00,SALE
T-500724,APP,2025-06-20,P103,S-05,C-1247,1,45.00,0.00,45.00,SALE
T-502879,APP,2025-08-15,P101,S-01,C-1028,3,35.00,0.00,105.00,SALE
T-500956,POS,2025-06-26,P-102,S-06,C-1001,1,28.00,0.00,28.00,SALE
T-502820,APP,2025-08-14,P102,S-06,C-1342,1,28.00,0.00,28.00,SALE
T-501682,POS,2025-07-15,P-102,S-06,C-1050,2,28.00,8.40,47.60,SALE
T-501448,POS,2025-07-09,P-302,S-90,C-1291,1,3890.00,389.00,3676.05,SALE
T-501966,POS,2025-07-22,P-201,S-04,C-1257,6,95.00,57.00,513.00,SALE
T-500712,POS,2025-06-20,P-101,S-03,C-1237,2,35.00,10.50,59.50,SALE
T-501289,APP,2025-07-05,P202, s-90 ,C-1326,1,120.00,12.00,108.00,SALE
T-500951,POS,2025-06-26,P-201,S-90,C-1235,2,95.00,0.00,190.00,SALE
T-501959,POS,2025-07-22,P-203,S-90,C-1071,2,75.00,0.00,150.00,SALE
T-503383,POS,2025-08-29,P-201,S-06,,1,95.00,4.75,90.25,SALE
T-500597,POS,2025-06-16,P-201,S-90,,2,95.00,0.00,190.00,SALE
T-502617,POS,2025-08-09,P-203,S-04,C-1032,2,75.00,0.00,150.00,SALE
T-503319,POS,2025-08-27,P-301,S-05,C-1096,1,2450.00,0.00,2450.00,SALE
T-500968,POS,2025-06-26,P-302,S-90,,1,3890.00,0.00,3890.00,SALE
T-502312,POS,2025-08-01,P-202,S-02,C-1137,1,120.00,0.00,120.00,SALE
T-502886,POS,2025-08-16,P-301,S-05,C-1398,1,2450.00,0.00,2450.00,SALE
T-500855,MARKETPLACE,23/06/2025,203,S-90,C-1161,1,75.00,0.00,75.00,SALE
T-501068,MARKETPLACE,29/06/2025,102,S-04,C-1005,2,28.00,5.60,50.40,SALE
T-503059,MARKETPLACE,20/08/2025,202,S-02,C-1299,1,120.00,0.00,120.00,SALE
T-502611,POS,2025-08-09,P-202,S-01,C-1270,1,120.00,0.00,120.00,SALE
T-501895,POS,2025-07-20,P-101,S-02,C-1265,2,35.00,3.50,66.50,SALE
T-503334,APP,2025-08-27,P201,S-06,C-1316,1,95.00,4.75,94.76,SALE
T-501186,POS,2025-07-02,P-203,S-01,,1,75.00,0.00,75.00,SALE
T-500050,MARKETPLACE,02/06/2025,302,S-02,C-1203,2,3890.00,0.00,7780.00,SALE
T-500514,POS,2025-06-14,P-103,S-02,C-1041,1,45.00,4.50,40.50,SALE
T-502478,APP,2025-08-05,P202,S-01,C-1267,1,120.00,6.00,114.00,SALE
T-500693,POS,2025-06-19,P-102,S-05,C-1357,2,28.00,8.40,47.60,SALE
T-502594,POS,2025-08-08,P-202, s-02 ,C-1325,1,120.00,12.00,108.00,SALE
T-500151,POS,2025-06-04,P-301,S-05,C-1078,1,2450.00,0.00,2450.00,SALE
T-501368,POS,2025-07-07,P-201,S-03,C-1304,2,95.00,9.50,180.50,SALE
T-502751,MARKETPLACE,12/08/2025,201,S-01,C-1231,2,95.00,0.00,190.00,SALE
T-500729,POS,2025-06-20,P-203,S-03,N/A,3,75.00,33.75,191.25,SALE
T-502193,POS,2025-07-29,P-201,S-90,C-1269,1,95.00,9.50,85.50,SALE
T-501782,APP,2025-07-18,P103,S-05,C-1021,1,45.00,0.00,45.00,SALE
T-502213,POS,2025-07-29,P-301,S-03,C-1213,1,2450.00,367.50,2082.50,SALE
T-500433,MARKETPLACE,12/06/2025,103,S-01,C-1244,1,45.00,0.00,45.00,SALE
T-500740,APP,2025-06-21,P103, s-90 ,C-1381,1,45.00,6.75,38.25,SALE
T-500415,APP,2025-06-11,P301,S-06,C-1016,1,2450.00,0.00,2450.00,SALE
T-500817,POS,2025-06-22,P-302,S-06,C-1333,1,3890.00,0.00,3890.00,SALE
T-501546,MARKETPLACE,12/07/2025,202,S-02,C-1085,1,120.00,12.00,108.00,SALE
T-500791,POS,2025-06-22,P-202,S-90,,3,120.00,36.00,324.00,SALE
T-503043,POS,2025-08-20,P-203,S-02,C-1055,2,75.00,15.00,135.00,SALE
T-502215,POS,2025-07-29,P-103,S-02,C-1106,2,45.00,4.50,85.50,SALE
T-502514,POS,2025-08-06,P-301,S-01,C-1279,3,2450.00,735.00,6615.00,SALE
T-502252,POS,2025-07-30,P-203,S-03,C-1272,1,75.00,3.75,71.25,SALE
T-503020,APP,2025-08-19,P301,S-01,C-1224,2,2450.00,490.00,4410.00,SALE
T-501898,APP,2025-07-20,P302,S-02,C-1069,1,3890.00,583.50,3306.50,SALE
T-500325,MARKETPLACE,09/06/2025,103,S-90,C-1065,1,45.00,2.25,42.75,SALE
T-502595,APP,2025-08-08,P102,S-01,C-1331,6,28.00,16.80,151.20,SALE
T-500771,APP,2025-06-21,P201,S-01,C-1055,1,95.00,0.00,95.00,SALE
T-502637,APP,2025-08-09,P101,S-02,C-1109,1,35.00,0.00,35.00,SALE
T-502604,MARKETPLACE,09/08/2025,203, s-06 ,C-1316,1,75.00,3.75,74.81,SALE
T-501805,POS,2025-07-18,P-101,S-90,NULL,1,35.00,5.25,29.75,SALE
T-502830,POS,2025-08-14,P-201,S-02,C-1365,1,95.00,4.75,90.25,SALE
T-502464,APP,2025-08-05,P203,S-02,C-1098,2,75.00,22.50,127.50,SALE
T-501404,POS,2025-07-08,P-101,S-02,C-1222,1,35.00,0.00,35.00,SALE
T-500864,MARKETPLACE,23/06/2025,103,S-04,C-1071,2,45.00,0.00,90.00,SALE
T-503378,POS,2025-08-29,P-301,S-02,C-1046,1,2450.00,0.00,2450.00,SALE
T-501725,MARKETPLACE,16/07/2025,203,S-02,C-1356,1,75.00,0.00,75.00,SALE
T-502753,POS,2025-08-12,P-203,S-05,C-1361,2,75.00,15.00,135.00,SALE
T-503004,POS,2025-08-19,P-103,S-90,C-1077,1,45.00,0.00,45.00,SALE
T-502987,POS,2025-08-18,P-302,S-04,C-1375,1,3890.00,0.00,3890.00,SALE
T-501210,POS,2025-07-03,P-301,S-01,,1,2450.00,367.50,2082.50,SALE
T-503360,POS,2025-08-28,P-101,S-04,C-1164,3,35.00,10.50,94.50,SALE
T-501999,APP,2025-07-23,P103,S-01,C-1241,2,45.00,0.00,90.00,SALE
T-502468,MARKETPLACE,05/08/2025,201,S-04,C-1173,1,95.00,0.00,95.00,SALE
T-503093,POS,2025-08-21,P-202,S-02,C-1352,2,120.00,0.00,216.00,SALE
T-500517,APP,2025-06-14,P301,S-90,C-1317,6,2450.00,2205.00,12495.00,SALE
T-501693,MARKETPLACE,15/07/2025,102,S-04,C-1020,3,28.00,8.40,75.60,SALE
T-501572,POS,2025-07-12,P-101,S-02,C-1392,1,35.00,0.00,35.00,SALE
T-502798,POS,2025-08-14,P-201,S-01,C-1189,2,95.00,0.00,190.00,SALE
T-503279,POS,2025-08-26,P-202,S-90,C-1279,3,120.00,54.00,306.00,SALE
T-503310,POS,2025-08-27,P-201,S-90,C-1336,1,95.00,14.25,72.67,SALE
T-501802,APP,2025-07-18,P301,S-02,NULL,2,2450.00,0.00,4900.00,SALE
T-501691,MARKETPLACE,15/07/2025,202,S-02,,1,120.00,0.00,108.00,SALE
T-500718,POS,2025-06-20,P-203,S-90,C-1069,6,75.00,0.00,450.00,SALE
T-500389-R,APP,2025-06-10,P201,S-03,C-1321,1,95.00,0.00,95.00,RETURN
T-503182,POS,2025-08-24,P-302, s-02 ,C-1280,1,3890.00,0.00,3890.00,SALE
T-500096,POS,2025-06-03,P-301,S-90,C-1072,2,2450.00,0.00,4900.00,SALE
T-502002,MARKETPLACE,23/07/2025,203, s-04 ,,1,75.00,0.00,75.00,SALE
T-501235,APP,2025-07-03,P102,S-03,C-1332,6,28.00,0.00,168.00,SALE
T-501597,POS,2025-07-13,P-103,S-02,C-1232,1,45.00,6.75,38.25,SALE
T-501202,MARKETPLACE,03/07/2025,101,S-06,C-1178,1,35.00,0.00,35.00,SALE
T-500838,POS,2025-06-23,P-103,S-06,,2,45.00,4.50,85.50,SALE
T-502100,POS,2025-07-26,P-201,S-90,N/A,1,95.00,0.00,95.00,SALE
T-502570,APP,2025-08-08,P103,TEMP,N/A,1,45.00,6.75,38.25,SALE
T-500643-R,APP,2025-06-17,P201,S-05,C-1218,1,95.00,0.00,95.00,RETURN
T-502907,POS,2025-08-16,P-102,S-04,C-1155,1,28.00,2.80,25.20,SALE
T-501565,POS,2025-07-12,P-102,S-04,NULL,3,28.00,0.00,84.00,SALE
T-500849,APP,2025-06-23,P101,S-90,C-1056,1,35.00,0.00,35.00,SALE
T-502450,POS,2025-08-04,P-201,S-01,C-1211,1,95.00,4.75,90.25,SALE
T-500488,POS,2025-06-13,P-201,S-01,C-1052,2,95.00,28.50,161.50,SALE
T-501753,POS,2025-07-17,P-301,S-01,N/A,1,2450.00,0.00,2450.00,SALE
T-500159,APP,2025-06-05,P101,S-90,NULL,1,35.00,1.75,33.25,SALE
T-500331,APP,2025-06-09,P101,S-02,C-1005,1,35.00,0.00,35.00,SALE
T-501000,POS,2025-06-27,P-301,S-90,C-1343,3,2450.00,0.00,7350.00,SALE
T-501915,POS,2025-07-21,P-202,S-03,C-1210,1,120.00,0.00,120.00,SALE
T-500009,POS,2025-06-01,P-203,S-01,C-1166,1,75.00,0.00,75.00,SALE
T-502700,APP,2025-08-11,P103,S-06,C-1316,2,45.00,0.00,90.00,SALE
T-501198,MARKETPLACE,03/07/2025,103,S-04,C-1091,3,45.00,0.00,135.00,SALE
T-500271,APP,2025-06-07,P202,S-04,C-1235,1,120.00,6.00,114.00,SALE
T-501766,POS,2025-07-17,P-203,S-04,C-1053,2,75.00,0.00,150.00,SALE
T-502086,APP,2025-07-26,P103,S-02,C-1144,1,45.00,0.00,45.00,SALE
T-500254,APP,2025-06-07,P102,S-90,C-1170,1,28.00,0.00,28.00,SALE
T-501110,APP,2025-06-30,P203,S-03,C-1374,1,75.00,3.75,71.25,SALE
T-501298,POS,2025-07-05,P-101,S-05,N/A,3,35.00,10.50,94.50,SALE
T-502576,MARKETPLACE,08/08/2025,102,S-90,C-1235,3,28.00,8.40,75.60,SALE
T-500449,POS,2025-06-12,P-203, s-06 ,C-1392,2,75.00,22.50,127.50,SALE
T-501811,POS,2025-07-18,P-302,S-05,C-1369,1,3890.00,389.00,3501.00,SALE
T-503171,POS,2025-08-23,P-203,S-01,C-1047,2,75.00,22.50,127.50,SALE
T-501240,MARKETPLACE,03/07/2025,201,S-04,C-1359,6,95.00,57.00,513.00,SALE
T-502610,POS,2025-08-09,P-103,S-03,C-1138,1,45.00,0.00,45.00,SALE
T-503180,POS,2025-08-24,P-202,S-04,C-1136,2,120.00,0.00,240.00,SALE
T-501579,MARKETPLACE,13/07/2025,203,S-01,C-1049,1,75.00,7.50,67.50,SALE
T-502211,MARKETPLACE,29/07/2025,203,S-03,C-1384,2,75.00,0.00,150.00,SALE
T-502208-R,POS,2025-07-29,P-202,S-02,C-1065,-1,120.00,0.00,-120.00,SALE
T-500631,APP,2025-06-17,P301,S-04,C-1162,1,2450.00,0.00,2450.00,SALE
T-500693-R,POS,2025-06-19,P-102,S-05,C-1357,-2,28.00,8.40,-47.60,SALE
T-501651,APP,2025-07-14,P302,S-03,C-1297,1,3890.00,194.50,3695.50,SALE
T-500492,APP,2025-06-13,P103,S-06,C-1348,1,45.00,0.00,45.00,SALE
T-501449,APP,2025-07-09,P101,S-01,C-1156,1,35.00,3.50,31.50,SALE
T-500455,POS,2025-06-12,P-202, s-04 ,C-1333,3,120.00,54.00,306.00,SALE
T-501204,POS,2025-07-03,P-101,S-01,C-1255,1,35.00,0.00,35.00,SALE
T-503208-R,POS,2025-08-24,P-102,S-90,C-1214,-1,28.00,0.00,-28.00,SALE
T-500428,POS,2025-06-12,P-202,S-90,C-1177,1,120.00,18.00,102.00,SALE
T-502717,POS,2025-08-11,P-101,S-05,C-1181,1,35.00,0.00,35.00,SALE
T-502192,POS,2025-07-29,P-302,S-90,C-1221,1,3890.00,0.00,3890.00,SALE
T-503002,APP,2025-08-19,P101,S-05,C-1373,2,35.00,3.50,66.50,SALE
T-502139,MARKETPLACE,27/07/2025,203, s-04 ,C-1348,1,75.00,3.75,71.25,SALE
T-500062,MARKETPLACE,02/06/2025,101,S-04,C-1016,3,35.00,0.00,105.00,SALE
T-500957,POS,2025-06-26,P-201,S-02,C-1100,6,95.00,85.50,484.50,SALE
T-501785,APP,2025-07-18,P302,S-90,C-1191,1,3890.00,0.00,3890.00,SALE
T-502318,APP,2025-08-01,P302,S-05,C-1112,1,3890.00,0.00,3890.00,SALE
T-500557-R,POS,2025-06-15,P-102,S-02,C-1097,-1,28.00,2.80,-25.20,SALE
T-500823,POS,2025-06-22,P-201,S-03,NULL,1,95.00,0.00,95.00,SALE
T-502189,MARKETPLACE,29/07/2025,101,S-02,N/A,1,35.00,1.75,33.25,SALE
T-501563-R,POS,2025-07-12,P-203,S-02,C-1050,-1,75.00,3.75,-71.25,SALE
T-501191,POS,2025-07-02,P-103,S-01,C-1243,2,45.00,9.00,81.00,SALE
T-501804,APP,2025-07-18,P301,S-04,NULL,2,2450.00,0.00,4900.00,SALE
T-502660,POS,2025-08-10,P-202,S-05,C-1391,1,120.00,0.00,120.00,SALE
T-503201,APP,2025-08-24,P201,S-01,C-1141,1,95.00,14.25,80.75,SALE
T-503130,POS,2025-08-22,P-203,S-06,C-1345,2,75.00,0.00,150.00,SALE
T-503242,APP,2025-08-25,P302,S-01,C-1381,1,3890.00,0.00,3890.00,SALE
T-502651,POS,2025-08-10,P-203,S-01,NULL,3,75.00,33.75,191.25,SALE
T-500559,POS,2025-06-15,P-302,S-04,NULL,1,3890.00,194.50,3695.50,SALE
T-502317,APP,2025-08-01,P302,S-01,C-1329,2,3890.00,1167.00,6613.00,SALE
T-501528,APP,2025-07-11,P203,S-05,NULL,2,75.00,0.00,150.00,SALE
T-500900,POS,2025-06-24,P-201,S-03,C-1097,1,95.00,0.00,95.00,SALE
T-501025,APP,2025-06-28,P302,S-90,C-1196,1,3890.00,389.00,3501.00,SALE
T-500669,MARKETPLACE,18/06/2025,201,S-01,,1,95.00,9.50,85.50,SALE
T-502911,POS,2025-08-16,P-101,S-01,,1,35.00,5.25,29.75,SALE
T-500154,POS,2025-06-04,P-101,S-04,C-1309,6,35.00,0.00,210.00,SALE
T-501177,POS,2025-07-02,P-201,S-04,C-1164,2,95.00,0.00,190.00,SALE
T-502733-R,POS,2025-08-12,P-203,S-05,C-1088,-2,75.00,0.00,-150.00,SALE
T-500198,APP,2025-06-06,P302, s-90 ,C-1011,1,3890.00,0.00,3890.00,SALE
T-500566,APP,2025-06-15,P301,S-03,C-1374,3,2450.00,1102.50,6247.50,SALE
T-501926,POS,2025-07-21,P-101,S-02,C-1234,1,35.00,0.00,35.00,SALE
T-502188,MARKETPLACE,29/07/2025,103,S-03,C-1067,1,45.00,0.00,45.00,SALE
T-503127,POS,2025-08-22,P-202,S-06,C-1051,3,120.00,54.00,306.00,SALE
T-501407,POS,2025-07-08,P-201,S-90,C-1081,1,95.00,4.75,90.25,SALE
T-502771,POS,2025-08-13,P-203,S-06,C-1182,1,75.00,3.75,71.25,SALE
T-501311,APP,2025-07-05,P301,S-04,C-1101,1,2450.00,0.00,2450.00,SALE
T-502967,APP,2025-08-18,P203,S-90,C-1176,3,75.00,0.00,225.00,SALE
T-503106,POS,2025-08-21,P-202, s-05 ,C-1013,6,120.00,0.00,720.00,SALE
T-500176,POS,2025-06-05,P-302,S-01,C-1112,3,3890.00,1167.00,10503.00,SALE
T-503289,POS,2025-08-26,P-302,S-90,C-1069,2,3890.00,0.00,7780.00,SALE
T-502906,POS,2025-08-16,P-201,S-05,C-1186,1,95.00,4.75,90.25,SALE
T-502244,POS,2025-07-30,P-201,S-06,C-1008,2,95.00,28.50,161.50,SALE
T-501663,APP,2025-07-15,P202,S-02,C-1352,1,120.00,0.00,120.00,SALE
T-502004,APP,2025-07-23,P203, s-06 ,C-1017,3,75.00,33.75,191.25,SALE
T-501426,POS,2025-07-08,P-101,S-05,C-1158,1,35.00,1.75,33.25,SALE
T-500233,POS,2025-06-06,P-203,S-01,C-1036,1,75.00,3.75,71.25,SALE
T-500241,POS,2025-06-06,P-102,S-01,C-1082,1,28.00,0.00,28.00,SALE
T-502557-R,APP,2025-08-07,P101,S-04,,1,35.00,1.75,33.25,RETURN
T-502151,POS,2025-07-27,P-203,S-06,C-1250,1,75.00,11.25,63.75,SALE
T-503026,APP,2025-08-19,P103, s-02 ,C-1266,1,45.00,2.25,47.03,SALE
T-501285,POS,2025-07-05,P-101, s-90 ,C-1133,1,35.00,0.00,35.00,SALE
T-502875,APP,2025-08-15,P103,S-90,C-1297,1,45.00,4.50,40.50,SALE
T-500227,POS,2025-06-06,P-103,S-05,C-1152,1,45.00,6.75,38.25,SALE
T-500851,APP,2025-06-23,P302,S-01,NULL,1,3890.00,0.00,3890.00,SALE
T-501774,POS,2025-07-18,P-103,S-01,C-1229,1,45.00,0.00,45.00,SALE
T-500738,APP,2025-06-20,P301,S-02,C-1059,1,2450.00,245.00,2205.00,SALE
T-501089,POS,2025-06-29,P-301,S-04,C-1232,1,2450.00,0.00,2450.00,SALE
T-502859,MARKETPLACE,15/08/2025,301,S-01,C-1184,1,2450.00,0.00,2450.00,SALE
T-501902,POS,2025-07-21,P-301,S-01,C-1089,1,2450.00,122.50,2327.50,SALE
T-500076,MARKETPLACE,02/06/2025,101,S-01,C-1196,1,35.00,0.00,35.00,SALE
T-500607,POS,2025-06-17,P-302,S-90,C-1015,1,3890.00,389.00,3501.00,SALE
T-501929,POS,2025-07-21,P-101,S-01,C-1092,1,35.00,0.00,35.00,SALE
T-500004,MARKETPLACE,01/06/2025,201,S-04,C-1341,1,95.00,0.00,95.00,SALE
T-503244,POS,2025-08-25,P-102,S-01,C-1177,1,28.00,4.20,23.80,SALE
T-501030,POS,2025-06-28,P-102,S-01,C-1091,6,28.00,25.20,142.80,SALE
T-500167,APP,2025-06-05,P201,S-05,C-1008,1,95.00,4.75,90.25,SALE
T-500763-R,APP,2025-06-21,P201,S-90,C-1323,6,95.00,0.00,570.00,RETURN
T-501003,APP,2025-06-27,P202,S-05,C-1264,1,120.00,6.00,114.00,SALE
T-502805,APP,2025-08-14,P101, s-01 ,C-1056,1,35.00,0.00,35.00,SALE
T-501341,POS,2025-07-06,P-201,S-06,C-1271,1,95.00,0.00,95.00,SALE
T-502345,APP,2025-08-02,P202,S-03,C-1254,1,120.00,12.00,108.00,SALE
T-501977,POS,2025-07-23,P-301,S-04,C-1300,6,2450.00,2205.00,12495.00,SALE
T-500967,APP,2025-06-26,P101,S-03,C-1222,1,35.00,3.50,31.50,SALE
T-501852,POS,2025-07-19,P-301,S-88,C-1224,1,2450.00,0.00,2450.00,SALE
T-500762,APP,2025-06-21,P103,S-90,C-1050,1,45.00,0.00,45.00,SALE
T-502944,POS,2025-08-17,P-301,S-90,C-1268,1,2450.00,367.50,2082.50,SALE
T-503060,POS,2025-08-20,P-201,S-06,C-1326,1,95.00,0.00,95.00,SALE
T-500247,POS,2025-06-07,P-203,S-03,C-1392,1,75.00,0.00,75.00,SALE
T-502135,POS,2025-07-27,P-103,S-05,C-1109,1,45.00,0.00,45.00,SALE
T-502486,POS,2025-08-05,P-302, s-02 ,NULL,2,3890.00,1167.00,7274.30,SALE
T-501566,MARKETPLACE,12/07/2025,301,S-03,N/A,2,2450.00,735.00,4165.00,SALE
T-501347,POS,2025-07-06,P-103, s-01 ,C-1326,3,45.00,20.25,114.75,SALE
T-502788,POS,2025-08-13,P-103,S-02,C-1360,1,45.00,0.00,45.00,SALE
T-501922,POS,2025-07-21,P-202,S-02,C-1138,3,120.00,0.00,360.00,SALE
T-500091,MARKETPLACE,03/06/2025,101,S-01,C-1264,1,35.00,5.25,29.75,SALE
T-500104,POS,2025-06-03,P-102,S-06,C-1260,2,28.00,5.60,50.40,SALE
T-500585,POS,2025-06-16,P-102,S-01,C-1146,2,28.00,0.00,56.00,SALE
T-501707,MARKETPLACE,16/07/2025,203,S-04,C-1216,3,75.00,0.00,225.00,SALE
T-500105,POS,2025-06-03,P-201,S-05,C-1093,6,95.00,85.50,484.50,SALE
T-502580,POS,2025-08-08,P-202,S-06,C-1281,2,120.00,24.00,216.00,SALE
T-502316,MARKETPLACE,01/08/2025,203,S-04,C-1218,1,75.00,3.75,71.25,SALE
T-502661,APP,2025-08-10,P103,S-90,C-1159,1,45.00,6.75,38.25,SALE
T-500780,POS,2025-06-21,P-301,S-05,NULL,3,2450.00,367.50,6982.50,SALE
T-503312,POS,2025-08-27,P-101,S-90,C-1195,1,35.00,1.75,33.25,SALE
T-501111,MARKETPLACE,30/06/2025,202,S-90,C-1341,1,120.00,6.00,114.00,SALE
T-501734,APP,2025-07-16,P201,S-03,NULL,1,95.00,14.25,80.75,SALE
T-502543,APP,2025-08-07,P102,S-02,C-1282,1,28.00,0.00,28.00,SALE
T-502111,POS,2025-07-26,P-101,S-06,C-1399,1,35.00,0.00,35.00,SALE
T-501046-R,POS,2025-06-28,P-203,S-06,C-1058,-3,75.00,33.75,-191.25,SALE
T-501812,POS,2025-07-18,P-202,S-05,C-1341,1,120.00,6.00,114.00,SALE
T-502397,POS,2025-08-03,P-201,S-02,C-1339,1,95.00,0.00,95.00,SALE
T-501316,APP,2025-07-06,P202,S-03,C-1053,6,120.00,36.00,684.00,SALE
T-502227,APP,2025-07-30,P301, s-01 ,C-1050,1,2450.00,0.00,2450.00,SALE
T-501633,POS,2025-07-14,P-101,S-06,C-1294,1,35.00,0.00,35.00,SALE
T-501401,MARKETPLACE,08/07/2025,101,S-03,C-1350,1,35.00,0.00,35.00,SALE
T-500080,APP,2025-06-03,P202,S-06,C-1360,2,120.00,12.00,228.00,SALE
T-501892,MARKETPLACE,20/07/2025,201,S-01,,2,95.00,28.50,161.50,SALE
T-501835,POS,2025-07-19,P-302,S-03,,1,3890.00,194.50,3695.50,SALE
T-502760,APP,2025-08-12,P203,S-90,C-1214,2,75.00,15.00,135.00,SALE
T-502017,POS,2025-07-24,P-201,S-03,C-1315,1,95.00,0.00,95.00,SALE
T-500551,APP,2025-06-15,P302,S-04,C-1104,1,3890.00,583.50,3306.50,SALE
T-502630,POS,2025-08-09,P-201,S-06,C-1342,1,95.00,4.75,90.25,SALE
T-501045,POS,2025-06-28,P-202, s-03 ,C-1339,3,120.00,0.00,360.00,SALE
T-502557,APP,2025-08-07,P101,S-04,,1,35.00,1.75,33.25,SALE
T-502782,MARKETPLACE,13/08/2025,302,S-02,C-1102,1,3890.00,194.50,3695.50,SALE
T-501197,APP,2025-07-03,P302,S-05,C-1127,1,3890.00,194.50,3695.50,SALE
T-500966,POS,2025-06-26,P-202,S-90,C-1314,1,120.00,6.00,114.00,SALE
T-502561,APP,2025-08-07,P103,S-90,C-1229,3,45.00,6.75,128.25,SALE
T-502908,APP,2025-08-16,P103,S-90,C-1079,1,45.00,0.00,45.00,SALE
T-502939,POS,2025-08-17,P-102,S-04,C-1075,2,28.00,2.80,53.20,SALE
T-501055,APP,2025-06-29,P103,S-02,C-1011,1,45.00,0.00,45.00,SALE
T-502773,POS,2025-08-13,P-203,S-90,C-1140,1,75.00,0.00,75.00,SALE
T-501523,APP,2025-07-11,P101,S-01,C-1240,2,35.00,0.00,70.00,SALE
T-501554,POS,2025-07-12,P-101, s-06 ,NULL,1,35.00,0.00,35.00,SALE
T-502201,APP,2025-07-29,P203,S-03,C-1166,1,75.00,7.50,67.50,SALE
T-502143,POS,2025-07-27,P-301,S-02,C-1130,1,2450.00,0.00,2450.00,SALE
T-502659,POS,2025-08-10,P-301, s-04 ,C-1315,1,2450.00,0.00,2450.00,SALE
T-501622,POS,2025-07-14,P-203,S-02,C-1311,1,75.00,3.75,71.25,SALE
T-503398,APP,2025-08-29,P102,S-04,NULL,1,28.00,0.00,28.00,SALE
T-501975,POS,2025-07-23,P-302,S-90,C-1247,1,3890.00,194.50,3695.50,SALE
T-503066,MARKETPLACE,20/08/2025,302,S-90,C-1231,2,3890.00,0.00,7780.00,SALE
T-500754,POS,2025-06-21,P-203,S-06,C-1335,1,75.00,0.00,75.00,SALE
T-502742,MARKETPLACE,12/08/2025,202,S-90,C-1042,1,120.00,6.00,114.00,SALE
T-501767,APP,2025-07-17,P102,S-03,C-1286,1,28.00,0.00,28.00,SALE
T-502134,MARKETPLACE,27/07/2025,203,S-03,C-1028,2,75.00,15.00,135.00,SALE
T-500230,APP,2025-06-06,P102,S-03,C-1052,1,28.00,1.40,26.60,SALE
T-502268,MARKETPLACE,31/07/2025,103,S-01,C-1369,1,45.00,4.50,40.50,SALE
T-501567,POS,2025-07-12,P-302,S-02,C-1154,1,3890.00,0.00,3890.00,SALE
T-502313,APP,2025-08-01,P202,S-01,C-1132,3,120.00,0.00,360.00,SALE
T-502418,POS,2025-08-04,P-302, s-06 ,C-1393,1,3890.00,194.50,3695.50,SALE
T-501695,APP,2025-07-15,P101,S-02,NULL,1,35.00,1.75,33.25,SALE
T-500071,APP,2025-06-02,P301,S-02,C-1389,1,2450.00,245.00,2205.00,SALE
T-502147,POS,2025-07-27,P-103, s-90 ,C-1140,1,45.00,2.25,42.75,SALE
T-502916,POS,2025-08-16,P-103,S-06,C-1025,1,45.00,0.00,45.00,SALE
T-502369,POS,2025-08-02,P-103,S-04,C-1372,2,45.00,0.00,90.00,SALE
T-501354,POS,2025-07-07,P-101,S-03,C-1394,2,35.00,10.50,59.50,SALE
T-502089,MARKETPLACE,26/07/2025,103,S-99,C-1357,1,45.00,0.00,45.00,SALE
T-502862-R,APP,2025-08-15,P101,S-05,C-1396,1,35.00,1.75,33.25,RETURN
T-501494,APP,2025-07-10,P101,S-04,C-1274,1,35.00,0.00,38.50,SALE
T-501549,APP,2025-07-12,P102,S-01,C-1014,2,28.00,0.00,56.00,SALE
T-503332,APP,2025-08-27,P101,S-90,C-1106,1,35.00,0.00,35.00,SALE
T-500219,MARKETPLACE,06/06/2025,302,S-02,,1,3890.00,389.00,3501.00,SALE
T-502298,MARKETPLACE,01/08/2025,302,S-06,C-1389,1,3890.00,0.00,3890.00,SALE
T-502389,POS,2025-08-03,P-103,S-06,N/A,1,45.00,0.00,45.00,SALE
T-501267,APP,2025-07-04,P301,S-06,C-1110,1,2450.00,0.00,2450.00,SALE
T-501718,POS,2025-07-16,P-203,S-06,C-1233,3,75.00,0.00,225.00,SALE
T-501992,APP,2025-07-23,P201,S-90,C-1151,1,95.00,9.50,85.50,SALE
T-501748,POS,2025-07-17,P-302, s-06 ,C-1035,1,3890.00,389.00,3501.00,SALE
T-502334,APP,2025-08-02,P302,S-02,C-1345,3,3890.00,0.00,11670.00,SALE
T-501533,APP,2025-07-11,P101,S-05,C-1305,1,35.00,0.00,35.00,SALE
T-500400,MARKETPLACE,11/06/2025,301,S-90,C-1189,2,2450.00,0.00,4900.00,SALE
T-501817,POS,2025-07-19,P-203,S-05,C-1363,2,75.00,0.00,150.00,SALE
T-501737,MARKETPLACE,16/07/2025,301,S-03,C-1308,1,2450.00,0.00,2450.00,SALE
T-500824,POS,2025-06-22,P-102,S-90,C-1344,2,28.00,2.80,53.20,SALE
T-500920,APP,2025-06-25,P101,S-90,C-1129,1,35.00,0.00,35.00,SALE
T-500114,POS,2025-06-04,P-202,S-04,C-1191,1,120.00,0.00,120.00,SALE
T-503397,APP,2025-08-29,P301,S-06,C-1072,2,2450.00,245.00,4655.00,SALE
T-500491,POS,2025-06-13,P-102,S-88,C-1357,1,28.00,1.40,26.60,SALE
T-501052,MARKETPLACE,29/06/2025,101, s-05 ,C-1012,1,35.00,0.00,35.00,SALE
T-503301,POS,2025-08-27,P-301,S-04,C-1243,2,2450.00,0.00,4900.00,SALE
T-502179,MARKETPLACE,28/07/2025,201,S-03,N/A,1,95.00,0.00,95.00,SALE
T-501164,POS,2025-07-01,P-101,S-03,N/A,1,35.00,0.00,35.00,SALE
T-503341,POS,2025-08-28,P-202,S-04,C-1260,1,120.00,12.00,108.00,SALE
T-501646,POS,2025-07-14,P-301,S-03,C-1156,1,2450.00,367.50,2082.50,SALE
T-500602,POS,2025-06-17,P-202,S-05,C-1370,1,120.00,0.00,120.00,SALE
T-503017,APP,2025-08-19,P201,S-90,C-1385,1,95.00,0.00,95.00,SALE
T-501473,MARKETPLACE,10/07/2025,202,S-03,C-1205,1,120.00,18.00,102.00,SALE
T-502678,POS,2025-08-11,P-201,S-02,C-1181,1,95.00,0.00,95.00,SALE
T-502326,MARKETPLACE,01/08/2025,201,S-05,,1,95.00,0.00,95.00,SALE
T-501889,APP,2025-07-20,P101,S-04,C-1082,2,35.00,0.00,70.00,SALE
T-500640,APP,2025-06-17,P101,S-03,C-1288,6,35.00,21.00,189.00,SALE
T-501996,MARKETPLACE,23/07/2025,103,S-06,C-1274,3,45.00,0.00,135.00,SALE
T-500057,POS,2025-06-02,P-202,S-90,C-1103,1,120.00,12.00,113.40,SALE
T-500904,MARKETPLACE,24/06/2025,302,S-05,C-1023,2,3890.00,0.00,7780.00,SALE
T-501942,APP,2025-07-22,P101,S-04,C-1316,2,35.00,10.50,59.50,SALE
T-500809,POS,2025-06-22,P-302,S-01,N/A,3,3890.00,583.50,11086.50,SALE
T-502857,APP,2025-08-15,P103,S-90,C-1253,1,45.00,0.00,45.00,SALE
T-501442,POS,2025-07-09,P-203,S-02,C-1226,3,75.00,11.25,213.75,SALE
T-500482,APP,2025-06-13,P202,S-06,C-1079,1,120.00,0.00,126.00,SALE
T-500003,POS,2025-06-01,P-101, s-05 ,C-1230,1,35.00,3.50,31.50,SALE
T-503193,APP,2025-08-24,P302,S-06,C-1069,1,3890.00,389.00,3501.00,SALE
T-501039,MARKETPLACE,28/06/2025,101,S-04,C-1212,1,35.00,1.75,33.25,SALE
T-500828,APP,2025-06-22,P301,S-02,NULL,1,2450.00,245.00,2205.00,SALE
T-502868,APP,2025-08-15,P102,S-01,,3,28.00,8.40,75.60,SALE
T-501987,POS,2025-07-23,P-202,S-01,C-1200,1,120.00,12.00,108.00,SALE
T-500081,MARKETPLACE,03/06/2025,301,S-03,N/A,1,2450.00,122.50,2327.50,SALE
T-501009,APP,2025-06-27,P203,S-04,C-1399,2,75.00,0.00,150.00,SALE
T-502321,POS,2025-08-01,P-102,S-05,NULL,1,28.00,4.20,23.80,SALE
T-501801-R,POS,2025-07-18,P-302,S-05,NULL,-2,3890.00,0.00,-7780.00,SALE
T-500732,POS,2025-06-20,P-203,S-03,C-1274,2,75.00,0.00,150.00,SALE
T-502810,APP,2025-08-14,P103,S-06,C-1176,3,45.00,13.50,121.50,SALE
T-503202,MARKETPLACE,24/08/2025,202,S-02,C-1081,1,120.00,0.00,120.00,SALE
T-501872,POS,2025-07-20,P-101,S-02,C-1387,1,35.00,0.00,35.00,SALE
T-502976,APP,2025-08-18,P301,S-01,C-1023,1,2450.00,0.00,2450.00,SALE
T-500240,APP,2025-06-06,P203,S-02,C-1335,1,75.00,7.50,74.25,SALE
T-501020,POS,2025-06-28,P-301,S-06,C-1173,2,2450.00,735.00,4165.00,SALE
T-502825,POS,2025-08-14,P-203,S-02,C-1269,1,75.00,11.25,63.75,SALE
T-501301,POS,2025-07-05,P-101,S-90,C-1260,2,35.00,0.00,73.50,SALE
T-500636,MARKETPLACE,17/06/2025,302,S-04,N/A,1,3890.00,389.00,3501.00,SALE
T-501674,APP,2025-07-15,P101,S-04,C-1273,2,35.00,0.00,70.00,SALE
T-501652,MARKETPLACE,14/07/2025,102,S-05,C-1022,1,28.00,1.40,26.60,SALE
T-501457,APP,2025-07-09,P201,S-01,C-1030,3,95.00,0.00,285.00,SALE
T-500652,POS,2025-06-18,P-101,S-02,C-1225,2,35.00,0.00,70.00,SALE
T-500053,POS,2025-06-02,P-202,S-01,,1,120.00,0.00,120.00,SALE
T-500379,POS,2025-06-10,P-102,S-05,C-1351,1,28.00,0.00,28.00,SALE
T-500066,POS,2025-06-02,P-302,S-05,C-1089,3,3890.00,0.00,11670.00,SALE
T-500747,APP,2025-06-21,P202,S-05,C-1147,1,120.00,6.00,114.00,SALE
T-502761,POS,2025-08-12,P-302,S-01,C-1272,3,3890.00,0.00,11670.00,SALE
T-503136,POS,2025-08-22,P-103,S-06,C-1007,1,45.00,0.00,45.00,SALE
T-501043,APP,2025-06-28,P202,S-90,,1,120.00,0.00,120.00,SALE
T-502754,APP,2025-08-12,P302,S-01,C-1158,3,3890.00,0.00,12253.50,SALE
T-500237,APP,2025-06-06,P201,S-06,C-1117,1,95.00,4.75,90.25,SALE
T-500877,POS,2025-06-24,P-301,S-90,C-1053,1,2450.00,367.50,2082.50,SALE
T-500283,POS,2025-06-08,P-201,S-03,C-1132,1,95.00,9.50,85.50,SALE
T-501952,POS,2025-07-22,P-103,S-02,C-1364,2,45.00,0.00,90.00,SALE
T-500228,APP,2025-06-06,P202,S-05,C-1104,1,120.00,6.00,114.00,SALE
T-501269,POS,2025-07-04,P-201,S-90,C-1270,2,95.00,9.50,180.50,SALE
T-501148,POS,2025-07-01,P-103,S-06,C-1154,2,45.00,4.50,85.50,SALE
T-500952-R,POS,2025-06-26,P-302, s-90 ,C-1209,-2,3890.00,0.00,-7780.00,SALE
T-500150,APP,2025-06-04,P202,S-01,C-1099,1,120.00,12.00,108.00,SALE
T-503359,POS,2025-08-28,P-202,S-01,C-1296,3,120.00,54.00,306.00,SALE
T-501700,POS,2025-07-16,P-202,S-90,C-1105,1,120.00,6.00,114.00,SALE
T-500397,MARKETPLACE,11/06/2025,201,S-90,C-1346,2,95.00,0.00,190.00,SALE
T-502271,POS,2025-07-31,P-101,S-90,C-1262,1,35.00,5.25,29.75,SALE
T-500512,POS,2025-06-14,P-202,S-03,C-1046,3,120.00,0.00,360.00,SALE
T-500528,POS,2025-06-14,P-103,S-04,C-1359,3,45.00,6.75,128.25,SALE
T-501239,POS,2025-07-03,P-102,S-02,C-1261,2,28.00,0.00,56.00,SALE
T-500998,APP,2025-06-27,P101,S-01,C-1360,1,35.00,0.00,35.00,SALE
T-501441-R,POS,2025-07-09,P-301, s-02 ,C-1105,-1,2450.00,367.50,-2082.50,SALE
T-502983,MARKETPLACE,18/08/2025,201,S-02,C-1091,6,95.00,0.00,570.00,SALE
T-501625,POS,2025-07-14,P-102,S-06,C-1299,1,28.00,1.40,26.60,SALE
T-501060,POS,2025-06-29,P-101,S-05,C-1127,1,35.00,0.00,35.00,SALE
T-503143,APP,2025-08-22,P103,S-03,C-1046,1,45.00,2.25,42.75,SALE
T-501429,APP,2025-07-08,P301,S-05,NULL,1,2450.00,0.00,2450.00,SALE
T-501262,APP,2025-07-04,P202,S-90,C-1070,1,120.00,0.00,120.00,SALE
T-500373,MARKETPLACE,10/06/2025,202,S-01,C-1184,1,120.00,6.00,114.00,SALE
T-501684,APP,2025-07-15,P101,S-02,C-1067,1,35.00,1.75,33.25,SALE
T-500588,APP,2025-06-16,P202,S-01,C-1374,6,120.00,108.00,642.60,SALE
T-501220,MARKETPLACE,03/07/2025,201,S-90,N/A,1,95.00,4.75,90.25,SALE
T-502779,APP,2025-08-13,P102,S-02,C-1389,1,28.00,0.00,28.00,SALE
T-500061,APP,2025-06-02,P102,S-05,C-1192,3,28.00,0.00,84.00,SALE
T-502315,POS,2025-08-01,P-301,S-02,C-1211,1,2450.00,0.00,2450.00,SALE
T-501899,POS,2025-07-20,P-101,S-02,C-1152,1,35.00,3.50,31.50,SALE
T-502075,APP,2025-07-25,P101, s-06 ,C-1384,3,35.00,5.25,99.75,SALE
T-502232,POS,2025-07-30,P-201, s-02 ,C-1087,2,95.00,19.00,171.00,SALE
T-501425,APP,2025-07-08,P201,S-03,,1,95.00,0.00,95.00,SALE
T-500174,APP,2025-06-05,P201,S-03,N/A,1,95.00,0.00,95.00,SALE
T-501960,APP,2025-07-22,P101,S-06,C-1107,3,35.00,15.75,89.25,SALE
T-502285,APP,2025-07-31,P202,S-01,C-1002,1,120.00,18.00,102.00,SALE
T-501551,POS,2025-07-12,P-102,S-04,C-1078,3,28.00,8.40,75.60,SALE
T-502245,MARKETPLACE,30/07/2025,302,S-01,C-1348,1,3890.00,583.50,3306.50,SALE
T-503387,APP,2025-08-29,P103,S-90,C-1392,2,45.00,0.00,90.00,SALE
T-501080,MARKETPLACE,29/06/2025,301,S-90,C-1102,2,2450.00,0.00,4900.00,SALE
T-501406,POS,2025-07-08,P-302,S-03,NULL,1,3890.00,0.00,3890.00,SALE
T-500549,POS,2025-06-15,P-102,S-01,C-1373,1,28.00,1.40,26.60,SALE
T-501238,MARKETPLACE,03/07/2025,301,S-05,C-1223,6,2450.00,2205.00,12495.00,SALE
T-501752,POS,2025-07-17,P-103,S-04,C-1364,3,45.00,6.75,128.25,SALE
T-502767,APP,2025-08-13,P302,S-06,C-1342,1,3890.00,0.00,3890.00,SALE
T-501074-R,POS,2025-06-29,P-103, s-01 ,C-1146,-3,45.00,0.00,-135.00,SALE
T-501757,POS,2025-07-17,P-201,S-06,C-1144,1,95.00,0.00,99.75,SALE
T-502095,MARKETPLACE,26/07/2025,203,S-04,,1,75.00,3.75,71.25,SALE
T-502209,POS,2025-07-29,P-203,S-04,C-1354,2,75.00,7.50,142.50,SALE
T-500446,POS,2025-06-12,P-103,S-06,C-1198,1,45.00,2.25,42.75,SALE
T-501268,POS,2025-07-04,P-101,S-01,C-1200,2,35.00,0.00,70.00,SALE
T-501161,APP,2025-07-01,P202,S-03,C-1180,1,120.00,18.00,102.00,SALE
T-502512,APP,2025-08-06,P102,S-05,C-1144,3,28.00,4.20,79.80,SALE
T-502899,POS,2025-08-16,P-102,S-02,,1,28.00,0.00,28.00,SALE
T-502638,POS,2025-08-09,P-301,S-01,C-1061,1,2450.00,0.00,2450.00,SALE
T-502738-R,MARKETPLACE,12/08/2025,302, s-05 ,C-1126,2,3890.00,0.00,7780.00,RETURN
T-502373,POS,2025-08-02,P-301,S-05,C-1127,2,2450.00,735.00,4165.00,SALE
T-501465,POS,2025-07-09,P-201,S-04,C-1219,2,95.00,0.00,171.00,SALE
T-502382,POS,2025-08-03,P-102,S-02,C-1026,1,28.00,0.00,28.00,SALE
T-503322,POS,2025-08-27,P-203,S-02,C-1065,1,75.00,0.00,75.00,SALE
T-502378,POS,2025-08-03,P-202,S-03,C-1162,2,120.00,0.00,240.00,SALE
T-502864,POS,2025-08-15,P-203, s-90 ,C-1239,1,75.00,0.00,75.00,SALE
T-502574,POS,2025-08-08,P-202,S-02,C-1200,3,120.00,36.00,324.00,SALE
T-501136,APP,2025-07-01,P301,S-04,C-1293,2,2450.00,0.00,4900.00,SALE
T-500430-R,POS,2025-06-12,P-102,S-06,C-1116,-2,28.00,8.40,-47.60,SALE
T-501858,APP,2025-07-20,P202,S-02,C-1153,1,120.00,6.00,114.00,SALE
T-502152,MARKETPLACE,27/07/2025,202,S-03,C-1081,1,120.00,0.00,120.00,SALE
T-500143,POS,2025-06-04,P-203,S-01,C-1136,6,75.00,0.00,450.00,SALE
T-502350,APP,2025-08-02,P103,S-90,C-1148,1,45.00,0.00,45.00,SALE
T-501091,POS,2025-06-30,P-201,S-90,C-1241,2,95.00,28.50,161.50,SALE
T-503216,MARKETPLACE,24/08/2025,302,S-03,C-1149,2,3890.00,389.00,7391.00,SALE
T-500989,MARKETPLACE,27/06/2025,101,S-04,C-1217,2,35.00,0.00,70.00,SALE
T-503189,APP,2025-08-24,P103,S-04,C-1261,2,45.00,9.00,81.00,SALE
T-503101,APP,2025-08-21,P202,S-02,C-1038,1,120.00,18.00,102.00,SALE
T-503370,POS,2025-08-28,P-301,S-90,C-1257,1,2450.00,0.00,2450.00,SALE
T-502802,APP,2025-08-14,P302, s-03 ,C-1268,3,3890.00,583.50,11086.50,SALE
T-500188,MARKETPLACE,05/06/2025,302,S-04,N/A,2,3890.00,389.00,7391.00,SALE
T-500475,APP,2025-06-13,P102,S-90,C-1118,1,28.00,4.20,23.80,SALE
T-502675,POS,2025-08-10,P-302,S-03,C-1053,3,3890.00,0.00,11670.00,SALE
T-502776,APP,2025-08-13,P101,S-04,,6,35.00,10.50,179.55,SALE
T-502003,APP,2025-07-23,P301,S-02,C-1188,1,2450.00,0.00,2450.00,SALE
T-503223,POS,2025-08-25,P-302,S-05,C-1376,2,3890.00,0.00,7780.00,SALE
T-501462,POS,2025-07-09,P-102,S-05,C-1225,1,28.00,2.80,25.20,SALE
T-501078,APP,2025-06-29,P302,S-04,C-1205,2,3890.00,778.00,7002.00,SALE
T-500856,APP,2025-06-23,P301,S-03,N/A,2,2450.00,0.00,4900.00,SALE
T-501501,APP,2025-07-11,P103,S-06,C-1031,2,45.00,4.50,85.50,SALE
T-501272,POS,2025-07-04,P-202,S-02,C-1110,2,120.00,0.00,240.00,SALE
T-502096,POS,2025-07-26,P-103,S-02,C-1305,3,45.00,6.75,128.25,SALE
T-502989,POS,2025-08-19,P-102, s-02 ,C-1113,1,28.00,0.00,28.00,SALE
T-503335,APP,2025-08-27,P301,S-06,C-1300,1,2450.00,245.00,2205.00,SALE
T-503366,POS,2025-08-28,P-202,S-90,C-1394,2,120.00,24.00,216.00,SALE
T-501776,POS,2025-07-18,P-203,S-05,C-1031,2,75.00,15.00,135.00,SALE
T-500610,POS,2025-06-17,P-201,S-04,C-1247,2,95.00,0.00,190.00,SALE
T-500674,POS,2025-06-18,P-302,S-03,C-1153,1,3890.00,583.50,3306.50,SALE
T-500779,POS,2025-06-21,P-103,S-90,C-1098,1,45.00,4.50,40.50,SALE
T-501692,APP,2025-07-15,P102,S-04,C-1260,2,28.00,5.60,50.40,SALE
T-501806,POS,2025-07-18,P-103,S-04,C-1283,1,45.00,0.00,45.00,SALE
T-500623,POS,2025-06-17,P-202,S-02,NULL,3,120.00,36.00,324.00,SALE
T-503324,POS,2025-08-27,P-102,S-02,C-1363,1,28.00,0.00,28.00,SALE
T-500953,POS,2025-06-26,P-103, s-02 ,C-1014,2,45.00,9.00,81.00,SALE
T-501438,APP,2025-07-09,P103,S-90,C-1130,2,45.00,9.00,81.00,SALE
T-501836,APP,2025-07-19,P301,S-04,C-1052,1,2450.00,0.00,2450.00,SALE
T-500507,POS,2025-06-13,P-101,S-01,C-1088,2,35.00,0.00,70.00,SALE
T-502597,POS,2025-08-09,P-101,S-06,C-1017,1,35.00,5.25,29.75,SALE
T-500263,APP,2025-06-07,P103,S-90,C-1225,1,45.00,4.50,40.50,SALE
T-500422,MARKETPLACE,11/06/2025,301,S-03,C-1031,1,2450.00,122.50,2327.50,SALE
T-500266,POS,2025-06-07,P-102,S-04,C-1169,2,28.00,0.00,56.00,SALE
T-502446,POS,2025-08-04,P-102,S-05,C-1151,6,28.00,16.80,151.20,SALE
T-501370,MARKETPLACE,07/07/2025,201,S-05,C-1136,1,95.00,0.00,95.00,SALE
T-501689,APP,2025-07-15,P102, s-01 ,C-1367,3,28.00,0.00,84.00,SALE
T-501901,POS,2025-07-21,P-202,S-99,C-1034,1,120.00,0.00,120.00,SALE
T-501007,POS,2025-06-27,P-302,S-02,C-1281,1,3890.00,0.00,3890.00,SALE
T-502952,POS,2025-08-17,P-102,S-04,C-1082,1,28.00,4.20,23.80,SALE
T-503109,POS,2025-08-21,P-103,S-03,C-1126,2,45.00,9.00,81.00,SALE
T-502584,APP,2025-08-08,P301,S-04,C-1049,1,2450.00,245.00,2205.00,SALE
T-503210,POS,2025-08-24,P-302,S-03,C-1264,1,3890.00,194.50,3695.50,SALE
T-501047,APP,2025-06-28,P102,S-02,C-1174,1,28.00,2.80,25.20,SALE
T-500129,POS,2025-06-04,P-203, s-04 ,NULL,1,75.00,0.00,75.00,SALE
T-503087,APP,2025-08-21,P103,S-90,C-1236,3,45.00,20.25,114.75,SALE
T-502507,POS,2025-08-06,P-202,S-03,C-1008,3,120.00,18.00,342.00,SALE
T-501234,POS,2025-07-03,P-101,S-06,,1,35.00,5.25,31.24,SALE
T-502218,POS,2025-07-29,P-202,S-01,C-1383,2,120.00,36.00,204.00,SALE
T-501796,POS,2025-07-18,P-203,S-04,C-1302,1,75.00,3.75,71.25,SALE
T-501506,POS,2025-07-11,P-101,S-02,C-1010,1,35.00,5.25,29.75,SALE
T-500927,MARKETPLACE,25/06/2025,201,S-01,NULL,1,95.00,0.00,95.00,SALE
T-500673,POS,2025-06-18,P-103,S-01,N/A,2,45.00,9.00,81.00,SALE
T-501958,POS,2025-07-22,P-202,S-02,C-1094,3,120.00,0.00,360.00,SALE
T-501137,APP,2025-07-01,P301,S-04,C-1170,2,2450.00,490.00,4410.00,SALE
T-501697,POS,2025-07-15,P-301,S-02,C-1376,1,2450.00,0.00,2450.00,SALE
T-503254-R,APP,2025-08-26,P302,S-02,C-1269,2,3890.00,778.00,7002.00,RETURN
T-501083,POS,2025-06-29,P-302,S-90,C-1031,3,3890.00,583.50,11086.50,SALE
T-501185,APP,2025-07-02,P103,S-06,C-1307,1,45.00,6.75,38.25,SALE
T-500942-R,APP,2025-06-25,P201,S-02,C-1026,3,95.00,42.75,242.25,RETURN
T-503354,POS,2025-08-28,P-103,S-02,C-1242,1,45.00,0.00,45.00,SALE
T-503038,APP,2025-08-20,P101,S-04,C-1228,2,35.00,7.00,63.00,SALE
T-501344,APP,2025-07-06,P203,S-03,C-1231,6,75.00,45.00,405.00,SALE
T-502112,POS,2025-07-26,P-102,S-02,C-1190,3,28.00,0.00,84.00,SALE
T-501823,POS,2025-07-19,P-203,S-06,,1,75.00,0.00,78.75,SALE
T-500441,POS,2025-06-12,P-101,S-02,C-1304,1,35.00,0.00,35.00,SALE
T-501342,POS,2025-07-06,P-203,S-03,C-1233,2,75.00,22.50,127.50,SALE
T-501715,POS,2025-07-16,P-203,S-06,C-1167,1,75.00,7.50,67.50,SALE
T-501580,APP,2025-07-13,P201, s-04 ,NULL,3,95.00,0.00,285.00,SALE
T-500638,POS,2025-06-17,P-201,S-04,C-1327,1,95.00,9.50,85.50,SALE
T-501054,POS,2025-06-29,P-103, s-06 ,C-1279,1,45.00,4.50,40.50,SALE
T-502401,POS,2025-08-03,P-302,S-02,C-1174,1,3890.00,0.00,3890.00,SALE
T-503151-R,POS,2025-08-23,P-302,S-05,C-1176,-1,3890.00,194.50,-3695.50,SALE
T-502546,APP,2025-08-07,P103,TEMP,C-1088,2,45.00,4.50,85.50,SALE
T-500082,APP,2025-06-03,P301,S-02,C-1336,1,2450.00,122.50,2327.50,SALE
T-503147,APP,2025-08-23,P201,S-03,C-1060,2,95.00,9.50,180.50,SALE
T-500065,POS,2025-06-02,P-102,S-04,C-1079,1,28.00,0.00,28.00,SALE
T-501729,APP,2025-07-16,P102,S-04,C-1125,3,28.00,0.00,84.00,SALE
T-502703,POS,2025-08-11,P-101,S-05,NULL,1,35.00,0.00,35.00,SALE
T-503092,POS,2025-08-21,P-301,S-04,C-1066,1,2450.00,367.50,2082.50,SALE
T-501508,POS,2025-07-11,P-102,S-03,C-1155,1,28.00,0.00,28.00,SALE
T-502650,POS,2025-08-10,P-201,S-01,N/A,6,95.00,57.00,513.00,SALE
T-501820,POS,2025-07-19,P-203, s-05 ,C-1101,2,75.00,0.00,150.00,SALE
T-502102,APP,2025-07-26,P201,S-02,C-1252,6,95.00,0.00,570.00,SALE
T-502428,MARKETPLACE,04/08/2025,201,S-03,C-1056,2,95.00,9.50,180.50,SALE
T-501343,APP,2025-07-06,P201,S-03,C-1343,1,95.00,0.00,95.00,SALE
T-503328,POS,2025-08-27,P-302,S-02,N/A,1,3890.00,389.00,3501.00,SALE
T-503261,APP,2025-08-26,P103,S-02,C-1373,2,45.00,13.50,76.50,SALE
T-501778,MARKETPLACE,18/07/2025,301,S-03,C-1395,3,2450.00,0.00,7350.00,SALE
T-501012,POS,2025-06-27,P-201,S-05,C-1096,1,95.00,14.25,80.75,SALE
T-500421,POS,2025-06-11,P-301,S-90,C-1063,1,2450.00,0.00,2450.00,SALE
T-501991,APP,2025-07-23,P202,S-02,N/A,1,120.00,6.00,114.00,SALE
T-501502,POS,2025-07-11,P-102,S-06,C-1167,1,28.00,0.00,28.00,SALE
T-501275,APP,2025-07-04,P203,S-04,C-1202,2,75.00,0.00,135.00,SALE
T-501212,APP,2025-07-03,P102,S-06,C-1030,2,28.00,8.40,47.60,SALE
T-502421-R,APP,2025-08-04,P103,S-03,C-1060,1,45.00,0.00,45.00,RETURN
T-503260,MARKETPLACE,26/08/2025,302,S-90,,1,3890.00,0.00,3890.00,SALE
T-501553,POS,2025-07-12,P-203,S-06,C-1307,2,75.00,0.00,150.00,SALE
T-501182,POS,2025-07-02,P-103,S-01,N/A,1,45.00,0.00,45.00,SALE
T-500985,APP,2025-06-27,P202,S-02,C-1053,1,120.00,6.00,114.00,SALE
T-500972,POS,2025-06-26,P-101,S-06,C-1305,2,35.00,7.00,63.00,SALE
T-500345,POS,2025-06-09,P-302,S-05,C-1134,1,3890.00,194.50,3695.50,SALE
T-503283-R,POS,2025-08-26,P-302,S-06,C-1245,-6,3890.00,0.00,-23340.00,SALE
T-503353,APP,2025-08-28,P102,S-03,C-1286,1,28.00,2.80,25.20,SALE
T-500586,POS,2025-06-16,P-302,S-05,C-1258,1,3890.00,194.50,3695.50,SALE
T-500095,POS,2025-06-03,P-101,S-01,C-1399,1,35.00,3.50,31.50,SALE
T-502831,APP,2025-08-14,P203,S-90,C-1349,1,75.00,11.25,63.75,SALE
T-502320,APP,2025-08-01,P101,S-01,,2,35.00,10.50,59.50,SALE
T-502966,APP,2025-08-18,P101,S-03,C-1262,1,35.00,0.00,35.00,SALE
T-501361,MARKETPLACE,07/07/2025,102,S-06,C-1386,1,28.00,0.00,28.00,SALE
T-503196,POS,2025-08-24,P-201, s-05 ,C-1349,1,95.00,14.25,80.75,SALE
T-501129,POS,2025-07-01,P-101,S-03,C-1059,1,35.00,3.50,31.50,SALE
T-502413,POS,2025-08-03,P-302,S-90,N/A,1,3890.00,0.00,3890.00,SALE
T-500259,POS,2025-06-07,P-101,S-03,,3,35.00,0.00,105.00,SALE
T-501427,POS,2025-07-08,P-203,S-90,C-1133,2,75.00,15.00,148.50,SALE
T-501619,APP,2025-07-14,P302,S-01,,1,3890.00,583.50,3306.50,SALE
T-500879,POS,2025-06-24,P-101,S-06,,1,35.00,0.00,35.00,SALE
T-503298,APP,2025-08-27,P102,S-04,C-1076,1,28.00,1.40,26.60,SALE
T-501988,POS,2025-07-23,P-301,S-01,C-1371,1,2450.00,367.50,2082.50,SALE
T-501453,POS,2025-07-09,P-202,S-04,C-1172,2,120.00,24.00,216.00,SALE
T-501777,POS,2025-07-18,P-301,S-90,C-1351,1,2450.00,367.50,2082.50,SALE
T-501201,APP,2025-07-03,P201,S-06,C-1078,1,95.00,4.75,90.25,SALE
T-502104,POS,2025-07-26,P-203,S-90,,2,75.00,0.00,150.00,SALE
T-501193,POS,2025-07-02,P-302,S-03,C-1297,1,3890.00,583.50,3306.50,SALE
T-500567,POS,2025-06-15,P-202,S-01,C-1128,2,120.00,36.00,204.00,SALE
T-500216,MARKETPLACE,06/06/2025,301,S-06,C-1364,1,2450.00,122.50,2443.88,SALE
T-502107,MARKETPLACE,26/07/2025,101,S-01,C-1184,1,35.00,0.00,35.00,SALE
T-501010,APP,2025-06-27,P201,S-05,C-1246,1,95.00,0.00,95.00,SALE
T-500883,POS,2025-06-24,P-102,S-05,C-1201,1,28.00,1.40,26.60,SALE
T-502090,POS,2025-07-26,P-201,S-05,C-1007,1,95.00,0.00,95.00,SALE
T-500831,POS,2025-06-23,P-103,S-01,C-1283,1,45.00,0.00,47.25,SALE
T-502253-R,POS,2025-07-30,P-102,S-02,N/A,-2,28.00,0.00,-56.00,SALE
T-501162,POS,2025-07-01,P-201,TEMP,C-1214,1,95.00,14.25,84.79,SALE
T-502568,MARKETPLACE,08/08/2025,102,S-01,C-1393,1,28.00,4.20,23.80,SALE
T-500443,APP,2025-06-12,P302,S-02,C-1049,3,3890.00,0.00,11670.00,SALE
T-500797-R,POS,2025-06-22,P-301,S-05,NULL,-3,2450.00,0.00,-7350.00,SALE
T-503194,POS,2025-08-24,P-102,S-04,NULL,1,28.00,0.00,28.00,SALE
T-502121,APP,2025-07-26,P102, s-05 ,NULL,1,28.00,0.00,28.00,SALE
T-500134,POS,2025-06-04,P-202,S-02,C-1386,2,120.00,12.00,228.00,SALE
T-501828,MARKETPLACE,19/07/2025,202,S-06,C-1306,1,120.00,12.00,108.00,SALE
T-503344,APP,2025-08-28,P201,S-01,C-1111,1,95.00,0.00,95.00,SALE
T-503198,APP,2025-08-24,P203,S-90,C-1348,1,75.00,0.00,75.00,SALE
T-502404,POS,2025-08-03,P-301,S-03,C-1136,1,2450.00,245.00,2205.00,SALE
T-500376,MARKETPLACE,10/06/2025,101,S-01,C-1167,1,35.00,5.25,29.75,SALE
T-501017,MARKETPLACE,28/06/2025,101,S-90,C-1156,3,35.00,5.25,99.75,SALE
T-500444,MARKETPLACE,12/06/2025,103,S-03,C-1131,1,45.00,0.00,45.00,SALE
T-503138,APP,2025-08-22,P302,S-02,C-1150,3,3890.00,1167.00,10503.00,SALE
T-501983,APP,2025-07-23,P201,S-88,C-1194,6,95.00,0.00,570.00,SALE
T-501250,POS,2025-07-04,P-302,S-03,C-1310,2,3890.00,0.00,7780.00,SALE
T-502110,APP,2025-07-26,P103,S-90,C-1120,1,45.00,2.25,42.75,SALE
T-501937,APP,2025-07-22,P103,S-01,C-1247,1,45.00,0.00,45.00,SALE
T-500222,POS,2025-06-06,P-301,S-06,C-1003,2,2450.00,245.00,4655.00,SALE
T-502330,APP,2025-08-02,P301,S-04,C-1145,2,2450.00,245.00,4655.00,SALE
T-500703,POS,2025-06-19,P-301,S-06,C-1099,2,2450.00,0.00,4900.00,SALE
T-501022,APP,2025-06-28,P101,S-02,NULL,2,35.00,0.00,70.00,SALE
T-500855,MARKETPLACE,23/06/2025,203,S-90,C-1161,1,75.00,0.00,75.00,SALE
T-500931,MARKETPLACE,25/06/2025,301,S-04,C-1177,1,2450.00,0.00,2450.00,SALE
T-503039,APP,2025-08-20,P102,S-06,C-1165,1,28.00,0.00,28.00,SALE
T-500391,POS,2025-06-10,P-203, s-03 ,C-1040,6,75.00,67.50,382.50,SALE
T-501672,POS,2025-07-15,P-102,S-06,C-1313,1,28.00,1.40,26.60,SALE
T-502481-R,MARKETPLACE,05/08/2025,103,S-03,C-1102,1,45.00,0.00,45.00,RETURN
T-500019,POS,2025-06-01,P-301,S-04,,1,2450.00,122.50,2327.50,SALE
T-500633,POS,2025-06-17,P-201, s-05 ,C-1269,1,95.00,0.00,95.00,SALE
T-500040,MARKETPLACE,01/06/2025,101,S-03,C-1070,1,35.00,0.00,35.00,SALE
T-501743,APP,2025-07-17,P103,S-01,C-1069,1,45.00,4.50,40.50,SALE
T-502417,APP,2025-08-04,P302,S-05,C-1256,1,3890.00,583.50,3306.50,SALE
T-502204,POS,2025-07-29,P-102,S-06,N/A,1,28.00,2.80,25.20,SALE
T-502149,MARKETPLACE,27/07/2025,301,S-04,C-1290,1,2450.00,0.00,2450.00,SALE
T-501219,POS,2025-07-03,P-203,S-02,C-1211,3,75.00,0.00,225.00,SALE
T-502984,POS,2025-08-18,P-203,S-05,C-1340,1,75.00,11.25,63.75,SALE
T-501736,POS,2025-07-16,P-302,S-01,C-1178,1,3890.00,583.50,3306.50,SALE
T-501319,POS,2025-07-06,P-203,S-02,C-1042,3,75.00,0.00,225.00,SALE
T-502740,APP,2025-08-12,P103,S-01,C-1325,1,45.00,0.00,45.00,SALE
T-503291,POS,2025-08-26,P-201,S-04,NULL,1,95.00,9.50,85.50,SALE
T-503355,POS,2025-08-28,P-301,S-05,C-1372,1,2450.00,0.00,2450.00,SALE
T-502797,POS,2025-08-13,P-301,S-03,C-1277,1,2450.00,122.50,2327.50,SALE
T-500028,MARKETPLACE,01/06/2025,203,S-02,C-1007,2,75.00,15.00,135.00,SALE
T-501536,POS,2025-07-11,P-103,S-01,C-1094,1,45.00,0.00,45.00,SALE
T-501986,POS,2025-07-23,P-302, s-05 ,C-1014,2,3890.00,0.00,7780.00,SALE
T-500751,APP,2025-06-21,P102,S-90,C-1033,1,28.00,0.00,28.00,SALE
T-500905,POS,2025-06-24,P-201,S-03,C-1100,1,95.00,0.00,95.00,SALE
T-501157,APP,2025-07-01,P102,S-03,,1,28.00,0.00,28.00,SALE
T-502815,MARKETPLACE,14/08/2025,203,S-05,C-1299,2,75.00,15.00,135.00,SALE
T-501657,APP,2025-07-14,P101,S-02,C-1045,1,35.00,0.00,35.00,SALE
T-500193,MARKETPLACE,05/06/2025,203, s-05 ,C-1240,2,75.00,15.00,135.00,SALE
T-502685,POS,2025-08-11,P-202, s-90 ,C-1100,2,120.00,0.00,240.00,SALE
T-500274,APP,2025-06-07,P103,S-90,C-1255,2,45.00,0.00,90.00,SALE
T-502477,APP,2025-08-05,P203,S-04,C-1339,1,75.00,11.25,63.75,SALE
T-502722,MARKETPLACE,12/08/2025,202,S-03,C-1205,2,120.00,24.00,216.00,SALE
T-501842,APP,2025-07-19,P302,S-90,C-1353,1,3890.00,583.50,3306.50,SALE
T-500939,MARKETPLACE,25/06/2025,101,S-01,C-1358,1,35.00,0.00,35.00,SALE
T-500072,POS,2025-06-02,P-301,S-06,C-1228,1,2450.00,367.50,2082.50,SALE
T-500126,POS,2025-06-04,P-302,S-06,C-1385,1,3890.00,389.00,3501.00,SALE
T-500209,APP,2025-06-06,P301,S-06,C-1368,1,2450.00,0.00,2450.00,SALE
T-503304,POS,2025-08-27,P-302,S-02,C-1375,1,3890.00,389.00,3501.00,SALE
T-500408,MARKETPLACE,11/06/2025,103,S-02,C-1316,2,45.00,4.50,85.50,SALE
T-500970,APP,2025-06-26,P203,S-04,C-1042,2,75.00,15.00,135.00,SALE
T-500502,MARKETPLACE,13/06/2025,101,S-90,N/A,1,35.00,0.00,35.00,SALE
T-501323,POS,2025-07-06,P-203,S-05,C-1039,1,75.00,11.25,63.75,SALE
T-500629,APP,2025-06-17,P302,S-03,C-1345,1,3890.00,0.00,3890.00,SALE
T-500665,POS,2025-06-18,P-302,S-06,C-1165,1,3890.00,389.00,3501.00,SALE
T-500156,POS,2025-06-04,P-101,S-90,C-1111,1,35.00,3.50,31.50,SALE
T-503225,POS,2025-08-25,P-302,S-90,C-1117,2,3890.00,0.00,7780.00,SALE
T-500947,POS,2025-06-25,P-203,S-01,C-1163,2,75.00,0.00,150.00,SALE
T-500277,POS,2025-06-07,P-103,S-05,C-1343,1,45.00,0.00,45.00,SALE
T-500768,POS,2025-06-21,P-102,S-04,C-1077,1,28.00,0.00,28.00,SALE
T-502889,POS,2025-08-16,P-203,S-02,C-1031,1,75.00,7.50,67.50,SALE
T-500815,APP,2025-06-22,P202,S-05,C-1264,3,120.00,0.00,360.00,SALE
T-502432,APP,2025-08-04,P101,S-06,C-1346,1,35.00,0.00,35.00,SALE
T-502472,APP,2025-08-05,P102,S-06,C-1266,2,28.00,5.60,50.40,SALE
T-500805,POS,2025-06-22,P-103,S-05,C-1105,2,45.00,0.00,90.00,SALE
T-502045,MARKETPLACE,25/07/2025,103,S-03,C-1304,2,45.00,4.50,85.50,SALE
T-502865,APP,2025-08-15,P103,S-90,C-1220,3,45.00,0.00,135.00,SALE
T-500158,POS,2025-06-05,P-202,S-90,C-1093,2,120.00,36.00,204.00,SALE
T-501349,POS,2025-07-06,P-203,S-05,C-1365,1,75.00,7.50,67.50,SALE
T-503110,APP,2025-08-22,P101,S-05,C-1307,1,35.00,3.50,31.50,SALE
T-500295,POS,2025-06-08,P-302, s-06 ,C-1370,2,3890.00,778.00,7002.00,SALE
T-500398-R,POS,2025-06-11,P-203,S-02,C-1390,-2,75.00,0.00,-150.00,SALE
T-503192,APP,2025-08-24,P202,S-02,C-1149,1,120.00,0.00,120.00,SALE
T-501254,APP,2025-07-04,P202,S-90,,2,120.00,24.00,216.00,SALE
T-502735,POS,2025-08-12,P-103, s-02 ,C-1111,1,45.00,6.75,38.25,SALE
T-501676,MARKETPLACE,15/07/2025,201, s-04 ,N/A,1,95.00,9.50,85.50,SALE
T-501751,POS,2025-07-17,P-201,S-06,C-1066,2,95.00,0.00,190.00,SALE
T-501491,POS,2025-07-10,P-101,S-02,C-1156,1,35.00,1.75,33.25,SALE
T-502263,MARKETPLACE,31/07/2025,103,S-01,C-1380,1,45.00,0.00,45.00,SALE
T-502286,POS,2025-07-31,P-102,S-06,C-1064,3,28.00,0.00,84.00,SALE
T-500190,APP,2025-06-05,P301,S-03,C-1004,1,2450.00,245.00,2205.00,SALE
T-502113,APP,2025-07-26,P102,S-90,C-1265,1,28.00,0.00,28.00,SALE
T-500198,APP,2025-06-06,P302, s-90 ,C-1011,1,3890.00,0.00,3890.00,SALE
T-500083,MARKETPLACE,03/06/2025,202,S-01,C-1119,6,120.00,0.00,720.00,SALE
T-500319,APP,2025-06-09,P101,S-06,NULL,1,35.00,1.75,33.25,SALE
T-502920,POS,2025-08-17,P-101,S-06,C-1185,1,35.00,1.75,33.25,SALE
T-502407,POS,2025-08-03,P-101,S-90,NULL,3,35.00,0.00,105.00,SALE
T-501229,APP,2025-07-03,P301,S-02,C-1005,1,2450.00,0.00,2450.00,SALE
T-501313,POS,2025-07-05,P-101,TEMP,C-1195,2,35.00,10.50,59.50,SALE
T-500575,APP,2025-06-16,P103,S-01,N/A,1,45.00,6.75,38.25,SALE
T-500614,MARKETPLACE,17/06/2025,301,S-01,C-1283,1,2450.00,0.00,2450.00,SALE
T-501338,MARKETPLACE,06/07/2025,202,S-03,C-1343,1,120.00,6.00,114.00,SALE
T-501911,APP,2025-07-21,P301,S-05,C-1111,2,2450.00,735.00,4165.00,SALE
T-500046,MARKETPLACE,02/06/2025,301,S-02,C-1257,2,2450.00,735.00,4165.00,SALE
T-503230,POS,2025-08-25,P-202,S-06,C-1058,1,120.00,0.00,120.00,SALE
T-501336,MARKETPLACE,06/07/2025,202,S-05,C-1275,2,120.00,36.00,204.00,SALE
T-501087,POS,2025-06-29,P-202,S-03,,2,120.00,12.00,228.00,SALE
T-502878,POS,2025-08-15,P-102,S-01,N/A,1,28.00,0.00,25.20,SALE
T-502181,POS,2025-07-28,P-101,S-05,C-1348,2,35.00,7.00,63.00,SALE
T-500125,MARKETPLACE,04/06/2025,203,S-02,C-1395,2,75.00,15.00,135.00,SALE
T-500374,POS,2025-06-10,P-102,S-04,C-1041,1,28.00,4.20,23.80,SALE
T-500289,MARKETPLACE,08/06/2025,101,S-05,NULL,2,35.00,0.00,70.00,SALE
T-501170,POS,2025-07-02,P-201,S-05,C-1396,3,95.00,42.75,242.25,SALE
T-503295,APP,2025-08-27,P103,S-01,C-1264,2,45.00,0.00,90.00,SALE
T-502116,POS,2025-07-26,P-201,S-01,C-1024,2,95.00,9.50,180.50,SALE
T-502562,APP,2025-08-07,P202,S-05,C-1253,1,120.00,0.00,120.00,SALE
T-500313,MARKETPLACE,08/06/2025,101,S-03,C-1116,1,35.00,3.50,31.50,SALE
T-501556,POS,2025-07-12,P-102,S-04,C-1209,3,28.00,4.20,79.80,SALE
T-501135-R,MARKETPLACE,01/07/2025,101,S-02,C-1007,1,35.00,0.00,35.00,RETURN
T-501276,MARKETPLACE,04/07/2025,102,S-01,C-1071,1,28.00,0.00,28.00,SALE
T-502897,POS,2025-08-16,P-202,S-01,,1,120.00,6.00,114.00,SALE
T-503024,POS,2025-08-19,P-101,S-90,C-1137,1,35.00,5.25,29.75,SALE
T-502506,POS,2025-08-06,P-203,S-05,C-1076,1,75.00,3.75,71.25,SALE
T-500558,APP,2025-06-15,P102,S-06,C-1274,3,28.00,0.00,84.00,SALE
T-502855,MARKETPLACE,15/08/2025,202,S-01,N/A,1,120.00,6.00,114.00,SALE
T-500703,POS,2025-06-19,P-301,S-06,C-1099,2,2450.00,0.00,4900.00,SALE
T-502099,POS,2025-07-26,P-202,S-06,NULL,1,120.00,0.00,120.00,SALE
T-500463,APP,2025-06-12,P202,S-04,C-1306,1,120.00,0.00,126.00,SALE
T-502279,APP,2025-07-31,P302,S-05,C-1300,2,3890.00,1167.00,6613.00,SALE
T-500510,POS,2025-06-14,P-103,S-01,C-1331,2,45.00,13.50,76.50,SALE
T-500168,POS,2025-06-05,P-302,S-02,C-1351,1,3890.00,0.00,3890.00,SALE
T-502844,POS,2025-08-15,P-103,S-02,C-1111,2,45.00,0.00,90.00,SALE
T-501934,POS,2025-07-22,P-301,S-05,C-1173,1,2450.00,0.00,2450.00,SALE
T-500886,APP,2025-06-24,P203,S-01,C-1347,1,75.00,7.50,67.50,SALE
T-501678-R,APP,2025-07-15,P302,S-03,C-1366,2,3890.00,1167.00,6613.00,RETURN
T-502894,POS,2025-08-16,P-101,S-06,C-1266,1,35.00,1.75,33.25,SALE
T-502435,APP,2025-08-04,P103,S-06,,2,45.00,13.50,76.50,SALE
T-500368,POS,2025-06-10,P-101,S-03,C-1119,1,35.00,0.00,35.00,SALE
T-502437,POS,2025-08-04,P-101,S-01,C-1233,1,35.00,0.00,35.00,SALE
T-500355,POS,2025-06-10,P-203,S-05,C-1211,1,75.00,0.00,75.00,SALE
T-501266-R,MARKETPLACE,04/07/2025,203,S-02,C-1227,1,75.00,0.00,75.00,RETURN
T-502582,APP,2025-08-08,P302,S-01,C-1135,3,3890.00,0.00,11670.00,SALE
T-502843,POS,2025-08-15,P-301,S-01,C-1258,1,2450.00,0.00,2450.00,SALE
T-501563,POS,2025-07-12,P-203,S-02,C-1050,1,75.00,3.75,71.25,SALE
T-501102,APP,2025-06-30,P201,S-90,C-1145,1,95.00,9.50,85.50,SALE
T-500329,POS,2025-06-09,P-102,S-04,C-1112,1,28.00,0.00,28.00,SALE
T-500819,MARKETPLACE,22/06/2025,301,S-04,C-1333,2,2450.00,0.00,4900.00,SALE
T-502723,POS,2025-08-12,P-201,S-05,C-1259,2,95.00,0.00,190.00,SALE
T-500366,APP,2025-06-10,P203,S-04,C-1247,1,75.00,3.75,71.25,SALE
T-502155,APP,2025-07-28,P201,S-04,C-1089,6,95.00,85.50,484.50,SALE
T-502236,POS,2025-07-30,P-202,S-02,NULL,2,120.00,0.00,240.00,SALE
T-502481,MARKETPLACE,05/08/2025,103,S-03,C-1102,1,45.00,0.00,45.00,SALE
T-500031,POS,2025-06-01,P-201,S-05,C-1306,2,95.00,0.00,190.00,SALE
T-503088,APP,2025-08-21,P103,S-02,C-1069,2,45.00,9.00,81.00,SALE
T-500569,APP,2025-06-16,P301,S-90,C-1274,1,2450.00,0.00,2450.00,SALE
T-500830,POS,2025-06-23,P-302,S-02,C-1259,2,3890.00,0.00,8169.00,SALE
T-502007,APP,2025-07-23,P201,S-90,NULL,2,95.00,19.00,171.00,SALE
T-502308,POS,2025-08-01,P-201,S-02,C-1001,2,95.00,0.00,190.00,SALE
T-502238,APP,2025-07-30,P302,S-90,C-1369,1,3890.00,389.00,3501.00,SALE
T-501403,APP,2025-07-08,P202,S-01,N/A,3,120.00,36.00,324.00,SALE
T-502540,APP,2025-08-07,P202,S-02,NULL,1,120.00,6.00,114.00,SALE
T-501168,POS,2025-07-02,P-201,S-01,C-1064,1,95.00,14.25,80.75,SALE
T-501382,APP,2025-07-07,P203,S-02,C-1209,1,75.00,0.00,75.00,SALE
T-502235,POS,2025-07-30,P-301,S-88,C-1076,3,2450.00,735.00,6615.00,SALE
T-501992,APP,2025-07-23,P201,S-90,C-1151,1,95.00,9.50,85.50,SALE
T-501033,POS,2025-06-28,P-203,S-05,C-1249,1,75.00,0.00,75.00,SALE
T-500163,POS,2025-06-05,P-103,S-06,C-1039,1,45.00,2.25,42.75,SALE
T-502443-R,POS,2025-08-04,P-201,S-05,C-1351,-1,95.00,14.25,-80.75,SALE
T-501337,POS,2025-07-06,P-102,S-01,C-1063,6,28.00,8.40,159.60,SALE
T-500453,POS,2025-06-12,P-103, s-02 ,C-1368,1,45.00,0.00,45.00,SALE
T-500635,POS,2025-06-17,P-302, s-04 ,C-1046,1,3890.00,194.50,3695.50,SALE
T-502577,APP,2025-08-08,P201,S-02,C-1128,2,95.00,0.00,190.00,SALE
T-500818,APP,2025-06-22,P101, s-03 ,C-1332,2,35.00,0.00,70.00,SALE
T-502490,POS,2025-08-05,P-301,S-04,C-1075,1,2450.00,0.00,2450.00,SALE
T-502550,POS,2025-08-07,P-302,S-90,C-1269,1,3890.00,389.00,3501.00,SALE
T-502264,POS,2025-07-31,P-103,S-04,C-1349,2,45.00,0.00,90.00,SALE
T-501943,APP,2025-07-22,P101,S-03,C-1220,6,35.00,0.00,210.00,SALE
T-503079,APP,2025-08-21,P202,S-03,C-1315,1,120.00,12.00,108.00,SALE
T-501393,POS,2025-07-08,P-301,S-01,C-1231,2,2450.00,490.00,4410.00,SALE
T-500587,APP,2025-06-16,P102,S-01,C-1205,1,28.00,0.00,28.00,SALE
T-502804,APP,2025-08-14,P201,S-03,C-1204,2,95.00,28.50,161.50,SALE
T-500380,POS,2025-06-10,P-301,S-90,C-1247,1,2450.00,122.50,2327.50,SALE
T-502048,POS,2025-07-25,P-203,S-03,C-1104,2,75.00,22.50,127.50,SALE
T-502439,MARKETPLACE,04/08/2025,101,S-03,NULL,1,35.00,0.00,35.00,SALE
T-500609,APP,2025-06-17,P202,S-06,C-1177,1,120.00,0.00,120.00,SALE
T-500580,POS,2025-06-16,P-203,S-02,C-1075,2,75.00,22.50,127.50,SALE
T-501830,APP,2025-07-19,P202,S-02,C-1076,1,120.00,0.00,120.00,SALE
T-501194,APP,2025-07-02,P102,S-04,C-1310,1,28.00,4.20,23.80,SALE
T-500165,POS,2025-06-05,P-302,S-02,N/A,1,3890.00,194.50,3695.50,SALE
T-502325,APP,2025-08-01,P301,S-01,C-1374,1,2450.00,367.50,2082.50,SALE
T-500344,POS,2025-06-09,P-103,S-05,C-1149,2,45.00,13.50,76.50,SALE
T-501322,POS,2025-07-06,P-202,S-03,C-1046,1,120.00,0.00,120.00,SALE
T-501258-R,APP,2025-07-04,P103,S-06,NULL,1,45.00,6.75,38.25,RETURN
T-501599,POS,2025-07-13,P-102,S-03,C-1345,2,28.00,0.00,56.00,SALE
T-502923,APP,2025-08-17,P102,S-90,C-1154,2,28.00,0.00,56.00,SALE
T-500526,POS,2025-06-14,P-202,S-04,N/A,2,120.00,0.00,240.00,SALE
T-503246,POS,2025-08-25,P-203,S-05,C-1115,1,75.00,0.00,75.00,SALE
T-501671,MARKETPLACE,15/07/2025,202,S-02,C-1106,1,120.00,12.00,108.00,SALE
T-501606,POS,2025-07-13,P-101, s-01 ,C-1206,1,35.00,0.00,35.00,SALE
T-500244,APP,2025-06-07,P201,S-03,C-1042,1,95.00,0.00,95.00,SALE
T-501178,APP,2025-07-02,P201,S-04,C-1221,2,95.00,0.00,190.00,SALE
T-500935,POS,2025-06-25,P-301,S-01,C-1351,1,2450.00,0.00,2450.00,SALE
T-500235,APP,2025-06-06,P103,S-90,C-1042,1,45.00,2.25,44.89,SALE
T-502621,APP,2025-08-09,P101,S-06,,6,35.00,0.00,210.00,SALE
T-502791,POS,2025-08-13,P-201,S-04,C-1100,1,95.00,4.75,90.25,SALE
T-502894-R,POS,2025-08-16,P-101,S-06,C-1266,-1,35.00,1.75,-33.25,SALE
T-502940,POS,2025-08-17,P-203,S-02,C-1374,1,75.00,0.00,75.00,SALE
T-501192,MARKETPLACE,02/07/2025,203,S-90,C-1092,1,75.00,0.00,75.00,SALE
T-502887,POS,2025-08-16,P-302, s-01 ,C-1377,1,3890.00,389.00,3501.00,SALE
T-500207,APP,2025-06-06,P301,S-04,C-1114,1,2450.00,122.50,2327.50,SALE
T-500147,APP,2025-06-04,P103,S-02,C-1019,6,45.00,0.00,270.00,SALE
T-501247,POS,2025-07-04,P-202,S-02,C-1083,1,120.00,0.00,120.00,SALE
T-501593,POS,2025-07-13,P-201,S-06,C-1259,1,95.00,9.50,85.50,SALE
T-502173,APP,2025-07-28,P302,S-05,C-1379,1,3890.00,583.50,3306.50,SALE
T-502030,MARKETPLACE,24/07/2025,203,S-02,C-1075,2,75.00,0.00,150.00,SALE
T-502852,POS,2025-08-15,P-103,S-03,C-1267,2,45.00,13.50,76.50,SALE
T-502458,APP,2025-08-04,P203,S-06,C-1253,2,75.00,22.50,127.50,SALE
T-500802,MARKETPLACE,22/06/2025,201, s-04 ,C-1238,2,95.00,9.50,198.55,SALE
T-500278,POS,2025-06-07,P-201,S-90,C-1261,1,95.00,0.00,95.00,SALE
T-502993,MARKETPLACE,19/08/2025,202,S-02,C-1019,3,120.00,0.00,360.00,SALE
T-500832,POS,2025-06-23,P-301,S-06,C-1279,2,2450.00,735.00,4165.00,SALE
T-502452,MARKETPLACE,04/08/2025,201,S-90,C-1356,2,95.00,28.50,161.50,SALE
T-500765,POS,2025-06-21,P-203,S-05,C-1262,1,75.00,3.75,71.25,SALE
T-502054-R,POS,2025-07-25,P-301,S-04,C-1257,-2,2450.00,490.00,-4410.00,SALE
T-500496,POS,2025-06-13,P-101,S-01,C-1269,2,35.00,0.00,70.00,SALE
T-501423,POS,2025-07-08,P-203,S-90,C-1276,2,75.00,15.00,135.00,SALE
T-502446,POS,2025-08-04,P-102,S-05,C-1151,6,28.00,16.80,151.20,SALE
T-500243,POS,2025-06-07,P-301,S-04,N/A,1,2450.00,122.50,2327.50,SALE
T-502959,POS,2025-08-18,P-101,S-90,C-1181,1,35.00,1.75,33.25,SALE
T-500873,POS,2025-06-24,P-101,S-90,C-1183,2,35.00,0.00,70.00,SALE
T-500835,POS,2025-06-23,P-102,S-05,C-1148,2,28.00,5.60,55.44,SALE
T-502156,POS,2025-07-28,P-202, s-02 ,C-1243,1,120.00,6.00,114.00,SALE
T-501082,POS,2025-06-29,P-103,S-04,NULL,1,45.00,2.25,42.75,SALE
T-501282,POS,2025-07-05,P-102, s-02 ,C-1331,1,28.00,1.40,26.60,SALE
T-502178,POS,2025-07-28,P-202,S-04,C-1185,1,120.00,18.00,102.00,SALE
T-500051,APP,2025-06-02,P103,S-90,NULL,1,45.00,6.75,38.25,SALE
T-502451,POS,2025-08-04,P-102,S-06,C-1052,1,28.00,0.00,28.00,SALE
T-501728,POS,2025-07-16,P-201,S-01,C-1292,2,95.00,28.50,161.50,SALE
T-502430,POS,2025-08-04,P-102,S-03,C-1017,2,28.00,0.00,56.00,SALE
T-500042,POS,2025-06-01,P-102,S-01,C-1197,1,28.00,2.80,25.20,SALE
T-500471,POS,2025-06-13,P-101,S-90,C-1143,1,35.00,1.75,33.25,SALE
T-501727,POS,2025-07-16,P-101,S-06,N/A,2,35.00,7.00,63.00,SALE
T-500304,APP,2025-06-08,P102,S-90,,1,28.00,0.00,28.00,SALE
T-503048,POS,2025-08-20,P-301,S-01,C-1303,1,2450.00,0.00,2450.00,SALE
T-500962,MARKETPLACE,26/06/2025,302,S-06,C-1177,1,3890.00,0.00,3890.00,SALE
T-502220,APP,2025-07-29,P103,S-06,C-1150,3,45.00,6.75,128.25,SALE
T-500392,POS,2025-06-11,P-301,S-01,C-1056,2,2450.00,0.00,4900.00,SALE
T-502644,POS,2025-08-10,P-101,S-04,C-1368,1,35.00,0.00,35.00,SALE
T-501886,APP,2025-07-20,P103,S-06,,1,45.00,0.00,45.00,SALE
T-501634,APP,2025-07-14,P301,S-01,C-1397,1,2450.00,245.00,2205.00,SALE
T-502936,POS,2025-08-17,P-203,S-06,C-1250,3,75.00,0.00,225.00,SALE
T-500399,POS,2025-06-11,P-203,S-05,C-1306,1,75.00,11.25,63.75,SALE
T-501015,POS,2025-06-28,P-203,S-05,NULL,3,75.00,0.00,225.00,SALE
T-500741,MARKETPLACE,21/06/2025,302,S-06,C-1028,2,3890.00,0.00,7780.00,SALE
T-502448,POS,2025-08-04,P-302, s-05 ,C-1316,2,3890.00,778.00,7002.00,SALE
T-500296,POS,2025-06-08,P-102,S-04,C-1044,1,28.00,0.00,25.20,SALE
T-500461,MARKETPLACE,12/06/2025,103,S-06,,1,45.00,6.75,38.25,SALE
T-502790,POS,2025-08-13,P-203,S-05,C-1320,1,75.00,11.25,63.75,SALE
T-502256,APP,2025-07-31,P202,S-90,C-1032,1,120.00,18.00,102.00,SALE
T-501985,POS,2025-07-23,P-103,S-90,NULL,1,45.00,2.25,42.75,SALE
T-502881,APP,2025-08-15,P201,S-05,C-1166,6,95.00,0.00,570.00,SALE
T-501848,POS,2025-07-19,P-101,S-01,C-1293,1,35.00,0.00,35.00,SALE
T-502687,POS,2025-08-11,P-302,S-04,C-1149,6,3890.00,0.00,23340.00,SALE
T-502941,POS,2025-08-17,P-202,S-01,C-1151,2,120.00,0.00,240.00,SALE
T-500334,POS,2025-06-09,P-103,S-02,C-1020,2,45.00,0.00,90.00,SALE
T-500324,MARKETPLACE,09/06/2025,301,S-03,C-1054,2,2450.00,0.00,4900.00,SALE
T-500079,MARKETPLACE,03/06/2025,201,S-02,C-1064,1,95.00,9.50,85.50,SALE
T-502160,POS,2025-07-28,P-302,S-02,C-1323,2,3890.00,0.00,7002.00,SALE
T-502539,APP,2025-08-07,P201,S-01,C-1336,1,95.00,0.00,95.00,SALE
T-500683,POS,2025-06-19,P-203,S-05,C-1147,2,75.00,0.00,135.00,SALE
T-502691,POS,2025-08-11,P-103,S-03,C-1263,2,45.00,0.00,90.00,SALE
T-502356,POS,2025-08-02,P-201,S-01,C-1194,1,95.00,0.00,95.00,SALE
T-502150-R,POS,2025-07-27,P-102, s-03 ,C-1264,-2,28.00,0.00,-56.00,SALE
T-500450,POS,2025-06-12,P-101,S-02,C-1180,1,35.00,0.00,35.00,SALE
T-503021,MARKETPLACE,19/08/2025,202,S-05,C-1008,1,120.00,0.00,120.00,SALE
T-501032,POS,2025-06-28,P-103,S-01,C-1254,1,45.00,0.00,45.00,SALE
T-500239,POS,2025-06-06,P-301,S-02,C-1166,1,2450.00,0.00,2450.00,SALE
T-502795,POS,2025-08-13,P-202,S-05,C-1200,2,120.00,12.00,228.00,SALE
T-501445,POS,2025-07-09,P-102,S-03,C-1135,1,28.00,0.00,28.00,SALE
T-500110,APP,2025-06-03,P203,S-05,C-1071,2,75.00,0.00,150.00,SALE
T-501158,APP,2025-07-01,P302,S-02,C-1151,1,3890.00,583.50,3306.50,SALE
T-502612,APP,2025-08-09,P301,S-90,C-1012,1,2450.00,0.00,2450.00,SALE
T-502607,POS,2025-08-09,P-202,S-04,C-1391,1,120.00,12.00,108.00,SALE
T-502472,APP,2025-08-05,P102,S-06,C-1266,2,28.00,5.60,50.40,SALE
T-502871,APP,2025-08-15,P202,S-06,C-1051,1,120.00,0.00,120.00,SALE
T-500326,POS,2025-06-09,P-202,S-01,C-1164,2,120.00,0.00,240.00,SALE
T-502656,POS,2025-08-10,P-103,S-03,C-1279,1,45.00,0.00,45.00,SALE
T-503153,APP,2025-08-23,P202,S-06,C-1098,1,120.00,0.00,120.00,SALE
T-502628,MARKETPLACE,09/08/2025,203,S-01,C-1000,1,75.00,3.75,71.25,SALE
T-503241,APP,2025-08-25,P301,S-02,C-1299,2,2450.00,0.00,4900.00,SALE
T-501134,POS,2025-07-01,P-202,S-90,C-1000,2,120.00,0.00,240.00,SALE
T-502975,POS,2025-08-18,P-103,S-01,C-1143,1,45.00,6.75,38.25,SALE
T-500803,POS,2025-06-22,P-203,S-03,C-1400,1,75.00,0.00,75.00,SALE
T-500346,POS,2025-06-09,P-101,TEMP,C-1253,1,35.00,1.75,33.25,SALE
T-500668,POS,2025-06-18,P-203,S-02,C-1274,1,75.00,3.75,71.25,SALE
T-501387,POS,2025-07-07,P-101,S-05,C-1245,2,35.00,0.00,70.00,SALE
T-502829,POS,2025-08-14,P-102,S-01,C-1172,1,28.00,2.80,25.20,SALE
T-502487,POS,2025-08-05,P-201,S-06,C-1056,1,95.00,14.25,80.75,SALE
T-501562,APP,2025-07-12,P103,S-01,,2,45.00,0.00,90.00,SALE
T-502047,POS,2025-07-25,P-202,S-02,C-1305,2,120.00,0.00,240.00,SALE
T-500094,POS,2025-06-03,P-201,S-90,C-1231,1,95.00,0.00,95.00,SALE
T-500335,APP,2025-06-09,P201,S-03,C-1060,3,95.00,0.00,285.00,SALE
T-502297,APP,2025-08-01,P202,S-01,C-1088,1,120.00,12.00,108.00,SALE
T-501807,POS,2025-07-18,P-203,S-04,C-1161,1,75.00,11.25,63.75,SALE
T-500419,MARKETPLACE,11/06/2025,103, s-01 ,C-1230,1,45.00,2.25,42.75,SALE
T-501497,POS,2025-07-11,P-101,S-02,C-1106,2,35.00,0.00,70.00,SALE
T-502977,APP,2025-08-18,P202,S-06,C-1047,1,120.00,0.00,120.00,SALE
T-502549,MARKETPLACE,07/08/2025,203,S-05,C-1044,2,75.00,0.00,135.00,SALE
T-502381,APP,2025-08-03,P101,S-03,C-1058,3,35.00,0.00,110.25,SALE
T-500795,POS,2025-06-22,P-301,S-03,C-1315,2,2450.00,245.00,4655.00,SALE
T-503275,APP,2025-08-26,P203,S-02,C-1348,1,75.00,0.00,75.00,SALE
T-500060,POS,2025-06-02,P-103,S-06,C-1214,2,45.00,13.50,76.50,SALE
T-500777,MARKETPLACE,21/06/2025,202,S-01,C-1147,1,120.00,6.00,114.00,SALE
T-500615,APP,2025-06-17,P201,S-90,C-1346,6,95.00,28.50,541.50,SALE
T-500759,POS,2025-06-21,P-201,S-04,C-1107,1,95.00,9.50,85.50,SALE
T-501156,POS,2025-07-01,P-101,S-04,C-1256,2,35.00,0.00,70.00,SALE
T-500865,POS,2025-06-23,P-203,S-04,C-1138,3,75.00,0.00,225.00,SALE
T-502554,MARKETPLACE,07/08/2025,101,S-03,C-1277,1,35.00,0.00,35.00,SALE
T-503348,POS,2025-08-28,P-203,S-90,C-1121,1,75.00,0.00,75.00,SALE
T-503144-R,APP,2025-08-22,P202,S-04,C-1290,1,120.00,0.00,120.00,RETURN
T-500382,POS,2025-06-10,P-301,S-05,C-1278,1,2450.00,0.00,2450.00,SALE
T-502379,MARKETPLACE,03/08/2025,202,S-03,C-1150,2,120.00,24.00,216.00,SALE
T-501201,APP,2025-07-03,P201,S-06,C-1078,1,95.00,4.75,90.25,SALE
T-502495,APP,2025-08-05,P203,S-06,C-1070,2,75.00,0.00,150.00,SALE
T-501730,POS,2025-07-16,P-103,S-90,C-1066,1,45.00,0.00,45.00,SALE
T-501681,POS,2025-07-15,P-102,S-03,C-1089,3,28.00,0.00,84.00,SALE
T-501127,POS,2025-07-01,P-301,S-90,N/A,1,2450.00,367.50,2082.50,SALE
T-500140,POS,2025-06-04,P-103,S-05,C-1347,1,45.00,6.75,38.25,SALE
T-500291,POS,2025-06-08,P-102,S-02,C-1044,1,28.00,4.20,23.80,SALE
T-500361-R,APP,2025-06-10,P203,S-05,C-1138,2,75.00,0.00,150.00,RETURN
T-501526,POS,2025-07-11,P-103,S-88,C-1213,1,45.00,0.00,45.00,SALE
T-501266,MARKETPLACE,04/07/2025,203,S-02,C-1227,1,75.00,0.00,75.00,SALE
T-500307-R,POS,2025-06-08,P-202,S-05,,-2,120.00,36.00,-204.00,SALE
T-502819,POS,2025-08-14,P-203, s-06 ,C-1273,3,75.00,33.75,191.25,SALE
T-501422,APP,2025-07-08,P302,S-02,C-1106,2,3890.00,0.00,7780.00,SALE
T-500411,POS,2025-06-11,P-101, s-01 ,C-1292,3,35.00,0.00,105.00,SALE
T-501349-R,POS,2025-07-06,P-203,S-05,C-1365,-1,75.00,7.50,-67.50,SALE
T-500414,POS,2025-06-11,P-302,S-02,C-1086,1,3890.00,583.50,3306.50,SALE
T-500546,APP,2025-06-15,P302,S-03,C-1002,1,3890.00,194.50,3695.50,SALE
T-502009,POS,2025-07-23,P-101,S-05,N/A,1,35.00,1.75,33.25,SALE
T-503303,POS,2025-08-27,P-201,S-05,C-1098,1,95.00,4.75,90.25,SALE
T-502387,POS,2025-08-03,P-203,S-05,C-1070,1,75.00,3.75,71.25,SALE
T-503254,APP,2025-08-26,P302,S-02,C-1269,2,3890.00,778.00,7002.00,SALE
T-502023,APP,2025-07-24,P101,S-01,C-1394,1,35.00,3.50,31.50,SALE
T-502693,APP,2025-08-11,P202,S-02,C-1240,1,120.00,6.00,114.00,SALE
T-502918,POS,2025-08-16,P-301,S-01,,2,2450.00,0.00,4900.00,SALE
T-500423,APP,2025-06-11,P202,S-90,,6,120.00,108.00,612.00,SALE
T-501237,APP,2025-07-03,P101,S-06,C-1365,3,35.00,15.75,89.25,SALE
T-502883,POS,2025-08-15,P-103,S-06,C-1331,1,45.00,4.50,44.55,SALE
T-501841,APP,2025-07-19,P201,S-06,NULL,1,95.00,0.00,95.00,SALE
T-501461,POS,2025-07-09,P-102,S-04,C-1186,2,28.00,5.60,50.40,SALE
T-502964,POS,2025-08-18,P-203,S-01,C-1219,2,75.00,0.00,150.00,SALE
T-502593,POS,2025-08-08,P-102,S-03,C-1054,1,28.00,0.00,28.00,SALE
T-500185-R,POS,2025-06-05,P-101,S-06,C-1097,-2,35.00,0.00,-70.00,SALE
T-502267,APP,2025-07-31,P103,S-03,C-1014,1,45.00,0.00,45.00,SALE
T-501226,MARKETPLACE,03/07/2025,102,S-90,C-1325,3,28.00,0.00,84.00,SALE
T-500844,MARKETPLACE,23/06/2025,101,S-01,C-1219,3,35.00,15.75,89.25,SALE
T-502783,MARKETPLACE,13/08/2025,101, s-04 ,C-1227,1,35.00,3.50,31.50,SALE
T-500434,MARKETPLACE,12/06/2025,103,S-04,C-1114,2,45.00,0.00,90.00,SALE
T-502459,POS,2025-08-04,P-102,S-03,C-1111,3,28.00,12.60,71.40,SALE
T-502294,APP,2025-08-01,P102,S-05,C-1099,2,28.00,8.40,47.60,SALE
T-500916,APP,2025-06-25,P302,S-06,C-1105,3,3890.00,583.50,11086.50,SALE
T-500493,POS,2025-06-13,P-202,S-90,C-1174,1,120.00,12.00,108.00,SALE
T-503251,POS,2025-08-26,P-102,S-04,C-1363,1,28.00,1.40,26.60,SALE
T-500116,APP,2025-06-04,P203,S-06,C-1255,1,75.00,0.00,75.00,SALE
T-500760,APP,2025-06-21,P102, s-06 ,NULL,1,28.00,1.40,26.60,SALE
T-502049,POS,2025-07-25,P-302,S-01,C-1160,2,3890.00,778.00,7002.00,SALE
T-502548,APP,2025-08-07,P202,S-99,,2,120.00,0.00,240.00,SALE
T-502190,POS,2025-07-29,P-101,S-06,C-1053,2,35.00,7.00,63.00,SALE
T-503329,POS,2025-08-27,P-102,S-04,C-1070,2,28.00,0.00,56.00,SALE
T-500845,MARKETPLACE,23/06/2025,103,S-02,C-1225,2,45.00,9.00,81.00,SALE
T-500982,APP,2025-06-27,P203,S-05,C-1319,1,75.00,7.50,67.50,SALE
T-501545,POS,2025-07-12,P-102,S-90,C-1262,1,28.00,0.00,28.00,SALE
T-501696,APP,2025-07-15,P201,S-02,C-1119,1,95.00,0.00,95.00,SALE
T-501469,POS,2025-07-10,P-103,S-04,C-1088,2,45.00,0.00,90.00,SALE
T-500394,MARKETPLACE,11/06/2025,202, s-04 ,,1,120.00,6.00,114.00,SALE
T-500887,APP,2025-06-24,P203,S-01,C-1225,1,75.00,0.00,75.00,SALE
T-500834,APP,2025-06-23,P201,S-05,C-1047,1,95.00,0.00,99.75,SALE
T-502239,POS,2025-07-30,P-201,S-06,C-1001,2,95.00,0.00,190.00,SALE
T-502680,POS,2025-08-11,P-103, s-04 ,C-1339,1,45.00,6.75,38.25,SALE
T-500658,POS,2025-06-18,P-103,S-90,C-1335,1,45.00,0.00,45.00,SALE
T-500350,MARKETPLACE,09/06/2025,203,S-90,,6,75.00,45.00,405.00,SALE
T-502272,APP,2025-07-31,P301,S-03,NULL,1,2450.00,0.00,2205.00,SALE
T-503276,POS,2025-08-26,P-203,S-01,C-1112,1,75.00,3.75,71.25,SALE
T-501391,POS,2025-07-07,P-301,S-01,C-1145,1,2450.00,0.00,2450.00,SALE
T-503119,APP,2025-08-22,P201,S-02,C-1086,2,95.00,0.00,190.00,SALE
T-501532,POS,2025-07-11,P-202,S-90,C-1182,1,120.00,6.00,114.00,SALE
T-500584,MARKETPLACE,16/06/2025,202,S-03,C-1113,1,120.00,0.00,120.00,SALE
T-503063,APP,2025-08-20,P201, s-04 ,C-1007,2,95.00,28.50,161.50,SALE
T-501602,APP,2025-07-13,P101,S-05,C-1188,1,35.00,5.25,29.75,SALE
T-502098,APP,2025-07-26,P203,S-02,C-1187,1,75.00,7.50,67.50,SALE
T-503031,POS,2025-08-20,P-102,S-06,C-1238,2,28.00,0.00,56.00,SALE
T-500868,POS,2025-06-23,P-301,S-06,C-1336,2,2450.00,0.00,4900.00,SALE
T-503323,APP,2025-08-27,P201,S-05,C-1156,2,95.00,0.00,190.00,SALE
T-500753,POS,2025-06-21,P-302,S-06,C-1140,1,3890.00,583.50,3306.50,SALE
T-502801,APP,2025-08-14,P203,S-03,C-1118,2,75.00,7.50,142.50,SALE
T-502640,APP,2025-08-09,P203,S-01,C-1292,2,75.00,15.00,135.00,SALE
T-503146,POS,2025-08-23,P-102,S-02,C-1034,1,28.00,1.40,26.60,SALE
T-503065,APP,2025-08-20,P301,S-04,C-1273,1,2450.00,0.00,2450.00,SALE
T-502668,POS,2025-08-10,P-101,S-05,C-1247,1,35.00,0.00,36.75,SALE
T-501053,APP,2025-06-29,P301,S-04,C-1082,2,2450.00,490.00,4410.00,SALE
T-501924-R,MARKETPLACE,21/07/2025,203,S-06,N/A,1,75.00,11.25,63.75,RETURN
T-503167,MARKETPLACE,23/08/2025,301,S-90,,1,2450.00,122.50,2327.50,SALE
T-501670,APP,2025-07-15,P302,S-02,C-1333,3,3890.00,1750.50,9919.50,SALE
T-500885,MARKETPLACE,24/06/2025,202,S-03,C-1043,2,120.00,0.00,240.00,SALE
T-501847,POS,2025-07-19,P-203, s-06 ,N/A,1,75.00,0.00,75.00,SALE
T-501845,POS,2025-07-19,P-202,S-01,C-1123,2,120.00,0.00,240.00,SALE
T-503350,POS,2025-08-28,P-101,S-06,C-1139,1,35.00,0.00,35.00,SALE
T-502913,POS,2025-08-16,P-301,S-90,C-1267,1,2450.00,122.50,2327.50,SALE
T-501149,POS,2025-07-01,P-203,S-90,,1,75.00,0.00,75.00,SALE
T-501924-R,MARKETPLACE,21/07/2025,203,S-06,N/A,1,75.00,11.25,63.75,RETURN
T-501441,POS,2025-07-09,P-301, s-02 ,C-1105,1,2450.00,367.50,2082.50,SALE
T-500776,POS,2025-06-21,P-201,S-02,C-1072,1,95.00,0.00,95.00,SALE
T-500583,APP,2025-06-16,P101,S-04,C-1327,1,35.00,1.75,33.25,SALE
T-501152,APP,2025-07-01,P301,S-01,C-1365,1,2450.00,122.50,2327.50,SALE
T-503338,MARKETPLACE,27/08/2025,301,S-02,,1,2450.00,367.50,2082.50,SALE
T-501993,POS,2025-07-23,P-201,S-06,C-1247,1,95.00,14.25,80.75,SALE
T-501794,POS,2025-07-18,P-203,S-90,C-1090,1,75.00,7.50,67.50,SALE
T-500932,POS,2025-06-25,P-102,S-06,C-1240,1,28.00,0.00,28.00,SALE
T-500468,MARKETPLACE,13/06/2025,301,S-90,C-1333,1,2450.00,367.50,2082.50,SALE
T-501655,POS,2025-07-14,P-202,S-01,C-1004,1,120.00,0.00,120.00,SALE
T-500109,POS,2025-06-03,P-101,S-06,C-1335,1,35.00,0.00,35.00,SALE
T-500637,POS,2025-06-17,P-301,S-04,C-1169,2,2450.00,0.00,4900.00,SALE
T-500704,POS,2025-06-19,P-103, s-90 ,C-1356,1,45.00,0.00,45.00,SALE
T-502585,POS,2025-08-08,P-103,S-05,N/A,2,45.00,0.00,90.00,SALE
T-501195,POS,2025-07-02,P-203,S-01,N/A,1,75.00,0.00,75.00,SALE
T-502635,MARKETPLACE,09/08/2025,302,S-04,NULL,3,3890.00,0.00,11670.00,SALE
T-500647,POS,2025-06-18,P-201,S-90,C-1263,1,95.00,0.00,95.00,SALE
T-500720,POS,2025-06-20,P-202,S-04,NULL,1,120.00,0.00,120.00,SALE
T-500047,POS,2025-06-02,P-203,S-02,C-1213,2,75.00,0.00,150.00,SALE
T-501484,MARKETPLACE,10/07/2025,302,S-03,C-1095,1,3890.00,0.00,3890.00,SALE
T-502360,POS,2025-08-02,P-103,S-01,C-1260,2,45.00,0.00,90.00,SALE
T-502261,POS,2025-07-31,P-302,S-88,C-1067,6,3890.00,3501.00,19839.00,SALE
T-502746,APP,2025-08-12,P302,S-06,C-1376,2,3890.00,1167.00,6613.00,SALE
T-502946,POS,2025-08-17,P-103,S-03,C-1367,2,45.00,13.50,76.50,SALE
T-500280,POS,2025-06-08,P-201,S-04,C-1282,1,95.00,9.50,85.50,SALE
T-502719,POS,2025-08-11,P-302,S-01,C-1247,2,3890.00,0.00,7780.00,SALE
T-500684,APP,2025-06-19,P203,S-01,C-1233,1,75.00,11.25,63.75,SALE
T-501290,POS,2025-07-05,P-203,S-99,C-1176,3,75.00,0.00,225.00,SALE
T-501277,POS,2025-07-04,P-203, s-90 ,C-1124,1,75.00,11.25,57.38,SALE
T-502766,APP,2025-08-13,P203,S-02,,3,75.00,11.25,213.75,SALE
T-500749,APP,2025-06-21,P203,S-90,C-1047,1,75.00,3.75,71.25,SALE
T-500688,APP,2025-06-19,P202, s-01 ,C-1388,1,120.00,12.00,108.00,SALE
T-502724,POS,2025-08-12,P-301,S-06,C-1325,1,2450.00,0.00,2450.00,SALE
T-501287,APP,2025-07-05,P203,S-01,C-1100,1,75.00,0.00,75.00,SALE
T-502605,POS,2025-08-09,P-102,S-05,C-1326,1,28.00,0.00,28.00,SALE
T-501090,APP,2025-06-29,P301,S-03,C-1316,1,2450.00,0.00,2450.00,SALE
T-500288,POS,2025-06-08,P-202,S-05,C-1095,1,120.00,18.00,102.00,SALE
T-503134,POS,2025-08-22,P-103,S-02,C-1134,2,45.00,4.50,85.50,SALE
T-501144,APP,2025-07-01,P302,S-05,C-1016,2,3890.00,0.00,7780.00,SALE
T-501416,APP,2025-07-08,P102,S-04,C-1161,1,28.00,0.00,28.00,SALE
T-502662,POS,2025-08-10,P-203,S-04,C-1192,2,75.00,0.00,150.00,SALE
T-500139,MARKETPLACE,04/06/2025,301,S-02,C-1351,1,2450.00,245.00,2205.00,SALE
T-500836,MARKETPLACE,23/06/2025,201,S-05,C-1296,2,95.00,0.00,190.00,SALE
T-500262,POS,2025-06-07,P-302,S-06,C-1377,1,3890.00,0.00,3890.00,SALE
T-501627,APP,2025-07-14,P302,S-03,C-1343,1,3890.00,0.00,3890.00,SALE
T-500848,POS,2025-06-23,P-101,S-90,C-1278,1,35.00,0.00,35.00,SALE
T-502182,MARKETPLACE,28/07/2025,203,S-05,,2,75.00,0.00,150.00,SALE
T-501417,APP,2025-07-08,P301,S-01,C-1040,1,2450.00,0.00,2450.00,SALE
T-500070,POS,2025-06-02,P-101,S-06,C-1181,1,35.00,0.00,35.00,SALE
T-502327,APP,2025-08-01,P103, s-05 ,C-1354,1,45.00,0.00,45.00,SALE
T-501058,POS,2025-06-29,P-101,S-05,C-1004,6,35.00,31.50,178.50,SALE
T-501668,POS,2025-07-15,P-301,S-04,C-1192,6,2450.00,0.00,14700.00,SALE
T-500854,APP,2025-06-23,P201,S-90,C-1044,3,95.00,42.75,242.25,SALE
T-500773,POS,2025-06-21,P-201, s-05 ,C-1177,3,95.00,0.00,285.00,SALE
T-502643,APP,2025-08-10,P102,S-04,C-1276,1,28.00,1.40,26.60,SALE
T-500781,APP,2025-06-21,P201,S-04,NULL,1,95.00,0.00,95.00,SALE
T-503213,POS,2025-08-24,P-202,S-05,C-1367,1,120.00,18.00,91.80,SALE
T-501846,POS,2025-07-19,P-202,S-04,C-1153,1,120.00,0.00,120.00,SALE
T-502208,POS,2025-07-29,P-202,S-02,C-1065,1,120.00,0.00,120.00,SALE
T-500035,APP,2025-06-01,P101,S-90,C-1137,1,35.00,5.25,29.75,SALE
T-500425,APP,2025-06-12,P302,S-06,C-1385,1,3890.00,0.00,3890.00,SALE
T-501825,APP,2025-07-19,P103,S-04,C-1165,1,45.00,6.75,38.25,SALE
T-503160,POS,2025-08-23,P-201,S-90,C-1291,1,95.00,0.00,95.00,SALE
T-500790,APP,2025-06-22,P202,S-06,C-1335,2,120.00,36.00,183.60,SALE
T-500717,POS,2025-06-20,P-301,S-04,C-1178,1,2450.00,367.50,2082.50,SALE
T-500205,POS,2025-06-06,P-101,S-03,C-1111,6,35.00,0.00,210.00,SALE
T-500744,POS,2025-06-21,P-102,S-05,C-1305,1,28.00,1.40,26.60,SALE
T-501884,APP,2025-07-20,P203,S-90,,3,75.00,22.50,202.50,SALE
T-500808,POS,2025-06-22,P-102,S-06,C-1220,1,28.00,4.20,23.80,SALE
T-502530,POS,2025-08-07,P-202,S-01,C-1011,2,120.00,0.00,240.00,SALE
T-501941,MARKETPLACE,22/07/2025,101,S-05,C-1018,1,35.00,3.50,31.50,SALE
T-502248,POS,2025-07-30,P-201,S-02,C-1369,1,95.00,0.00,95.00,SALE
T-501529,POS,2025-07-11,P-203,S-90,C-1329,3,75.00,22.50,202.50,SALE
T-502076,APP,2025-07-25,P201,S-06,,1,95.00,14.25,80.75,SALE
T-500119-R,APP,2025-06-04,P301,S-06,C-1298,1,2450.00,122.50,2327.50,RETURN
T-501211,POS,2025-07-03,P-102,S-90,C-1250,3,28.00,0.00,84.00,SALE
T-502601,POS,2025-08-09,P-201,S-04,C-1345,1,95.00,0.00,95.00,SALE
T-502164,POS,2025-07-28,P-103,S-05,C-1134,2,45.00,0.00,90.00,SALE
T-501904,APP,2025-07-21,P103,S-90,C-1201,1,45.00,4.50,42.52,SALE
T-501913,APP,2025-07-21,P103,S-04,C-1289,1,45.00,0.00,47.25,SALE
T-503173,POS,2025-08-23,P-203,S-02,C-1375,1,75.00,0.00,75.00,SALE
T-502869,POS,2025-08-15,P-101,S-04,,1,35.00,5.25,29.75,SALE
T-502140,APP,2025-07-27,P201,S-02,C-1362,6,95.00,57.00,513.00,SALE
T-500495,MARKETPLACE,13/06/2025,301,S-01,C-1180,1,2450.00,0.00,2450.00,SALE
T-500221,APP,2025-06-06,P201,S-01,C-1098,2,95.00,0.00,190.00,SALE
T-501560,APP,2025-07-12,P202,S-05,C-1116,1,120.00,18.00,102.00,SALE
T-501953,POS,2025-07-22,P-203,S-04,C-1038,3,75.00,0.00,225.00,SALE
T-503157,POS,2025-08-23,P-101,S-01,C-1326,1,35.00,1.75,33.25,SALE
T-500730,POS,2025-06-20,P-103,S-03,C-1324,1,45.00,6.75,42.08,SALE
T-500895,POS,2025-06-24,P-103,S-04,C-1079,1,45.00,0.00,45.00,SALE
T-501873,APP,2025-07-20,P203,S-03,C-1058,1,75.00,0.00,75.00,SALE
T-500189,POS,2025-06-05,P-201,S-06,C-1250,1,95.00,14.25,80.75,SALE
T-503069,POS,2025-08-20,P-202,S-06,C-1103,1,120.00,6.00,114.00,SALE
T-502587,POS,2025-08-08,P-301,S-01,C-1269,1,2450.00,367.50,2082.50,SALE
T-501081,MARKETPLACE,29/06/2025,302,S-04,C-1091,3,3890.00,583.50,11086.50,SALE
T-500746,POS,2025-06-21,P-301, s-06 ,C-1022,1,2450.00,367.50,2082.50,SALE
T-500343,APP,2025-06-09,P103,S-03,C-1271,2,45.00,0.00,90.00,SALE
T-501258,APP,2025-07-04,P103,S-06,NULL,1,45.00,6.75,38.25,SALE
T-501489,MARKETPLACE,10/07/2025,202,S-05,C-1078,1,120.00,0.00,120.00,SALE
T-501280,APP,2025-07-04,P302,S-02,C-1121,6,3890.00,3501.00,19839.00,SALE
T-503210,POS,2025-08-24,P-302,S-03,C-1264,1,3890.00,194.50,3695.50,SALE
T-500020,POS,2025-06-01,P-101,S-02,C-1374,2,35.00,0.00,70.00,SALE
T-503208,POS,2025-08-24,P-102,S-90,C-1214,1,28.00,0.00,28.00,SALE
T-501756,POS,2025-07-17,P-101,S-90,C-1303,1,35.00,5.25,29.75,SALE
T-502492,APP,2025-08-05,P301,S-05,C-1003,1,2450.00,367.50,2082.50,SALE
T-502231,POS,2025-07-30,P-203,S-02,C-1346,1,75.00,7.50,67.50,SALE
T-501582,MARKETPLACE,13/07/2025,203,S-04,C-1140,3,75.00,11.25,213.75,SALE
T-501379,POS,2025-07-07,P-202,S-02,N/A,1,120.00,0.00,120.00,SALE
T-502191,POS,2025-07-29,P-302,S-06,C-1196,2,3890.00,389.00,7391.00,SALE
T-502484,APP,2025-08-05,P102,S-90,C-1118,1,28.00,0.00,28.00,SALE
T-501364,POS,2025-07-07,P-203, s-03 ,C-1043,2,75.00,22.50,127.50,SALE
T-500177,POS,2025-06-05,P-301,S-01,C-1235,2,2450.00,0.00,4900.00,SALE
T-500340,POS,2025-06-09,P-301,S-05,C-1281,2,2450.00,0.00,4900.00,SALE
T-501709,MARKETPLACE,16/07/2025,203,S-06,C-1338,1,75.00,0.00,75.00,SALE
T-501769,POS,2025-07-18,P-103,S-01,C-1398,1,45.00,0.00,45.00,SALE
T-500022,APP,2025-06-01,P101, s-01 ,C-1190,3,35.00,0.00,105.00,SALE
T-503290,APP,2025-08-26,P103,S-05,C-1065,1,45.00,6.75,38.25,SALE
T-501362,POS,2025-07-07,P-103,S-02,,3,45.00,0.00,135.00,SALE
T-500200,POS,2025-06-06,P-302,S-90,C-1172,3,3890.00,583.50,11086.50,SALE
T-502845,APP,2025-08-15,P101,S-03,C-1078,1,35.00,0.00,35.00,SALE
T-501071,POS,2025-06-29,P-203,S-01,C-1251,1,75.00,0.00,75.00,SALE
T-501552,APP,2025-07-12,P302,S-03,C-1297,1,3890.00,389.00,3501.00,SALE
T-503013,POS,2025-08-19,P-202,S-01,C-1245,3,120.00,0.00,360.00,SALE
T-502545,APP,2025-08-07,P302,S-01,C-1038,2,3890.00,0.00,7780.00,SALE
T-501880,POS,2025-07-20,P-301,S-03,C-1065,2,2450.00,490.00,4410.00,SALE
T-503217,POS,2025-08-24,P-202,S-03,,3,120.00,0.00,360.00,SALE
T-501281,POS,2025-07-04,P-301,S-90,N/A,2,2450.00,0.00,4900.00,SALE
T-500888,APP,2025-06-24,P101,S-04,,2,35.00,10.50,59.50,SALE
T-501673,POS,2025-07-15,P-203,S-03,C-1225,2,75.00,0.00,150.00,SALE
T-503150,APP,2025-08-23,P102,S-04,C-1047,1,28.00,4.20,26.18,SALE
T-500613-R,APP,2025-06-17,P102,S-05,C-1029,1,28.00,0.00,25.20,RETURN
T-500029,APP,2025-06-01,P102,S-06,C-1006,2,28.00,5.60,50.40,SALE
T-500698,POS,2025-06-19,P-102,S-90,C-1349,1,28.00,0.00,28.00,SALE
T-500625,APP,2025-06-17,P203, s-06 ,C-1250,2,75.00,22.50,127.50,SALE
T-502849,APP,2025-08-15,P302,S-03,C-1162,6,3890.00,0.00,23340.00,SALE
T-503224,APP,2025-08-25,P203,S-05,C-1114,2,75.00,0.00,150.00,SALE
T-501394,POS,2025-07-08,P-102, s-01 ,C-1342,1,28.00,1.40,26.60,SALE
T-503128,MARKETPLACE,22/08/2025,103,S-05,C-1350,1,45.00,4.50,40.50,SALE
T-502234,POS,2025-07-30,P-102,S-01,C-1104,1,28.00,0.00,30.80,SALE
T-502972,POS,2025-08-18,P-301,S-01,C-1197,1,2450.00,0.00,2450.00,SALE
T-501550-R,POS,2025-07-12,P-301,S-03,C-1377,-1,2450.00,122.50,-2327.50,SALE
T-500649,POS,2025-06-18,P-102,S-90,C-1046,2,28.00,8.40,47.60,SALE
T-500152,POS,2025-06-04,P-201,S-01,C-1392,1,95.00,0.00,95.00,SALE
T-503388,POS,2025-08-29,P-302,S-04,C-1242,1,3890.00,194.50,3695.50,SALE
T-502243,POS,2025-07-30,P-301,S-90,C-1207,2,2450.00,0.00,4900.00,SALE
T-503331,POS,2025-08-27,P-201,S-06,C-1283,1,95.00,0.00,104.50,SALE
T-500643,APP,2025-06-17,P201,S-05,C-1218,1,95.00,0.00,95.00,SALE
T-501932,POS,2025-07-22,P-202,S-90,C-1246,1,120.00,6.00,114.00,SALE
T-501979,POS,2025-07-23,P-201,S-01,C-1385,1,95.00,0.00,95.00,SALE
T-503141,APP,2025-08-22,P301,S-02,C-1253,2,2450.00,0.00,4900.00,SALE
T-502792,POS,2025-08-13,P-102,S-90,C-1041,1,28.00,0.00,28.00,SALE
T-501916,POS,2025-07-21,P-302,S-05,C-1124,3,3890.00,0.00,11670.00,SALE
T-503339,POS,2025-08-27,P-301,S-03,C-1178,1,2450.00,245.00,2205.00,SALE
T-501954,POS,2025-07-22,P-101,S-05,C-1124,2,35.00,0.00,70.00,SALE
T-501173,POS,2025-07-02,P-301,S-03,C-1282,1,2450.00,0.00,2450.00,SALE
T-500861,POS,2025-06-23,P-302,S-06,C-1219,2,3890.00,0.00,7780.00,SALE
T-500396,APP,2025-06-11,P302,S-06,C-1218,1,3890.00,389.00,3501.00,SALE
T-501732,POS,2025-07-16,P-101,S-04,NULL,3,35.00,5.25,99.75,SALE
T-500497,POS,2025-06-13,P-102,S-02,C-1014,1,28.00,4.20,23.80,SALE
T-500721,MARKETPLACE,20/06/2025,202,S-06,C-1377,1,120.00,12.00,108.00,SALE
T-502136,MARKETPLACE,27/07/2025,101,S-03,C-1264,1,35.00,0.00,35.00,SALE
T-501405,APP,2025-07-08,P103,S-90,N/A,1,45.00,4.50,40.50,SALE
T-500436,POS,2025-06-12,P-101,S-02,C-1029,1,35.00,0.00,38.50,SALE
T-501086-R,MARKETPLACE,29/06/2025,201,S-90,C-1076,1,95.00,0.00,95.00,RETURN
T-501647,POS,2025-07-14,P-301,S-04,C-1240,1,2450.00,367.50,2082.50,SALE
T-502863,POS,2025-08-15,P-302,S-05,C-1057,3,3890.00,0.00,11670.00,SALE
T-503292,POS,2025-08-26,P-102,S-02,C-1190,1,28.00,1.40,26.60,SALE
T-503232,POS,2025-08-25,P-203,S-02,C-1299,1,75.00,0.00,75.00,SALE
T-502929,APP,2025-08-17,P203,S-01,C-1219,2,75.00,0.00,150.00,SALE
T-502489,POS,2025-08-05,P-301,S-06,C-1276,1,2450.00,0.00,2450.00,SALE
T-502981,APP,2025-08-18,P103,S-04,C-1058,1,45.00,0.00,45.00,SALE
T-501106,POS,2025-06-30,P-103,S-06,C-1231,2,45.00,0.00,81.00,SALE
T-502731,MARKETPLACE,12/08/2025,102,S-05,C-1212,1,28.00,1.40,26.60,SALE
T-500106,POS,2025-06-03,P-201,S-01,C-1002,2,95.00,0.00,190.00,SALE
T-500087,POS,2025-06-03,P-202,S-04,C-1078,1,120.00,6.00,114.00,SALE
T-501038,POS,2025-06-28,P-301, s-06 ,C-1370,1,2450.00,367.50,2082.50,SALE
T-501243,MARKETPLACE,04/07/2025,201,S-90,NULL,2,95.00,0.00,190.00,SALE
T-501225,MARKETPLACE,03/07/2025,102,S-06,C-1017,1,28.00,2.80,25.20,SALE
T-500557,POS,2025-06-15,P-102,S-02,C-1097,1,28.00,2.80,25.20,SALE
T-503313,POS,2025-08-27,P-103,S-03,C-1389,1,45.00,0.00,45.00,SALE
T-500975,POS,2025-06-26,P-102,S-01,C-1081,1,28.00,0.00,25.20,SALE
T-501962,APP,2025-07-22,P103,S-06,C-1166,1,45.00,0.00,45.00,SALE
T-500570,APP,2025-06-16,P102,S-03,C-1076,1,28.00,2.80,25.20,SALE
T-500113,POS,2025-06-04,P-201,S-02,C-1064,2,95.00,0.00,190.00,SALE
T-501326,POS,2025-07-06,P-302,S-90,C-1351,1,3890.00,0.00,3890.00,SALE
T-502364,POS,2025-08-02,P-301,S-02,C-1011,2,2450.00,245.00,4655.00,SALE
T-502172,POS,2025-07-28,P-203,S-05,C-1222,1,75.00,0.00,75.00,SALE
T-501414,APP,2025-07-08,P103,S-02,C-1320,3,45.00,13.50,121.50,SALE
T-502212,POS,2025-07-29,P-102,S-06,,1,28.00,2.80,25.20,SALE
T-502513,POS,2025-08-06,P-302,S-04,C-1313,3,3890.00,1750.50,10415.48,SALE
T-503248,POS,2025-08-25,P-202,S-06,C-1164,1,120.00,6.00,114.00,SALE
T-501570,APP,2025-07-12,P102,S-02,C-1180,1,28.00,0.00,28.00,SALE
T-500242,APP,2025-06-07,P201,S-01,C-1342,1,95.00,0.00,95.00,SALE
T-501957,POS,2025-07-22,P-302,S-06,NULL,2,3890.00,1167.00,6613.00,SALE
T-501413,POS,2025-07-08,P-302,S-01,N/A,1,3890.00,0.00,3890.00,SALE
T-502770,APP,2025-08-13,P201,S-88,C-1329,2,95.00,28.50,161.50,SALE
T-501834,APP,2025-07-19,P201, s-06 ,C-1397,3,95.00,0.00,285.00,SALE
T-502639,APP,2025-08-09,P201,S-90,C-1183,1,95.00,14.25,80.75,SALE
T-500362,APP,2025-06-10,P102,S-04,N/A,1,28.00,0.00,28.00,SALE
T-501355,APP,2025-07-07,P103,S-06,C-1003,2,45.00,0.00,90.00,SALE
T-500784,APP,2025-06-21,P301,S-05,C-1153,1,2450.00,245.00,2205.00,SALE
T-501353,POS,2025-07-07,P-301,S-06,,1,2450.00,0.00,2450.00,SALE
T-501310,POS,2025-07-05,P-301,S-04,C-1227,1,2450.00,0.00,2450.00,SALE
T-502665,APP,2025-08-10,P302,S-04,C-1231,1,3890.00,0.00,3890.00,SALE
T-502648,APP,2025-08-10,P203,S-03,C-1293,1,75.00,0.00,75.00,SALE
T-502033,POS,2025-07-24,P-201,S-06,C-1002,1,95.00,0.00,95.00,SALE
T-502971-R,APP,2025-08-18,P203, s-02 ,C-1020,1,75.00,7.50,67.50,RETURN
T-502666,APP,2025-08-10,P302,S-90,,3,3890.00,0.00,11670.00,SALE
T-502394,POS,2025-08-03,P-102,S-04,C-1071,1,28.00,1.40,26.60,SALE
T-503371,POS,2025-08-28,P-101,S-03,C-1360,2,35.00,7.00,63.00,SALE
T-500987,MARKETPLACE,27/06/2025,103,S-01,C-1105,2,45.00,0.00,90.00,SALE
T-500707,POS,2025-06-19,P-202,S-01,C-1349,1,120.00,18.00,102.00,SALE
T-501608,APP,2025-07-13,P302,S-04,N/A,1,3890.00,194.50,3695.50,SALE
T-500589,POS,2025-06-16,P-302,S-03,C-1126,1,3890.00,0.00,4279.00,SALE
T-503164,POS,2025-08-23,P-103,S-90,C-1052,1,45.00,0.00,45.00,SALE
T-502885,POS,2025-08-15,P-201,S-05,C-1019,1,95.00,14.25,80.75,SALE
T-503175,APP,2025-08-23,P301, s-05 ,C-1052,2,2450.00,490.00,4410.00,SALE
T-502524,MARKETPLACE,06/08/2025,101,S-06,C-1075,2,35.00,0.00,70.00,SALE
T-500542,APP,2025-06-15,P302,S-03,C-1069,2,3890.00,1167.00,6613.00,SALE
T-500716,POS,2025-06-20,P-102,S-02,C-1032,1,28.00,0.00,28.00,SALE
T-500531,POS,2025-06-14,P-102,S-04,C-1334,1,28.00,0.00,28.00,SALE
T-502034,POS,2025-07-24,P-101,S-02,C-1399,3,35.00,0.00,105.00,SALE
T-502947,POS,2025-08-17,P-203,S-04,NULL,2,75.00,0.00,150.00,SALE
T-501396,APP,2025-07-08,P201,S-05,C-1217,2,95.00,19.00,179.55,SALE
T-502646,APP,2025-08-10,P103,S-03,C-1322,3,45.00,13.50,121.50,SALE
T-501241,POS,2025-07-04,P-103,S-02,C-1301,3,45.00,13.50,121.50,SALE
T-503024,POS,2025-08-19,P-101,S-90,C-1137,1,35.00,5.25,29.75,SALE
T-502504,MARKETPLACE,06/08/2025,201,S-03,C-1190,1,95.00,0.00,85.50,SALE
T-500064,APP,2025-06-02,P103,S-04,C-1192,3,45.00,0.00,135.00,SALE
T-500075,POS,2025-06-02,P-203,S-02,NULL,1,75.00,0.00,75.00,SALE
T-501940,POS,2025-07-22,P-102,S-03,C-1342,1,28.00,0.00,28.00,SALE
T-502957,POS,2025-08-18,P-202,S-01,C-1020,1,120.00,12.00,108.00,SALE
T-500192,POS,2025-06-05,P-302,S-03,C-1208,2,3890.00,1167.00,6613.00,SALE
T-501095,APP,2025-06-30,P301,S-05,C-1171,1,2450.00,0.00,2450.00,SALE
T-502392,POS,2025-08-03,P-302,S-06,C-1331,1,3890.00,194.50,3695.50,SALE
T-502077,MARKETPLACE,25/07/2025,302,S-04,C-1041,1,3890.00,0.00,3890.00,SALE
T-500483,APP,2025-06-13,P202,S-90,N/A,1,120.00,6.00,114.00,SALE
T-501505,POS,2025-07-11,P-201,TEMP,C-1303,1,95.00,4.75,90.25,SALE
T-502694,POS,2025-08-11,P-202,S-01,C-1209,1,120.00,0.00,120.00,SALE
T-500077,POS,2025-06-02,P-102,S-01,C-1342,3,28.00,0.00,84.00,SALE
T-503166,APP,2025-08-23,P102,S-03,C-1217,2,28.00,5.60,50.40,SALE
T-501946-R,APP,2025-07-22,P301,S-90,C-1121,2,2450.00,735.00,4373.25,RETURN
T-502323,APP,2025-08-01,P302,S-01,C-1113,2,3890.00,0.00,7780.00,SALE
T-503154,MARKETPLACE,23/08/2025,201,S-90,C-1115,2,95.00,0.00,190.00,SALE
T-500667,POS,2025-06-18,P-301,S-03,C-1340,1,2450.00,0.00,2450.00,SALE
T-502745,POS,2025-08-12,P-201,S-04,C-1279,1,95.00,0.00,95.00,SALE
T-500827,POS,2025-06-22,P-103,S-03,C-1224,1,45.00,0.00,45.00,SALE
T-500873-R,POS,2025-06-24,P-101,S-90,C-1183,-2,35.00,0.00,-70.00,SALE
T-500196,MARKETPLACE,05/06/2025,202,S-03,C-1202,3,120.00,0.00,360.00,SALE
T-502720,MARKETPLACE,11/08/2025,302,S-06,C-1172,1,3890.00,583.50,3306.50,SALE
T-500728,POS,2025-06-20,P-101,S-90,C-1263,3,35.00,0.00,105.00,SALE
T-502305,APP,2025-08-01,P203,S-90,NULL,1,75.00,3.75,71.25,SALE
T-500522,POS,2025-06-14,P-101,S-90,C-1307,3,35.00,15.75,89.25,SALE
T-502505,POS,2025-08-06,P-301,S-04,C-1243,1,2450.00,0.00,2450.00,SALE
T-501335,POS,2025-07-06,P-103,S-90,NULL,1,45.00,2.25,42.75,SALE
T-500383,APP,2025-06-10,P102,S-02,C-1392,2,28.00,2.80,53.20,SALE
T-503319,POS,2025-08-27,P-301,S-05,C-1096,1,2450.00,0.00,2450.00,SALE
T-502525,POS,2025-08-06,P-102,S-02,C-1394,1,28.00,1.40,26.60,SALE
T-500538,MARKETPLACE,14/06/2025,302,S-04,C-1010,3,3890.00,1167.00,10503.00,SALE
T-502376,POS,2025-08-03,P-102,S-02,C-1381,1,28.00,0.00,28.00,SALE
T-500223,APP,2025-06-06,P302,S-90,C-1033,1,3890.00,389.00,3501.00,SALE
T-502357,MARKETPLACE,02/08/2025,201,S-06,C-1359,2,95.00,9.50,180.50,SALE
T-501121,MARKETPLACE,30/06/2025,202,S-02,C-1334,1,120.00,6.00,114.00,SALE
T-502201-R,APP,2025-07-29,P203,S-03,C-1166,1,75.00,7.50,67.50,RETURN
T-500117-R,POS,2025-06-04,P-102,S-03,C-1044,-1,28.00,0.00,-28.00,SALE
T-503214,MARKETPLACE,24/08/2025,203,S-03,,1,75.00,11.25,63.75,SALE
T-502275,POS,2025-07-31,P-302, s-90 ,C-1109,1,3890.00,0.00,3890.00,SALE
T-502436,APP,2025-08-04,P103,S-04,N/A,1,45.00,6.75,38.25,SALE
T-501708,POS,2025-07-16,P-201,S-02,C-1277,1,95.00,9.50,85.50,SALE
T-500961,POS,2025-06-26,P-103,S-02,C-1123,2,45.00,9.00,89.10,SALE
T-500725,APP,2025-06-20,P301,S-02,C-1086,2,2450.00,0.00,4900.00,SALE
T-500606,POS,2025-06-17,P-203,S-01,C-1379,2,75.00,7.50,142.50,SALE
T-500416,APP,2025-06-11,P101,S-90,C-1124,2,35.00,10.50,59.50,SALE
T-501028,POS,2025-06-28,P-202,S-01,C-1147,1,120.00,0.00,120.00,SALE
T-503084,POS,2025-08-21,P-203,S-02,C-1197,1,75.00,0.00,75.00,SALE
T-502338,POS,2025-08-02,P-103,S-01,C-1144,2,45.00,13.50,76.50,SALE
T-501286,MARKETPLACE,05/07/2025,302,S-05,C-1061,1,3890.00,0.00,3890.00,SALE
T-500880,POS,2025-06-24,P-102,S-02,C-1062,1,28.00,2.80,25.20,SALE
T-503001,POS,2025-08-19,P-302,S-04,C-1140,2,3890.00,389.00,7391.00,SALE
T-501345,POS,2025-07-06,P-103,S-06,C-1250,1,45.00,2.25,42.75,SALE
T-501918,MARKETPLACE,21/07/2025,101,S-99,C-1313,1,35.00,3.50,31.50,SALE
T-501424,APP,2025-07-08,P201,S-03,C-1333,1,95.00,0.00,95.00,SALE
T-501124,POS,2025-06-30,P-102, s-02 ,C-1315,2,28.00,5.60,50.40,SALE
T-500026,POS,2025-06-01,P-201, s-90 ,N/A,1,95.00,14.25,80.75,SALE
T-502311,POS,2025-08-01,P-301,S-03,C-1120,1,2450.00,0.00,2450.00,SALE
T-500882,APP,2025-06-24,P301,S-03,C-1035,3,2450.00,1102.50,6247.50,SALE
T-502716,POS,2025-08-11,P-103,S-04,NULL,3,45.00,0.00,135.00,SALE
T-502606,POS,2025-08-09,P-101,S-03,C-1195,2,35.00,0.00,70.00,SALE
T-500475,APP,2025-06-13,P102,S-90,C-1118,1,28.00,4.20,23.80,SALE
T-500694,POS,2025-06-19,P-301,S-90,C-1072,1,2450.00,122.50,2327.50,SALE
T-500410,POS,2025-06-11,P-102,S-05,C-1084,1,28.00,0.00,28.00,SALE
T-500866,MARKETPLACE,23/06/2025,102,S-04,C-1348,1,28.00,1.40,26.60,SALE
T-500719,MARKETPLACE,20/06/2025,301, s-90 ,C-1144,1,2450.00,0.00,2450.00,SALE
T-502355,POS,2025-08-02,P-202,S-04,C-1175,1,120.00,0.00,120.00,SALE
T-501541,APP,2025-07-11,P102,S-03,C-1117,1,28.00,1.40,26.60,SALE
T-502185,POS,2025-07-28,P-302,S-90,C-1374,1,3890.00,0.00,4084.50,SALE
T-502705,POS,2025-08-11,P-101,S-05,N/A,1,35.00,0.00,35.00,SALE
T-502390-R,APP,2025-08-03,P102,S-01,C-1361,1,28.00,0.00,28.00,RETURN
T-500215,POS,2025-06-06,P-103,S-03,C-1289,1,45.00,2.25,42.75,SALE
T-500098,POS,2025-06-03,P-301,S-04,C-1170,1,2450.00,0.00,2450.00,SALE
T-500275,APP,2025-06-07,P203,S-02,C-1017,3,75.00,0.00,225.00,SALE
T-502821,POS,2025-08-14,P-302,S-01,C-1220,2,3890.00,778.00,7002.00,SALE
T-503028,POS,2025-08-20,P-103,S-06,C-1194,1,45.00,0.00,45.00,SALE
T-500122,APP,2025-06-04,P202, s-02 ,C-1161,2,120.00,12.00,228.00,SALE
T-502469,POS,2025-08-05,P-203,S-05,N/A,1,75.00,3.75,71.25,SALE
T-500351,POS,2025-06-09,P-102,S-02,C-1174,1,28.00,0.00,28.00,SALE
T-501853,APP,2025-07-19,P201,S-05,C-1208,2,95.00,9.50,180.50,SALE
T-500281,POS,2025-06-08,P-203,S-90,C-1065,1,75.00,0.00,75.00,SALE
T-500202,APP,2025-06-06,P301,S-01,C-1021,1,2450.00,0.00,2450.00,SALE
T-501878,POS,2025-07-20,P-101,S-02,C-1113,2,35.00,10.50,59.50,SALE
T-501486,APP,2025-07-10,P301,S-90,C-1261,3,2450.00,0.00,7350.00,SALE
T-500881,POS,2025-06-24,P-102, s-01 ,C-1201,2,28.00,0.00,56.00,SALE
T-500729-R,POS,2025-06-20,P-203,S-03,N/A,-3,75.00,33.75,-191.25,SALE
T-500341,MARKETPLACE,09/06/2025,203,S-04,NULL,1,75.00,0.00,75.00,SALE
T-500534,POS,2025-06-14,P-301,S-05,C-1174,2,2450.00,490.00,4410.00,SALE
T-501543,APP,2025-07-12,P301,S-03,C-1270,6,2450.00,735.00,13965.00,SALE
T-502998,MARKETPLACE,19/08/2025,202, s-01 ,C-1167,2,120.00,0.00,240.00,SALE
T-501628,POS,2025-07-14,P-302,S-01,C-1150,1,3890.00,0.00,3890.00,SALE
T-502173,APP,2025-07-28,P302,S-05,C-1379,1,3890.00,583.50,3306.50,SALE
T-502083,POS,2025-07-25,P-302,S-01,C-1027,2,3890.00,1167.00,6613.00,SALE
T-502307,POS,2025-08-01,P-101,S-04,C-1050,1,35.00,3.50,31.50,SALE
T-502346,POS,2025-08-02,P-202,S-03,C-1339,2,120.00,12.00,228.00,SALE
T-503108,POS,2025-08-21,P-201,S-04,C-1001,1,95.00,0.00,95.00,SALE
T-503061,APP,2025-08-20,P201,S-03,C-1064,1,95.00,14.25,80.75,SALE
T-502222,MARKETPLACE,29/07/2025,203,S-03,C-1361,2,75.00,0.00,150.00,SALE
T-502780,POS,2025-08-13,P-101,S-03,C-1081,1,35.00,3.50,31.50,SALE
T-501392,POS,2025-07-07,P-102,S-04,C-1128,3,28.00,0.00,84.00,SALE
T-501421,POS,2025-07-08,P-301,S-06,,3,2450.00,0.00,7350.00,SALE
T-503022,MARKETPLACE,19/08/2025,201,S-04,C-1304,1,95.00,0.00,104.50,SALE
T-500918,POS,2025-06-25,P-201,S-03,C-1288,2,95.00,9.50,189.53,SALE
T-502838,POS,2025-08-14,P-102,S-06,C-1197,1,28.00,2.80,25.20,SALE
T-502319,POS,2025-08-01,P-102,S-06,C-1126,1,28.00,0.00,28.00,SALE
T-502491,POS,2025-08-05,P-103,S-06,C-1363,1,45.00,6.75,40.16,SALE
T-501840,POS,2025-07-19,P-203,S-01,C-1123,2,75.00,7.50,142.50,SALE
T-502331,APP,2025-08-02,P203,S-90,C-1027,1,75.00,3.75,71.25,SALE
T-501140,MARKETPLACE,01/07/2025,201,S-90,C-1326,1,95.00,9.50,85.50,SALE
T-501434,POS,2025-07-09,P-202,S-03,C-1383,2,120.00,0.00,240.00,SALE
T-502729,POS,2025-08-12,P-103,S-02,C-1163,1,45.00,0.00,45.00,SALE
T-500132,APP,2025-06-04,P203,S-01,C-1076,1,75.00,0.00,75.00,SALE
T-502202,POS,2025-07-29,P-201,S-90,C-1205,1,95.00,9.50,85.50,SALE
T-500175,POS,2025-06-05,P-102,S-04,N/A,2,28.00,8.40,47.60,SALE
T-503203,APP,2025-08-24,P202,S-06,C-1090,3,120.00,36.00,324.00,SALE
T-501617,POS,2025-07-14,P-201,S-03,C-1372,1,95.00,0.00,95.00,SALE
T-502093,POS,2025-07-26,P-301, s-01 ,C-1096,2,2450.00,490.00,4410.00,SALE
T-502329,POS,2025-08-02,P-102,S-02,N/A,1,28.00,0.00,28.00,SALE
T-503117,POS,2025-08-22,P-202,S-04,C-1260,2,120.00,36.00,204.00,SALE
T-502270,APP,2025-07-31,P201,S-04,C-1191,1,95.00,14.25,80.75,SALE
T-501203,POS,2025-07-03,P-302,S-88,C-1162,1,3890.00,389.00,3501.00,SALE
T-501105,POS,2025-06-30,P-302, s-01 ,,1,3890.00,0.00,3890.00,SALE
T-500358,APP,2025-06-10,P202,S-03,C-1158,2,120.00,12.00,228.00,SALE
T-502891,APP,2025-08-16,P201,S-06,C-1357,1,95.00,0.00,95.00,SALE
T-502008,MARKETPLACE,23/07/2025,203,S-02,C-1203,1,75.00,11.25,63.75,SALE
T-501801,POS,2025-07-18,P-302,S-05,NULL,2,3890.00,0.00,7780.00,SALE
T-500969,APP,2025-06-26,P101,S-90,C-1338,1,35.00,0.00,35.00,SALE
T-500442,APP,2025-06-12,P201,S-04,C-1393,1,95.00,0.00,95.00,SALE
T-502088,POS,2025-07-26,P-301,S-04,C-1161,1,2450.00,122.50,2327.50,SALE
T-500037,POS,2025-06-01,P-203, s-04 ,C-1367,6,75.00,0.00,450.00,SALE
T-500499,POS,2025-06-13,P-202,S-02,C-1357,1,120.00,0.00,120.00,SALE
T-503076,POS,2025-08-21,P-203,S-90,C-1247,2,75.00,0.00,150.00,SALE
T-501808,POS,2025-07-18,P-301,S-01,C-1154,1,2450.00,0.00,2450.00,SALE
T-502701,MARKETPLACE,11/08/2025,203,S-01,,2,75.00,0.00,150.00,SALE
T-502421,APP,2025-08-04,P103,S-03,C-1060,1,45.00,0.00,45.00,SALE
T-503219,APP,2025-08-25,P201,S-06,C-1188,3,95.00,0.00,285.00,SALE
T-501232,POS,2025-07-03,P-102,S-04,C-1079,2,28.00,5.60,50.40,SALE
T-501857,POS,2025-07-20,P-301,S-01,C-1336,2,2450.00,245.00,4655.00,SALE
T-501371,APP,2025-07-07,P302,S-06,C-1299,1,3890.00,194.50,3695.50,SALE
T-501049,APP,2025-06-29,P102,S-04,C-1064,1,28.00,2.80,25.20,SALE
T-501006,POS,2025-06-27,P-302, s-02 ,C-1363,6,3890.00,3501.00,19839.00,SALE
T-502748,APP,2025-08-12,P301,S-04,C-1020,1,2450.00,122.50,2327.50,SALE
T-500685,APP,2025-06-19,P102,S-04,N/A,1,28.00,2.80,25.20,SALE
T-500732,POS,2025-06-20,P-203,S-03,C-1274,2,75.00,0.00,150.00,SALE
T-502372,POS,2025-08-02,P-301,S-05,C-1164,3,2450.00,1102.50,6247.50,SALE
T-500135,APP,2025-06-04,P203,S-05,C-1038,1,75.00,0.00,82.50,SALE
T-502961,POS,2025-08-18,P-201,S-02,C-1110,1,95.00,9.50,76.95,SALE
T-500986,MARKETPLACE,27/06/2025,302,S-05,C-1326,1,3890.00,389.00,3501.00,SALE
T-501970,APP,2025-07-22,P301,S-01,C-1008,1,2450.00,0.00,2450.00,SALE
T-502273,POS,2025-07-31,P-102,S-02,C-1000,3,28.00,0.00,84.00,SALE
T-502789,POS,2025-08-13,P-102,S-90,C-1182,1,28.00,2.80,25.20,SALE
T-501574,APP,2025-07-12,P202,S-03,C-1051,2,120.00,0.00,240.00,SALE
T-503337,APP,2025-08-27,P101, s-01 ,C-1071,1,35.00,5.25,29.75,SALE
T-500997,MARKETPLACE,27/06/2025,102,S-05,C-1052,1,28.00,0.00,28.00,SALE
T-501687,POS,2025-07-15,P-203,S-06,C-1258,1,75.00,0.00,75.00,SALE
T-501477,MARKETPLACE,10/07/2025,302,S-04,C-1161,1,3890.00,194.50,3695.50,SALE
T-500644,POS,2025-06-17,P-202,S-05,C-1300,3,120.00,0.00,360.00,SALE
T-501515,APP,2025-07-11,P103,S-06,C-1330,1,45.00,0.00,45.00,SALE
T-500386,MARKETPLACE,10/06/2025,102,S-03,C-1143,3,28.00,0.00,84.00,SALE
T-500101,APP,2025-06-03,P201,S-03,C-1224,1,95.00,14.25,80.75,SALE
T-500117,POS,2025-06-04,P-102,S-03,C-1044,1,28.00,0.00,28.00,SALE
T-501002,APP,2025-06-27,P301,S-04,C-1254,2,2450.00,245.00,4655.00,SALE
T-502690,APP,2025-08-11,P302,S-06,C-1146,1,3890.00,389.00,3501.00,SALE
T-501504,APP,2025-07-11,P202,S-90,C-1391,1,120.00,12.00,108.00,SALE
T-503163,MARKETPLACE,23/08/2025,202,S-04,C-1255,1,120.00,18.00,102.00,SALE
T-502758-R,POS,2025-08-12,P-202,S-05,C-1231,-1,120.00,0.00,-120.00,SALE
T-501132,POS,2025-07-01,P-203,S-90,C-1034,3,75.00,0.00,225.00,SALE
T-500634,APP,2025-06-17,P201,S-02,C-1195,3,95.00,0.00,285.00,SALE
T-502772,MARKETPLACE,13/08/2025,101, s-04 ,C-1023,2,35.00,3.50,66.50,SALE
T-501822,APP,2025-07-19,P103,S-05,NULL,2,45.00,4.50,85.50,SALE
T-501041,POS,2025-06-28,P-102, s-03 ,C-1103,1,28.00,1.40,26.60,SALE
T-502046,APP,2025-07-25,P301,S-04,C-1208,2,2450.00,245.00,4655.00,SALE
T-503287,POS,2025-08-26,P-102,S-05,C-1077,2,28.00,5.60,50.40,SALE
T-501936,MARKETPLACE,22/07/2025,203, s-03 ,NULL,1,75.00,0.00,75.00,SALE
T-500555,MARKETPLACE,15/06/2025,302,S-05,C-1307,1,3890.00,0.00,3890.00,SALE
T-502073,APP,2025-07-25,P201, s-90 ,C-1151,2,95.00,28.50,161.50,SALE
T-500639,POS,2025-06-17,P-101,S-03,NULL,1,35.00,1.75,33.25,SALE
T-500816,POS,2025-06-22,P-302, s-90 ,NULL,6,3890.00,0.00,23340.00,SALE
T-500008,APP,2025-06-01,P101,S-02,C-1192,1,35.00,0.00,35.00,SALE
T-502588,MARKETPLACE,08/08/2025,201,S-01,C-1099,2,95.00,0.00,190.00,SALE
T-502419,POS,2025-08-04,P-301,S-06,C-1163,1,2450.00,122.50,2327.50,SALE
T-503168,APP,2025-08-23,P103,S-01,C-1243,1,45.00,0.00,45.00,SALE
T-502423,APP,2025-08-04,P201,S-02,C-1016,1,95.00,0.00,95.00,SALE
T-501005,APP,2025-06-27,P103,S-06,C-1180,2,45.00,0.00,90.00,SALE
T-500671,MARKETPLACE,18/06/2025,101,S-03,C-1017,3,35.00,5.25,99.75,SALE
T-501690,MARKETPLACE,15/07/2025,202,S-01,C-1272,2,120.00,12.00,228.00,SALE
T-502900,MARKETPLACE,16/08/2025,202,S-03,C-1177,2,120.00,36.00,204.00,SALE
T-501334,POS,2025-07-06,P-301,S-90,C-1158,1,2450.00,122.50,2327.50,SALE
T-501216,MARKETPLACE,03/07/2025,103,S-05,N/A,2,45.00,0.00,90.00,SALE
T-500356,POS,2025-06-10,P-102,S-04,C-1206,2,28.00,2.80,53.20,SALE
T-502988,POS,2025-08-19,P-102,S-05,C-1295,1,28.00,2.80,25.20,SALE
T-500894,MARKETPLACE,24/06/2025,103,S-05,C-1013,2,45.00,0.00,90.00,SALE
T-500007,APP,2025-06-01,P103,S-02,NULL,2,45.00,0.00,90.00,SALE
T-501531,MARKETPLACE,11/07/2025,202,S-04,C-1237,2,120.00,0.00,240.00,SALE
T-501167,POS,2025-07-02,P-102,S-06,C-1318,2,28.00,8.40,49.98,SALE
T-503072-R,APP,2025-08-20,P301,S-02,C-1101,2,2450.00,0.00,4900.00,RETURN
T-500456,POS,2025-06-12,P-201,S-06,C-1190,1,95.00,0.00,95.00,SALE
T-501851,POS,2025-07-19,P-103,S-90,C-1166,2,45.00,4.50,85.50,SALE
T-500871,POS,2025-06-23,P-301,S-03,C-1241,6,2450.00,2205.00,12495.00,SALE
T-502764,APP,2025-08-12,P101,S-01,C-1097,2,35.00,7.00,63.00,SALE
T-502069,POS,2025-07-25,P-202,S-04,C-1360,1,120.00,12.00,108.00,SALE
T-501644,APP,2025-07-14,P201,S-04,C-1081,2,95.00,28.50,161.50,SALE
T-500090,APP,2025-06-03,P202,S-02,C-1158,3,120.00,0.00,360.00,SALE
T-502443,POS,2025-08-04,P-201,S-05,C-1351,1,95.00,14.25,80.75,SALE
T-500123,POS,2025-06-04,P-201,S-03,C-1039,1,95.00,4.75,90.25,SALE
T-500743,POS,2025-06-21,P-202,S-05,C-1049,3,120.00,18.00,342.00,SALE
T-500297,APP,2025-06-08,P102,S-02,C-1242,1,28.00,2.80,25.20,SALE
T-500371,APP,2025-06-10,P201,S-03,C-1113,1,95.00,0.00,95.00,SALE
T-500661,POS,2025-06-18,P-102,S-01,,1,28.00,0.00,28.00,SALE
T-501034,APP,2025-06-28,P103,S-04,C-1345,3,45.00,0.00,135.00,SALE
T-500958,APP,2025-06-26,P202,S-05,C-1399,2,120.00,24.00,216.00,SALE
T-501798,APP,2025-07-18,P102,S-04,C-1133,1,28.00,1.40,26.60,SALE
T-502999,APP,2025-08-19,P203,S-04,C-1300,1,75.00,11.25,63.75,SALE
T-501471,POS,2025-07-10,P-301,S-03,,1,2450.00,122.50,2327.50,SALE
T-502380,APP,2025-08-03,P301,S-01,C-1310,3,2450.00,0.00,7350.00,SALE
T-500161,POS,2025-06-05,P-101,S-04,,1,35.00,0.00,35.00,SALE
T-503055,POS,2025-08-20,P-102,S-01,C-1101,2,28.00,2.80,53.20,SALE
T-502352,POS,2025-08-02,P-201,S-06,C-1377,2,95.00,9.50,180.50,SALE
T-501520,APP,2025-07-11,P302,S-90,C-1026,3,3890.00,1167.00,10503.00,SALE
T-501348,MARKETPLACE,06/07/2025,301,S-01,C-1198,2,2450.00,735.00,4165.00,SALE
T-502429,POS,2025-08-04,P-301,S-99,C-1013,2,2450.00,0.00,4900.00,SALE
T-500311,MARKETPLACE,08/06/2025,202,S-90,C-1274,1,120.00,6.00,114.00,SALE
T-502242,MARKETPLACE,30/07/2025,301,S-06,C-1072,1,2450.00,122.50,2327.50,SALE
T-500757,POS,2025-06-21,P-301,S-01,C-1122,1,2450.00,0.00,2450.00,SALE
T-502534,MARKETPLACE,07/08/2025,301,S-90,C-1037,1,2450.00,0.00,2450.00,SALE
T-501215,POS,2025-07-03,P-101,S-04,C-1162,1,35.00,0.00,35.00,SALE
T-500686,MARKETPLACE,19/06/2025,202,S-05,C-1295,3,120.00,18.00,342.00,SALE
T-500870,POS,2025-06-23,P-103,S-01,C-1053,1,45.00,2.25,42.75,SALE
T-500253,POS,2025-06-07,P-101, s-04 ,C-1228,2,35.00,3.50,66.50,SALE
T-501589,MARKETPLACE,13/07/2025,203,S-90,C-1292,1,75.00,3.75,71.25,SALE
T-502283,APP,2025-07-31,P203,TEMP,C-1363,1,75.00,0.00,67.50,SALE
T-501747,APP,2025-07-17,P302,S-02,C-1133,1,3890.00,0.00,3890.00,SALE
T-500731,POS,2025-06-20,P-202,S-90,N/A,3,120.00,0.00,360.00,SALE
T-500245,POS,2025-06-07,P-103,S-05,C-1286,1,45.00,4.50,40.50,SALE
T-500914,POS,2025-06-25,P-302,S-05,C-1089,2,3890.00,389.00,7391.00,SALE
T-502344,MARKETPLACE,02/08/2025,301,S-03,C-1112,2,2450.00,0.00,4900.00,SALE
T-500052,POS,2025-06-02,P-301,S-02,N/A,1,2450.00,0.00,2450.00,SALE
T-503089,POS,2025-08-21,P-101,S-02,C-1293,1,35.00,0.00,35.00,SALE
T-500164,POS,2025-06-05,P-203,S-90,C-1186,1,75.00,0.00,75.00,SALE
T-501228,APP,2025-07-03,P101,S-02,NULL,1,35.00,0.00,35.00,SALE
T-500833,POS,2025-06-23,P-202,S-02,C-1255,2,120.00,0.00,240.00,SALE
T-501464,APP,2025-07-09,P301,S-05,C-1132,1,2450.00,0.00,2450.00,SALE
T-501760,POS,2025-07-17,P-101,S-01,C-1397,1,35.00,0.00,35.00,SALE
T-502292,POS,2025-08-01,P-102,S-01,C-1012,1,28.00,4.20,23.80,SALE
T-500651,MARKETPLACE,18/06/2025,301,S-06,C-1209,2,2450.00,0.00,4900.00,SALE
T-501783,APP,2025-07-18,P101, s-04 ,C-1195,1,35.00,3.50,31.50,SALE
T-501860,POS,2025-07-20,P-202,S-01,N/A,1,120.00,0.00,120.00,SALE
T-501409-R,POS,2025-07-08,P-301,S-02,C-1270,-1,2450.00,0.00,-2450.00,SALE
T-501490,APP,2025-07-10,P301,S-05,C-1218,3,2450.00,1102.50,6247.50,SALE
T-500862,POS,2025-06-23,P-301, s-05 ,C-1278,1,2450.00,122.50,2327.50,SALE
T-502663,POS,2025-08-10,P-201,S-05,C-1112,2,95.00,9.50,189.53,SALE
T-503347,APP,2025-08-28,P301, s-01 ,C-1295,6,2450.00,2205.00,12495.00,SALE
T-500305,MARKETPLACE,08/06/2025,301,S-04,C-1227,1,2450.00,0.00,2450.00,SALE
T-502363,POS,2025-08-02,P-101,S-01,N/A,1,35.00,0.00,38.50,SALE
T-503211,POS,2025-08-24,P-101,S-03,C-1296,1,35.00,1.75,33.25,SALE
T-502786,APP,2025-08-13,P101,S-90,,1,35.00,1.75,33.25,SALE
T-500990,APP,2025-06-27,P203,S-05,C-1266,1,75.00,0.00,75.00,SALE
T-500406,POS,2025-06-11,P-202,S-04,C-1063,2,120.00,0.00,240.00,SALE
T-500612,POS,2025-06-17,P-203,S-90,C-1344,1,75.00,11.25,63.75,SALE
T-501787,APP,2025-07-18,P202, s-05 ,C-1275,1,120.00,18.00,102.00,SALE
T-503165-R,POS,2025-08-23,P-103,S-05,C-1206,-2,45.00,0.00,-81.00,SALE
T-500249,POS,2025-06-07,P-201,S-04,C-1362,1,95.00,14.25,80.75,SALE
T-502197,POS,2025-07-29,P-302,S-02,C-1375,2,3890.00,778.00,7002.00,SALE
T-501854,POS,2025-07-19,P-201,S-02,NULL,6,95.00,57.00,513.00,SALE
T-501603,MARKETPLACE,13/07/2025,201,S-90,C-1260,6,95.00,85.50,484.50,SALE
T-501328,MARKETPLACE,06/07/2025,301,S-01,C-1159,3,2450.00,0.00,7350.00,SALE
T-501325,APP,2025-07-06,P103,S-01,C-1195,1,45.00,0.00,45.00,SALE
T-501308,APP,2025-07-05,P101,S-04,C-1315,1,35.00,0.00,35.00,SALE
T-502928,APP,2025-08-17,P202,S-02,C-1237,3,120.00,0.00,360.00,SALE
T-501995,POS,2025-07-23,P-302,S-04,C-1335,1,3890.00,0.00,3890.00,SALE
T-500385,POS,2025-06-10,P-203,S-06,C-1067,1,75.00,11.25,63.75,SALE
T-501497,POS,2025-07-11,P-101,S-02,C-1106,2,35.00,0.00,70.00,SALE
T-501810,POS,2025-07-18,P-302,S-04,N/A,1,3890.00,583.50,3306.50,SALE
T-500309,APP,2025-06-08,P101,S-05,C-1337,2,35.00,0.00,77.00,SALE
T-500954,MARKETPLACE,26/06/2025,101,S-05,N/A,1,35.00,0.00,35.00,SALE
T-500111,APP,2025-06-03,P103,S-05,C-1255,2,45.00,9.00,81.00,SALE
T-500822,POS,2025-06-22,P-201,S-01,C-1269,1,95.00,0.00,95.00,SALE
T-503062,POS,2025-08-20,P-302,S-88,,1,3890.00,0.00,3890.00,SALE
T-502199,APP,2025-07-29,P201,S-90,C-1140,1,95.00,0.00,95.00,SALE
T-501187,POS,2025-07-02,P-102,S-05,C-1292,2,28.00,5.60,50.40,SALE
T-500922,POS,2025-06-25,P-203,S-04,C-1359,3,75.00,0.00,236.25,SALE
T-501594,POS,2025-07-13,P-202, s-03 ,C-1231,3,120.00,0.00,360.00,SALE
T-502500,APP,2025-08-06,P201, s-02 ,,3,95.00,14.25,270.75,SALE
T-501947,APP,2025-07-22,P203,S-01,C-1255,1,75.00,0.00,75.00,SALE
T-502247,APP,2025-07-30,P201,S-06,C-1025,1,95.00,0.00,95.00,SALE
T-500594,APP,2025-06-16,P301,S-90,N/A,1,2450.00,245.00,2205.00,SALE
T-501511,POS,2025-07-11,P-101,S-01,C-1366,2,35.00,0.00,70.00,SALE
T-501770,POS,2025-07-18,P-301,S-05,C-1183,1,2450.00,122.50,2327.50,SALE
T-503133,POS,2025-08-22,P-101,S-06,C-1128,1,35.00,0.00,35.00,SALE
T-503285,MARKETPLACE,26/08/2025,101, s-03 ,C-1218,1,35.00,5.25,29.75,SALE
T-502807,APP,2025-08-14,P102,S-06,C-1194,1,28.00,2.80,25.20,SALE
T-501876,MARKETPLACE,20/07/2025,103,S-01,C-1303,1,45.00,0.00,45.00,SALE
T-503270,APP,2025-08-26,P302,S-06,C-1070,1,3890.00,194.50,3695.50,SALE
T-501881,POS,2025-07-20,P-103,S-90,C-1102,2,45.00,9.00,81.00,SALE
T-502454,MARKETPLACE,04/08/2025,302,TEMP,C-1079,3,3890.00,0.00,11670.00,SALE
T-503000,MARKETPLACE,19/08/2025,302,S-03,C-1330,1,3890.00,194.50,3695.50,SALE
T-500609,APP,2025-06-17,P202,S-06,C-1177,1,120.00,0.00,120.00,SALE
T-500539,MARKETPLACE,14/06/2025,201,S-02,C-1154,1,95.00,0.00,95.00,SALE
T-503047,MARKETPLACE,20/08/2025,102,S-90,C-1359,3,28.00,0.00,84.00,SALE
T-500327,APP,2025-06-09,P103,S-06,C-1328,1,45.00,6.75,38.25,SALE
T-501630,APP,2025-07-14,P101,S-06,C-1031,3,35.00,5.25,99.75,SALE
T-500454-R,POS,2025-06-12,P-301,S-90,C-1325,-1,2450.00,0.00,-2450.00,SALE
T-501800,POS,2025-07-18,P-301,S-06,C-1023,2,2450.00,735.00,4165.00,SALE
T-502579,MARKETPLACE,08/08/2025,103,S-04,C-1032,2,45.00,13.50,76.50,SALE
T-502990,POS,2025-08-19,P-102,S-90,C-1043,1,28.00,0.00,28.00,SALE
T-503069-R,POS,2025-08-20,P-202,S-06,C-1103,-1,120.00,6.00,-114.00,SALE
T-502800,POS,2025-08-14,P-203,S-02,C-1161,1,75.00,0.00,75.00,SALE
T-501747-R,APP,2025-07-17,P302,S-02,C-1133,1,3890.00,0.00,3890.00,RETURN
T-500206,POS,2025-06-06,P-203,S-01,C-1049,3,75.00,11.25,213.75,SALE
T-502291,MARKETPLACE,01/08/2025,203,S-05,C-1058,1,75.00,11.25,63.75,SALE
T-501293,POS,2025-07-05,P-202,S-06,N/A,1,120.00,18.00,102.00,SALE
T-500370,APP,2025-06-10,P203,S-01,,3,75.00,0.00,225.00,SALE
T-503205,MARKETPLACE,24/08/2025,302,S-03,C-1388,6,3890.00,0.00,23340.00,SALE
T-503363,POS,2025-08-28,P-203,S-90,C-1398,2,75.00,22.50,127.50,SALE
T-503086,POS,2025-08-21,P-203,S-04,C-1176,1,75.00,11.25,63.75,SALE
T-500763,APP,2025-06-21,P201,S-90,C-1323,6,95.00,0.00,570.00,SALE
T-503091,APP,2025-08-21,P302,S-03,C-1115,1,3890.00,0.00,3890.00,SALE
T-501180,APP,2025-07-02,P103,S-90,C-1200,6,45.00,27.00,243.00,SALE
T-501660,POS,2025-07-15,P-201,S-06,C-1224,1,95.00,14.25,80.75,SALE
T-500829,POS,2025-06-22,P-103,S-01,C-1189,1,45.00,4.50,36.45,SALE
T-502583,POS,2025-08-08,P-102,S-04,C-1036,1,28.00,2.80,25.20,SALE
T-501921,MARKETPLACE,21/07/2025,201,S-01,N/A,1,95.00,14.25,80.75,SALE
T-501103,POS,2025-06-30,P-202,S-03,C-1382,1,120.00,0.00,120.00,SALE
T-501968,APP,2025-07-22,P102,S-01,C-1080,1,28.00,1.40,26.60,SALE
T-500941,MARKETPLACE,25/06/2025,103,S-90,C-1102,2,45.00,9.00,81.00,SALE
T-502992,POS,2025-08-19,P-203,S-02,C-1312,1,75.00,0.00,75.00,SALE
T-502360,POS,2025-08-02,P-103,S-01,C-1260,2,45.00,0.00,90.00,SALE
T-503086,POS,2025-08-21,P-203,S-04,C-1176,1,75.00,11.25,63.75,SALE
T-500584,MARKETPLACE,16/06/2025,202,S-03,C-1113,1,120.00,0.00,120.00,SALE
T-500100,POS,2025-06-03,P-103, s-01 ,C-1000,1,45.00,4.50,40.50,SALE
T-500048,POS,2025-06-02,P-301,S-05,C-1289,1,2450.00,0.00,2450.00,SALE
T-502259,POS,2025-07-31,P-202,S-01,C-1143,2,120.00,0.00,240.00,SALE
T-501678-R,APP,2025-07-15,P302,S-03,C-1366,2,3890.00,1167.00,6613.00,RETURN
T-502059,POS,2025-07-25,P-102,S-05,C-1217,1,28.00,1.40,26.60,SALE
T-502600,APP,2025-08-09,P302,S-02,C-1187,1,3890.00,389.00,3501.00,SALE
T-500727,MARKETPLACE,20/06/2025,201,S-04,C-1057,1,95.00,0.00,95.00,SALE
T-502475,POS,2025-08-05,P-301,S-03,NULL,1,2450.00,245.00,2205.00,SALE
T-500256,POS,2025-06-07,P-201,S-02,C-1120,1,95.00,0.00,95.00,SALE
T-502223,APP,2025-07-29,P103,S-88,C-1007,2,45.00,4.50,85.50,SALE
T-500137,POS,2025-06-04,P-202,S-06,,1,120.00,18.00,102.00,SALE
T-502115,APP,2025-07-26,P301, s-04 ,C-1349,2,2450.00,735.00,4165.00,SALE
T-503245,MARKETPLACE,25/08/2025,103,S-06,C-1120,1,45.00,0.00,45.00,SALE
T-502755,APP,2025-08-12,P301,S-05,C-1270,3,2450.00,367.50,6982.50,SALE
T-501883,POS,2025-07-20,P-101,S-04,,1,35.00,0.00,35.00,SALE
T-502613,POS,2025-08-09,P-301,S-04,C-1260,1,2450.00,0.00,2450.00,SALE
T-500734,APP,2025-06-20,P203, s-04 ,C-1258,1,75.00,0.00,75.00,SALE
T-500258,POS,2025-06-07,P-102,S-01,C-1343,1,28.00,0.00,28.00,SALE
T-500270,POS,2025-06-07,P-102,S-01,C-1166,3,28.00,0.00,84.00,SALE
T-503008,POS,2025-08-19,P-301, s-05 ,C-1107,2,2450.00,0.00,4900.00,SALE
T-502304,APP,2025-08-01,P203,S-06,N/A,2,75.00,0.00,150.00,SALE
T-501466,MARKETPLACE,10/07/2025,301,S-04,NULL,2,2450.00,245.00,4655.00,SALE
T-500246,APP,2025-06-07,P101,S-06,C-1082,1,35.00,1.75,33.25,SALE
T-500548,POS,2025-06-15,P-302,S-06,C-1380,1,3890.00,583.50,3306.50,SALE
T-503042,MARKETPLACE,20/08/2025,201,S-02,C-1379,1,95.00,4.75,90.25,SALE
T-501384,MARKETPLACE,07/07/2025,202,S-04,C-1001,1,120.00,12.00,108.00,SALE
T-501367,APP,2025-07-07,P301,S-05,C-1275,1,2450.00,245.00,2205.00,SALE
T-502590,POS,2025-08-08,P-103,S-03,C-1155,1,45.00,2.25,42.75,SALE
T-502137,MARKETPLACE,27/07/2025,103,S-01,C-1070,1,45.00,6.75,38.25,SALE
T-500735,APP,2025-06-20,P103,S-88,C-1244,1,45.00,6.75,38.25,SALE
T-501380,POS,2025-07-07,P-301,S-90,C-1039,3,2450.00,0.00,7350.00,SALE
T-502709,APP,2025-08-11,P102,S-90,C-1076,2,28.00,0.00,56.00,SALE
T-501160,APP,2025-07-01,P203,S-06,C-1251,2,75.00,15.00,135.00,SALE
T-502399,POS,2025-08-03,P-101,S-05,C-1148,1,35.00,0.00,35.00,SALE
T-501642,POS,2025-07-14,P-301,S-02,C-1183,1,2450.00,122.50,2327.50,SALE
T-503152,MARKETPLACE,23/08/2025,203, s-05 ,C-1066,1,75.00,11.25,63.75,SALE
T-503382,APP,2025-08-29,P202,S-06,C-1040,1,120.00,0.00,120.00,SALE
T-502917,POS,2025-08-16,P-301,S-06,C-1294,1,2450.00,0.00,2450.00,SALE
T-500313,MARKETPLACE,08/06/2025,101,S-03,C-1116,1,35.00,3.50,31.50,SALE
T-502016,APP,2025-07-24,P203,S-03,C-1221,1,75.00,11.25,63.75,SALE
T-500194,POS,2025-06-05,P-202,S-02,C-1224,1,120.00,0.00,120.00,SALE
T-501978,APP,2025-07-23,P203,S-04,C-1135,1,75.00,0.00,75.00,SALE
T-501454,POS,2025-07-09,P-101,S-01,C-1069,1,35.00,1.75,33.25,SALE
T-500950,POS,2025-06-26,P-302,S-05,C-1272,1,3890.00,0.00,3890.00,SALE
T-502503,MARKETPLACE,06/08/2025,302,S-01,C-1340,2,3890.00,0.00,7780.00,SALE
T-501195-R,POS,2025-07-02,P-203,S-01,N/A,-1,75.00,0.00,-75.00,SALE
T-500178,APP,2025-06-05,P103,S-03,C-1118,1,45.00,0.00,45.00,SALE
T-503256,POS,2025-08-26,P-302,S-01,C-1268,1,3890.00,0.00,3890.00,SALE
T-501260,MARKETPLACE,04/07/2025,301,S-02,C-1114,1,2450.00,245.00,2205.00,SALE
T-502483,POS,2025-08-05,P-301,S-04,C-1262,2,2450.00,0.00,4900.00,SALE
T-502105,MARKETPLACE,26/07/2025,203,S-03,C-1040,1,75.00,0.00,75.00,SALE
T-501271,APP,2025-07-04,P103,S-04,C-1203,1,45.00,0.00,45.00,SALE
T-502482,POS,2025-08-05,P-101,S-99,C-1354,3,35.00,0.00,105.00,SALE
T-502602,POS,2025-08-09,P-103,S-05,C-1285,2,45.00,13.50,76.50,SALE
T-503124,POS,2025-08-22,P-203,S-06,C-1230,1,75.00,11.25,63.75,SALE
T-501236,POS,2025-07-03,P-201,S-02,C-1368,6,95.00,0.00,570.00,SALE
T-502142,POS,2025-07-27,P-203,S-02,C-1094,1,75.00,0.00,75.00,SALE
T-503258,APP,2025-08-26,P302,S-04,C-1035,2,3890.00,0.00,8169.00,SALE
T-501914,APP,2025-07-21,P102,S-03,C-1262,1,28.00,0.00,28.00,SALE
T-503228,POS,2025-08-25,P-201,S-90,C-1225,6,95.00,57.00,513.00,SALE
T-500684-R,APP,2025-06-19,P203,S-01,C-1233,1,75.00,11.25,63.75,RETURN
T-501479,POS,2025-07-10,P-203,S-03,C-1356,2,75.00,0.00,150.00,SALE
T-501358,MARKETPLACE,07/07/2025,302,S-04,C-1005,1,3890.00,0.00,3890.00,SALE
T-503284,APP,2025-08-26,P301,S-06,C-1336,1,2450.00,367.50,2290.75,SALE
T-500498,POS,2025-06-13,P-201,S-90,C-1051,1,95.00,0.00,95.00,SALE
T-502509,POS,2025-08-06,P-102,S-90,,2,28.00,0.00,56.00,SALE
T-500099,APP,2025-06-03,P102,S-90,,1,28.00,2.80,25.20,SALE
T-500273,POS,2025-06-07,P-201,S-06,NULL,1,95.00,4.75,90.25,SALE
T-503135,APP,2025-08-22,P302,S-01,C-1305,2,3890.00,0.00,7780.00,SALE
T-503221,APP,2025-08-25,P102,S-04,C-1129,1,28.00,1.40,27.93,SALE
T-501051,POS,2025-06-29,P-301,S-05,,6,2450.00,0.00,14700.00,SALE
T-500842,POS,2025-06-23,P-203,S-01,C-1123,1,75.00,0.00,75.00,SALE
T-502609,POS,2025-08-09,P-103,S-02,C-1335,1,45.00,0.00,45.00,SALE
T-500142,MARKETPLACE,04/06/2025,202,S-06,C-1378,1,120.00,0.00,120.00,SALE
T-500801,POS,2025-06-22,P-201,S-02,C-1293,2,95.00,28.50,161.50,SALE
T-502926,POS,2025-08-17,P-202,S-01,C-1288,1,120.00,0.00,120.00,SALE
T-501381,POS,2025-07-07,P-203,S-06,N/A,1,75.00,0.00,75.00,SALE
T-500301,APP,2025-06-08,P202,S-01,C-1196,2,120.00,36.00,204.00,SALE
T-502560,MARKETPLACE,07/08/2025,302, s-04 ,C-1246,1,3890.00,0.00,3890.00,SALE
T-502435,APP,2025-08-04,P103,S-06,,2,45.00,13.50,76.50,SALE
T-502517,MARKETPLACE,06/08/2025,202,S-01,C-1230,3,120.00,36.00,324.00,SALE
T-502353,POS,2025-08-02,P-302, s-04 ,C-1104,3,3890.00,0.00,11670.00,SALE
T-501879,POS,2025-07-20,P-201,S-01,C-1344,3,95.00,0.00,285.00,SALE
T-501890,POS,2025-07-20,P-202,S-04,C-1017,1,120.00,6.00,114.00,SALE
T-502991,APP,2025-08-19,P203,S-90,C-1178,1,75.00,11.25,63.75,SALE
T-500195,MARKETPLACE,05/06/2025,202, s-90 ,C-1142,3,120.00,54.00,306.00,SALE
T-502747,POS,2025-08-12,P-102,S-03,C-1174,1,28.00,1.40,26.60,SALE
T-500646,POS,2025-06-18,P-201,S-90,C-1095,2,95.00,9.50,180.50,SALE
T-501518,APP,2025-07-11,P302,S-05,,1,3890.00,194.50,3695.50,SALE
T-500503,POS,2025-06-13,P-102,S-90,C-1334,1,28.00,4.20,23.80,SALE
T-501819,POS,2025-07-19,P-101,S-04,C-1198,3,35.00,15.75,89.25,SALE
T-502710,POS,2025-08-11,P-203,S-01,C-1206,6,75.00,67.50,382.50,SALE
T-501378,APP,2025-07-07,P302, s-02 ,C-1395,1,3890.00,194.50,3695.50,SALE
T-500084-R,MARKETPLACE,03/06/2025,101,S-03,C-1049,1,35.00,0.00,35.00,RETURN
T-500523,MARKETPLACE,14/06/2025,203,S-03,C-1393,2,75.00,0.00,150.00,SALE
T-501284,APP,2025-07-05,P202,S-01,C-1194,2,120.00,0.00,240.00,SALE
T-501085,POS,2025-06-29,P-101,S-02,C-1020,2,35.00,3.50,66.50,SALE
T-502948,POS,2025-08-17,P-202,S-06,C-1242,1,120.00,0.00,120.00,SALE
T-503141,APP,2025-08-22,P301,S-02,C-1253,2,2450.00,0.00,4900.00,SALE
T-500500,MARKETPLACE,13/06/2025,201, s-01 ,C-1312,1,95.00,9.50,85.50,SALE
T-501450,APP,2025-07-09,P201,S-03,C-1049,1,95.00,0.00,95.00,SALE
T-502578,POS,2025-08-08,P-202,S-04,C-1321,2,120.00,12.00,228.00,SALE
T-502365,POS,2025-08-02,P-302,S-02,C-1242,1,3890.00,0.00,3890.00,SALE
T-501980,POS,2025-07-23,P-102,S-02,C-1305,2,28.00,0.00,56.00,SALE
T-503186,APP,2025-08-24,P101,S-02,C-1284,1,35.00,0.00,35.00,SALE
T-502890,POS,2025-08-16,P-103,S-01,C-1193,6,45.00,0.00,270.00,SALE
T-502927,POS,2025-08-17,P-102,S-01,C-1093,1,28.00,2.80,25.20,SALE
T-503369,MARKETPLACE,28/08/2025,302,S-03,NULL,1,3890.00,194.50,3695.50,SALE
T-501452,APP,2025-07-09,P202,S-05,C-1036,6,120.00,0.00,720.00,SALE
T-502126,POS,2025-07-27,P-102,S-01,C-1299,6,28.00,25.20,142.80,SALE
T-501365,APP,2025-07-07,P202,S-06,C-1263,2,120.00,36.00,204.00,SALE
T-502138,APP,2025-07-27,P302, s-03 ,C-1265,2,3890.00,389.00,7391.00,SALE
T-501369,POS,2025-07-07,P-102,S-90,C-1213,3,28.00,8.40,75.60,SALE
T-500354,POS,2025-06-09,P-202,S-02,,3,120.00,18.00,342.00,SALE
T-501037,POS,2025-06-28,P-101,S-03,C-1226,2,35.00,0.00,70.00,SALE
T-500695,POS,2025-06-19,P-103,S-06,C-1130,1,45.00,0.00,45.00,SALE
T-502328,APP,2025-08-02,P101,S-05,NULL,1,35.00,0.00,35.00,SALE
T-500088,POS,2025-06-03,P-103,S-90,C-1045,2,45.00,0.00,90.00,SALE
T-500675,MARKETPLACE,18/06/2025,202,S-01,C-1175,2,120.00,24.00,216.00,SALE
T-500853,APP,2025-06-23,P302,S-05,,1,3890.00,389.00,3851.10,SALE
T-502322,MARKETPLACE,01/08/2025,302,S-03,C-1315,1,3890.00,389.00,3501.00,SALE
T-502997,APP,2025-08-19,P203,S-06,C-1136,1,75.00,0.00,75.00,SALE
T-500550,POS,2025-06-15,P-202,S-01,C-1020,1,120.00,6.00,114.00,SALE
T-500518-R,POS,2025-06-14,P-202,S-03,C-1253,-1,120.00,6.00,-114.00,SALE
T-500697,POS,2025-06-19,P-101,S-02,C-1294,3,35.00,5.25,99.75,SALE
T-501547,POS,2025-07-12,P-202,S-03,C-1236,1,120.00,18.00,102.00,SALE
T-501956,APP,2025-07-22,P203,S-01,C-1232,1,75.00,0.00,75.00,SALE
T-502050,POS,2025-07-25,P-103,S-01,C-1325,2,45.00,9.00,81.00,SALE
T-502025,APP,2025-07-24,P302,S-04,N/A,1,3890.00,0.00,3890.00,SALE
T-501271-R,APP,2025-07-04,P103,S-04,C-1203,1,45.00,0.00,45.00,RETURN
T-502097,POS,2025-07-26,P-203,S-02,C-1182,2,75.00,22.50,127.50,SALE
T-503067,POS,2025-08-20,P-301,S-03,C-1013,1,2450.00,0.00,2450.00,SALE
T-500307,POS,2025-06-08,P-202,S-05,,2,120.00,36.00,204.00,SALE
T-502728,APP,2025-08-12,P202,S-01,C-1011,1,120.00,0.00,120.00,SALE
T-500614,MARKETPLACE,17/06/2025,301,S-01,C-1283,1,2450.00,0.00,2450.00,SALE
T-501376,POS,2025-07-07,P-202,S-06,C-1227,1,120.00,0.00,120.00,SALE
T-502091,POS,2025-07-26,P-203,S-02,C-1177,1,75.00,0.00,75.00,SALE
T-502567,POS,2025-08-08,P-202,S-03,C-1061,2,120.00,0.00,240.00,SALE
T-502586,APP,2025-08-08,P103,S-04,C-1088,2,45.00,0.00,90.00,SALE
T-500172,POS,2025-06-05,P-103,S-01,C-1351,2,45.00,9.00,81.00,SALE
T-500153,APP,2025-06-04,P302,S-01,C-1381,1,3890.00,583.50,3306.50,SALE
T-502203,POS,2025-07-29,P-102,S-05,C-1366,1,28.00,0.00,28.00,SALE
T-501460,MARKETPLACE,09/07/2025,103,S-90,C-1327,1,45.00,4.50,40.50,SALE
T-503125,POS,2025-08-22,P-201,S-01,NULL,1,95.00,14.25,80.75,SALE
T-502465,APP,2025-08-05,P103,S-06,C-1391,1,45.00,0.00,45.00,SALE
T-500218,POS,2025-06-06,P-203,S-04,C-1108,2,75.00,15.00,135.00,SALE
T-501312,POS,2025-07-05,P-301,S-01,C-1269,1,2450.00,367.50,2082.50,SALE
T-502542,POS,2025-08-07,P-302,S-04,,2,3890.00,778.00,7002.00,SALE
T-502822,POS,2025-08-14,P-302,S-02,C-1303,1,3890.00,0.00,3890.00,SALE
T-501150,APP,2025-07-01,P203,S-03,C-1010,1,75.00,0.00,75.00,SALE
T-502258,POS,2025-07-31,P-302,S-04,,1,3890.00,389.00,3501.00,SALE
T-502676,POS,2025-08-10,P-201,S-01,C-1176,3,95.00,0.00,285.00,SALE
T-501118,MARKETPLACE,30/06/2025,201,S-02,C-1130,2,95.00,0.00,190.00,SALE
T-502250,POS,2025-07-30,P-103,S-01,NULL,2,45.00,0.00,90.00,SALE
T-502654,APP,2025-08-10,P302,S-05,C-1209,2,3890.00,778.00,7002.00,SALE
T-501112,POS,2025-06-30,P-203,S-01,C-1382,2,75.00,22.50,127.50,SALE
T-502736,POS,2025-08-12,P-102,S-90,C-1255,1,28.00,0.00,28.00,SALE
T-501402,APP,2025-07-08,P202,S-02,NULL,1,120.00,18.00,102.00,SALE
T-502249,MARKETPLACE,30/07/2025,103, s-01 ,C-1079,1,45.00,6.75,38.25,SALE
T-500085,POS,2025-06-03,P-301, s-05 ,C-1379,2,2450.00,245.00,4655.00,SALE
T-501517,POS,2025-07-11,P-103,S-02,C-1063,1,45.00,4.50,40.50,SALE
T-502572,POS,2025-08-08,P-103,S-03,C-1379,1,45.00,2.25,42.75,SALE
T-500025,POS,2025-06-01,P-101,S-01,C-1021,1,35.00,5.25,29.75,SALE
T-500069,POS,2025-06-02,P-103,S-02,C-1344,6,45.00,0.00,270.00,SALE
T-501255,POS,2025-07-04,P-201,S-03,C-1086,2,95.00,0.00,190.00,SALE
T-503314,POS,2025-08-27,P-201,S-04,C-1378,1,95.00,0.00,95.00,SALE
T-503176,APP,2025-08-23,P101, s-01 ,C-1130,2,35.00,7.00,63.00,SALE
T-501745,APP,2025-07-17,P301,S-04,N/A,1,2450.00,0.00,2450.00,SALE
T-502785,POS,2025-08-13,P-101,S-01,,1,35.00,0.00,35.00,SALE
T-501870,POS,2025-07-20,P-202, s-90 ,,2,120.00,24.00,216.00,SALE
T-500454,POS,2025-06-12,P-301,S-90,C-1325,1,2450.00,0.00,2450.00,SALE
T-501067,POS,2025-06-29,P-101,S-05,C-1265,1,35.00,5.25,29.75,SALE
T-500632,APP,2025-06-17,P202,S-05,C-1163,2,120.00,0.00,240.00,SALE
T-501858,APP,2025-07-20,P202,S-02,C-1153,1,120.00,6.00,114.00,SALE
T-501659,APP,2025-07-14,P203,S-05,C-1228,2,75.00,15.00,135.00,SALE
T-502348,POS,2025-08-02,P-102,S-03,C-1276,1,28.00,2.80,25.20,SALE
T-502559,APP,2025-08-07,P102,S-04,C-1285,1,28.00,4.20,23.80,SALE
T-502289,APP,2025-08-01,P301,S-03,C-1178,1,2450.00,367.50,2082.50,SALE
T-501314,APP,2025-07-05,P301,S-90,C-1035,2,2450.00,490.00,4410.00,SALE
T-500097,POS,2025-06-03,P-201,S-05,C-1076,3,95.00,0.00,285.00,SALE
T-501390,POS,2025-07-07,P-203,S-03,C-1265,2,75.00,0.00,150.00,SALE
T-503349-R,APP,2025-08-28,P101,S-90,C-1040,1,35.00,1.75,33.25,RETURN
T-502563,APP,2025-08-07,P102,S-04,C-1301,1,28.00,2.80,25.20,SALE
T-502266,POS,2025-07-31,P-101,S-06,C-1132,2,35.00,7.00,63.00,SALE
T-502196,POS,2025-07-29,P-203,S-03,C-1291,1,75.00,7.50,67.50,SALE
T-502763,POS,2025-08-12,P-102,S-03,C-1380,3,28.00,4.20,79.80,SALE
T-500437,POS,2025-06-12,P-203,S-03,C-1312,2,75.00,7.50,142.50,SALE
T-502744,POS,2025-08-12,P-102,S-04,C-1144,1,28.00,0.00,28.00,SALE
T-501917,POS,2025-07-21,P-102,S-90,C-1233,3,28.00,0.00,84.00,SALE
T-500033,APP,2025-06-01,P102,S-04,NULL,1,28.00,1.40,26.60,SALE
T-502253,POS,2025-07-30,P-102,S-02,N/A,2,28.00,0.00,56.00,SALE
T-500934,POS,2025-06-25,P-103,S-01,N/A,2,45.00,0.00,99.00,SALE
T-503365,APP,2025-08-28,P201,S-90,C-1237,1,95.00,9.50,85.50,SALE
T-502466,APP,2025-08-05,P202,S-05,C-1320,1,120.00,0.00,120.00,SALE
T-500710,POS,2025-06-20,P-302,S-05,C-1017,2,3890.00,0.00,7780.00,SALE
T-500185,POS,2025-06-05,P-101,S-06,C-1097,2,35.00,0.00,70.00,SALE
T-501366,POS,2025-07-07,P-103,S-90,C-1072,1,45.00,0.00,45.00,SALE
T-503378-R,POS,2025-08-29,P-301,S-02,C-1046,-1,2450.00,0.00,-2450.00,SALE
T-502531,APP,2025-08-07,P301,S-02,C-1216,2,2450.00,0.00,4900.00,SALE
T-502028,APP,2025-07-24,P203,S-90,C-1394,1,75.00,11.25,63.75,SALE
T-500312,APP,2025-06-08,P301, s-02 ,N/A,1,2450.00,0.00,2450.00,SALE
T-500127,POS,2025-06-04,P-301,S-90,C-1276,1,2450.00,0.00,2695.00,SALE
T-502884,POS,2025-08-15,P-302,S-06,C-1326,2,3890.00,0.00,8169.00,SALE
T-501487,POS,2025-07-10,P-203,S-03,N/A,2,75.00,0.00,150.00,SALE
T-503320,POS,2025-08-27,P-301,S-90,C-1215,1,2450.00,0.00,2450.00,SALE
T-501829,APP,2025-07-19,P102,S-90,C-1394,2,28.00,2.80,53.20,SALE
T-501601,POS,2025-07-13,P-201,S-01,C-1015,6,95.00,57.00,461.70,SALE
T-501731,MARKETPLACE,16/07/2025,302,S-03,C-1277,2,3890.00,778.00,7002.00,SALE
T-502120,POS,2025-07-26,P-202,S-02,C-1386,2,120.00,24.00,216.00,SALE
T-502682,APP,2025-08-11,P203,S-03,C-1027,1,75.00,0.00,75.00,SALE
T-502799,POS,2025-08-14,P-202,S-01,C-1098,1,120.00,18.00,102.00,SALE
T-501844,MARKETPLACE,19/07/2025,203,S-05,C-1198,3,75.00,11.25,213.75,SALE
T-500302,POS,2025-06-08,P-301,S-06,,2,2450.00,0.00,5390.00,SALE
T-501698,MARKETPLACE,15/07/2025,203,S-03,C-1221,3,75.00,22.50,202.50,SALE
T-500627,POS,2025-06-17,P-102,S-90,C-1359,1,28.00,0.00,28.00,SALE
T-500149,POS,2025-06-04,P-302,S-06,C-1283,2,3890.00,1167.00,6613.00,SALE
T-501383,APP,2025-07-07,P101,S-03,C-1063,6,35.00,21.00,189.00,SALE
T-500901,POS,2025-06-24,P-202,TEMP,C-1214,1,120.00,12.00,108.00,SALE
T-500389,APP,2025-06-10,P201,S-03,C-1321,1,95.00,0.00,95.00,SALE
T-502124,POS,2025-07-27,P-202,S-03,C-1379,3,120.00,54.00,306.00,SALE
T-501779,MARKETPLACE,18/07/2025,201,S-90,C-1289,1,95.00,14.25,80.75,SALE
T-502672,POS,2025-08-10,P-301,S-02,C-1023,1,2450.00,245.00,2205.00,SALE
T-501624,POS,2025-07-14,P-102,S-05,NULL,2,28.00,0.00,56.00,SALE
T-503044,APP,2025-08-20,P101,S-04,C-1103,2,35.00,7.00,63.00,SALE
T-503265,APP,2025-08-26,P201,S-03,C-1115,3,95.00,42.75,242.25,SALE
T-501795,MARKETPLACE,18/07/2025,301,S-04,C-1059,6,2450.00,2205.00,12495.00,SALE
T-503200,MARKETPLACE,24/08/2025,103,S-06,C-1340,3,45.00,13.50,121.50,SALE
T-501452-R,APP,2025-07-09,P202,S-05,C-1036,6,120.00,0.00,720.00,RETURN
T-500641,POS,2025-06-17,P-301,S-01,C-1050,2,2450.00,0.00,4900.00,SALE
T-500001,POS,2025-06-01,P-301,S-05,,1,2450.00,367.50,2082.50,SALE
T-501626,APP,2025-07-14,P103,S-88,N/A,1,45.00,0.00,45.00,SALE
T-502963,APP,2025-08-18,P103, s-04 ,C-1100,1,45.00,0.00,45.00,SALE
T-501250,POS,2025-07-04,P-302,S-03,C-1310,2,3890.00,0.00,7780.00,SALE
T-501309,APP,2025-07-05,P103,S-90,C-1159,1,45.00,0.00,47.25,SALE
T-502306,POS,2025-08-01,P-203, s-90 ,C-1149,1,75.00,7.50,67.50,SALE
T-500187,MARKETPLACE,05/06/2025,101,S-90,C-1070,1,35.00,1.75,36.58,SALE
T-501852,POS,2025-07-19,P-301,S-88,C-1224,1,2450.00,0.00,2450.00,SALE
T-501408,POS,2025-07-08,P-203,S-05,C-1370,1,75.00,0.00,75.00,SALE
T-502354,MARKETPLACE,02/08/2025,103, s-01 ,C-1297,1,45.00,6.75,38.25,SALE
T-503114,POS,2025-08-22,P-201,S-05,N/A,1,95.00,0.00,95.00,SALE
T-503123,APP,2025-08-22,P203,S-03,C-1282,1,75.00,0.00,75.00,SALE
T-501883-R,POS,2025-07-20,P-101,S-04,,-1,35.00,0.00,-35.00,SALE
T-500402,APP,2025-06-11,P102,S-90,C-1102,6,28.00,0.00,168.00,SALE
T-502653,POS,2025-08-10,P-101, s-06 ,C-1313,3,35.00,0.00,105.00,SALE
T-500155,POS,2025-06-04,P-101,S-01,NULL,1,35.00,0.00,35.00,SALE
T-502508,POS,2025-08-06,P-302,S-03,C-1340,1,3890.00,0.00,3890.00,SALE
T-501972,APP,2025-07-22,P301,S-04,C-1137,2,2450.00,490.00,4410.00,SALE
T-500898,APP,2025-06-24,P102,S-90,C-1236,1,28.00,4.20,23.80,SALE
T-501951-R,POS,2025-07-22,P-301,S-06,C-1346,-1,2450.00,367.50,-2082.50,SALE
T-500363,POS,2025-06-10,P-102,S-05,C-1360,1,28.00,0.00,28.00,SALE
T-502962,POS,2025-08-18,P-302,S-05,C-1373,2,3890.00,778.00,7002.00,SALE
T-503209,POS,2025-08-24,P-201,S-90,C-1034,1,95.00,4.75,90.25,SALE
T-500457,MARKETPLACE,12/06/2025,101,S-05,C-1398,2,35.00,0.00,70.00,SALE
T-501184,POS,2025-07-02,P-301,S-01,C-1262,1,2450.00,367.50,2186.62,SALE
T-503252,MARKETPLACE,26/08/2025,203, s-03 ,C-1321,1,75.00,0.00,75.00,SALE
T-501304,POS,2025-07-05,P-101,S-05,C-1003,1,35.00,0.00,35.00,SALE
T-500252-R,POS,2025-06-07,P-202,S-01,C-1071,-2,120.00,24.00,-216.00,SALE
T-503155,POS,2025-08-23,P-302,S-90,C-1106,2,3890.00,389.00,7391.00,SALE
T-502396,APP,2025-08-03,P201,S-02,C-1216,1,95.00,0.00,95.00,SALE
T-500212,POS,2025-06-06,P-203,S-04,C-1101,1,75.00,3.75,71.25,SALE
T-503292,POS,2025-08-26,P-102,S-02,C-1190,1,28.00,1.40,26.60,SALE
T-500502,MARKETPLACE,13/06/2025,101,S-90,N/A,1,35.00,0.00,35.00,SALE
T-500910,MARKETPLACE,24/06/2025,203,S-02,N/A,1,75.00,0.00,75.00,SALE
T-500579,POS,2025-06-16,P-102,S-04,C-1085,1,28.00,0.00,28.00,SALE
T-501455,POS,2025-07-09,P-103,S-90,C-1198,3,45.00,20.25,114.75,SALE
T-501686,POS,2025-07-15,P-301,S-03,N/A,1,2450.00,0.00,2450.00,SALE
T-501609,POS,2025-07-13,P-301, s-90 ,C-1253,1,2450.00,0.00,2450.00,SALE
T-501027,MARKETPLACE,28/06/2025,103,S-05,C-1392,1,45.00,0.00,45.00,SALE
T-501493,POS,2025-07-10,P-102,S-05,C-1064,2,28.00,0.00,56.00,SALE
T-503053,POS,2025-08-20,P-103,S-01,C-1139,1,45.00,0.00,45.00,SALE
T-502154,POS,2025-07-28,P-101,S-01,C-1299,1,35.00,0.00,35.00,SALE
T-500889,POS,2025-06-24,P-101,S-03,C-1329,1,35.00,0.00,35.00,SALE
T-501656,MARKETPLACE,14/07/2025,201,S-02,C-1196,2,95.00,0.00,190.00,SALE
T-501188,POS,2025-07-02,P-301,S-02,C-1354,2,2450.00,245.00,4655.00,SALE
T-501179-R,POS,2025-07-02,P-103,S-03,N/A,-3,45.00,6.75,-128.25,SALE
T-501378-R,APP,2025-07-07,P302, s-02 ,C-1395,1,3890.00,194.50,3695.50,RETURN
T-502751-R,MARKETPLACE,12/08/2025,201,S-01,C-1231,2,95.00,0.00,190.00,RETURN
T-502299,APP,2025-08-01,P103,S-03,C-1034,3,45.00,0.00,135.00,SALE
T-502376-R,POS,2025-08-03,P-102,S-02,C-1381,-1,28.00,0.00,-28.00,SALE
T-502671,APP,2025-08-10,P202,S-88,C-1025,2,120.00,24.00,216.00,SALE
T-500603,POS,2025-06-17,P-102,S-90,N/A,1,28.00,2.80,25.20,SALE
T-500333,POS,2025-06-09,P-302,S-02,C-1218,1,3890.00,0.00,3890.00,SALE
T-501856,POS,2025-07-19,P-102,S-06,C-1327,3,28.00,0.00,84.00,SALE
T-501079,POS,2025-06-29,P-102,S-01,C-1214,3,28.00,0.00,84.00,SALE
T-501701,POS,2025-07-16,P-301,S-02,C-1280,2,2450.00,490.00,4410.00,SALE
T-500532,APP,2025-06-14,P102,S-90,NULL,1,28.00,1.40,26.60,SALE
T-501175,MARKETPLACE,02/07/2025,203,S-90,C-1242,1,75.00,0.00,75.00,SALE
T-502813,POS,2025-08-14,P-302,S-01,C-1222,2,3890.00,389.00,7391.00,SALE
T-501775,POS,2025-07-18,P-302,S-03,C-1235,1,3890.00,389.00,3501.00,SALE
T-500431,POS,2025-06-12,P-301,S-88,C-1323,2,2450.00,0.00,4900.00,SALE
T-503035,APP,2025-08-20,P201,S-02,C-1225,1,95.00,9.50,85.50,SALE
T-502336,APP,2025-08-02,P203,S-02,C-1172,1,75.00,7.50,67.50,SALE
T-502058,POS,2025-07-25,P-102,S-88,N/A,2,28.00,0.00,56.00,SALE
T-500875,POS,2025-06-24,P-103,S-06,C-1336,2,45.00,9.00,81.00,SALE
T-500480,POS,2025-06-13,P-302,S-01,C-1119,1,3890.00,0.00,3890.00,SALE
T-502010,POS,2025-07-23,P-203,S-04,C-1258,1,75.00,11.25,63.75,SALE
T-502024,APP,2025-07-24,P101,S-01,C-1011,1,35.00,0.00,35.00,SALE
T-501649,POS,2025-07-14,P-202,S-90,C-1387,2,120.00,0.00,240.00,SALE
T-502205,MARKETPLACE,29/07/2025,101,S-90,NULL,1,35.00,0.00,35.00,SALE
T-502707,POS,2025-08-11,P-202,S-90,C-1277,2,120.00,12.00,228.00,SALE
T-500457-R,MARKETPLACE,12/06/2025,101,S-05,C-1398,2,35.00,0.00,70.00,RETURN
T-502274,APP,2025-07-31,P201,S-04,C-1078,1,95.00,0.00,95.00,SALE
T-503281,POS,2025-08-26,P-302,S-90,N/A,6,3890.00,0.00,23340.00,SALE
T-500964,POS,2025-06-26,P-201,S-04,C-1360,1,95.00,9.50,85.50,SALE
T-501339,POS,2025-07-06,P-202,S-04,C-1060,1,120.00,12.00,108.00,SALE
T-501712,POS,2025-07-16,P-302,S-06,C-1350,1,3890.00,0.00,4279.00,SALE
T-502144,APP,2025-07-27,P301,S-90,NULL,1,2450.00,0.00,2450.00,SALE
T-502485,POS,2025-08-05,P-201,S-06,C-1000,1,95.00,0.00,95.00,SALE
T-502556,POS,2025-08-07,P-302,S-90,N/A,3,3890.00,0.00,11670.00,SALE
T-501433,APP,2025-07-09,P203,S-90,C-1042,2,75.00,0.00,150.00,SALE
T-500224,POS,2025-06-06,P-203,S-02,C-1021,2,75.00,7.50,142.50,SALE
T-502496,MARKETPLACE,06/08/2025,102,S-04,C-1392,3,28.00,0.00,84.00,SALE
T-501458,POS,2025-07-09,P-101,S-04,C-1055,2,35.00,0.00,70.00,SALE
T-500756,MARKETPLACE,21/06/2025,203,S-04,C-1076,1,75.00,11.25,63.75,SALE
T-500018,POS,2025-06-01,P-201,S-04,C-1272,1,95.00,4.75,99.28,SALE
T-500761,MARKETPLACE,21/06/2025,201,S-90,C-1013,1,95.00,0.00,95.00,SALE
T-501126,APP,2025-06-30,P201,S-03,C-1034,1,95.00,9.50,85.50,SALE
T-502000,POS,2025-07-23,P-102,S-90,C-1015,2,28.00,0.00,56.00,SALE
T-503327,APP,2025-08-27,P202,S-01,C-1204,1,120.00,0.00,120.00,SALE
T-501297,APP,2025-07-05,P202, s-02 ,C-1253,1,120.00,6.00,114.00,SALE
T-503316,APP,2025-08-27,P301,S-02,C-1357,3,2450.00,735.00,7276.50,SALE
T-502814,POS,2025-08-14,P-102,S-03,C-1129,1,28.00,1.40,26.60,SALE
T-502614,MARKETPLACE,09/08/2025,202,S-06,N/A,2,120.00,36.00,204.00,SALE
T-501540,POS,2025-07-11,P-202,S-05,C-1385,3,120.00,0.00,360.00,SALE
T-501165,POS,2025-07-02,P-102, s-05 ,C-1077,1,28.00,0.00,28.00,SALE
T-500217,APP,2025-06-06,P101,S-99,C-1147,3,35.00,0.00,105.00,SALE
T-503052-R,POS,2025-08-20,P-201,S-04,C-1257,-2,95.00,9.50,-180.50,SALE
T-502903,POS,2025-08-16,P-103,S-03,C-1321,1,45.00,6.75,38.25,SALE
T-500363-R,POS,2025-06-10,P-102,S-05,C-1360,-1,28.00,0.00,-28.00,SALE
T-500086,APP,2025-06-03,P302,S-05,C-1309,3,3890.00,0.00,11670.00,SALE
T-503358,POS,2025-08-28,P-302,S-05,C-1002,1,3890.00,0.00,3890.00,SALE
T-501444,APP,2025-07-09,P202, s-90 ,C-1378,1,120.00,0.00,120.00,SALE
T-502409,APP,2025-08-03,P202,S-01,C-1356,1,120.00,0.00,120.00,SALE
T-503007,POS,2025-08-19,P-202,S-03,C-1116,1,120.00,0.00,120.00,SALE
T-503400,POS,2025-08-29,P-102,S-05,C-1286,2,28.00,8.40,47.60,SALE
T-502333,POS,2025-08-02,P-203,S-02,C-1095,3,75.00,0.00,225.00,SALE
T-501559,POS,2025-07-12,P-103,S-02,C-1370,1,45.00,6.75,42.08,SALE
T-500592,POS,2025-06-16,P-201,S-06,C-1049,1,95.00,14.25,80.75,SALE
T-501199,POS,2025-07-03,P-201, s-01 ,C-1081,1,95.00,0.00,95.00,SALE
T-500562-R,APP,2025-06-15,P301,S-06,C-1344,6,2450.00,0.00,14700.00,RETURN
T-501548,APP,2025-07-12,P301,S-90,C-1089,3,2450.00,367.50,6982.50,SALE
T-500556,APP,2025-06-15,P202,S-03,C-1349,1,120.00,12.00,108.00,SALE
T-500133,MARKETPLACE,04/06/2025,202,S-03,C-1285,1,120.00,6.00,114.00,SALE
T-501793,POS,2025-07-18,P-101,S-01,C-1087,2,35.00,0.00,70.00,SALE
T-500432,APP,2025-06-12,P301,S-01,C-1124,1,2450.00,0.00,2450.00,SALE
T-501569,APP,2025-07-12,P201,S-01,C-1201,1,95.00,0.00,95.00,SALE
T-503097,POS,2025-08-21,P-102,S-02,C-1145,1,28.00,1.40,26.60,SALE
T-502433,POS,2025-08-04,P-102,S-88,C-1359,2,28.00,8.40,47.60,SALE
T-501352,POS,2025-07-07,P-202,S-02,NULL,1,120.00,0.00,120.00,SALE
T-500318,POS,2025-06-08,P-301,S-03,C-1375,2,2450.00,0.00,4900.00,SALE
T-502909,POS,2025-08-16,P-203,S-04,N/A,1,75.00,11.25,63.75,SALE
T-500452,MARKETPLACE,12/06/2025,201,S-04,C-1140,2,95.00,0.00,190.00,SALE
T-500403,POS,2025-06-11,P-302,S-90,NULL,1,3890.00,0.00,4084.50,SALE
T-500912,APP,2025-06-25,P102,S-02,C-1323,1,28.00,0.00,28.00,SALE
T-502887,POS,2025-08-16,P-302, s-01 ,C-1377,1,3890.00,389.00,3501.00,SALE
T-500983,POS,2025-06-27,P-101,S-02,C-1205,1,35.00,1.75,33.25,SALE
T-503297,POS,2025-08-27,P-102,S-01,C-1050,2,28.00,8.40,47.60,SALE
T-501754,MARKETPLACE,17/07/2025,101,S-01,C-1019,1,35.00,0.00,35.00,SALE
T-503185,POS,2025-08-24,P-103, s-90 ,C-1185,1,45.00,0.00,45.00,SALE
T-502494,APP,2025-08-05,P203, s-01 ,N/A,1,75.00,0.00,75.00,SALE
T-500804,APP,2025-06-22,P201,S-02,C-1384,6,95.00,0.00,570.00,SALE
T-501638,APP,2025-07-14,P301,S-90,C-1352,2,2450.00,245.00,4887.75,SALE
T-500976,APP,2025-06-26,P201,S-04,C-1042,6,95.00,85.50,484.50,SALE
T-501786,MARKETPLACE,18/07/2025,302,S-05,C-1072,2,3890.00,1167.00,7274.30,SALE
T-502217,APP,2025-07-29,P203,S-05,C-1396,1,75.00,11.25,63.75,SALE
T-501360,APP,2025-07-07,P102,S-01,C-1073,1,28.00,0.00,28.00,SALE
T-501495,MARKETPLACE,10/07/2025,203,S-04,C-1348,1,75.00,7.50,67.50,SALE
T-501720,APP,2025-07-16,P203,S-06,C-1172,1,75.00,0.00,75.00,SALE
T-501329,APP,2025-07-06,P302,S-90,C-1194,2,3890.00,0.00,7780.00,SALE
T-501667,MARKETPLACE,15/07/2025,301,S-04,C-1271,3,2450.00,367.50,6982.50,SALE
T-502809,APP,2025-08-14,P101,S-90,C-1164,1,35.00,0.00,35.00,SALE
T-502374,POS,2025-08-03,P-301,S-01,C-1313,2,2450.00,0.00,4900.00,SALE
T-500107-R,POS,2025-06-03,P-302,S-04,C-1379,-1,3890.00,0.00,-3890.00,SALE
T-502254,POS,2025-07-31,P-301,S-01,C-1319,1,2450.00,367.50,2082.50,SALE
T-502846,APP,2025-08-15,P202,S-06,,1,120.00,6.00,114.00,SALE
T-502614,MARKETPLACE,09/08/2025,202,S-06,N/A,2,120.00,36.00,204.00,SALE
T-501688,POS,2025-07-15,P-102,S-90,C-1182,1,28.00,1.40,26.60,SALE
T-500547,APP,2025-06-15,P202,S-01,N/A,2,120.00,0.00,240.00,SALE
T-502079,POS,2025-07-25,P-103,S-02,C-1393,2,45.00,0.00,90.00,SALE
T-501443,APP,2025-07-09,P203,S-05,C-1205,2,75.00,22.50,127.50,SALE
T-502125,APP,2025-07-27,P302,S-03,C-1233,1,3890.00,0.00,3890.00,SALE
T-502832,APP,2025-08-14,P201,S-02,C-1375,3,95.00,28.50,256.50,SALE
T-502056,APP,2025-07-25,P302,S-03,C-1339,1,3890.00,583.50,3306.50,SALE
T-500458,POS,2025-06-12,P-201,S-90,C-1162,1,95.00,4.75,90.25,SALE
T-501065,APP,2025-06-29,P203,S-03,NULL,1,75.00,11.25,63.75,SALE
T-501200,APP,2025-07-03,P301,S-90,C-1275,1,2450.00,367.50,2082.50,SALE
T-502055,POS,2025-07-25,P-101, s-03 ,C-1053,1,35.00,3.50,28.35,SALE
T-502054,POS,2025-07-25,P-301,S-04,C-1257,2,2450.00,490.00,4410.00,SALE
T-500409,POS,2025-06-11,P-103,S-90,C-1090,2,45.00,0.00,90.00,SALE
T-500012,POS,2025-06-01,P-101,S-06,C-1317,1,35.00,0.00,35.00,SALE
T-503226,POS,2025-08-25,P-203,S-05,C-1024,2,75.00,0.00,150.00,SALE
T-500897,APP,2025-06-24,P103,S-04,C-1215,2,45.00,13.50,76.50,SALE
T-500807,POS,2025-06-22,P-203,S-05,C-1266,3,75.00,0.00,225.00,SALE
T-502455,MARKETPLACE,04/08/2025,103,S-04,C-1168,1,45.00,0.00,45.00,SALE
T-501544,POS,2025-07-12,P-201, s-90 ,C-1040,1,95.00,0.00,95.00,SALE
T-501073,MARKETPLACE,29/06/2025,202,S-02,C-1105,2,120.00,24.00,216.00,SALE
T-502273,POS,2025-07-31,P-102,S-02,C-1000,3,28.00,0.00,84.00,SALE
T-500191,POS,2025-06-05,P-302,S-06,NULL,2,3890.00,0.00,7780.00,SALE
T-501661,APP,2025-07-15,P203,S-02,C-1333,1,75.00,0.00,75.00,SALE
T-503238,POS,2025-08-25,P-201,S-90,C-1137,1,95.00,0.00,95.00,SALE
